date,value,unit,source,frequency,vintage_date
2010-01-04,79.05,USD/thùng,FRED,D,2026-10-07
2010-01-05,79.27,USD/thùng,FRED,D,2026-10-07
2010-01-06,80.14,USD/thùng,FRED,D,2026-10-07
2010-01-07,80.57,USD/thùng,FRED,D,2026-10-07
2010-01-08,80.06,USD/thùng,FRED,D,2026-10-07
2010-01-11,80.14,USD/thùng,FRED,D,2026-10-07
2010-01-12,79.38,USD/thùng,FRED,D,2026-10-07
2010-01-13,77.57,USD/thùng,FRED,D,2026-10-07
2010-01-14,77.61,USD/thùng,FRED,D,2026-10-07
2010-01-15,76.85,USD/thùng,FRED,D,2026-10-07
2010-01-19,75.18,USD/thùng,FRED,D,2026-10-07
2010-01-20,75.09,USD/thùng,FRED,D,2026-10-07
2010-01-21,74.13,USD/thùng,FRED,D,2026-10-07
2010-01-22,72.73,USD/thùng,FRED,D,2026-10-07
2010-01-25,72.18,USD/thùng,FRED,D,2026-10-07
2010-01-26,72.63,USD/thùng,FRED,D,2026-10-07
2010-01-27,72.75,USD/thùng,FRED,D,2026-10-07
2010-01-28,70.65,USD/thùng,FRED,D,2026-10-07
2010-01-29,71.2,USD/thùng,FRED,D,2026-10-07
2010-02-01,71.58,USD/thùng,FRED,D,2026-10-07
2010-02-02,73.94,USD/thùng,FRED,D,2026-10-07
2010-02-03,75.77,USD/thùng,FRED,D,2026-10-07
2010-02-04,71.3,USD/thùng,FRED,D,2026-10-07
2010-02-05,70.11,USD/thùng,FRED,D,2026-10-07
2010-02-08,69.62,USD/thùng,FRED,D,2026-10-07
2010-02-09,70.4,USD/thùng,FRED,D,2026-10-07
2010-02-10,70.4,USD/thùng,FRED,D,2026-10-07
2010-02-11,72.35,USD/thùng,FRED,D,2026-10-07
2010-02-12,71.49,USD/thùng,FRED,D,2026-10-07
2010-02-16,74.82,USD/thùng,FRED,D,2026-10-07
2010-02-17,74.89,USD/thùng,FRED,D,2026-10-07
2010-02-18,76.61,USD/thùng,FRED,D,2026-10-07
2010-02-19,76.88,USD/thùng,FRED,D,2026-10-07
2010-02-22,76.95,USD/thùng,FRED,D,2026-10-07
2010-02-23,76.44,USD/thùng,FRED,D,2026-10-07
2010-02-24,77.0,USD/thùng,FRED,D,2026-10-07
2010-02-25,74.38,USD/thùng,FRED,D,2026-10-07
2010-02-26,76.36,USD/thùng,FRED,D,2026-10-07
2010-03-01,76.07,USD/thùng,FRED,D,2026-10-07
2010-03-02,77.5,USD/thùng,FRED,D,2026-10-07
2010-03-03,78.66,USD/thùng,FRED,D,2026-10-07
2010-03-04,77.88,USD/thùng,FRED,D,2026-10-07
2010-03-05,79.2,USD/thùng,FRED,D,2026-10-07
2010-03-08,78.94,USD/thùng,FRED,D,2026-10-07
2010-03-09,78.77,USD/thùng,FRED,D,2026-10-07
2010-03-10,80.29,USD/thùng,FRED,D,2026-10-07
2010-03-11,79.44,USD/thùng,FRED,D,2026-10-07
2010-03-12,79.38,USD/thùng,FRED,D,2026-10-07
2010-03-15,77.08,USD/thùng,FRED,D,2026-10-07
2010-03-16,79.45,USD/thùng,FRED,D,2026-10-07
2010-03-17,80.28,USD/thùng,FRED,D,2026-10-07
2010-03-18,80.09,USD/thùng,FRED,D,2026-10-07
2010-03-19,78.37,USD/thùng,FRED,D,2026-10-07
2010-03-22,78.09,USD/thùng,FRED,D,2026-10-07
2010-03-23,79.17,USD/thùng,FRED,D,2026-10-07
2010-03-24,78.03,USD/thùng,FRED,D,2026-10-07
2010-03-25,78.64,USD/thùng,FRED,D,2026-10-07
2010-03-26,77.98,USD/thùng,FRED,D,2026-10-07
2010-03-29,79.89,USD/thùng,FRED,D,2026-10-07
2010-03-30,79.46,USD/thùng,FRED,D,2026-10-07
2010-03-31,80.37,USD/thùng,FRED,D,2026-10-07
2010-04-01,82.63,USD/thùng,FRED,D,2026-10-07
2010-04-05,84.48,USD/thùng,FRED,D,2026-10-07
2010-04-06,85.05,USD/thùng,FRED,D,2026-10-07
2010-04-07,84.49,USD/thùng,FRED,D,2026-10-07
2010-04-08,82.63,USD/thùng,FRED,D,2026-10-07
2010-04-09,82.77,USD/thùng,FRED,D,2026-10-07
2010-04-12,85.21,USD/thùng,FRED,D,2026-10-07
2010-04-13,83.44,USD/thùng,FRED,D,2026-10-07
2010-04-14,85.81,USD/thùng,FRED,D,2026-10-07
2010-04-15,86.9,USD/thùng,FRED,D,2026-10-07
2010-04-16,84.81,USD/thùng,FRED,D,2026-10-07
2010-04-19,83.09,USD/thùng,FRED,D,2026-10-07
2010-04-20,84.73,USD/thùng,FRED,D,2026-10-07
2010-04-21,84.55,USD/thùng,FRED,D,2026-10-07
2010-04-22,84.58,USD/thùng,FRED,D,2026-10-07
2010-04-23,86.09,USD/thùng,FRED,D,2026-10-07
2010-04-26,86.72,USD/thùng,FRED,D,2026-10-07
2010-04-27,85.59,USD/thùng,FRED,D,2026-10-07
2010-04-28,84.59,USD/thùng,FRED,D,2026-10-07
2010-04-29,86.82,USD/thùng,FRED,D,2026-10-07
2010-04-30,86.19,USD/thùng,FRED,D,2026-10-07
2010-05-03,88.09,USD/thùng,FRED,D,2026-10-07
2010-05-04,85.39,USD/thùng,FRED,D,2026-10-07
2010-05-05,82.31,USD/thùng,FRED,D,2026-10-07
2010-05-06,80.21,USD/thùng,FRED,D,2026-10-07
2010-05-07,76.48,USD/thùng,FRED,D,2026-10-07
2010-05-10,78.08,USD/thùng,FRED,D,2026-10-07
2010-05-11,79.0,USD/thùng,FRED,D,2026-10-07
2010-05-12,78.7,USD/thùng,FRED,D,2026-10-07
2010-05-13,79.41,USD/thùng,FRED,D,2026-10-07
2010-05-14,76.43,USD/thùng,FRED,D,2026-10-07
2010-05-17,73.87,USD/thùng,FRED,D,2026-10-07
2010-05-18,75.12,USD/thùng,FRED,D,2026-10-07
2010-05-19,71.86,USD/thùng,FRED,D,2026-10-07
2010-05-20,69.56,USD/thùng,FRED,D,2026-10-07
2010-05-21,70.45,USD/thùng,FRED,D,2026-10-07
2010-05-24,69.62,USD/thùng,FRED,D,2026-10-07
2010-05-25,67.18,USD/thùng,FRED,D,2026-10-07
2010-05-26,70.59,USD/thùng,FRED,D,2026-10-07
2010-05-27,73.56,USD/thùng,FRED,D,2026-10-07
2010-05-28,73.0,USD/thùng,FRED,D,2026-10-07
2010-06-01,73.08,USD/thùng,FRED,D,2026-10-07
2010-06-02,72.78,USD/thùng,FRED,D,2026-10-07
2010-06-03,73.12,USD/thùng,FRED,D,2026-10-07
2010-06-04,71.84,USD/thùng,FRED,D,2026-10-07
2010-06-07,71.09,USD/thùng,FRED,D,2026-10-07
2010-06-08,71.43,USD/thùng,FRED,D,2026-10-07
2010-06-09,73.68,USD/thùng,FRED,D,2026-10-07
2010-06-10,74.33,USD/thùng,FRED,D,2026-10-07
2010-06-11,73.28,USD/thùng,FRED,D,2026-10-07
2010-06-14,75.11,USD/thùng,FRED,D,2026-10-07
2010-06-15,75.29,USD/thùng,FRED,D,2026-10-07
2010-06-16,76.12,USD/thùng,FRED,D,2026-10-07
2010-06-17,77.52,USD/thùng,FRED,D,2026-10-07
2010-06-18,77.05,USD/thùng,FRED,D,2026-10-07
2010-06-21,78.53,USD/thùng,FRED,D,2026-10-07
2010-06-22,78.08,USD/thùng,FRED,D,2026-10-07
2010-06-23,75.22,USD/thùng,FRED,D,2026-10-07
2010-06-24,75.17,USD/thùng,FRED,D,2026-10-07
2010-06-25,76.21,USD/thùng,FRED,D,2026-10-07
2010-06-28,76.66,USD/thùng,FRED,D,2026-10-07
2010-06-29,74.21,USD/thùng,FRED,D,2026-10-07
2010-06-30,74.94,USD/thùng,FRED,D,2026-10-07
2010-07-01,71.73,USD/thùng,FRED,D,2026-10-07
2010-07-02,71.75,USD/thùng,FRED,D,2026-10-07
2010-07-06,73.08,USD/thùng,FRED,D,2026-10-07
2010-07-07,72.97,USD/thùng,FRED,D,2026-10-07
2010-07-08,74.56,USD/thùng,FRED,D,2026-10-07
2010-07-09,75.2,USD/thùng,FRED,D,2026-10-07
2010-07-12,74.35,USD/thùng,FRED,D,2026-10-07
2010-07-13,76.45,USD/thùng,FRED,D,2026-10-07
2010-07-14,76.63,USD/thùng,FRED,D,2026-10-07
2010-07-15,75.52,USD/thùng,FRED,D,2026-10-07
2010-07-16,75.55,USD/thùng,FRED,D,2026-10-07
2010-07-19,76.29,USD/thùng,FRED,D,2026-10-07
2010-07-20,76.31,USD/thùng,FRED,D,2026-10-07
2010-07-21,75.75,USD/thùng,FRED,D,2026-10-07
2010-07-22,77.59,USD/thùng,FRED,D,2026-10-07
2010-07-23,77.27,USD/thùng,FRED,D,2026-10-07
2010-07-26,77.9,USD/thùng,FRED,D,2026-10-07
2010-07-27,75.52,USD/thùng,FRED,D,2026-10-07
2010-07-28,76.66,USD/thùng,FRED,D,2026-10-07
2010-07-29,78.6,USD/thùng,FRED,D,2026-10-07
2010-07-30,77.5,USD/thùng,FRED,D,2026-10-07
2010-08-02,81.93,USD/thùng,FRED,D,2026-10-07
2010-08-03,83.6,USD/thùng,FRED,D,2026-10-07
2010-08-04,83.76,USD/thùng,FRED,D,2026-10-07
2010-08-05,82.9,USD/thùng,FRED,D,2026-10-07
2010-08-06,81.28,USD/thùng,FRED,D,2026-10-07
2010-08-09,81.54,USD/thùng,FRED,D,2026-10-07
2010-08-10,79.89,USD/thùng,FRED,D,2026-10-07
2010-08-11,77.83,USD/thùng,FRED,D,2026-10-07
2010-08-12,76.63,USD/thùng,FRED,D,2026-10-07
2010-08-13,75.14,USD/thùng,FRED,D,2026-10-07
2010-08-16,74.56,USD/thùng,FRED,D,2026-10-07
2010-08-17,76.74,USD/thùng,FRED,D,2026-10-07
2010-08-18,75.1,USD/thùng,FRED,D,2026-10-07
2010-08-19,74.84,USD/thùng,FRED,D,2026-10-07
2010-08-20,73.48,USD/thùng,FRED,D,2026-10-07
2010-08-23,73.08,USD/thùng,FRED,D,2026-10-07
2010-08-24,70.61,USD/thùng,FRED,D,2026-10-07
2010-08-25,70.74,USD/thùng,FRED,D,2026-10-07
2010-08-26,74.5,USD/thùng,FRED,D,2026-10-07
2010-08-27,75.16,USD/thùng,FRED,D,2026-10-07
2010-08-30,76.05,USD/thùng,FRED,D,2026-10-07
2010-08-31,75.51,USD/thùng,FRED,D,2026-10-07
2010-09-01,75.53,USD/thùng,FRED,D,2026-10-07
2010-09-02,74.93,USD/thùng,FRED,D,2026-10-07
2010-09-03,75.03,USD/thùng,FRED,D,2026-10-07
2010-09-07,75.78,USD/thùng,FRED,D,2026-10-07
2010-09-08,77.48,USD/thùng,FRED,D,2026-10-07
2010-09-09,77.87,USD/thùng,FRED,D,2026-10-07
2010-09-10,77.54,USD/thùng,FRED,D,2026-10-07
2010-09-13,78.52,USD/thùng,FRED,D,2026-10-07
2010-09-14,78.89,USD/thùng,FRED,D,2026-10-07
2010-09-15,78.46,USD/thùng,FRED,D,2026-10-07
2010-09-16,78.89,USD/thùng,FRED,D,2026-10-07
2010-09-17,77.43,USD/thùng,FRED,D,2026-10-07
2010-09-20,79.42,USD/thùng,FRED,D,2026-10-07
2010-09-21,78.76,USD/thùng,FRED,D,2026-10-07
2010-09-22,77.29,USD/thùng,FRED,D,2026-10-07
2010-09-23,77.69,USD/thùng,FRED,D,2026-10-07
2010-09-24,78.73,USD/thùng,FRED,D,2026-10-07
2010-09-27,77.71,USD/thùng,FRED,D,2026-10-07
2010-09-28,79.14,USD/thùng,FRED,D,2026-10-07
2010-09-29,78.79,USD/thùng,FRED,D,2026-10-07
2010-09-30,80.77,USD/thùng,FRED,D,2026-10-07
2010-10-01,82.69,USD/thùng,FRED,D,2026-10-07
2010-10-04,83.42,USD/thùng,FRED,D,2026-10-07
2010-10-05,83.35,USD/thùng,FRED,D,2026-10-07
2010-10-06,85.01,USD/thùng,FRED,D,2026-10-07
2010-10-07,83.67,USD/thùng,FRED,D,2026-10-07
2010-10-08,83.88,USD/thùng,FRED,D,2026-10-07
2010-10-11,83.08,USD/thùng,FRED,D,2026-10-07
2010-10-12,82.99,USD/thùng,FRED,D,2026-10-07
2010-10-13,84.01,USD/thùng,FRED,D,2026-10-07
2010-10-14,83.55,USD/thùng,FRED,D,2026-10-07
2010-10-15,81.94,USD/thùng,FRED,D,2026-10-07
2010-10-18,82.3,USD/thùng,FRED,D,2026-10-07
2010-10-19,81.12,USD/thùng,FRED,D,2026-10-07
2010-10-20,81.68,USD/thùng,FRED,D,2026-10-07
2010-10-21,81.28,USD/thùng,FRED,D,2026-10-07
2010-10-22,80.75,USD/thùng,FRED,D,2026-10-07
2010-10-25,81.91,USD/thùng,FRED,D,2026-10-07
2010-10-26,82.62,USD/thùng,FRED,D,2026-10-07
2010-10-27,81.27,USD/thùng,FRED,D,2026-10-07
2010-10-28,82.97,USD/thùng,FRED,D,2026-10-07
2010-10-29,82.47,USD/thùng,FRED,D,2026-10-07
2010-11-01,84.06,USD/thùng,FRED,D,2026-10-07
2010-11-02,84.71,USD/thùng,FRED,D,2026-10-07
2010-11-03,85.33,USD/thùng,FRED,D,2026-10-07
2010-11-04,86.83,USD/thùng,FRED,D,2026-10-07
2010-11-05,87.05,USD/thùng,FRED,D,2026-10-07
2010-11-08,87.15,USD/thùng,FRED,D,2026-10-07
2010-11-09,87.93,USD/thùng,FRED,D,2026-10-07
2010-11-10,87.92,USD/thùng,FRED,D,2026-10-07
2010-11-11,88.08,USD/thùng,FRED,D,2026-10-07
2010-11-12,86.07,USD/thùng,FRED,D,2026-10-07
2010-11-15,85.49,USD/thùng,FRED,D,2026-10-07
2010-11-16,83.98,USD/thùng,FRED,D,2026-10-07
2010-11-17,83.36,USD/thùng,FRED,D,2026-10-07
2010-11-18,83.7,USD/thùng,FRED,D,2026-10-07
2010-11-19,83.17,USD/thùng,FRED,D,2026-10-07
2010-11-22,82.34,USD/thùng,FRED,D,2026-10-07
2010-11-23,82.37,USD/thùng,FRED,D,2026-10-07
2010-11-24,84.53,USD/thùng,FRED,D,2026-10-07
2010-11-26,84.78,USD/thùng,FRED,D,2026-10-07
2010-11-29,85.9,USD/thùng,FRED,D,2026-10-07
2010-11-30,86.02,USD/thùng,FRED,D,2026-10-07
2010-12-01,88.56,USD/thùng,FRED,D,2026-10-07
2010-12-02,89.37,USD/thùng,FRED,D,2026-10-07
2010-12-03,90.65,USD/thùng,FRED,D,2026-10-07
2010-12-06,91.25,USD/thùng,FRED,D,2026-10-07
2010-12-07,90.78,USD/thùng,FRED,D,2026-10-07
2010-12-08,89.74,USD/thùng,FRED,D,2026-10-07
2010-12-09,89.93,USD/thùng,FRED,D,2026-10-07
2010-12-10,89.54,USD/thùng,FRED,D,2026-10-07
2010-12-13,90.4,USD/thùng,FRED,D,2026-10-07
2010-12-14,90.63,USD/thùng,FRED,D,2026-10-07
2010-12-15,91.33,USD/thùng,FRED,D,2026-10-07
2010-12-16,91.09,USD/thùng,FRED,D,2026-10-07
2010-12-17,91.11,USD/thùng,FRED,D,2026-10-07
2010-12-20,91.31,USD/thùng,FRED,D,2026-10-07
2010-12-21,93.11,USD/thùng,FRED,D,2026-10-07
2010-12-22,93.55,USD/thùng,FRED,D,2026-10-07
2010-12-23,93.63,USD/thùng,FRED,D,2026-10-07
2010-12-27,93.08,USD/thùng,FRED,D,2026-10-07
2010-12-28,93.52,USD/thùng,FRED,D,2026-10-07
2010-12-29,93.52,USD/thùng,FRED,D,2026-10-07
2010-12-30,92.5,USD/thùng,FRED,D,2026-10-07
2010-12-31,93.23,USD/thùng,FRED,D,2026-10-07
2011-01-03,95.82,USD/thùng,FRED,D,2026-10-07
2011-01-04,93.52,USD/thùng,FRED,D,2026-10-07
2011-01-05,95.07,USD/thùng,FRED,D,2026-10-07
2011-01-06,94.95,USD/thùng,FRED,D,2026-10-07
2011-01-07,94.25,USD/thùng,FRED,D,2026-10-07
2011-01-10,95.05,USD/thùng,FRED,D,2026-10-07
2011-01-11,96.8,USD/thùng,FRED,D,2026-10-07
2011-01-12,97.86,USD/thùng,FRED,D,2026-10-07
2011-01-13,97.86,USD/thùng,FRED,D,2026-10-07
2011-01-14,97.86,USD/thùng,FRED,D,2026-10-07
2011-01-18,97.83,USD/thùng,FRED,D,2026-10-07
2011-01-19,98.42,USD/thùng,FRED,D,2026-10-07
2011-01-20,96.27,USD/thùng,FRED,D,2026-10-07
2011-01-21,96.84,USD/thùng,FRED,D,2026-10-07
2011-01-24,96.76,USD/thùng,FRED,D,2026-10-07
2011-01-25,96.76,USD/thùng,FRED,D,2026-10-07
2011-01-26,96.04,USD/thùng,FRED,D,2026-10-07
2011-01-27,96.48,USD/thùng,FRED,D,2026-10-07
2011-01-28,97.06,USD/thùng,FRED,D,2026-10-07
2011-01-31,98.97,USD/thùng,FRED,D,2026-10-07
2011-02-01,100.4,USD/thùng,FRED,D,2026-10-07
2011-02-02,101.3,USD/thùng,FRED,D,2026-10-07
2011-02-03,101.69,USD/thùng,FRED,D,2026-10-07
2011-02-04,99.43,USD/thùng,FRED,D,2026-10-07
2011-02-07,99.44,USD/thùng,FRED,D,2026-10-07
2011-02-08,99.25,USD/thùng,FRED,D,2026-10-07
2011-02-09,100.16,USD/thùng,FRED,D,2026-10-07
2011-02-10,100.74,USD/thùng,FRED,D,2026-10-07
2011-02-11,99.93,USD/thùng,FRED,D,2026-10-07
2011-02-14,103.12,USD/thùng,FRED,D,2026-10-07
2011-02-15,102.48,USD/thùng,FRED,D,2026-10-07
2011-02-16,102.78,USD/thùng,FRED,D,2026-10-07
2011-02-17,103.45,USD/thùng,FRED,D,2026-10-07
2011-02-18,102.2,USD/thùng,FRED,D,2026-10-07
2011-02-22,106.82,USD/thùng,FRED,D,2026-10-07
2011-02-23,109.77,USD/thùng,FRED,D,2026-10-07
2011-02-24,113.91,USD/thùng,FRED,D,2026-10-07
2011-02-25,111.47,USD/thùng,FRED,D,2026-10-07
2011-02-28,112.27,USD/thùng,FRED,D,2026-10-07
2011-03-01,113.34,USD/thùng,FRED,D,2026-10-07
2011-03-02,116.89,USD/thùng,FRED,D,2026-10-07
2011-03-03,114.42,USD/thùng,FRED,D,2026-10-07
2011-03-04,115.71,USD/thùng,FRED,D,2026-10-07
2011-03-07,116.58,USD/thùng,FRED,D,2026-10-07
2011-03-08,112.32,USD/thùng,FRED,D,2026-10-07
2011-03-09,115.19,USD/thùng,FRED,D,2026-10-07
2011-03-10,114.07,USD/thùng,FRED,D,2026-10-07
2011-03-11,114.07,USD/thùng,FRED,D,2026-10-07
2011-03-14,112.95,USD/thùng,FRED,D,2026-10-07
2011-03-15,111.11,USD/thùng,FRED,D,2026-10-07
2011-03-16,110.96,USD/thùng,FRED,D,2026-10-07
2011-03-17,114.18,USD/thùng,FRED,D,2026-10-07
2011-03-18,114.13,USD/thùng,FRED,D,2026-10-07
2011-03-21,114.92,USD/thùng,FRED,D,2026-10-07
2011-03-22,115.63,USD/thùng,FRED,D,2026-10-07
2011-03-23,115.65,USD/thùng,FRED,D,2026-10-07
2011-03-24,115.41,USD/thùng,FRED,D,2026-10-07
2011-03-25,115.45,USD/thùng,FRED,D,2026-10-07
2011-03-28,115.95,USD/thùng,FRED,D,2026-10-07
2011-03-29,115.58,USD/thùng,FRED,D,2026-10-07
2011-03-30,115.35,USD/thùng,FRED,D,2026-10-07
2011-03-31,116.94,USD/thùng,FRED,D,2026-10-07
2011-04-01,118.63,USD/thùng,FRED,D,2026-10-07
2011-04-04,120.07,USD/thùng,FRED,D,2026-10-07
2011-04-05,122.87,USD/thùng,FRED,D,2026-10-07
2011-04-06,123.01,USD/thùng,FRED,D,2026-10-07
2011-04-07,122.9,USD/thùng,FRED,D,2026-10-07
2011-04-08,126.3,USD/thùng,FRED,D,2026-10-07
2011-04-11,126.46,USD/thùng,FRED,D,2026-10-07
2011-04-12,121.33,USD/thùng,FRED,D,2026-10-07
2011-04-13,122.7,USD/thùng,FRED,D,2026-10-07
2011-04-14,122.74,USD/thùng,FRED,D,2026-10-07
2011-04-15,124.63,USD/thùng,FRED,D,2026-10-07
2011-04-18,121.69,USD/thùng,FRED,D,2026-10-07
2011-04-19,121.35,USD/thùng,FRED,D,2026-10-07
2011-04-20,124.26,USD/thùng,FRED,D,2026-10-07
2011-04-21,123.64,USD/thùng,FRED,D,2026-10-07
2011-04-26,124.55,USD/thùng,FRED,D,2026-10-07
2011-04-27,124.94,USD/thùng,FRED,D,2026-10-07
2011-04-28,126.59,USD/thùng,FRED,D,2026-10-07
2011-05-02,126.64,USD/thùng,FRED,D,2026-10-07
2011-05-03,124.01,USD/thùng,FRED,D,2026-10-07
2011-05-04,121.55,USD/thùng,FRED,D,2026-10-07
2011-05-05,111.93,USD/thùng,FRED,D,2026-10-07
2011-05-06,113.69,USD/thùng,FRED,D,2026-10-07
2011-05-09,113.21,USD/thùng,FRED,D,2026-10-07
2011-05-10,117.82,USD/thùng,FRED,D,2026-10-07
2011-05-11,115.66,USD/thùng,FRED,D,2026-10-07
2011-05-12,112.87,USD/thùng,FRED,D,2026-10-07
2011-05-13,113.08,USD/thùng,FRED,D,2026-10-07
2011-05-16,113.72,USD/thùng,FRED,D,2026-10-07
2011-05-17,109.39,USD/thùng,FRED,D,2026-10-07
2011-05-18,112.54,USD/thùng,FRED,D,2026-10-07
2011-05-19,113.2,USD/thùng,FRED,D,2026-10-07
2011-05-20,111.25,USD/thùng,FRED,D,2026-10-07
2011-05-23,110.13,USD/thùng,FRED,D,2026-10-07
2011-05-24,112.52,USD/thùng,FRED,D,2026-10-07
2011-05-25,114.47,USD/thùng,FRED,D,2026-10-07
2011-05-26,115.06,USD/thùng,FRED,D,2026-10-07
2011-05-27,114.85,USD/thùng,FRED,D,2026-10-07
2011-05-31,117.18,USD/thùng,FRED,D,2026-10-07
2011-06-01,116.15,USD/thùng,FRED,D,2026-10-07
2011-06-02,114.3,USD/thùng,FRED,D,2026-10-07
2011-06-03,115.09,USD/thùng,FRED,D,2026-10-07
2011-06-06,115.4,USD/thùng,FRED,D,2026-10-07
2011-06-07,116.14,USD/thùng,FRED,D,2026-10-07
2011-06-08,118.43,USD/thùng,FRED,D,2026-10-07
2011-06-09,119.95,USD/thùng,FRED,D,2026-10-07
2011-06-10,118.71,USD/thùng,FRED,D,2026-10-07
2011-06-13,120.49,USD/thùng,FRED,D,2026-10-07
2011-06-14,120.35,USD/thùng,FRED,D,2026-10-07
2011-06-15,114.67,USD/thùng,FRED,D,2026-10-07
2011-06-16,114.69,USD/thùng,FRED,D,2026-10-07
2011-06-17,113.74,USD/thùng,FRED,D,2026-10-07
2011-06-20,112.21,USD/thùng,FRED,D,2026-10-07
2011-06-21,112.02,USD/thùng,FRED,D,2026-10-07
2011-06-22,113.59,USD/thùng,FRED,D,2026-10-07
2011-06-23,108.27,USD/thùng,FRED,D,2026-10-07
2011-06-24,104.79,USD/thùng,FRED,D,2026-10-07
2011-06-27,104.57,USD/thùng,FRED,D,2026-10-07
2011-06-28,107.57,USD/thùng,FRED,D,2026-10-07
2011-06-29,111.49,USD/thùng,FRED,D,2026-10-07
2011-06-30,111.71,USD/thùng,FRED,D,2026-10-07
2011-07-01,109.82,USD/thùng,FRED,D,2026-10-07
2011-07-05,113.21,USD/thùng,FRED,D,2026-10-07
2011-07-06,113.55,USD/thùng,FRED,D,2026-10-07
2011-07-07,117.4,USD/thùng,FRED,D,2026-10-07
2011-07-08,117.4,USD/thùng,FRED,D,2026-10-07
2011-07-11,117.35,USD/thùng,FRED,D,2026-10-07
2011-07-12,117.36,USD/thùng,FRED,D,2026-10-07
2011-07-13,118.46,USD/thùng,FRED,D,2026-10-07
2011-07-14,117.38,USD/thùng,FRED,D,2026-10-07
2011-07-15,118.06,USD/thùng,FRED,D,2026-10-07
2011-07-18,117.05,USD/thùng,FRED,D,2026-10-07
2011-07-19,118.18,USD/thùng,FRED,D,2026-10-07
2011-07-20,118.52,USD/thùng,FRED,D,2026-10-07
2011-07-21,118.25,USD/thùng,FRED,D,2026-10-07
2011-07-22,118.99,USD/thùng,FRED,D,2026-10-07
2011-07-25,118.27,USD/thùng,FRED,D,2026-10-07
2011-07-26,118.14,USD/thùng,FRED,D,2026-10-07
2011-07-27,117.99,USD/thùng,FRED,D,2026-10-07
2011-07-28,118.16,USD/thùng,FRED,D,2026-10-07
2011-07-29,115.93,USD/thùng,FRED,D,2026-10-07
2011-08-01,116.37,USD/thùng,FRED,D,2026-10-07
2011-08-02,116.02,USD/thùng,FRED,D,2026-10-07
2011-08-03,113.74,USD/thùng,FRED,D,2026-10-07
2011-08-04,110.22,USD/thùng,FRED,D,2026-10-07
2011-08-05,106.92,USD/thùng,FRED,D,2026-10-07
2011-08-08,103.06,USD/thùng,FRED,D,2026-10-07
2011-08-09,103.63,USD/thùng,FRED,D,2026-10-07
2011-08-10,103.84,USD/thùng,FRED,D,2026-10-07
2011-08-11,107.82,USD/thùng,FRED,D,2026-10-07
2011-08-12,108.17,USD/thùng,FRED,D,2026-10-07
2011-08-15,108.89,USD/thùng,FRED,D,2026-10-07
2011-08-16,109.69,USD/thùng,FRED,D,2026-10-07
2011-08-17,111.37,USD/thùng,FRED,D,2026-10-07
2011-08-18,108.36,USD/thùng,FRED,D,2026-10-07
2011-08-19,109.37,USD/thùng,FRED,D,2026-10-07
2011-08-22,108.83,USD/thùng,FRED,D,2026-10-07
2011-08-23,110.35,USD/thùng,FRED,D,2026-10-07
2011-08-24,111.91,USD/thùng,FRED,D,2026-10-07
2011-08-25,111.91,USD/thùng,FRED,D,2026-10-07
2011-08-26,112.29,USD/thùng,FRED,D,2026-10-07
2011-08-30,115.59,USD/thùng,FRED,D,2026-10-07
2011-08-31,116.48,USD/thùng,FRED,D,2026-10-07
2011-09-01,116.43,USD/thùng,FRED,D,2026-10-07
2011-09-02,115.92,USD/thùng,FRED,D,2026-10-07
2011-09-06,113.29,USD/thùng,FRED,D,2026-10-07
2011-09-07,117.5,USD/thùng,FRED,D,2026-10-07
2011-09-08,117.99,USD/thùng,FRED,D,2026-10-07
2011-09-09,115.1,USD/thùng,FRED,D,2026-10-07
2011-09-12,114.75,USD/thùng,FRED,D,2026-10-07
2011-09-13,114.08,USD/thùng,FRED,D,2026-10-07
2011-09-14,113.1,USD/thùng,FRED,D,2026-10-07
2011-09-15,116.71,USD/thùng,FRED,D,2026-10-07
2011-09-16,116.26,USD/thùng,FRED,D,2026-10-07
2011-09-19,112.89,USD/thùng,FRED,D,2026-10-07
2011-09-20,114.39,USD/thùng,FRED,D,2026-10-07
2011-09-21,114.26,USD/thùng,FRED,D,2026-10-07
2011-09-22,109.21,USD/thùng,FRED,D,2026-10-07
2011-09-23,109.17,USD/thùng,FRED,D,2026-10-07
2011-09-26,107.9,USD/thùng,FRED,D,2026-10-07
2011-09-27,109.54,USD/thùng,FRED,D,2026-10-07
2011-09-28,108.52,USD/thùng,FRED,D,2026-10-07
2011-09-29,107.08,USD/thùng,FRED,D,2026-10-07
2011-09-30,105.42,USD/thùng,FRED,D,2026-10-07
2011-10-03,103.61,USD/thùng,FRED,D,2026-10-07
2011-10-04,101.84,USD/thùng,FRED,D,2026-10-07
2011-10-05,103.77,USD/thùng,FRED,D,2026-10-07
2011-10-06,104.38,USD/thùng,FRED,D,2026-10-07
2011-10-07,106.56,USD/thùng,FRED,D,2026-10-07
2011-10-10,109.49,USD/thùng,FRED,D,2026-10-07
2011-10-11,109.22,USD/thùng,FRED,D,2026-10-07
2011-10-12,112.44,USD/thùng,FRED,D,2026-10-07
2011-10-13,112.45,USD/thùng,FRED,D,2026-10-07
2011-10-14,114.33,USD/thùng,FRED,D,2026-10-07
2011-10-17,112.92,USD/thùng,FRED,D,2026-10-07
2011-10-18,112.08,USD/thùng,FRED,D,2026-10-07
2011-10-19,111.76,USD/thùng,FRED,D,2026-10-07
2011-10-20,109.0,USD/thùng,FRED,D,2026-10-07
2011-10-21,111.6,USD/thùng,FRED,D,2026-10-07
2011-10-24,111.67,USD/thùng,FRED,D,2026-10-07
2011-10-25,112.11,USD/thùng,FRED,D,2026-10-07
2011-10-26,110.43,USD/thùng,FRED,D,2026-10-07
2011-10-27,112.45,USD/thùng,FRED,D,2026-10-07
2011-10-28,110.01,USD/thùng,FRED,D,2026-10-07
2011-10-31,108.43,USD/thùng,FRED,D,2026-10-07
2011-11-01,106.97,USD/thùng,FRED,D,2026-10-07
2011-11-02,110.82,USD/thùng,FRED,D,2026-10-07
2011-11-03,110.76,USD/thùng,FRED,D,2026-10-07
2011-11-04,112.22,USD/thùng,FRED,D,2026-10-07
2011-11-07,114.75,USD/thùng,FRED,D,2026-10-07
2011-11-08,115.61,USD/thùng,FRED,D,2026-10-07
2011-11-09,115.29,USD/thùng,FRED,D,2026-10-07
2011-11-10,113.32,USD/thùng,FRED,D,2026-10-07
2011-11-11,114.43,USD/thùng,FRED,D,2026-10-07
2011-11-14,112.57,USD/thùng,FRED,D,2026-10-07
2011-11-15,111.9,USD/thùng,FRED,D,2026-10-07
2011-11-16,111.91,USD/thùng,FRED,D,2026-10-07
2011-11-17,109.25,USD/thùng,FRED,D,2026-10-07
2011-11-18,107.82,USD/thùng,FRED,D,2026-10-07
2011-11-21,105.98,USD/thùng,FRED,D,2026-10-07
2011-11-22,107.77,USD/thùng,FRED,D,2026-10-07
2011-11-23,106.83,USD/thùng,FRED,D,2026-10-07
2011-11-25,106.08,USD/thùng,FRED,D,2026-10-07
2011-11-28,109.38,USD/thùng,FRED,D,2026-10-07
2011-11-29,111.25,USD/thùng,FRED,D,2026-10-07
2011-11-30,111.22,USD/thùng,FRED,D,2026-10-07
2011-12-01,108.83,USD/thùng,FRED,D,2026-10-07
2011-12-02,109.59,USD/thùng,FRED,D,2026-10-07
2011-12-05,110.18,USD/thùng,FRED,D,2026-10-07
2011-12-06,110.16,USD/thùng,FRED,D,2026-10-07
2011-12-07,110.07,USD/thùng,FRED,D,2026-10-07
2011-12-08,108.23,USD/thùng,FRED,D,2026-10-07
2011-12-09,107.91,USD/thùng,FRED,D,2026-10-07
2011-12-12,107.82,USD/thùng,FRED,D,2026-10-07
2011-12-13,109.25,USD/thùng,FRED,D,2026-10-07
2011-12-14,105.72,USD/thùng,FRED,D,2026-10-07
2011-12-15,104.52,USD/thùng,FRED,D,2026-10-07
2011-12-16,104.0,USD/thùng,FRED,D,2026-10-07
2011-12-19,104.55,USD/thùng,FRED,D,2026-10-07
2011-12-20,107.8,USD/thùng,FRED,D,2026-10-07
2011-12-21,108.0,USD/thùng,FRED,D,2026-10-07
2011-12-22,108.98,USD/thùng,FRED,D,2026-10-07
2011-12-23,109.28,USD/thùng,FRED,D,2026-10-07
2011-12-28,107.54,USD/thùng,FRED,D,2026-10-07
2011-12-29,106.89,USD/thùng,FRED,D,2026-10-07
2011-12-30,108.09,USD/thùng,FRED,D,2026-10-07
2012-01-03,111.12,USD/thùng,FRED,D,2026-10-07
2012-01-04,113.37,USD/thùng,FRED,D,2026-10-07
2012-01-05,113.59,USD/thùng,FRED,D,2026-10-07
2012-01-06,111.96,USD/thùng,FRED,D,2026-10-07
2012-01-09,111.07,USD/thùng,FRED,D,2026-10-07
2012-01-10,113.3,USD/thùng,FRED,D,2026-10-07
2012-01-11,111.66,USD/thùng,FRED,D,2026-10-07
2012-01-12,112.97,USD/thùng,FRED,D,2026-10-07
2012-01-13,109.88,USD/thùng,FRED,D,2026-10-07
2012-01-17,110.55,USD/thùng,FRED,D,2026-10-07
2012-01-18,109.81,USD/thùng,FRED,D,2026-10-07
2012-01-19,109.54,USD/thùng,FRED,D,2026-10-07
2012-01-20,108.5,USD/thùng,FRED,D,2026-10-07
2012-01-23,109.46,USD/thùng,FRED,D,2026-10-07
2012-01-24,108.38,USD/thùng,FRED,D,2026-10-07
2012-01-25,108.48,USD/thùng,FRED,D,2026-10-07
2012-01-26,109.08,USD/thùng,FRED,D,2026-10-07
2012-01-27,110.5,USD/thùng,FRED,D,2026-10-07
2012-01-30,110.24,USD/thùng,FRED,D,2026-10-07
2012-01-31,110.26,USD/thùng,FRED,D,2026-10-07
2012-02-01,111.96,USD/thùng,FRED,D,2026-10-07
2012-02-02,110.96,USD/thùng,FRED,D,2026-10-07
2012-02-03,112.56,USD/thùng,FRED,D,2026-10-07
2012-02-06,115.47,USD/thùng,FRED,D,2026-10-07
2012-02-07,116.86,USD/thùng,FRED,D,2026-10-07
2012-02-08,117.18,USD/thùng,FRED,D,2026-10-07
2012-02-09,118.4,USD/thùng,FRED,D,2026-10-07
2012-02-10,118.13,USD/thùng,FRED,D,2026-10-07
2012-02-13,118.73,USD/thùng,FRED,D,2026-10-07
2012-02-14,118.3,USD/thùng,FRED,D,2026-10-07
2012-02-15,120.25,USD/thùng,FRED,D,2026-10-07
2012-02-16,121.0,USD/thùng,FRED,D,2026-10-07
2012-02-17,120.69,USD/thùng,FRED,D,2026-10-07
2012-02-21,120.85,USD/thùng,FRED,D,2026-10-07
2012-02-22,123.07,USD/thùng,FRED,D,2026-10-07
2012-02-23,124.53,USD/thùng,FRED,D,2026-10-07
2012-02-24,124.89,USD/thùng,FRED,D,2026-10-07
2012-02-27,126.46,USD/thùng,FRED,D,2026-10-07
2012-02-28,124.02,USD/thùng,FRED,D,2026-10-07
2012-02-29,122.23,USD/thùng,FRED,D,2026-10-07
2012-03-01,125.76,USD/thùng,FRED,D,2026-10-07
2012-03-02,125.93,USD/thùng,FRED,D,2026-10-07
2012-03-05,126.68,USD/thùng,FRED,D,2026-10-07
2012-03-06,125.03,USD/thùng,FRED,D,2026-10-07
2012-03-07,125.37,USD/thùng,FRED,D,2026-10-07
2012-03-08,127.96,USD/thùng,FRED,D,2026-10-07
2012-03-09,128.08,USD/thùng,FRED,D,2026-10-07
2012-03-12,127.27,USD/thùng,FRED,D,2026-10-07
2012-03-13,128.14,USD/thùng,FRED,D,2026-10-07
2012-03-14,126.98,USD/thùng,FRED,D,2026-10-07
2012-03-15,123.63,USD/thùng,FRED,D,2026-10-07
2012-03-16,125.09,USD/thùng,FRED,D,2026-10-07
2012-03-19,125.76,USD/thùng,FRED,D,2026-10-07
2012-03-20,124.38,USD/thùng,FRED,D,2026-10-07
2012-03-21,123.89,USD/thùng,FRED,D,2026-10-07
2012-03-22,122.49,USD/thùng,FRED,D,2026-10-07
2012-03-23,125.21,USD/thùng,FRED,D,2026-10-07
2012-03-26,125.85,USD/thùng,FRED,D,2026-10-07
2012-03-27,125.25,USD/thùng,FRED,D,2026-10-07
2012-03-28,124.41,USD/thùng,FRED,D,2026-10-07
2012-03-29,123.23,USD/thùng,FRED,D,2026-10-07
2012-03-30,123.41,USD/thùng,FRED,D,2026-10-07
2012-04-02,124.44,USD/thùng,FRED,D,2026-10-07
2012-04-04,123.04,USD/thùng,FRED,D,2026-10-07
2012-04-05,123.58,USD/thùng,FRED,D,2026-10-07
2012-04-10,121.89,USD/thùng,FRED,D,2026-10-07
2012-04-11,120.41,USD/thùng,FRED,D,2026-10-07
2012-04-12,120.57,USD/thùng,FRED,D,2026-10-07
2012-04-13,120.62,USD/thùng,FRED,D,2026-10-07
2012-04-16,118.23,USD/thùng,FRED,D,2026-10-07
2012-04-17,117.41,USD/thùng,FRED,D,2026-10-07
2012-04-18,115.18,USD/thùng,FRED,D,2026-10-07
2012-04-19,117.0,USD/thùng,FRED,D,2026-10-07
2012-04-20,118.08,USD/thùng,FRED,D,2026-10-07
2012-04-23,116.66,USD/thùng,FRED,D,2026-10-07
2012-04-24,117.74,USD/thùng,FRED,D,2026-10-07
2012-04-25,117.45,USD/thùng,FRED,D,2026-10-07
2012-04-26,119.33,USD/thùng,FRED,D,2026-10-07
2012-04-27,119.3,USD/thùng,FRED,D,2026-10-07
2012-04-30,118.66,USD/thùng,FRED,D,2026-10-07
2012-05-01,119.57,USD/thùng,FRED,D,2026-10-07
2012-05-02,117.57,USD/thùng,FRED,D,2026-10-07
2012-05-03,115.91,USD/thùng,FRED,D,2026-10-07
2012-05-04,111.66,USD/thùng,FRED,D,2026-10-07
2012-05-08,110.48,USD/thùng,FRED,D,2026-10-07
2012-05-09,111.89,USD/thùng,FRED,D,2026-10-07
2012-05-10,112.24,USD/thùng,FRED,D,2026-10-07
2012-05-11,112.5,USD/thùng,FRED,D,2026-10-07
2012-05-14,110.79,USD/thùng,FRED,D,2026-10-07
2012-05-15,111.4,USD/thùng,FRED,D,2026-10-07
2012-05-16,109.8,USD/thùng,FRED,D,2026-10-07
2012-05-17,109.31,USD/thùng,FRED,D,2026-10-07
2012-05-18,108.03,USD/thùng,FRED,D,2026-10-07
2012-05-21,109.02,USD/thùng,FRED,D,2026-10-07
2012-05-22,109.76,USD/thùng,FRED,D,2026-10-07
2012-05-23,106.88,USD/thùng,FRED,D,2026-10-07
2012-05-24,107.2,USD/thùng,FRED,D,2026-10-07
2012-05-25,107.86,USD/thùng,FRED,D,2026-10-07
2012-05-29,107.55,USD/thùng,FRED,D,2026-10-07
2012-05-30,103.85,USD/thùng,FRED,D,2026-10-07
2012-05-31,103.86,USD/thùng,FRED,D,2026-10-07
2012-06-01,98.63,USD/thùng,FRED,D,2026-10-07
2012-06-04,97.74,USD/thùng,FRED,D,2026-10-07
2012-06-05,98.65,USD/thùng,FRED,D,2026-10-07
2012-06-06,101.14,USD/thùng,FRED,D,2026-10-07
2012-06-07,100.05,USD/thùng,FRED,D,2026-10-07
2012-06-08,97.57,USD/thùng,FRED,D,2026-10-07
2012-06-11,98.6,USD/thùng,FRED,D,2026-10-07
2012-06-12,96.59,USD/thùng,FRED,D,2026-10-07
2012-06-13,97.29,USD/thùng,FRED,D,2026-10-07
2012-06-14,96.46,USD/thùng,FRED,D,2026-10-07
2012-06-15,97.13,USD/thùng,FRED,D,2026-10-07
2012-06-18,95.21,USD/thùng,FRED,D,2026-10-07
2012-06-19,95.14,USD/thùng,FRED,D,2026-10-07
2012-06-20,93.5,USD/thùng,FRED,D,2026-10-07
2012-06-21,89.22,USD/thùng,FRED,D,2026-10-07
2012-06-22,89.22,USD/thùng,FRED,D,2026-10-07
2012-06-25,88.69,USD/thùng,FRED,D,2026-10-07
2012-06-26,90.19,USD/thùng,FRED,D,2026-10-07
2012-06-27,92.06,USD/thùng,FRED,D,2026-10-07
2012-06-28,91.02,USD/thùng,FRED,D,2026-10-07
2012-06-29,94.17,USD/thùng,FRED,D,2026-10-07
2012-07-02,95.28,USD/thùng,FRED,D,2026-10-07
2012-07-03,99.89,USD/thùng,FRED,D,2026-10-07
2012-07-05,101.54,USD/thùng,FRED,D,2026-10-07
2012-07-06,98.5,USD/thùng,FRED,D,2026-10-07
2012-07-09,99.94,USD/thùng,FRED,D,2026-10-07
2012-07-10,99.15,USD/thùng,FRED,D,2026-10-07
2012-07-11,99.23,USD/thùng,FRED,D,2026-10-07
2012-07-12,99.18,USD/thùng,FRED,D,2026-10-07
2012-07-13,101.91,USD/thùng,FRED,D,2026-10-07
2012-07-16,102.1,USD/thùng,FRED,D,2026-10-07
2012-07-17,104.21,USD/thùng,FRED,D,2026-10-07
2012-07-18,105.92,USD/thùng,FRED,D,2026-10-07
2012-07-19,107.79,USD/thùng,FRED,D,2026-10-07
2012-07-20,106.98,USD/thùng,FRED,D,2026-10-07
2012-07-23,103.91,USD/thùng,FRED,D,2026-10-07
2012-07-24,103.57,USD/thùng,FRED,D,2026-10-07
2012-07-25,102.35,USD/thùng,FRED,D,2026-10-07
2012-07-26,104.77,USD/thùng,FRED,D,2026-10-07
2012-07-27,106.3,USD/thùng,FRED,D,2026-10-07
2012-07-30,106.54,USD/thùng,FRED,D,2026-10-07
2012-07-31,105.93,USD/thùng,FRED,D,2026-10-07
2012-08-01,106.78,USD/thùng,FRED,D,2026-10-07
2012-08-02,107.55,USD/thùng,FRED,D,2026-10-07
2012-08-03,109.57,USD/thùng,FRED,D,2026-10-07
2012-08-06,110.01,USD/thùng,FRED,D,2026-10-07
2012-08-07,112.39,USD/thùng,FRED,D,2026-10-07
2012-08-08,113.42,USD/thùng,FRED,D,2026-10-07
2012-08-09,113.52,USD/thùng,FRED,D,2026-10-07
2012-08-10,113.13,USD/thùng,FRED,D,2026-10-07
2012-08-13,114.48,USD/thùng,FRED,D,2026-10-07
2012-08-14,113.9,USD/thùng,FRED,D,2026-10-07
2012-08-15,115.51,USD/thùng,FRED,D,2026-10-07
2012-08-16,116.12,USD/thùng,FRED,D,2026-10-07
2012-08-17,115.2,USD/thùng,FRED,D,2026-10-07
2012-08-20,115.5,USD/thùng,FRED,D,2026-10-07
2012-08-21,116.03,USD/thùng,FRED,D,2026-10-07
2012-08-22,115.77,USD/thùng,FRED,D,2026-10-07
2012-08-23,117.45,USD/thùng,FRED,D,2026-10-07
2012-08-24,115.76,USD/thùng,FRED,D,2026-10-07
2012-08-27,113.74,USD/thùng,FRED,D,2026-10-07
2012-08-28,112.62,USD/thùng,FRED,D,2026-10-07
2012-08-29,112.53,USD/thùng,FRED,D,2026-10-07
2012-08-30,112.28,USD/thùng,FRED,D,2026-10-07
2012-08-31,113.93,USD/thùng,FRED,D,2026-10-07
2012-09-04,114.98,USD/thùng,FRED,D,2026-10-07
2012-09-05,113.32,USD/thùng,FRED,D,2026-10-07
2012-09-06,114.5,USD/thùng,FRED,D,2026-10-07
2012-09-07,113.64,USD/thùng,FRED,D,2026-10-07
2012-09-10,113.84,USD/thùng,FRED,D,2026-10-07
2012-09-11,114.86,USD/thùng,FRED,D,2026-10-07
2012-09-12,114.86,USD/thùng,FRED,D,2026-10-07
2012-09-13,116.0,USD/thùng,FRED,D,2026-10-07
2012-09-14,117.48,USD/thùng,FRED,D,2026-10-07
2012-09-17,116.7,USD/thùng,FRED,D,2026-10-07
2012-09-18,113.29,USD/thùng,FRED,D,2026-10-07
2012-09-19,108.49,USD/thùng,FRED,D,2026-10-07
2012-09-20,109.41,USD/thùng,FRED,D,2026-10-07
2012-09-21,111.27,USD/thùng,FRED,D,2026-10-07
2012-09-24,109.2,USD/thùng,FRED,D,2026-10-07
2012-09-25,110.77,USD/thùng,FRED,D,2026-10-07
2012-09-26,108.99,USD/thùng,FRED,D,2026-10-07
2012-09-27,111.45,USD/thùng,FRED,D,2026-10-07
2012-09-28,111.36,USD/thùng,FRED,D,2026-10-07
2012-10-01,112.58,USD/thùng,FRED,D,2026-10-07
2012-10-02,112.49,USD/thùng,FRED,D,2026-10-07
2012-10-03,109.32,USD/thùng,FRED,D,2026-10-07
2012-10-04,110.48,USD/thùng,FRED,D,2026-10-07
2012-10-05,112.17,USD/thùng,FRED,D,2026-10-07
2012-10-08,112.6,USD/thùng,FRED,D,2026-10-07
2012-10-09,114.32,USD/thùng,FRED,D,2026-10-07
2012-10-10,116.11,USD/thùng,FRED,D,2026-10-07
2012-10-11,116.18,USD/thùng,FRED,D,2026-10-07
2012-10-12,115.17,USD/thùng,FRED,D,2026-10-07
2012-10-15,115.0,USD/thùng,FRED,D,2026-10-07
2012-10-16,115.0,USD/thùng,FRED,D,2026-10-07
2012-10-17,113.49,USD/thùng,FRED,D,2026-10-07
2012-10-18,112.58,USD/thùng,FRED,D,2026-10-07
2012-10-19,111.89,USD/thùng,FRED,D,2026-10-07
2012-10-22,109.62,USD/thùng,FRED,D,2026-10-07
2012-10-23,107.53,USD/thùng,FRED,D,2026-10-07
2012-10-24,107.66,USD/thùng,FRED,D,2026-10-07
2012-10-25,107.64,USD/thùng,FRED,D,2026-10-07
2012-10-26,108.9,USD/thùng,FRED,D,2026-10-07
2012-10-29,109.33,USD/thùng,FRED,D,2026-10-07
2012-10-30,109.4,USD/thùng,FRED,D,2026-10-07
2012-10-31,109.89,USD/thùng,FRED,D,2026-10-07
2012-11-01,108.84,USD/thùng,FRED,D,2026-10-07
2012-11-02,106.79,USD/thùng,FRED,D,2026-10-07
2012-11-05,105.59,USD/thùng,FRED,D,2026-10-07
2012-11-06,109.27,USD/thùng,FRED,D,2026-10-07
2012-11-07,108.21,USD/thùng,FRED,D,2026-10-07
2012-11-08,107.23,USD/thùng,FRED,D,2026-10-07
2012-11-09,108.61,USD/thùng,FRED,D,2026-10-07
2012-11-12,110.23,USD/thùng,FRED,D,2026-10-07
2012-11-13,108.82,USD/thùng,FRED,D,2026-10-07
2012-11-14,109.66,USD/thùng,FRED,D,2026-10-07
2012-11-15,110.07,USD/thùng,FRED,D,2026-10-07
2012-11-16,106.81,USD/thùng,FRED,D,2026-10-07
2012-11-19,110.06,USD/thùng,FRED,D,2026-10-07
2012-11-20,110.01,USD/thùng,FRED,D,2026-10-07
2012-11-21,110.81,USD/thùng,FRED,D,2026-10-07
2012-11-23,110.14,USD/thùng,FRED,D,2026-10-07
2012-11-26,110.18,USD/thùng,FRED,D,2026-10-07
2012-11-27,109.33,USD/thùng,FRED,D,2026-10-07
2012-11-28,108.26,USD/thùng,FRED,D,2026-10-07
2012-11-29,110.47,USD/thùng,FRED,D,2026-10-07
2012-11-30,110.84,USD/thùng,FRED,D,2026-10-07
2012-12-03,111.27,USD/thùng,FRED,D,2026-10-07
2012-12-04,109.99,USD/thùng,FRED,D,2026-10-07
2012-12-05,108.96,USD/thùng,FRED,D,2026-10-07
2012-12-06,108.01,USD/thùng,FRED,D,2026-10-07
2012-12-07,107.16,USD/thùng,FRED,D,2026-10-07
2012-12-10,108.25,USD/thùng,FRED,D,2026-10-07
2012-12-11,107.6,USD/thùng,FRED,D,2026-10-07
2012-12-12,110.17,USD/thùng,FRED,D,2026-10-07
2012-12-13,110.18,USD/thùng,FRED,D,2026-10-07
2012-12-14,109.28,USD/thùng,FRED,D,2026-10-07
2012-12-17,109.35,USD/thùng,FRED,D,2026-10-07
2012-12-18,109.96,USD/thùng,FRED,D,2026-10-07
2012-12-19,109.95,USD/thùng,FRED,D,2026-10-07
2012-12-20,110.57,USD/thùng,FRED,D,2026-10-07
2012-12-21,109.13,USD/thùng,FRED,D,2026-10-07
2012-12-24,108.44,USD/thùng,FRED,D,2026-10-07
2012-12-26,110.72,USD/thùng,FRED,D,2026-10-07
2012-12-27,110.04,USD/thùng,FRED,D,2026-10-07
2012-12-28,110.05,USD/thùng,FRED,D,2026-10-07
2012-12-31,110.8,USD/thùng,FRED,D,2026-10-07
2013-01-02,112.98,USD/thùng,FRED,D,2026-10-07
2013-01-03,113.03,USD/thùng,FRED,D,2026-10-07
2013-01-04,112.58,USD/thùng,FRED,D,2026-10-07
2013-01-07,112.49,USD/thùng,FRED,D,2026-10-07
2013-01-08,113.03,USD/thùng,FRED,D,2026-10-07
2013-01-09,113.07,USD/thùng,FRED,D,2026-10-07
2013-01-10,112.97,USD/thùng,FRED,D,2026-10-07
2013-01-11,110.3,USD/thùng,FRED,D,2026-10-07
2013-01-14,111.32,USD/thùng,FRED,D,2026-10-07
2013-01-15,111.72,USD/thùng,FRED,D,2026-10-07
2013-01-16,110.97,USD/thùng,FRED,D,2026-10-07
2013-01-17,111.01,USD/thùng,FRED,D,2026-10-07
2013-01-18,111.71,USD/thùng,FRED,D,2026-10-07
2013-01-22,112.72,USD/thùng,FRED,D,2026-10-07
2013-01-23,113.68,USD/thùng,FRED,D,2026-10-07
2013-01-24,114.59,USD/thùng,FRED,D,2026-10-07
2013-01-25,113.88,USD/thùng,FRED,D,2026-10-07
2013-01-28,113.92,USD/thùng,FRED,D,2026-10-07
2013-01-29,115.22,USD/thùng,FRED,D,2026-10-07
2013-01-30,115.42,USD/thùng,FRED,D,2026-10-07
2013-01-31,115.55,USD/thùng,FRED,D,2026-10-07
2013-02-01,115.55,USD/thùng,FRED,D,2026-10-07
2013-02-04,116.06,USD/thùng,FRED,D,2026-10-07
2013-02-05,117.03,USD/thùng,FRED,D,2026-10-07
2013-02-06,116.61,USD/thùng,FRED,D,2026-10-07
2013-02-07,117.17,USD/thùng,FRED,D,2026-10-07
2013-02-08,118.9,USD/thùng,FRED,D,2026-10-07
2013-02-11,118.29,USD/thùng,FRED,D,2026-10-07
2013-02-12,117.89,USD/thùng,FRED,D,2026-10-07
2013-02-13,118.43,USD/thùng,FRED,D,2026-10-07
2013-02-14,118.48,USD/thùng,FRED,D,2026-10-07
2013-02-15,117.4,USD/thùng,FRED,D,2026-10-07
2013-02-19,117.04,USD/thùng,FRED,D,2026-10-07
2013-02-20,116.23,USD/thùng,FRED,D,2026-10-07
2013-02-21,114.19,USD/thùng,FRED,D,2026-10-07
2013-02-22,113.74,USD/thùng,FRED,D,2026-10-07
2013-02-25,114.55,USD/thùng,FRED,D,2026-10-07
2013-02-26,112.96,USD/thùng,FRED,D,2026-10-07
2013-02-27,112.24,USD/thùng,FRED,D,2026-10-07
2013-02-28,112.2,USD/thùng,FRED,D,2026-10-07
2013-03-01,110.14,USD/thùng,FRED,D,2026-10-07
2013-03-04,109.9,USD/thùng,FRED,D,2026-10-07
2013-03-05,110.42,USD/thùng,FRED,D,2026-10-07
2013-03-06,110.27,USD/thùng,FRED,D,2026-10-07
2013-03-07,110.42,USD/thùng,FRED,D,2026-10-07
2013-03-08,108.91,USD/thùng,FRED,D,2026-10-07
2013-03-11,108.64,USD/thùng,FRED,D,2026-10-07
2013-03-12,108.48,USD/thùng,FRED,D,2026-10-07
2013-03-13,107.51,USD/thùng,FRED,D,2026-10-07
2013-03-14,108.1,USD/thùng,FRED,D,2026-10-07
2013-03-15,109.32,USD/thùng,FRED,D,2026-10-07
2013-03-18,108.54,USD/thùng,FRED,D,2026-10-07
2013-03-19,106.91,USD/thùng,FRED,D,2026-10-07
2013-03-20,108.27,USD/thùng,FRED,D,2026-10-07
2013-03-21,106.41,USD/thùng,FRED,D,2026-10-07
2013-03-22,106.51,USD/thùng,FRED,D,2026-10-07
2013-03-25,106.66,USD/thùng,FRED,D,2026-10-07
2013-03-26,107.1,USD/thùng,FRED,D,2026-10-07
2013-03-27,108.51,USD/thùng,FRED,D,2026-10-07
2013-03-28,108.46,USD/thùng,FRED,D,2026-10-07
2013-04-01,108.76,USD/thùng,FRED,D,2026-10-07
2013-04-02,109.66,USD/thùng,FRED,D,2026-10-07
2013-04-03,107.82,USD/thùng,FRED,D,2026-10-07
2013-04-04,105.09,USD/thùng,FRED,D,2026-10-07
2013-04-05,103.98,USD/thùng,FRED,D,2026-10-07
2013-04-08,103.16,USD/thùng,FRED,D,2026-10-07
2013-04-09,104.08,USD/thùng,FRED,D,2026-10-07
2013-04-10,104.8,USD/thùng,FRED,D,2026-10-07
2013-04-11,103.62,USD/thùng,FRED,D,2026-10-07
2013-04-12,100.58,USD/thùng,FRED,D,2026-10-07
2013-04-15,99.32,USD/thùng,FRED,D,2026-10-07
2013-04-16,97.88,USD/thùng,FRED,D,2026-10-07
2013-04-17,96.84,USD/thùng,FRED,D,2026-10-07
2013-04-18,97.48,USD/thùng,FRED,D,2026-10-07
2013-04-19,98.94,USD/thùng,FRED,D,2026-10-07
2013-04-22,99.07,USD/thùng,FRED,D,2026-10-07
2013-04-23,99.25,USD/thùng,FRED,D,2026-10-07
2013-04-24,100.71,USD/thùng,FRED,D,2026-10-07
2013-04-25,101.62,USD/thùng,FRED,D,2026-10-07
2013-04-26,102.39,USD/thùng,FRED,D,2026-10-07
2013-04-29,102.88,USD/thùng,FRED,D,2026-10-07
2013-04-30,101.53,USD/thùng,FRED,D,2026-10-07
2013-05-01,98.34,USD/thùng,FRED,D,2026-10-07
2013-05-02,100.32,USD/thùng,FRED,D,2026-10-07
2013-05-03,104.6,USD/thùng,FRED,D,2026-10-07
2013-05-06,105.0,USD/thùng,FRED,D,2026-10-07
2013-05-07,105.18,USD/thùng,FRED,D,2026-10-07
2013-05-08,103.79,USD/thùng,FRED,D,2026-10-07
2013-05-09,103.59,USD/thùng,FRED,D,2026-10-07
2013-05-10,101.31,USD/thùng,FRED,D,2026-10-07
2013-05-13,102.17,USD/thùng,FRED,D,2026-10-07
2013-05-14,102.7,USD/thùng,FRED,D,2026-10-07
2013-05-15,101.57,USD/thùng,FRED,D,2026-10-07
2013-05-16,104.27,USD/thùng,FRED,D,2026-10-07
2013-05-17,103.83,USD/thùng,FRED,D,2026-10-07
2013-05-20,104.55,USD/thùng,FRED,D,2026-10-07
2013-05-21,103.1,USD/thùng,FRED,D,2026-10-07
2013-05-22,102.14,USD/thùng,FRED,D,2026-10-07
2013-05-23,100.46,USD/thùng,FRED,D,2026-10-07
2013-05-24,101.24,USD/thùng,FRED,D,2026-10-07
2013-05-28,103.77,USD/thùng,FRED,D,2026-10-07
2013-05-29,102.14,USD/thùng,FRED,D,2026-10-07
2013-05-30,101.79,USD/thùng,FRED,D,2026-10-07
2013-05-31,100.43,USD/thùng,FRED,D,2026-10-07
2013-06-03,101.63,USD/thùng,FRED,D,2026-10-07
2013-06-04,102.04,USD/thùng,FRED,D,2026-10-07
2013-06-05,103.51,USD/thùng,FRED,D,2026-10-07
2013-06-06,103.37,USD/thùng,FRED,D,2026-10-07
2013-06-07,104.07,USD/thùng,FRED,D,2026-10-07
2013-06-10,103.87,USD/thùng,FRED,D,2026-10-07
2013-06-11,101.5,USD/thùng,FRED,D,2026-10-07
2013-06-12,103.11,USD/thùng,FRED,D,2026-10-07
2013-06-13,103.38,USD/thùng,FRED,D,2026-10-07
2013-06-14,105.1,USD/thùng,FRED,D,2026-10-07
2013-06-17,105.8,USD/thùng,FRED,D,2026-10-07
2013-06-18,105.21,USD/thùng,FRED,D,2026-10-07
2013-06-19,105.56,USD/thùng,FRED,D,2026-10-07
2013-06-20,102.72,USD/thùng,FRED,D,2026-10-07
2013-06-21,100.36,USD/thùng,FRED,D,2026-10-07
2013-06-24,99.8,USD/thùng,FRED,D,2026-10-07
2013-06-25,101.51,USD/thùng,FRED,D,2026-10-07
2013-06-26,100.62,USD/thùng,FRED,D,2026-10-07
2013-06-27,102.74,USD/thùng,FRED,D,2026-10-07
2013-06-28,102.49,USD/thùng,FRED,D,2026-10-07
2013-07-01,103.19,USD/thùng,FRED,D,2026-10-07
2013-07-02,103.96,USD/thùng,FRED,D,2026-10-07
2013-07-03,106.12,USD/thùng,FRED,D,2026-10-07
2013-07-05,107.46,USD/thùng,FRED,D,2026-10-07
2013-07-08,107.75,USD/thùng,FRED,D,2026-10-07
2013-07-09,107.9,USD/thùng,FRED,D,2026-10-07
2013-07-10,108.43,USD/thùng,FRED,D,2026-10-07
2013-07-11,108.18,USD/thùng,FRED,D,2026-10-07
2013-07-12,109.03,USD/thùng,FRED,D,2026-10-07
2013-07-15,109.05,USD/thùng,FRED,D,2026-10-07
2013-07-16,109.29,USD/thùng,FRED,D,2026-10-07
2013-07-17,109.67,USD/thùng,FRED,D,2026-10-07
2013-07-18,109.71,USD/thùng,FRED,D,2026-10-07
2013-07-19,109.34,USD/thùng,FRED,D,2026-10-07
2013-07-22,108.82,USD/thùng,FRED,D,2026-10-07
2013-07-23,109.27,USD/thùng,FRED,D,2026-10-07
2013-07-24,108.23,USD/thùng,FRED,D,2026-10-07
2013-07-25,108.1,USD/thùng,FRED,D,2026-10-07
2013-07-26,107.57,USD/thùng,FRED,D,2026-10-07
2013-07-29,108.1,USD/thùng,FRED,D,2026-10-07
2013-07-30,107.47,USD/thùng,FRED,D,2026-10-07
2013-07-31,107.89,USD/thùng,FRED,D,2026-10-07
2013-08-01,109.94,USD/thùng,FRED,D,2026-10-07
2013-08-02,109.63,USD/thùng,FRED,D,2026-10-07
2013-08-05,109.81,USD/thùng,FRED,D,2026-10-07
2013-08-06,108.77,USD/thùng,FRED,D,2026-10-07
2013-08-07,108.39,USD/thùng,FRED,D,2026-10-07
2013-08-08,107.32,USD/thùng,FRED,D,2026-10-07
2013-08-09,108.49,USD/thùng,FRED,D,2026-10-07
2013-08-12,109.28,USD/thùng,FRED,D,2026-10-07
2013-08-13,110.69,USD/thùng,FRED,D,2026-10-07
2013-08-14,110.26,USD/thùng,FRED,D,2026-10-07
2013-08-15,111.58,USD/thùng,FRED,D,2026-10-07
2013-08-16,111.82,USD/thùng,FRED,D,2026-10-07
2013-08-19,111.41,USD/thùng,FRED,D,2026-10-07
2013-08-20,110.74,USD/thùng,FRED,D,2026-10-07
2013-08-21,110.82,USD/thùng,FRED,D,2026-10-07
2013-08-22,110.51,USD/thùng,FRED,D,2026-10-07
2013-08-23,112.12,USD/thùng,FRED,D,2026-10-07
2013-08-26,112.23,USD/thùng,FRED,D,2026-10-07
2013-08-27,115.21,USD/thùng,FRED,D,2026-10-07
2013-08-28,116.27,USD/thùng,FRED,D,2026-10-07
2013-08-29,116.91,USD/thùng,FRED,D,2026-10-07
2013-08-30,115.97,USD/thùng,FRED,D,2026-10-07
2013-09-03,115.49,USD/thùng,FRED,D,2026-10-07
2013-09-04,115.65,USD/thùng,FRED,D,2026-10-07
2013-09-05,115.81,USD/thùng,FRED,D,2026-10-07
2013-09-06,117.15,USD/thùng,FRED,D,2026-10-07
2013-09-09,115.2,USD/thùng,FRED,D,2026-10-07
2013-09-10,112.1,USD/thùng,FRED,D,2026-10-07
2013-09-11,112.37,USD/thùng,FRED,D,2026-10-07
2013-09-12,113.11,USD/thùng,FRED,D,2026-10-07
2013-09-13,113.31,USD/thùng,FRED,D,2026-10-07
2013-09-16,110.86,USD/thùng,FRED,D,2026-10-07
2013-09-17,109.05,USD/thùng,FRED,D,2026-10-07
2013-09-18,109.09,USD/thùng,FRED,D,2026-10-07
2013-09-19,110.66,USD/thùng,FRED,D,2026-10-07
2013-09-20,110.22,USD/thùng,FRED,D,2026-10-07
2013-09-23,108.56,USD/thùng,FRED,D,2026-10-07
2013-09-24,107.68,USD/thùng,FRED,D,2026-10-07
2013-09-25,109.46,USD/thùng,FRED,D,2026-10-07
2013-09-26,108.86,USD/thùng,FRED,D,2026-10-07
2013-09-27,109.45,USD/thùng,FRED,D,2026-10-07
2013-09-30,107.85,USD/thùng,FRED,D,2026-10-07
2013-10-01,107.32,USD/thùng,FRED,D,2026-10-07
2013-10-02,109.09,USD/thùng,FRED,D,2026-10-07
2013-10-03,109.49,USD/thùng,FRED,D,2026-10-07
2013-10-04,109.42,USD/thùng,FRED,D,2026-10-07
2013-10-07,109.66,USD/thùng,FRED,D,2026-10-07
2013-10-08,110.56,USD/thùng,FRED,D,2026-10-07
2013-10-09,109.02,USD/thùng,FRED,D,2026-10-07
2013-10-10,111.63,USD/thùng,FRED,D,2026-10-07
2013-10-11,110.65,USD/thùng,FRED,D,2026-10-07
2013-10-14,110.13,USD/thùng,FRED,D,2026-10-07
2013-10-15,110.67,USD/thùng,FRED,D,2026-10-07
2013-10-16,110.79,USD/thùng,FRED,D,2026-10-07
2013-10-17,109.55,USD/thùng,FRED,D,2026-10-07
2013-10-18,109.4,USD/thùng,FRED,D,2026-10-07
2013-10-21,109.47,USD/thùng,FRED,D,2026-10-07
2013-10-22,109.57,USD/thùng,FRED,D,2026-10-07
2013-10-23,107.74,USD/thùng,FRED,D,2026-10-07
2013-10-24,106.63,USD/thùng,FRED,D,2026-10-07
2013-10-25,105.7,USD/thùng,FRED,D,2026-10-07
2013-10-28,108.29,USD/thùng,FRED,D,2026-10-07
2013-10-29,108.04,USD/thùng,FRED,D,2026-10-07
2013-10-30,108.41,USD/thùng,FRED,D,2026-10-07
2013-10-31,107.53,USD/thùng,FRED,D,2026-10-07
2013-11-01,105.78,USD/thùng,FRED,D,2026-10-07
2013-11-04,104.85,USD/thùng,FRED,D,2026-10-07
2013-11-05,105.01,USD/thùng,FRED,D,2026-10-07
2013-11-06,105.46,USD/thùng,FRED,D,2026-10-07
2013-11-07,103.08,USD/thùng,FRED,D,2026-10-07
2013-11-08,104.29,USD/thùng,FRED,D,2026-10-07
2013-11-11,105.76,USD/thùng,FRED,D,2026-10-07
2013-11-12,106.29,USD/thùng,FRED,D,2026-10-07
2013-11-13,106.9,USD/thùng,FRED,D,2026-10-07
2013-11-14,108.29,USD/thùng,FRED,D,2026-10-07
2013-11-15,108.25,USD/thùng,FRED,D,2026-10-07
2013-11-18,108.8,USD/thùng,FRED,D,2026-10-07
2013-11-19,108.29,USD/thùng,FRED,D,2026-10-07
2013-11-20,108.27,USD/thùng,FRED,D,2026-10-07
2013-11-21,109.9,USD/thùng,FRED,D,2026-10-07
2013-11-22,111.36,USD/thùng,FRED,D,2026-10-07
2013-11-25,110.83,USD/thùng,FRED,D,2026-10-07
2013-11-26,112.04,USD/thùng,FRED,D,2026-10-07
2013-11-27,111.32,USD/thùng,FRED,D,2026-10-07
2013-11-29,111.07,USD/thùng,FRED,D,2026-10-07
2013-12-02,111.49,USD/thùng,FRED,D,2026-10-07
2013-12-03,113.06,USD/thùng,FRED,D,2026-10-07
2013-12-04,113.27,USD/thùng,FRED,D,2026-10-07
2013-12-05,112.07,USD/thùng,FRED,D,2026-10-07
2013-12-06,111.5,USD/thùng,FRED,D,2026-10-07
2013-12-09,110.07,USD/thùng,FRED,D,2026-10-07
2013-12-10,108.91,USD/thùng,FRED,D,2026-10-07
2013-12-11,109.47,USD/thùng,FRED,D,2026-10-07
2013-12-12,108.99,USD/thùng,FRED,D,2026-10-07
2013-12-13,108.08,USD/thùng,FRED,D,2026-10-07
2013-12-16,110.3,USD/thùng,FRED,D,2026-10-07
2013-12-17,108.91,USD/thùng,FRED,D,2026-10-07
2013-12-18,109.56,USD/thùng,FRED,D,2026-10-07
2013-12-19,110.78,USD/thùng,FRED,D,2026-10-07
2013-12-20,112.15,USD/thùng,FRED,D,2026-10-07
2013-12-23,111.58,USD/thùng,FRED,D,2026-10-07
2013-12-24,111.57,USD/thùng,FRED,D,2026-10-07
2013-12-26,111.65,USD/thùng,FRED,D,2026-10-07
2013-12-27,112.06,USD/thùng,FRED,D,2026-10-07
2013-12-30,110.47,USD/thùng,FRED,D,2026-10-07
2013-12-31,109.95,USD/thùng,FRED,D,2026-10-07
2014-01-02,107.94,USD/thùng,FRED,D,2026-10-07
2014-01-03,106.57,USD/thùng,FRED,D,2026-10-07
2014-01-06,106.71,USD/thùng,FRED,D,2026-10-07
2014-01-07,107.01,USD/thùng,FRED,D,2026-10-07
2014-01-08,107.42,USD/thùng,FRED,D,2026-10-07
2014-01-09,107.49,USD/thùng,FRED,D,2026-10-07
2014-01-10,106.44,USD/thùng,FRED,D,2026-10-07
2014-01-13,108.02,USD/thùng,FRED,D,2026-10-07
2014-01-14,107.12,USD/thùng,FRED,D,2026-10-07
2014-01-15,108.09,USD/thùng,FRED,D,2026-10-07
2014-01-16,107.46,USD/thùng,FRED,D,2026-10-07
2014-01-17,108.45,USD/thùng,FRED,D,2026-10-07
2014-01-20,108.01,USD/thùng,FRED,D,2026-10-07
2014-01-21,109.17,USD/thùng,FRED,D,2026-10-07
2014-01-22,109.69,USD/thùng,FRED,D,2026-10-07
2014-01-23,109.69,USD/thùng,FRED,D,2026-10-07
2014-01-24,109.14,USD/thùng,FRED,D,2026-10-07
2014-01-27,108.72,USD/thùng,FRED,D,2026-10-07
2014-01-28,109.1,USD/thùng,FRED,D,2026-10-07
2014-01-29,108.83,USD/thùng,FRED,D,2026-10-07
2014-01-30,109.36,USD/thùng,FRED,D,2026-10-07
2014-01-31,108.16,USD/thùng,FRED,D,2026-10-07
2014-02-03,106.55,USD/thùng,FRED,D,2026-10-07
2014-02-04,107.04,USD/thùng,FRED,D,2026-10-07
2014-02-05,106.81,USD/thùng,FRED,D,2026-10-07
2014-02-06,108.15,USD/thùng,FRED,D,2026-10-07
2014-02-07,110.12,USD/thùng,FRED,D,2026-10-07
2014-02-10,110.18,USD/thùng,FRED,D,2026-10-07
2014-02-11,109.21,USD/thùng,FRED,D,2026-10-07
2014-02-12,108.62,USD/thùng,FRED,D,2026-10-07
2014-02-13,108.98,USD/thùng,FRED,D,2026-10-07
2014-02-14,108.63,USD/thùng,FRED,D,2026-10-07
2014-02-18,110.14,USD/thùng,FRED,D,2026-10-07
2014-02-19,110.37,USD/thùng,FRED,D,2026-10-07
2014-02-20,109.42,USD/thùng,FRED,D,2026-10-07
2014-02-21,109.03,USD/thùng,FRED,D,2026-10-07
2014-02-24,109.76,USD/thùng,FRED,D,2026-10-07
2014-02-25,109.19,USD/thùng,FRED,D,2026-10-07
2014-02-26,109.39,USD/thùng,FRED,D,2026-10-07
2014-02-27,108.54,USD/thùng,FRED,D,2026-10-07
2014-02-28,108.98,USD/thùng,FRED,D,2026-10-07
2014-03-03,111.26,USD/thùng,FRED,D,2026-10-07
2014-03-04,109.17,USD/thùng,FRED,D,2026-10-07
2014-03-05,108.15,USD/thùng,FRED,D,2026-10-07
2014-03-06,107.99,USD/thùng,FRED,D,2026-10-07
2014-03-07,109.14,USD/thùng,FRED,D,2026-10-07
2014-03-10,108.27,USD/thùng,FRED,D,2026-10-07
2014-03-11,108.35,USD/thùng,FRED,D,2026-10-07
2014-03-12,107.88,USD/thùng,FRED,D,2026-10-07
2014-03-13,107.48,USD/thùng,FRED,D,2026-10-07
2014-03-14,108.08,USD/thùng,FRED,D,2026-10-07
2014-03-17,106.99,USD/thùng,FRED,D,2026-10-07
2014-03-18,106.79,USD/thùng,FRED,D,2026-10-07
2014-03-19,105.95,USD/thùng,FRED,D,2026-10-07
2014-03-20,105.73,USD/thùng,FRED,D,2026-10-07
2014-03-21,107.2,USD/thùng,FRED,D,2026-10-07
2014-03-24,106.59,USD/thùng,FRED,D,2026-10-07
2014-03-25,107.01,USD/thùng,FRED,D,2026-10-07
2014-03-26,105.9,USD/thùng,FRED,D,2026-10-07
2014-03-27,106.58,USD/thùng,FRED,D,2026-10-07
2014-03-28,106.64,USD/thùng,FRED,D,2026-10-07
2014-03-31,105.95,USD/thùng,FRED,D,2026-10-07
2014-04-01,105.7,USD/thùng,FRED,D,2026-10-07
2014-04-02,103.37,USD/thùng,FRED,D,2026-10-07
2014-04-03,104.88,USD/thùng,FRED,D,2026-10-07
2014-04-04,106.41,USD/thùng,FRED,D,2026-10-07
2014-04-07,104.89,USD/thùng,FRED,D,2026-10-07
2014-04-08,105.83,USD/thùng,FRED,D,2026-10-07
2014-04-09,107.39,USD/thùng,FRED,D,2026-10-07
2014-04-10,107.1,USD/thùng,FRED,D,2026-10-07
2014-04-11,107.34,USD/thùng,FRED,D,2026-10-07
2014-04-14,107.68,USD/thùng,FRED,D,2026-10-07
2014-04-15,109.1,USD/thùng,FRED,D,2026-10-07
2014-04-16,109.71,USD/thùng,FRED,D,2026-10-07
2014-04-17,109.79,USD/thùng,FRED,D,2026-10-07
2014-04-21,109.69,USD/thùng,FRED,D,2026-10-07
2014-04-22,108.54,USD/thùng,FRED,D,2026-10-07
2014-04-23,108.48,USD/thùng,FRED,D,2026-10-07
2014-04-24,109.79,USD/thùng,FRED,D,2026-10-07
2014-04-25,109.53,USD/thùng,FRED,D,2026-10-07
2014-04-28,109.12,USD/thùng,FRED,D,2026-10-07
2014-04-29,109.89,USD/thùng,FRED,D,2026-10-07
2014-04-30,108.63,USD/thùng,FRED,D,2026-10-07
2014-05-01,108.63,USD/thùng,FRED,D,2026-10-07
2014-05-02,109.48,USD/thùng,FRED,D,2026-10-07
2014-05-05,109.48,USD/thùng,FRED,D,2026-10-07
2014-05-06,108.3,USD/thùng,FRED,D,2026-10-07
2014-05-07,108.17,USD/thùng,FRED,D,2026-10-07
2014-05-08,108.19,USD/thùng,FRED,D,2026-10-07
2014-05-09,108.26,USD/thùng,FRED,D,2026-10-07
2014-05-12,108.37,USD/thùng,FRED,D,2026-10-07
2014-05-13,108.78,USD/thùng,FRED,D,2026-10-07
2014-05-14,109.87,USD/thùng,FRED,D,2026-10-07
2014-05-15,109.74,USD/thùng,FRED,D,2026-10-07
2014-05-16,110.9,USD/thùng,FRED,D,2026-10-07
2014-05-19,110.84,USD/thùng,FRED,D,2026-10-07
2014-05-20,110.35,USD/thùng,FRED,D,2026-10-07
2014-05-21,111.32,USD/thùng,FRED,D,2026-10-07
2014-05-22,110.89,USD/thùng,FRED,D,2026-10-07
2014-05-23,110.19,USD/thùng,FRED,D,2026-10-07
2014-05-26,110.01,USD/thùng,FRED,D,2026-10-07
2014-05-27,109.81,USD/thùng,FRED,D,2026-10-07
2014-05-28,109.09,USD/thùng,FRED,D,2026-10-07
2014-05-29,109.98,USD/thùng,FRED,D,2026-10-07
2014-05-30,109.21,USD/thùng,FRED,D,2026-10-07
2014-06-02,109.34,USD/thùng,FRED,D,2026-10-07
2014-06-03,108.87,USD/thùng,FRED,D,2026-10-07
2014-06-04,109.07,USD/thùng,FRED,D,2026-10-07
2014-06-05,108.43,USD/thùng,FRED,D,2026-10-07
2014-06-06,109.21,USD/thùng,FRED,D,2026-10-07
2014-06-09,110.55,USD/thùng,FRED,D,2026-10-07
2014-06-10,109.18,USD/thùng,FRED,D,2026-10-07
2014-06-11,109.83,USD/thùng,FRED,D,2026-10-07
2014-06-12,112.18,USD/thùng,FRED,D,2026-10-07
2014-06-13,113.15,USD/thùng,FRED,D,2026-10-07
2014-06-16,113.42,USD/thùng,FRED,D,2026-10-07
2014-06-17,114.02,USD/thùng,FRED,D,2026-10-07
2014-06-18,114.25,USD/thùng,FRED,D,2026-10-07
2014-06-19,115.19,USD/thùng,FRED,D,2026-10-07
2014-06-20,114.55,USD/thùng,FRED,D,2026-10-07
2014-06-23,113.62,USD/thùng,FRED,D,2026-10-07
2014-06-24,113.74,USD/thùng,FRED,D,2026-10-07
2014-06-25,112.84,USD/thùng,FRED,D,2026-10-07
2014-06-26,112.61,USD/thùng,FRED,D,2026-10-07
2014-06-27,112.62,USD/thùng,FRED,D,2026-10-07
2014-06-30,111.03,USD/thùng,FRED,D,2026-10-07
2014-07-01,110.84,USD/thùng,FRED,D,2026-10-07
2014-07-02,110.18,USD/thùng,FRED,D,2026-10-07
2014-07-03,108.98,USD/thùng,FRED,D,2026-10-07
2014-07-07,108.7,USD/thùng,FRED,D,2026-10-07
2014-07-08,107.65,USD/thùng,FRED,D,2026-10-07
2014-07-09,106.84,USD/thùng,FRED,D,2026-10-07
2014-07-10,106.2,USD/thùng,FRED,D,2026-10-07
2014-07-11,105.77,USD/thùng,FRED,D,2026-10-07
2014-07-14,104.73,USD/thùng,FRED,D,2026-10-07
2014-07-15,104.73,USD/thùng,FRED,D,2026-10-07
2014-07-16,105.41,USD/thùng,FRED,D,2026-10-07
2014-07-17,106.04,USD/thùng,FRED,D,2026-10-07
2014-07-18,106.03,USD/thùng,FRED,D,2026-10-07
2014-07-21,105.71,USD/thùng,FRED,D,2026-10-07
2014-07-22,106.48,USD/thùng,FRED,D,2026-10-07
2014-07-23,106.85,USD/thùng,FRED,D,2026-10-07
2014-07-24,105.78,USD/thùng,FRED,D,2026-10-07
2014-07-25,106.89,USD/thùng,FRED,D,2026-10-07
2014-07-28,106.7,USD/thùng,FRED,D,2026-10-07
2014-07-29,106.98,USD/thùng,FRED,D,2026-10-07
2014-07-30,106.47,USD/thùng,FRED,D,2026-10-07
2014-07-31,104.94,USD/thùng,FRED,D,2026-10-07
2014-08-01,103.45,USD/thùng,FRED,D,2026-10-07
2014-08-04,103.63,USD/thùng,FRED,D,2026-10-07
2014-08-05,102.82,USD/thùng,FRED,D,2026-10-07
2014-08-06,104.17,USD/thùng,FRED,D,2026-10-07
2014-08-07,104.02,USD/thùng,FRED,D,2026-10-07
2014-08-08,103.36,USD/thùng,FRED,D,2026-10-07
2014-08-11,103.47,USD/thùng,FRED,D,2026-10-07
2014-08-12,101.68,USD/thùng,FRED,D,2026-10-07
2014-08-13,102.27,USD/thùng,FRED,D,2026-10-07
2014-08-14,101.15,USD/thùng,FRED,D,2026-10-07
2014-08-15,101.13,USD/thùng,FRED,D,2026-10-07
2014-08-18,99.37,USD/thùng,FRED,D,2026-10-07
2014-08-19,99.74,USD/thùng,FRED,D,2026-10-07
2014-08-20,99.92,USD/thùng,FRED,D,2026-10-07
2014-08-21,100.28,USD/thùng,FRED,D,2026-10-07
2014-08-22,100.09,USD/thùng,FRED,D,2026-10-07
2014-08-25,100.49,USD/thùng,FRED,D,2026-10-07
2014-08-26,100.5,USD/thùng,FRED,D,2026-10-07
2014-08-27,100.4,USD/thùng,FRED,D,2026-10-07
2014-08-28,100.71,USD/thùng,FRED,D,2026-10-07
2014-08-29,101.12,USD/thùng,FRED,D,2026-10-07
2014-09-02,100.21,USD/thùng,FRED,D,2026-10-07
2014-09-03,100.88,USD/thùng,FRED,D,2026-10-07
2014-09-04,101.21,USD/thùng,FRED,D,2026-10-07
2014-09-05,99.51,USD/thùng,FRED,D,2026-10-07
2014-09-08,99.53,USD/thùng,FRED,D,2026-10-07
2014-09-09,98.08,USD/thùng,FRED,D,2026-10-07
2014-09-10,96.26,USD/thùng,FRED,D,2026-10-07
2014-09-11,96.42,USD/thùng,FRED,D,2026-10-07
2014-09-12,96.31,USD/thùng,FRED,D,2026-10-07
2014-09-15,96.43,USD/thùng,FRED,D,2026-10-07
2014-09-16,97.39,USD/thùng,FRED,D,2026-10-07
2014-09-17,97.7,USD/thùng,FRED,D,2026-10-07
2014-09-18,96.82,USD/thùng,FRED,D,2026-10-07
2014-09-19,96.75,USD/thùng,FRED,D,2026-10-07
2014-09-22,95.37,USD/thùng,FRED,D,2026-10-07
2014-09-23,94.87,USD/thùng,FRED,D,2026-10-07
2014-09-24,94.53,USD/thùng,FRED,D,2026-10-07
2014-09-25,95.2,USD/thùng,FRED,D,2026-10-07
2014-09-26,95.08,USD/thùng,FRED,D,2026-10-07
2014-09-29,95.7,USD/thùng,FRED,D,2026-10-07
2014-09-30,94.67,USD/thùng,FRED,D,2026-10-07
2014-10-01,94.57,USD/thùng,FRED,D,2026-10-07
2014-10-02,91.29,USD/thùng,FRED,D,2026-10-07
2014-10-03,90.8,USD/thùng,FRED,D,2026-10-07
2014-10-06,90.65,USD/thùng,FRED,D,2026-10-07
2014-10-07,90.9,USD/thùng,FRED,D,2026-10-07
2014-10-08,90.25,USD/thùng,FRED,D,2026-10-07
2014-10-09,90.47,USD/thùng,FRED,D,2026-10-07
2014-10-10,88.66,USD/thùng,FRED,D,2026-10-07
2014-10-13,87.82,USD/thùng,FRED,D,2026-10-07
2014-10-15,84.02,USD/thùng,FRED,D,2026-10-07
2014-10-16,84.02,USD/thùng,FRED,D,2026-10-07
2014-10-17,85.27,USD/thùng,FRED,D,2026-10-07
2014-10-20,84.42,USD/thùng,FRED,D,2026-10-07
2014-10-21,85.17,USD/thùng,FRED,D,2026-10-07
2014-10-22,86.38,USD/thùng,FRED,D,2026-10-07
2014-10-23,85.94,USD/thùng,FRED,D,2026-10-07
2014-10-24,86.0,USD/thùng,FRED,D,2026-10-07
2014-10-27,85.64,USD/thùng,FRED,D,2026-10-07
2014-10-28,85.57,USD/thùng,FRED,D,2026-10-07
2014-10-29,86.91,USD/thùng,FRED,D,2026-10-07
2014-10-30,85.5,USD/thùng,FRED,D,2026-10-07
2014-10-31,84.17,USD/thùng,FRED,D,2026-10-07
2014-11-03,84.9,USD/thùng,FRED,D,2026-10-07
2014-11-04,82.12,USD/thùng,FRED,D,2026-10-07
2014-11-05,82.88,USD/thùng,FRED,D,2026-10-07
2014-11-06,82.08,USD/thùng,FRED,D,2026-10-07
2014-11-07,83.2,USD/thùng,FRED,D,2026-10-07
2014-11-10,82.9,USD/thùng,FRED,D,2026-10-07
2014-11-11,80.94,USD/thùng,FRED,D,2026-10-07
2014-11-12,80.42,USD/thùng,FRED,D,2026-10-07
2014-11-13,77.74,USD/thùng,FRED,D,2026-10-07
2014-11-14,77.51,USD/thùng,FRED,D,2026-10-07
2014-11-17,76.86,USD/thùng,FRED,D,2026-10-07
2014-11-18,77.23,USD/thùng,FRED,D,2026-10-07
2014-11-19,77.21,USD/thùng,FRED,D,2026-10-07
2014-11-20,77.61,USD/thùng,FRED,D,2026-10-07
2014-11-21,79.2,USD/thùng,FRED,D,2026-10-07
2014-11-24,79.62,USD/thùng,FRED,D,2026-10-07
2014-11-25,77.62,USD/thùng,FRED,D,2026-10-07
2014-11-26,77.39,USD/thùng,FRED,D,2026-10-07
2014-11-28,71.89,USD/thùng,FRED,D,2026-10-07
2014-12-01,70.87,USD/thùng,FRED,D,2026-10-07
2014-12-02,71.13,USD/thùng,FRED,D,2026-10-07
2014-12-03,70.13,USD/thùng,FRED,D,2026-10-07
2014-12-04,68.48,USD/thùng,FRED,D,2026-10-07
2014-12-05,68.0,USD/thùng,FRED,D,2026-10-07
2014-12-08,65.64,USD/thùng,FRED,D,2026-10-07
2014-12-09,66.11,USD/thùng,FRED,D,2026-10-07
2014-12-10,63.32,USD/thùng,FRED,D,2026-10-07
2014-12-11,63.65,USD/thùng,FRED,D,2026-10-07
2014-12-12,61.67,USD/thùng,FRED,D,2026-10-07
2014-12-15,61.09,USD/thùng,FRED,D,2026-10-07
2014-12-16,60.26,USD/thùng,FRED,D,2026-10-07
2014-12-17,59.84,USD/thùng,FRED,D,2026-10-07
2014-12-18,58.81,USD/thùng,FRED,D,2026-10-07
2014-12-19,58.87,USD/thùng,FRED,D,2026-10-07
2014-12-22,58.31,USD/thùng,FRED,D,2026-10-07
2014-12-23,59.07,USD/thùng,FRED,D,2026-10-07
2014-12-24,58.67,USD/thùng,FRED,D,2026-10-07
2014-12-26,58.72,USD/thùng,FRED,D,2026-10-07
2014-12-29,57.86,USD/thùng,FRED,D,2026-10-07
2014-12-30,55.6,USD/thùng,FRED,D,2026-10-07
2014-12-31,55.27,USD/thùng,FRED,D,2026-10-07
2015-01-02,55.38,USD/thùng,FRED,D,2026-10-07
2015-01-05,51.08,USD/thùng,FRED,D,2026-10-07
2015-01-06,50.12,USD/thùng,FRED,D,2026-10-07
2015-01-07,49.06,USD/thùng,FRED,D,2026-10-07
2015-01-08,49.43,USD/thùng,FRED,D,2026-10-07
2015-01-09,47.64,USD/thùng,FRED,D,2026-10-07
2015-01-12,46.9,USD/thùng,FRED,D,2026-10-07
2015-01-13,45.13,USD/thùng,FRED,D,2026-10-07
2015-01-14,45.82,USD/thùng,FRED,D,2026-10-07
2015-01-15,47.66,USD/thùng,FRED,D,2026-10-07
2015-01-16,47.38,USD/thùng,FRED,D,2026-10-07
2015-01-20,46.49,USD/thùng,FRED,D,2026-10-07
2015-01-21,46.5,USD/thùng,FRED,D,2026-10-07
2015-01-22,46.09,USD/thùng,FRED,D,2026-10-07
2015-01-23,46.69,USD/thùng,FRED,D,2026-10-07
2015-01-26,46.07,USD/thùng,FRED,D,2026-10-07
2015-01-27,46.55,USD/thùng,FRED,D,2026-10-07
2015-01-28,47.07,USD/thùng,FRED,D,2026-10-07
2015-01-29,46.61,USD/thùng,FRED,D,2026-10-07
2015-01-30,47.52,USD/thùng,FRED,D,2026-10-07
2015-02-02,51.74,USD/thùng,FRED,D,2026-10-07
2015-02-03,54.41,USD/thùng,FRED,D,2026-10-07
2015-02-04,55.07,USD/thùng,FRED,D,2026-10-07
2015-02-05,55.98,USD/thùng,FRED,D,2026-10-07
2015-02-06,55.88,USD/thùng,FRED,D,2026-10-07
2015-02-09,57.0,USD/thùng,FRED,D,2026-10-07
2015-02-10,55.79,USD/thùng,FRED,D,2026-10-07
2015-02-11,53.48,USD/thùng,FRED,D,2026-10-07
2015-02-12,56.23,USD/thùng,FRED,D,2026-10-07
2015-02-13,60.33,USD/thùng,FRED,D,2026-10-07
2015-02-16,61.57,USD/thùng,FRED,D,2026-10-07
2015-02-17,60.78,USD/thùng,FRED,D,2026-10-07
2015-02-18,60.72,USD/thùng,FRED,D,2026-10-07
2015-02-19,58.78,USD/thùng,FRED,D,2026-10-07
2015-02-20,60.99,USD/thùng,FRED,D,2026-10-07
2015-02-23,59.78,USD/thùng,FRED,D,2026-10-07
2015-02-24,60.33,USD/thùng,FRED,D,2026-10-07
2015-02-25,59.77,USD/thùng,FRED,D,2026-10-07
2015-02-26,61.39,USD/thùng,FRED,D,2026-10-07
2015-02-27,61.89,USD/thùng,FRED,D,2026-10-07
2015-03-02,60.75,USD/thùng,FRED,D,2026-10-07
2015-03-03,61.18,USD/thùng,FRED,D,2026-10-07
2015-03-04,59.18,USD/thùng,FRED,D,2026-10-07
2015-03-05,60.33,USD/thùng,FRED,D,2026-10-07
2015-03-06,59.15,USD/thùng,FRED,D,2026-10-07
2015-03-09,58.67,USD/thùng,FRED,D,2026-10-07
2015-03-10,55.95,USD/thùng,FRED,D,2026-10-07
2015-03-11,56.46,USD/thùng,FRED,D,2026-10-07
2015-03-12,56.66,USD/thùng,FRED,D,2026-10-07
2015-03-13,54.8,USD/thùng,FRED,D,2026-10-07
2015-03-16,52.0,USD/thùng,FRED,D,2026-10-07
2015-03-17,52.17,USD/thùng,FRED,D,2026-10-07
2015-03-18,52.59,USD/thùng,FRED,D,2026-10-07
2015-03-19,52.96,USD/thùng,FRED,D,2026-10-07
2015-03-20,53.88,USD/thùng,FRED,D,2026-10-07
2015-03-23,53.82,USD/thùng,FRED,D,2026-10-07
2015-03-24,53.61,USD/thùng,FRED,D,2026-10-07
2015-03-25,54.18,USD/thùng,FRED,D,2026-10-07
2015-03-26,57.02,USD/thùng,FRED,D,2026-10-07
2015-03-27,56.44,USD/thùng,FRED,D,2026-10-07
2015-03-30,53.99,USD/thùng,FRED,D,2026-10-07
2015-03-31,53.69,USD/thùng,FRED,D,2026-10-07
2015-04-01,55.73,USD/thùng,FRED,D,2026-10-07
2015-04-02,55.73,USD/thùng,FRED,D,2026-10-07
2015-04-06,55.73,USD/thùng,FRED,D,2026-10-07
2015-04-07,57.55,USD/thùng,FRED,D,2026-10-07
2015-04-08,56.42,USD/thùng,FRED,D,2026-10-07
2015-04-09,56.04,USD/thùng,FRED,D,2026-10-07
2015-04-10,56.82,USD/thùng,FRED,D,2026-10-07
2015-04-13,57.14,USD/thùng,FRED,D,2026-10-07
2015-04-14,57.69,USD/thùng,FRED,D,2026-10-07
2015-04-15,59.32,USD/thùng,FRED,D,2026-10-07
2015-04-16,60.13,USD/thùng,FRED,D,2026-10-07
2015-04-17,61.31,USD/thùng,FRED,D,2026-10-07
2015-04-20,61.2,USD/thùng,FRED,D,2026-10-07
2015-04-21,60.12,USD/thùng,FRED,D,2026-10-07
2015-04-22,60.12,USD/thùng,FRED,D,2026-10-07
2015-04-23,62.66,USD/thùng,FRED,D,2026-10-07
2015-04-24,62.96,USD/thùng,FRED,D,2026-10-07
2015-04-27,62.86,USD/thùng,FRED,D,2026-10-07
2015-04-28,62.61,USD/thùng,FRED,D,2026-10-07
2015-04-29,63.97,USD/thùng,FRED,D,2026-10-07
2015-04-30,63.9,USD/thùng,FRED,D,2026-10-07
2015-05-01,64.13,USD/thùng,FRED,D,2026-10-07
2015-05-04,64.62,USD/thùng,FRED,D,2026-10-07
2015-05-05,65.44,USD/thùng,FRED,D,2026-10-07
2015-05-06,66.22,USD/thùng,FRED,D,2026-10-07
2015-05-07,64.93,USD/thùng,FRED,D,2026-10-07
2015-05-08,63.82,USD/thùng,FRED,D,2026-10-07
2015-05-11,62.82,USD/thùng,FRED,D,2026-10-07
2015-05-12,65.09,USD/thùng,FRED,D,2026-10-07
2015-05-13,66.33,USD/thùng,FRED,D,2026-10-07
2015-05-14,65.58,USD/thùng,FRED,D,2026-10-07
2015-05-15,64.69,USD/thùng,FRED,D,2026-10-07
2015-05-18,65.15,USD/thùng,FRED,D,2026-10-07
2015-05-19,63.48,USD/thùng,FRED,D,2026-10-07
2015-05-20,63.52,USD/thùng,FRED,D,2026-10-07
2015-05-21,64.7,USD/thùng,FRED,D,2026-10-07
2015-05-22,64.7,USD/thùng,FRED,D,2026-10-07
2015-05-26,61.65,USD/thùng,FRED,D,2026-10-07
2015-05-27,61.35,USD/thùng,FRED,D,2026-10-07
2015-05-28,60.12,USD/thùng,FRED,D,2026-10-07
2015-05-29,63.16,USD/thùng,FRED,D,2026-10-07
2015-06-01,62.87,USD/thùng,FRED,D,2026-10-07
2015-06-02,63.14,USD/thùng,FRED,D,2026-10-07
2015-06-03,62.78,USD/thùng,FRED,D,2026-10-07
2015-06-04,60.34,USD/thùng,FRED,D,2026-10-07
2015-06-05,60.36,USD/thùng,FRED,D,2026-10-07
2015-06-08,61.33,USD/thùng,FRED,D,2026-10-07
2015-06-09,63.23,USD/thùng,FRED,D,2026-10-07
2015-06-10,64.68,USD/thùng,FRED,D,2026-10-07
2015-06-11,63.76,USD/thùng,FRED,D,2026-10-07
2015-06-12,63.19,USD/thùng,FRED,D,2026-10-07
2015-06-15,60.99,USD/thùng,FRED,D,2026-10-07
2015-06-16,60.75,USD/thùng,FRED,D,2026-10-07
2015-06-17,60.75,USD/thùng,FRED,D,2026-10-07
2015-06-18,61.37,USD/thùng,FRED,D,2026-10-07
2015-06-19,59.41,USD/thùng,FRED,D,2026-10-07
2015-06-22,60.54,USD/thùng,FRED,D,2026-10-07
2015-06-23,61.67,USD/thùng,FRED,D,2026-10-07
2015-06-24,61.63,USD/thùng,FRED,D,2026-10-07
2015-06-25,60.24,USD/thùng,FRED,D,2026-10-07
2015-06-26,60.14,USD/thùng,FRED,D,2026-10-07
2015-06-29,59.03,USD/thùng,FRED,D,2026-10-07
2015-06-30,60.31,USD/thùng,FRED,D,2026-10-07
2015-07-01,61.65,USD/thùng,FRED,D,2026-10-07
2015-07-02,61.73,USD/thùng,FRED,D,2026-10-07
2015-07-03,59.06,USD/thùng,FRED,D,2026-10-07
2015-07-06,57.19,USD/thùng,FRED,D,2026-10-07
2015-07-07,54.72,USD/thùng,FRED,D,2026-10-07
2015-07-08,55.7,USD/thùng,FRED,D,2026-10-07
2015-07-09,57.83,USD/thùng,FRED,D,2026-10-07
2015-07-10,57.72,USD/thùng,FRED,D,2026-10-07
2015-07-13,57.63,USD/thùng,FRED,D,2026-10-07
2015-07-14,57.2,USD/thùng,FRED,D,2026-10-07
2015-07-15,57.34,USD/thùng,FRED,D,2026-10-07
2015-07-16,57.31,USD/thùng,FRED,D,2026-10-07
2015-07-17,56.38,USD/thùng,FRED,D,2026-10-07
2015-07-20,56.42,USD/thùng,FRED,D,2026-10-07
2015-07-21,55.94,USD/thùng,FRED,D,2026-10-07
2015-07-22,56.36,USD/thùng,FRED,D,2026-10-07
2015-07-23,55.76,USD/thùng,FRED,D,2026-10-07
2015-07-24,54.29,USD/thùng,FRED,D,2026-10-07
2015-07-27,54.07,USD/thùng,FRED,D,2026-10-07
2015-07-28,54.3,USD/thùng,FRED,D,2026-10-07
2015-07-29,54.73,USD/thùng,FRED,D,2026-10-07
2015-07-30,54.29,USD/thùng,FRED,D,2026-10-07
2015-07-31,53.29,USD/thùng,FRED,D,2026-10-07
2015-08-03,49.49,USD/thùng,FRED,D,2026-10-07
2015-08-04,49.08,USD/thùng,FRED,D,2026-10-07
2015-08-05,49.04,USD/thùng,FRED,D,2026-10-07
2015-08-06,47.8,USD/thùng,FRED,D,2026-10-07
2015-08-07,47.54,USD/thùng,FRED,D,2026-10-07
2015-08-10,48.3,USD/thùng,FRED,D,2026-10-07
2015-08-11,47.33,USD/thùng,FRED,D,2026-10-07
2015-08-12,48.29,USD/thùng,FRED,D,2026-10-07
2015-08-13,48.01,USD/thùng,FRED,D,2026-10-07
2015-08-14,47.79,USD/thùng,FRED,D,2026-10-07
2015-08-17,47.77,USD/thùng,FRED,D,2026-10-07
2015-08-18,47.0,USD/thùng,FRED,D,2026-10-07
2015-08-19,45.75,USD/thùng,FRED,D,2026-10-07
2015-08-20,45.63,USD/thùng,FRED,D,2026-10-07
2015-08-21,43.84,USD/thùng,FRED,D,2026-10-07
2015-08-24,41.59,USD/thùng,FRED,D,2026-10-07
2015-08-25,41.86,USD/thùng,FRED,D,2026-10-07
2015-08-26,41.76,USD/thùng,FRED,D,2026-10-07
2015-08-27,44.46,USD/thùng,FRED,D,2026-10-07
2015-08-28,47.97,USD/thùng,FRED,D,2026-10-07
2015-09-01,48.8,USD/thùng,FRED,D,2026-10-07
2015-09-02,47.67,USD/thùng,FRED,D,2026-10-07
2015-09-03,50.41,USD/thùng,FRED,D,2026-10-07
2015-09-04,48.59,USD/thùng,FRED,D,2026-10-07
2015-09-07,46.42,USD/thùng,FRED,D,2026-10-07
2015-09-08,48.88,USD/thùng,FRED,D,2026-10-07
2015-09-09,48.04,USD/thùng,FRED,D,2026-10-07
2015-09-10,47.77,USD/thùng,FRED,D,2026-10-07
2015-09-11,46.87,USD/thùng,FRED,D,2026-10-07
2015-09-14,45.87,USD/thùng,FRED,D,2026-10-07
2015-09-15,45.91,USD/thùng,FRED,D,2026-10-07
2015-09-16,49.35,USD/thùng,FRED,D,2026-10-07
2015-09-17,48.27,USD/thùng,FRED,D,2026-10-07
2015-09-18,47.28,USD/thùng,FRED,D,2026-10-07
2015-09-21,47.64,USD/thùng,FRED,D,2026-10-07
2015-09-22,46.69,USD/thùng,FRED,D,2026-10-07
2015-09-23,48.0,USD/thùng,FRED,D,2026-10-07
2015-09-24,47.06,USD/thùng,FRED,D,2026-10-07
2015-09-25,47.28,USD/thùng,FRED,D,2026-10-07
2015-09-28,46.04,USD/thùng,FRED,D,2026-10-07
2015-09-29,47.58,USD/thùng,FRED,D,2026-10-07
2015-09-30,47.29,USD/thùng,FRED,D,2026-10-07
2015-10-01,47.48,USD/thùng,FRED,D,2026-10-07
2015-10-02,46.55,USD/thùng,FRED,D,2026-10-07
2015-10-05,49.45,USD/thùng,FRED,D,2026-10-07
2015-10-06,51.34,USD/thùng,FRED,D,2026-10-07
2015-10-07,51.66,USD/thùng,FRED,D,2026-10-07
2015-10-08,52.13,USD/thùng,FRED,D,2026-10-07
2015-10-09,52.08,USD/thùng,FRED,D,2026-10-07
2015-10-12,50.95,USD/thùng,FRED,D,2026-10-07
2015-10-13,48.94,USD/thùng,FRED,D,2026-10-07
2015-10-14,48.25,USD/thùng,FRED,D,2026-10-07
2015-10-15,47.87,USD/thùng,FRED,D,2026-10-07
2015-10-16,48.96,USD/thùng,FRED,D,2026-10-07
2015-10-19,47.51,USD/thùng,FRED,D,2026-10-07
2015-10-20,46.93,USD/thùng,FRED,D,2026-10-07
2015-10-21,46.72,USD/thùng,FRED,D,2026-10-07
2015-10-22,46.59,USD/thùng,FRED,D,2026-10-07
2015-10-23,46.3,USD/thùng,FRED,D,2026-10-07
2015-10-26,46.57,USD/thùng,FRED,D,2026-10-07
2015-10-27,45.54,USD/thùng,FRED,D,2026-10-07
2015-10-28,47.6,USD/thùng,FRED,D,2026-10-07
2015-10-29,48.04,USD/thùng,FRED,D,2026-10-07
2015-10-30,48.0,USD/thùng,FRED,D,2026-10-07
2015-11-02,47.91,USD/thùng,FRED,D,2026-10-07
2015-11-03,48.0,USD/thùng,FRED,D,2026-10-07
2015-11-04,46.96,USD/thùng,FRED,D,2026-10-07
2015-11-05,47.19,USD/thùng,FRED,D,2026-10-07
2015-11-06,46.09,USD/thùng,FRED,D,2026-10-07
2015-11-09,45.38,USD/thùng,FRED,D,2026-10-07
2015-11-10,46.44,USD/thùng,FRED,D,2026-10-07
2015-11-11,44.98,USD/thùng,FRED,D,2026-10-07
2015-11-12,44.98,USD/thùng,FRED,D,2026-10-07
2015-11-13,41.98,USD/thùng,FRED,D,2026-10-07
2015-11-16,40.28,USD/thùng,FRED,D,2026-10-07
2015-11-17,41.28,USD/thùng,FRED,D,2026-10-07
2015-11-18,41.45,USD/thùng,FRED,D,2026-10-07
2015-11-19,42.22,USD/thùng,FRED,D,2026-10-07
2015-11-20,42.49,USD/thùng,FRED,D,2026-10-07
2015-11-23,43.7,USD/thùng,FRED,D,2026-10-07
2015-11-24,44.38,USD/thùng,FRED,D,2026-10-07
2015-11-25,43.56,USD/thùng,FRED,D,2026-10-07
2015-11-26,43.55,USD/thùng,FRED,D,2026-10-07
2015-11-27,43.07,USD/thùng,FRED,D,2026-10-07
2015-11-30,43.73,USD/thùng,FRED,D,2026-10-07
2015-12-01,42.97,USD/thùng,FRED,D,2026-10-07
2015-12-02,41.92,USD/thùng,FRED,D,2026-10-07
2015-12-03,42.0,USD/thùng,FRED,D,2026-10-07
2015-12-04,41.44,USD/thùng,FRED,D,2026-10-07
2015-12-07,39.69,USD/thùng,FRED,D,2026-10-07
2015-12-08,39.44,USD/thùng,FRED,D,2026-10-07
2015-12-09,39.04,USD/thùng,FRED,D,2026-10-07
2015-12-10,38.65,USD/thùng,FRED,D,2026-10-07
2015-12-11,36.99,USD/thùng,FRED,D,2026-10-07
2015-12-14,36.51,USD/thùng,FRED,D,2026-10-07
2015-12-15,37.66,USD/thùng,FRED,D,2026-10-07
2015-12-16,36.96,USD/thùng,FRED,D,2026-10-07
2015-12-17,36.29,USD/thùng,FRED,D,2026-10-07
2015-12-18,36.76,USD/thùng,FRED,D,2026-10-07
2015-12-21,35.34,USD/thùng,FRED,D,2026-10-07
2015-12-22,35.26,USD/thùng,FRED,D,2026-10-07
2015-12-23,35.79,USD/thùng,FRED,D,2026-10-07
2015-12-24,37.22,USD/thùng,FRED,D,2026-10-07
2015-12-28,37.08,USD/thùng,FRED,D,2026-10-07
2015-12-29,36.85,USD/thùng,FRED,D,2026-10-07
2015-12-30,35.65,USD/thùng,FRED,D,2026-10-07
2015-12-31,36.61,USD/thùng,FRED,D,2026-10-07
2016-01-04,36.28,USD/thùng,FRED,D,2026-10-07
2016-01-05,35.56,USD/thùng,FRED,D,2026-10-07
2016-01-06,33.89,USD/thùng,FRED,D,2026-10-07
2016-01-07,33.57,USD/thùng,FRED,D,2026-10-07
2016-01-08,31.67,USD/thùng,FRED,D,2026-10-07
2016-01-11,30.14,USD/thùng,FRED,D,2026-10-07
2016-01-12,29.14,USD/thùng,FRED,D,2026-10-07
2016-01-13,28.58,USD/thùng,FRED,D,2026-10-07
2016-01-14,28.84,USD/thùng,FRED,D,2026-10-07
2016-01-15,28.8,USD/thùng,FRED,D,2026-10-07
2016-01-18,27.36,USD/thùng,FRED,D,2026-10-07
2016-01-19,27.36,USD/thùng,FRED,D,2026-10-07
2016-01-20,26.01,USD/thùng,FRED,D,2026-10-07
2016-01-21,27.59,USD/thùng,FRED,D,2026-10-07
2016-01-22,30.46,USD/thùng,FRED,D,2026-10-07
2016-01-25,29.82,USD/thùng,FRED,D,2026-10-07
2016-01-26,30.94,USD/thùng,FRED,D,2026-10-07
2016-01-27,31.83,USD/thùng,FRED,D,2026-10-07
2016-01-28,33.01,USD/thùng,FRED,D,2026-10-07
2016-01-29,33.14,USD/thùng,FRED,D,2026-10-07
2016-02-01,32.45,USD/thùng,FRED,D,2026-10-07
2016-02-02,30.98,USD/thùng,FRED,D,2026-10-07
2016-02-03,32.38,USD/thùng,FRED,D,2026-10-07
2016-02-04,32.76,USD/thùng,FRED,D,2026-10-07
2016-02-05,32.35,USD/thùng,FRED,D,2026-10-07
2016-02-08,31.64,USD/thùng,FRED,D,2026-10-07
2016-02-09,30.15,USD/thùng,FRED,D,2026-10-07
2016-02-10,29.64,USD/thùng,FRED,D,2026-10-07
2016-02-11,28.82,USD/thùng,FRED,D,2026-10-07
2016-02-12,31.8,USD/thùng,FRED,D,2026-10-07
2016-02-16,31.09,USD/thùng,FRED,D,2026-10-07
2016-02-17,33.21,USD/thùng,FRED,D,2026-10-07
2016-02-18,33.2,USD/thùng,FRED,D,2026-10-07
2016-02-19,31.66,USD/thùng,FRED,D,2026-10-07
2016-02-22,33.59,USD/thùng,FRED,D,2026-10-07
2016-02-23,31.9,USD/thùng,FRED,D,2026-10-07
2016-02-24,31.5,USD/thùng,FRED,D,2026-10-07
2016-02-25,32.83,USD/thùng,FRED,D,2026-10-07
2016-02-26,35.76,USD/thùng,FRED,D,2026-10-07
2016-02-29,35.92,USD/thùng,FRED,D,2026-10-07
2016-03-01,35.73,USD/thùng,FRED,D,2026-10-07
2016-03-02,36.38,USD/thùng,FRED,D,2026-10-07
2016-03-03,35.75,USD/thùng,FRED,D,2026-10-07
2016-03-04,37.61,USD/thùng,FRED,D,2026-10-07
2016-03-07,39.02,USD/thùng,FRED,D,2026-10-07
2016-03-08,39.16,USD/thùng,FRED,D,2026-10-07
2016-03-09,40.26,USD/thùng,FRED,D,2026-10-07
2016-03-10,38.63,USD/thùng,FRED,D,2026-10-07
2016-03-11,39.41,USD/thùng,FRED,D,2026-10-07
2016-03-14,38.06,USD/thùng,FRED,D,2026-10-07
2016-03-15,37.49,USD/thùng,FRED,D,2026-10-07
2016-03-16,38.38,USD/thùng,FRED,D,2026-10-07
2016-03-17,39.29,USD/thùng,FRED,D,2026-10-07
2016-03-18,39.26,USD/thùng,FRED,D,2026-10-07
2016-03-21,39.91,USD/thùng,FRED,D,2026-10-07
2016-03-22,40.54,USD/thùng,FRED,D,2026-10-07
2016-03-23,38.84,USD/thùng,FRED,D,2026-10-07
2016-03-24,38.33,USD/thùng,FRED,D,2026-10-07
2016-03-28,38.33,USD/thùng,FRED,D,2026-10-07
2016-03-29,36.75,USD/thùng,FRED,D,2026-10-07
2016-03-30,36.75,USD/thùng,FRED,D,2026-10-07
2016-03-31,36.75,USD/thùng,FRED,D,2026-10-07
2016-04-01,36.42,USD/thùng,FRED,D,2026-10-07
2016-04-04,36.05,USD/thùng,FRED,D,2026-10-07
2016-04-05,35.88,USD/thùng,FRED,D,2026-10-07
2016-04-06,37.77,USD/thùng,FRED,D,2026-10-07
2016-04-07,37.15,USD/thùng,FRED,D,2026-10-07
2016-04-08,40.71,USD/thùng,FRED,D,2026-10-07
2016-04-11,41.58,USD/thùng,FRED,D,2026-10-07
2016-04-12,43.02,USD/thùng,FRED,D,2026-10-07
2016-04-13,42.81,USD/thùng,FRED,D,2026-10-07
2016-04-14,43.02,USD/thùng,FRED,D,2026-10-07
2016-04-15,41.32,USD/thùng,FRED,D,2026-10-07
2016-04-18,41.64,USD/thùng,FRED,D,2026-10-07
2016-04-19,43.02,USD/thùng,FRED,D,2026-10-07
2016-04-20,43.09,USD/thùng,FRED,D,2026-10-07
2016-04-21,43.48,USD/thùng,FRED,D,2026-10-07
2016-04-22,43.97,USD/thùng,FRED,D,2026-10-07
2016-04-25,42.97,USD/thùng,FRED,D,2026-10-07
2016-04-26,43.94,USD/thùng,FRED,D,2026-10-07
2016-04-27,44.17,USD/thùng,FRED,D,2026-10-07
2016-04-28,45.6,USD/thùng,FRED,D,2026-10-07
2016-04-29,45.64,USD/thùng,FRED,D,2026-10-07
2016-05-02,45.82,USD/thùng,FRED,D,2026-10-07
2016-05-03,43.09,USD/thùng,FRED,D,2026-10-07
2016-05-04,43.08,USD/thùng,FRED,D,2026-10-07
2016-05-05,44.39,USD/thùng,FRED,D,2026-10-07
2016-05-06,44.6,USD/thùng,FRED,D,2026-10-07
2016-05-09,42.43,USD/thùng,FRED,D,2026-10-07
2016-05-10,44.01,USD/thùng,FRED,D,2026-10-07
2016-05-11,46.08,USD/thùng,FRED,D,2026-10-07
2016-05-12,46.43,USD/thùng,FRED,D,2026-10-07
2016-05-13,47.05,USD/thùng,FRED,D,2026-10-07
2016-05-16,48.49,USD/thùng,FRED,D,2026-10-07
2016-05-17,48.71,USD/thùng,FRED,D,2026-10-07
2016-05-18,48.93,USD/thùng,FRED,D,2026-10-07
2016-05-19,47.01,USD/thùng,FRED,D,2026-10-07
2016-05-20,48.54,USD/thùng,FRED,D,2026-10-07
2016-05-23,47.77,USD/thùng,FRED,D,2026-10-07
2016-05-24,48.42,USD/thùng,FRED,D,2026-10-07
2016-05-25,48.87,USD/thùng,FRED,D,2026-10-07
2016-05-26,49.52,USD/thùng,FRED,D,2026-10-07
2016-05-27,49.09,USD/thùng,FRED,D,2026-10-07
2016-05-31,49.26,USD/thùng,FRED,D,2026-10-07
2016-06-01,48.81,USD/thùng,FRED,D,2026-10-07
2016-06-02,49.05,USD/thùng,FRED,D,2026-10-07
2016-06-03,48.5,USD/thùng,FRED,D,2026-10-07
2016-06-06,48.94,USD/thùng,FRED,D,2026-10-07
2016-06-07,49.76,USD/thùng,FRED,D,2026-10-07
2016-06-08,50.73,USD/thùng,FRED,D,2026-10-07
2016-06-09,50.59,USD/thùng,FRED,D,2026-10-07
2016-06-10,49.7,USD/thùng,FRED,D,2026-10-07
2016-06-13,49.36,USD/thùng,FRED,D,2026-10-07
2016-06-14,47.88,USD/thùng,FRED,D,2026-10-07
2016-06-15,47.47,USD/thùng,FRED,D,2026-10-07
2016-06-16,45.66,USD/thùng,FRED,D,2026-10-07
2016-06-17,46.57,USD/thùng,FRED,D,2026-10-07
2016-06-20,48.68,USD/thùng,FRED,D,2026-10-07
2016-06-21,48.18,USD/thùng,FRED,D,2026-10-07
2016-06-22,48.43,USD/thùng,FRED,D,2026-10-07
2016-06-23,48.63,USD/thùng,FRED,D,2026-10-07
2016-06-24,46.69,USD/thùng,FRED,D,2026-10-07
2016-06-27,45.07,USD/thùng,FRED,D,2026-10-07
2016-06-28,46.29,USD/thùng,FRED,D,2026-10-07
2016-06-29,48.4,USD/thùng,FRED,D,2026-10-07
2016-06-30,48.05,USD/thùng,FRED,D,2026-10-07
2016-07-01,47.65,USD/thùng,FRED,D,2026-10-07
2016-07-04,48.02,USD/thùng,FRED,D,2026-10-07
2016-07-05,45.64,USD/thùng,FRED,D,2026-10-07
2016-07-06,45.7,USD/thùng,FRED,D,2026-10-07
2016-07-07,45.93,USD/thùng,FRED,D,2026-10-07
2016-07-08,44.53,USD/thùng,FRED,D,2026-10-07
2016-07-11,44.04,USD/thùng,FRED,D,2026-10-07
2016-07-12,46.72,USD/thùng,FRED,D,2026-10-07
2016-07-13,44.67,USD/thùng,FRED,D,2026-10-07
2016-07-14,46.01,USD/thùng,FRED,D,2026-10-07
2016-07-15,46.25,USD/thùng,FRED,D,2026-10-07
2016-07-18,45.35,USD/thùng,FRED,D,2026-10-07
2016-07-19,45.7,USD/thùng,FRED,D,2026-10-07
2016-07-20,45.82,USD/thùng,FRED,D,2026-10-07
2016-07-21,44.99,USD/thùng,FRED,D,2026-10-07
2016-07-22,44.24,USD/thùng,FRED,D,2026-10-07
2016-07-25,43.76,USD/thùng,FRED,D,2026-10-07
2016-07-26,43.56,USD/thùng,FRED,D,2026-10-07
2016-07-27,42.78,USD/thùng,FRED,D,2026-10-07
2016-07-28,41.87,USD/thùng,FRED,D,2026-10-07
2016-07-29,40.76,USD/thùng,FRED,D,2026-10-07
2016-08-01,40.17,USD/thùng,FRED,D,2026-10-07
2016-08-02,40.0,USD/thùng,FRED,D,2026-10-07
2016-08-03,40.45,USD/thùng,FRED,D,2026-10-07
2016-08-04,41.33,USD/thùng,FRED,D,2026-10-07
2016-08-05,42.47,USD/thùng,FRED,D,2026-10-07
2016-08-08,43.24,USD/thùng,FRED,D,2026-10-07
2016-08-09,43.37,USD/thùng,FRED,D,2026-10-07
2016-08-10,42.19,USD/thùng,FRED,D,2026-10-07
2016-08-11,44.23,USD/thùng,FRED,D,2026-10-07
2016-08-12,45.12,USD/thùng,FRED,D,2026-10-07
2016-08-15,47.31,USD/thùng,FRED,D,2026-10-07
2016-08-16,48.27,USD/thùng,FRED,D,2026-10-07
2016-08-17,48.58,USD/thùng,FRED,D,2026-10-07
2016-08-18,49.46,USD/thùng,FRED,D,2026-10-07
2016-08-19,49.39,USD/thùng,FRED,D,2026-10-07
2016-08-22,48.1,USD/thùng,FRED,D,2026-10-07
2016-08-23,48.7,USD/thùng,FRED,D,2026-10-07
2016-08-24,47.56,USD/thùng,FRED,D,2026-10-07
2016-08-25,49.25,USD/thùng,FRED,D,2026-10-07
2016-08-26,49.66,USD/thùng,FRED,D,2026-10-07
2016-08-29,49.66,USD/thùng,FRED,D,2026-10-07
2016-08-30,47.94,USD/thùng,FRED,D,2026-10-07
2016-08-31,47.94,USD/thùng,FRED,D,2026-10-07
2016-09-01,45.05,USD/thùng,FRED,D,2026-10-07
2016-09-02,45.96,USD/thùng,FRED,D,2026-10-07
2016-09-05,46.72,USD/thùng,FRED,D,2026-10-07
2016-09-06,46.21,USD/thùng,FRED,D,2026-10-07
2016-09-07,47.0,USD/thùng,FRED,D,2026-10-07
2016-09-08,49.23,USD/thùng,FRED,D,2026-10-07
2016-09-09,48.37,USD/thùng,FRED,D,2026-10-07
2016-09-12,47.82,USD/thùng,FRED,D,2026-10-07
2016-09-13,46.48,USD/thùng,FRED,D,2026-10-07
2016-09-14,45.65,USD/thùng,FRED,D,2026-10-07
2016-09-15,45.83,USD/thùng,FRED,D,2026-10-07
2016-09-16,45.26,USD/thùng,FRED,D,2026-10-07
2016-09-19,46.04,USD/thùng,FRED,D,2026-10-07
2016-09-20,45.24,USD/thùng,FRED,D,2026-10-07
2016-09-21,45.99,USD/thùng,FRED,D,2026-10-07
2016-09-22,47.21,USD/thùng,FRED,D,2026-10-07
2016-09-23,46.71,USD/thùng,FRED,D,2026-10-07
2016-09-26,46.61,USD/thùng,FRED,D,2026-10-07
2016-09-27,44.95,USD/thùng,FRED,D,2026-10-07
2016-09-28,45.49,USD/thùng,FRED,D,2026-10-07
2016-09-29,48.43,USD/thùng,FRED,D,2026-10-07
2016-09-30,48.24,USD/thùng,FRED,D,2026-10-07
2016-10-03,48.61,USD/thùng,FRED,D,2026-10-07
2016-10-04,48.81,USD/thùng,FRED,D,2026-10-07
2016-10-05,49.57,USD/thùng,FRED,D,2026-10-07
2016-10-06,50.14,USD/thùng,FRED,D,2026-10-07
2016-10-07,50.49,USD/thùng,FRED,D,2026-10-07
2016-10-10,51.54,USD/thùng,FRED,D,2026-10-07
2016-10-11,50.48,USD/thùng,FRED,D,2026-10-07
2016-10-12,49.53,USD/thùng,FRED,D,2026-10-07
2016-10-13,49.29,USD/thùng,FRED,D,2026-10-07
2016-10-14,48.87,USD/thùng,FRED,D,2026-10-07
2016-10-17,49.31,USD/thùng,FRED,D,2026-10-07
2016-10-18,49.81,USD/thùng,FRED,D,2026-10-07
2016-10-19,51.85,USD/thùng,FRED,D,2026-10-07
2016-10-20,50.42,USD/thùng,FRED,D,2026-10-07
2016-10-21,50.28,USD/thùng,FRED,D,2026-10-07
2016-10-24,49.8,USD/thùng,FRED,D,2026-10-07
2016-10-25,49.08,USD/thùng,FRED,D,2026-10-07
2016-10-26,48.98,USD/thùng,FRED,D,2026-10-07
2016-10-27,49.13,USD/thùng,FRED,D,2026-10-07
2016-10-28,47.78,USD/thùng,FRED,D,2026-10-07
2016-10-31,46.2,USD/thùng,FRED,D,2026-10-07
2016-11-01,45.77,USD/thùng,FRED,D,2026-10-07
2016-11-02,44.26,USD/thùng,FRED,D,2026-10-07
2016-11-03,43.84,USD/thùng,FRED,D,2026-10-07
2016-11-04,43.06,USD/thùng,FRED,D,2026-10-07
2016-11-07,42.83,USD/thùng,FRED,D,2026-10-07
2016-11-08,43.47,USD/thùng,FRED,D,2026-10-07
2016-11-09,43.88,USD/thùng,FRED,D,2026-10-07
2016-11-10,43.67,USD/thùng,FRED,D,2026-10-07
2016-11-11,41.61,USD/thùng,FRED,D,2026-10-07
2016-11-14,41.83,USD/thùng,FRED,D,2026-10-07
2016-11-15,44.15,USD/thùng,FRED,D,2026-10-07
2016-11-16,45.07,USD/thùng,FRED,D,2026-10-07
2016-11-17,44.57,USD/thùng,FRED,D,2026-10-07
2016-11-18,44.41,USD/thùng,FRED,D,2026-10-07
2016-11-21,45.96,USD/thùng,FRED,D,2026-10-07
2016-11-22,46.1,USD/thùng,FRED,D,2026-10-07
2016-11-23,46.54,USD/thùng,FRED,D,2026-10-07
2016-11-24,47.54,USD/thùng,FRED,D,2026-10-07
2016-11-25,46.32,USD/thùng,FRED,D,2026-10-07
2016-11-28,46.64,USD/thùng,FRED,D,2026-10-07
2016-11-29,44.68,USD/thùng,FRED,D,2026-10-07
2016-11-30,47.95,USD/thùng,FRED,D,2026-10-07
2016-12-01,52.28,USD/thùng,FRED,D,2026-10-07
2016-12-02,52.35,USD/thùng,FRED,D,2026-10-07
2016-12-05,53.3,USD/thùng,FRED,D,2026-10-07
2016-12-06,52.31,USD/thùng,FRED,D,2026-10-07
2016-12-07,51.9,USD/thùng,FRED,D,2026-10-07
2016-12-08,51.6,USD/thùng,FRED,D,2026-10-07
2016-12-09,52.19,USD/thùng,FRED,D,2026-10-07
2016-12-12,53.99,USD/thùng,FRED,D,2026-10-07
2016-12-13,53.28,USD/thùng,FRED,D,2026-10-07
2016-12-14,53.15,USD/thùng,FRED,D,2026-10-07
2016-12-15,51.72,USD/thùng,FRED,D,2026-10-07
2016-12-16,54.15,USD/thùng,FRED,D,2026-10-07
2016-12-19,53.53,USD/thùng,FRED,D,2026-10-07
2016-12-20,54.56,USD/thùng,FRED,D,2026-10-07
2016-12-21,53.01,USD/thùng,FRED,D,2026-10-07
2016-12-22,54.04,USD/thùng,FRED,D,2026-10-07
2016-12-23,53.93,USD/thùng,FRED,D,2026-10-07
2016-12-28,54.95,USD/thùng,FRED,D,2026-10-07
2016-12-29,54.97,USD/thùng,FRED,D,2026-10-07
2016-12-30,54.96,USD/thùng,FRED,D,2026-10-07
2017-01-03,55.05,USD/thùng,FRED,D,2026-10-07
2017-01-04,54.57,USD/thùng,FRED,D,2026-10-07
2017-01-05,54.99,USD/thùng,FRED,D,2026-10-07
2017-01-06,55.9,USD/thùng,FRED,D,2026-10-07
2017-01-09,54.39,USD/thùng,FRED,D,2026-10-07
2017-01-10,53.2,USD/thùng,FRED,D,2026-10-07
2017-01-11,53.61,USD/thùng,FRED,D,2026-10-07
2017-01-12,54.51,USD/thùng,FRED,D,2026-10-07
2017-01-13,54.37,USD/thùng,FRED,D,2026-10-07
2017-01-16,54.3,USD/thùng,FRED,D,2026-10-07
2017-01-17,54.68,USD/thùng,FRED,D,2026-10-07
2017-01-18,53.77,USD/thùng,FRED,D,2026-10-07
2017-01-19,53.18,USD/thùng,FRED,D,2026-10-07
2017-01-20,55.04,USD/thùng,FRED,D,2026-10-07
2017-01-23,54.8,USD/thùng,FRED,D,2026-10-07
2017-01-24,54.7,USD/thùng,FRED,D,2026-10-07
2017-01-25,54.34,USD/thùng,FRED,D,2026-10-07
2017-01-26,55.89,USD/thùng,FRED,D,2026-10-07
2017-01-27,54.8,USD/thùng,FRED,D,2026-10-07
2017-01-30,54.77,USD/thùng,FRED,D,2026-10-07
2017-01-31,55.25,USD/thùng,FRED,D,2026-10-07
2017-02-01,55.79,USD/thùng,FRED,D,2026-10-07
2017-02-02,55.94,USD/thùng,FRED,D,2026-10-07
2017-02-03,55.92,USD/thùng,FRED,D,2026-10-07
2017-02-06,55.02,USD/thùng,FRED,D,2026-10-07
2017-02-07,53.79,USD/thùng,FRED,D,2026-10-07
2017-02-08,54.42,USD/thùng,FRED,D,2026-10-07
2017-02-09,53.98,USD/thùng,FRED,D,2026-10-07
2017-02-10,55.2,USD/thùng,FRED,D,2026-10-07
2017-02-13,54.15,USD/thùng,FRED,D,2026-10-07
2017-02-14,54.96,USD/thùng,FRED,D,2026-10-07
2017-02-15,54.57,USD/thùng,FRED,D,2026-10-07
2017-02-16,54.16,USD/thùng,FRED,D,2026-10-07
2017-02-17,54.48,USD/thùng,FRED,D,2026-10-07
2017-02-20,55.25,USD/thùng,FRED,D,2026-10-07
2017-02-21,56.34,USD/thùng,FRED,D,2026-10-07
2017-02-22,54.9,USD/thùng,FRED,D,2026-10-07
2017-02-23,55.82,USD/thùng,FRED,D,2026-10-07
2017-02-24,54.69,USD/thùng,FRED,D,2026-10-07
2017-02-27,54.65,USD/thùng,FRED,D,2026-10-07
2017-02-28,53.36,USD/thùng,FRED,D,2026-10-07
2017-03-01,55.72,USD/thùng,FRED,D,2026-10-07
2017-03-02,54.16,USD/thùng,FRED,D,2026-10-07
2017-03-03,54.12,USD/thùng,FRED,D,2026-10-07
2017-03-06,54.73,USD/thùng,FRED,D,2026-10-07
2017-03-07,54.61,USD/thùng,FRED,D,2026-10-07
2017-03-08,53.3,USD/thùng,FRED,D,2026-10-07
2017-03-09,50.65,USD/thùng,FRED,D,2026-10-07
2017-03-10,50.63,USD/thùng,FRED,D,2026-10-07
2017-03-13,50.1,USD/thùng,FRED,D,2026-10-07
2017-03-14,49.6,USD/thùng,FRED,D,2026-10-07
2017-03-15,50.63,USD/thùng,FRED,D,2026-10-07
2017-03-16,50.56,USD/thùng,FRED,D,2026-10-07
2017-03-17,50.58,USD/thùng,FRED,D,2026-10-07
2017-03-20,50.67,USD/thùng,FRED,D,2026-10-07
2017-03-21,50.14,USD/thùng,FRED,D,2026-10-07
2017-03-22,49.56,USD/thùng,FRED,D,2026-10-07
2017-03-23,50.17,USD/thùng,FRED,D,2026-10-07
2017-03-24,49.97,USD/thùng,FRED,D,2026-10-07
2017-03-27,50.12,USD/thùng,FRED,D,2026-10-07
2017-03-28,50.72,USD/thùng,FRED,D,2026-10-07
2017-03-29,51.36,USD/thùng,FRED,D,2026-10-07
2017-03-30,52.25,USD/thùng,FRED,D,2026-10-07
2017-03-31,52.2,USD/thùng,FRED,D,2026-10-07
2017-04-03,52.04,USD/thùng,FRED,D,2026-10-07
2017-04-04,53.08,USD/thùng,FRED,D,2026-10-07
2017-04-05,53.41,USD/thùng,FRED,D,2026-10-07
2017-04-06,53.62,USD/thùng,FRED,D,2026-10-07
2017-04-07,54.24,USD/thùng,FRED,D,2026-10-07
2017-04-10,54.79,USD/thùng,FRED,D,2026-10-07
2017-04-11,54.73,USD/thùng,FRED,D,2026-10-07
2017-04-12,54.75,USD/thùng,FRED,D,2026-10-07
2017-04-13,55.05,USD/thùng,FRED,D,2026-10-07
2017-04-17,54.79,USD/thùng,FRED,D,2026-10-07
2017-04-18,52.6,USD/thùng,FRED,D,2026-10-07
2017-04-19,52.43,USD/thùng,FRED,D,2026-10-07
2017-04-20,50.66,USD/thùng,FRED,D,2026-10-07
2017-04-21,49.93,USD/thùng,FRED,D,2026-10-07
2017-04-24,49.45,USD/thùng,FRED,D,2026-10-07
2017-04-25,49.37,USD/thùng,FRED,D,2026-10-07
2017-04-26,49.99,USD/thùng,FRED,D,2026-10-07
2017-04-27,49.46,USD/thùng,FRED,D,2026-10-07
2017-04-28,49.46,USD/thùng,FRED,D,2026-10-07
2017-05-01,50.41,USD/thùng,FRED,D,2026-10-07
2017-05-02,49.31,USD/thùng,FRED,D,2026-10-07
2017-05-03,48.82,USD/thùng,FRED,D,2026-10-07
2017-05-04,47.53,USD/thùng,FRED,D,2026-10-07
2017-05-05,47.45,USD/thùng,FRED,D,2026-10-07
2017-05-08,46.61,USD/thùng,FRED,D,2026-10-07
2017-05-09,47.06,USD/thùng,FRED,D,2026-10-07
2017-05-10,48.09,USD/thùng,FRED,D,2026-10-07
2017-05-11,49.18,USD/thùng,FRED,D,2026-10-07
2017-05-12,49.08,USD/thùng,FRED,D,2026-10-07
2017-05-15,51.29,USD/thùng,FRED,D,2026-10-07
2017-05-16,51.21,USD/thùng,FRED,D,2026-10-07
2017-05-17,51.76,USD/thùng,FRED,D,2026-10-07
2017-05-18,51.71,USD/thùng,FRED,D,2026-10-07
2017-05-19,52.78,USD/thùng,FRED,D,2026-10-07
2017-05-22,53.35,USD/thùng,FRED,D,2026-10-07
2017-05-23,53.19,USD/thùng,FRED,D,2026-10-07
2017-05-24,53.29,USD/thùng,FRED,D,2026-10-07
2017-05-25,52.25,USD/thùng,FRED,D,2026-10-07
2017-05-26,50.84,USD/thùng,FRED,D,2026-10-07
2017-05-29,52.25,USD/thùng,FRED,D,2026-10-07
2017-05-30,50.65,USD/thùng,FRED,D,2026-10-07
2017-05-31,49.4,USD/thùng,FRED,D,2026-10-07
2017-06-01,50.41,USD/thùng,FRED,D,2026-10-07
2017-06-02,48.46,USD/thùng,FRED,D,2026-10-07
2017-06-05,48.25,USD/thùng,FRED,D,2026-10-07
2017-06-06,48.11,USD/thùng,FRED,D,2026-10-07
2017-06-07,47.08,USD/thùng,FRED,D,2026-10-07
2017-06-08,46.3,USD/thùng,FRED,D,2026-10-07
2017-06-09,46.64,USD/thùng,FRED,D,2026-10-07
2017-06-12,47.18,USD/thùng,FRED,D,2026-10-07
2017-06-13,46.95,USD/thùng,FRED,D,2026-10-07
2017-06-14,45.47,USD/thùng,FRED,D,2026-10-07
2017-06-15,45.61,USD/thùng,FRED,D,2026-10-07
2017-06-16,45.7,USD/thùng,FRED,D,2026-10-07
2017-06-19,45.93,USD/thùng,FRED,D,2026-10-07
2017-06-20,43.98,USD/thùng,FRED,D,2026-10-07
2017-06-21,44.62,USD/thùng,FRED,D,2026-10-07
2017-06-22,44.46,USD/thùng,FRED,D,2026-10-07
2017-06-23,44.14,USD/thùng,FRED,D,2026-10-07
2017-06-26,44.09,USD/thùng,FRED,D,2026-10-07
2017-06-27,46.17,USD/thùng,FRED,D,2026-10-07
2017-06-28,46.45,USD/thùng,FRED,D,2026-10-07
2017-06-29,47.02,USD/thùng,FRED,D,2026-10-07
2017-06-30,47.08,USD/thùng,FRED,D,2026-10-07
2017-07-03,49.13,USD/thùng,FRED,D,2026-10-07
2017-07-04,49.15,USD/thùng,FRED,D,2026-10-07
2017-07-05,47.58,USD/thùng,FRED,D,2026-10-07
2017-07-06,48.53,USD/thùng,FRED,D,2026-10-07
2017-07-07,46.47,USD/thùng,FRED,D,2026-10-07
2017-07-10,46.57,USD/thùng,FRED,D,2026-10-07
2017-07-11,46.68,USD/thùng,FRED,D,2026-10-07
2017-07-12,46.73,USD/thùng,FRED,D,2026-10-07
2017-07-13,47.65,USD/thùng,FRED,D,2026-10-07
2017-07-14,47.89,USD/thùng,FRED,D,2026-10-07
2017-07-17,47.66,USD/thùng,FRED,D,2026-10-07
2017-07-18,47.92,USD/thùng,FRED,D,2026-10-07
2017-07-19,48.34,USD/thùng,FRED,D,2026-10-07
2017-07-20,48.54,USD/thùng,FRED,D,2026-10-07
2017-07-21,47.47,USD/thùng,FRED,D,2026-10-07
2017-07-24,47.81,USD/thùng,FRED,D,2026-10-07
2017-07-25,49.19,USD/thùng,FRED,D,2026-10-07
2017-07-26,50.08,USD/thùng,FRED,D,2026-10-07
2017-07-27,50.67,USD/thùng,FRED,D,2026-10-07
2017-07-28,52.0,USD/thùng,FRED,D,2026-10-07
2017-07-31,51.99,USD/thùng,FRED,D,2026-10-07
2017-08-01,50.77,USD/thùng,FRED,D,2026-10-07
2017-08-02,52.09,USD/thùng,FRED,D,2026-10-07
2017-08-03,52.88,USD/thùng,FRED,D,2026-10-07
2017-08-04,52.48,USD/thùng,FRED,D,2026-10-07
2017-08-07,51.42,USD/thùng,FRED,D,2026-10-07
2017-08-08,52.18,USD/thùng,FRED,D,2026-10-07
2017-08-09,52.16,USD/thùng,FRED,D,2026-10-07
2017-08-10,52.59,USD/thùng,FRED,D,2026-10-07
2017-08-11,51.47,USD/thùng,FRED,D,2026-10-07
2017-08-14,51.29,USD/thùng,FRED,D,2026-10-07
2017-08-15,49.9,USD/thùng,FRED,D,2026-10-07
2017-08-16,50.39,USD/thùng,FRED,D,2026-10-07
2017-08-17,50.37,USD/thùng,FRED,D,2026-10-07
2017-08-18,50.96,USD/thùng,FRED,D,2026-10-07
2017-08-21,51.94,USD/thùng,FRED,D,2026-10-07
2017-08-22,52.29,USD/thùng,FRED,D,2026-10-07
2017-08-23,52.31,USD/thùng,FRED,D,2026-10-07
2017-08-24,51.73,USD/thùng,FRED,D,2026-10-07
2017-08-25,51.87,USD/thùng,FRED,D,2026-10-07
2017-08-28,51.87,USD/thùng,FRED,D,2026-10-07
2017-08-29,51.64,USD/thùng,FRED,D,2026-10-07
2017-08-30,51.91,USD/thùng,FRED,D,2026-10-07
2017-08-31,52.69,USD/thùng,FRED,D,2026-10-07
2017-09-01,53.15,USD/thùng,FRED,D,2026-10-07
2017-09-04,52.6,USD/thùng,FRED,D,2026-10-07
2017-09-05,53.63,USD/thùng,FRED,D,2026-10-07
2017-09-06,54.48,USD/thùng,FRED,D,2026-10-07
2017-09-07,54.16,USD/thùng,FRED,D,2026-10-07
2017-09-08,54.55,USD/thùng,FRED,D,2026-10-07
2017-09-11,54.2,USD/thùng,FRED,D,2026-10-07
2017-09-12,55.06,USD/thùng,FRED,D,2026-10-07
2017-09-13,55.52,USD/thùng,FRED,D,2026-10-07
2017-09-14,56.76,USD/thùng,FRED,D,2026-10-07
2017-09-15,56.18,USD/thùng,FRED,D,2026-10-07
2017-09-18,55.5,USD/thùng,FRED,D,2026-10-07
2017-09-19,56.58,USD/thùng,FRED,D,2026-10-07
2017-09-20,57.2,USD/thùng,FRED,D,2026-10-07
2017-09-21,57.73,USD/thùng,FRED,D,2026-10-07
2017-09-22,58.16,USD/thùng,FRED,D,2026-10-07
2017-09-25,59.42,USD/thùng,FRED,D,2026-10-07
2017-09-26,59.77,USD/thùng,FRED,D,2026-10-07
2017-09-27,58.74,USD/thùng,FRED,D,2026-10-07
2017-09-28,58.8,USD/thùng,FRED,D,2026-10-07
2017-09-29,57.02,USD/thùng,FRED,D,2026-10-07
2017-10-02,55.67,USD/thùng,FRED,D,2026-10-07
2017-10-03,56.12,USD/thùng,FRED,D,2026-10-07
2017-10-04,56.0,USD/thùng,FRED,D,2026-10-07
2017-10-05,57.09,USD/thùng,FRED,D,2026-10-07
2017-10-06,55.5,USD/thùng,FRED,D,2026-10-07
2017-10-09,55.29,USD/thùng,FRED,D,2026-10-07
2017-10-10,56.62,USD/thùng,FRED,D,2026-10-07
2017-10-11,56.13,USD/thùng,FRED,D,2026-10-07
2017-10-12,56.13,USD/thùng,FRED,D,2026-10-07
2017-10-13,56.86,USD/thùng,FRED,D,2026-10-07
2017-10-16,57.49,USD/thùng,FRED,D,2026-10-07
2017-10-17,57.63,USD/thùng,FRED,D,2026-10-07
2017-10-18,58.05,USD/thùng,FRED,D,2026-10-07
2017-10-19,57.82,USD/thùng,FRED,D,2026-10-07
2017-10-20,57.89,USD/thùng,FRED,D,2026-10-07
2017-10-23,57.69,USD/thùng,FRED,D,2026-10-07
2017-10-24,57.84,USD/thùng,FRED,D,2026-10-07
2017-10-25,58.45,USD/thùng,FRED,D,2026-10-07
2017-10-26,58.75,USD/thùng,FRED,D,2026-10-07
2017-10-27,60.15,USD/thùng,FRED,D,2026-10-07
2017-10-30,60.65,USD/thùng,FRED,D,2026-10-07
2017-10-31,61.35,USD/thùng,FRED,D,2026-10-07
2017-11-01,60.98,USD/thùng,FRED,D,2026-10-07
2017-11-02,60.79,USD/thùng,FRED,D,2026-10-07
2017-11-03,61.42,USD/thùng,FRED,D,2026-10-07
2017-11-06,64.27,USD/thùng,FRED,D,2026-10-07
2017-11-07,64.36,USD/thùng,FRED,D,2026-10-07
2017-11-08,63.96,USD/thùng,FRED,D,2026-10-07
2017-11-09,64.49,USD/thùng,FRED,D,2026-10-07
2017-11-10,64.35,USD/thùng,FRED,D,2026-10-07
2017-11-13,62.94,USD/thùng,FRED,D,2026-10-07
2017-11-14,60.91,USD/thùng,FRED,D,2026-10-07
2017-11-15,61.25,USD/thùng,FRED,D,2026-10-07
2017-11-16,61.18,USD/thùng,FRED,D,2026-10-07
2017-11-17,61.34,USD/thùng,FRED,D,2026-10-07
2017-11-20,61.34,USD/thùng,FRED,D,2026-10-07
2017-11-21,62.28,USD/thùng,FRED,D,2026-10-07
2017-11-22,62.92,USD/thùng,FRED,D,2026-10-07
2017-11-23,63.27,USD/thùng,FRED,D,2026-10-07
2017-11-24,63.58,USD/thùng,FRED,D,2026-10-07
2017-11-27,63.25,USD/thùng,FRED,D,2026-10-07
2017-11-28,63.56,USD/thùng,FRED,D,2026-10-07
2017-11-29,63.74,USD/thùng,FRED,D,2026-10-07
2017-11-30,63.53,USD/thùng,FRED,D,2026-10-07
2017-12-01,64.57,USD/thùng,FRED,D,2026-10-07
2017-12-04,63.45,USD/thùng,FRED,D,2026-10-07
2017-12-05,63.45,USD/thùng,FRED,D,2026-10-07
2017-12-06,62.25,USD/thùng,FRED,D,2026-10-07
2017-12-07,62.37,USD/thùng,FRED,D,2026-10-07
2017-12-08,63.86,USD/thùng,FRED,D,2026-10-07
2017-12-11,65.62,USD/thùng,FRED,D,2026-10-07
2017-12-12,64.96,USD/thùng,FRED,D,2026-10-07
2017-12-13,63.66,USD/thùng,FRED,D,2026-10-07
2017-12-14,63.72,USD/thùng,FRED,D,2026-10-07
2017-12-15,63.81,USD/thùng,FRED,D,2026-10-07
2017-12-18,64.45,USD/thùng,FRED,D,2026-10-07
2017-12-19,63.69,USD/thùng,FRED,D,2026-10-07
2017-12-20,64.43,USD/thùng,FRED,D,2026-10-07
2017-12-21,64.64,USD/thùng,FRED,D,2026-10-07
2017-12-22,64.61,USD/thùng,FRED,D,2026-10-07
2017-12-27,66.03,USD/thùng,FRED,D,2026-10-07
2017-12-28,66.8,USD/thùng,FRED,D,2026-10-07
2017-12-29,66.73,USD/thùng,FRED,D,2026-10-07
2018-01-02,66.65,USD/thùng,FRED,D,2026-10-07
2018-01-03,67.85,USD/thùng,FRED,D,2026-10-07
2018-01-04,68.73,USD/thùng,FRED,D,2026-10-07
2018-01-05,68.01,USD/thùng,FRED,D,2026-10-07
2018-01-08,68.48,USD/thùng,FRED,D,2026-10-07
2018-01-09,69.08,USD/thùng,FRED,D,2026-10-07
2018-01-10,69.79,USD/thùng,FRED,D,2026-10-07
2018-01-11,70.36,USD/thùng,FRED,D,2026-10-07
2018-01-12,69.64,USD/thùng,FRED,D,2026-10-07
2018-01-15,70.31,USD/thùng,FRED,D,2026-10-07
2018-01-16,69.4,USD/thùng,FRED,D,2026-10-07
2018-01-17,69.19,USD/thùng,FRED,D,2026-10-07
2018-01-18,69.48,USD/thùng,FRED,D,2026-10-07
2018-01-19,68.56,USD/thùng,FRED,D,2026-10-07
2018-01-22,69.32,USD/thùng,FRED,D,2026-10-07
2018-01-23,69.81,USD/thùng,FRED,D,2026-10-07
2018-01-24,69.91,USD/thùng,FRED,D,2026-10-07
2018-01-25,71.08,USD/thùng,FRED,D,2026-10-07
2018-01-26,70.08,USD/thùng,FRED,D,2026-10-07
2018-01-29,68.41,USD/thùng,FRED,D,2026-10-07
2018-01-30,67.78,USD/thùng,FRED,D,2026-10-07
2018-01-31,67.78,USD/thùng,FRED,D,2026-10-07
2018-02-01,68.6,USD/thùng,FRED,D,2026-10-07
2018-02-02,67.45,USD/thùng,FRED,D,2026-10-07
2018-02-05,67.69,USD/thùng,FRED,D,2026-10-07
2018-02-06,66.75,USD/thùng,FRED,D,2026-10-07
2018-02-07,65.74,USD/thùng,FRED,D,2026-10-07
2018-02-08,64.26,USD/thùng,FRED,D,2026-10-07
2018-02-09,63.04,USD/thùng,FRED,D,2026-10-07
2018-02-12,62.2,USD/thùng,FRED,D,2026-10-07
2018-02-13,61.94,USD/thùng,FRED,D,2026-10-07
2018-02-14,62.29,USD/thùng,FRED,D,2026-10-07
2018-02-15,62.86,USD/thùng,FRED,D,2026-10-07
2018-02-16,64.3,USD/thùng,FRED,D,2026-10-07
2018-02-19,64.95,USD/thùng,FRED,D,2026-10-07
2018-02-20,64.68,USD/thùng,FRED,D,2026-10-07
2018-02-21,64.81,USD/thùng,FRED,D,2026-10-07
2018-02-22,66.12,USD/thùng,FRED,D,2026-10-07
2018-02-23,67.04,USD/thùng,FRED,D,2026-10-07
2018-02-26,67.96,USD/thùng,FRED,D,2026-10-07
2018-02-27,67.59,USD/thùng,FRED,D,2026-10-07
2018-02-28,66.08,USD/thùng,FRED,D,2026-10-07
2018-03-01,64.23,USD/thùng,FRED,D,2026-10-07
2018-03-02,64.26,USD/thùng,FRED,D,2026-10-07
2018-03-05,65.78,USD/thùng,FRED,D,2026-10-07
2018-03-06,65.67,USD/thùng,FRED,D,2026-10-07
2018-03-07,65.09,USD/thùng,FRED,D,2026-10-07
2018-03-08,63.87,USD/thùng,FRED,D,2026-10-07
2018-03-09,65.19,USD/thùng,FRED,D,2026-10-07
2018-03-12,64.53,USD/thùng,FRED,D,2026-10-07
2018-03-13,64.2,USD/thùng,FRED,D,2026-10-07
2018-03-14,63.61,USD/thùng,FRED,D,2026-10-07
2018-03-15,63.67,USD/thùng,FRED,D,2026-10-07
2018-03-16,64.68,USD/thùng,FRED,D,2026-10-07
2018-03-19,64.82,USD/thùng,FRED,D,2026-10-07
2018-03-20,66.0,USD/thùng,FRED,D,2026-10-07
2018-03-21,68.15,USD/thùng,FRED,D,2026-10-07
2018-03-22,68.98,USD/thùng,FRED,D,2026-10-07
2018-03-23,69.03,USD/thùng,FRED,D,2026-10-07
2018-03-26,68.81,USD/thùng,FRED,D,2026-10-07
2018-03-27,68.63,USD/thùng,FRED,D,2026-10-07
2018-03-28,68.13,USD/thùng,FRED,D,2026-10-07
2018-03-29,69.02,USD/thùng,FRED,D,2026-10-07
2018-04-03,69.02,USD/thùng,FRED,D,2026-10-07
2018-04-04,66.04,USD/thùng,FRED,D,2026-10-07
2018-04-05,66.54,USD/thùng,FRED,D,2026-10-07
2018-04-06,66.51,USD/thùng,FRED,D,2026-10-07
2018-04-09,68.19,USD/thùng,FRED,D,2026-10-07
2018-04-10,70.67,USD/thùng,FRED,D,2026-10-07
2018-04-11,72.74,USD/thùng,FRED,D,2026-10-07
2018-04-12,71.44,USD/thùng,FRED,D,2026-10-07
2018-04-13,73.18,USD/thùng,FRED,D,2026-10-07
2018-04-16,72.05,USD/thùng,FRED,D,2026-10-07
2018-04-17,71.71,USD/thùng,FRED,D,2026-10-07
2018-04-18,73.73,USD/thùng,FRED,D,2026-10-07
2018-04-19,74.85,USD/thùng,FRED,D,2026-10-07
2018-04-20,74.62,USD/thùng,FRED,D,2026-10-07
2018-04-23,74.54,USD/thùng,FRED,D,2026-10-07
2018-04-24,75.86,USD/thùng,FRED,D,2026-10-07
2018-04-25,73.79,USD/thùng,FRED,D,2026-10-07
2018-04-26,75.39,USD/thùng,FRED,D,2026-10-07
2018-04-27,75.33,USD/thùng,FRED,D,2026-10-07
2018-04-30,75.92,USD/thùng,FRED,D,2026-10-07
2018-05-01,74.85,USD/thùng,FRED,D,2026-10-07
2018-05-02,73.14,USD/thùng,FRED,D,2026-10-07
2018-05-03,73.45,USD/thùng,FRED,D,2026-10-07
2018-05-04,74.75,USD/thùng,FRED,D,2026-10-07
2018-05-08,74.16,USD/thùng,FRED,D,2026-10-07
2018-05-09,77.6,USD/thùng,FRED,D,2026-10-07
2018-05-10,77.59,USD/thùng,FRED,D,2026-10-07
2018-05-11,77.37,USD/thùng,FRED,D,2026-10-07
2018-05-14,78.17,USD/thùng,FRED,D,2026-10-07
2018-05-15,78.94,USD/thùng,FRED,D,2026-10-07
2018-05-16,78.19,USD/thùng,FRED,D,2026-10-07
2018-05-17,80.09,USD/thùng,FRED,D,2026-10-07
2018-05-18,78.38,USD/thùng,FRED,D,2026-10-07
2018-05-21,78.34,USD/thùng,FRED,D,2026-10-07
2018-05-22,80.42,USD/thùng,FRED,D,2026-10-07
2018-05-23,78.69,USD/thùng,FRED,D,2026-10-07
2018-05-24,78.9,USD/thùng,FRED,D,2026-10-07
2018-05-25,76.6,USD/thùng,FRED,D,2026-10-07
2018-05-29,74.51,USD/thùng,FRED,D,2026-10-07
2018-05-30,75.89,USD/thùng,FRED,D,2026-10-07
2018-05-31,76.45,USD/thùng,FRED,D,2026-10-07
2018-06-01,74.54,USD/thùng,FRED,D,2026-10-07
2018-06-04,73.41,USD/thùng,FRED,D,2026-10-07
2018-06-05,72.91,USD/thùng,FRED,D,2026-10-07
2018-06-06,73.23,USD/thùng,FRED,D,2026-10-07
2018-06-07,75.23,USD/thùng,FRED,D,2026-10-07
2018-06-08,75.11,USD/thùng,FRED,D,2026-10-07
2018-06-11,74.58,USD/thùng,FRED,D,2026-10-07
2018-06-12,74.86,USD/thùng,FRED,D,2026-10-07
2018-06-13,75.07,USD/thùng,FRED,D,2026-10-07
2018-06-14,74.77,USD/thùng,FRED,D,2026-10-07
2018-06-15,72.02,USD/thùng,FRED,D,2026-10-07
2018-06-18,74.87,USD/thùng,FRED,D,2026-10-07
2018-06-19,74.92,USD/thùng,FRED,D,2026-10-07
2018-06-20,74.25,USD/thùng,FRED,D,2026-10-07
2018-06-21,72.87,USD/thùng,FRED,D,2026-10-07
2018-06-22,73.67,USD/thùng,FRED,D,2026-10-07
2018-06-25,72.82,USD/thùng,FRED,D,2026-10-07
2018-06-26,73.58,USD/thùng,FRED,D,2026-10-07
2018-06-27,76.09,USD/thùng,FRED,D,2026-10-07
2018-06-28,76.26,USD/thùng,FRED,D,2026-10-07
2018-06-29,77.44,USD/thùng,FRED,D,2026-10-07
2018-07-02,76.71,USD/thùng,FRED,D,2026-10-07
2018-07-03,75.87,USD/thùng,FRED,D,2026-10-07
2018-07-04,76.99,USD/thùng,FRED,D,2026-10-07
2018-07-05,77.09,USD/thùng,FRED,D,2026-10-07
2018-07-06,74.98,USD/thùng,FRED,D,2026-10-07
2018-07-09,77.08,USD/thùng,FRED,D,2026-10-07
2018-07-10,77.8,USD/thùng,FRED,D,2026-10-07
2018-07-11,75.35,USD/thùng,FRED,D,2026-10-07
2018-07-12,72.11,USD/thùng,FRED,D,2026-10-07
2018-07-13,74.11,USD/thùng,FRED,D,2026-10-07
2018-07-16,71.03,USD/thùng,FRED,D,2026-10-07
2018-07-17,70.87,USD/thùng,FRED,D,2026-10-07
2018-07-18,70.52,USD/thùng,FRED,D,2026-10-07
2018-07-19,71.94,USD/thùng,FRED,D,2026-10-07
2018-07-20,71.99,USD/thùng,FRED,D,2026-10-07
2018-07-23,73.45,USD/thùng,FRED,D,2026-10-07
2018-07-24,73.53,USD/thùng,FRED,D,2026-10-07
2018-07-25,73.67,USD/thùng,FRED,D,2026-10-07
2018-07-26,74.51,USD/thùng,FRED,D,2026-10-07
2018-07-27,74.84,USD/thùng,FRED,D,2026-10-07
2018-07-30,74.99,USD/thùng,FRED,D,2026-10-07
2018-07-31,74.16,USD/thùng,FRED,D,2026-10-07
2018-08-01,72.28,USD/thùng,FRED,D,2026-10-07
2018-08-02,72.95,USD/thùng,FRED,D,2026-10-07
2018-08-03,72.48,USD/thùng,FRED,D,2026-10-07
2018-08-06,72.51,USD/thùng,FRED,D,2026-10-07
2018-08-07,72.31,USD/thùng,FRED,D,2026-10-07
2018-08-08,70.71,USD/thùng,FRED,D,2026-10-07
2018-08-09,70.55,USD/thùng,FRED,D,2026-10-07
2018-08-10,71.0,USD/thùng,FRED,D,2026-10-07
2018-08-13,70.62,USD/thùng,FRED,D,2026-10-07
2018-08-14,70.77,USD/thùng,FRED,D,2026-10-07
2018-08-15,68.38,USD/thùng,FRED,D,2026-10-07
2018-08-16,69.21,USD/thùng,FRED,D,2026-10-07
2018-08-17,70.14,USD/thùng,FRED,D,2026-10-07
2018-08-20,71.11,USD/thùng,FRED,D,2026-10-07
2018-08-21,71.65,USD/thùng,FRED,D,2026-10-07
2018-08-22,72.96,USD/thùng,FRED,D,2026-10-07
2018-08-23,73.73,USD/thùng,FRED,D,2026-10-07
2018-08-24,74.41,USD/thùng,FRED,D,2026-10-07
2018-08-27,74.41,USD/thùng,FRED,D,2026-10-07
2018-08-28,75.91,USD/thùng,FRED,D,2026-10-07
2018-08-29,76.07,USD/thùng,FRED,D,2026-10-07
2018-08-30,77.05,USD/thùng,FRED,D,2026-10-07
2018-08-31,76.94,USD/thùng,FRED,D,2026-10-07
2018-09-03,77.81,USD/thùng,FRED,D,2026-10-07
2018-09-04,77.51,USD/thùng,FRED,D,2026-10-07
2018-09-05,76.68,USD/thùng,FRED,D,2026-10-07
2018-09-06,75.67,USD/thùng,FRED,D,2026-10-07
2018-09-07,75.55,USD/thùng,FRED,D,2026-10-07
2018-09-10,76.77,USD/thùng,FRED,D,2026-10-07
2018-09-11,78.22,USD/thùng,FRED,D,2026-10-07
2018-09-12,80.02,USD/thùng,FRED,D,2026-10-07
2018-09-13,77.66,USD/thùng,FRED,D,2026-10-07
2018-09-14,77.87,USD/thùng,FRED,D,2026-10-07
2018-09-17,78.22,USD/thùng,FRED,D,2026-10-07
2018-09-18,79.25,USD/thùng,FRED,D,2026-10-07
2018-09-19,79.43,USD/thùng,FRED,D,2026-10-07
2018-09-20,79.03,USD/thùng,FRED,D,2026-10-07
2018-09-21,78.9,USD/thùng,FRED,D,2026-10-07
2018-09-24,80.89,USD/thùng,FRED,D,2026-10-07
2018-09-25,82.21,USD/thùng,FRED,D,2026-10-07
2018-09-26,81.87,USD/thùng,FRED,D,2026-10-07
2018-09-27,81.54,USD/thùng,FRED,D,2026-10-07
2018-09-28,82.72,USD/thùng,FRED,D,2026-10-07
2018-10-01,84.94,USD/thùng,FRED,D,2026-10-07
2018-10-02,85.63,USD/thùng,FRED,D,2026-10-07
2018-10-03,85.45,USD/thùng,FRED,D,2026-10-07
2018-10-04,86.07,USD/thùng,FRED,D,2026-10-07
2018-10-05,85.12,USD/thùng,FRED,D,2026-10-07
2018-10-08,84.22,USD/thùng,FRED,D,2026-10-07
2018-10-09,85.16,USD/thùng,FRED,D,2026-10-07
2018-10-10,83.82,USD/thùng,FRED,D,2026-10-07
2018-10-11,81.35,USD/thùng,FRED,D,2026-10-07
2018-10-12,80.71,USD/thùng,FRED,D,2026-10-07
2018-10-15,80.91,USD/thùng,FRED,D,2026-10-07
2018-10-16,80.53,USD/thùng,FRED,D,2026-10-07
2018-10-17,79.91,USD/thùng,FRED,D,2026-10-07
2018-10-18,80.3,USD/thùng,FRED,D,2026-10-07
2018-10-19,80.38,USD/thùng,FRED,D,2026-10-07
2018-10-22,80.45,USD/thùng,FRED,D,2026-10-07
2018-10-23,78.67,USD/thùng,FRED,D,2026-10-07
2018-10-24,77.34,USD/thùng,FRED,D,2026-10-07
2018-10-25,77.3,USD/thùng,FRED,D,2026-10-07
2018-10-26,77.4,USD/thùng,FRED,D,2026-10-07
2018-10-29,77.56,USD/thùng,FRED,D,2026-10-07
2018-10-30,75.68,USD/thùng,FRED,D,2026-10-07
2018-10-31,74.84,USD/thùng,FRED,D,2026-10-07
2018-11-01,71.25,USD/thùng,FRED,D,2026-10-07
2018-11-02,71.11,USD/thùng,FRED,D,2026-10-07
2018-11-05,72.68,USD/thùng,FRED,D,2026-10-07
2018-11-06,70.64,USD/thùng,FRED,D,2026-10-07
2018-11-07,70.1,USD/thùng,FRED,D,2026-10-07
2018-11-08,69.29,USD/thùng,FRED,D,2026-10-07
2018-11-09,69.01,USD/thùng,FRED,D,2026-10-07
2018-11-12,69.81,USD/thùng,FRED,D,2026-10-07
2018-11-13,65.45,USD/thùng,FRED,D,2026-10-07
2018-11-14,64.88,USD/thùng,FRED,D,2026-10-07
2018-11-15,65.61,USD/thùng,FRED,D,2026-10-07
2018-11-16,65.29,USD/thùng,FRED,D,2026-10-07
2018-11-19,64.14,USD/thùng,FRED,D,2026-10-07
2018-11-20,61.5,USD/thùng,FRED,D,2026-10-07
2018-11-21,61.65,USD/thùng,FRED,D,2026-10-07
2018-11-22,61.11,USD/thùng,FRED,D,2026-10-07
2018-11-23,57.69,USD/thùng,FRED,D,2026-10-07
2018-11-26,59.7,USD/thùng,FRED,D,2026-10-07
2018-11-27,59.58,USD/thùng,FRED,D,2026-10-07
2018-11-28,57.97,USD/thùng,FRED,D,2026-10-07
2018-11-29,58.29,USD/thùng,FRED,D,2026-10-07
2018-11-30,57.71,USD/thùng,FRED,D,2026-10-07
2018-12-03,60.17,USD/thùng,FRED,D,2026-10-07
2018-12-04,61.22,USD/thùng,FRED,D,2026-10-07
2018-12-05,61.4,USD/thùng,FRED,D,2026-10-07
2018-12-06,57.83,USD/thùng,FRED,D,2026-10-07
2018-12-07,61.71,USD/thùng,FRED,D,2026-10-07
2018-12-10,60.29,USD/thùng,FRED,D,2026-10-07
2018-12-11,59.73,USD/thùng,FRED,D,2026-10-07
2018-12-12,59.94,USD/thùng,FRED,D,2026-10-07
2018-12-13,59.03,USD/thùng,FRED,D,2026-10-07
2018-12-14,58.56,USD/thùng,FRED,D,2026-10-07
2018-12-17,57.59,USD/thùng,FRED,D,2026-10-07
2018-12-18,55.26,USD/thùng,FRED,D,2026-10-07
2018-12-19,55.6,USD/thùng,FRED,D,2026-10-07
2018-12-20,52.84,USD/thùng,FRED,D,2026-10-07
2018-12-21,51.93,USD/thùng,FRED,D,2026-10-07
2018-12-27,51.49,USD/thùng,FRED,D,2026-10-07
2018-12-28,50.57,USD/thùng,FRED,D,2026-10-07
2019-01-02,54.06,USD/thùng,FRED,D,2026-10-07
2019-01-03,53.23,USD/thùng,FRED,D,2026-10-07
2019-01-04,55.64,USD/thùng,FRED,D,2026-10-07
2019-01-07,57.1,USD/thùng,FRED,D,2026-10-07
2019-01-08,56.91,USD/thùng,FRED,D,2026-10-07
2019-01-09,59.46,USD/thùng,FRED,D,2026-10-07
2019-01-10,60.47,USD/thùng,FRED,D,2026-10-07
2019-01-11,59.24,USD/thùng,FRED,D,2026-10-07
2019-01-14,58.8,USD/thùng,FRED,D,2026-10-07
2019-01-15,58.65,USD/thùng,FRED,D,2026-10-07
2019-01-16,59.81,USD/thùng,FRED,D,2026-10-07
2019-01-17,59.85,USD/thùng,FRED,D,2026-10-07
2019-01-18,62.04,USD/thùng,FRED,D,2026-10-07
2019-01-21,62.18,USD/thùng,FRED,D,2026-10-07
2019-01-22,60.9,USD/thùng,FRED,D,2026-10-07
2019-01-23,61.05,USD/thùng,FRED,D,2026-10-07
2019-01-24,61.09,USD/thùng,FRED,D,2026-10-07
2019-01-25,61.49,USD/thùng,FRED,D,2026-10-07
2019-01-28,59.71,USD/thùng,FRED,D,2026-10-07
2019-01-29,60.98,USD/thùng,FRED,D,2026-10-07
2019-01-30,61.89,USD/thùng,FRED,D,2026-10-07
2019-01-31,62.46,USD/thùng,FRED,D,2026-10-07
2019-02-01,61.86,USD/thùng,FRED,D,2026-10-07
2019-02-04,62.26,USD/thùng,FRED,D,2026-10-07
2019-02-05,61.67,USD/thùng,FRED,D,2026-10-07
2019-02-06,62.22,USD/thùng,FRED,D,2026-10-07
2019-02-07,61.01,USD/thùng,FRED,D,2026-10-07
2019-02-08,61.37,USD/thùng,FRED,D,2026-10-07
2019-02-11,61.3,USD/thùng,FRED,D,2026-10-07
2019-02-12,62.58,USD/thùng,FRED,D,2026-10-07
2019-02-13,63.27,USD/thùng,FRED,D,2026-10-07
2019-02-14,64.0,USD/thùng,FRED,D,2026-10-07
2019-02-15,65.65,USD/thùng,FRED,D,2026-10-07
2019-02-18,66.41,USD/thùng,FRED,D,2026-10-07
2019-02-19,65.86,USD/thùng,FRED,D,2026-10-07
2019-02-20,66.82,USD/thùng,FRED,D,2026-10-07
2019-02-21,66.91,USD/thùng,FRED,D,2026-10-07
2019-02-22,66.91,USD/thùng,FRED,D,2026-10-07
2019-02-25,64.02,USD/thùng,FRED,D,2026-10-07
2019-02-26,64.51,USD/thùng,FRED,D,2026-10-07
2019-02-27,65.55,USD/thùng,FRED,D,2026-10-07
2019-02-28,65.03,USD/thùng,FRED,D,2026-10-07
2019-03-01,63.71,USD/thùng,FRED,D,2026-10-07
2019-03-04,64.44,USD/thùng,FRED,D,2026-10-07
2019-03-05,64.24,USD/thùng,FRED,D,2026-10-07
2019-03-06,64.51,USD/thùng,FRED,D,2026-10-07
2019-03-07,64.82,USD/thùng,FRED,D,2026-10-07
2019-03-08,65.66,USD/thùng,FRED,D,2026-10-07
2019-03-11,65.06,USD/thùng,FRED,D,2026-10-07
2019-03-12,65.33,USD/thùng,FRED,D,2026-10-07
2019-03-13,65.89,USD/thùng,FRED,D,2026-10-07
2019-03-14,66.18,USD/thùng,FRED,D,2026-10-07
2019-03-15,66.11,USD/thùng,FRED,D,2026-10-07
2019-03-18,66.65,USD/thùng,FRED,D,2026-10-07
2019-03-19,67.13,USD/thùng,FRED,D,2026-10-07
2019-03-20,68.35,USD/thùng,FRED,D,2026-10-07
2019-03-21,68.3,USD/thùng,FRED,D,2026-10-07
2019-03-22,66.29,USD/thùng,FRED,D,2026-10-07
2019-03-25,67.37,USD/thùng,FRED,D,2026-10-07
2019-03-26,67.51,USD/thùng,FRED,D,2026-10-07
2019-03-27,67.35,USD/thùng,FRED,D,2026-10-07
2019-03-28,66.08,USD/thùng,FRED,D,2026-10-07
2019-03-29,67.93,USD/thùng,FRED,D,2026-10-07
2019-04-01,69.08,USD/thùng,FRED,D,2026-10-07
2019-04-02,69.68,USD/thùng,FRED,D,2026-10-07
2019-04-03,69.21,USD/thùng,FRED,D,2026-10-07
2019-04-04,69.8,USD/thùng,FRED,D,2026-10-07
2019-04-05,69.93,USD/thùng,FRED,D,2026-10-07
2019-04-08,71.12,USD/thùng,FRED,D,2026-10-07
2019-04-09,71.02,USD/thùng,FRED,D,2026-10-07
2019-04-10,71.63,USD/thùng,FRED,D,2026-10-07
2019-04-11,71.3,USD/thùng,FRED,D,2026-10-07
2019-04-12,71.57,USD/thùng,FRED,D,2026-10-07
2019-04-15,70.9,USD/thùng,FRED,D,2026-10-07
2019-04-16,70.74,USD/thùng,FRED,D,2026-10-07
2019-04-17,71.14,USD/thùng,FRED,D,2026-10-07
2019-04-18,70.71,USD/thùng,FRED,D,2026-10-07
2019-04-22,70.71,USD/thùng,FRED,D,2026-10-07
2019-04-23,74.39,USD/thùng,FRED,D,2026-10-07
2019-04-24,73.59,USD/thùng,FRED,D,2026-10-07
2019-04-25,74.94,USD/thùng,FRED,D,2026-10-07
2019-04-26,71.03,USD/thùng,FRED,D,2026-10-07
2019-04-29,71.22,USD/thùng,FRED,D,2026-10-07
2019-04-30,72.19,USD/thùng,FRED,D,2026-10-07
2019-05-01,72.01,USD/thùng,FRED,D,2026-10-07
2019-05-02,70.56,USD/thùng,FRED,D,2026-10-07
2019-05-03,71.95,USD/thùng,FRED,D,2026-10-07
2019-05-06,71.95,USD/thùng,FRED,D,2026-10-07
2019-05-07,70.98,USD/thùng,FRED,D,2026-10-07
2019-05-08,71.09,USD/thùng,FRED,D,2026-10-07
2019-05-09,70.61,USD/thùng,FRED,D,2026-10-07
2019-05-10,71.63,USD/thùng,FRED,D,2026-10-07
2019-05-13,72.35,USD/thùng,FRED,D,2026-10-07
2019-05-14,72.53,USD/thùng,FRED,D,2026-10-07
2019-05-15,73.09,USD/thùng,FRED,D,2026-10-07
2019-05-16,74.7,USD/thùng,FRED,D,2026-10-07
2019-05-17,73.94,USD/thùng,FRED,D,2026-10-07
2019-05-20,73.21,USD/thùng,FRED,D,2026-10-07
2019-05-21,72.94,USD/thùng,FRED,D,2026-10-07
2019-05-22,71.94,USD/thùng,FRED,D,2026-10-07
2019-05-23,68.37,USD/thùng,FRED,D,2026-10-07
2019-05-24,67.98,USD/thùng,FRED,D,2026-10-07
2019-05-28,70.19,USD/thùng,FRED,D,2026-10-07
2019-05-29,70.64,USD/thùng,FRED,D,2026-10-07
2019-05-30,69.55,USD/thùng,FRED,D,2026-10-07
2019-05-31,66.78,USD/thùng,FRED,D,2026-10-07
2019-06-03,63.16,USD/thùng,FRED,D,2026-10-07
2019-06-04,63.56,USD/thùng,FRED,D,2026-10-07
2019-06-05,62.14,USD/thùng,FRED,D,2026-10-07
2019-06-06,62.77,USD/thùng,FRED,D,2026-10-07
2019-06-07,64.1,USD/thùng,FRED,D,2026-10-07
2019-06-10,64.31,USD/thùng,FRED,D,2026-10-07
2019-06-11,63.56,USD/thùng,FRED,D,2026-10-07
2019-06-12,61.66,USD/thùng,FRED,D,2026-10-07
2019-06-13,63.28,USD/thùng,FRED,D,2026-10-07
2019-06-14,63.13,USD/thùng,FRED,D,2026-10-07
2019-06-17,62.56,USD/thùng,FRED,D,2026-10-07
2019-06-18,63.35,USD/thùng,FRED,D,2026-10-07
2019-06-19,62.85,USD/thùng,FRED,D,2026-10-07
2019-06-20,65.44,USD/thùng,FRED,D,2026-10-07
2019-06-21,65.99,USD/thùng,FRED,D,2026-10-07
2019-06-24,65.16,USD/thùng,FRED,D,2026-10-07
2019-06-25,66.24,USD/thùng,FRED,D,2026-10-07
2019-06-26,66.85,USD/thùng,FRED,D,2026-10-07
2019-06-27,66.78,USD/thùng,FRED,D,2026-10-07
2019-06-28,67.52,USD/thùng,FRED,D,2026-10-07
2019-07-01,65.1,USD/thùng,FRED,D,2026-10-07
2019-07-02,62.72,USD/thùng,FRED,D,2026-10-07
2019-07-03,63.53,USD/thùng,FRED,D,2026-10-07
2019-07-04,63.62,USD/thùng,FRED,D,2026-10-07
2019-07-05,64.23,USD/thùng,FRED,D,2026-10-07
2019-07-08,64.89,USD/thùng,FRED,D,2026-10-07
2019-07-09,64.3,USD/thùng,FRED,D,2026-10-07
2019-07-10,66.41,USD/thùng,FRED,D,2026-10-07
2019-07-11,67.64,USD/thùng,FRED,D,2026-10-07
2019-07-12,66.65,USD/thùng,FRED,D,2026-10-07
2019-07-15,66.86,USD/thùng,FRED,D,2026-10-07
2019-07-16,65.87,USD/thùng,FRED,D,2026-10-07
2019-07-17,63.67,USD/thùng,FRED,D,2026-10-07
2019-07-18,60.7,USD/thùng,FRED,D,2026-10-07
2019-07-19,61.04,USD/thùng,FRED,D,2026-10-07
2019-07-22,61.96,USD/thùng,FRED,D,2026-10-07
2019-07-23,62.28,USD/thùng,FRED,D,2026-10-07
2019-07-24,63.83,USD/thùng,FRED,D,2026-10-07
2019-07-25,63.47,USD/thùng,FRED,D,2026-10-07
2019-07-26,62.46,USD/thùng,FRED,D,2026-10-07
2019-07-29,62.29,USD/thùng,FRED,D,2026-10-07
2019-07-30,62.55,USD/thùng,FRED,D,2026-10-07
2019-07-31,64.07,USD/thùng,FRED,D,2026-10-07
2019-08-01,62.9,USD/thùng,FRED,D,2026-10-07
2019-08-02,61.12,USD/thùng,FRED,D,2026-10-07
2019-08-05,59.32,USD/thùng,FRED,D,2026-10-07
2019-08-06,58.63,USD/thùng,FRED,D,2026-10-07
2019-08-07,55.03,USD/thùng,FRED,D,2026-10-07
2019-08-08,56.29,USD/thùng,FRED,D,2026-10-07
2019-08-09,57.37,USD/thùng,FRED,D,2026-10-07
2019-08-12,57.13,USD/thùng,FRED,D,2026-10-07
2019-08-13,59.9,USD/thùng,FRED,D,2026-10-07
2019-08-14,57.86,USD/thùng,FRED,D,2026-10-07
2019-08-15,57.37,USD/thùng,FRED,D,2026-10-07
2019-08-16,59.0,USD/thùng,FRED,D,2026-10-07
2019-08-19,59.79,USD/thùng,FRED,D,2026-10-07
2019-08-20,59.03,USD/thùng,FRED,D,2026-10-07
2019-08-21,60.6,USD/thùng,FRED,D,2026-10-07
2019-08-22,59.81,USD/thùng,FRED,D,2026-10-07
2019-08-23,58.64,USD/thùng,FRED,D,2026-10-07
2019-08-26,58.64,USD/thùng,FRED,D,2026-10-07
2019-08-27,58.44,USD/thùng,FRED,D,2026-10-07
2019-08-28,60.42,USD/thùng,FRED,D,2026-10-07
2019-08-29,60.59,USD/thùng,FRED,D,2026-10-07
2019-08-30,61.04,USD/thùng,FRED,D,2026-10-07
2019-09-02,58.55,USD/thùng,FRED,D,2026-10-07
2019-09-03,57.93,USD/thùng,FRED,D,2026-10-07
2019-09-04,60.68,USD/thùng,FRED,D,2026-10-07
2019-09-05,62.7,USD/thùng,FRED,D,2026-10-07
2019-09-06,61.28,USD/thùng,FRED,D,2026-10-07
2019-09-09,63.99,USD/thùng,FRED,D,2026-10-07
2019-09-10,64.67,USD/thùng,FRED,D,2026-10-07
2019-09-11,63.02,USD/thùng,FRED,D,2026-10-07
2019-09-12,60.76,USD/thùng,FRED,D,2026-10-07
2019-09-13,61.25,USD/thùng,FRED,D,2026-10-07
2019-09-16,68.42,USD/thùng,FRED,D,2026-10-07
2019-09-17,65.59,USD/thùng,FRED,D,2026-10-07
2019-09-18,64.29,USD/thùng,FRED,D,2026-10-07
2019-09-19,64.25,USD/thùng,FRED,D,2026-10-07
2019-09-20,65.23,USD/thùng,FRED,D,2026-10-07
2019-09-23,64.66,USD/thùng,FRED,D,2026-10-07
2019-09-24,64.13,USD/thùng,FRED,D,2026-10-07
2019-09-25,62.41,USD/thùng,FRED,D,2026-10-07
2019-09-26,62.08,USD/thùng,FRED,D,2026-10-07
2019-09-27,62.48,USD/thùng,FRED,D,2026-10-07
2019-09-30,60.99,USD/thùng,FRED,D,2026-10-07
2019-10-01,60.06,USD/thùng,FRED,D,2026-10-07
2019-10-02,57.92,USD/thùng,FRED,D,2026-10-07
2019-10-03,58.01,USD/thùng,FRED,D,2026-10-07
2019-10-04,59.13,USD/thùng,FRED,D,2026-10-07
2019-10-07,59.46,USD/thùng,FRED,D,2026-10-07
2019-10-08,58.14,USD/thùng,FRED,D,2026-10-07
2019-10-09,59.7,USD/thùng,FRED,D,2026-10-07
2019-10-10,59.08,USD/thùng,FRED,D,2026-10-07
2019-10-11,60.59,USD/thùng,FRED,D,2026-10-07
2019-10-14,58.81,USD/thùng,FRED,D,2026-10-07
2019-10-15,59.19,USD/thùng,FRED,D,2026-10-07
2019-10-16,59.3,USD/thùng,FRED,D,2026-10-07
2019-10-17,59.35,USD/thùng,FRED,D,2026-10-07
2019-10-18,59.96,USD/thùng,FRED,D,2026-10-07
2019-10-21,58.95,USD/thùng,FRED,D,2026-10-07
2019-10-22,60.5,USD/thùng,FRED,D,2026-10-07
2019-10-23,60.52,USD/thùng,FRED,D,2026-10-07
2019-10-24,61.71,USD/thùng,FRED,D,2026-10-07
2019-10-25,62.06,USD/thùng,FRED,D,2026-10-07
2019-10-28,60.39,USD/thùng,FRED,D,2026-10-07
2019-10-29,61.05,USD/thùng,FRED,D,2026-10-07
2019-10-30,60.22,USD/thùng,FRED,D,2026-10-07
2019-10-31,59.3,USD/thùng,FRED,D,2026-10-07
2019-11-01,60.17,USD/thùng,FRED,D,2026-10-07
2019-11-04,62.52,USD/thùng,FRED,D,2026-10-07
2019-11-05,62.72,USD/thùng,FRED,D,2026-10-07
2019-11-06,62.11,USD/thùng,FRED,D,2026-10-07
2019-11-07,62.6,USD/thùng,FRED,D,2026-10-07
2019-11-08,62.0,USD/thùng,FRED,D,2026-10-07
2019-11-11,62.58,USD/thùng,FRED,D,2026-10-07
2019-11-12,62.19,USD/thùng,FRED,D,2026-10-07
2019-11-13,62.27,USD/thùng,FRED,D,2026-10-07
2019-11-14,62.46,USD/thùng,FRED,D,2026-10-07
2019-11-15,63.32,USD/thùng,FRED,D,2026-10-07
2019-11-18,62.82,USD/thùng,FRED,D,2026-10-07
2019-11-19,62.37,USD/thùng,FRED,D,2026-10-07
2019-11-20,63.8,USD/thùng,FRED,D,2026-10-07
2019-11-21,64.99,USD/thùng,FRED,D,2026-10-07
2019-11-22,64.83,USD/thùng,FRED,D,2026-10-07
2019-11-25,64.67,USD/thùng,FRED,D,2026-10-07
2019-11-26,64.82,USD/thùng,FRED,D,2026-10-07
2019-11-27,65.03,USD/thùng,FRED,D,2026-10-07
2019-11-28,64.68,USD/thùng,FRED,D,2026-10-07
2019-11-29,64.5,USD/thùng,FRED,D,2026-10-07
2019-12-02,63.2,USD/thùng,FRED,D,2026-10-07
2019-12-03,62.95,USD/thùng,FRED,D,2026-10-07
2019-12-04,65.25,USD/thùng,FRED,D,2026-10-07
2019-12-05,65.67,USD/thùng,FRED,D,2026-10-07
2019-12-06,66.5,USD/thùng,FRED,D,2026-10-07
2019-12-09,66.44,USD/thùng,FRED,D,2026-10-07
2019-12-10,66.57,USD/thùng,FRED,D,2026-10-07
2019-12-11,65.37,USD/thùng,FRED,D,2026-10-07
2019-12-12,66.67,USD/thùng,FRED,D,2026-10-07
2019-12-13,67.44,USD/thùng,FRED,D,2026-10-07
2019-12-16,68.04,USD/thùng,FRED,D,2026-10-07
2019-12-17,68.99,USD/thùng,FRED,D,2026-10-07
2019-12-18,69.12,USD/thùng,FRED,D,2026-10-07
2019-12-19,69.7,USD/thùng,FRED,D,2026-10-07
2019-12-20,68.66,USD/thùng,FRED,D,2026-10-07
2019-12-23,67.49,USD/thùng,FRED,D,2026-10-07
2019-12-24,69.26,USD/thùng,FRED,D,2026-10-07
2019-12-26,69.26,USD/thùng,FRED,D,2026-10-07
2019-12-27,68.91,USD/thùng,FRED,D,2026-10-07
2019-12-30,68.3,USD/thùng,FRED,D,2026-10-07
2019-12-31,67.77,USD/thùng,FRED,D,2026-10-07
2020-01-02,67.05,USD/thùng,FRED,D,2026-10-07
2020-01-03,69.08,USD/thùng,FRED,D,2026-10-07
2020-01-06,70.25,USD/thùng,FRED,D,2026-10-07
2020-01-07,68.74,USD/thùng,FRED,D,2026-10-07
2020-01-08,67.31,USD/thùng,FRED,D,2026-10-07
2020-01-09,66.58,USD/thùng,FRED,D,2026-10-07
2020-01-10,66.77,USD/thùng,FRED,D,2026-10-07
2020-01-13,64.14,USD/thùng,FRED,D,2026-10-07
2020-01-14,64.45,USD/thùng,FRED,D,2026-10-07
2020-01-15,63.29,USD/thùng,FRED,D,2026-10-07
2020-01-16,64.63,USD/thùng,FRED,D,2026-10-07
2020-01-17,64.05,USD/thùng,FRED,D,2026-10-07
2020-01-20,64.63,USD/thùng,FRED,D,2026-10-07
2020-01-21,63.66,USD/thùng,FRED,D,2026-10-07
2020-01-22,62.11,USD/thùng,FRED,D,2026-10-07
2020-01-23,61.26,USD/thùng,FRED,D,2026-10-07
2020-01-24,59.34,USD/thùng,FRED,D,2026-10-07
2020-01-27,58.54,USD/thùng,FRED,D,2026-10-07
2020-01-28,59.37,USD/thùng,FRED,D,2026-10-07
2020-01-29,59.46,USD/thùng,FRED,D,2026-10-07
2020-01-30,57.72,USD/thùng,FRED,D,2026-10-07
2020-01-31,57.77,USD/thùng,FRED,D,2026-10-07
2020-02-03,54.0,USD/thùng,FRED,D,2026-10-07
2020-02-04,53.9,USD/thùng,FRED,D,2026-10-07
2020-02-05,55.36,USD/thùng,FRED,D,2026-10-07
2020-02-06,55.18,USD/thùng,FRED,D,2026-10-07
2020-02-07,54.53,USD/thùng,FRED,D,2026-10-07
2020-02-10,53.39,USD/thùng,FRED,D,2026-10-07
2020-02-11,54.0,USD/thùng,FRED,D,2026-10-07
2020-02-12,55.54,USD/thùng,FRED,D,2026-10-07
2020-02-13,56.34,USD/thùng,FRED,D,2026-10-07
2020-02-14,57.37,USD/thùng,FRED,D,2026-10-07
2020-02-17,57.83,USD/thùng,FRED,D,2026-10-07
2020-02-18,57.35,USD/thùng,FRED,D,2026-10-07
2020-02-19,59.72,USD/thùng,FRED,D,2026-10-07
2020-02-20,59.57,USD/thùng,FRED,D,2026-10-07
2020-02-21,58.6,USD/thùng,FRED,D,2026-10-07
2020-02-24,56.71,USD/thùng,FRED,D,2026-10-07
2020-02-25,55.29,USD/thùng,FRED,D,2026-10-07
2020-02-26,54.96,USD/thùng,FRED,D,2026-10-07
2020-02-27,52.19,USD/thùng,FRED,D,2026-10-07
2020-02-28,51.31,USD/thùng,FRED,D,2026-10-07
2020-03-02,52.52,USD/thùng,FRED,D,2026-10-07
2020-03-03,52.24,USD/thùng,FRED,D,2026-10-07
2020-03-04,51.86,USD/thùng,FRED,D,2026-10-07
2020-03-05,51.29,USD/thùng,FRED,D,2026-10-07
2020-03-06,45.6,USD/thùng,FRED,D,2026-10-07
2020-03-09,35.33,USD/thùng,FRED,D,2026-10-07
2020-03-10,35.57,USD/thùng,FRED,D,2026-10-07
2020-03-11,34.45,USD/thùng,FRED,D,2026-10-07
2020-03-12,31.02,USD/thùng,FRED,D,2026-10-07
2020-03-13,32.25,USD/thùng,FRED,D,2026-10-07
2020-03-16,27.98,USD/thùng,FRED,D,2026-10-07
2020-03-17,27.97,USD/thùng,FRED,D,2026-10-07
2020-03-18,22.79,USD/thùng,FRED,D,2026-10-07
2020-03-19,23.98,USD/thùng,FRED,D,2026-10-07
2020-03-20,25.55,USD/thùng,FRED,D,2026-10-07
2020-03-23,23.75,USD/thùng,FRED,D,2026-10-07
2020-03-24,24.5,USD/thùng,FRED,D,2026-10-07
2020-03-25,25.62,USD/thùng,FRED,D,2026-10-07
2020-03-26,23.55,USD/thùng,FRED,D,2026-10-07
2020-03-27,22.39,USD/thùng,FRED,D,2026-10-07
2020-03-30,19.19,USD/thùng,FRED,D,2026-10-07
2020-03-31,14.85,USD/thùng,FRED,D,2026-10-07
2020-04-01,14.97,USD/thùng,FRED,D,2026-10-07
2020-04-02,20.24,USD/thùng,FRED,D,2026-10-07
2020-04-03,24.33,USD/thùng,FRED,D,2026-10-07
2020-04-06,22.58,USD/thùng,FRED,D,2026-10-07
2020-04-07,22.1,USD/thùng,FRED,D,2026-10-07
2020-04-08,25.22,USD/thùng,FRED,D,2026-10-07
2020-04-09,20.23,USD/thùng,FRED,D,2026-10-07
2020-04-14,21.74,USD/thùng,FRED,D,2026-10-07
2020-04-15,19.8,USD/thùng,FRED,D,2026-10-07
2020-04-16,18.69,USD/thùng,FRED,D,2026-10-07
2020-04-17,19.75,USD/thùng,FRED,D,2026-10-07
2020-04-20,17.36,USD/thùng,FRED,D,2026-10-07
2020-04-21,9.12,USD/thùng,FRED,D,2026-10-07
2020-04-22,13.77,USD/thùng,FRED,D,2026-10-07
2020-04-23,15.06,USD/thùng,FRED,D,2026-10-07
2020-04-24,15.87,USD/thùng,FRED,D,2026-10-07
2020-04-27,15.17,USD/thùng,FRED,D,2026-10-07
2020-04-28,15.6,USD/thùng,FRED,D,2026-10-07
2020-04-29,17.86,USD/thùng,FRED,D,2026-10-07
2020-04-30,18.11,USD/thùng,FRED,D,2026-10-07
2020-05-01,18.49,USD/thùng,FRED,D,2026-10-07
2020-05-04,20.4,USD/thùng,FRED,D,2026-10-07
2020-05-05,25.46,USD/thùng,FRED,D,2026-10-07
2020-05-06,24.2,USD/thùng,FRED,D,2026-10-07
2020-05-07,24.23,USD/thùng,FRED,D,2026-10-07
2020-05-11,25.53,USD/thùng,FRED,D,2026-10-07
2020-05-12,26.67,USD/thùng,FRED,D,2026-10-07
2020-05-13,27.89,USD/thùng,FRED,D,2026-10-07
2020-05-14,29.87,USD/thùng,FRED,D,2026-10-07
2020-05-15,30.95,USD/thùng,FRED,D,2026-10-07
2020-05-18,33.3,USD/thùng,FRED,D,2026-10-07
2020-05-19,33.06,USD/thùng,FRED,D,2026-10-07
2020-05-20,34.76,USD/thùng,FRED,D,2026-10-07
2020-05-21,34.78,USD/thùng,FRED,D,2026-10-07
2020-05-22,33.8,USD/thùng,FRED,D,2026-10-07
2020-05-26,33.95,USD/thùng,FRED,D,2026-10-07
2020-05-27,32.73,USD/thùng,FRED,D,2026-10-07
2020-05-28,33.98,USD/thùng,FRED,D,2026-10-07
2020-05-29,34.15,USD/thùng,FRED,D,2026-10-07
2020-06-01,36.74,USD/thùng,FRED,D,2026-10-07
2020-06-02,37.72,USD/thùng,FRED,D,2026-10-07
2020-06-03,37.98,USD/thùng,FRED,D,2026-10-07
2020-06-04,38.41,USD/thùng,FRED,D,2026-10-07
2020-06-05,41.0,USD/thùng,FRED,D,2026-10-07
2020-06-08,39.66,USD/thùng,FRED,D,2026-10-07
2020-06-09,40.45,USD/thùng,FRED,D,2026-10-07
2020-06-10,41.18,USD/thùng,FRED,D,2026-10-07
2020-06-11,37.76,USD/thùng,FRED,D,2026-10-07
2020-06-12,38.54,USD/thùng,FRED,D,2026-10-07
2020-06-15,39.44,USD/thùng,FRED,D,2026-10-07
2020-06-16,40.75,USD/thùng,FRED,D,2026-10-07
2020-06-17,40.47,USD/thùng,FRED,D,2026-10-07
2020-06-18,41.75,USD/thùng,FRED,D,2026-10-07
2020-06-19,42.33,USD/thùng,FRED,D,2026-10-07
2020-06-22,43.2,USD/thùng,FRED,D,2026-10-07
2020-06-23,42.72,USD/thùng,FRED,D,2026-10-07
2020-06-24,40.4,USD/thùng,FRED,D,2026-10-07
2020-06-25,41.18,USD/thùng,FRED,D,2026-10-07
2020-06-26,40.97,USD/thùng,FRED,D,2026-10-07
2020-06-29,41.58,USD/thùng,FRED,D,2026-10-07
2020-06-30,41.64,USD/thùng,FRED,D,2026-10-07
2020-07-01,42.18,USD/thùng,FRED,D,2026-10-07
2020-07-02,43.19,USD/thùng,FRED,D,2026-10-07
2020-07-03,42.92,USD/thùng,FRED,D,2026-10-07
2020-07-06,42.73,USD/thùng,FRED,D,2026-10-07
2020-07-07,43.28,USD/thùng,FRED,D,2026-10-07
2020-07-08,43.67,USD/thùng,FRED,D,2026-10-07
2020-07-09,42.35,USD/thùng,FRED,D,2026-10-07
2020-07-10,43.27,USD/thùng,FRED,D,2026-10-07
2020-07-13,42.85,USD/thùng,FRED,D,2026-10-07
2020-07-14,42.97,USD/thùng,FRED,D,2026-10-07
2020-07-15,43.96,USD/thùng,FRED,D,2026-10-07
2020-07-16,43.71,USD/thùng,FRED,D,2026-10-07
2020-07-17,43.53,USD/thùng,FRED,D,2026-10-07
2020-07-20,43.3,USD/thùng,FRED,D,2026-10-07
2020-07-21,44.31,USD/thùng,FRED,D,2026-10-07
2020-07-22,43.98,USD/thùng,FRED,D,2026-10-07
2020-07-23,42.96,USD/thùng,FRED,D,2026-10-07
2020-07-24,43.29,USD/thùng,FRED,D,2026-10-07
2020-07-27,43.39,USD/thùng,FRED,D,2026-10-07
2020-07-28,43.11,USD/thùng,FRED,D,2026-10-07
2020-07-29,43.51,USD/thùng,FRED,D,2026-10-07
2020-07-30,42.98,USD/thùng,FRED,D,2026-10-07
2020-07-31,43.13,USD/thùng,FRED,D,2026-10-07
2020-08-03,43.76,USD/thùng,FRED,D,2026-10-07
2020-08-04,43.99,USD/thùng,FRED,D,2026-10-07
2020-08-05,44.92,USD/thùng,FRED,D,2026-10-07
2020-08-06,45.04,USD/thùng,FRED,D,2026-10-07
2020-08-07,44.07,USD/thùng,FRED,D,2026-10-07
2020-08-10,44.19,USD/thùng,FRED,D,2026-10-07
2020-08-11,43.68,USD/thùng,FRED,D,2026-10-07
2020-08-12,45.09,USD/thùng,FRED,D,2026-10-07
2020-08-13,44.87,USD/thùng,FRED,D,2026-10-07
2020-08-14,44.86,USD/thùng,FRED,D,2026-10-07
2020-08-17,44.91,USD/thùng,FRED,D,2026-10-07
2020-08-18,45.34,USD/thùng,FRED,D,2026-10-07
2020-08-19,45.21,USD/thùng,FRED,D,2026-10-07
2020-08-20,44.56,USD/thùng,FRED,D,2026-10-07
2020-08-21,43.94,USD/thùng,FRED,D,2026-10-07
2020-08-24,44.43,USD/thùng,FRED,D,2026-10-07
2020-08-25,46.01,USD/thùng,FRED,D,2026-10-07
2020-08-26,45.79,USD/thùng,FRED,D,2026-10-07
2020-08-27,44.84,USD/thùng,FRED,D,2026-10-07
2020-08-28,45.22,USD/thùng,FRED,D,2026-10-07
2020-09-01,45.72,USD/thùng,FRED,D,2026-10-07
2020-09-02,42.7,USD/thùng,FRED,D,2026-10-07
2020-09-03,42.72,USD/thùng,FRED,D,2026-10-07
2020-09-04,41.1,USD/thùng,FRED,D,2026-10-07
2020-09-07,40.67,USD/thùng,FRED,D,2026-10-07
2020-09-08,38.53,USD/thùng,FRED,D,2026-10-07
2020-09-09,39.98,USD/thùng,FRED,D,2026-10-07
2020-09-10,39.27,USD/thùng,FRED,D,2026-10-07
2020-09-11,38.8,USD/thùng,FRED,D,2026-10-07
2020-09-14,38.57,USD/thùng,FRED,D,2026-10-07
2020-09-15,39.54,USD/thùng,FRED,D,2026-10-07
2020-09-16,41.23,USD/thùng,FRED,D,2026-10-07
2020-09-17,42.35,USD/thùng,FRED,D,2026-10-07
2020-09-18,42.16,USD/thùng,FRED,D,2026-10-07
2020-09-21,40.37,USD/thùng,FRED,D,2026-10-07
2020-09-22,40.84,USD/thùng,FRED,D,2026-10-07
2020-09-23,41.09,USD/thùng,FRED,D,2026-10-07
2020-09-24,41.24,USD/thùng,FRED,D,2026-10-07
2020-09-25,40.91,USD/thùng,FRED,D,2026-10-07
2020-09-28,41.59,USD/thùng,FRED,D,2026-10-07
2020-09-29,40.33,USD/thùng,FRED,D,2026-10-07
2020-09-30,40.3,USD/thùng,FRED,D,2026-10-07
2020-10-01,39.75,USD/thùng,FRED,D,2026-10-07
2020-10-02,38.0,USD/thùng,FRED,D,2026-10-07
2020-10-05,39.78,USD/thùng,FRED,D,2026-10-07
2020-10-06,41.27,USD/thùng,FRED,D,2026-10-07
2020-10-07,40.62,USD/thùng,FRED,D,2026-10-07
2020-10-08,42.0,USD/thùng,FRED,D,2026-10-07
2020-10-09,41.63,USD/thùng,FRED,D,2026-10-07
2020-10-12,40.5,USD/thùng,FRED,D,2026-10-07
2020-10-13,41.34,USD/thùng,FRED,D,2026-10-07
2020-10-14,41.81,USD/thùng,FRED,D,2026-10-07
2020-10-15,41.61,USD/thùng,FRED,D,2026-10-07
2020-10-16,41.34,USD/thùng,FRED,D,2026-10-07
2020-10-19,41.29,USD/thùng,FRED,D,2026-10-07
2020-10-20,41.62,USD/thùng,FRED,D,2026-10-07
2020-10-21,40.09,USD/thùng,FRED,D,2026-10-07
2020-10-22,41.28,USD/thùng,FRED,D,2026-10-07
2020-10-23,40.71,USD/thùng,FRED,D,2026-10-07
2020-10-26,39.06,USD/thùng,FRED,D,2026-10-07
2020-10-27,39.72,USD/thùng,FRED,D,2026-10-07
2020-10-28,37.86,USD/thùng,FRED,D,2026-10-07
2020-10-29,36.56,USD/thùng,FRED,D,2026-10-07
2020-10-30,36.33,USD/thùng,FRED,D,2026-10-07
2020-11-02,37.78,USD/thùng,FRED,D,2026-10-07
2020-11-03,38.17,USD/thùng,FRED,D,2026-10-07
2020-11-04,39.68,USD/thùng,FRED,D,2026-10-07
2020-11-05,39.47,USD/thùng,FRED,D,2026-10-07
2020-11-06,38.08,USD/thùng,FRED,D,2026-10-07
2020-11-09,40.93,USD/thùng,FRED,D,2026-10-07
2020-11-10,42.25,USD/thùng,FRED,D,2026-10-07
2020-11-11,42.5,USD/thùng,FRED,D,2026-10-07
2020-11-12,42.16,USD/thùng,FRED,D,2026-10-07
2020-11-13,41.51,USD/thùng,FRED,D,2026-10-07
2020-11-16,42.71,USD/thùng,FRED,D,2026-10-07
2020-11-17,42.54,USD/thùng,FRED,D,2026-10-07
2020-11-18,42.91,USD/thùng,FRED,D,2026-10-07
2020-11-19,43.09,USD/thùng,FRED,D,2026-10-07
2020-11-20,43.79,USD/thùng,FRED,D,2026-10-07
2020-11-23,45.0,USD/thùng,FRED,D,2026-10-07
2020-11-24,46.63,USD/thùng,FRED,D,2026-10-07
2020-11-25,47.3,USD/thùng,FRED,D,2026-10-07
2020-11-26,46.32,USD/thùng,FRED,D,2026-10-07
2020-11-27,46.88,USD/thùng,FRED,D,2026-10-07
2020-11-30,46.84,USD/thùng,FRED,D,2026-10-07
2020-12-01,47.03,USD/thùng,FRED,D,2026-10-07
2020-12-02,47.8,USD/thùng,FRED,D,2026-10-07
2020-12-03,48.37,USD/thùng,FRED,D,2026-10-07
2020-12-04,49.1,USD/thùng,FRED,D,2026-10-07
2020-12-07,48.63,USD/thùng,FRED,D,2026-10-07
2020-12-08,48.84,USD/thùng,FRED,D,2026-10-07
2020-12-09,48.81,USD/thùng,FRED,D,2026-10-07
2020-12-10,50.33,USD/thùng,FRED,D,2026-10-07
2020-12-11,50.01,USD/thùng,FRED,D,2026-10-07
2020-12-14,50.27,USD/thùng,FRED,D,2026-10-07
2020-12-15,50.77,USD/thùng,FRED,D,2026-10-07
2020-12-16,50.83,USD/thùng,FRED,D,2026-10-07
2020-12-17,51.2,USD/thùng,FRED,D,2026-10-07
2020-12-18,52.17,USD/thùng,FRED,D,2026-10-07
2020-12-21,50.61,USD/thùng,FRED,D,2026-10-07
2020-12-22,49.88,USD/thùng,FRED,D,2026-10-07
2020-12-23,51.05,USD/thùng,FRED,D,2026-10-07
2020-12-24,50.88,USD/thùng,FRED,D,2026-10-07
2020-12-28,50.88,USD/thùng,FRED,D,2026-10-07
2020-12-29,50.44,USD/thùng,FRED,D,2026-10-07
2020-12-30,50.74,USD/thùng,FRED,D,2026-10-07
2020-12-31,51.22,USD/thùng,FRED,D,2026-10-07
2021-01-04,50.37,USD/thùng,FRED,D,2026-10-07
2021-01-05,53.16,USD/thùng,FRED,D,2026-10-07
2021-01-06,53.8,USD/thùng,FRED,D,2026-10-07
2021-01-07,53.7,USD/thùng,FRED,D,2026-10-07
2021-01-08,55.51,USD/thùng,FRED,D,2026-10-07
2021-01-11,54.84,USD/thùng,FRED,D,2026-10-07
2021-01-12,55.98,USD/thùng,FRED,D,2026-10-07
2021-01-13,55.52,USD/thùng,FRED,D,2026-10-07
2021-01-14,55.76,USD/thùng,FRED,D,2026-10-07
2021-01-15,54.8,USD/thùng,FRED,D,2026-10-07
2021-01-18,54.21,USD/thùng,FRED,D,2026-10-07
2021-01-19,55.38,USD/thùng,FRED,D,2026-10-07
2021-01-20,55.66,USD/thùng,FRED,D,2026-10-07
2021-01-21,55.68,USD/thùng,FRED,D,2026-10-07
2021-01-22,55.22,USD/thùng,FRED,D,2026-10-07
2021-01-25,55.44,USD/thùng,FRED,D,2026-10-07
2021-01-26,55.26,USD/thùng,FRED,D,2026-10-07
2021-01-27,55.07,USD/thùng,FRED,D,2026-10-07
2021-01-28,54.87,USD/thùng,FRED,D,2026-10-07
2021-01-29,55.25,USD/thùng,FRED,D,2026-10-07
2021-02-01,56.42,USD/thùng,FRED,D,2026-10-07
2021-02-02,57.62,USD/thùng,FRED,D,2026-10-07
2021-02-03,58.61,USD/thùng,FRED,D,2026-10-07
2021-02-04,58.98,USD/thùng,FRED,D,2026-10-07
2021-02-05,59.48,USD/thùng,FRED,D,2026-10-07
2021-02-08,60.17,USD/thùng,FRED,D,2026-10-07
2021-02-09,60.74,USD/thùng,FRED,D,2026-10-07
2021-02-10,61.17,USD/thùng,FRED,D,2026-10-07
2021-02-11,61.09,USD/thùng,FRED,D,2026-10-07
2021-02-12,62.47,USD/thùng,FRED,D,2026-10-07
2021-02-15,63.58,USD/thùng,FRED,D,2026-10-07
2021-02-16,63.96,USD/thùng,FRED,D,2026-10-07
2021-02-17,65.02,USD/thùng,FRED,D,2026-10-07
2021-02-18,64.09,USD/thùng,FRED,D,2026-10-07
2021-02-19,62.84,USD/thùng,FRED,D,2026-10-07
2021-02-22,64.73,USD/thùng,FRED,D,2026-10-07
2021-02-23,65.16,USD/thùng,FRED,D,2026-10-07
2021-02-24,66.85,USD/thùng,FRED,D,2026-10-07
2021-02-25,66.69,USD/thùng,FRED,D,2026-10-07
2021-02-26,65.86,USD/thùng,FRED,D,2026-10-07
2021-03-01,64.56,USD/thùng,FRED,D,2026-10-07
2021-03-02,63.17,USD/thùng,FRED,D,2026-10-07
2021-03-03,64.7,USD/thùng,FRED,D,2026-10-07
2021-03-04,67.32,USD/thùng,FRED,D,2026-10-07
2021-03-05,69.95,USD/thùng,FRED,D,2026-10-07
2021-03-08,68.0,USD/thùng,FRED,D,2026-10-07
2021-03-09,67.03,USD/thùng,FRED,D,2026-10-07
2021-03-10,67.53,USD/thùng,FRED,D,2026-10-07
2021-03-11,69.34,USD/thùng,FRED,D,2026-10-07
2021-03-12,68.87,USD/thùng,FRED,D,2026-10-07
2021-03-15,68.78,USD/thùng,FRED,D,2026-10-07
2021-03-16,67.95,USD/thùng,FRED,D,2026-10-07
2021-03-17,67.73,USD/thùng,FRED,D,2026-10-07
2021-03-18,62.11,USD/thùng,FRED,D,2026-10-07
2021-03-19,64.0,USD/thùng,FRED,D,2026-10-07
2021-03-22,63.89,USD/thùng,FRED,D,2026-10-07
2021-03-23,59.96,USD/thùng,FRED,D,2026-10-07
2021-03-24,63.7,USD/thùng,FRED,D,2026-10-07
2021-03-25,61.21,USD/thùng,FRED,D,2026-10-07
2021-03-26,63.77,USD/thùng,FRED,D,2026-10-07
2021-03-29,64.06,USD/thùng,FRED,D,2026-10-07
2021-03-30,63.28,USD/thùng,FRED,D,2026-10-07
2021-03-31,63.52,USD/thùng,FRED,D,2026-10-07
2021-04-01,63.85,USD/thùng,FRED,D,2026-10-07
2021-04-06,61.47,USD/thùng,FRED,D,2026-10-07
2021-04-07,61.86,USD/thùng,FRED,D,2026-10-07
2021-04-08,62.09,USD/thùng,FRED,D,2026-10-07
2021-04-09,61.89,USD/thùng,FRED,D,2026-10-07
2021-04-12,62.38,USD/thùng,FRED,D,2026-10-07
2021-04-13,62.83,USD/thùng,FRED,D,2026-10-07
2021-04-14,66.11,USD/thùng,FRED,D,2026-10-07
2021-04-15,66.13,USD/thùng,FRED,D,2026-10-07
2021-04-16,65.98,USD/thùng,FRED,D,2026-10-07
2021-04-19,66.54,USD/thùng,FRED,D,2026-10-07
2021-04-20,65.34,USD/thùng,FRED,D,2026-10-07
2021-04-21,64.02,USD/thùng,FRED,D,2026-10-07
2021-04-22,65.07,USD/thùng,FRED,D,2026-10-07
2021-04-23,65.75,USD/thùng,FRED,D,2026-10-07
2021-04-26,65.5,USD/thùng,FRED,D,2026-10-07
2021-04-27,66.25,USD/thùng,FRED,D,2026-10-07
2021-04-28,67.08,USD/thùng,FRED,D,2026-10-07
2021-04-29,68.26,USD/thùng,FRED,D,2026-10-07
2021-04-30,67.73,USD/thùng,FRED,D,2026-10-07
2021-05-04,68.91,USD/thùng,FRED,D,2026-10-07
2021-05-05,69.71,USD/thùng,FRED,D,2026-10-07
2021-05-06,68.62,USD/thùng,FRED,D,2026-10-07
2021-05-07,68.73,USD/thùng,FRED,D,2026-10-07
2021-05-10,68.61,USD/thùng,FRED,D,2026-10-07
2021-05-11,68.83,USD/thùng,FRED,D,2026-10-07
2021-05-12,69.62,USD/thùng,FRED,D,2026-10-07
2021-05-13,67.36,USD/thùng,FRED,D,2026-10-07
2021-05-14,69.24,USD/thùng,FRED,D,2026-10-07
2021-05-17,69.62,USD/thùng,FRED,D,2026-10-07
2021-05-18,69.01,USD/thùng,FRED,D,2026-10-07
2021-05-19,66.88,USD/thùng,FRED,D,2026-10-07
2021-05-20,65.18,USD/thùng,FRED,D,2026-10-07
2021-05-21,66.72,USD/thùng,FRED,D,2026-10-07
2021-05-24,68.59,USD/thùng,FRED,D,2026-10-07
2021-05-25,68.8,USD/thùng,FRED,D,2026-10-07
2021-05-26,68.93,USD/thùng,FRED,D,2026-10-07
2021-05-27,69.43,USD/thùng,FRED,D,2026-10-07
2021-05-28,69.36,USD/thùng,FRED,D,2026-10-07
2021-06-01,70.03,USD/thùng,FRED,D,2026-10-07
2021-06-02,70.6,USD/thùng,FRED,D,2026-10-07
2021-06-03,70.71,USD/thùng,FRED,D,2026-10-07
2021-06-04,71.3,USD/thùng,FRED,D,2026-10-07
2021-06-07,70.89,USD/thùng,FRED,D,2026-10-07
2021-06-08,71.39,USD/thùng,FRED,D,2026-10-07
2021-06-09,71.31,USD/thùng,FRED,D,2026-10-07
2021-06-10,71.65,USD/thùng,FRED,D,2026-10-07
2021-06-11,72.05,USD/thùng,FRED,D,2026-10-07
2021-06-14,72.27,USD/thùng,FRED,D,2026-10-07
2021-06-15,73.38,USD/thùng,FRED,D,2026-10-07
2021-06-16,73.88,USD/thùng,FRED,D,2026-10-07
2021-06-17,72.92,USD/thùng,FRED,D,2026-10-07
2021-06-18,73.1,USD/thùng,FRED,D,2026-10-07
2021-06-21,74.49,USD/thùng,FRED,D,2026-10-07
2021-06-22,74.92,USD/thùng,FRED,D,2026-10-07
2021-06-23,75.22,USD/thùng,FRED,D,2026-10-07
2021-06-24,75.95,USD/thùng,FRED,D,2026-10-07
2021-06-25,76.45,USD/thùng,FRED,D,2026-10-07
2021-06-28,74.78,USD/thùng,FRED,D,2026-10-07
2021-06-29,75.38,USD/thùng,FRED,D,2026-10-07
2021-06-30,76.94,USD/thùng,FRED,D,2026-10-07
2021-07-01,76.69,USD/thùng,FRED,D,2026-10-07
2021-07-02,77.51,USD/thùng,FRED,D,2026-10-07
2021-07-05,78.34,USD/thùng,FRED,D,2026-10-07
2021-07-06,75.81,USD/thùng,FRED,D,2026-10-07
2021-07-07,74.31,USD/thùng,FRED,D,2026-10-07
2021-07-08,75.07,USD/thùng,FRED,D,2026-10-07
2021-07-09,77.14,USD/thùng,FRED,D,2026-10-07
2021-07-12,76.77,USD/thùng,FRED,D,2026-10-07
2021-07-13,77.5,USD/thùng,FRED,D,2026-10-07
2021-07-14,75.74,USD/thùng,FRED,D,2026-10-07
2021-07-15,74.53,USD/thùng,FRED,D,2026-10-07
2021-07-16,74.46,USD/thùng,FRED,D,2026-10-07
2021-07-19,69.33,USD/thùng,FRED,D,2026-10-07
2021-07-20,70.03,USD/thùng,FRED,D,2026-10-07
2021-07-21,72.54,USD/thùng,FRED,D,2026-10-07
2021-07-22,74.25,USD/thùng,FRED,D,2026-10-07
2021-07-23,74.86,USD/thùng,FRED,D,2026-10-07
2021-07-26,74.79,USD/thùng,FRED,D,2026-10-07
2021-07-27,74.87,USD/thùng,FRED,D,2026-10-07
2021-07-28,75.09,USD/thùng,FRED,D,2026-10-07
2021-07-29,76.3,USD/thùng,FRED,D,2026-10-07
2021-07-30,77.72,USD/thùng,FRED,D,2026-10-07
2021-08-02,73.91,USD/thùng,FRED,D,2026-10-07
2021-08-03,73.24,USD/thùng,FRED,D,2026-10-07
2021-08-04,70.99,USD/thùng,FRED,D,2026-10-07
2021-08-05,72.14,USD/thùng,FRED,D,2026-10-07
2021-08-06,71.02,USD/thùng,FRED,D,2026-10-07
2021-08-09,69.65,USD/thùng,FRED,D,2026-10-07
2021-08-10,71.14,USD/thùng,FRED,D,2026-10-07
2021-08-11,71.99,USD/thùng,FRED,D,2026-10-07
2021-08-12,71.79,USD/thùng,FRED,D,2026-10-07
2021-08-13,70.9,USD/thùng,FRED,D,2026-10-07
2021-08-16,70.07,USD/thùng,FRED,D,2026-10-07
2021-08-17,69.4,USD/thùng,FRED,D,2026-10-07
2021-08-18,68.61,USD/thùng,FRED,D,2026-10-07
2021-08-19,66.8,USD/thùng,FRED,D,2026-10-07
2021-08-20,65.51,USD/thùng,FRED,D,2026-10-07
2021-08-23,69.07,USD/thùng,FRED,D,2026-10-07
2021-08-24,71.21,USD/thùng,FRED,D,2026-10-07
2021-08-25,72.12,USD/thùng,FRED,D,2026-10-07
2021-08-26,70.42,USD/thùng,FRED,D,2026-10-07
2021-08-27,72.26,USD/thùng,FRED,D,2026-10-07
2021-08-31,73.45,USD/thùng,FRED,D,2026-10-07
2021-09-01,71.99,USD/thùng,FRED,D,2026-10-07
2021-09-02,73.56,USD/thùng,FRED,D,2026-10-07
2021-09-03,73.07,USD/thùng,FRED,D,2026-10-07
2021-09-06,72.43,USD/thùng,FRED,D,2026-10-07
2021-09-07,71.52,USD/thùng,FRED,D,2026-10-07
2021-09-08,72.36,USD/thùng,FRED,D,2026-10-07
2021-09-09,71.32,USD/thùng,FRED,D,2026-10-07
2021-09-10,72.44,USD/thùng,FRED,D,2026-10-07
2021-09-13,72.97,USD/thùng,FRED,D,2026-10-07
2021-09-14,73.05,USD/thùng,FRED,D,2026-10-07
2021-09-15,74.84,USD/thùng,FRED,D,2026-10-07
2021-09-16,75.14,USD/thùng,FRED,D,2026-10-07
2021-09-17,74.64,USD/thùng,FRED,D,2026-10-07
2021-09-20,73.59,USD/thùng,FRED,D,2026-10-07
2021-09-21,73.65,USD/thùng,FRED,D,2026-10-07
2021-09-22,75.5,USD/thùng,FRED,D,2026-10-07
2021-09-23,76.44,USD/thùng,FRED,D,2026-10-07
2021-09-24,77.42,USD/thùng,FRED,D,2026-10-07
2021-09-27,78.85,USD/thùng,FRED,D,2026-10-07
2021-09-28,78.3,USD/thùng,FRED,D,2026-10-07
2021-09-29,77.86,USD/thùng,FRED,D,2026-10-07
2021-09-30,77.81,USD/thùng,FRED,D,2026-10-07
2021-10-01,79.4,USD/thùng,FRED,D,2026-10-07
2021-10-04,81.44,USD/thùng,FRED,D,2026-10-07
2021-10-05,82.72,USD/thùng,FRED,D,2026-10-07
2021-10-06,81.39,USD/thùng,FRED,D,2026-10-07
2021-10-07,82.34,USD/thùng,FRED,D,2026-10-07
2021-10-08,82.17,USD/thùng,FRED,D,2026-10-07
2021-10-11,83.75,USD/thùng,FRED,D,2026-10-07
2021-10-12,83.53,USD/thùng,FRED,D,2026-10-07
2021-10-13,83.53,USD/thùng,FRED,D,2026-10-07
2021-10-14,83.86,USD/thùng,FRED,D,2026-10-07
2021-10-15,84.67,USD/thùng,FRED,D,2026-10-07
2021-10-18,84.13,USD/thùng,FRED,D,2026-10-07
2021-10-19,85.02,USD/thùng,FRED,D,2026-10-07
2021-10-20,85.76,USD/thùng,FRED,D,2026-10-07
2021-10-21,84.58,USD/thùng,FRED,D,2026-10-07
2021-10-22,85.43,USD/thùng,FRED,D,2026-10-07
2021-10-25,84.85,USD/thùng,FRED,D,2026-10-07
2021-10-26,85.11,USD/thùng,FRED,D,2026-10-07
2021-10-27,84.12,USD/thùng,FRED,D,2026-10-07
2021-10-28,83.4,USD/thùng,FRED,D,2026-10-07
2021-10-29,83.1,USD/thùng,FRED,D,2026-10-07
2021-11-01,84.51,USD/thùng,FRED,D,2026-10-07
2021-11-02,84.42,USD/thùng,FRED,D,2026-10-07
2021-11-03,81.1,USD/thùng,FRED,D,2026-10-07
2021-11-04,80.15,USD/thùng,FRED,D,2026-10-07
2021-11-05,82.43,USD/thùng,FRED,D,2026-10-07
2021-11-08,83.22,USD/thùng,FRED,D,2026-10-07
2021-11-09,84.52,USD/thùng,FRED,D,2026-10-07
2021-11-10,82.91,USD/thùng,FRED,D,2026-10-07
2021-11-11,83.4,USD/thùng,FRED,D,2026-10-07
2021-11-12,82.9,USD/thùng,FRED,D,2026-10-07
2021-11-15,81.94,USD/thùng,FRED,D,2026-10-07
2021-11-16,82.85,USD/thùng,FRED,D,2026-10-07
2021-11-17,80.67,USD/thùng,FRED,D,2026-10-07
2021-11-18,82.45,USD/thùng,FRED,D,2026-10-07
2021-11-19,80.24,USD/thùng,FRED,D,2026-10-07
2021-11-22,80.97,USD/thùng,FRED,D,2026-10-07
2021-11-23,83.43,USD/thùng,FRED,D,2026-10-07
2021-11-24,82.37,USD/thùng,FRED,D,2026-10-07
2021-11-25,82.05,USD/thùng,FRED,D,2026-10-07
2021-11-26,72.37,USD/thùng,FRED,D,2026-10-07
2021-11-29,73.34,USD/thùng,FRED,D,2026-10-07
2021-11-30,70.86,USD/thùng,FRED,D,2026-10-07
2021-12-01,69.53,USD/thùng,FRED,D,2026-10-07
2021-12-02,70.56,USD/thùng,FRED,D,2026-10-07
2021-12-03,70.71,USD/thùng,FRED,D,2026-10-07
2021-12-06,73.38,USD/thùng,FRED,D,2026-10-07
2021-12-07,75.54,USD/thùng,FRED,D,2026-10-07
2021-12-08,75.94,USD/thùng,FRED,D,2026-10-07
2021-12-09,74.1,USD/thùng,FRED,D,2026-10-07
2021-12-10,74.98,USD/thùng,FRED,D,2026-10-07
2021-12-13,74.12,USD/thùng,FRED,D,2026-10-07
2021-12-14,73.37,USD/thùng,FRED,D,2026-10-07
2021-12-15,73.71,USD/thùng,FRED,D,2026-10-07
2021-12-16,74.64,USD/thùng,FRED,D,2026-10-07
2021-12-17,72.97,USD/thùng,FRED,D,2026-10-07
2021-12-20,70.51,USD/thùng,FRED,D,2026-10-07
2021-12-21,72.85,USD/thùng,FRED,D,2026-10-07
2021-12-22,74.69,USD/thùng,FRED,D,2026-10-07
2021-12-23,76.26,USD/thùng,FRED,D,2026-10-07
2021-12-24,75.24,USD/thùng,FRED,D,2026-10-07
2021-12-29,78.63,USD/thùng,FRED,D,2026-10-07
2021-12-30,78.61,USD/thùng,FRED,D,2026-10-07
2021-12-31,77.24,USD/thùng,FRED,D,2026-10-07
2022-01-03,78.25,USD/thùng,FRED,D,2026-10-07
2022-01-04,79.39,USD/thùng,FRED,D,2026-10-07
2022-01-05,80.6,USD/thùng,FRED,D,2026-10-07
2022-01-06,81.99,USD/thùng,FRED,D,2026-10-07
2022-01-07,82.28,USD/thùng,FRED,D,2026-10-07
2022-01-10,81.56,USD/thùng,FRED,D,2026-10-07
2022-01-11,84.98,USD/thùng,FRED,D,2026-10-07
2022-01-12,85.83,USD/thùng,FRED,D,2026-10-07
2022-01-13,85.8,USD/thùng,FRED,D,2026-10-07
2022-01-14,87.17,USD/thùng,FRED,D,2026-10-07
2022-01-17,87.82,USD/thùng,FRED,D,2026-10-07
2022-01-18,88.83,USD/thùng,FRED,D,2026-10-07
2022-01-19,89.64,USD/thùng,FRED,D,2026-10-07
2022-01-20,89.75,USD/thùng,FRED,D,2026-10-07
2022-01-21,89.75,USD/thùng,FRED,D,2026-10-07
2022-01-24,87.74,USD/thùng,FRED,D,2026-10-07
2022-01-25,89.49,USD/thùng,FRED,D,2026-10-07
2022-01-26,91.22,USD/thùng,FRED,D,2026-10-07
2022-01-27,90.7,USD/thùng,FRED,D,2026-10-07
2022-01-28,91.47,USD/thùng,FRED,D,2026-10-07
2022-01-31,92.35,USD/thùng,FRED,D,2026-10-07
2022-02-01,90.24,USD/thùng,FRED,D,2026-10-07
2022-02-02,91.43,USD/thùng,FRED,D,2026-10-07
2022-02-03,92.99,USD/thùng,FRED,D,2026-10-07
2022-02-04,96.86,USD/thùng,FRED,D,2026-10-07
2022-02-07,97.28,USD/thùng,FRED,D,2026-10-07
2022-02-08,96.07,USD/thùng,FRED,D,2026-10-07
2022-02-09,94.95,USD/thùng,FRED,D,2026-10-07
2022-02-10,96.37,USD/thùng,FRED,D,2026-10-07
2022-02-11,97.5,USD/thùng,FRED,D,2026-10-07
2022-02-14,101.66,USD/thùng,FRED,D,2026-10-07
2022-02-15,98.43,USD/thùng,FRED,D,2026-10-07
2022-02-16,97.44,USD/thùng,FRED,D,2026-10-07
2022-02-17,95.28,USD/thùng,FRED,D,2026-10-07
2022-02-18,96.18,USD/thùng,FRED,D,2026-10-07
2022-02-21,98.95,USD/thùng,FRED,D,2026-10-07
2022-02-22,98.73,USD/thùng,FRED,D,2026-10-07
2022-02-23,99.29,USD/thùng,FRED,D,2026-10-07
2022-02-24,101.29,USD/thùng,FRED,D,2026-10-07
2022-02-25,98.56,USD/thùng,FRED,D,2026-10-07
2022-02-28,103.08,USD/thùng,FRED,D,2026-10-07
2022-03-01,110.93,USD/thùng,FRED,D,2026-10-07
2022-03-02,118.94,USD/thùng,FRED,D,2026-10-07
2022-03-03,115.36,USD/thùng,FRED,D,2026-10-07
2022-03-04,123.86,USD/thùng,FRED,D,2026-10-07
2022-03-07,129.02,USD/thùng,FRED,D,2026-10-07
2022-03-08,133.18,USD/thùng,FRED,D,2026-10-07
2022-03-09,116.58,USD/thùng,FRED,D,2026-10-07
2022-03-10,114.54,USD/thùng,FRED,D,2026-10-07
2022-03-11,118.11,USD/thùng,FRED,D,2026-10-07
2022-03-14,110.39,USD/thùng,FRED,D,2026-10-07
2022-03-15,105.14,USD/thùng,FRED,D,2026-10-07
2022-03-16,104.61,USD/thùng,FRED,D,2026-10-07
2022-03-17,113.5,USD/thùng,FRED,D,2026-10-07
2022-03-18,114.32,USD/thùng,FRED,D,2026-10-07
2022-03-21,122.29,USD/thùng,FRED,D,2026-10-07
2022-03-22,121.53,USD/thùng,FRED,D,2026-10-07
2022-03-23,127.52,USD/thùng,FRED,D,2026-10-07
2022-03-24,123.98,USD/thùng,FRED,D,2026-10-07
2022-03-25,122.67,USD/thùng,FRED,D,2026-10-07
2022-03-28,114.5,USD/thùng,FRED,D,2026-10-07
2022-03-29,112.79,USD/thùng,FRED,D,2026-10-07
2022-03-30,115.59,USD/thùng,FRED,D,2026-10-07
2022-03-31,107.29,USD/thùng,FRED,D,2026-10-07
2022-04-01,106.13,USD/thùng,FRED,D,2026-10-07
2022-04-04,108.15,USD/thùng,FRED,D,2026-10-07
2022-04-05,106.6,USD/thùng,FRED,D,2026-10-07
2022-04-06,100.81,USD/thùng,FRED,D,2026-10-07
2022-04-07,99.83,USD/thùng,FRED,D,2026-10-07
2022-04-08,101.26,USD/thùng,FRED,D,2026-10-07
2022-04-11,97.92,USD/thùng,FRED,D,2026-10-07
2022-04-12,104.42,USD/thùng,FRED,D,2026-10-07
2022-04-13,108.49,USD/thùng,FRED,D,2026-10-07
2022-04-14,110.83,USD/thùng,FRED,D,2026-10-07
2022-04-19,105.49,USD/thùng,FRED,D,2026-10-07
2022-04-20,105.05,USD/thùng,FRED,D,2026-10-07
2022-04-21,107.2,USD/thùng,FRED,D,2026-10-07
2022-04-22,105.15,USD/thùng,FRED,D,2026-10-07
2022-04-25,99.27,USD/thùng,FRED,D,2026-10-07
2022-04-26,102.89,USD/thùng,FRED,D,2026-10-07
2022-04-27,103.3,USD/thùng,FRED,D,2026-10-07
2022-04-28,105.78,USD/thùng,FRED,D,2026-10-07
2022-04-29,108.36,USD/thùng,FRED,D,2026-10-07
2022-05-03,104.94,USD/thùng,FRED,D,2026-10-07
2022-05-04,110.53,USD/thùng,FRED,D,2026-10-07
2022-05-05,112.11,USD/thùng,FRED,D,2026-10-07
2022-05-06,113.86,USD/thùng,FRED,D,2026-10-07
2022-05-09,106.67,USD/thùng,FRED,D,2026-10-07
2022-05-10,102.61,USD/thùng,FRED,D,2026-10-07
2022-05-11,107.7,USD/thùng,FRED,D,2026-10-07
2022-05-12,108.06,USD/thùng,FRED,D,2026-10-07
2022-05-13,112.12,USD/thùng,FRED,D,2026-10-07
2022-05-16,114.86,USD/thùng,FRED,D,2026-10-07
2022-05-17,112.89,USD/thùng,FRED,D,2026-10-07
2022-05-18,110.04,USD/thùng,FRED,D,2026-10-07
2022-05-19,113.22,USD/thùng,FRED,D,2026-10-07
2022-05-20,113.63,USD/thùng,FRED,D,2026-10-07
2022-05-23,115.13,USD/thùng,FRED,D,2026-10-07
2022-05-24,115.77,USD/thùng,FRED,D,2026-10-07
2022-05-25,116.41,USD/thùng,FRED,D,2026-10-07
2022-05-26,119.81,USD/thùng,FRED,D,2026-10-07
2022-05-27,121.19,USD/thùng,FRED,D,2026-10-07
2022-05-30,123.01,USD/thùng,FRED,D,2026-10-07
2022-05-31,125.53,USD/thùng,FRED,D,2026-10-07
2022-06-01,122.2,USD/thùng,FRED,D,2026-10-07
2022-06-03,125.68,USD/thùng,FRED,D,2026-10-07
2022-06-06,124.99,USD/thùng,FRED,D,2026-10-07
2022-06-07,126.89,USD/thùng,FRED,D,2026-10-07
2022-06-08,129.2,USD/thùng,FRED,D,2026-10-07
2022-06-09,128.47,USD/thùng,FRED,D,2026-10-07
2022-06-10,127.44,USD/thùng,FRED,D,2026-10-07
2022-06-13,128.44,USD/thùng,FRED,D,2026-10-07
2022-06-14,127.02,USD/thùng,FRED,D,2026-10-07
2022-06-15,124.96,USD/thùng,FRED,D,2026-10-07
2022-06-16,125.78,USD/thùng,FRED,D,2026-10-07
2022-06-17,119.22,USD/thùng,FRED,D,2026-10-07
2022-06-20,118.25,USD/thùng,FRED,D,2026-10-07
2022-06-21,118.51,USD/thùng,FRED,D,2026-10-07
2022-06-22,115.54,USD/thùng,FRED,D,2026-10-07
2022-06-23,114.5,USD/thùng,FRED,D,2026-10-07
2022-06-24,117.36,USD/thùng,FRED,D,2026-10-07
2022-06-27,119.69,USD/thùng,FRED,D,2026-10-07
2022-06-28,122.21,USD/thùng,FRED,D,2026-10-07
2022-06-29,120.8,USD/thùng,FRED,D,2026-10-07
2022-06-30,119.78,USD/thùng,FRED,D,2026-10-07
2022-07-01,119.21,USD/thùng,FRED,D,2026-10-07
2022-07-04,121.8,USD/thùng,FRED,D,2026-10-07
2022-07-05,110.49,USD/thùng,FRED,D,2026-10-07
2022-07-06,108.54,USD/thùng,FRED,D,2026-10-07
2022-07-07,113.4,USD/thùng,FRED,D,2026-10-07
2022-07-08,113.95,USD/thùng,FRED,D,2026-10-07
2022-07-11,114.85,USD/thùng,FRED,D,2026-10-07
2022-07-12,106.98,USD/thùng,FRED,D,2026-10-07
2022-07-13,107.17,USD/thùng,FRED,D,2026-10-07
2022-07-14,107.74,USD/thùng,FRED,D,2026-10-07
2022-07-15,112.26,USD/thùng,FRED,D,2026-10-07
2022-07-18,117.27,USD/thùng,FRED,D,2026-10-07
2022-07-19,114.96,USD/thùng,FRED,D,2026-10-07
2022-07-20,115.86,USD/thùng,FRED,D,2026-10-07
2022-07-21,112.81,USD/thùng,FRED,D,2026-10-07
2022-07-22,106.77,USD/thùng,FRED,D,2026-10-07
2022-07-25,108.23,USD/thùng,FRED,D,2026-10-07
2022-07-26,107.32,USD/thùng,FRED,D,2026-10-07
2022-07-27,109.64,USD/thùng,FRED,D,2026-10-07
2022-07-28,109.68,USD/thùng,FRED,D,2026-10-07
2022-07-29,111.51,USD/thùng,FRED,D,2026-10-07
2022-08-01,106.09,USD/thùng,FRED,D,2026-10-07
2022-08-02,106.51,USD/thùng,FRED,D,2026-10-07
2022-08-03,101.82,USD/thùng,FRED,D,2026-10-07
2022-08-04,97.99,USD/thùng,FRED,D,2026-10-07
2022-08-05,100.31,USD/thùng,FRED,D,2026-10-07
2022-08-08,103.46,USD/thùng,FRED,D,2026-10-07
2022-08-09,103.81,USD/thùng,FRED,D,2026-10-07
2022-08-10,105.06,USD/thùng,FRED,D,2026-10-07
2022-08-11,107.19,USD/thùng,FRED,D,2026-10-07
2022-08-12,103.7,USD/thùng,FRED,D,2026-10-07
2022-08-15,98.25,USD/thùng,FRED,D,2026-10-07
2022-08-16,95.36,USD/thùng,FRED,D,2026-10-07
2022-08-17,97.22,USD/thùng,FRED,D,2026-10-07
2022-08-18,96.35,USD/thùng,FRED,D,2026-10-07
2022-08-19,96.45,USD/thùng,FRED,D,2026-10-07
2022-08-22,95.06,USD/thùng,FRED,D,2026-10-07
2022-08-23,99.49,USD/thùng,FRED,D,2026-10-07
2022-08-24,99.87,USD/thùng,FRED,D,2026-10-07
2022-08-25,98.81,USD/thùng,FRED,D,2026-10-07
2022-08-26,101.13,USD/thùng,FRED,D,2026-10-07
2022-08-30,99.34,USD/thùng,FRED,D,2026-10-07
2022-08-31,96.55,USD/thùng,FRED,D,2026-10-07
2022-09-01,92.24,USD/thùng,FRED,D,2026-10-07
2022-09-02,93.09,USD/thùng,FRED,D,2026-10-07
2022-09-05,94.22,USD/thùng,FRED,D,2026-10-07
2022-09-06,91.43,USD/thùng,FRED,D,2026-10-07
2022-09-07,86.83,USD/thùng,FRED,D,2026-10-07
2022-09-08,87.99,USD/thùng,FRED,D,2026-10-07
2022-09-09,91.68,USD/thùng,FRED,D,2026-10-07
2022-09-12,93.45,USD/thùng,FRED,D,2026-10-07
2022-09-13,92.04,USD/thùng,FRED,D,2026-10-07
2022-09-14,92.83,USD/thùng,FRED,D,2026-10-07
2022-09-15,89.28,USD/thùng,FRED,D,2026-10-07
2022-09-16,89.43,USD/thùng,FRED,D,2026-10-07
2022-09-20,89.62,USD/thùng,FRED,D,2026-10-07
2022-09-21,89.86,USD/thùng,FRED,D,2026-10-07
2022-09-22,90.4,USD/thùng,FRED,D,2026-10-07
2022-09-23,84.29,USD/thùng,FRED,D,2026-10-07
2022-09-26,82.55,USD/thùng,FRED,D,2026-10-07
2022-09-27,85.97,USD/thùng,FRED,D,2026-10-07
2022-09-28,89.55,USD/thùng,FRED,D,2026-10-07
2022-09-29,89.41,USD/thùng,FRED,D,2026-10-07
2022-09-30,88.9,USD/thùng,FRED,D,2026-10-07
2022-10-03,90.68,USD/thùng,FRED,D,2026-10-07
2022-10-04,93.74,USD/thùng,FRED,D,2026-10-07
2022-10-05,94.35,USD/thùng,FRED,D,2026-10-07
2022-10-06,95.65,USD/thùng,FRED,D,2026-10-07
2022-10-07,98.88,USD/thùng,FRED,D,2026-10-07
2022-10-10,97.13,USD/thùng,FRED,D,2026-10-07
2022-10-11,95.17,USD/thùng,FRED,D,2026-10-07
2022-10-12,93.44,USD/thùng,FRED,D,2026-10-07
2022-10-13,95.16,USD/thùng,FRED,D,2026-10-07
2022-10-14,92.22,USD/thùng,FRED,D,2026-10-07
2022-10-17,91.04,USD/thùng,FRED,D,2026-10-07
2022-10-18,89.46,USD/thùng,FRED,D,2026-10-07
2022-10-19,91.34,USD/thùng,FRED,D,2026-10-07
2022-10-20,91.52,USD/thùng,FRED,D,2026-10-07
2022-10-21,91.82,USD/thùng,FRED,D,2026-10-07
2022-10-24,91.57,USD/thùng,FRED,D,2026-10-07
2022-10-25,91.76,USD/thùng,FRED,D,2026-10-07
2022-10-26,92.93,USD/thùng,FRED,D,2026-10-07
2022-10-27,94.17,USD/thùng,FRED,D,2026-10-07
2022-10-28,94.64,USD/thùng,FRED,D,2026-10-07
2022-10-31,93.3,USD/thùng,FRED,D,2026-10-07
2022-11-01,95.12,USD/thùng,FRED,D,2026-10-07
2022-11-02,96.07,USD/thùng,FRED,D,2026-10-07
2022-11-03,95.29,USD/thùng,FRED,D,2026-10-07
2022-11-04,99.53,USD/thùng,FRED,D,2026-10-07
2022-11-07,99.87,USD/thùng,FRED,D,2026-10-07
2022-11-08,96.85,USD/thùng,FRED,D,2026-10-07
2022-11-09,93.05,USD/thùng,FRED,D,2026-10-07
2022-11-10,94.25,USD/thùng,FRED,D,2026-10-07
2022-11-11,96.37,USD/thùng,FRED,D,2026-10-07
2022-11-14,93.59,USD/thùng,FRED,D,2026-10-07
2022-11-15,94.3,USD/thùng,FRED,D,2026-10-07
2022-11-16,92.61,USD/thùng,FRED,D,2026-10-07
2022-11-17,91.0,USD/thùng,FRED,D,2026-10-07
2022-11-18,88.93,USD/thùng,FRED,D,2026-10-07
2022-11-21,88.44,USD/thùng,FRED,D,2026-10-07
2022-11-22,88.65,USD/thùng,FRED,D,2026-10-07
2022-11-23,85.9,USD/thùng,FRED,D,2026-10-07
2022-11-24,85.59,USD/thùng,FRED,D,2026-10-07
2022-11-25,83.4,USD/thùng,FRED,D,2026-10-07
2022-11-28,83.5,USD/thùng,FRED,D,2026-10-07
2022-11-29,83.22,USD/thùng,FRED,D,2026-10-07
2022-11-30,85.61,USD/thùng,FRED,D,2026-10-07
2022-12-01,86.28,USD/thùng,FRED,D,2026-10-07
2022-12-02,86.54,USD/thùng,FRED,D,2026-10-07
2022-12-05,83.36,USD/thùng,FRED,D,2026-10-07
2022-12-06,79.92,USD/thùng,FRED,D,2026-10-07
2022-12-07,77.11,USD/thùng,FRED,D,2026-10-07
2022-12-08,76.02,USD/thùng,FRED,D,2026-10-07
2022-12-09,76.37,USD/thùng,FRED,D,2026-10-07
2022-12-12,78.0,USD/thùng,FRED,D,2026-10-07
2022-12-13,80.14,USD/thùng,FRED,D,2026-10-07
2022-12-14,83.33,USD/thùng,FRED,D,2026-10-07
2022-12-15,82.34,USD/thùng,FRED,D,2026-10-07
2022-12-16,80.2,USD/thùng,FRED,D,2026-10-07
2022-12-19,81.66,USD/thùng,FRED,D,2026-10-07
2022-12-20,79.45,USD/thùng,FRED,D,2026-10-07
2022-12-21,80.25,USD/thùng,FRED,D,2026-10-07
2022-12-22,79.58,USD/thùng,FRED,D,2026-10-07
2022-12-23,82.45,USD/thùng,FRED,D,2026-10-07
2022-12-28,81.7,USD/thùng,FRED,D,2026-10-07
2022-12-29,80.96,USD/thùng,FRED,D,2026-10-07
2022-12-30,82.82,USD/thùng,FRED,D,2026-10-07
2023-01-03,80.36,USD/thùng,FRED,D,2026-10-07
2023-01-04,75.31,USD/thùng,FRED,D,2026-10-07
2023-01-05,76.73,USD/thùng,FRED,D,2026-10-07
2023-01-06,76.41,USD/thùng,FRED,D,2026-10-07
2023-01-09,77.5,USD/thùng,FRED,D,2026-10-07
2023-01-10,78.4,USD/thùng,FRED,D,2026-10-07
2023-01-11,81.11,USD/thùng,FRED,D,2026-10-07
2023-01-12,82.59,USD/thùng,FRED,D,2026-10-07
2023-01-13,83.43,USD/thùng,FRED,D,2026-10-07
2023-01-16,82.65,USD/thùng,FRED,D,2026-10-07
2023-01-17,84.38,USD/thùng,FRED,D,2026-10-07
2023-01-18,83.78,USD/thùng,FRED,D,2026-10-07
2023-01-19,85.08,USD/thùng,FRED,D,2026-10-07
2023-01-20,86.96,USD/thùng,FRED,D,2026-10-07
2023-01-23,87.54,USD/thùng,FRED,D,2026-10-07
2023-01-24,85.25,USD/thùng,FRED,D,2026-10-07
2023-01-25,85.08,USD/thùng,FRED,D,2026-10-07
2023-01-26,86.29,USD/thùng,FRED,D,2026-10-07
2023-01-27,85.36,USD/thùng,FRED,D,2026-10-07
2023-01-30,84.9,USD/thùng,FRED,D,2026-10-07
2023-01-31,83.42,USD/thùng,FRED,D,2026-10-07
2023-02-01,81.61,USD/thùng,FRED,D,2026-10-07
2023-02-02,80.57,USD/thùng,FRED,D,2026-10-07
2023-02-03,78.85,USD/thùng,FRED,D,2026-10-07
2023-02-06,80.48,USD/thùng,FRED,D,2026-10-07
2023-02-07,82.92,USD/thùng,FRED,D,2026-10-07
2023-02-08,84.17,USD/thùng,FRED,D,2026-10-07
2023-02-09,83.46,USD/thùng,FRED,D,2026-10-07
2023-02-10,85.46,USD/thùng,FRED,D,2026-10-07
2023-02-13,85.98,USD/thùng,FRED,D,2026-10-07
2023-02-14,84.96,USD/thùng,FRED,D,2026-10-07
2023-02-15,84.11,USD/thùng,FRED,D,2026-10-07
2023-02-16,83.84,USD/thùng,FRED,D,2026-10-07
2023-02-17,81.97,USD/thùng,FRED,D,2026-10-07
2023-02-20,82.79,USD/thùng,FRED,D,2026-10-07
2023-02-21,82.14,USD/thùng,FRED,D,2026-10-07
2023-02-22,79.55,USD/thùng,FRED,D,2026-10-07
2023-02-23,82.08,USD/thùng,FRED,D,2026-10-07
2023-02-24,82.31,USD/thùng,FRED,D,2026-10-07
2023-02-27,81.24,USD/thùng,FRED,D,2026-10-07
2023-02-28,83.21,USD/thùng,FRED,D,2026-10-07
2023-03-01,83.68,USD/thùng,FRED,D,2026-10-07
2023-03-02,84.15,USD/thùng,FRED,D,2026-10-07
2023-03-03,85.74,USD/thùng,FRED,D,2026-10-07
2023-03-06,85.86,USD/thùng,FRED,D,2026-10-07
2023-03-07,83.03,USD/thùng,FRED,D,2026-10-07
2023-03-08,82.1,USD/thùng,FRED,D,2026-10-07
2023-03-09,81.0,USD/thùng,FRED,D,2026-10-07
2023-03-10,82.3,USD/thùng,FRED,D,2026-10-07
2023-03-13,79.67,USD/thùng,FRED,D,2026-10-07
2023-03-14,76.77,USD/thùng,FRED,D,2026-10-07
2023-03-15,74.3,USD/thùng,FRED,D,2026-10-07
2023-03-16,73.12,USD/thùng,FRED,D,2026-10-07
2023-03-17,71.03,USD/thùng,FRED,D,2026-10-07
2023-03-20,72.42,USD/thùng,FRED,D,2026-10-07
2023-03-21,74.78,USD/thùng,FRED,D,2026-10-07
2023-03-22,76.08,USD/thùng,FRED,D,2026-10-07
2023-03-23,74.31,USD/thùng,FRED,D,2026-10-07
2023-03-24,73.63,USD/thùng,FRED,D,2026-10-07
2023-03-27,76.8,USD/thùng,FRED,D,2026-10-07
2023-03-28,78.07,USD/thùng,FRED,D,2026-10-07
2023-03-29,77.51,USD/thùng,FRED,D,2026-10-07
2023-03-30,78.45,USD/thùng,FRED,D,2026-10-07
2023-03-31,79.19,USD/thùng,FRED,D,2026-10-07
2023-04-03,85.81,USD/thùng,FRED,D,2026-10-07
2023-04-04,85.7,USD/thùng,FRED,D,2026-10-07
2023-04-05,85.89,USD/thùng,FRED,D,2026-10-07
2023-04-06,86.56,USD/thùng,FRED,D,2026-10-07
2023-04-11,87.32,USD/thùng,FRED,D,2026-10-07
2023-04-12,88.31,USD/thùng,FRED,D,2026-10-07
2023-04-13,86.51,USD/thùng,FRED,D,2026-10-07
2023-04-14,87.31,USD/thùng,FRED,D,2026-10-07
2023-04-17,85.63,USD/thùng,FRED,D,2026-10-07
2023-04-18,85.48,USD/thùng,FRED,D,2026-10-07
2023-04-19,85.34,USD/thùng,FRED,D,2026-10-07
2023-04-20,83.29,USD/thùng,FRED,D,2026-10-07
2023-04-21,83.36,USD/thùng,FRED,D,2026-10-07
2023-04-24,84.23,USD/thùng,FRED,D,2026-10-07
2023-04-25,82.13,USD/thùng,FRED,D,2026-10-07
2023-04-26,79.19,USD/thùng,FRED,D,2026-10-07
2023-04-27,80.11,USD/thùng,FRED,D,2026-10-07
2023-04-28,81.32,USD/thùng,FRED,D,2026-10-07
2023-05-02,76.71,USD/thùng,FRED,D,2026-10-07
2023-05-03,72.91,USD/thùng,FRED,D,2026-10-07
2023-05-04,73.0,USD/thùng,FRED,D,2026-10-07
2023-05-05,75.85,USD/thùng,FRED,D,2026-10-07
2023-05-09,77.76,USD/thùng,FRED,D,2026-10-07
2023-05-10,76.7,USD/thùng,FRED,D,2026-10-07
2023-05-11,75.32,USD/thùng,FRED,D,2026-10-07
2023-05-12,74.54,USD/thùng,FRED,D,2026-10-07
2023-05-15,75.46,USD/thùng,FRED,D,2026-10-07
2023-05-16,75.15,USD/thùng,FRED,D,2026-10-07
2023-05-17,76.98,USD/thùng,FRED,D,2026-10-07
2023-05-18,75.75,USD/thùng,FRED,D,2026-10-07
2023-05-19,75.42,USD/thùng,FRED,D,2026-10-07
2023-05-22,75.77,USD/thùng,FRED,D,2026-10-07
2023-05-23,76.66,USD/thùng,FRED,D,2026-10-07
2023-05-24,77.99,USD/thùng,FRED,D,2026-10-07
2023-05-25,75.66,USD/thùng,FRED,D,2026-10-07
2023-05-26,76.33,USD/thùng,FRED,D,2026-10-07
2023-05-30,73.38,USD/thùng,FRED,D,2026-10-07
2023-05-31,71.98,USD/thùng,FRED,D,2026-10-07
2023-06-01,74.18,USD/thùng,FRED,D,2026-10-07
2023-06-02,76.0,USD/thùng,FRED,D,2026-10-07
2023-06-05,76.61,USD/thùng,FRED,D,2026-10-07
2023-06-06,76.22,USD/thùng,FRED,D,2026-10-07
2023-06-07,76.85,USD/thùng,FRED,D,2026-10-07
2023-06-08,75.88,USD/thùng,FRED,D,2026-10-07
2023-06-09,74.74,USD/thùng,FRED,D,2026-10-07
2023-06-12,71.8,USD/thùng,FRED,D,2026-10-07
2023-06-13,74.24,USD/thùng,FRED,D,2026-10-07
2023-06-14,73.39,USD/thùng,FRED,D,2026-10-07
2023-06-15,75.75,USD/thùng,FRED,D,2026-10-07
2023-06-16,76.76,USD/thùng,FRED,D,2026-10-07
2023-06-19,76.09,USD/thùng,FRED,D,2026-10-07
2023-06-20,75.79,USD/thùng,FRED,D,2026-10-07
2023-06-21,76.92,USD/thùng,FRED,D,2026-10-07
2023-06-22,73.93,USD/thùng,FRED,D,2026-10-07
2023-06-23,73.56,USD/thùng,FRED,D,2026-10-07
2023-06-26,73.86,USD/thùng,FRED,D,2026-10-07
2023-06-27,71.88,USD/thùng,FRED,D,2026-10-07
2023-06-28,73.64,USD/thùng,FRED,D,2026-10-07
2023-06-29,73.86,USD/thùng,FRED,D,2026-10-07
2023-06-30,74.51,USD/thùng,FRED,D,2026-10-07
2023-07-03,74.52,USD/thùng,FRED,D,2026-10-07
2023-07-04,76.23,USD/thùng,FRED,D,2026-10-07
2023-07-05,76.74,USD/thùng,FRED,D,2026-10-07
2023-07-06,76.72,USD/thùng,FRED,D,2026-10-07
2023-07-07,78.77,USD/thùng,FRED,D,2026-10-07
2023-07-10,77.83,USD/thùng,FRED,D,2026-10-07
2023-07-11,79.54,USD/thùng,FRED,D,2026-10-07
2023-07-12,80.35,USD/thùng,FRED,D,2026-10-07
2023-07-13,81.31,USD/thùng,FRED,D,2026-10-07
2023-07-14,79.9,USD/thùng,FRED,D,2026-10-07
2023-07-17,77.8,USD/thùng,FRED,D,2026-10-07
2023-07-18,79.54,USD/thùng,FRED,D,2026-10-07
2023-07-19,79.38,USD/thùng,FRED,D,2026-10-07
2023-07-20,79.62,USD/thùng,FRED,D,2026-10-07
2023-07-21,81.06,USD/thùng,FRED,D,2026-10-07
2023-07-24,82.53,USD/thùng,FRED,D,2026-10-07
2023-07-25,83.46,USD/thùng,FRED,D,2026-10-07
2023-07-26,82.98,USD/thùng,FRED,D,2026-10-07
2023-07-27,84.28,USD/thùng,FRED,D,2026-10-07
2023-07-28,84.49,USD/thùng,FRED,D,2026-10-07
2023-07-31,85.22,USD/thùng,FRED,D,2026-10-07
2023-08-01,85.34,USD/thùng,FRED,D,2026-10-07
2023-08-02,84.01,USD/thùng,FRED,D,2026-10-07
2023-08-03,86.19,USD/thùng,FRED,D,2026-10-07
2023-08-04,87.38,USD/thùng,FRED,D,2026-10-07
2023-08-07,86.47,USD/thùng,FRED,D,2026-10-07
2023-08-08,88.0,USD/thùng,FRED,D,2026-10-07
2023-08-09,89.31,USD/thùng,FRED,D,2026-10-07
2023-08-10,87.44,USD/thùng,FRED,D,2026-10-07
2023-08-11,87.93,USD/thùng,FRED,D,2026-10-07
2023-08-14,87.4,USD/thùng,FRED,D,2026-10-07
2023-08-15,86.28,USD/thùng,FRED,D,2026-10-07
2023-08-16,84.49,USD/thùng,FRED,D,2026-10-07
2023-08-17,85.24,USD/thùng,FRED,D,2026-10-07
2023-08-18,85.92,USD/thùng,FRED,D,2026-10-07
2023-08-21,85.44,USD/thùng,FRED,D,2026-10-07
2023-08-22,84.7,USD/thùng,FRED,D,2026-10-07
2023-08-23,83.94,USD/thùng,FRED,D,2026-10-07
2023-08-24,84.07,USD/thùng,FRED,D,2026-10-07
2023-08-25,85.42,USD/thùng,FRED,D,2026-10-07
2023-08-29,86.37,USD/thùng,FRED,D,2026-10-07
2023-08-30,86.62,USD/thùng,FRED,D,2026-10-07
2023-08-31,87.29,USD/thùng,FRED,D,2026-10-07
2023-09-01,89.98,USD/thùng,FRED,D,2026-10-07
2023-09-04,90.42,USD/thùng,FRED,D,2026-10-07
2023-09-05,91.25,USD/thùng,FRED,D,2026-10-07
2023-09-06,91.79,USD/thùng,FRED,D,2026-10-07
2023-09-07,91.16,USD/thùng,FRED,D,2026-10-07
2023-09-08,91.85,USD/thùng,FRED,D,2026-10-07
2023-09-11,91.97,USD/thùng,FRED,D,2026-10-07
2023-09-12,93.58,USD/thùng,FRED,D,2026-10-07
2023-09-13,93.04,USD/thùng,FRED,D,2026-10-07
2023-09-14,95.2,USD/thùng,FRED,D,2026-10-07
2023-09-15,95.55,USD/thùng,FRED,D,2026-10-07
2023-09-18,95.95,USD/thùng,FRED,D,2026-10-07
2023-09-19,96.11,USD/thùng,FRED,D,2026-10-07
2023-09-20,94.56,USD/thùng,FRED,D,2026-10-07
2023-09-21,93.7,USD/thùng,FRED,D,2026-10-07
2023-09-22,93.99,USD/thùng,FRED,D,2026-10-07
2023-09-25,94.01,USD/thùng,FRED,D,2026-10-07
2023-09-26,94.46,USD/thùng,FRED,D,2026-10-07
2023-09-27,97.1,USD/thùng,FRED,D,2026-10-07
2023-09-28,96.64,USD/thùng,FRED,D,2026-10-07
2023-09-29,95.86,USD/thùng,FRED,D,2026-10-07
2023-10-02,91.21,USD/thùng,FRED,D,2026-10-07
2023-10-03,94.46,USD/thùng,FRED,D,2026-10-07
2023-10-04,89.83,USD/thùng,FRED,D,2026-10-07
2023-10-05,88.28,USD/thùng,FRED,D,2026-10-07
2023-10-06,87.86,USD/thùng,FRED,D,2026-10-07
2023-10-09,91.37,USD/thùng,FRED,D,2026-10-07
2023-10-10,90.7,USD/thùng,FRED,D,2026-10-07
2023-10-11,87.58,USD/thùng,FRED,D,2026-10-07
2023-10-12,88.4,USD/thùng,FRED,D,2026-10-07
2023-10-13,94.33,USD/thùng,FRED,D,2026-10-07
2023-10-16,90.99,USD/thùng,FRED,D,2026-10-07
2023-10-17,92.52,USD/thùng,FRED,D,2026-10-07
2023-10-18,91.99,USD/thùng,FRED,D,2026-10-07
2023-10-19,93.12,USD/thùng,FRED,D,2026-10-07
2023-10-20,93.72,USD/thùng,FRED,D,2026-10-07
2023-10-23,91.88,USD/thùng,FRED,D,2026-10-07
2023-10-24,88.0,USD/thùng,FRED,D,2026-10-07
2023-10-25,90.14,USD/thùng,FRED,D,2026-10-07
2023-10-26,88.45,USD/thùng,FRED,D,2026-10-07
2023-10-27,90.73,USD/thùng,FRED,D,2026-10-07
2023-10-30,90.73,USD/thùng,FRED,D,2026-10-07
2023-10-31,86.82,USD/thùng,FRED,D,2026-10-07
2023-11-01,86.92,USD/thùng,FRED,D,2026-10-07
2023-11-02,89.02,USD/thùng,FRED,D,2026-10-07
2023-11-03,87.55,USD/thùng,FRED,D,2026-10-07
2023-11-06,87.31,USD/thùng,FRED,D,2026-10-07
2023-11-07,83.43,USD/thùng,FRED,D,2026-10-07
2023-11-08,81.46,USD/thùng,FRED,D,2026-10-07
2023-11-09,81.74,USD/thùng,FRED,D,2026-10-07
2023-11-10,83.66,USD/thùng,FRED,D,2026-10-07
2023-11-13,84.09,USD/thùng,FRED,D,2026-10-07
2023-11-14,84.2,USD/thùng,FRED,D,2026-10-07
2023-11-15,82.4,USD/thùng,FRED,D,2026-10-07
2023-11-16,77.73,USD/thùng,FRED,D,2026-10-07
2023-11-17,81.22,USD/thùng,FRED,D,2026-10-07
2023-11-20,83.25,USD/thùng,FRED,D,2026-10-07
2023-11-21,82.42,USD/thùng,FRED,D,2026-10-07
2023-11-22,81.76,USD/thùng,FRED,D,2026-10-07
2023-11-23,80.85,USD/thùng,FRED,D,2026-10-07
2023-11-24,79.82,USD/thùng,FRED,D,2026-10-07
2023-11-27,79.49,USD/thùng,FRED,D,2026-10-07
2023-11-28,81.66,USD/thùng,FRED,D,2026-10-07
2023-11-29,82.98,USD/thùng,FRED,D,2026-10-07
2023-11-30,81.72,USD/thùng,FRED,D,2026-10-07
2023-12-01,78.72,USD/thùng,FRED,D,2026-10-07
2023-12-04,78.16,USD/thùng,FRED,D,2026-10-07
2023-12-05,77.27,USD/thùng,FRED,D,2026-10-07
2023-12-06,74.33,USD/thùng,FRED,D,2026-10-07
2023-12-07,74.21,USD/thùng,FRED,D,2026-10-07
2023-12-08,75.94,USD/thùng,FRED,D,2026-10-07
2023-12-11,75.75,USD/thùng,FRED,D,2026-10-07
2023-12-12,74.11,USD/thùng,FRED,D,2026-10-07
2023-12-13,74.14,USD/thùng,FRED,D,2026-10-07
2023-12-14,77.05,USD/thùng,FRED,D,2026-10-07
2023-12-15,76.84,USD/thùng,FRED,D,2026-10-07
2023-12-18,78.89,USD/thùng,FRED,D,2026-10-07
2023-12-19,79.82,USD/thùng,FRED,D,2026-10-07
2023-12-20,81.1,USD/thùng,FRED,D,2026-10-07
2023-12-21,80.73,USD/thùng,FRED,D,2026-10-07
2023-12-22,80.23,USD/thùng,FRED,D,2026-10-07
2023-12-27,80.97,USD/thùng,FRED,D,2026-10-07
2023-12-28,79.04,USD/thùng,FRED,D,2026-10-07
2023-12-29,77.69,USD/thùng,FRED,D,2026-10-07
2024-01-02,76.24,USD/thùng,FRED,D,2026-10-07
2024-01-03,77.18,USD/thùng,FRED,D,2026-10-07
2024-01-04,75.79,USD/thùng,FRED,D,2026-10-07
2024-01-05,78.31,USD/thùng,FRED,D,2026-10-07
2024-01-08,75.47,USD/thùng,FRED,D,2026-10-07
2024-01-09,77.97,USD/thùng,FRED,D,2026-10-07
2024-01-10,78.46,USD/thùng,FRED,D,2026-10-07
2024-01-11,80.21,USD/thùng,FRED,D,2026-10-07
2024-01-12,79.89,USD/thùng,FRED,D,2026-10-07
2024-01-15,79.76,USD/thùng,FRED,D,2026-10-07
2024-01-16,80.15,USD/thùng,FRED,D,2026-10-07
2024-01-17,78.88,USD/thùng,FRED,D,2026-10-07
2024-01-18,81.04,USD/thùng,FRED,D,2026-10-07
2024-01-19,80.71,USD/thùng,FRED,D,2026-10-07
2024-01-22,81.7,USD/thùng,FRED,D,2026-10-07
2024-01-23,82.04,USD/thùng,FRED,D,2026-10-07
2024-01-24,82.15,USD/thùng,FRED,D,2026-10-07
2024-01-25,82.33,USD/thùng,FRED,D,2026-10-07
2024-01-26,83.34,USD/thùng,FRED,D,2026-10-07
2024-01-29,83.99,USD/thùng,FRED,D,2026-10-07
2024-01-30,84.14,USD/thùng,FRED,D,2026-10-07
2024-01-31,82.98,USD/thùng,FRED,D,2026-10-07
2024-02-01,82.2,USD/thùng,FRED,D,2026-10-07
2024-02-02,79.54,USD/thùng,FRED,D,2026-10-07
2024-02-05,79.3,USD/thùng,FRED,D,2026-10-07
2024-02-06,80.46,USD/thùng,FRED,D,2026-10-07
2024-02-07,81.18,USD/thùng,FRED,D,2026-10-07
2024-02-08,83.01,USD/thùng,FRED,D,2026-10-07
2024-02-09,83.58,USD/thùng,FRED,D,2026-10-07
2024-02-12,83.88,USD/thùng,FRED,D,2026-10-07
2024-02-13,84.72,USD/thùng,FRED,D,2026-10-07
2024-02-14,84.41,USD/thùng,FRED,D,2026-10-07
2024-02-15,84.33,USD/thùng,FRED,D,2026-10-07
2024-02-16,84.88,USD/thùng,FRED,D,2026-10-07
2024-02-19,85.52,USD/thùng,FRED,D,2026-10-07
2024-02-20,84.78,USD/thùng,FRED,D,2026-10-07
2024-02-21,84.77,USD/thùng,FRED,D,2026-10-07
2024-02-22,85.84,USD/thùng,FRED,D,2026-10-07
2024-02-23,84.18,USD/thùng,FRED,D,2026-10-07
2024-02-26,84.01,USD/thùng,FRED,D,2026-10-07
2024-02-27,83.8,USD/thùng,FRED,D,2026-10-07
2024-02-28,84.08,USD/thùng,FRED,D,2026-10-07
2024-02-29,84.57,USD/thùng,FRED,D,2026-10-07
2024-03-01,84.82,USD/thùng,FRED,D,2026-10-07
2024-03-04,86.58,USD/thùng,FRED,D,2026-10-07
2024-03-05,85.82,USD/thùng,FRED,D,2026-10-07
2024-03-06,86.59,USD/thùng,FRED,D,2026-10-07
2024-03-07,84.88,USD/thùng,FRED,D,2026-10-07
2024-03-08,84.29,USD/thùng,FRED,D,2026-10-07
2024-03-11,83.44,USD/thùng,FRED,D,2026-10-07
2024-03-12,83.66,USD/thùng,FRED,D,2026-10-07
2024-03-13,83.95,USD/thùng,FRED,D,2026-10-07
2024-03-14,86.16,USD/thùng,FRED,D,2026-10-07
2024-03-15,85.39,USD/thùng,FRED,D,2026-10-07
2024-03-18,86.47,USD/thùng,FRED,D,2026-10-07
2024-03-19,87.36,USD/thùng,FRED,D,2026-10-07
2024-03-20,85.77,USD/thùng,FRED,D,2026-10-07
2024-03-21,84.92,USD/thùng,FRED,D,2026-10-07
2024-03-22,84.87,USD/thùng,FRED,D,2026-10-07
2024-03-25,86.18,USD/thùng,FRED,D,2026-10-07
2024-03-26,85.91,USD/thùng,FRED,D,2026-10-07
2024-03-27,84.94,USD/thùng,FRED,D,2026-10-07
2024-03-28,86.17,USD/thùng,FRED,D,2026-10-07
2024-04-02,87.63,USD/thùng,FRED,D,2026-10-07
2024-04-03,90.6,USD/thùng,FRED,D,2026-10-07
2024-04-04,90.32,USD/thùng,FRED,D,2026-10-07
2024-04-05,92.81,USD/thùng,FRED,D,2026-10-07
2024-04-08,91.73,USD/thùng,FRED,D,2026-10-07
2024-04-09,92.13,USD/thùng,FRED,D,2026-10-07
2024-04-10,91.57,USD/thùng,FRED,D,2026-10-07
2024-04-11,91.49,USD/thùng,FRED,D,2026-10-07
2024-04-12,93.12,USD/thùng,FRED,D,2026-10-07
2024-04-15,90.84,USD/thùng,FRED,D,2026-10-07
2024-04-16,91.29,USD/thùng,FRED,D,2026-10-07
2024-04-17,89.54,USD/thùng,FRED,D,2026-10-07
2024-04-18,88.34,USD/thùng,FRED,D,2026-10-07
2024-04-19,87.96,USD/thùng,FRED,D,2026-10-07
2024-04-22,87.3,USD/thùng,FRED,D,2026-10-07
2024-04-23,88.29,USD/thùng,FRED,D,2026-10-07
2024-04-24,89.02,USD/thùng,FRED,D,2026-10-07
2024-04-25,88.1,USD/thùng,FRED,D,2026-10-07
2024-04-26,89.95,USD/thùng,FRED,D,2026-10-07
2024-04-29,88.44,USD/thùng,FRED,D,2026-10-07
2024-04-30,88.23,USD/thùng,FRED,D,2026-10-07
2024-05-01,83.55,USD/thùng,FRED,D,2026-10-07
2024-05-02,84.81,USD/thùng,FRED,D,2026-10-07
2024-05-03,83.6,USD/thùng,FRED,D,2026-10-07
2024-05-07,82.69,USD/thùng,FRED,D,2026-10-07
2024-05-08,82.44,USD/thùng,FRED,D,2026-10-07
2024-05-09,83.27,USD/thùng,FRED,D,2026-10-07
2024-05-10,83.39,USD/thùng,FRED,D,2026-10-07
2024-05-13,83.18,USD/thùng,FRED,D,2026-10-07
2024-05-14,81.0,USD/thùng,FRED,D,2026-10-07
2024-05-15,79.98,USD/thùng,FRED,D,2026-10-07
2024-05-16,81.65,USD/thùng,FRED,D,2026-10-07
2024-05-17,82.24,USD/thùng,FRED,D,2026-10-07
2024-05-20,81.91,USD/thùng,FRED,D,2026-10-07
2024-05-21,81.22,USD/thùng,FRED,D,2026-10-07
2024-05-22,79.9,USD/thùng,FRED,D,2026-10-07
2024-05-23,79.25,USD/thùng,FRED,D,2026-10-07
2024-05-24,78.92,USD/thùng,FRED,D,2026-10-07
2024-05-28,81.34,USD/thùng,FRED,D,2026-10-07
2024-05-29,81.5,USD/thùng,FRED,D,2026-10-07
2024-05-30,81.42,USD/thùng,FRED,D,2026-10-07
2024-05-31,79.41,USD/thùng,FRED,D,2026-10-07
2024-06-03,76.45,USD/thùng,FRED,D,2026-10-07
2024-06-04,75.33,USD/thùng,FRED,D,2026-10-07
2024-06-05,75.41,USD/thùng,FRED,D,2026-10-07
2024-06-06,77.62,USD/thùng,FRED,D,2026-10-07
2024-06-07,78.12,USD/thùng,FRED,D,2026-10-07
2024-06-10,79.59,USD/thùng,FRED,D,2026-10-07
2024-06-11,80.15,USD/thùng,FRED,D,2026-10-07
2024-06-12,80.52,USD/thùng,FRED,D,2026-10-07
2024-06-13,81.44,USD/thùng,FRED,D,2026-10-07
2024-06-14,81.49,USD/thùng,FRED,D,2026-10-07
2024-06-17,82.45,USD/thùng,FRED,D,2026-10-07
2024-06-18,84.79,USD/thùng,FRED,D,2026-10-07
2024-06-19,85.64,USD/thùng,FRED,D,2026-10-07
2024-06-20,85.92,USD/thùng,FRED,D,2026-10-07
2024-06-21,86.42,USD/thùng,FRED,D,2026-10-07
2024-06-24,86.75,USD/thùng,FRED,D,2026-10-07
2024-06-25,86.81,USD/thùng,FRED,D,2026-10-07
2024-06-26,85.76,USD/thùng,FRED,D,2026-10-07
2024-06-27,87.0,USD/thùng,FRED,D,2026-10-07
2024-06-28,87.26,USD/thùng,FRED,D,2026-10-07
2024-07-01,86.57,USD/thùng,FRED,D,2026-10-07
2024-07-02,88.28,USD/thùng,FRED,D,2026-10-07
2024-07-03,88.25,USD/thùng,FRED,D,2026-10-07
2024-07-04,88.34,USD/thùng,FRED,D,2026-10-07
2024-07-05,88.66,USD/thùng,FRED,D,2026-10-07
2024-07-08,87.15,USD/thùng,FRED,D,2026-10-07
2024-07-09,86.48,USD/thùng,FRED,D,2026-10-07
2024-07-10,86.55,USD/thùng,FRED,D,2026-10-07
2024-07-11,86.49,USD/thùng,FRED,D,2026-10-07
2024-07-12,87.35,USD/thùng,FRED,D,2026-10-07
2024-07-15,86.42,USD/thùng,FRED,D,2026-10-07
2024-07-16,86.6,USD/thùng,FRED,D,2026-10-07
2024-07-17,85.76,USD/thùng,FRED,D,2026-10-07
2024-07-18,86.26,USD/thùng,FRED,D,2026-10-07
2024-07-19,85.19,USD/thùng,FRED,D,2026-10-07
2024-07-22,83.44,USD/thùng,FRED,D,2026-10-07
2024-07-23,82.2,USD/thùng,FRED,D,2026-10-07
2024-07-24,83.01,USD/thùng,FRED,D,2026-10-07
2024-07-25,82.58,USD/thùng,FRED,D,2026-10-07
2024-07-26,81.35,USD/thùng,FRED,D,2026-10-07
2024-07-29,80.94,USD/thùng,FRED,D,2026-10-07
2024-07-30,79.26,USD/thùng,FRED,D,2026-10-07
2024-07-31,81.39,USD/thùng,FRED,D,2026-10-07
2024-08-01,81.37,USD/thùng,FRED,D,2026-10-07
2024-08-02,78.35,USD/thùng,FRED,D,2026-10-07
2024-08-05,77.51,USD/thùng,FRED,D,2026-10-07
2024-08-06,76.62,USD/thùng,FRED,D,2026-10-07
2024-08-07,78.26,USD/thùng,FRED,D,2026-10-07
2024-08-08,80.76,USD/thùng,FRED,D,2026-10-07
2024-08-09,81.07,USD/thùng,FRED,D,2026-10-07
2024-08-12,83.06,USD/thùng,FRED,D,2026-10-07
2024-08-13,82.51,USD/thùng,FRED,D,2026-10-07
2024-08-14,82.15,USD/thùng,FRED,D,2026-10-07
2024-08-15,83.09,USD/thùng,FRED,D,2026-10-07
2024-08-16,81.56,USD/thùng,FRED,D,2026-10-07
2024-08-19,81.09,USD/thùng,FRED,D,2026-10-07
2024-08-20,78.85,USD/thùng,FRED,D,2026-10-07
2024-08-21,78.77,USD/thùng,FRED,D,2026-10-07
2024-08-22,78.8,USD/thùng,FRED,D,2026-10-07
2024-08-23,80.34,USD/thùng,FRED,D,2026-10-07
2024-08-27,81.51,USD/thùng,FRED,D,2026-10-07
2024-08-28,80.04,USD/thùng,FRED,D,2026-10-07
2024-08-29,81.55,USD/thùng,FRED,D,2026-10-07
2024-08-30,80.2,USD/thùng,FRED,D,2026-10-07
2024-09-02,77.82,USD/thùng,FRED,D,2026-10-07
2024-09-03,76.46,USD/thùng,FRED,D,2026-10-07
2024-09-04,74.67,USD/thùng,FRED,D,2026-10-07
2024-09-05,74.47,USD/thùng,FRED,D,2026-10-07
2024-09-06,72.82,USD/thùng,FRED,D,2026-10-07
2024-09-09,72.37,USD/thùng,FRED,D,2026-10-07
2024-09-10,70.34,USD/thùng,FRED,D,2026-10-07
2024-09-11,70.31,USD/thùng,FRED,D,2026-10-07
2024-09-12,73.81,USD/thùng,FRED,D,2026-10-07
2024-09-13,73.68,USD/thùng,FRED,D,2026-10-07
2024-09-16,73.96,USD/thùng,FRED,D,2026-10-07
2024-09-17,74.55,USD/thùng,FRED,D,2026-10-07
2024-09-18,74.52,USD/thùng,FRED,D,2026-10-07
2024-09-19,75.93,USD/thùng,FRED,D,2026-10-07
2024-09-20,75.96,USD/thùng,FRED,D,2026-10-07
2024-09-23,74.95,USD/thùng,FRED,D,2026-10-07
2024-09-24,75.29,USD/thùng,FRED,D,2026-10-07
2024-09-25,75.4,USD/thùng,FRED,D,2026-10-07
2024-09-26,73.06,USD/thùng,FRED,D,2026-10-07
2024-09-27,71.63,USD/thùng,FRED,D,2026-10-07
2024-09-30,72.35,USD/thùng,FRED,D,2026-10-07
2024-10-01,75.3,USD/thùng,FRED,D,2026-10-07
2024-10-02,74.86,USD/thùng,FRED,D,2026-10-07
2024-10-03,77.57,USD/thùng,FRED,D,2026-10-07
2024-10-04,79.32,USD/thùng,FRED,D,2026-10-07
2024-10-07,81.74,USD/thùng,FRED,D,2026-10-07
2024-10-08,78.19,USD/thùng,FRED,D,2026-10-07
2024-10-09,77.06,USD/thùng,FRED,D,2026-10-07
2024-10-10,79.45,USD/thùng,FRED,D,2026-10-07
2024-10-11,80.27,USD/thùng,FRED,D,2026-10-07
2024-10-14,78.47,USD/thùng,FRED,D,2026-10-07
2024-10-15,73.68,USD/thùng,FRED,D,2026-10-07
2024-10-16,73.65,USD/thùng,FRED,D,2026-10-07
2024-10-17,74.37,USD/thùng,FRED,D,2026-10-07
2024-10-18,72.75,USD/thùng,FRED,D,2026-10-07
2024-10-21,73.29,USD/thùng,FRED,D,2026-10-07
2024-10-22,75.59,USD/thùng,FRED,D,2026-10-07
2024-10-23,74.68,USD/thùng,FRED,D,2026-10-07
2024-10-24,74.27,USD/thùng,FRED,D,2026-10-07
2024-10-25,75.62,USD/thùng,FRED,D,2026-10-07
2024-10-28,71.87,USD/thùng,FRED,D,2026-10-07
2024-10-29,71.09,USD/thùng,FRED,D,2026-10-07
2024-10-30,73.21,USD/thùng,FRED,D,2026-10-07
2024-10-31,73.25,USD/thùng,FRED,D,2026-10-07
2024-11-01,73.63,USD/thùng,FRED,D,2026-10-07
2024-11-04,74.89,USD/thùng,FRED,D,2026-10-07
2024-11-05,76.98,USD/thùng,FRED,D,2026-10-07
2024-11-06,76.52,USD/thùng,FRED,D,2026-10-07
2024-11-07,75.73,USD/thùng,FRED,D,2026-10-07
2024-11-08,74.04,USD/thùng,FRED,D,2026-10-07
2024-11-11,72.19,USD/thùng,FRED,D,2026-10-07
2024-11-12,72.56,USD/thùng,FRED,D,2026-10-07
2024-11-13,72.86,USD/thùng,FRED,D,2026-10-07
2024-11-14,73.39,USD/thùng,FRED,D,2026-10-07
2024-11-15,73.45,USD/thùng,FRED,D,2026-10-07
2024-11-18,74.35,USD/thùng,FRED,D,2026-10-07
2024-11-19,74.32,USD/thùng,FRED,D,2026-10-07
2024-11-20,74.33,USD/thùng,FRED,D,2026-10-07
2024-11-21,75.09,USD/thùng,FRED,D,2026-10-07
2024-11-22,76.1,USD/thùng,FRED,D,2026-10-07
2024-11-25,74.27,USD/thùng,FRED,D,2026-10-07
2024-11-26,74.56,USD/thùng,FRED,D,2026-10-07
2024-11-27,73.91,USD/thùng,FRED,D,2026-10-07
2024-11-28,73.92,USD/thùng,FRED,D,2026-10-07
2024-11-29,74.16,USD/thùng,FRED,D,2026-10-07
2024-12-02,72.81,USD/thùng,FRED,D,2026-10-07
2024-12-03,74.8,USD/thùng,FRED,D,2026-10-07
2024-12-04,74.68,USD/thùng,FRED,D,2026-10-07
2024-12-05,73.78,USD/thùng,FRED,D,2026-10-07
2024-12-06,73.78,USD/thùng,FRED,D,2026-10-07
2024-12-09,73.73,USD/thùng,FRED,D,2026-10-07
2024-12-10,73.64,USD/thùng,FRED,D,2026-10-07
2024-12-11,74.38,USD/thùng,FRED,D,2026-10-07
2024-12-12,73.52,USD/thùng,FRED,D,2026-10-07
2024-12-13,74.89,USD/thùng,FRED,D,2026-10-07
2024-12-16,74.3,USD/thùng,FRED,D,2026-10-07
2024-12-17,73.16,USD/thùng,FRED,D,2026-10-07
2024-12-18,74.57,USD/thùng,FRED,D,2026-10-07
2024-12-19,73.75,USD/thùng,FRED,D,2026-10-07
2024-12-20,73.19,USD/thùng,FRED,D,2026-10-07
2024-12-23,72.12,USD/thùng,FRED,D,2026-10-07
2024-12-24,73.5,USD/thùng,FRED,D,2026-10-07
2024-12-27,73.77,USD/thùng,FRED,D,2026-10-07
2024-12-30,74.24,USD/thùng,FRED,D,2026-10-07
2024-12-31,74.58,USD/thùng,FRED,D,2026-10-07
2025-01-02,76.14,USD/thùng,FRED,D,2026-10-07
2025-01-03,76.72,USD/thùng,FRED,D,2026-10-07
2025-01-06,77.27,USD/thùng,FRED,D,2026-10-07
2025-01-07,77.84,USD/thùng,FRED,D,2026-10-07
2025-01-08,77.37,USD/thùng,FRED,D,2026-10-07
2025-01-09,78.44,USD/thùng,FRED,D,2026-10-07
2025-01-10,79.76,USD/thùng,FRED,D,2026-10-07
2025-01-13,82.69,USD/thùng,FRED,D,2026-10-07
2025-01-14,82.39,USD/thùng,FRED,D,2026-10-07
2025-01-15,83.48,USD/thùng,FRED,D,2026-10-07
2025-01-16,82.39,USD/thùng,FRED,D,2026-10-07
2025-01-17,83.02,USD/thùng,FRED,D,2026-10-07
2025-01-20,81.68,USD/thùng,FRED,D,2026-10-07
2025-01-21,80.57,USD/thùng,FRED,D,2026-10-07
2025-01-22,80.0,USD/thùng,FRED,D,2026-10-07
2025-01-23,78.62,USD/thùng,FRED,D,2026-10-07
2025-01-24,78.71,USD/thùng,FRED,D,2026-10-07
2025-01-27,77.3,USD/thùng,FRED,D,2026-10-07
2025-01-28,78.01,USD/thùng,FRED,D,2026-10-07
2025-01-29,77.02,USD/thùng,FRED,D,2026-10-07
2025-01-30,77.42,USD/thùng,FRED,D,2026-10-07
2025-01-31,77.11,USD/thùng,FRED,D,2026-10-07
2025-02-03,76.49,USD/thùng,FRED,D,2026-10-07
2025-02-04,76.58,USD/thùng,FRED,D,2026-10-07
2025-02-05,74.71,USD/thùng,FRED,D,2026-10-07
2025-02-06,74.54,USD/thùng,FRED,D,2026-10-07
2025-02-07,74.68,USD/thùng,FRED,D,2026-10-07
2025-02-10,76.23,USD/thùng,FRED,D,2026-10-07
2025-02-11,77.65,USD/thùng,FRED,D,2026-10-07
2025-02-12,75.38,USD/thùng,FRED,D,2026-10-07
2025-02-13,75.61,USD/thùng,FRED,D,2026-10-07
2025-02-14,75.19,USD/thùng,FRED,D,2026-10-07
2025-02-17,75.81,USD/thùng,FRED,D,2026-10-07
2025-02-18,76.46,USD/thùng,FRED,D,2026-10-07
2025-02-19,76.34,USD/thùng,FRED,D,2026-10-07
2025-02-20,76.95,USD/thùng,FRED,D,2026-10-07
2025-02-21,74.88,USD/thùng,FRED,D,2026-10-07
2025-02-24,74.89,USD/thùng,FRED,D,2026-10-07
2025-02-25,73.11,USD/thùng,FRED,D,2026-10-07
2025-02-26,73.49,USD/thùng,FRED,D,2026-10-07
2025-02-27,75.01,USD/thùng,FRED,D,2026-10-07
2025-02-28,74.76,USD/thùng,FRED,D,2026-10-07
2025-03-03,72.85,USD/thùng,FRED,D,2026-10-07
2025-03-04,72.31,USD/thùng,FRED,D,2026-10-07
2025-03-05,70.92,USD/thùng,FRED,D,2026-10-07
2025-03-06,71.08,USD/thùng,FRED,D,2026-10-07
2025-03-07,72.49,USD/thùng,FRED,D,2026-10-07
2025-03-10,71.08,USD/thùng,FRED,D,2026-10-07
2025-03-11,71.51,USD/thùng,FRED,D,2026-10-07
2025-03-12,72.36,USD/thùng,FRED,D,2026-10-07
2025-03-13,70.82,USD/thùng,FRED,D,2026-10-07
2025-03-14,71.94,USD/thùng,FRED,D,2026-10-07
2025-03-17,71.93,USD/thùng,FRED,D,2026-10-07
2025-03-18,71.93,USD/thùng,FRED,D,2026-10-07
2025-03-19,71.94,USD/thùng,FRED,D,2026-10-07
2025-03-20,72.61,USD/thùng,FRED,D,2026-10-07
2025-03-21,72.64,USD/thùng,FRED,D,2026-10-07
2025-03-24,73.96,USD/thùng,FRED,D,2026-10-07
2025-03-25,73.78,USD/thùng,FRED,D,2026-10-07
2025-03-26,74.6,USD/thùng,FRED,D,2026-10-07
2025-03-27,74.72,USD/thùng,FRED,D,2026-10-07
2025-03-28,74.69,USD/thùng,FRED,D,2026-10-07
2025-03-31,77.23,USD/thùng,FRED,D,2026-10-07
2025-04-01,77.78,USD/thùng,FRED,D,2026-10-07
2025-04-02,77.27,USD/thùng,FRED,D,2026-10-07
2025-04-03,72.54,USD/thùng,FRED,D,2026-10-07
2025-04-04,68.36,USD/thùng,FRED,D,2026-10-07
2025-04-07,66.13,USD/thùng,FRED,D,2026-10-07
2025-04-08,64.86,USD/thùng,FRED,D,2026-10-07
2025-04-09,67.3,USD/thùng,FRED,D,2026-10-07
2025-04-10,65.37,USD/thùng,FRED,D,2026-10-07
2025-04-11,66.83,USD/thùng,FRED,D,2026-10-07
2025-04-14,67.18,USD/thùng,FRED,D,2026-10-07
2025-04-15,66.58,USD/thùng,FRED,D,2026-10-07
2025-04-16,67.94,USD/thùng,FRED,D,2026-10-07
2025-04-17,69.33,USD/thùng,FRED,D,2026-10-07
2025-04-22,68.93,USD/thùng,FRED,D,2026-10-07
2025-04-23,68.26,USD/thùng,FRED,D,2026-10-07
2025-04-24,67.5,USD/thùng,FRED,D,2026-10-07
2025-04-25,66.99,USD/thùng,FRED,D,2026-10-07
2025-04-28,66.13,USD/thùng,FRED,D,2026-10-07
2025-04-29,64.04,USD/thùng,FRED,D,2026-10-07
2025-04-30,63.37,USD/thùng,FRED,D,2026-10-07
2025-05-01,62.37,USD/thùng,FRED,D,2026-10-07
2025-05-02,61.57,USD/thùng,FRED,D,2026-10-07
2025-05-06,62.37,USD/thùng,FRED,D,2026-10-07
2025-05-07,60.31,USD/thùng,FRED,D,2026-10-07
2025-05-08,62.22,USD/thùng,FRED,D,2026-10-07
2025-05-09,64.26,USD/thùng,FRED,D,2026-10-07
2025-05-12,65.28,USD/thùng,FRED,D,2026-10-07
2025-05-13,66.93,USD/thùng,FRED,D,2026-10-07
2025-05-14,65.91,USD/thùng,FRED,D,2026-10-07
2025-05-15,64.36,USD/thùng,FRED,D,2026-10-07
2025-05-16,65.2,USD/thùng,FRED,D,2026-10-07
2025-05-19,66.25,USD/thùng,FRED,D,2026-10-07
2025-05-20,66.93,USD/thùng,FRED,D,2026-10-07
2025-05-21,65.86,USD/thùng,FRED,D,2026-10-07
2025-05-22,64.87,USD/thùng,FRED,D,2026-10-07
2025-05-23,65.41,USD/thùng,FRED,D,2026-10-07
2025-05-27,64.32,USD/thùng,FRED,D,2026-10-07
2025-05-28,65.72,USD/thùng,FRED,D,2026-10-07
2025-05-29,64.6,USD/thùng,FRED,D,2026-10-07
2025-05-30,64.32,USD/thùng,FRED,D,2026-10-07
2025-06-02,66.55,USD/thùng,FRED,D,2026-10-07
2025-06-03,67.48,USD/thùng,FRED,D,2026-10-07
2025-06-04,66.69,USD/thùng,FRED,D,2026-10-07
2025-06-05,67.14,USD/thùng,FRED,D,2026-10-07
2025-06-06,68.02,USD/thùng,FRED,D,2026-10-07
2025-06-09,68.73,USD/thùng,FRED,D,2026-10-07
2025-06-10,68.41,USD/thùng,FRED,D,2026-10-07
2025-06-11,71.29,USD/thùng,FRED,D,2026-10-07
2025-06-12,70.84,USD/thùng,FRED,D,2026-10-07
2025-06-13,76.0,USD/thùng,FRED,D,2026-10-07
2025-06-16,75.05,USD/thùng,FRED,D,2026-10-07
2025-06-17,78.7,USD/thùng,FRED,D,2026-10-07
2025-06-18,78.38,USD/thùng,FRED,D,2026-10-07
2025-06-19,80.37,USD/thùng,FRED,D,2026-10-07
2025-06-20,78.73,USD/thùng,FRED,D,2026-10-07
2025-06-23,74.34,USD/thùng,FRED,D,2026-10-07
2025-06-24,69.13,USD/thùng,FRED,D,2026-10-07
2025-06-25,68.4,USD/thùng,FRED,D,2026-10-07
2025-06-26,68.57,USD/thùng,FRED,D,2026-10-07
2025-06-27,69.37,USD/thùng,FRED,D,2026-10-07
2025-06-30,68.15,USD/thùng,FRED,D,2026-10-07
2025-07-01,67.63,USD/thùng,FRED,D,2026-10-07
2025-07-02,70.8,USD/thùng,FRED,D,2026-10-07
2025-07-03,70.42,USD/thùng,FRED,D,2026-10-07
2025-07-04,71.03,USD/thùng,FRED,D,2026-10-07
2025-07-07,71.95,USD/thùng,FRED,D,2026-10-07
2025-07-08,72.5,USD/thùng,FRED,D,2026-10-07
2025-07-09,71.98,USD/thùng,FRED,D,2026-10-07
2025-07-10,70.38,USD/thùng,FRED,D,2026-10-07
2025-07-11,72.06,USD/thùng,FRED,D,2026-10-07
2025-07-14,70.96,USD/thùng,FRED,D,2026-10-07
2025-07-15,70.27,USD/thùng,FRED,D,2026-10-07
2025-07-16,69.67,USD/thùng,FRED,D,2026-10-07
2025-07-17,71.32,USD/thùng,FRED,D,2026-10-07
2025-07-18,71.06,USD/thùng,FRED,D,2026-10-07
2025-07-21,71.92,USD/thùng,FRED,D,2026-10-07
2025-07-22,69.69,USD/thùng,FRED,D,2026-10-07
2025-07-23,69.17,USD/thùng,FRED,D,2026-10-07
2025-07-24,70.42,USD/thùng,FRED,D,2026-10-07
2025-07-25,69.23,USD/thùng,FRED,D,2026-10-07
2025-07-28,70.87,USD/thùng,FRED,D,2026-10-07
2025-07-29,73.21,USD/thùng,FRED,D,2026-10-07
2025-07-30,73.98,USD/thùng,FRED,D,2026-10-07
2025-07-31,73.43,USD/thùng,FRED,D,2026-10-07
2025-08-01,70.55,USD/thùng,FRED,D,2026-10-07
2025-08-04,69.56,USD/thùng,FRED,D,2026-10-07
2025-08-05,69.14,USD/thùng,FRED,D,2026-10-07
2025-08-06,67.97,USD/thùng,FRED,D,2026-10-07
2025-08-07,66.99,USD/thùng,FRED,D,2026-10-07
2025-08-08,67.17,USD/thùng,FRED,D,2026-10-07
2025-08-11,67.36,USD/thùng,FRED,D,2026-10-07
2025-08-12,66.8,USD/thùng,FRED,D,2026-10-07
2025-08-13,66.25,USD/thùng,FRED,D,2026-10-07
2025-08-14,68.12,USD/thùng,FRED,D,2026-10-07
2025-08-15,67.3,USD/thùng,FRED,D,2026-10-07
2025-08-18,68.18,USD/thùng,FRED,D,2026-10-07
2025-08-19,66.62,USD/thùng,FRED,D,2026-10-07
2025-08-20,67.61,USD/thùng,FRED,D,2026-10-07
2025-08-21,68.41,USD/thùng,FRED,D,2026-10-07
2025-08-22,68.29,USD/thùng,FRED,D,2026-10-07
2025-08-26,66.89,USD/thùng,FRED,D,2026-10-07
2025-08-27,67.75,USD/thùng,FRED,D,2026-10-07
2025-08-28,68.61,USD/thùng,FRED,D,2026-10-07
2025-08-29,67.83,USD/thùng,FRED,D,2026-10-07
2025-09-01,67.09,USD/thùng,FRED,D,2026-10-07
2025-09-02,68.09,USD/thùng,FRED,D,2026-10-07
2025-09-03,67.76,USD/thùng,FRED,D,2026-10-07
2025-09-04,66.41,USD/thùng,FRED,D,2026-10-07
2025-09-05,64.92,USD/thùng,FRED,D,2026-10-07
2025-09-08,65.44,USD/thùng,FRED,D,2026-10-07
2025-09-09,67.97,USD/thùng,FRED,D,2026-10-07
2025-09-10,67.62,USD/thùng,FRED,D,2026-10-07
2025-09-11,67.25,USD/thùng,FRED,D,2026-10-07
2025-09-12,67.87,USD/thùng,FRED,D,2026-10-07
2025-09-15,67.88,USD/thùng,FRED,D,2026-10-07
2025-09-16,69.69,USD/thùng,FRED,D,2026-10-07
2025-09-17,69.19,USD/thùng,FRED,D,2026-10-07
2025-09-18,67.83,USD/thùng,FRED,D,2026-10-07
2025-09-19,67.05,USD/thùng,FRED,D,2026-10-07
2025-09-22,66.87,USD/thùng,FRED,D,2026-10-07
2025-09-23,67.96,USD/thùng,FRED,D,2026-10-07
2025-09-24,69.64,USD/thùng,FRED,D,2026-10-07
2025-09-25,70.48,USD/thùng,FRED,D,2026-10-07
2025-09-26,71.15,USD/thùng,FRED,D,2026-10-07
2025-09-29,69.0,USD/thùng,FRED,D,2026-10-07
2025-09-30,68.52,USD/thùng,FRED,D,2026-10-07
2025-10-01,66.67,USD/thùng,FRED,D,2026-10-07
2025-10-02,65.44,USD/thùng,FRED,D,2026-10-07
2025-10-03,66.13,USD/thùng,FRED,D,2026-10-07
2025-10-06,67.09,USD/thùng,FRED,D,2026-10-07
2025-10-07,67.1,USD/thùng,FRED,D,2026-10-07
2025-10-08,67.42,USD/thùng,FRED,D,2026-10-07
2025-10-09,67.23,USD/thùng,FRED,D,2026-10-07
2025-10-10,64.41,USD/thùng,FRED,D,2026-10-07
2025-10-13,64.15,USD/thùng,FRED,D,2026-10-07
2025-10-14,63.0,USD/thùng,FRED,D,2026-10-07
2025-10-15,62.33,USD/thùng,FRED,D,2026-10-07
2025-10-16,61.08,USD/thùng,FRED,D,2026-10-07
2025-10-17,61.23,USD/thùng,FRED,D,2026-10-07
2025-10-20,60.71,USD/thùng,FRED,D,2026-10-07
2025-10-21,61.0,USD/thùng,FRED,D,2026-10-07
2025-10-22,62.28,USD/thùng,FRED,D,2026-10-07
2025-10-23,66.32,USD/thùng,FRED,D,2026-10-07
2025-10-24,65.8,USD/thùng,FRED,D,2026-10-07
2025-10-27,65.52,USD/thùng,FRED,D,2026-10-07
2025-10-28,64.03,USD/thùng,FRED,D,2026-10-07
2025-10-29,65.01,USD/thùng,FRED,D,2026-10-07
2025-10-30,65.11,USD/thùng,FRED,D,2026-10-07
2025-10-31,65.44,USD/thùng,FRED,D,2026-10-07
2025-11-03,65.79,USD/thùng,FRED,D,2026-10-07
2025-11-04,65.04,USD/thùng,FRED,D,2026-10-07
2025-11-05,63.54,USD/thùng,FRED,D,2026-10-07
2025-11-06,63.41,USD/thùng,FRED,D,2026-10-07
2025-11-07,63.72,USD/thùng,FRED,D,2026-10-07
2025-11-10,63.01,USD/thùng,FRED,D,2026-10-07
2025-11-11,63.86,USD/thùng,FRED,D,2026-10-07
2025-11-12,61.88,USD/thùng,FRED,D,2026-10-07
2025-11-13,62.14,USD/thùng,FRED,D,2026-10-07
2025-11-14,63.45,USD/thùng,FRED,D,2026-10-07
2025-11-17,63.16,USD/thùng,FRED,D,2026-10-07
2025-11-18,64.86,USD/thùng,FRED,D,2026-10-07
2025-11-19,63.78,USD/thùng,FRED,D,2026-10-07
2025-11-20,63.64,USD/thùng,FRED,D,2026-10-07
2025-11-21,62.78,USD/thùng,FRED,D,2026-10-07
2025-11-24,64.83,USD/thùng,FRED,D,2026-10-07
2025-11-25,63.99,USD/thùng,FRED,D,2026-10-07
2025-11-26,64.81,USD/thùng,FRED,D,2026-10-07
2025-11-27,64.18,USD/thùng,FRED,D,2026-10-07
2025-11-28,64.07,USD/thùng,FRED,D,2026-10-07
2025-12-01,64.22,USD/thùng,FRED,D,2026-10-07
2025-12-02,63.37,USD/thùng,FRED,D,2026-10-07
2025-12-03,63.75,USD/thùng,FRED,D,2026-10-07
2025-12-04,64.15,USD/thùng,FRED,D,2026-10-07
2025-12-05,64.42,USD/thùng,FRED,D,2026-10-07
2025-12-08,63.3,USD/thùng,FRED,D,2026-10-07
2025-12-09,62.62,USD/thùng,FRED,D,2026-10-07
2025-12-10,63.12,USD/thùng,FRED,D,2026-10-07
2025-12-11,61.87,USD/thùng,FRED,D,2026-10-07
2025-12-12,62.11,USD/thùng,FRED,D,2026-10-07
2025-12-15,61.55,USD/thùng,FRED,D,2026-10-07
2025-12-16,59.93,USD/thùng,FRED,D,2026-10-07
2025-12-17,60.61,USD/thùng,FRED,D,2026-10-07
2025-12-18,60.69,USD/thùng,FRED,D,2026-10-07
2025-12-19,61.35,USD/thùng,FRED,D,2026-10-07
2025-12-22,62.22,USD/thùng,FRED,D,2026-10-07
2025-12-23,63.7,USD/thùng,FRED,D,2026-10-07
2025-12-24,63.7,USD/thùng,FRED,D,2026-10-07
2025-12-29,63.1,USD/thùng,FRED,D,2026-10-07
2025-12-30,62.3,USD/thùng,FRED,D,2026-10-07
2025-12-31,61.35,USD/thùng,FRED,D,2026-10-07
2026-01-02,61.98,USD/thùng,FRED,D,2026-10-07
2026-01-05,63.0,USD/thùng,FRED,D,2026-10-07
2026-01-06,62.1,USD/thùng,FRED,D,2026-10-07
2026-01-07,61.08,USD/thùng,FRED,D,2026-10-07
2026-01-08,63.34,USD/thùng,FRED,D,2026-10-07
2026-01-09,65.11,USD/thùng,FRED,D,2026-10-07
2026-01-12,65.4,USD/thùng,FRED,D,2026-10-07
2026-01-13,67.58,USD/thùng,FRED,D,2026-10-07
2026-01-14,68.87,USD/thùng,FRED,D,2026-10-07
2026-01-15,66.16,USD/thùng,FRED,D,2026-10-07
2026-01-16,66.97,USD/thùng,FRED,D,2026-10-07
2026-01-19,66.91,USD/thùng,FRED,D,2026-10-07
2026-01-20,67.68,USD/thùng,FRED,D,2026-10-07
2026-01-21,66.72,USD/thùng,FRED,D,2026-10-07
2026-01-22,65.46,USD/thùng,FRED,D,2026-10-07
2026-01-23,68.16,USD/thùng,FRED,D,2026-10-07
2026-01-26,67.7,USD/thùng,FRED,D,2026-10-07
2026-01-27,70.28,USD/thùng,FRED,D,2026-10-07
2026-01-28,70.9,USD/thùng,FRED,D,2026-10-07
2026-01-29,71.0,USD/thùng,FRED,D,2026-10-07
2026-01-30,72.25,USD/thùng,FRED,D,2026-10-07
2026-02-02,67.72,USD/thùng,FRED,D,2026-10-07
2026-02-03,70.01,USD/thùng,FRED,D,2026-10-07
2026-02-04,71.15,USD/thùng,FRED,D,2026-10-07
2026-02-05,69.87,USD/thùng,FRED,D,2026-10-07
2026-02-06,70.45,USD/thùng,FRED,D,2026-10-07
2026-02-09,71.19,USD/thùng,FRED,D,2026-10-07
2026-02-10,71.01,USD/thùng,FRED,D,2026-10-07
2026-02-11,71.52,USD/thùng,FRED,D,2026-10-07
2026-02-12,69.8,USD/thùng,FRED,D,2026-10-07
2026-02-13,69.96,USD/thùng,FRED,D,2026-10-07
2026-02-16,70.81,USD/thùng,FRED,D,2026-10-07
2026-02-17,69.77,USD/thùng,FRED,D,2026-10-07
2026-02-18,71.78,USD/thùng,FRED,D,2026-10-07
2026-02-19,73.17,USD/thùng,FRED,D,2026-10-07
2026-02-20,72.75,USD/thùng,FRED,D,2026-10-07
2026-02-23,71.9,USD/thùng,FRED,D,2026-10-07
2026-02-24,71.21,USD/thùng,FRED,D,2026-10-07
2026-02-25,70.69,USD/thùng,FRED,D,2026-10-07
2026-02-26,71.66,USD/thùng,FRED,D,2026-10-07
2026-02-27,71.32,USD/thùng,FRED,D,2026-10-07
2026-03-02,77.24,USD/thùng,FRED,D,2026-10-07
2026-03-03,83.28,USD/thùng,FRED,D,2026-10-07
2026-03-04,81.56,USD/thùng,FRED,D,2026-10-07
2026-03-05,88.59,USD/thùng,FRED,D,2026-10-07
2026-03-06,95.74,USD/thùng,FRED,D,2026-10-07
2026-03-09,94.35,USD/thùng,FRED,D,2026-10-07
2026-03-10,89.84,USD/thùng,FRED,D,2026-10-07
2026-03-11,90.98,USD/thùng,FRED,D,2026-10-07
2026-03-12,102.38,USD/thùng,FRED,D,2026-10-07
2026-03-13,103.23,USD/thùng,FRED,D,2026-10-07
2026-03-16,101.04,USD/thùng,FRED,D,2026-10-07
2026-03-17,108.39,USD/thùng,FRED,D,2026-10-07
2026-03-18,118.09,USD/thùng,FRED,D,2026-10-07
2026-03-19,111.05,USD/thùng,FRED,D,2026-10-07
2026-03-20,118.42,USD/thùng,FRED,D,2026-10-07
2026-03-23,103.79,USD/thùng,FRED,D,2026-10-07
2026-03-24,108.42,USD/thùng,FRED,D,2026-10-07
2026-03-25,109.14,USD/thùng,FRED,D,2026-10-07
2026-03-26,113.39,USD/thùng,FRED,D,2026-10-07
2026-03-27,121.47,USD/thùng,FRED,D,2026-10-07
2026-03-30,121.88,USD/thùng,FRED,D,2026-10-07
2026-03-31,126.69,USD/thùng,FRED,D,2026-10-07
2026-04-01,119.56,USD/thùng,FRED,D,2026-10-07
2026-04-02,127.61,USD/thùng,FRED,D,2026-10-07
2026-04-07,138.21,USD/thùng,FRED,D,2026-10-07
2026-04-08,122.11,USD/thùng,FRED,D,2026-10-07
2026-04-09,119.03,USD/thùng,FRED,D,2026-10-07
2026-04-10,119.07,USD/thùng,FRED,D,2026-10-07
2026-04-13,123.28,USD/thùng,FRED,D,2026-10-07
2026-04-14,118.69,USD/thùng,FRED,D,2026-10-07
2026-04-15,114.93,USD/thùng,FRED,D,2026-10-07
2026-04-16,116.63,USD/thùng,FRED,D,2026-10-07
2026-04-17,98.63,USD/thùng,FRED,D,2026-10-07
2026-04-20,103.4,USD/thùng,FRED,D,2026-10-07
2026-04-21,106.14,USD/thùng,FRED,D,2026-10-07
2026-04-22,113.44,USD/thùng,FRED,D,2026-10-07
2026-04-23,113.25,USD/thùng,FRED,D,2026-10-07
2026-04-24,111.86,USD/thùng,FRED,D,2026-10-07
2026-04-27,113.89,USD/thùng,FRED,D,2026-10-07
2026-04-28,117.62,USD/thùng,FRED,D,2026-10-07
2026-04-29,124.16,USD/thùng,FRED,D,2026-10-07
2026-04-30,124.24,USD/thùng,FRED,D,2026-10-07
2026-05-01,118.26,USD/thùng,FRED,D,2026-10-07
2026-05-05,114.51,USD/thùng,FRED,D,2026-10-07
2026-05-06,103.7,USD/thùng,FRED,D,2026-10-07
2026-05-07,101.82,USD/thùng,FRED,D,2026-10-07
2026-05-08,103.48,USD/thùng,FRED,D,2026-10-07
2026-05-11,106.11,USD/thùng,FRED,D,2026-10-07
2026-05-12,111.37,USD/thùng,FRED,D,2026-10-07
2026-05-13,110.28,USD/thùng,FRED,D,2026-10-07
2026-05-14,110.91,USD/thùng,FRED,D,2026-10-07
2026-05-15,113.96,USD/thùng,FRED,D,2026-10-07
2026-05-18,116.73,USD/thùng,FRED,D,2026-10-07
2026-05-19,114.64,USD/thùng,FRED,D,2026-10-07
2026-05-20,108.93,USD/thùng,FRED,D,2026-10-07
2026-05-21,105.84,USD/thùng,FRED,D,2026-10-07
2026-05-22,106.9,USD/thùng,FRED,D,2026-10-07
2026-05-26,102.75,USD/thùng,FRED,D,2026-10-07
2026-05-27,97.11,USD/thùng,FRED,D,2026-10-07
2026-05-28,95.47,USD/thùng,FRED,D,2026-10-07
2026-05-29,92.88,USD/thùng,FRED,D,2026-10-07
2026-06-01,98.29,USD/thùng,FRED,D,2026-10-07
2026-06-02,98.49,USD/thùng,FRED,D,2026-10-07
2026-06-03,101.69,USD/thùng,FRED,D,2026-10-07
2026-06-04,98.98,USD/thùng,FRED,D,2026-10-07
2026-06-05,97.29,USD/thùng,FRED,D,2026-10-07
2026-06-08,97.46,USD/thùng,FRED,D,2026-10-07
2026-06-09,94.15,USD/thùng,FRED,D,2026-10-07
2026-06-10,95.73,USD/thùng,FRED,D,2026-10-07
2026-06-11,92.84,USD/thùng,FRED,D,2026-10-07
2026-06-12,88.64,USD/thùng,FRED,D,2026-10-07
2026-06-15,84.36,USD/thùng,FRED,D,2026-10-07
2026-06-16,80.5,USD/thùng,FRED,D,2026-10-07
2026-06-17,80.33,USD/thùng,FRED,D,2026-10-07
2026-06-18,79.35,USD/thùng,FRED,D,2026-10-07
2026-06-19,80.46,USD/thùng,FRED,D,2026-10-07
2026-06-22,76.49,USD/thùng,FRED,D,2026-10-07
2026-06-23,75.69,USD/thùng,FRED,D,2026-10-07
2026-06-24,72.09,USD/thùng,FRED,D,2026-10-07
2026-06-25,73.74,USD/thùng,FRED,D,2026-10-07
2026-06-26,70.16,USD/thùng,FRED,D,2026-10-07
2026-06-29,71.59,USD/thùng,FRED,D,2026-10-07
2026-06-30,70.46,USD/thùng,FRED,D,2026-10-07
2026-07-01,69.24,USD/thùng,FRED,D,2026-10-07
2026-07-02,68.53,USD/thùng,FRED,D,2026-10-07
2026-07-03,68.68,USD/thùng,FRED,D,2026-10-07
2026-07-06,69.56,USD/thùng,FRED,D,2026-10-07
2026-07-07,71.78,USD/thùng,FRED,D,2026-10-07
2026-07-08,76.5,USD/thùng,FRED,D,2026-10-07
2026-07-09,74.46,USD/thùng,FRED,D,2026-10-07
2026-07-10,74.34,USD/thùng,FRED,D,2026-10-07
2026-07-13,81.62,USD/thùng,FRED,D,2026-10-07
2026-07-14,83.69,USD/thùng,FRED,D,2026-10-07
2026-07-15,83.08,USD/thùng,FRED,D,2026-10-07
2026-07-16,81.23,USD/thùng,FRED,D,2026-10-07
2026-07-17,85.01,USD/thùng,FRED,D,2026-10-07
2026-07-20,86.99,USD/thùng,FRED,D,2026-10-07
2026-07-21,93.85,USD/thùng,FRED,D,2026-10-07
2026-07-22,94.12,USD/thùng,FRED,D,2026-10-07
2026-07-23,105.32,USD/thùng,FRED,D,2026-10-07
2026-07-24,100.31,USD/thùng,FRED,D,2026-10-07
2026-07-27,91.82,USD/thùng,FRED,D,2026-10-07
2026-07-28,85.51,USD/thùng,FRED,D,2026-10-07
2026-07-29,91.95,USD/thùng,FRED,D,2026-10-07
2026-07-30,91.91,USD/thùng,FRED,D,2026-10-07
2026-07-31,96.95,USD/thùng,FRED,D,2026-10-07
2026-08-03,88.9,USD/thùng,FRED,D,2026-10-07
2026-08-04,86.47,USD/thùng,FRED,D,2026-10-07
2026-08-05,86.65,USD/thùng,FRED,D,2026-10-07
2026-08-06,89.65,USD/thùng,FRED,D,2026-10-07
2026-08-07,87.62,USD/thùng,FRED,D,2026-10-07
2026-08-10,92.74,USD/thùng,FRED,D,2026-10-07
2026-08-11,93.26,USD/thùng,FRED,D,2026-10-07
2026-08-12,92.52,USD/thùng,FRED,D,2026-10-07
2026-08-13,92.03,USD/thùng,FRED,D,2026-10-07
2026-08-14,92.02,USD/thùng,FRED,D,2026-10-07
2026-08-17,92.43,USD/thùng,FRED,D,2026-10-07
2026-08-18,95.29,USD/thùng,FRED,D,2026-10-07
2026-08-19,92.37,USD/thùng,FRED,D,2026-10-07
2026-08-20,94.0,USD/thùng,FRED,D,2026-10-07
2026-08-21,96.92,USD/thùng,FRED,D,2026-10-07
2026-08-24,92.71,USD/thùng,FRED,D,2026-10-07
2026-08-25,88.24,USD/thùng,FRED,D,2026-10-07
2026-08-26,87.77,USD/thùng,FRED,D,2026-10-07
2026-08-27,90.18,USD/thùng,FRED,D,2026-10-07
2026-08-28,89.75,USD/thùng,FRED,D,2026-10-07
2026-09-01,96.02,USD/thùng,FRED,D,2026-10-07
2026-09-02,97.59,USD/thùng,FRED,D,2026-10-07
2026-09-03,100.52,USD/thùng,FRED,D,2026-10-07
2026-09-04,102.24,USD/thùng,FRED,D,2026-10-07
2026-09-07,104.47,USD/thùng,FRED,D,2026-10-07
2026-09-08,106.12,USD/thùng,FRED,D,2026-10-07
2026-09-09,109.51,USD/thùng,FRED,D,2026-10-07
2026-09-10,120.98,USD/thùng,FRED,D,2026-10-07
2026-09-11,118.06,USD/thùng,FRED,D,2026-10-07
2026-09-14,121.25,USD/thùng,FRED,D,2026-10-07
2026-09-15,130.8,USD/thùng,FRED,D,2026-10-07
2026-09-16,127.84,USD/thùng,FRED,D,2026-10-07
2026-09-17,121.18,USD/thùng,FRED,D,2026-10-07
2026-09-18,119.66,USD/thùng,FRED,D,2026-10-07
2026-09-21,116.15,USD/thùng,FRED,D,2026-10-07
2026-09-22,114.89,USD/thùng,FRED,D,2026-10-07
2026-09-23,117.45,USD/thùng,FRED,D,2026-10-07
2026-09-24,120.92,USD/thùng,FRED,D,2026-10-07
2026-09-25,116.01,USD/thùng,FRED,D,2026-10-07
2026-09-28,119.97,USD/thùng,FRED,D,2026-10-07
2026-09-29,113.96,USD/thùng,FRED,D,2026-10-07
