date,value,unit,source,frequency,vintage_date
2010-01-06,1.43779174,triệu VND/thùng,Tính toán,D,2026-10-10
2010-01-07,1.4455063699999997,triệu VND/thùng,Tính toán,D,2026-10-10
2010-01-08,1.4363564599999998,triệu VND/thùng,Tính toán,D,2026-10-10
2010-01-13,1.3916833699999998,triệu VND/thùng,Tính toán,D,2026-10-10
2010-01-14,1.39240101,triệu VND/thùng,Tính toán,D,2026-10-10
2010-01-15,1.3787658499999997,triệu VND/thùng,Tính toán,D,2026-10-10
2010-01-19,1.34880438,triệu VND/thùng,Tính toán,D,2026-10-10
2010-01-20,1.3471896900000002,triệu VND/thùng,Tính toán,D,2026-10-10
2010-01-21,1.3299663299999998,triệu VND/thùng,Tính toán,D,2026-10-10
2010-01-22,1.3048489300000001,triệu VND/thùng,Tính toán,D,2026-10-10
2010-01-25,1.29498138,triệu VND/thùng,Tính toán,D,2026-10-10
2010-01-26,1.3030548299999998,triệu VND/thùng,Tính toán,D,2026-10-10
2010-01-27,1.3052077499999999,triệu VND/thùng,Tính toán,D,2026-10-10
2010-01-28,1.26753165,triệu VND/thùng,Tính toán,D,2026-10-10
2010-01-29,1.2773991999999998,triệu VND/thùng,Tính toán,D,2026-10-10
2010-02-01,1.28421678,triệu VND/thùng,Tính toán,D,2026-10-10
2010-02-04,1.2791933,triệu VND/thùng,Tính toán,D,2026-10-10
2010-02-05,1.25784351,triệu VND/thùng,Tính toán,D,2026-10-10
2010-02-08,1.2490524200000002,triệu VND/thùng,Tính toán,D,2026-10-10
2010-02-09,1.2630464000000001,triệu VND/thùng,Tính toán,D,2026-10-10
2010-02-10,1.2630464000000001,triệu VND/thùng,Tính toán,D,2026-10-10
2010-02-11,1.3416583999999998,triệu VND/thùng,Tính toán,D,2026-10-10
2010-02-12,1.3257105599999999,triệu VND/thùng,Tính toán,D,2026-10-10
2010-02-19,1.4256627199999998,triệu VND/thùng,Tính toán,D,2026-10-10
2010-02-22,1.4269608,triệu VND/thùng,Tính toán,D,2026-10-10
2010-02-23,1.4175033599999998,triệu VND/thùng,Tính toán,D,2026-10-10
2010-02-24,1.427888,triệu VND/thùng,Tính toán,D,2026-10-10
2010-02-25,1.3793027199999999,triệu VND/thùng,Tính toán,D,2026-10-10
2010-02-26,1.41601984,triệu VND/thùng,Tính toán,D,2026-10-10
2010-03-01,1.4106420799999997,triệu VND/thùng,Tính toán,D,2026-10-10
2010-03-02,1.43716,triệu VND/thùng,Tính toán,D,2026-10-10
2010-03-03,1.45867104,triệu VND/thùng,Tính toán,D,2026-10-10
2010-03-04,1.44420672,triệu VND/thùng,Tính toán,D,2026-10-10
2010-03-05,1.4686848,triệu VND/thùng,Tính toán,D,2026-10-10
2010-03-08,1.4638633599999997,triệu VND/thùng,Tính toán,D,2026-10-10
2010-03-09,1.4607108799999997,triệu VND/thùng,Tính toán,D,2026-10-10
2010-03-12,1.47202272,triệu VND/thùng,Tính toán,D,2026-10-10
2010-03-15,1.42937152,triệu VND/thùng,Tính toán,D,2026-10-10
2010-03-18,1.48518896,triệu VND/thùng,Tính toán,D,2026-10-10
2010-03-19,1.45329328,triệu VND/thùng,Tính toán,D,2026-10-10
2010-03-22,1.4481009599999999,triệu VND/thùng,Tính toán,D,2026-10-10
2010-03-23,1.4681284799999998,triệu VND/thùng,Tính toán,D,2026-10-10
2010-03-24,1.44698832,triệu VND/thùng,Tính toán,D,2026-10-10
2010-03-25,1.4583001599999998,triệu VND/thùng,Tính toán,D,2026-10-10
2010-03-26,1.44606112,triệu VND/thùng,Tính toán,D,2026-10-10
2010-03-29,1.4814801599999998,triệu VND/thùng,Tính toán,D,2026-10-10
2010-03-30,1.4735062399999999,triệu VND/thùng,Tính toán,D,2026-10-10
2010-03-31,1.49038128,triệu VND/thùng,Tính toán,D,2026-10-10
2010-04-01,1.53229072,triệu VND/thùng,Tính toán,D,2026-10-10
2010-04-05,1.56659712,triệu VND/thùng,Tính toán,D,2026-10-10
2010-04-07,1.5667825599999998,triệu VND/thùng,Tính toán,D,2026-10-10
2010-04-15,1.6114736,triệu VND/thùng,Tính toán,D,2026-10-10
2010-04-16,1.57271664,triệu VND/thùng,Tính toán,D,2026-10-10
2010-04-21,1.5678952,triệu VND/thùng,Tính toán,D,2026-10-10
2010-04-26,1.60813568,triệu VND/thùng,Tính toán,D,2026-10-10
2010-04-27,1.58718096,triệu VND/thùng,Tính toán,D,2026-10-10
2010-04-28,1.5686369599999999,triệu VND/thùng,Tính toán,D,2026-10-10
2010-04-29,1.6099900799999998,triệu VND/thùng,Tính toán,D,2026-10-10
2010-05-05,1.5263566400000002,triệu VND/thùng,Tính toán,D,2026-10-10
2010-05-06,1.4874142399999999,triệu VND/thùng,Tính toán,D,2026-10-10
2010-05-07,1.4182451200000001,triệu VND/thùng,Tính toán,D,2026-10-10
2010-05-10,1.44791552,triệu VND/thùng,Tính toán,D,2026-10-10
2010-05-11,1.4649759999999998,triệu VND/thùng,Tính toán,D,2026-10-10
2010-05-12,1.4594128,triệu VND/thùng,Tính toán,D,2026-10-10
2010-05-13,1.47257904,triệu VND/thùng,Tính toán,D,2026-10-10
2010-05-14,1.4173179200000001,triệu VND/thùng,Tính toán,D,2026-10-10
2010-05-17,1.36984528,triệu VND/thùng,Tính toán,D,2026-10-10
2010-05-18,1.39302528,triệu VND/thùng,Tính toán,D,2026-10-10
2010-05-19,1.33257184,triệu VND/thùng,Tính toán,D,2026-10-10
2010-05-20,1.28992064,triệu VND/thùng,Tính toán,D,2026-10-10
2010-05-21,1.3064248,triệu VND/thùng,Tính toán,D,2026-10-10
2010-05-25,1.24578592,triệu VND/thùng,Tính toán,D,2026-10-10
2010-05-26,1.30902096,triệu VND/thùng,Tính toán,D,2026-10-10
2010-05-27,1.36409664,triệu VND/thùng,Tính toán,D,2026-10-10
2010-05-28,1.353712,triệu VND/thùng,Tính toán,D,2026-10-10
2010-06-01,1.3551955199999999,triệu VND/thùng,Tính toán,D,2026-10-10
2010-06-02,1.34963232,triệu VND/thùng,Tính toán,D,2026-10-10
2010-06-03,1.35593728,triệu VND/thùng,Tính toán,D,2026-10-10
2010-06-04,1.33220096,triệu VND/thùng,Tính toán,D,2026-10-10
2010-06-07,1.31829296,triệu VND/thùng,Tính toán,D,2026-10-10
2010-06-08,1.3245979200000002,triệu VND/thùng,Tính toán,D,2026-10-10
2010-06-09,1.36632192,triệu VND/thùng,Tính toán,D,2026-10-10
2010-06-10,1.3783755199999999,triệu VND/thùng,Tính toán,D,2026-10-10
2010-06-11,1.35890432,triệu VND/thùng,Tính toán,D,2026-10-10
2010-06-14,1.39283984,triệu VND/thùng,Tính toán,D,2026-10-10
2010-06-15,1.39617776,triệu VND/thùng,Tính toán,D,2026-10-10
2010-06-16,1.41156928,triệu VND/thùng,Tính toán,D,2026-10-10
2010-06-17,1.4375308799999997,triệu VND/thùng,Tính toán,D,2026-10-10
2010-06-18,1.4288151999999998,triệu VND/thùng,Tính toán,D,2026-10-10
2010-06-21,1.45626032,triệu VND/thùng,Tính toán,D,2026-10-10
2010-06-22,1.44791552,triệu VND/thùng,Tính toán,D,2026-10-10
2010-06-23,1.3948796799999998,triệu VND/thùng,Tính toán,D,2026-10-10
2010-06-24,1.3939524799999998,triệu VND/thùng,Tính toán,D,2026-10-10
2010-06-25,1.4132382399999999,triệu VND/thùng,Tính toán,D,2026-10-10
2010-06-30,1.3896873599999997,triệu VND/thùng,Tính toán,D,2026-10-10
2010-07-01,1.33016112,triệu VND/thùng,Tính toán,D,2026-10-10
2010-07-02,1.330532,triệu VND/thùng,Tính toán,D,2026-10-10
2010-07-06,1.3551955199999999,triệu VND/thùng,Tính toán,D,2026-10-10
2010-07-07,1.35315568,triệu VND/thùng,Tính toán,D,2026-10-10
2010-07-08,1.38264064,triệu VND/thùng,Tính toán,D,2026-10-10
2010-07-09,1.3945087999999999,triệu VND/thùng,Tính toán,D,2026-10-10
2010-07-12,1.3787463999999998,triệu VND/thùng,Tính toán,D,2026-10-10
2010-07-13,1.4176888,triệu VND/thùng,Tính toán,D,2026-10-10
2010-07-14,1.42102672,triệu VND/thùng,Tính toán,D,2026-10-10
2010-07-15,1.4004428799999997,triệu VND/thùng,Tính toán,D,2026-10-10
2010-07-16,1.4009992,triệu VND/thùng,Tính toán,D,2026-10-10
2010-07-19,1.41472176,triệu VND/thùng,Tính toán,D,2026-10-10
2010-07-20,1.4150926400000001,triệu VND/thùng,Tính toán,D,2026-10-10
2010-07-21,1.4047079999999998,triệu VND/thùng,Tính toán,D,2026-10-10
2010-07-22,1.43882896,triệu VND/thùng,Tính toán,D,2026-10-10
2010-07-23,1.4328948799999999,triệu VND/thùng,Tính toán,D,2026-10-10
2010-07-26,1.4445776000000001,triệu VND/thùng,Tính toán,D,2026-10-10
2010-07-29,1.4575584,triệu VND/thùng,Tính toán,D,2026-10-10
2010-07-30,1.43716,triệu VND/thùng,Tính toán,D,2026-10-10
2010-08-02,1.51930992,triệu VND/thùng,Tính toán,D,2026-10-10
2010-08-03,1.5502783999999998,triệu VND/thùng,Tính toán,D,2026-10-10
2010-08-04,1.5532454400000002,triệu VND/thùng,Tính toán,D,2026-10-10
2010-08-05,1.5372976,triệu VND/thùng,Tính toán,D,2026-10-10
2010-08-06,1.50725632,triệu VND/thùng,Tính toán,D,2026-10-10
2010-08-09,1.51207776,triệu VND/thùng,Tính toán,D,2026-10-10
2010-08-10,1.4814801599999998,triệu VND/thùng,Tính toán,D,2026-10-10
2010-08-11,1.44327952,triệu VND/thùng,Tính toán,D,2026-10-10
2010-08-12,1.42102672,triệu VND/thùng,Tính toán,D,2026-10-10
2010-08-13,1.3933961599999998,triệu VND/thùng,Tính toán,D,2026-10-10
2010-08-16,1.38264064,triệu VND/thùng,Tính toán,D,2026-10-10
2010-08-17,1.4230665599999999,triệu VND/thùng,Tính toán,D,2026-10-10
2010-08-18,1.4217932,triệu VND/thùng,Tính toán,D,2026-10-10
2010-08-19,1.41687088,triệu VND/thùng,Tính toán,D,2026-10-10
2010-08-20,1.3911233600000001,triệu VND/thùng,Tính toán,D,2026-10-10
2010-08-23,1.38355056,triệu VND/thùng,Tính toán,D,2026-10-10
2010-08-24,1.33678852,triệu VND/thùng,Tính toán,D,2026-10-10
2010-08-25,1.3392496799999998,triệu VND/thùng,Tính toán,D,2026-10-10
2010-08-26,1.410434,triệu VND/thùng,Tính toán,D,2026-10-10
2010-08-31,1.42955532,triệu VND/thùng,Tính toán,D,2026-10-10
2010-09-01,1.4299339599999998,triệu VND/thùng,Tính toán,D,2026-10-10
2010-09-03,1.4204679599999999,triệu VND/thùng,Tính toán,D,2026-10-10
2010-09-07,1.43466696,triệu VND/thùng,Tính toán,D,2026-10-10
2010-09-08,1.46685136,triệu VND/thùng,Tính toán,D,2026-10-10
2010-09-09,1.47423484,triệu VND/thùng,Tính toán,D,2026-10-10
2010-09-10,1.46798728,triệu VND/thùng,Tính toán,D,2026-10-10
2010-09-13,1.4865406399999999,triệu VND/thùng,Tính toán,D,2026-10-10
2010-09-14,1.4935454799999999,triệu VND/thùng,Tính toán,D,2026-10-10
2010-09-15,1.48540472,triệu VND/thùng,Tính toán,D,2026-10-10
2010-09-16,1.4935454799999999,triệu VND/thùng,Tính toán,D,2026-10-10
2010-09-17,1.4659047600000001,triệu VND/thùng,Tính toán,D,2026-10-10
2010-09-20,1.5035794399999998,triệu VND/thùng,Tính toán,D,2026-10-10
2010-09-21,1.49108432,triệu VND/thùng,Tính toán,D,2026-10-10
2010-09-22,1.46325428,triệu VND/thùng,Tính toán,D,2026-10-10
2010-09-23,1.4708270799999998,triệu VND/thùng,Tính toán,D,2026-10-10
2010-09-24,1.49051636,triệu VND/thùng,Tính toán,D,2026-10-10
2010-09-27,1.47120572,triệu VND/thùng,Tính toán,D,2026-10-10
2010-09-28,1.49827848,triệu VND/thùng,Tính toán,D,2026-10-10
2010-09-29,1.49165228,triệu VND/thùng,Tính toán,D,2026-10-10
2010-10-04,1.5793074399999998,triệu VND/thùng,Tính toán,D,2026-10-10
2010-10-05,1.5779822,triệu VND/thùng,Tính toán,D,2026-10-10
2010-10-06,1.60940932,triệu VND/thùng,Tính toán,D,2026-10-10
2010-10-07,1.5840404399999999,triệu VND/thùng,Tính toán,D,2026-10-10
2010-10-08,1.5880161599999998,triệu VND/thùng,Tính toán,D,2026-10-10
2010-10-11,1.57287056,triệu VND/thùng,Tính toán,D,2026-10-10
2010-10-12,1.57116668,triệu VND/thùng,Tính toán,D,2026-10-10
2010-10-13,1.59047732,triệu VND/thùng,Tính toán,D,2026-10-10
2010-10-14,1.5817685999999997,triệu VND/thùng,Tính toán,D,2026-10-10
2010-10-15,1.5512880799999997,triệu VND/thùng,Tính toán,D,2026-10-10
2010-10-18,1.5581035999999997,triệu VND/thùng,Tính toán,D,2026-10-10
2010-10-19,1.53576384,triệu VND/thùng,Tính toán,D,2026-10-10
2010-10-20,1.5463657600000003,triệu VND/thùng,Tính toán,D,2026-10-10
2010-10-21,1.5387929599999999,triệu VND/thùng,Tính toán,D,2026-10-10
2010-10-22,1.528759,triệu VND/thùng,Tính toán,D,2026-10-10
2010-10-25,1.5507201199999998,triệu VND/thùng,Tính toán,D,2026-10-10
2010-10-26,1.56416184,triệu VND/thùng,Tính toán,D,2026-10-10
2010-10-27,1.5386036399999998,triệu VND/thùng,Tính toán,D,2026-10-10
2010-10-28,1.57078804,triệu VND/thùng,Tính toán,D,2026-10-10
2010-10-29,1.56132204,triệu VND/thùng,Tính toán,D,2026-10-10
2010-11-03,1.61546756,triệu VND/thùng,Tính toán,D,2026-10-10
2010-11-04,1.64386556,triệu VND/thùng,Tính toán,D,2026-10-10
2010-11-05,1.6480305999999998,triệu VND/thùng,Tính toán,D,2026-10-10
2010-11-08,1.6499238,triệu VND/thùng,Tính toán,D,2026-10-10
2010-11-09,1.6646907600000003,triệu VND/thùng,Tính toán,D,2026-10-10
2010-11-10,1.6645014399999998,triệu VND/thùng,Tính toán,D,2026-10-10
2010-11-11,1.6675305599999999,triệu VND/thùng,Tính toán,D,2026-10-10
2010-11-12,1.6294772399999997,triệu VND/thùng,Tính toán,D,2026-10-10
2010-11-15,1.6184966799999998,triệu VND/thùng,Tính toán,D,2026-10-10
2010-11-16,1.58990936,triệu VND/thùng,Tính toán,D,2026-10-10
2010-11-17,1.57817152,triệu VND/thùng,Tính toán,D,2026-10-10
2010-11-18,1.5846084,triệu VND/thùng,Tính toán,D,2026-10-10
2010-11-19,1.57457444,triệu VND/thùng,Tính toán,D,2026-10-10
2010-11-22,1.5588608800000001,triệu VND/thùng,Tính toán,D,2026-10-10
2010-11-23,1.55942884,triệu VND/thùng,Tính toán,D,2026-10-10
2010-11-24,1.6003219599999998,triệu VND/thùng,Tính toán,D,2026-10-10
2010-11-26,1.60505496,triệu VND/thùng,Tính toán,D,2026-10-10
2010-11-29,1.6262588,triệu VND/thùng,Tính toán,D,2026-10-10
2010-12-02,1.69195284,triệu VND/thùng,Tính toán,D,2026-10-10
2010-12-03,1.7161857999999999,triệu VND/thùng,Tính toán,D,2026-10-10
2010-12-06,1.7275449999999999,triệu VND/thùng,Tính toán,D,2026-10-10
2010-12-07,1.7186469599999998,triệu VND/thùng,Tính toán,D,2026-10-10
2010-12-08,1.69895768,triệu VND/thùng,Tính toán,D,2026-10-10
2010-12-09,1.7025547600000002,triệu VND/thùng,Tính toán,D,2026-10-10
2010-12-10,1.69517128,triệu VND/thùng,Tính toán,D,2026-10-10
2010-12-13,1.7114528,triệu VND/thùng,Tính toán,D,2026-10-10
2010-12-14,1.7158071599999998,triệu VND/thùng,Tính toán,D,2026-10-10
2010-12-15,1.72905956,triệu VND/thùng,Tính toán,D,2026-10-10
2010-12-16,1.72451588,triệu VND/thùng,Tính toán,D,2026-10-10
2010-12-17,1.7248945199999999,triệu VND/thùng,Tính toán,D,2026-10-10
2010-12-20,1.7286809200000002,triệu VND/thùng,Tính toán,D,2026-10-10
2010-12-21,1.76275852,triệu VND/thùng,Tính toán,D,2026-10-10
2010-12-23,1.7726031599999998,triệu VND/thùng,Tính toán,D,2026-10-10
2010-12-28,1.7705206399999998,triệu VND/thùng,Tính toán,D,2026-10-10
2010-12-29,1.7705206399999998,triệu VND/thùng,Tính toán,D,2026-10-10
2010-12-30,1.75121,triệu VND/thùng,Tính toán,D,2026-10-10
2010-12-31,1.7650303600000001,triệu VND/thùng,Tính toán,D,2026-10-10
2011-03-08,2.3208681599999994,triệu VND/thùng,Tính toán,D,2026-10-10
2011-03-09,2.38074692,triệu VND/thùng,Tính toán,D,2026-10-10
2011-03-10,2.35816911,triệu VND/thùng,Tính toán,D,2026-10-10
2011-03-11,2.3575987599999997,triệu VND/thùng,Tính toán,D,2026-10-10
2011-03-14,2.33388585,triệu VND/thùng,Tính toán,D,2026-10-10
2011-03-15,2.29586593,triệu VND/thùng,Tính toán,D,2026-10-10
2011-03-16,2.2922116799999994,triệu VND/thùng,Tính toán,D,2026-10-10
2011-03-17,2.35873044,triệu VND/thùng,Tính toán,D,2026-10-10
2011-03-18,2.35826819,triệu VND/thùng,Tính toán,D,2026-10-10
2011-03-21,2.37574116,triệu VND/thùng,Tính toán,D,2026-10-10
2011-03-22,2.39157529,triệu VND/thùng,Tính toán,D,2026-10-10
2011-03-23,2.3925672000000002,triệu VND/thùng,Tính toán,D,2026-10-10
2011-03-24,2.38760208,triệu VND/thùng,Tính toán,D,2026-10-10
2011-03-25,2.38785235,triệu VND/thùng,Tính toán,D,2026-10-10
2011-03-28,2.39935335,triệu VND/thùng,Tính toán,D,2026-10-10
2011-03-29,2.39111904,triệu VND/thùng,Tính toán,D,2026-10-10
2011-03-30,2.3875143,triệu VND/thùng,Tính toán,D,2026-10-10
2011-03-31,2.4210088199999995,triệu VND/thùng,Tính toán,D,2026-10-10
2011-04-01,2.45659004,triệu VND/thùng,Tính toán,D,2026-10-10
2011-04-04,2.4858092099999998,triệu VND/thùng,Tính toán,D,2026-10-10
2011-04-05,2.5450063099999998,triệu VND/thùng,Tính toán,D,2026-10-10
2011-04-08,2.6166834,triệu VND/thùng,Tính toán,D,2026-10-10
2011-04-11,2.62063058,triệu VND/thùng,Tính toán,D,2026-10-10
2011-04-13,2.5427121,triệu VND/thùng,Tính toán,D,2026-10-10
2011-04-14,2.5429273199999995,triệu VND/thùng,Tính toán,D,2026-10-10
2011-04-15,2.5827074899999998,triệu VND/thùng,Tính toán,D,2026-10-10
2011-04-18,2.5223903199999995,triệu VND/thùng,Tính toán,D,2026-10-10
2011-04-19,2.5159495499999998,triệu VND/thùng,Tính toán,D,2026-10-10
2011-04-20,2.5756612800000003,triệu VND/thùng,Tính toán,D,2026-10-10
2011-04-21,2.56219172,triệu VND/thùng,Tính toán,D,2026-10-10
2011-04-26,2.5785586499999997,triệu VND/thùng,Tính toán,D,2026-10-10
2011-04-27,2.58600812,triệu VND/thùng,Tính toán,D,2026-10-10
2011-04-28,2.61952687,triệu VND/thùng,Tính toán,D,2026-10-10
2011-05-04,2.5164496499999998,triệu VND/thùng,Tính toán,D,2026-10-10
2011-05-05,2.31784644,triệu VND/thùng,Tính toán,D,2026-10-10
2011-05-06,2.3537240699999997,triệu VND/thùng,Tính toán,D,2026-10-10
2011-05-09,2.3443526799999996,triệu VND/thùng,Tính toán,D,2026-10-10
2011-05-12,2.33561891,triệu VND/thùng,Tính toán,D,2026-10-10
2011-05-13,2.33939904,triệu VND/thùng,Tính toán,D,2026-10-10
2011-05-16,2.35150216,triệu VND/thùng,Tính toán,D,2026-10-10
2011-05-17,2.2614194700000003,triệu VND/thùng,Tính toán,D,2026-10-10
2011-05-18,2.32653942,triệu VND/thùng,Tính toán,D,2026-10-10
2011-05-19,2.3401836,triệu VND/thùng,Tính toán,D,2026-10-10
2011-05-20,2.29987125,triệu VND/thùng,Tính toán,D,2026-10-10
2011-05-23,2.27671749,triệu VND/thùng,Tính toán,D,2026-10-10
2011-05-24,2.32556336,triệu VND/thùng,Tính toán,D,2026-10-10
2011-05-25,2.3652936099999997,triệu VND/thùng,Tính toán,D,2026-10-10
2011-05-26,2.3769094799999997,triệu VND/thùng,Tính toán,D,2026-10-10
2011-05-27,2.3719970499999996,triệu VND/thùng,Tính toán,D,2026-10-10
2011-05-31,2.41894674,triệu VND/thùng,Tính toán,D,2026-10-10
2011-06-01,2.3971037,triệu VND/thùng,Tính toán,D,2026-10-10
2011-06-02,2.3589233999999997,triệu VND/thùng,Tính toán,D,2026-10-10
2011-06-03,2.37465197,triệu VND/thùng,Tính toán,D,2026-10-10
2011-06-06,2.3804712,triệu VND/thùng,Tính toán,D,2026-10-10
2011-06-07,2.39573592,triệu VND/thùng,Tính toán,D,2026-10-10
2011-06-10,2.4481563299999998,triệu VND/thùng,Tính toán,D,2026-10-10
2011-06-13,2.4842628199999996,triệu VND/thùng,Tính toán,D,2026-10-10
2011-06-14,2.4813762999999995,triệu VND/thùng,Tính toán,D,2026-10-10
2011-06-15,2.36426606,triệu VND/thùng,Tính toán,D,2026-10-10
2011-06-16,2.3646784199999997,triệu VND/thùng,Tính toán,D,2026-10-10
2011-06-17,2.34509132,triệu VND/thùng,Tính toán,D,2026-10-10
2011-06-20,2.3135457799999997,triệu VND/thùng,Tính toán,D,2026-10-10
2011-06-21,2.3096283599999996,triệu VND/thùng,Tính toán,D,2026-10-10
2011-06-22,2.34199862,triệu VND/thùng,Tính toán,D,2026-10-10
2011-06-23,2.2323108599999997,triệu VND/thùng,Tính toán,D,2026-10-10
2011-06-24,2.1605602200000003,triệu VND/thùng,Tính toán,D,2026-10-10
2011-06-27,2.1560242599999997,triệu VND/thùng,Tính toán,D,2026-10-10
2011-06-28,2.2184161099999997,triệu VND/thùng,Tính toán,D,2026-10-10
2011-06-29,2.2987008199999996,triệu VND/thùng,Tính toán,D,2026-10-10
2011-06-30,2.3032367799999998,triệu VND/thùng,Tính toán,D,2026-10-10
2011-07-01,2.2642687599999998,triệu VND/thùng,Tính toán,D,2026-10-10
2011-07-05,2.3335977299999997,triệu VND/thùng,Tính toán,D,2026-10-10
2011-07-06,2.3406061499999997,triệu VND/thùng,Tính toán,D,2026-10-10
2011-07-07,2.4199662,triệu VND/thùng,Tính toán,D,2026-10-10
2011-07-08,2.4199662,triệu VND/thùng,Tính toán,D,2026-10-10
2011-07-11,2.4183487999999995,triệu VND/thùng,Tính toán,D,2026-10-10
2011-07-12,2.41855488,triệu VND/thùng,Tính toán,D,2026-10-10
2011-07-13,2.44122368,triệu VND/thùng,Tính toán,D,2026-10-10
2011-07-14,2.41896704,triệu VND/thùng,Tính toán,D,2026-10-10
2011-07-15,2.43298048,triệu VND/thùng,Tính toán,D,2026-10-10
2011-07-18,2.4121664,triệu VND/thùng,Tính toán,D,2026-10-10
2011-07-19,2.43545344,triệu VND/thùng,Tính toán,D,2026-10-10
2011-07-20,2.44246016,triệu VND/thùng,Tính toán,D,2026-10-10
2011-07-21,2.436896,triệu VND/thùng,Tính toán,D,2026-10-10
2011-07-22,2.45214592,triệu VND/thùng,Tính toán,D,2026-10-10
2011-07-25,2.43730816,triệu VND/thùng,Tính toán,D,2026-10-10
2011-07-26,2.43462912,triệu VND/thùng,Tính toán,D,2026-10-10
2011-07-27,2.43153792,triệu VND/thùng,Tính toán,D,2026-10-10
2011-07-28,2.4350412799999996,triệu VND/thùng,Tính toán,D,2026-10-10
2011-07-29,2.3890854399999997,triệu VND/thùng,Tính toán,D,2026-10-10
2011-08-01,2.39815296,triệu VND/thùng,Tính toán,D,2026-10-10
2011-08-02,2.39094016,triệu VND/thùng,Tính toán,D,2026-10-10
2011-08-03,2.3439539199999997,triệu VND/thùng,Tính toán,D,2026-10-10
2011-08-04,2.2714137599999997,triệu VND/thùng,Tính toán,D,2026-10-10
2011-08-05,2.20340736,triệu VND/thùng,Tính toán,D,2026-10-10
2011-08-08,2.12386048,triệu VND/thùng,Tính toán,D,2026-10-10
2011-08-09,2.13560704,triệu VND/thùng,Tính toán,D,2026-10-10
2011-08-10,2.14097312,triệu VND/thùng,Tính toán,D,2026-10-10
2011-08-11,2.2230327599999997,triệu VND/thùng,Tính toán,D,2026-10-10
2011-08-12,2.23024906,triệu VND/thùng,Tính toán,D,2026-10-10
2011-08-15,2.24509402,triệu VND/thùng,Tính toán,D,2026-10-10
2011-08-16,2.26158842,triệu VND/thùng,Tính toán,D,2026-10-10
2011-08-17,2.29622666,triệu VND/thùng,Tính toán,D,2026-10-10
2011-08-18,2.23416648,triệu VND/thùng,Tính toán,D,2026-10-10
2011-08-19,2.2549906600000003,triệu VND/thùng,Tính toán,D,2026-10-10
2011-08-22,2.2438569399999997,triệu VND/thùng,Tính toán,D,2026-10-10
2011-08-23,2.2751962999999997,triệu VND/thùng,Tính toán,D,2026-10-10
2011-08-24,2.30847948,triệu VND/thùng,Tính toán,D,2026-10-10
2011-08-25,2.30847948,triệu VND/thùng,Tính toán,D,2026-10-10
2011-08-26,2.31631812,triệu VND/thùng,Tính toán,D,2026-10-10
2011-08-30,2.3843905199999997,triệu VND/thùng,Tính toán,D,2026-10-10
2011-08-31,2.40274944,triệu VND/thùng,Tính toán,D,2026-10-10
2011-09-01,2.40171804,triệu VND/thùng,Tính toán,D,2026-10-10
2011-09-06,2.33694612,triệu VND/thùng,Tính toán,D,2026-10-10
2011-09-07,2.42379,triệu VND/thùng,Tính toán,D,2026-10-10
2011-09-08,2.4338977199999996,triệu VND/thùng,Tính toán,D,2026-10-10
2011-09-09,2.3742827999999996,triệu VND/thùng,Tính toán,D,2026-10-10
2011-09-12,2.367063,triệu VND/thùng,Tính toán,D,2026-10-10
2011-09-13,2.3532422399999997,triệu VND/thùng,Tính toán,D,2026-10-10
2011-09-14,2.3330268,triệu VND/thùng,Tính toán,D,2026-10-10
2011-09-15,2.4074938799999996,triệu VND/thùng,Tính toán,D,2026-10-10
2011-09-16,2.39821128,triệu VND/thùng,Tính toán,D,2026-10-10
2011-09-19,2.32869492,triệu VND/thùng,Tính toán,D,2026-10-10
2011-09-20,2.35963692,triệu VND/thùng,Tính toán,D,2026-10-10
2011-09-21,2.35695528,triệu VND/thùng,Tính toán,D,2026-10-10
2011-09-22,2.25278388,triệu VND/thùng,Tính toán,D,2026-10-10
2011-09-23,2.25195876,triệu VND/thùng,Tính toán,D,2026-10-10
2011-09-26,2.2257612,triệu VND/thùng,Tính toán,D,2026-10-10
2011-09-27,2.25959112,triệu VND/thùng,Tính toán,D,2026-10-10
2011-09-28,2.2385505599999997,triệu VND/thùng,Tính toán,D,2026-10-10
2011-09-29,2.2088462399999997,triệu VND/thùng,Tính toán,D,2026-10-10
2011-09-30,2.17460376,triệu VND/thùng,Tính toán,D,2026-10-10
2011-10-03,2.13726708,triệu VND/thùng,Tính toán,D,2026-10-10
2011-10-04,2.10075552,triệu VND/thùng,Tính toán,D,2026-10-10
2011-10-07,2.2007836800000002,triệu VND/thùng,Tính toán,D,2026-10-10
2011-10-10,2.2612969699999996,triệu VND/thùng,Tính toán,D,2026-10-10
2011-10-11,2.25735896,triệu VND/thùng,Tính toán,D,2026-10-10
2011-10-12,2.3239099199999997,triệu VND/thùng,Tính toán,D,2026-10-10
2011-10-13,2.3252411,triệu VND/thùng,Tính toán,D,2026-10-10
2011-10-14,2.3652590399999998,triệu VND/thùng,Tính toán,D,2026-10-10
2011-10-17,2.3383473599999998,triệu VND/thùng,Tính toán,D,2026-10-10
2011-10-18,2.32263384,triệu VND/thùng,Tính toán,D,2026-10-10
2011-10-19,2.31712008,triệu VND/thùng,Tính toán,D,2026-10-10
2011-10-20,2.260442,triệu VND/thùng,Tính toán,D,2026-10-10
2011-10-21,2.3154768,triệu VND/thùng,Tính toán,D,2026-10-10
2011-10-24,2.31692916,triệu VND/thùng,Tính toán,D,2026-10-10
2011-10-25,2.32605828,triệu VND/thùng,Tính toán,D,2026-10-10
2011-10-26,2.29341024,triệu VND/thùng,Tính toán,D,2026-10-10
2011-10-27,2.3376106,triệu VND/thùng,Tính toán,D,2026-10-10
2011-10-28,2.2885380300000002,triệu VND/thùng,Tính toán,D,2026-10-10
2011-10-31,2.2556692899999997,triệu VND/thùng,Tính toán,D,2026-10-10
2011-11-01,2.22529691,triệu VND/thùng,Tính toán,D,2026-10-10
2011-11-02,2.3053884599999996,triệu VND/thùng,Tính toán,D,2026-10-10
2011-11-07,2.38714425,triệu VND/thùng,Tính toán,D,2026-10-10
2011-11-08,2.40503483,triệu VND/thùng,Tính toán,D,2026-10-10
2011-11-09,2.39837787,triệu VND/thùng,Tính toán,D,2026-10-10
2011-11-10,2.35739596,triệu VND/thùng,Tính toán,D,2026-10-10
2011-11-11,2.38048729,triệu VND/thùng,Tính toán,D,2026-10-10
2011-11-14,2.3417937099999997,triệu VND/thùng,Tính toán,D,2026-10-10
2011-11-15,2.3278557,triệu VND/thùng,Tính toán,D,2026-10-10
2011-11-16,2.3280637299999998,triệu VND/thùng,Tính toán,D,2026-10-10
2011-11-17,2.27272775,triệu VND/thùng,Tính toán,D,2026-10-10
2011-11-18,2.24297946,triệu VND/thùng,Tính toán,D,2026-10-10
2011-11-21,2.2047019399999996,triệu VND/thùng,Tính toán,D,2026-10-10
2011-11-22,2.24193931,triệu VND/thùng,Tính toán,D,2026-10-10
2011-11-23,2.2223844899999996,triệu VND/thùng,Tính toán,D,2026-10-10
2011-11-25,2.2067822399999995,triệu VND/thùng,Tính toán,D,2026-10-10
2011-11-28,2.27543214,triệu VND/thùng,Tính toán,D,2026-10-10
2011-11-29,2.31433375,triệu VND/thùng,Tính toán,D,2026-10-10
2011-11-30,2.3137096600000002,triệu VND/thùng,Tính toán,D,2026-10-10
2011-12-01,2.26399049,triệu VND/thùng,Tính toán,D,2026-10-10
2011-12-05,2.2920745399999998,triệu VND/thùng,Tính toán,D,2026-10-10
2011-12-06,2.2916584799999997,triệu VND/thùng,Tính toán,D,2026-10-10
2011-12-07,2.28978621,triệu VND/thùng,Tính toán,D,2026-10-10
2011-12-08,2.2515086899999996,triệu VND/thùng,Tính toán,D,2026-10-10
2011-12-09,2.2448517299999997,triệu VND/thùng,Tính toán,D,2026-10-10
2011-12-12,2.24297946,triệu VND/thùng,Tính toán,D,2026-10-10
2011-12-13,2.27272775,triệu VND/thùng,Tính toán,D,2026-10-10
2011-12-14,2.20035036,triệu VND/thùng,Tính toán,D,2026-10-10
2011-12-15,2.1753747599999995,triệu VND/thùng,Tính toán,D,2026-10-10
2011-12-16,2.164552,triệu VND/thùng,Tính toán,D,2026-10-10
2011-12-19,2.17599915,triệu VND/thùng,Tính toán,D,2026-10-10
2011-12-20,2.2436414,triệu VND/thùng,Tính toán,D,2026-10-10
2011-12-21,2.247804,triệu VND/thùng,Tính toán,D,2026-10-10
2011-12-22,2.26820074,triệu VND/thùng,Tính toán,D,2026-10-10
2011-12-23,2.27444464,triệu VND/thùng,Tính toán,D,2026-10-10
2011-12-28,2.23984312,triệu VND/thùng,Tính toán,D,2026-10-10
2011-12-29,2.22630492,triệu VND/thùng,Tính toán,D,2026-10-10
2011-12-30,2.2512985199999997,triệu VND/thùng,Tính toán,D,2026-10-10
2012-01-03,2.3144073599999997,triệu VND/thùng,Tính toán,D,2026-10-10
2012-01-04,2.36127036,triệu VND/thùng,Tính toán,D,2026-10-10
2012-01-05,2.36585252,triệu VND/thùng,Tính toán,D,2026-10-10
2012-01-06,2.33190288,triệu VND/thùng,Tính toán,D,2026-10-10
2012-01-10,2.3598123999999996,triệu VND/thùng,Tính toán,D,2026-10-10
2012-01-11,2.32565448,triệu VND/thùng,Tính toán,D,2026-10-10
2012-01-12,2.35293916,triệu VND/thùng,Tính toán,D,2026-10-10
2012-01-13,2.28858064,triệu VND/thùng,Tính toán,D,2026-10-10
2012-01-17,2.3025354,triệu VND/thùng,Tính toán,D,2026-10-10
2012-01-18,2.28712268,triệu VND/thùng,Tính toán,D,2026-10-10
2012-01-19,2.28149912,triệu VND/thùng,Tính toán,D,2026-10-10
2012-01-20,2.259838,triệu VND/thùng,Tính toán,D,2026-10-10
2012-01-27,2.301494,triệu VND/thùng,Tính toán,D,2026-10-10
2012-01-30,2.2960787199999997,triệu VND/thùng,Tính toán,D,2026-10-10
2012-01-31,2.2964952800000002,triệu VND/thùng,Tính toán,D,2026-10-10
2012-02-01,2.33190288,triệu VND/thùng,Tính toán,D,2026-10-10
2012-02-02,2.3110748799999996,triệu VND/thùng,Tính toán,D,2026-10-10
2012-02-03,2.34439968,triệu VND/thùng,Tính toán,D,2026-10-10
2012-02-06,2.40500916,triệu VND/thùng,Tính toán,D,2026-10-10
2012-02-07,2.43396008,triệu VND/thùng,Tính toán,D,2026-10-10
2012-02-08,2.44062504,triệu VND/thùng,Tính toán,D,2026-10-10
2012-02-09,2.4660352,triệu VND/thùng,Tính toán,D,2026-10-10
2012-02-10,2.4604116400000002,triệu VND/thùng,Tính toán,D,2026-10-10
2012-02-13,2.47290844,triệu VND/thùng,Tính toán,D,2026-10-10
2012-02-14,2.4639523999999997,triệu VND/thùng,Tính toán,D,2026-10-10
2012-02-15,2.5045669999999998,triệu VND/thùng,Tính toán,D,2026-10-10
2012-02-16,2.520188,triệu VND/thùng,Tính toán,D,2026-10-10
2012-02-17,2.5137313199999998,triệu VND/thùng,Tính toán,D,2026-10-10
2012-02-21,2.5170638,triệu VND/thùng,Tính toán,D,2026-10-10
2012-02-22,2.56330196,triệu VND/thùng,Tính toán,D,2026-10-10
2012-02-23,2.5937108399999995,triệu VND/thùng,Tính toán,D,2026-10-10
2012-02-24,2.60120892,triệu VND/thùng,Tính toán,D,2026-10-10
2012-02-27,2.63390888,triệu VND/thùng,Tính toán,D,2026-10-10
2012-02-28,2.5830885599999998,triệu VND/thùng,Tính toán,D,2026-10-10
2012-02-29,2.54580644,triệu VND/thùng,Tính toán,D,2026-10-10
2012-03-01,2.61932928,triệu VND/thùng,Tính toán,D,2026-10-10
2012-03-02,2.62287004,triệu VND/thùng,Tính toán,D,2026-10-10
2012-03-05,2.63849104,triệu VND/thùng,Tính toán,D,2026-10-10
2012-03-06,2.60412484,triệu VND/thùng,Tính toán,D,2026-10-10
2012-03-07,2.6112063599999997,triệu VND/thùng,Tính toán,D,2026-10-10
2012-03-08,2.6651508799999997,triệu VND/thùng,Tính toán,D,2026-10-10
2012-03-09,2.66765024,triệu VND/thùng,Tính toán,D,2026-10-10
2012-03-12,2.65077956,triệu VND/thùng,Tính toán,D,2026-10-10
2012-03-13,2.66889992,triệu VND/thùng,Tính toán,D,2026-10-10
2012-03-14,2.64473944,triệu VND/thùng,Tính toán,D,2026-10-10
2012-03-15,2.57496564,triệu VND/thùng,Tính toán,D,2026-10-10
2012-03-16,2.60537452,triệu VND/thùng,Tính toán,D,2026-10-10
2012-03-19,2.61932928,triệu VND/thùng,Tính toán,D,2026-10-10
2012-03-20,2.59058664,triệu VND/thùng,Tính toán,D,2026-10-10
2012-03-21,2.5803809199999996,triệu VND/thùng,Tính toán,D,2026-10-10
2012-03-22,2.5512217199999996,triệu VND/thùng,Tính toán,D,2026-10-10
2012-03-23,2.6078738799999996,triệu VND/thùng,Tính toán,D,2026-10-10
2012-03-26,2.6212037999999995,triệu VND/thùng,Tính toán,D,2026-10-10
2012-03-27,2.608707,triệu VND/thùng,Tính toán,D,2026-10-10
2012-03-28,2.5912114799999997,triệu VND/thùng,Tính toán,D,2026-10-10
2012-03-29,2.5666344399999996,triệu VND/thùng,Tính toán,D,2026-10-10
2012-03-30,2.57038348,triệu VND/thùng,Tính toán,D,2026-10-10
2012-04-02,2.5918363199999996,triệu VND/thùng,Tính toán,D,2026-10-10
2012-04-04,2.56267712,triệu VND/thùng,Tính toán,D,2026-10-10
2012-04-05,2.5739242399999998,triệu VND/thùng,Tính toán,D,2026-10-10
2012-04-11,2.50789948,triệu VND/thùng,Tính toán,D,2026-10-10
2012-04-12,2.51123196,triệu VND/thùng,Tính toán,D,2026-10-10
2012-04-13,2.5122733599999996,triệu VND/thùng,Tính toán,D,2026-10-10
2012-04-16,2.46249444,triệu VND/thùng,Tính toán,D,2026-10-10
2012-04-17,2.44541548,triệu VND/thùng,Tính toán,D,2026-10-10
2012-04-18,2.39896904,triệu VND/thùng,Tính toán,D,2026-10-10
2012-04-19,2.436876,triệu VND/thùng,Tính toán,D,2026-10-10
2012-04-20,2.4593702399999997,triệu VND/thùng,Tính toán,D,2026-10-10
2012-04-23,2.42979448,triệu VND/thùng,Tính toán,D,2026-10-10
2012-04-24,2.4522887199999994,triệu VND/thùng,Tính toán,D,2026-10-10
2012-04-25,2.4462486,triệu VND/thùng,Tính toán,D,2026-10-10
2012-04-26,2.4854052399999995,triệu VND/thùng,Tính toán,D,2026-10-10
2012-04-27,2.4847804,triệu VND/thùng,Tính toán,D,2026-10-10
2012-05-02,2.44874796,triệu VND/thùng,Tính toán,D,2026-10-10
2012-05-03,2.41417348,triệu VND/thùng,Tính toán,D,2026-10-10
2012-05-04,2.32565448,triệu VND/thùng,Tính toán,D,2026-10-10
2012-05-08,2.30107744,triệu VND/thùng,Tính toán,D,2026-10-10
2012-05-09,2.3304449199999997,triệu VND/thùng,Tính toán,D,2026-10-10
2012-05-10,2.33773472,triệu VND/thùng,Tính toán,D,2026-10-10
2012-05-11,2.34315,triệu VND/thùng,Tính toán,D,2026-10-10
2012-05-14,2.30753412,triệu VND/thùng,Tính toán,D,2026-10-10
2012-05-15,2.3202392,triệu VND/thùng,Tính toán,D,2026-10-10
2012-05-16,2.2869143999999997,triệu VND/thùng,Tính toán,D,2026-10-10
2012-05-17,2.27670868,triệu VND/thùng,Tính toán,D,2026-10-10
2012-05-18,2.25004884,triệu VND/thùng,Tính toán,D,2026-10-10
2012-05-21,2.27066856,triệu VND/thùng,Tính toán,D,2026-10-10
2012-05-22,2.2860812800000003,triệu VND/thùng,Tính toán,D,2026-10-10
2012-05-23,2.22609664,triệu VND/thùng,Tính toán,D,2026-10-10
2012-05-24,2.2327616,triệu VND/thùng,Tính toán,D,2026-10-10
2012-05-25,2.24650808,triệu VND/thùng,Tính toán,D,2026-10-10
2012-05-29,2.2400514,triệu VND/thùng,Tính toán,D,2026-10-10
2012-05-30,2.1629878,triệu VND/thùng,Tính toán,D,2026-10-10
2012-05-31,2.16319608,triệu VND/thùng,Tính toán,D,2026-10-10
2012-06-01,2.0542656399999997,triệu VND/thùng,Tính toán,D,2026-10-10
2012-06-04,2.03572872,triệu VND/thùng,Tính toán,D,2026-10-10
2012-06-05,2.0546822000000002,triệu VND/thùng,Tính toán,D,2026-10-10
2012-06-06,2.10654392,triệu VND/thùng,Tính toán,D,2026-10-10
2012-06-07,2.0838414,triệu VND/thùng,Tính toán,D,2026-10-10
2012-06-11,2.0536407999999997,triệu VND/thùng,Tính toán,D,2026-10-10
2012-06-12,2.0117765199999997,triệu VND/thùng,Tính toán,D,2026-10-10
2012-06-13,2.02635612,triệu VND/thùng,Tính toán,D,2026-10-10
2012-06-14,2.0090688799999996,triệu VND/thùng,Tính toán,D,2026-10-10
2012-06-15,2.02302364,triệu VND/thùng,Tính toán,D,2026-10-10
2012-06-18,1.9830338799999998,triệu VND/thùng,Tính toán,D,2026-10-10
2012-06-19,1.9815759199999998,triệu VND/thùng,Tính toán,D,2026-10-10
2012-06-20,1.9474179999999999,triệu VND/thùng,Tính toán,D,2026-10-10
2012-06-21,1.85827416,triệu VND/thùng,Tính toán,D,2026-10-10
2012-06-22,1.85827416,triệu VND/thùng,Tính toán,D,2026-10-10
2012-06-25,1.84723532,triệu VND/thùng,Tính toán,D,2026-10-10
2012-06-26,1.87847732,triệu VND/thùng,Tính toán,D,2026-10-10
2012-06-27,1.9174256799999998,triệu VND/thùng,Tính toán,D,2026-10-10
2012-06-28,1.8957645599999997,triệu VND/thùng,Tính toán,D,2026-10-10
2012-06-29,1.96137276,triệu VND/thùng,Tính toán,D,2026-10-10
2012-07-02,1.98449184,triệu VND/thùng,Tính toán,D,2026-10-10
2012-07-03,2.0805089199999998,triệu VND/thùng,Tính toán,D,2026-10-10
2012-07-05,2.11487512,triệu VND/thùng,Tính toán,D,2026-10-10
2012-07-06,2.051558,triệu VND/thùng,Tính toán,D,2026-10-10
2012-07-10,2.0650962,triệu VND/thùng,Tính toán,D,2026-10-10
2012-07-11,2.06676244,triệu VND/thùng,Tính toán,D,2026-10-10
2012-07-12,2.06572104,triệu VND/thùng,Tính toán,D,2026-10-10
2012-07-13,2.12258148,triệu VND/thùng,Tính toán,D,2026-10-10
2012-07-16,2.1265387999999996,triệu VND/thùng,Tính toán,D,2026-10-10
2012-07-17,2.1704858799999998,triệu VND/thùng,Tính toán,D,2026-10-10
2012-07-18,2.20610176,triệu VND/thùng,Tính toán,D,2026-10-10
2012-07-19,2.24505012,triệu VND/thùng,Tính toán,D,2026-10-10
2012-07-20,2.22817944,triệu VND/thùng,Tính toán,D,2026-10-10
2012-07-23,2.1642374799999997,triệu VND/thùng,Tính toán,D,2026-10-10
2012-07-24,2.15715596,triệu VND/thùng,Tính toán,D,2026-10-10
2012-07-25,2.1317457999999996,triệu VND/thùng,Tính toán,D,2026-10-10
2012-07-26,2.18214956,triệu VND/thùng,Tính toán,D,2026-10-10
2012-07-27,2.2140163999999998,triệu VND/thùng,Tính toán,D,2026-10-10
2012-07-30,2.21901512,triệu VND/thùng,Tính toán,D,2026-10-10
2012-07-31,2.20631004,triệu VND/thùng,Tính toán,D,2026-10-10
2012-08-01,2.2240138399999996,triệu VND/thùng,Tính toán,D,2026-10-10
2012-08-02,2.2400514,triệu VND/thùng,Tính toán,D,2026-10-10
2012-08-03,2.28212396,triệu VND/thùng,Tính toán,D,2026-10-10
2012-08-06,2.2912882800000003,triệu VND/thùng,Tính toán,D,2026-10-10
2012-08-07,2.3408589199999996,triệu VND/thùng,Tính toán,D,2026-10-10
2012-08-08,2.3623117600000003,triệu VND/thùng,Tính toán,D,2026-10-10
2012-08-09,2.36439456,triệu VND/thùng,Tính toán,D,2026-10-10
2012-08-10,2.35627164,triệu VND/thùng,Tính toán,D,2026-10-10
2012-08-13,2.3843894399999996,triệu VND/thùng,Tính toán,D,2026-10-10
2012-08-14,2.3723092,triệu VND/thùng,Tính toán,D,2026-10-10
2012-08-15,2.4058422800000003,triệu VND/thùng,Tính toán,D,2026-10-10
2012-08-16,2.41854736,triệu VND/thùng,Tính toán,D,2026-10-10
2012-08-17,2.3993856,triệu VND/thùng,Tính toán,D,2026-10-10
2012-08-20,2.405634,triệu VND/thùng,Tính toán,D,2026-10-10
2012-08-21,2.41667284,triệu VND/thùng,Tính toán,D,2026-10-10
2012-08-22,2.41125756,triệu VND/thùng,Tính toán,D,2026-10-10
2012-08-23,2.4462486,triệu VND/thùng,Tính toán,D,2026-10-10
2012-08-24,2.4110492800000003,triệu VND/thùng,Tính toán,D,2026-10-10
2012-08-27,2.3689767199999996,triệu VND/thùng,Tính toán,D,2026-10-10
2012-08-28,2.34564936,triệu VND/thùng,Tính toán,D,2026-10-10
2012-08-29,2.3437748399999996,triệu VND/thùng,Tính toán,D,2026-10-10
2012-08-30,2.3385678399999996,triệu VND/thùng,Tính toán,D,2026-10-10
2012-08-31,2.37293404,triệu VND/thùng,Tính toán,D,2026-10-10
2012-09-04,2.39480344,triệu VND/thùng,Tính toán,D,2026-10-10
2012-09-05,2.3602289599999997,triệu VND/thùng,Tính toán,D,2026-10-10
2012-09-06,2.3848059999999998,triệu VND/thùng,Tính toán,D,2026-10-10
2012-09-07,2.36689392,triệu VND/thùng,Tính toán,D,2026-10-10
2012-09-10,2.3710595199999998,triệu VND/thùng,Tính toán,D,2026-10-10
2012-09-11,2.39230408,triệu VND/thùng,Tính toán,D,2026-10-10
2012-09-12,2.39230408,triệu VND/thùng,Tính toán,D,2026-10-10
2012-09-13,2.416048,triệu VND/thùng,Tính toán,D,2026-10-10
2012-09-14,2.4468734399999996,triệu VND/thùng,Tính toán,D,2026-10-10
2012-09-17,2.4306275999999998,triệu VND/thùng,Tính toán,D,2026-10-10
2012-09-18,2.35960412,triệu VND/thùng,Tính toán,D,2026-10-10
2012-09-19,2.2596297199999995,triệu VND/thùng,Tính toán,D,2026-10-10
2012-09-20,2.2787914799999998,triệu VND/thùng,Tính toán,D,2026-10-10
2012-09-21,2.31753156,triệu VND/thùng,Tính toán,D,2026-10-10
2012-09-24,2.2744176,triệu VND/thùng,Tính toán,D,2026-10-10
2012-09-25,2.30711756,triệu VND/thùng,Tính toán,D,2026-10-10
2012-09-26,2.2700437199999994,triệu VND/thùng,Tính toán,D,2026-10-10
2012-09-27,2.3212806,triệu VND/thùng,Tính toán,D,2026-10-10
2012-09-28,2.31940608,triệu VND/thùng,Tính toán,D,2026-10-10
2012-10-01,2.3448162399999997,triệu VND/thùng,Tính toán,D,2026-10-10
2012-10-02,2.34294172,triệu VND/thùng,Tính toán,D,2026-10-10
2012-10-03,2.27691696,triệu VND/thùng,Tính toán,D,2026-10-10
2012-10-04,2.30107744,triệu VND/thùng,Tính toán,D,2026-10-10
2012-10-05,2.33627676,triệu VND/thùng,Tính toán,D,2026-10-10
2012-10-08,2.3452328,triệu VND/thùng,Tính toán,D,2026-10-10
2012-10-09,2.38105696,triệu VND/thùng,Tính toán,D,2026-10-10
2012-10-10,2.41833908,triệu VND/thùng,Tính toán,D,2026-10-10
2012-10-11,2.4197970399999997,triệu VND/thùng,Tính toán,D,2026-10-10
2012-10-12,2.39876076,triệu VND/thùng,Tính toán,D,2026-10-10
2012-10-15,2.3952199999999997,triệu VND/thùng,Tính toán,D,2026-10-10
2012-10-16,2.3952199999999997,triệu VND/thùng,Tính toán,D,2026-10-10
2012-10-17,2.3637697199999996,triệu VND/thùng,Tính toán,D,2026-10-10
2012-10-18,2.3448162399999997,triệu VND/thùng,Tính toán,D,2026-10-10
2012-10-19,2.3304449199999997,triệu VND/thùng,Tính toán,D,2026-10-10
2012-10-22,2.28316536,triệu VND/thùng,Tính toán,D,2026-10-10
2012-10-23,2.23963484,triệu VND/thùng,Tính toán,D,2026-10-10
2012-10-24,2.24234248,triệu VND/thùng,Tính toán,D,2026-10-10
2012-10-25,2.24192592,triệu VND/thùng,Tính toán,D,2026-10-10
2012-10-26,2.2681692,triệu VND/thùng,Tính toán,D,2026-10-10
2012-10-29,2.2771252399999997,triệu VND/thùng,Tính toán,D,2026-10-10
2012-10-30,2.2785832,triệu VND/thùng,Tính toán,D,2026-10-10
2012-10-31,2.28878892,triệu VND/thùng,Tính toán,D,2026-10-10
2012-11-01,2.26691952,triệu VND/thùng,Tính toán,D,2026-10-10
2012-11-02,2.22422212,triệu VND/thùng,Tính toán,D,2026-10-10
2012-11-05,2.19922852,triệu VND/thùng,Tính toán,D,2026-10-10
2012-11-06,2.27587556,triệu VND/thùng,Tính toán,D,2026-10-10
2012-11-07,2.2537978799999996,triệu VND/thùng,Tính toán,D,2026-10-10
2012-11-08,2.23338644,triệu VND/thùng,Tính toán,D,2026-10-10
2012-11-09,2.26212908,triệu VND/thùng,Tính toán,D,2026-10-10
2012-11-12,2.29587044,triệu VND/thùng,Tính toán,D,2026-10-10
2012-11-13,2.26650296,triệu VND/thùng,Tính toán,D,2026-10-10
2012-11-14,2.2839984799999997,triệu VND/thùng,Tính toán,D,2026-10-10
2012-11-15,2.2925379599999998,triệu VND/thùng,Tính toán,D,2026-10-10
2012-11-16,2.22463868,triệu VND/thùng,Tính toán,D,2026-10-10
2012-11-19,2.29232968,triệu VND/thùng,Tính toán,D,2026-10-10
2012-11-20,2.2912882800000003,triệu VND/thùng,Tính toán,D,2026-10-10
2012-11-21,2.3079506800000003,triệu VND/thùng,Tính toán,D,2026-10-10
2012-11-23,2.29399592,triệu VND/thùng,Tính toán,D,2026-10-10
2012-11-26,2.2948290399999998,triệu VND/thùng,Tính toán,D,2026-10-10
2012-11-27,2.2771252399999997,triệu VND/thùng,Tính toán,D,2026-10-10
2012-11-28,2.25483928,triệu VND/thùng,Tính toán,D,2026-10-10
2012-11-29,2.30086916,triệu VND/thùng,Tính toán,D,2026-10-10
2012-11-30,2.3085755199999998,triệu VND/thùng,Tính toán,D,2026-10-10
2012-12-03,2.31753156,triệu VND/thùng,Tính toán,D,2026-10-10
2012-12-04,2.2908717199999997,triệu VND/thùng,Tính toán,D,2026-10-10
2012-12-06,2.24963228,triệu VND/thùng,Tính toán,D,2026-10-10
2012-12-07,2.2319284799999997,triệu VND/thùng,Tính toán,D,2026-10-10
2012-12-10,2.254631,triệu VND/thùng,Tính toán,D,2026-10-10
2012-12-11,2.2410927999999997,triệu VND/thùng,Tính toán,D,2026-10-10
2012-12-12,2.29462076,triệu VND/thùng,Tính toán,D,2026-10-10
2012-12-13,2.2948290399999998,triệu VND/thùng,Tính toán,D,2026-10-10
2012-12-14,2.2760838399999996,triệu VND/thùng,Tính toán,D,2026-10-10
2012-12-17,2.2775418,triệu VND/thùng,Tính toán,D,2026-10-10
2012-12-18,2.2902468799999998,triệu VND/thùng,Tính toán,D,2026-10-10
2012-12-19,2.2900386,triệu VND/thùng,Tính toán,D,2026-10-10
2012-12-20,2.3029519599999997,triệu VND/thùng,Tính toán,D,2026-10-10
2012-12-21,2.27295964,triệu VND/thùng,Tính toán,D,2026-10-10
2012-12-24,2.25858832,triệu VND/thùng,Tính toán,D,2026-10-10
2012-12-26,2.30607616,triệu VND/thùng,Tính toán,D,2026-10-10
2012-12-27,2.29191312,triệu VND/thùng,Tính toán,D,2026-10-10
2012-12-28,2.2921213999999996,triệu VND/thùng,Tính toán,D,2026-10-10
2012-12-31,2.3077424,triệu VND/thùng,Tính toán,D,2026-10-10
2013-01-03,2.35418884,triệu VND/thùng,Tính toán,D,2026-10-10
2013-01-07,2.34294172,triệu VND/thùng,Tính toán,D,2026-10-10
2013-01-08,2.35418884,triệu VND/thùng,Tính toán,D,2026-10-10
2013-01-09,2.3550219599999997,triệu VND/thùng,Tính toán,D,2026-10-10
2013-01-10,2.35293916,triệu VND/thùng,Tính toán,D,2026-10-10
2013-01-14,2.31857296,triệu VND/thùng,Tính toán,D,2026-10-10
2013-01-15,2.32690416,triệu VND/thùng,Tính toán,D,2026-10-10
2013-01-16,2.31128316,triệu VND/thùng,Tính toán,D,2026-10-10
2013-01-17,2.31211628,triệu VND/thùng,Tính toán,D,2026-10-10
2013-01-18,2.32669588,triệu VND/thùng,Tính toán,D,2026-10-10
2013-01-22,2.34773216,triệu VND/thùng,Tính toán,D,2026-10-10
2013-01-23,2.36772704,triệu VND/thùng,Tính toán,D,2026-10-10
2013-01-24,2.38668052,triệu VND/thùng,Tính toán,D,2026-10-10
2013-01-25,2.37189264,triệu VND/thùng,Tính toán,D,2026-10-10
2013-01-28,2.3727257600000002,triệu VND/thùng,Tính toán,D,2026-10-10
2013-01-29,2.39980216,triệu VND/thùng,Tính toán,D,2026-10-10
2013-01-30,2.40396776,triệu VND/thùng,Tính toán,D,2026-10-10
2013-01-31,2.4066753999999997,triệu VND/thùng,Tính toán,D,2026-10-10
2013-02-01,2.4066753999999997,triệu VND/thùng,Tính toán,D,2026-10-10
2013-02-06,2.42875308,triệu VND/thùng,Tính toán,D,2026-10-10
2013-02-07,2.44041676,triệu VND/thùng,Tính toán,D,2026-10-10
2013-02-08,2.4764492000000002,triệu VND/thùng,Tính toán,D,2026-10-10
2013-02-13,2.46666004,triệu VND/thùng,Tính toán,D,2026-10-10
2013-02-14,2.46770144,triệu VND/thùng,Tính toán,D,2026-10-10
2013-02-15,2.4452072,triệu VND/thùng,Tính toán,D,2026-10-10
2013-02-19,2.43770912,triệu VND/thùng,Tính toán,D,2026-10-10
2013-02-20,2.42083844,triệu VND/thùng,Tính toán,D,2026-10-10
2013-02-21,2.37834932,triệu VND/thùng,Tính toán,D,2026-10-10
2013-02-22,2.3689767199999996,triệu VND/thùng,Tính toán,D,2026-10-10
2013-02-25,2.3858474,triệu VND/thùng,Tính toán,D,2026-10-10
2013-02-26,2.3527308799999997,triệu VND/thùng,Tính toán,D,2026-10-10
2013-02-27,2.33773472,triệu VND/thùng,Tính toán,D,2026-10-10
2013-02-28,2.3369016,triệu VND/thùng,Tính toán,D,2026-10-10
2013-03-01,2.29399592,triệu VND/thùng,Tính toán,D,2026-10-10
2013-03-04,2.2889972000000003,triệu VND/thùng,Tính toán,D,2026-10-10
2013-03-05,2.2998277600000003,triệu VND/thùng,Tính toán,D,2026-10-10
2013-03-06,2.29670356,triệu VND/thùng,Tính toán,D,2026-10-10
2013-03-07,2.2998277600000003,triệu VND/thùng,Tính toán,D,2026-10-10
2013-03-11,2.2627539199999998,triệu VND/thùng,Tính toán,D,2026-10-10
2013-03-12,2.2594214399999997,triệu VND/thùng,Tính toán,D,2026-10-10
2013-03-13,2.2392182800000002,triệu VND/thùng,Tính toán,D,2026-10-10
2013-03-14,2.2515067999999996,triệu VND/thùng,Tính toán,D,2026-10-10
2013-03-15,2.27691696,triệu VND/thùng,Tính toán,D,2026-10-10
2013-03-18,2.26067112,triệu VND/thùng,Tính toán,D,2026-10-10
2013-03-19,2.2267214799999997,triệu VND/thùng,Tính toán,D,2026-10-10
2013-03-20,2.25504756,triệu VND/thùng,Tính toán,D,2026-10-10
2013-03-21,2.2163074799999998,triệu VND/thùng,Tính toán,D,2026-10-10
2013-03-22,2.2183902800000004,triệu VND/thùng,Tính toán,D,2026-10-10
2013-03-26,2.2306787999999997,triệu VND/thùng,Tính toán,D,2026-10-10
2013-03-27,2.26004628,triệu VND/thùng,Tính toán,D,2026-10-10
2013-03-28,2.25900488,triệu VND/thùng,Tính toán,D,2026-10-10
2013-04-01,2.26525328,triệu VND/thùng,Tính toán,D,2026-10-10
2013-04-02,2.2839984799999997,triệu VND/thùng,Tính toán,D,2026-10-10
2013-04-03,2.2456749599999997,triệu VND/thùng,Tính toán,D,2026-10-10
2013-04-04,2.1888145199999998,triệu VND/thùng,Tính toán,D,2026-10-10
2013-04-05,2.16569544,triệu VND/thùng,Tính toán,D,2026-10-10
2013-04-10,2.1827744,triệu VND/thùng,Tính toán,D,2026-10-10
2013-04-11,2.15819736,triệu VND/thùng,Tính toán,D,2026-10-10
2013-04-12,2.0948802399999997,triệu VND/thùng,Tính toán,D,2026-10-10
2013-04-15,2.06863696,triệu VND/thùng,Tính toán,D,2026-10-10
2013-04-16,2.03864464,triệu VND/thùng,Tính toán,D,2026-10-10
2013-04-17,2.01698352,triệu VND/thùng,Tính toán,D,2026-10-10
2013-04-18,2.03031344,triệu VND/thùng,Tính toán,D,2026-10-10
2013-04-19,2.06072232,triệu VND/thùng,Tính toán,D,2026-10-10
2013-04-22,2.0634299599999997,triệu VND/thùng,Tính toán,D,2026-10-10
2013-04-23,2.067179,triệu VND/thùng,Tính toán,D,2026-10-10
2013-04-24,2.09758788,triệu VND/thùng,Tính toán,D,2026-10-10
2013-04-25,2.11654136,triệu VND/thùng,Tính toán,D,2026-10-10
2013-04-26,2.13257892,triệu VND/thùng,Tính toán,D,2026-10-10
2013-04-29,2.14278464,triệu VND/thùng,Tính toán,D,2026-10-10
2013-04-30,2.11466684,triệu VND/thùng,Tính toán,D,2026-10-10
2013-05-02,2.08946496,triệu VND/thùng,Tính toán,D,2026-10-10
2013-05-03,2.1786087999999997,triệu VND/thùng,Tính toán,D,2026-10-10
2013-05-06,2.18694,triệu VND/thùng,Tính toán,D,2026-10-10
2013-05-07,2.19068904,triệu VND/thùng,Tính toán,D,2026-10-10
2013-05-10,2.11008468,triệu VND/thùng,Tính toán,D,2026-10-10
2013-05-13,2.1279967600000003,triệu VND/thùng,Tính toán,D,2026-10-10
2013-05-14,2.1390356,triệu VND/thùng,Tính toán,D,2026-10-10
2013-05-15,2.1154999599999997,triệu VND/thùng,Tính toán,D,2026-10-10
2013-05-16,2.17173556,triệu VND/thùng,Tính toán,D,2026-10-10
2013-05-17,2.1625712399999997,triệu VND/thùng,Tính toán,D,2026-10-10
2013-05-20,2.1775673999999996,triệu VND/thùng,Tính toán,D,2026-10-10
2013-05-21,2.1473668,triệu VND/thùng,Tính toán,D,2026-10-10
2013-05-22,2.12737192,triệu VND/thùng,Tính toán,D,2026-10-10
2013-05-23,2.09238088,triệu VND/thùng,Tính toán,D,2026-10-10
2013-05-24,2.1086267199999997,triệu VND/thùng,Tính toán,D,2026-10-10
2013-05-28,2.1613215599999998,triệu VND/thùng,Tính toán,D,2026-10-10
2013-05-29,2.12737192,triệu VND/thùng,Tính toán,D,2026-10-10
2013-05-30,2.12008212,triệu VND/thùng,Tính toán,D,2026-10-10
2013-05-31,2.09175604,triệu VND/thùng,Tính toán,D,2026-10-10
2013-06-03,2.11674964,triệu VND/thùng,Tính toán,D,2026-10-10
2013-06-04,2.12528912,triệu VND/thùng,Tính toán,D,2026-10-10
2013-06-05,2.15590628,triệu VND/thùng,Tính toán,D,2026-10-10
2013-06-06,2.15299036,triệu VND/thùng,Tính toán,D,2026-10-10
2013-06-10,2.16340436,triệu VND/thùng,Tính toán,D,2026-10-10
2013-06-11,2.114042,triệu VND/thùng,Tính toán,D,2026-10-10
2013-06-12,2.14757508,triệu VND/thùng,Tính toán,D,2026-10-10
2013-06-13,2.15319864,triệu VND/thùng,Tính toán,D,2026-10-10
2013-06-14,2.1890227999999996,triệu VND/thùng,Tính toán,D,2026-10-10
2013-06-17,2.2036024,triệu VND/thùng,Tính toán,D,2026-10-10
2013-06-18,2.1913138799999996,triệu VND/thùng,Tính toán,D,2026-10-10
2013-06-19,2.19860368,triệu VND/thùng,Tính toán,D,2026-10-10
2013-06-20,2.1394521600000003,triệu VND/thùng,Tính toán,D,2026-10-10
2013-06-21,2.09029808,triệu VND/thùng,Tính toán,D,2026-10-10
2013-06-24,2.0786344,triệu VND/thùng,Tính toán,D,2026-10-10
2013-06-25,2.1142502800000003,triệu VND/thùng,Tính toán,D,2026-10-10
2013-06-26,2.09571336,triệu VND/thùng,Tính toán,D,2026-10-10
2013-06-27,2.1398687199999995,triệu VND/thùng,Tính toán,D,2026-10-10
2013-06-28,2.1559796399999995,triệu VND/thùng,Tính toán,D,2026-10-10
2013-07-01,2.17070484,triệu VND/thùng,Tính toán,D,2026-10-10
2013-07-02,2.18690256,triệu VND/thùng,Tính toán,D,2026-10-10
2013-07-03,2.23234032,triệu VND/thùng,Tính toán,D,2026-10-10
2013-07-05,2.26052856,triệu VND/thùng,Tính toán,D,2026-10-10
2013-07-09,2.2697844,triệu VND/thùng,Tính toán,D,2026-10-10
2013-07-10,2.28093348,triệu VND/thùng,Tính toán,D,2026-10-10
2013-07-11,2.2756744799999997,triệu VND/thùng,Tính toán,D,2026-10-10
2013-07-12,2.29355508,triệu VND/thùng,Tính toán,D,2026-10-10
2013-07-15,2.2939757999999997,triệu VND/thùng,Tính toán,D,2026-10-10
2013-07-16,2.2990244399999997,triệu VND/thùng,Tính toán,D,2026-10-10
2013-07-17,2.30701812,triệu VND/thùng,Tính toán,D,2026-10-10
2013-07-18,2.30785956,triệu VND/thùng,Tính toán,D,2026-10-10
2013-07-19,2.30007624,triệu VND/thùng,Tính toán,D,2026-10-10
2013-07-22,2.2891375199999997,triệu VND/thùng,Tính toán,D,2026-10-10
2013-07-23,2.2986037199999996,triệu VND/thùng,Tính toán,D,2026-10-10
2013-07-24,2.27672628,triệu VND/thùng,Tính toán,D,2026-10-10
2013-07-25,2.2739916,triệu VND/thùng,Tính toán,D,2026-10-10
2013-07-26,2.26284252,triệu VND/thùng,Tính toán,D,2026-10-10
2013-07-29,2.2739916,triệu VND/thùng,Tính toán,D,2026-10-10
2013-07-30,2.2607389199999997,triệu VND/thùng,Tính toán,D,2026-10-10
2013-07-31,2.2695740399999997,triệu VND/thùng,Tính toán,D,2026-10-10
2013-08-01,2.31269784,triệu VND/thùng,Tính toán,D,2026-10-10
2013-08-02,2.3061766799999996,triệu VND/thùng,Tính toán,D,2026-10-10
2013-08-07,2.28009204,triệu VND/thùng,Tính toán,D,2026-10-10
2013-08-08,2.25758352,triệu VND/thùng,Tính toán,D,2026-10-10
2013-08-09,2.2821956399999994,triệu VND/thùng,Tính toán,D,2026-10-10
2013-08-12,2.29881408,triệu VND/thùng,Tính toán,D,2026-10-10
2013-08-13,2.3284748399999997,triệu VND/thùng,Tính toán,D,2026-10-10
2013-08-15,2.34719688,triệu VND/thùng,Tính toán,D,2026-10-10
2013-08-16,2.35224552,triệu VND/thùng,Tính toán,D,2026-10-10
2013-08-19,2.34362076,triệu VND/thùng,Tính toán,D,2026-10-10
2013-08-20,2.3295266399999996,triệu VND/thùng,Tính toán,D,2026-10-10
2013-08-21,2.33120952,triệu VND/thùng,Tính toán,D,2026-10-10
2013-08-22,2.32468836,triệu VND/thùng,Tính toán,D,2026-10-10
2013-08-23,2.3585563200000004,triệu VND/thùng,Tính toán,D,2026-10-10
2013-08-26,2.3608702800000003,triệu VND/thùng,Tính toán,D,2026-10-10
2013-08-27,2.42355756,triệu VND/thùng,Tính toán,D,2026-10-10
2013-08-28,2.4458557199999995,triệu VND/thùng,Tính toán,D,2026-10-10
2013-08-29,2.4593187599999995,triệu VND/thùng,Tính toán,D,2026-10-10
2013-08-30,2.43954492,triệu VND/thùng,Tính toán,D,2026-10-10
2013-09-03,2.4294476399999994,triệu VND/thùng,Tính toán,D,2026-10-10
2013-09-06,2.4643674,triệu VND/thùng,Tính toán,D,2026-10-10
2013-09-09,2.4233472000000003,triệu VND/thùng,Tính toán,D,2026-10-10
2013-09-10,2.3581355999999998,triệu VND/thùng,Tính toán,D,2026-10-10
2013-09-11,2.36381532,triệu VND/thùng,Tính toán,D,2026-10-10
2013-09-12,2.37938196,triệu VND/thùng,Tính toán,D,2026-10-10
2013-09-13,2.38358916,triệu VND/thùng,Tính toán,D,2026-10-10
2013-09-16,2.3320509599999997,triệu VND/thùng,Tính toán,D,2026-10-10
2013-09-17,2.2939757999999997,triệu VND/thùng,Tính toán,D,2026-10-10
2013-09-18,2.29481724,triệu VND/thùng,Tính toán,D,2026-10-10
2013-09-19,2.3278437599999995,triệu VND/thùng,Tính toán,D,2026-10-10
2013-09-20,2.3185879199999997,triệu VND/thùng,Tính toán,D,2026-10-10
2013-09-23,2.28366816,triệu VND/thùng,Tính toán,D,2026-10-10
2013-09-24,2.26515648,triệu VND/thùng,Tính toán,D,2026-10-10
2013-09-25,2.30260056,triệu VND/thùng,Tính toán,D,2026-10-10
2013-09-26,2.28997896,triệu VND/thùng,Tính toán,D,2026-10-10
2013-09-27,2.3023902,triệu VND/thùng,Tính toán,D,2026-10-10
2013-09-30,2.2687326,triệu VND/thùng,Tính toán,D,2026-10-10
2013-10-01,2.25758352,triệu VND/thùng,Tính toán,D,2026-10-10
2013-10-02,2.29481724,triệu VND/thùng,Tính toán,D,2026-10-10
2013-10-07,2.30680776,triệu VND/thùng,Tính toán,D,2026-10-10
2013-10-08,2.32574016,triệu VND/thùng,Tính toán,D,2026-10-10
2013-10-09,2.2933447199999994,triệu VND/thùng,Tính toán,D,2026-10-10
2013-10-10,2.3482486799999998,triệu VND/thùng,Tính toán,D,2026-10-10
2013-10-11,2.3276334,triệu VND/thùng,Tính toán,D,2026-10-10
2013-10-14,2.3166946799999995,triệu VND/thùng,Tính toán,D,2026-10-10
2013-10-15,2.32805412,triệu VND/thùng,Tính toán,D,2026-10-10
2013-10-16,2.33057844,triệu VND/thùng,Tính toán,D,2026-10-10
2013-10-17,2.3044938,triệu VND/thùng,Tính toán,D,2026-10-10
2013-10-18,2.3013383999999997,triệu VND/thùng,Tính toán,D,2026-10-10
2013-10-21,2.3028109199999998,triệu VND/thùng,Tính toán,D,2026-10-10
2013-10-22,2.30491452,triệu VND/thùng,Tính toán,D,2026-10-10
2013-10-23,2.2664186399999995,triệu VND/thùng,Tính toán,D,2026-10-10
2013-10-24,2.2430686799999995,triệu VND/thùng,Tính toán,D,2026-10-10
2013-10-25,2.2235052,triệu VND/thùng,Tính toán,D,2026-10-10
2013-10-28,2.2779884399999997,triệu VND/thùng,Tính toán,D,2026-10-10
2013-10-29,2.27272944,triệu VND/thùng,Tính toán,D,2026-10-10
2013-10-30,2.2805127599999997,triệu VND/thùng,Tính toán,D,2026-10-10
2013-10-31,2.26200108,triệu VND/thùng,Tính toán,D,2026-10-10
2013-11-04,2.2056246,triệu VND/thùng,Tính toán,D,2026-10-10
2013-11-05,2.20899036,triệu VND/thùng,Tính toán,D,2026-10-10
2013-11-06,2.21845656,triệu VND/thùng,Tính toán,D,2026-10-10
2013-11-07,2.1683908799999996,triệu VND/thùng,Tính toán,D,2026-10-10
2013-11-08,2.19384444,triệu VND/thùng,Tính toán,D,2026-10-10
2013-11-11,2.2247673600000004,triệu VND/thùng,Tính toán,D,2026-10-10
2013-11-12,2.23591644,triệu VND/thùng,Tính toán,D,2026-10-10
2013-11-13,2.2487483999999998,triệu VND/thùng,Tính toán,D,2026-10-10
2013-11-14,2.2779884399999997,triệu VND/thùng,Tính toán,D,2026-10-10
2013-11-15,2.277147,triệu VND/thùng,Tính toán,D,2026-10-10
2013-11-18,2.2887167999999996,triệu VND/thùng,Tính toán,D,2026-10-10
2013-11-19,2.2779884399999997,triệu VND/thùng,Tính toán,D,2026-10-10
2013-11-20,2.2775677199999995,triệu VND/thùng,Tính toán,D,2026-10-10
2013-11-21,2.3118564,triệu VND/thùng,Tính toán,D,2026-10-10
2013-11-22,2.34256896,triệu VND/thùng,Tính toán,D,2026-10-10
2013-11-25,2.33141988,triệu VND/thùng,Tính toán,D,2026-10-10
2013-11-26,2.3568734399999998,triệu VND/thùng,Tính toán,D,2026-10-10
2013-11-27,2.34172752,triệu VND/thùng,Tính toán,D,2026-10-10
2013-11-29,2.33646852,triệu VND/thùng,Tính toán,D,2026-10-10
2013-12-03,2.37833016,triệu VND/thùng,Tính toán,D,2026-10-10
2013-12-04,2.38274772,triệu VND/thùng,Tính toán,D,2026-10-10
2013-12-05,2.35750452,triệu VND/thùng,Tính toán,D,2026-10-10
2013-12-06,2.345514,triệu VND/thùng,Tính toán,D,2026-10-10
2013-12-09,2.31543252,triệu VND/thùng,Tính toán,D,2026-10-10
2013-12-10,2.2910307599999995,triệu VND/thùng,Tính toán,D,2026-10-10
2013-12-11,2.3028109199999998,triệu VND/thùng,Tính toán,D,2026-10-10
2013-12-12,2.2927136399999997,triệu VND/thùng,Tính toán,D,2026-10-10
2013-12-13,2.27357088,triệu VND/thùng,Tính toán,D,2026-10-10
2013-12-16,2.3202708,triệu VND/thùng,Tính toán,D,2026-10-10
2013-12-17,2.2910307599999995,triệu VND/thùng,Tính toán,D,2026-10-10
2013-12-18,2.30470416,triệu VND/thùng,Tính toán,D,2026-10-10
2013-12-19,2.33036808,triệu VND/thùng,Tính toán,D,2026-10-10
2013-12-20,2.3591873999999997,triệu VND/thùng,Tính toán,D,2026-10-10
2013-12-23,2.34719688,triệu VND/thùng,Tính toán,D,2026-10-10
2013-12-24,2.3469865199999997,triệu VND/thùng,Tính toán,D,2026-10-10
2013-12-26,2.3486694,triệu VND/thùng,Tính toán,D,2026-10-10
2013-12-30,2.32384692,triệu VND/thùng,Tính toán,D,2026-10-10
2013-12-31,2.3129082000000003,triệu VND/thùng,Tính toán,D,2026-10-10
2014-01-03,2.24180652,triệu VND/thùng,Tính toán,D,2026-10-10
2014-01-06,2.24475156,triệu VND/thùng,Tính toán,D,2026-10-10
2014-01-07,2.25106236,triệu VND/thùng,Tính toán,D,2026-10-10
2014-01-08,2.25968712,triệu VND/thùng,Tính toán,D,2026-10-10
2014-01-09,2.2611596399999994,triệu VND/thùng,Tính toán,D,2026-10-10
2014-01-10,2.23907184,triệu VND/thùng,Tính toán,D,2026-10-10
2014-01-13,2.27230872,triệu VND/thùng,Tính toán,D,2026-10-10
2014-01-14,2.25337632,triệu VND/thùng,Tính toán,D,2026-10-10
2014-01-15,2.27378124,triệu VND/thùng,Tính toán,D,2026-10-10
2014-01-16,2.26052856,triệu VND/thùng,Tính toán,D,2026-10-10
2014-01-17,2.2813542,triệu VND/thùng,Tính toán,D,2026-10-10
2014-01-20,2.27209836,triệu VND/thùng,Tính toán,D,2026-10-10
2014-01-21,2.29650012,triệu VND/thùng,Tính toán,D,2026-10-10
2014-01-22,2.3074388399999997,triệu VND/thùng,Tính toán,D,2026-10-10
2014-01-23,2.3074388399999997,triệu VND/thùng,Tính toán,D,2026-10-10
2014-01-24,2.29586904,triệu VND/thùng,Tính toán,D,2026-10-10
2014-01-27,2.28703392,triệu VND/thùng,Tính toán,D,2026-10-10
2014-01-28,2.2950276,triệu VND/thùng,Tính toán,D,2026-10-10
2014-01-29,2.28934788,triệu VND/thùng,Tính toán,D,2026-10-10
2014-02-05,2.24685516,triệu VND/thùng,Tính toán,D,2026-10-10
2014-02-06,2.2750434,triệu VND/thùng,Tính toán,D,2026-10-10
2014-02-07,2.3164843200000003,triệu VND/thùng,Tính toán,D,2026-10-10
2014-02-10,2.31774648,triệu VND/thùng,Tính toán,D,2026-10-10
2014-02-11,2.29734156,triệu VND/thùng,Tính toán,D,2026-10-10
2014-02-12,2.2849303200000004,triệu VND/thùng,Tính toán,D,2026-10-10
2014-02-13,2.29250328,triệu VND/thùng,Tính toán,D,2026-10-10
2014-02-14,2.2851406799999996,triệu VND/thùng,Tính toán,D,2026-10-10
2014-02-18,2.31690504,triệu VND/thùng,Tính toán,D,2026-10-10
2014-02-19,2.3217433200000004,triệu VND/thùng,Tính toán,D,2026-10-10
2014-02-20,2.30175912,triệu VND/thùng,Tính toán,D,2026-10-10
2014-02-21,2.29355508,triệu VND/thùng,Tính toán,D,2026-10-10
2014-02-24,2.30891136,triệu VND/thùng,Tính toán,D,2026-10-10
2014-02-25,2.29692084,triệu VND/thùng,Tính toán,D,2026-10-10
2014-02-26,2.30112804,triệu VND/thùng,Tính toán,D,2026-10-10
2014-02-27,2.28324744,triệu VND/thùng,Tính toán,D,2026-10-10
2014-02-28,2.29250328,triệu VND/thùng,Tính toán,D,2026-10-10
2014-03-03,2.34046536,triệu VND/thùng,Tính toán,D,2026-10-10
2014-03-04,2.29650012,triệu VND/thùng,Tính toán,D,2026-10-10
2014-03-05,2.2750434,triệu VND/thùng,Tính toán,D,2026-10-10
2014-03-06,2.2716776399999996,triệu VND/thùng,Tính toán,D,2026-10-10
2014-03-07,2.29586904,triệu VND/thùng,Tính toán,D,2026-10-10
2014-03-10,2.2775677199999995,triệu VND/thùng,Tính toán,D,2026-10-10
2014-03-11,2.2792506,triệu VND/thùng,Tính toán,D,2026-10-10
2014-03-14,2.27357088,triệu VND/thùng,Tính toán,D,2026-10-10
2014-03-17,2.2506416399999996,triệu VND/thùng,Tính toán,D,2026-10-10
2014-03-18,2.24643444,triệu VND/thùng,Tính toán,D,2026-10-10
2014-03-19,2.2287642,triệu VND/thùng,Tính toán,D,2026-10-10
2014-03-20,2.22413628,triệu VND/thùng,Tính toán,D,2026-10-10
2014-03-21,2.2550592000000003,triệu VND/thùng,Tính toán,D,2026-10-10
2014-03-24,2.24222724,triệu VND/thùng,Tính toán,D,2026-10-10
2014-03-25,2.25106236,triệu VND/thùng,Tính toán,D,2026-10-10
2014-03-26,2.2277123999999997,triệu VND/thùng,Tính toán,D,2026-10-10
2014-03-27,2.24201688,triệu VND/thùng,Tính toán,D,2026-10-10
2014-03-28,2.24327904,triệu VND/thùng,Tính toán,D,2026-10-10
2014-03-31,2.2287642,triệu VND/thùng,Tính toán,D,2026-10-10
2014-04-01,2.2235052,triệu VND/thùng,Tính toán,D,2026-10-10
2014-04-02,2.17449132,triệu VND/thùng,Tính toán,D,2026-10-10
2014-04-03,2.2062556799999995,triệu VND/thùng,Tính toán,D,2026-10-10
2014-04-04,2.2384407599999996,triệu VND/thùng,Tính toán,D,2026-10-10
2014-04-07,2.20646604,triệu VND/thùng,Tính toán,D,2026-10-10
2014-04-08,2.2262398799999996,triệu VND/thùng,Tính toán,D,2026-10-10
2014-04-09,2.25905604,triệu VND/thùng,Tính toán,D,2026-10-10
2014-04-14,2.26515648,triệu VND/thùng,Tính toán,D,2026-10-10
2014-04-15,2.2950276,triệu VND/thùng,Tính toán,D,2026-10-10
2014-04-16,2.30785956,triệu VND/thùng,Tính toán,D,2026-10-10
2014-04-17,2.30954244,triệu VND/thùng,Tính toán,D,2026-10-10
2014-04-21,2.3074388399999997,triệu VND/thùng,Tính toán,D,2026-10-10
2014-04-22,2.28324744,triệu VND/thùng,Tính toán,D,2026-10-10
2014-04-23,2.2819852800000002,triệu VND/thùng,Tính toán,D,2026-10-10
2014-04-24,2.30954244,triệu VND/thùng,Tính toán,D,2026-10-10
2014-04-25,2.3040730799999998,triệu VND/thùng,Tính toán,D,2026-10-10
2014-04-28,2.29544832,triệu VND/thùng,Tính toán,D,2026-10-10
2014-04-29,2.31164604,triệu VND/thùng,Tính toán,D,2026-10-10
2014-04-30,2.2851406799999996,triệu VND/thùng,Tính toán,D,2026-10-10
2014-05-02,2.3030212800000003,triệu VND/thùng,Tính toán,D,2026-10-10
2014-05-05,2.3030212800000003,triệu VND/thùng,Tính toán,D,2026-10-10
2014-05-06,2.2781987999999997,triệu VND/thùng,Tính toán,D,2026-10-10
2014-05-07,2.27546412,triệu VND/thùng,Tính toán,D,2026-10-10
2014-05-08,2.27588484,triệu VND/thùng,Tính toán,D,2026-10-10
2014-05-09,2.2773573600000003,triệu VND/thùng,Tính toán,D,2026-10-10
2014-05-13,2.28829608,triệu VND/thùng,Tính toán,D,2026-10-10
2014-05-14,2.31122532,triệu VND/thùng,Tính toán,D,2026-10-10
2014-05-15,2.3084906399999996,triệu VND/thùng,Tính toán,D,2026-10-10
2014-05-16,2.3328924,triệu VND/thùng,Tính toán,D,2026-10-10
2014-05-19,2.33163024,triệu VND/thùng,Tính toán,D,2026-10-10
2014-05-20,2.3213226,triệu VND/thùng,Tính toán,D,2026-10-10
2014-05-21,2.34172752,triệu VND/thùng,Tính toán,D,2026-10-10
2014-05-22,2.33268204,triệu VND/thùng,Tính toán,D,2026-10-10
2014-05-23,2.31795684,triệu VND/thùng,Tính toán,D,2026-10-10
2014-05-26,2.3141703600000003,triệu VND/thùng,Tính toán,D,2026-10-10
2014-05-27,2.30996316,triệu VND/thùng,Tính toán,D,2026-10-10
2014-05-28,2.29481724,triệu VND/thùng,Tính toán,D,2026-10-10
2014-05-29,2.31353928,triệu VND/thùng,Tính toán,D,2026-10-10
2014-05-30,2.29734156,triệu VND/thùng,Tính toán,D,2026-10-10
2014-06-02,2.30007624,triệu VND/thùng,Tính toán,D,2026-10-10
2014-06-03,2.29018932,triệu VND/thùng,Tính toán,D,2026-10-10
2014-06-04,2.29439652,triệu VND/thùng,Tính toán,D,2026-10-10
2014-06-05,2.28093348,triệu VND/thùng,Tính toán,D,2026-10-10
2014-06-06,2.29734156,triệu VND/thùng,Tính toán,D,2026-10-10
2014-06-11,2.31038388,triệu VND/thùng,Tính toán,D,2026-10-10
2014-06-12,2.35981848,triệu VND/thùng,Tính toán,D,2026-10-10
2014-06-13,2.3802233999999998,triệu VND/thùng,Tính toán,D,2026-10-10
2014-06-16,2.38590312,triệu VND/thùng,Tính toán,D,2026-10-10
2014-06-17,2.3985247199999997,triệu VND/thùng,Tính toán,D,2026-10-10
2014-06-18,2.4033629999999997,triệu VND/thùng,Tính toán,D,2026-10-10
2014-06-19,2.44732674,triệu VND/thùng,Tính toán,D,2026-10-10
2014-06-20,2.4337292999999995,triệu VND/thùng,Tính toán,D,2026-10-10
2014-06-23,2.41397052,triệu VND/thùng,Tính toán,D,2026-10-10
2014-06-24,2.41652004,triệu VND/thùng,Tính toán,D,2026-10-10
2014-06-25,2.39739864,triệu VND/thùng,Tính toán,D,2026-10-10
2014-06-26,2.39251206,triệu VND/thùng,Tính toán,D,2026-10-10
2014-06-27,2.39272452,triệu VND/thùng,Tính toán,D,2026-10-10
2014-06-30,2.35894338,triệu VND/thùng,Tính toán,D,2026-10-10
2014-07-01,2.35490664,triệu VND/thùng,Tính toán,D,2026-10-10
2014-07-02,2.34088428,triệu VND/thùng,Tính toán,D,2026-10-10
2014-07-03,2.31538908,triệu VND/thùng,Tính toán,D,2026-10-10
2014-07-07,2.3094402,triệu VND/thùng,Tính toán,D,2026-10-10
2014-07-10,2.2563252,triệu VND/thùng,Tính toán,D,2026-10-10
2014-07-11,2.2471894199999998,triệu VND/thùng,Tính toán,D,2026-10-10
2014-07-14,2.22509358,triệu VND/thùng,Tính toán,D,2026-10-10
2014-07-15,2.22509358,triệu VND/thùng,Tính toán,D,2026-10-10
2014-07-16,2.23954086,triệu VND/thùng,Tính toán,D,2026-10-10
2014-07-17,2.25292584,triệu VND/thùng,Tính toán,D,2026-10-10
2014-07-18,2.25271338,triệu VND/thùng,Tính toán,D,2026-10-10
2014-07-21,2.2459146599999995,triệu VND/thùng,Tính toán,D,2026-10-10
2014-07-22,2.26227408,triệu VND/thùng,Tính toán,D,2026-10-10
2014-07-23,2.2701351,triệu VND/thùng,Tính toán,D,2026-10-10
2014-07-24,2.24740188,triệu VND/thùng,Tính toán,D,2026-10-10
2014-07-25,2.27098494,triệu VND/thùng,Tính toán,D,2026-10-10
2014-07-28,2.2669482000000003,triệu VND/thùng,Tính toán,D,2026-10-10
2014-07-29,2.27289708,triệu VND/thùng,Tính toán,D,2026-10-10
2014-07-30,2.26206162,triệu VND/thùng,Tính toán,D,2026-10-10
2014-07-31,2.22955524,triệu VND/thùng,Tính toán,D,2026-10-10
2014-08-01,2.1978987,triệu VND/thùng,Tính toán,D,2026-10-10
2014-08-04,2.20172298,triệu VND/thùng,Tính toán,D,2026-10-10
2014-08-05,2.1845137199999995,triệu VND/thùng,Tính toán,D,2026-10-10
2014-08-08,2.19598656,triệu VND/thùng,Tính toán,D,2026-10-10
2014-08-11,2.19832362,triệu VND/thùng,Tính toán,D,2026-10-10
2014-08-12,2.1602932800000003,triệu VND/thùng,Tính toán,D,2026-10-10
2014-08-13,2.1728284199999996,triệu VND/thùng,Tính toán,D,2026-10-10
2014-08-14,2.1490329,triệu VND/thùng,Tính toán,D,2026-10-10
2014-08-15,2.14860798,triệu VND/thùng,Tính toán,D,2026-10-10
2014-08-18,2.11121502,triệu VND/thùng,Tính toán,D,2026-10-10
2014-08-19,2.11907604,triệu VND/thùng,Tính toán,D,2026-10-10
2014-08-20,2.12290032,triệu VND/thùng,Tính toán,D,2026-10-10
2014-08-21,2.1305488799999996,triệu VND/thùng,Tính toán,D,2026-10-10
2014-08-22,2.12651214,triệu VND/thùng,Tính toán,D,2026-10-10
2014-08-25,2.13501054,triệu VND/thùng,Tính toán,D,2026-10-10
2014-08-26,2.135223,triệu VND/thùng,Tính toán,D,2026-10-10
2014-08-27,2.1330983999999997,triệu VND/thùng,Tính toán,D,2026-10-10
2014-08-28,2.1396846599999995,triệu VND/thùng,Tính toán,D,2026-10-10
2014-08-29,2.14839552,triệu VND/thùng,Tính toán,D,2026-10-10
2014-09-02,2.1290616599999996,triệu VND/thùng,Tính toán,D,2026-10-10
2014-09-03,2.14329648,triệu VND/thùng,Tính toán,D,2026-10-10
2014-09-08,2.11461438,triệu VND/thùng,Tính toán,D,2026-10-10
2014-09-09,2.08380768,triệu VND/thùng,Tính toán,D,2026-10-10
2014-09-10,2.04513996,triệu VND/thùng,Tính toán,D,2026-10-10
2014-09-11,2.04853932,triệu VND/thùng,Tính toán,D,2026-10-10
2014-09-12,2.04620226,triệu VND/thùng,Tính toán,D,2026-10-10
2014-09-15,2.0487517800000004,triệu VND/thùng,Tính toán,D,2026-10-10
2014-09-16,2.0691479399999997,triệu VND/thùng,Tính toán,D,2026-10-10
2014-09-17,2.0757342,triệu VND/thùng,Tính toán,D,2026-10-10
2014-09-18,2.05703772,triệu VND/thùng,Tính toán,D,2026-10-10
2014-09-19,2.0555505,triệu VND/thùng,Tính toán,D,2026-10-10
2014-09-22,2.02623102,triệu VND/thùng,Tính toán,D,2026-10-10
2014-09-23,2.0156080199999997,triệu VND/thùng,Tính toán,D,2026-10-10
2014-09-24,2.00838438,triệu VND/thùng,Tính toán,D,2026-10-10
2014-09-26,2.0200696799999998,triệu VND/thùng,Tính toán,D,2026-10-10
2014-09-29,2.0332421999999997,triệu VND/thùng,Tính toán,D,2026-10-10
2014-09-30,2.01135882,triệu VND/thùng,Tính toán,D,2026-10-10
2014-10-01,2.0092342199999997,triệu VND/thùng,Tính toán,D,2026-10-10
2014-10-02,1.93954734,triệu VND/thùng,Tính toán,D,2026-10-10
2014-10-03,1.9291368,triệu VND/thùng,Tính toán,D,2026-10-10
2014-10-07,1.9312614000000001,triệu VND/thùng,Tính toán,D,2026-10-10
2014-10-08,1.9174514999999999,triệu VND/thùng,Tính toán,D,2026-10-10
2014-10-09,1.9221256199999999,triệu VND/thùng,Tính toán,D,2026-10-10
2014-10-10,1.8836703599999998,triệu VND/thùng,Tính toán,D,2026-10-10
2014-10-13,1.8658237199999996,triệu VND/thùng,Tính toán,D,2026-10-10
2014-10-15,1.7850889199999997,triệu VND/thùng,Tính toán,D,2026-10-10
2014-10-16,1.7850889199999997,triệu VND/thùng,Tính toán,D,2026-10-10
2014-10-17,1.8116464199999998,triệu VND/thùng,Tính toán,D,2026-10-10
2014-10-20,1.7935873199999999,triệu VND/thùng,Tính toán,D,2026-10-10
2014-10-21,1.80952182,triệu VND/thùng,Tính toán,D,2026-10-10
2014-10-22,1.83522948,triệu VND/thùng,Tính toán,D,2026-10-10
2014-10-23,1.82588124,triệu VND/thùng,Tính toán,D,2026-10-10
2014-10-24,1.827156,triệu VND/thùng,Tính toán,D,2026-10-10
2014-10-27,1.8195074399999998,triệu VND/thùng,Tính toán,D,2026-10-10
2014-10-28,1.8180202199999997,triệu VND/thùng,Tính toán,D,2026-10-10
2014-10-29,1.8464898599999997,triệu VND/thùng,Tính toán,D,2026-10-10
2014-10-30,1.816533,triệu VND/thùng,Tính toán,D,2026-10-10
2014-10-31,1.78827582,triệu VND/thùng,Tính toán,D,2026-10-10
2014-11-05,1.7608684799999998,triệu VND/thùng,Tính toán,D,2026-10-10
2014-11-06,1.7438716799999998,triệu VND/thùng,Tính toán,D,2026-10-10
2014-11-07,1.7676671999999998,triệu VND/thùng,Tính toán,D,2026-10-10
2014-11-10,1.7612934,triệu VND/thùng,Tính toán,D,2026-10-10
2014-11-11,1.71965124,triệu VND/thùng,Tính toán,D,2026-10-10
2014-11-12,1.70860332,triệu VND/thùng,Tính toán,D,2026-10-10
2014-11-13,1.6516640399999998,triệu VND/thùng,Tính toán,D,2026-10-10
2014-11-14,1.64677746,triệu VND/thùng,Tính toán,D,2026-10-10
2014-11-17,1.63296756,triệu VND/thùng,Tính toán,D,2026-10-10
2014-11-18,1.64082858,triệu VND/thùng,Tính toán,D,2026-10-10
2014-11-19,1.6404036599999998,triệu VND/thùng,Tính toán,D,2026-10-10
2014-11-20,1.64890206,triệu VND/thùng,Tính toán,D,2026-10-10
2014-11-21,1.6826831999999998,triệu VND/thùng,Tính toán,D,2026-10-10
2014-11-24,1.69160652,triệu VND/thùng,Tính toán,D,2026-10-10
2014-11-25,1.64911452,triệu VND/thùng,Tính toán,D,2026-10-10
2014-11-26,1.64422794,triệu VND/thùng,Tính toán,D,2026-10-10
2014-11-28,1.5273749399999998,triệu VND/thùng,Tính toán,D,2026-10-10
2014-12-01,1.50570402,triệu VND/thùng,Tính toán,D,2026-10-10
2014-12-04,1.45492608,triệu VND/thùng,Tính toán,D,2026-10-10
2014-12-05,1.444728,triệu VND/thùng,Tính toán,D,2026-10-10
2014-12-08,1.3945874399999998,triệu VND/thùng,Tính toán,D,2026-10-10
2014-12-09,1.40457306,triệu VND/thùng,Tính toán,D,2026-10-10
2014-12-10,1.34529672,triệu VND/thùng,Tính toán,D,2026-10-10
2014-12-11,1.3523078999999998,triệu VND/thùng,Tính toán,D,2026-10-10
2014-12-12,1.31024082,triệu VND/thùng,Tính toán,D,2026-10-10
2014-12-15,1.2979181400000002,triệu VND/thùng,Tính toán,D,2026-10-10
2014-12-16,1.28028396,triệu VND/thùng,Tính toán,D,2026-10-10
2014-12-17,1.2713606400000002,triệu VND/thùng,Tính toán,D,2026-10-10
2014-12-18,1.24947726,triệu VND/thùng,Tính toán,D,2026-10-10
2014-12-19,1.25075202,triệu VND/thùng,Tính toán,D,2026-10-10
2014-12-22,1.2388542599999999,triệu VND/thùng,Tính toán,D,2026-10-10
2014-12-23,1.2550012199999998,triệu VND/thùng,Tính toán,D,2026-10-10
2014-12-24,1.24650282,triệu VND/thùng,Tính toán,D,2026-10-10
2014-12-26,1.2475651199999997,triệu VND/thùng,Tính toán,D,2026-10-10
2014-12-29,1.22929356,triệu VND/thùng,Tính toán,D,2026-10-10
2014-12-30,1.1812776,triệu VND/thùng,Tính toán,D,2026-10-10
2014-12-31,1.1742664200000001,triệu VND/thùng,Tính toán,D,2026-10-10
2015-01-02,1.17660348,triệu VND/thùng,Tính toán,D,2026-10-10
2015-01-05,1.0852456799999999,triệu VND/thùng,Tính toán,D,2026-10-10
2015-01-08,1.06066894,triệu VND/thùng,Tính toán,D,2026-10-10
2015-01-09,1.02225912,triệu VND/thùng,Tính toán,D,2026-10-10
2015-01-12,1.0063802,triệu VND/thùng,Tính toán,D,2026-10-10
2015-01-13,0.96839954,triệu VND/thùng,Tính toán,D,2026-10-10
2015-01-14,0.98320556,triệu VND/thùng,Tính toán,D,2026-10-10
2015-01-15,1.02268828,triệu VND/thùng,Tính toán,D,2026-10-10
2015-01-16,1.01668004,triệu VND/thùng,Tính toán,D,2026-10-10
2015-01-20,0.99758242,triệu VND/thùng,Tính toán,D,2026-10-10
2015-01-21,0.9977969999999999,triệu VND/thùng,Tính toán,D,2026-10-10
2015-01-22,0.9889992200000001,triệu VND/thùng,Tính toán,D,2026-10-10
2015-01-23,1.0018740199999998,triệu VND/thùng,Tính toán,D,2026-10-10
2015-01-26,0.98857006,triệu VND/thùng,Tính toán,D,2026-10-10
2015-01-27,0.9988698999999999,triệu VND/thùng,Tính toán,D,2026-10-10
2015-01-28,1.01002806,triệu VND/thùng,Tính toán,D,2026-10-10
2015-01-29,1.0001573799999999,triệu VND/thùng,Tính toán,D,2026-10-10
2015-01-30,1.01968416,triệu VND/thùng,Tính toán,D,2026-10-10
2015-02-02,1.1102369200000002,triệu VND/thùng,Tính toán,D,2026-10-10
2015-02-03,1.16752978,triệu VND/thùng,Tính toán,D,2026-10-10
2015-02-06,1.19907304,triệu VND/thùng,Tính toán,D,2026-10-10
2015-02-09,1.223106,triệu VND/thùng,Tính toán,D,2026-10-10
2015-02-10,1.19714182,triệu VND/thùng,Tính toán,D,2026-10-10
2015-02-11,1.1475738399999997,triệu VND/thùng,Tính toán,D,2026-10-10
2015-02-12,1.20658334,triệu VND/thùng,Tính toán,D,2026-10-10
2015-02-13,1.2945611399999999,triệu VND/thùng,Tính toán,D,2026-10-10
2015-02-16,1.32116906,triệu VND/thùng,Tính toán,D,2026-10-10
2015-02-23,1.2827592399999999,triệu VND/thùng,Tính toán,D,2026-10-10
2015-02-24,1.2945611399999999,triệu VND/thùng,Tính toán,D,2026-10-10
2015-02-25,1.2825446600000001,triệu VND/thùng,Tính toán,D,2026-10-10
2015-02-26,1.31730662,triệu VND/thùng,Tính toán,D,2026-10-10
2015-02-27,1.32803562,triệu VND/thùng,Tính toán,D,2026-10-10
2015-03-02,1.3035735,triệu VND/thùng,Tính toán,D,2026-10-10
2015-03-03,1.31280044,triệu VND/thùng,Tính toán,D,2026-10-10
2015-03-04,1.2698844399999998,triệu VND/thùng,Tính toán,D,2026-10-10
2015-03-05,1.2945611399999999,triệu VND/thùng,Tính toán,D,2026-10-10
2015-03-06,1.2692406999999999,triệu VND/thùng,Tính toán,D,2026-10-10
2015-03-09,1.25894086,triệu VND/thùng,Tính toán,D,2026-10-10
2015-03-10,1.2005751,triệu VND/thùng,Tính toán,D,2026-10-10
2015-03-13,1.1758984,triệu VND/thùng,Tính toán,D,2026-10-10
2015-03-16,1.115816,triệu VND/thùng,Tính toán,D,2026-10-10
2015-03-17,1.11946386,triệu VND/thùng,Tính toán,D,2026-10-10
2015-03-18,1.12847622,triệu VND/thùng,Tính toán,D,2026-10-10
2015-03-19,1.1364156799999998,triệu VND/thùng,Tính toán,D,2026-10-10
2015-03-20,1.15615704,triệu VND/thùng,Tính toán,D,2026-10-10
2015-03-23,1.15486956,triệu VND/thùng,Tính toán,D,2026-10-10
2015-03-24,1.15036338,triệu VND/thùng,Tính toán,D,2026-10-10
2015-03-25,1.16259444,triệu VND/thùng,Tính toán,D,2026-10-10
2015-03-26,1.2235351600000002,triệu VND/thùng,Tính toán,D,2026-10-10
2015-03-27,1.21108952,triệu VND/thùng,Tính toán,D,2026-10-10
2015-03-30,1.1585174200000001,triệu VND/thùng,Tính toán,D,2026-10-10
2015-03-31,1.1520800199999999,triệu VND/thùng,Tính toán,D,2026-10-10
2015-04-01,1.19585434,triệu VND/thùng,Tính toán,D,2026-10-10
2015-04-02,1.19585434,triệu VND/thùng,Tính toán,D,2026-10-10
2015-04-06,1.19585434,triệu VND/thùng,Tính toán,D,2026-10-10
2015-04-07,1.2349078999999998,triệu VND/thùng,Tính toán,D,2026-10-10
2015-04-08,1.21066036,triệu VND/thùng,Tính toán,D,2026-10-10
2015-04-13,1.22611012,triệu VND/thùng,Tính toán,D,2026-10-10
2015-04-14,1.23791202,triệu VND/thùng,Tính toán,D,2026-10-10
2015-04-15,1.27288856,triệu VND/thùng,Tính toán,D,2026-10-10
2015-04-16,1.29026954,triệu VND/thùng,Tính toán,D,2026-10-10
2015-04-17,1.31558998,triệu VND/thùng,Tính toán,D,2026-10-10
2015-04-20,1.3132296,triệu VND/thùng,Tính toán,D,2026-10-10
2015-04-21,1.29005496,triệu VND/thùng,Tính toán,D,2026-10-10
2015-04-22,1.29005496,triệu VND/thùng,Tính toán,D,2026-10-10
2015-04-23,1.34455828,triệu VND/thùng,Tính toán,D,2026-10-10
2015-04-24,1.3509956799999998,triệu VND/thùng,Tính toán,D,2026-10-10
2015-04-27,1.3488498799999997,triệu VND/thùng,Tính toán,D,2026-10-10
2015-04-29,1.37266826,triệu VND/thùng,Tính toán,D,2026-10-10
2015-05-04,1.38661596,triệu VND/thùng,Tính toán,D,2026-10-10
2015-05-05,1.40421152,triệu VND/thùng,Tính toán,D,2026-10-10
2015-05-06,1.42094876,triệu VND/thùng,Tính toán,D,2026-10-10
2015-05-07,1.4072278900000001,triệu VND/thùng,Tính toán,D,2026-10-10
2015-05-08,1.3831708600000001,triệu VND/thùng,Tính toán,D,2026-10-10
2015-05-11,1.36149786,triệu VND/thùng,Tính toán,D,2026-10-10
2015-05-14,1.4213153399999998,triệu VND/thùng,Tính toán,D,2026-10-10
2015-05-15,1.4020263699999997,triệu VND/thùng,Tính toán,D,2026-10-10
2015-05-18,1.41199595,triệu VND/thùng,Tính toán,D,2026-10-10
2015-05-19,1.37580204,triệu VND/thùng,Tính toán,D,2026-10-10
2015-05-20,1.37666896,triệu VND/thùng,Tính toán,D,2026-10-10
2015-05-21,1.4022431,triệu VND/thùng,Tính toán,D,2026-10-10
2015-05-22,1.4022431,triệu VND/thùng,Tính toán,D,2026-10-10
2015-05-26,1.3361404499999998,triệu VND/thùng,Tính toán,D,2026-10-10
2015-05-27,1.32963855,triệu VND/thùng,Tính toán,D,2026-10-10
2015-05-28,1.3029807599999998,triệu VND/thùng,Tính toán,D,2026-10-10
2015-05-29,1.3688666799999998,triệu VND/thùng,Tính toán,D,2026-10-10
2015-06-01,1.36258151,triệu VND/thùng,Tính toán,D,2026-10-10
2015-06-02,1.36843322,triệu VND/thùng,Tính toán,D,2026-10-10
2015-06-03,1.3606309399999998,triệu VND/thùng,Tính toán,D,2026-10-10
2015-06-04,1.30774882,triệu VND/thùng,Tính toán,D,2026-10-10
2015-06-05,1.30818228,triệu VND/thùng,Tính toán,D,2026-10-10
2015-06-08,1.3292050899999999,triệu VND/thùng,Tính toán,D,2026-10-10
2015-06-09,1.37038379,triệu VND/thùng,Tính toán,D,2026-10-10
2015-06-12,1.3695168699999998,triệu VND/thùng,Tính toán,D,2026-10-10
2015-06-15,1.32183627,triệu VND/thùng,Tính toán,D,2026-10-10
2015-06-16,1.31663475,triệu VND/thùng,Tính toán,D,2026-10-10
2015-06-17,1.31663475,triệu VND/thùng,Tính toán,D,2026-10-10
2015-06-18,1.3300720099999999,triệu VND/thùng,Tính toán,D,2026-10-10
2015-06-19,1.28759293,triệu VND/thùng,Tính toán,D,2026-10-10
2015-06-22,1.3120834199999998,triệu VND/thùng,Tính toán,D,2026-10-10
2015-06-23,1.33657391,triệu VND/thùng,Tính toán,D,2026-10-10
2015-06-24,1.33570699,triệu VND/thùng,Tính toán,D,2026-10-10
2015-06-25,1.30558152,triệu VND/thùng,Tính toán,D,2026-10-10
2015-06-26,1.3034142199999998,triệu VND/thùng,Tính toán,D,2026-10-10
2015-06-29,1.2793571899999998,triệu VND/thùng,Tính toán,D,2026-10-10
2015-06-30,1.30709863,triệu VND/thùng,Tính toán,D,2026-10-10
2015-07-01,1.3361404499999998,triệu VND/thùng,Tính toán,D,2026-10-10
2015-07-02,1.33787429,triệu VND/thùng,Tính toán,D,2026-10-10
2015-07-03,1.28000738,triệu VND/thùng,Tính toán,D,2026-10-10
2015-07-06,1.23947887,triệu VND/thùng,Tính toán,D,2026-10-10
2015-07-07,1.18594656,triệu VND/thùng,Tính toán,D,2026-10-10
2015-07-08,1.2071861,triệu VND/thùng,Tính toán,D,2026-10-10
2015-07-13,1.2490149899999998,triệu VND/thùng,Tính toán,D,2026-10-10
2015-07-14,1.2396956000000001,triệu VND/thùng,Tính toán,D,2026-10-10
2015-07-15,1.24272982,triệu VND/thùng,Tính toán,D,2026-10-10
2015-07-16,1.24207963,triệu VND/thùng,Tính toán,D,2026-10-10
2015-07-17,1.22192374,triệu VND/thùng,Tính toán,D,2026-10-10
2015-07-20,1.22279066,triệu VND/thùng,Tính toán,D,2026-10-10
2015-07-21,1.2123876199999999,triệu VND/thùng,Tính toán,D,2026-10-10
2015-07-22,1.22149028,triệu VND/thùng,Tính toán,D,2026-10-10
2015-07-23,1.20848648,triệu VND/thùng,Tính toán,D,2026-10-10
2015-07-24,1.17662717,triệu VND/thùng,Tính toán,D,2026-10-10
2015-07-27,1.17185911,triệu VND/thùng,Tính toán,D,2026-10-10
2015-07-28,1.1768439,triệu VND/thùng,Tính toán,D,2026-10-10
2015-07-29,1.18616329,triệu VND/thùng,Tính toán,D,2026-10-10
2015-07-30,1.17662717,triệu VND/thùng,Tính toán,D,2026-10-10
2015-07-31,1.15495417,triệu VND/thùng,Tính toán,D,2026-10-10
2015-08-03,1.0725967699999999,triệu VND/thùng,Tính toán,D,2026-10-10
2015-08-04,1.0637108399999997,triệu VND/thùng,Tính toán,D,2026-10-10
2015-08-05,1.06284392,triệu VND/thùng,Tính toán,D,2026-10-10
2015-08-06,1.0359694,triệu VND/thùng,Tính toán,D,2026-10-10
2015-08-07,1.03033442,triệu VND/thùng,Tính toán,D,2026-10-10
2015-08-10,1.0468058999999998,triệu VND/thùng,Tính toán,D,2026-10-10
2015-08-11,1.02578309,triệu VND/thùng,Tính toán,D,2026-10-10
2015-08-12,1.0465891699999998,triệu VND/thùng,Tính toán,D,2026-10-10
2015-08-13,1.04052073,triệu VND/thùng,Tính toán,D,2026-10-10
2015-08-14,1.03575267,triệu VND/thùng,Tính toán,D,2026-10-10
2015-08-17,1.03531921,triệu VND/thùng,Tính toán,D,2026-10-10
2015-08-18,1.018631,triệu VND/thùng,Tính toán,D,2026-10-10
2015-08-19,1.0014675,triệu VND/thùng,Tính toán,D,2026-10-10
2015-08-20,0.9988407,triệu VND/thùng,Tính toán,D,2026-10-10
2015-08-21,0.9596576,triệu VND/thùng,Tính toán,D,2026-10-10
2015-08-24,0.9104051000000001,triệu VND/thùng,Tính toán,D,2026-10-10
2015-08-25,0.9163154,triệu VND/thùng,Tính toán,D,2026-10-10
2015-08-26,0.9141263999999999,triệu VND/thùng,Tính toán,D,2026-10-10
2015-08-27,0.9732294,triệu VND/thùng,Tính toán,D,2026-10-10
2015-08-28,1.0500633,triệu VND/thùng,Tính toán,D,2026-10-10
2015-09-01,1.0682319999999998,triệu VND/thùng,Tính toán,D,2026-10-10
2015-09-02,1.0434963,triệu VND/thùng,Tính toán,D,2026-10-10
2015-09-03,1.1034749,triệu VND/thùng,Tính toán,D,2026-10-10
2015-09-04,1.0636351,triệu VND/thùng,Tính toán,D,2026-10-10
2015-09-08,1.0699831999999998,triệu VND/thùng,Tính toán,D,2026-10-10
2015-09-09,1.0515956,triệu VND/thùng,Tính toán,D,2026-10-10
2015-09-10,1.0456853,triệu VND/thùng,Tính toán,D,2026-10-10
2015-09-11,1.0259843,triệu VND/thùng,Tính toán,D,2026-10-10
2015-09-14,1.0040943,triệu VND/thùng,Tính toán,D,2026-10-10
2015-09-15,1.0049698999999999,triệu VND/thùng,Tính toán,D,2026-10-10
2015-09-16,1.0802715,triệu VND/thùng,Tính toán,D,2026-10-10
2015-09-17,1.0566303,triệu VND/thùng,Tính toán,D,2026-10-10
2015-09-18,1.0349592,triệu VND/thùng,Tính toán,D,2026-10-10
2015-09-21,1.0428396,triệu VND/thùng,Tính toán,D,2026-10-10
2015-09-22,1.0220441,triệu VND/thùng,Tính toán,D,2026-10-10
2015-09-23,1.0507199999999999,triệu VND/thùng,Tính toán,D,2026-10-10
2015-09-24,1.0301434,triệu VND/thùng,Tính toán,D,2026-10-10
2015-09-25,1.0349592,triệu VND/thùng,Tính toán,D,2026-10-10
2015-09-28,1.0078156,triệu VND/thùng,Tính toán,D,2026-10-10
2015-09-29,1.0415261999999998,triệu VND/thùng,Tính toán,D,2026-10-10
2015-09-30,1.0351781,triệu VND/thùng,Tính toán,D,2026-10-10
2015-10-01,1.0393371999999999,triệu VND/thùng,Tính toán,D,2026-10-10
2015-10-02,1.0189795,triệu VND/thùng,Tính toán,D,2026-10-10
2015-10-07,1.1308373999999999,triệu VND/thùng,Tính toán,D,2026-10-10
2015-10-08,1.1411257,triệu VND/thùng,Tính toán,D,2026-10-10
2015-10-09,1.1400312,triệu VND/thùng,Tính toán,D,2026-10-10
2015-10-12,1.1152955,triệu VND/thùng,Tính toán,D,2026-10-10
2015-10-13,1.0712965999999997,triệu VND/thùng,Tính toán,D,2026-10-10
2015-10-14,1.0561924999999999,triệu VND/thùng,Tính toán,D,2026-10-10
2015-10-15,1.0478743,triệu VND/thùng,Tính toán,D,2026-10-10
2015-10-16,1.0717343999999998,triệu VND/thùng,Tính toán,D,2026-10-10
2015-10-19,1.0399938999999998,triệu VND/thùng,Tính toán,D,2026-10-10
2015-10-20,1.0272976999999999,triệu VND/thùng,Tính toán,D,2026-10-10
2015-10-21,1.0227008,triệu VND/thùng,Tính toán,D,2026-10-10
2015-10-22,1.0198551,triệu VND/thùng,Tính toán,D,2026-10-10
2015-10-23,1.013507,triệu VND/thùng,Tính toán,D,2026-10-10
2015-10-26,1.0194173,triệu VND/thùng,Tính toán,D,2026-10-10
2015-10-27,0.9968705999999999,triệu VND/thùng,Tính toán,D,2026-10-10
2015-10-28,1.041964,triệu VND/thùng,Tính toán,D,2026-10-10
2015-10-29,1.0515956,triệu VND/thùng,Tính toán,D,2026-10-10
2015-10-30,1.0507199999999999,triệu VND/thùng,Tính toán,D,2026-10-10
2015-11-02,1.0487498999999998,triệu VND/thùng,Tính toán,D,2026-10-10
2015-11-05,1.0329891,triệu VND/thùng,Tính toán,D,2026-10-10
2015-11-06,1.0089101,triệu VND/thùng,Tính toán,D,2026-10-10
2015-11-09,0.9933682,triệu VND/thùng,Tính toán,D,2026-10-10
2015-11-10,1.0165716,triệu VND/thùng,Tính toán,D,2026-10-10
2015-11-11,0.9846121999999999,triệu VND/thùng,Tính toán,D,2026-10-10
2015-11-12,0.9846121999999999,triệu VND/thùng,Tính toán,D,2026-10-10
2015-11-13,0.9189421999999999,triệu VND/thùng,Tính toán,D,2026-10-10
2015-11-16,0.8817292,triệu VND/thùng,Tính toán,D,2026-10-10
2015-11-17,0.9036192000000001,triệu VND/thùng,Tính toán,D,2026-10-10
2015-11-18,0.9073405000000001,triệu VND/thùng,Tính toán,D,2026-10-10
2015-11-19,0.9241957999999999,triệu VND/thùng,Tính toán,D,2026-10-10
2015-11-20,0.9301061,triệu VND/thùng,Tính toán,D,2026-10-10
2015-11-23,0.956593,triệu VND/thùng,Tính toán,D,2026-10-10
2015-11-24,0.9714782000000001,triệu VND/thùng,Tính toán,D,2026-10-10
2015-11-25,0.9535283999999999,triệu VND/thùng,Tính toán,D,2026-10-10
2015-11-26,0.9533094999999998,triệu VND/thùng,Tính toán,D,2026-10-10
2015-11-27,0.9428023,triệu VND/thùng,Tính toán,D,2026-10-10
2015-11-30,0.9572496999999999,triệu VND/thùng,Tính toán,D,2026-10-10
2015-12-01,0.9406132999999999,triệu VND/thùng,Tính toán,D,2026-10-10
2015-12-04,0.9071216,triệu VND/thùng,Tính toán,D,2026-10-10
2015-12-07,0.8688140999999999,triệu VND/thùng,Tính toán,D,2026-10-10
2015-12-08,0.8633415999999999,triệu VND/thùng,Tính toán,D,2026-10-10
2015-12-09,0.8545856,triệu VND/thùng,Tính toán,D,2026-10-10
2015-12-10,0.8460485,triệu VND/thùng,Tính toán,D,2026-10-10
2015-12-11,0.8097111,triệu VND/thùng,Tính toán,D,2026-10-10
2015-12-14,0.7992038999999999,triệu VND/thùng,Tính toán,D,2026-10-10
2015-12-15,0.8243773999999998,triệu VND/thùng,Tính toán,D,2026-10-10
2015-12-16,0.8090544,triệu VND/thùng,Tính toán,D,2026-10-10
2015-12-17,0.7943880999999999,triệu VND/thùng,Tính toán,D,2026-10-10
2015-12-18,0.8046763999999998,triệu VND/thùng,Tính toán,D,2026-10-10
2015-12-21,0.7735926000000001,triệu VND/thùng,Tính toán,D,2026-10-10
2015-12-22,0.7718413999999999,triệu VND/thùng,Tính toán,D,2026-10-10
2015-12-23,0.7834431,triệu VND/thùng,Tính toán,D,2026-10-10
2015-12-24,0.8147457999999999,triệu VND/thùng,Tính toán,D,2026-10-10
2015-12-28,0.8116811999999999,triệu VND/thùng,Tính toán,D,2026-10-10
2015-12-29,0.8066464999999999,triệu VND/thùng,Tính toán,D,2026-10-10
2015-12-30,0.7803785,triệu VND/thùng,Tính toán,D,2026-10-10
2015-12-31,0.8013929,triệu VND/thùng,Tính toán,D,2026-10-10
2016-01-06,0.7424282299999999,triệu VND/thùng,Tính toán,D,2026-10-10
2016-01-07,0.7358208299999999,triệu VND/thùng,Tính toán,D,2026-10-10
2016-01-08,0.69385803,triệu VND/thùng,Tính toán,D,2026-10-10
2016-01-11,0.6603975400000001,triệu VND/thùng,Tính toán,D,2026-10-10
2016-01-12,0.63854482,triệu VND/thùng,Tính toán,D,2026-10-10
2016-01-13,0.6261592199999999,triệu VND/thùng,Tính toán,D,2026-10-10
2016-01-14,0.6317978799999999,triệu VND/thùng,Tính toán,D,2026-10-10
2016-01-15,0.6312095999999999,triệu VND/thùng,Tính toán,D,2026-10-10
2016-01-18,0.5995396799999999,triệu VND/thùng,Tính toán,D,2026-10-10
2016-01-19,0.59934816,triệu VND/thùng,Tính toán,D,2026-10-10
2016-01-20,0.56964501,triệu VND/thùng,Tính toán,D,2026-10-10
2016-01-21,0.6044969,triệu VND/thùng,Tính toán,D,2026-10-10
2016-01-22,0.66731768,triệu VND/thùng,Tính toán,D,2026-10-10
2016-01-25,0.6533561999999999,triệu VND/thùng,Tính toán,D,2026-10-10
2016-01-26,0.67752412,triệu VND/thùng,Tính toán,D,2026-10-10
2016-01-27,0.6968541899999999,triệu VND/thùng,Tính toán,D,2026-10-10
2016-01-28,0.72245686,triệu VND/thùng,Tính toán,D,2026-10-10
2016-01-29,0.7251363399999999,triệu VND/thùng,Tính toán,D,2026-10-10
2016-02-01,0.7103954,triệu VND/thùng,Tính toán,D,2026-10-10
2016-02-04,0.7166577599999999,triệu VND/thùng,Tính toán,D,2026-10-10
2016-02-05,0.7072033499999999,triệu VND/thùng,Tính toán,D,2026-10-10
2016-02-12,0.6951798,triệu VND/thùng,Tính toán,D,2026-10-10
2016-02-16,0.6803735599999999,triệu VND/thùng,Tính toán,D,2026-10-10
2016-02-17,0.72713295,triệu VND/thùng,Tính toán,D,2026-10-10
2016-02-18,0.7271132,triệu VND/thùng,Tính toán,D,2026-10-10
2016-02-19,0.6933539999999999,triệu VND/thùng,Tính toán,D,2026-10-10
2016-02-22,0.73541946,triệu VND/thùng,Tính toán,D,2026-10-10
2016-02-23,0.6985781,triệu VND/thùng,Tính toán,D,2026-10-10
2016-02-24,0.6898814999999999,triệu VND/thùng,Tính toán,D,2026-10-10
2016-02-25,0.7190754899999999,triệu VND/thùng,Tính toán,D,2026-10-10
2016-02-26,0.7831082399999999,triệu VND/thùng,Tính toán,D,2026-10-10
2016-02-29,0.78715088,triệu VND/thùng,Tính toán,D,2026-10-10
2016-03-01,0.7827371099999999,triệu VND/thùng,Tính toán,D,2026-10-10
2016-03-02,0.7969039,triệu VND/thùng,Tính toán,D,2026-10-10
2016-03-03,0.783068,triệu VND/thùng,Tính toán,D,2026-10-10
2016-03-04,0.82324529,triệu VND/thùng,Tính toán,D,2026-10-10
2016-03-07,0.85348446,triệu VND/thùng,Tính toán,D,2026-10-10
2016-03-08,0.85674248,triệu VND/thùng,Tính toán,D,2026-10-10
2016-03-09,0.8807680199999999,triệu VND/thùng,Tính toán,D,2026-10-10
2016-03-10,0.84537892,triệu VND/thùng,Tính toán,D,2026-10-10
2016-03-11,0.8620543399999999,triệu VND/thùng,Tính toán,D,2026-10-10
2016-03-14,0.83195354,triệu VND/thùng,Tính toán,D,2026-10-10
2016-03-15,0.81998128,triệu VND/thùng,Tính toán,D,2026-10-10
2016-03-16,0.83967764,triệu VND/thùng,Tính toán,D,2026-10-10
2016-03-17,0.85899727,triệu VND/thùng,Tính toán,D,2026-10-10
2016-03-18,0.85735988,triệu VND/thùng,Tính toán,D,2026-10-10
2016-03-21,0.8719536799999998,triệu VND/thùng,Tính toán,D,2026-10-10
2016-03-22,0.8859206199999999,triệu VND/thùng,Tính toán,D,2026-10-10
2016-03-23,0.8490812400000001,triệu VND/thùng,Tính toán,D,2026-10-10
2016-03-24,0.8387370599999999,triệu VND/thùng,Tính toán,D,2026-10-10
2016-03-28,0.8390820299999999,triệu VND/thùng,Tính toán,D,2026-10-10
2016-03-29,0.80442075,triệu VND/thùng,Tính toán,D,2026-10-10
2016-03-30,0.8040164999999999,triệu VND/thùng,Tính toán,D,2026-10-10
2016-03-31,0.80324475,triệu VND/thùng,Tính toán,D,2026-10-10
2016-04-01,0.795777,triệu VND/thùng,Tính toán,D,2026-10-10
2016-04-04,0.7877645999999999,triệu VND/thùng,Tính toán,D,2026-10-10
2016-04-07,0.8118017999999999,triệu VND/thùng,Tính toán,D,2026-10-10
2016-04-08,0.88935066,triệu VND/thùng,Tính toán,D,2026-10-10
2016-04-11,0.90819036,triệu VND/thùng,Tính toán,D,2026-10-10
2016-04-12,0.93929868,triệu VND/thùng,Tính toán,D,2026-10-10
2016-04-13,0.93488478,triệu VND/thùng,Tính toán,D,2026-10-10
2016-04-14,0.94003002,triệu VND/thùng,Tính toán,D,2026-10-10
2016-04-15,0.90333784,triệu VND/thùng,Tính toán,D,2026-10-10
2016-04-18,0.91033368,triệu VND/thùng,Tính toán,D,2026-10-10
2016-04-19,0.9402021,triệu VND/thùng,Tính toán,D,2026-10-10
2016-04-20,0.94099942,triệu VND/thùng,Tính toán,D,2026-10-10
2016-04-21,0.9499510399999999,triệu VND/thùng,Tính toán,D,2026-10-10
2016-04-22,0.9607884699999999,triệu VND/thùng,Tính toán,D,2026-10-10
2016-04-25,0.9397539,triệu VND/thùng,Tính toán,D,2026-10-10
2016-04-26,0.9611875,triệu VND/thùng,Tính toán,D,2026-10-10
2016-04-27,0.96613041,triệu VND/thùng,Tính toán,D,2026-10-10
2016-04-28,0.9973632,triệu VND/thùng,Tính toán,D,2026-10-10
2016-04-29,0.99686888,triệu VND/thùng,Tính toán,D,2026-10-10
2016-05-02,1.0008004400000001,triệu VND/thùng,Tính toán,D,2026-10-10
2016-05-03,0.94117178,triệu VND/thùng,Tính toán,D,2026-10-10
2016-05-04,0.9403502399999999,triệu VND/thùng,Tính toán,D,2026-10-10
2016-05-09,0.9274349399999999,triệu VND/thùng,Tính toán,D,2026-10-10
2016-05-10,0.96267474,triệu VND/thùng,Tính toán,D,2026-10-10
2016-05-11,1.0082304,triệu VND/thùng,Tính toán,D,2026-10-10
2016-05-12,1.0154241,triệu VND/thùng,Tính toán,D,2026-10-10
2016-05-13,1.02931285,triệu VND/thùng,Tính toán,D,2026-10-10
2016-05-16,1.06139761,triệu VND/thùng,Tính toán,D,2026-10-10
2016-05-17,1.06635932,triệu VND/thùng,Tính toán,D,2026-10-10
2016-05-18,1.0710776999999998,triệu VND/thùng,Tính toán,D,2026-10-10
2016-05-19,1.03003611,triệu VND/thùng,Tính toán,D,2026-10-10
2016-05-20,1.06389972,triệu VND/thùng,Tính toán,D,2026-10-10
2016-05-23,1.04678401,triệu VND/thùng,Tính toán,D,2026-10-10
2016-05-24,1.0608822,triệu VND/thùng,Tính toán,D,2026-10-10
2016-05-25,1.07127927,triệu VND/thùng,Tính toán,D,2026-10-10
2016-05-26,1.0856764799999998,triệu VND/thùng,Tính toán,D,2026-10-10
2016-05-27,1.07580735,triệu VND/thùng,Tính toán,D,2026-10-10
2016-05-31,1.08071514,triệu VND/thùng,Tính toán,D,2026-10-10
2016-06-01,1.0711842599999999,triệu VND/thùng,Tính toán,D,2026-10-10
2016-06-02,1.07610795,triệu VND/thùng,Tính toán,D,2026-10-10
2016-06-06,1.0724711599999999,triệu VND/thùng,Tính toán,D,2026-10-10
2016-06-07,1.08954496,triệu VND/thùng,Tính toán,D,2026-10-10
2016-06-08,1.10976948,triệu VND/thùng,Tính toán,D,2026-10-10
2016-06-09,1.10635271,triệu VND/thùng,Tính toán,D,2026-10-10
2016-06-10,1.0871378,triệu VND/thùng,Tính toán,D,2026-10-10
2016-06-13,1.0802436,triệu VND/thùng,Tính toán,D,2026-10-10
2016-06-14,1.04747076,triệu VND/thùng,Tính toán,D,2026-10-10
2016-06-15,1.03897589,triệu VND/thùng,Tính toán,D,2026-10-10
2016-06-16,0.99894948,triệu VND/thùng,Tính toán,D,2026-10-10
2016-06-17,1.01811334,triệu VND/thùng,Tính toán,D,2026-10-10
2016-06-20,1.06429084,triệu VND/thùng,Tính toán,D,2026-10-10
2016-06-21,1.0526366399999998,triệu VND/thùng,Tính toán,D,2026-10-10
2016-06-22,1.0581954999999998,triệu VND/thùng,Tính toán,D,2026-10-10
2016-06-23,1.06241961,triệu VND/thùng,Tính toán,D,2026-10-10
2016-06-24,1.01994305,triệu VND/thùng,Tính toán,D,2026-10-10
2016-06-27,0.9855006199999999,triệu VND/thùng,Tính toán,D,2026-10-10
2016-06-28,1.01319552,triệu VND/thùng,Tính toán,D,2026-10-10
2016-06-29,1.0590888,triệu VND/thùng,Tính toán,D,2026-10-10
2016-06-30,1.0509976499999998,triệu VND/thùng,Tính toán,D,2026-10-10
2016-07-01,1.04186725,triệu VND/thùng,Tính toán,D,2026-10-10
2016-07-05,0.99759912,triệu VND/thùng,Tính toán,D,2026-10-10
2016-07-06,0.9992762000000001,triệu VND/thùng,Tính toán,D,2026-10-10
2016-07-07,1.00444317,triệu VND/thùng,Tính toán,D,2026-10-10
2016-07-08,0.97351486,triệu VND/thùng,Tính toán,D,2026-10-10
2016-07-11,0.9624941999999999,triệu VND/thùng,Tính toán,D,2026-10-10
2016-07-12,1.02171968,triệu VND/thùng,Tính toán,D,2026-10-10
2016-07-13,0.97733493,triệu VND/thùng,Tính toán,D,2026-10-10
2016-07-14,1.00646875,triệu VND/thùng,Tính toán,D,2026-10-10
2016-07-15,1.01121,triệu VND/thùng,Tính toán,D,2026-10-10
2016-07-18,0.99194055,triệu VND/thùng,Tính toán,D,2026-10-10
2016-07-19,1.0000531000000001,triệu VND/thùng,Tính toán,D,2026-10-10
2016-07-20,1.00290816,triệu VND/thùng,Tính toán,D,2026-10-10
2016-07-21,0.98505605,triệu VND/thùng,Tính toán,D,2026-10-10
2016-07-22,0.9680154400000001,triệu VND/thùng,Tính toán,D,2026-10-10
2016-07-25,0.9578188799999999,triệu VND/thùng,Tính toán,D,2026-10-10
2016-07-26,0.9535283999999999,triệu VND/thùng,Tính toán,D,2026-10-10
2016-07-27,0.9359408399999999,triệu VND/thùng,Tính toán,D,2026-10-10
2016-07-28,0.9159062499999999,triệu VND/thùng,Tính toán,D,2026-10-10
2016-07-29,0.8910951199999999,triệu VND/thùng,Tính toán,D,2026-10-10
2016-08-03,0.8830235000000001,triệu VND/thùng,Tính toán,D,2026-10-10
2016-08-04,0.90235789,triệu VND/thùng,Tính toán,D,2026-10-10
2016-08-05,0.92703516,triệu VND/thùng,Tính toán,D,2026-10-10
2016-08-08,0.94405892,triệu VND/thùng,Tính toán,D,2026-10-10
2016-08-09,0.9472007999999998,triệu VND/thùng,Tính toán,D,2026-10-10
2016-08-10,0.92134522,triệu VND/thùng,Tính toán,D,2026-10-10
2016-08-11,0.96567359,triệu VND/thùng,Tính toán,D,2026-10-10
2016-08-12,0.9858268799999998,triệu VND/thùng,Tính toán,D,2026-10-10
2016-08-15,1.03358157,triệu VND/thùng,Tính toán,D,2026-10-10
2016-08-16,1.05450642,triệu VND/thùng,Tính toán,D,2026-10-10
2016-08-17,1.0610843599999997,triệu VND/thùng,Tính toán,D,2026-10-10
2016-08-18,1.0810472199999999,triệu VND/thùng,Tính toán,D,2026-10-10
2016-08-19,1.07946784,triệu VND/thùng,Tính toán,D,2026-10-10
2016-08-22,1.0521875,triệu VND/thùng,Tính toán,D,2026-10-10
2016-08-23,1.0658481999999998,triệu VND/thùng,Tính toán,D,2026-10-10
2016-08-24,1.04080304,triệu VND/thùng,Tính toán,D,2026-10-10
2016-08-25,1.0784765,triệu VND/thùng,Tính toán,D,2026-10-10
2016-08-26,1.0873057,triệu VND/thùng,Tính toán,D,2026-10-10
2016-08-29,1.08824924,triệu VND/thùng,Tính toán,D,2026-10-10
2016-08-30,1.05046128,triệu VND/thùng,Tính toán,D,2026-10-10
2016-09-05,1.024336,triệu VND/thùng,Tính toán,D,2026-10-10
2016-09-06,1.01301562,triệu VND/thùng,Tính toán,D,2026-10-10
2016-09-07,1.0300989999999999,triệu VND/thùng,Tính toán,D,2026-10-10
2016-09-08,1.0788262199999998,triệu VND/thùng,Tính toán,D,2026-10-10
2016-09-09,1.0608508399999999,triệu VND/thùng,Tính toán,D,2026-10-10
2016-09-12,1.0494099,triệu VND/thùng,Tính toán,D,2026-10-10
2016-09-13,1.02042192,triệu VND/thùng,Tính toán,D,2026-10-10
2016-09-14,1.00270225,triệu VND/thùng,Tính toán,D,2026-10-10
2016-09-15,1.00633514,triệu VND/thùng,Tính toán,D,2026-10-10
2016-09-16,0.9937285599999999,triệu VND/thùng,Tính toán,D,2026-10-10
2016-09-19,1.01099236,triệu VND/thùng,Tính toán,D,2026-10-10
2016-09-20,0.99315372,triệu VND/thùng,Tính toán,D,2026-10-10
2016-09-21,1.00961847,triệu VND/thùng,Tính toán,D,2026-10-10
2016-09-22,1.0359762399999999,triệu VND/thùng,Tính toán,D,2026-10-10
2016-09-23,1.0249108200000001,triệu VND/thùng,Tính toán,D,2026-10-10
2016-09-26,1.02290306,triệu VND/thùng,Tính toán,D,2026-10-10
2016-09-27,0.9863378500000001,triệu VND/thùng,Tính toán,D,2026-10-10
2016-09-28,0.9980506,triệu VND/thùng,Tính toán,D,2026-10-10
2016-09-29,1.0625542,triệu VND/thùng,Tính toán,D,2026-10-10
2016-09-30,1.05881976,triệu VND/thùng,Tính toán,D,2026-10-10
2016-10-03,1.06689228,triệu VND/thùng,Tính toán,D,2026-10-10
2016-10-04,1.0714771200000002,triệu VND/thùng,Tính toán,D,2026-10-10
2016-10-05,1.0887554799999999,triệu VND/thùng,Tính toán,D,2026-10-10
2016-10-06,1.10162594,triệu VND/thùng,Tính toán,D,2026-10-10
2016-10-07,1.1097701999999998,triệu VND/thùng,Tính toán,D,2026-10-10
2016-10-10,1.1323338,triệu VND/thùng,Tính toán,D,2026-10-10
2016-10-11,1.10990376,triệu VND/thùng,Tính toán,D,2026-10-10
2016-10-12,1.0895114099999998,triệu VND/thùng,Tính toán,D,2026-10-10
2016-10-13,1.0849714799999999,triệu VND/thùng,Tính toán,D,2026-10-10
2016-10-14,1.0756775699999999,triệu VND/thùng,Tính toán,D,2026-10-10
2016-10-17,1.0856089599999998,triệu VND/thùng,Tính toán,D,2026-10-10
2016-10-18,1.0968162,triệu VND/thùng,Tính toán,D,2026-10-10
2016-10-19,1.14127035,triệu VND/thùng,Tính toán,D,2026-10-10
2016-10-20,1.1094921,triệu VND/thùng,Tính toán,D,2026-10-10
2016-10-21,1.1071153200000001,triệu VND/thùng,Tính toán,D,2026-10-10
2016-10-24,1.0971935999999998,triệu VND/thùng,Tính toán,D,2026-10-10
2016-10-25,1.0813796399999998,triệu VND/thùng,Tính toán,D,2026-10-10
2016-10-26,1.0790293999999998,triệu VND/thùng,Tính toán,D,2026-10-10
2016-10-27,1.0824321600000002,triệu VND/thùng,Tính toán,D,2026-10-10
2016-10-28,1.0533101,triệu VND/thùng,Tính toán,D,2026-10-10
2016-10-31,1.0182018,triệu VND/thùng,Tính toán,D,2026-10-10
2016-11-01,1.00845041,triệu VND/thùng,Tính toán,D,2026-10-10
2016-11-02,0.9749150199999999,triệu VND/thùng,Tính toán,D,2026-10-10
2016-11-03,0.9652691200000001,triệu VND/thùng,Tính toán,D,2026-10-10
2016-11-04,0.9478367200000001,triệu VND/thùng,Tính toán,D,2026-10-10
2016-11-07,0.94290245,triệu VND/thùng,Tính toán,D,2026-10-10
2016-11-08,0.95760063,triệu VND/thùng,Tính toán,D,2026-10-10
2016-11-09,0.966457,triệu VND/thùng,Tính toán,D,2026-10-10
2016-11-10,0.96261781,triệu VND/thùng,Tính toán,D,2026-10-10
2016-11-11,0.91775016,triệu VND/thùng,Tính toán,D,2026-10-10
2016-11-14,0.9230626099999999,triệu VND/thùng,Tính toán,D,2026-10-10
2016-11-15,0.9750968999999999,triệu VND/thùng,Tính toán,D,2026-10-10
2016-11-16,0.9957315099999999,triệu VND/thùng,Tính toán,D,2026-10-10
2016-11-17,0.9850415699999999,triệu VND/thùng,Tính toán,D,2026-10-10
2016-11-18,0.9819939199999999,triệu VND/thùng,Tính toán,D,2026-10-10
2016-11-21,1.01681904,triệu VND/thùng,Tính toán,D,2026-10-10
2016-11-22,1.0197319999999999,triệu VND/thùng,Tính toán,D,2026-10-10
2016-11-23,1.0293717199999999,triệu VND/thùng,Tính toán,D,2026-10-10
2016-11-24,1.0521077399999998,triệu VND/thùng,Tính toán,D,2026-10-10
2016-11-25,1.02538584,triệu VND/thùng,Tính toán,D,2026-10-10
2016-11-28,1.03223648,triệu VND/thùng,Tính toán,D,2026-10-10
2016-11-29,0.9883662799999999,triệu VND/thùng,Tính toán,D,2026-10-10
2016-11-30,1.0605581,triệu VND/thùng,Tính toán,D,2026-10-10
2016-12-01,1.15679956,triệu VND/thùng,Tính toán,D,2026-10-10
2016-12-02,1.1581914,triệu VND/thùng,Tính toán,D,2026-10-10
2016-12-05,1.1788893999999999,triệu VND/thùng,Tính toán,D,2026-10-10
2016-12-06,1.1570972,triệu VND/thùng,Tính toán,D,2026-10-10
2016-12-07,1.1482355999999998,triệu VND/thùng,Tính toán,D,2026-10-10
2016-12-08,1.1411339999999999,triệu VND/thùng,Tính toán,D,2026-10-10
2016-12-09,1.1542862299999999,triệu VND/thùng,Tính toán,D,2026-10-10
2016-12-12,1.19452875,triệu VND/thùng,Tính toán,D,2026-10-10
2016-12-13,1.1785536,triệu VND/thùng,Tính toán,D,2026-10-10
2016-12-14,1.1758905999999998,triệu VND/thùng,Tính toán,D,2026-10-10
2016-12-15,1.1448222,triệu VND/thùng,Tính toán,D,2026-10-10
2016-12-16,1.1990975999999998,triệu VND/thùng,Tính toán,D,2026-10-10
2016-12-19,1.18558244,triệu VND/thùng,Tính toán,D,2026-10-10
2016-12-20,1.2083948800000002,triệu VND/thùng,Tính toán,D,2026-10-10
2016-12-21,1.17438354,triệu VND/thùng,Tính toán,D,2026-10-10
2016-12-22,1.19709408,triệu VND/thùng,Tính toán,D,2026-10-10
2016-12-23,1.1948191499999998,triệu VND/thùng,Tính toán,D,2026-10-10
2016-12-28,1.2174722,triệu VND/thùng,Tính toán,D,2026-10-10
2016-12-29,1.2182451399999998,triệu VND/thùng,Tính toán,D,2026-10-10
2016-12-30,1.21785864,triệu VND/thùng,Tính toán,D,2026-10-10
2017-01-03,1.2197978999999999,triệu VND/thùng,Tính toán,D,2026-10-10
2017-01-04,1.20938034,triệu VND/thùng,Tính toán,D,2026-10-10
2017-01-05,1.2185234100000002,triệu VND/thùng,Tính toán,D,2026-10-10
2017-01-06,1.2384085999999999,triệu VND/thùng,Tính toán,D,2026-10-10
2017-01-10,1.1792844,triệu VND/thùng,Tính toán,D,2026-10-10
2017-01-11,1.1883192599999999,triệu VND/thùng,Tính toán,D,2026-10-10
2017-01-12,1.2081596399999999,triệu VND/thùng,Tính toán,D,2026-10-10
2017-01-13,1.2048935699999999,triệu VND/thùng,Tính toán,D,2026-10-10
2017-01-16,1.2033423,triệu VND/thùng,Tính toán,D,2026-10-10
2017-01-17,1.21214624,triệu VND/thùng,Tính toán,D,2026-10-10
2017-01-18,1.19175828,triệu VND/thùng,Tính toán,D,2026-10-10
2017-01-19,1.1795323999999998,triệu VND/thùng,Tính toán,D,2026-10-10
2017-01-20,1.22150272,triệu VND/thùng,Tính toán,D,2026-10-10
2017-01-23,1.2160668,triệu VND/thùng,Tính toán,D,2026-10-10
2017-01-24,1.2136289,triệu VND/thùng,Tính toán,D,2026-10-10
2017-01-25,1.20645668,triệu VND/thùng,Tính toán,D,2026-10-10
2017-01-26,1.24086978,triệu VND/thùng,Tính toán,D,2026-10-10
2017-02-01,1.23864958,triệu VND/thùng,Tính toán,D,2026-10-10
2017-02-02,1.24181206,triệu VND/thùng,Tính toán,D,2026-10-10
2017-02-03,1.24131216,triệu VND/thùng,Tính toán,D,2026-10-10
2017-02-06,1.2212789400000001,triệu VND/thùng,Tính toán,D,2026-10-10
2017-02-07,1.19392284,triệu VND/thùng,Tính toán,D,2026-10-10
2017-02-08,1.20855936,triệu VND/thùng,Tính toán,D,2026-10-10
2017-02-09,1.19921968,triệu VND/thùng,Tính toán,D,2026-10-10
2017-02-13,1.2039710999999997,triệu VND/thùng,Tính toán,D,2026-10-10
2017-02-14,1.2220356,triệu VND/thùng,Tính toán,D,2026-10-10
2017-02-15,1.21341852,triệu VND/thùng,Tính toán,D,2026-10-10
2017-02-16,1.2041934399999998,triệu VND/thùng,Tính toán,D,2026-10-10
2017-02-17,1.2110359199999998,triệu VND/thùng,Tính toán,D,2026-10-10
2017-02-20,1.2282627499999998,triệu VND/thùng,Tính toán,D,2026-10-10
2017-02-21,1.25249454,triệu VND/thùng,Tính toán,D,2026-10-10
2017-02-22,1.2207014999999999,triệu VND/thùng,Tính toán,D,2026-10-10
2017-02-23,1.2409344199999999,triệu VND/thùng,Tính toán,D,2026-10-10
2017-02-24,1.21564932,triệu VND/thùng,Tính toán,D,2026-10-10
2017-02-27,1.2147602,triệu VND/thùng,Tính toán,D,2026-10-10
2017-02-28,1.18629952,triệu VND/thùng,Tính toán,D,2026-10-10
2017-03-01,1.23876704,triệu VND/thùng,Tính toán,D,2026-10-10
2017-03-02,1.2045725599999997,triệu VND/thùng,Tính toán,D,2026-10-10
2017-03-03,1.20395352,triệu VND/thùng,Tính toán,D,2026-10-10
2017-03-06,1.2175235799999997,triệu VND/thùng,Tính toán,D,2026-10-10
2017-03-07,1.21485406,triệu VND/thùng,Tính toán,D,2026-10-10
2017-03-08,1.1857118,triệu VND/thùng,Tính toán,D,2026-10-10
2017-03-09,1.1273677,triệu VND/thùng,Tính toán,D,2026-10-10
2017-03-10,1.1271756899999998,triệu VND/thùng,Tính toán,D,2026-10-10
2017-03-14,1.1041952,triệu VND/thùng,Tính toán,D,2026-10-10
2017-03-15,1.12712506,triệu VND/thùng,Tính toán,D,2026-10-10
2017-03-16,1.12506112,triệu VND/thùng,Tính toán,D,2026-10-10
2017-03-17,1.1254555800000001,triệu VND/thùng,Tính toán,D,2026-10-10
2017-03-20,1.1276101799999998,triệu VND/thùng,Tính toán,D,2026-10-10
2017-03-21,1.11581556,triệu VND/thùng,Tính toán,D,2026-10-10
2017-03-22,1.10285868,triệu VND/thùng,Tính toán,D,2026-10-10
2017-03-23,1.11643301,triệu VND/thùng,Tính toán,D,2026-10-10
2017-03-24,1.11213232,triệu VND/thùng,Tính toán,D,2026-10-10
2017-03-27,1.11547072,triệu VND/thùng,Tính toán,D,2026-10-10
2017-03-28,1.1286721599999998,triệu VND/thùng,Tính toán,D,2026-10-10
2017-03-29,1.1432736000000001,triệu VND/thùng,Tính toán,D,2026-10-10
2017-03-30,1.16334625,triệu VND/thùng,Tính toán,D,2026-10-10
2017-03-31,1.1628071999999998,triệu VND/thùng,Tính toán,D,2026-10-10
2017-04-03,1.15950324,triệu VND/thùng,Tính toán,D,2026-10-10
2017-04-04,1.18304704,triệu VND/thùng,Tính toán,D,2026-10-10
2017-04-05,1.19088277,triệu VND/thùng,Tính toán,D,2026-10-10
2017-04-06,1.1955651399999998,triệu VND/thùng,Tính toán,D,2026-10-10
2017-04-07,1.21014864,triệu VND/thùng,Tính toán,D,2026-10-10
2017-04-10,1.22269364,triệu VND/thùng,Tính toán,D,2026-10-10
2017-04-11,1.2216283299999997,triệu VND/thùng,Tính toán,D,2026-10-10
2017-04-12,1.22207475,triệu VND/thùng,Tính toán,D,2026-10-10
2017-04-13,1.228716,triệu VND/thùng,Tính toán,D,2026-10-10
2017-04-17,1.2230771699999998,triệu VND/thùng,Tính toán,D,2026-10-10
2017-04-18,1.1741898,triệu VND/thùng,Tính toán,D,2026-10-10
2017-04-19,1.1703424599999999,triệu VND/thùng,Tính toán,D,2026-10-10
2017-04-20,1.1312377999999998,triệu VND/thùng,Tính toán,D,2026-10-10
2017-04-21,1.11518655,triệu VND/thùng,Tính toán,D,2026-10-10
2017-04-24,1.10466355,triệu VND/thùng,Tính toán,D,2026-10-10
2017-04-25,1.10312328,triệu VND/thùng,Tính toán,D,2026-10-10
2017-04-26,1.11692657,triệu VND/thùng,Tính toán,D,2026-10-10
2017-04-27,1.10528262,triệu VND/thùng,Tính toán,D,2026-10-10
2017-04-28,1.105431,triệu VND/thùng,Tính toán,D,2026-10-10
2017-05-03,1.0910781799999998,triệu VND/thùng,Tính toán,D,2026-10-10
2017-05-04,1.0625331500000001,triệu VND/thùng,Tính toán,D,2026-10-10
2017-05-05,1.0606498500000001,triệu VND/thùng,Tính toán,D,2026-10-10
2017-05-08,1.0421063799999999,triệu VND/thùng,Tính toán,D,2026-10-10
2017-05-09,1.05244984,triệu VND/thùng,Tính toán,D,2026-10-10
2017-05-10,1.07591757,triệu VND/thùng,Tính toán,D,2026-10-10
2017-05-11,1.1005008600000001,triệu VND/thùng,Tính toán,D,2026-10-10
2017-05-12,1.098165,triệu VND/thùng,Tính toán,D,2026-10-10
2017-05-15,1.1475111699999998,triệu VND/thùng,Tính toán,D,2026-10-10
2017-05-16,1.1456701200000001,triệu VND/thùng,Tính toán,D,2026-10-10
2017-05-17,1.1578712,triệu VND/thùng,Tính toán,D,2026-10-10
2017-05-18,1.15664928,triệu VND/thùng,Tính toán,D,2026-10-10
2017-05-19,1.18105806,triệu VND/thùng,Tính toán,D,2026-10-10
2017-05-22,1.19370625,triệu VND/thùng,Tính toán,D,2026-10-10
2017-05-23,1.19012625,triệu VND/thùng,Tính toán,D,2026-10-10
2017-05-24,1.19284336,triệu VND/thùng,Tính toán,D,2026-10-10
2017-05-25,1.169564,triệu VND/thùng,Tính toán,D,2026-10-10
2017-05-26,1.13800256,triệu VND/thùng,Tính toán,D,2026-10-10
2017-05-29,1.169564,triệu VND/thùng,Tính toán,D,2026-10-10
2017-05-30,1.1341041499999998,triệu VND/thùng,Tính toán,D,2026-10-10
2017-05-31,1.1063623999999999,triệu VND/thùng,Tính toán,D,2026-10-10
2017-06-01,1.1289823599999997,triệu VND/thùng,Tính toán,D,2026-10-10
2017-06-02,1.08564938,triệu VND/thùng,Tính toán,D,2026-10-10
2017-06-05,1.08094475,triệu VND/thùng,Tính toán,D,2026-10-10
2017-06-06,1.07780833,triệu VND/thùng,Tính toán,D,2026-10-10
2017-06-07,1.05463908,triệu VND/thùng,Tính toán,D,2026-10-10
2017-06-08,1.0373978,triệu VND/thùng,Tính toán,D,2026-10-10
2017-06-12,1.0572094399999998,triệu VND/thùng,Tính toán,D,2026-10-10
2017-06-13,1.0520556,triệu VND/thùng,Tính toán,D,2026-10-10
2017-06-14,1.01889176,triệu VND/thùng,Tính toán,D,2026-10-10
2017-06-15,1.02189205,triệu VND/thùng,Tính toán,D,2026-10-10
2017-06-16,1.024137,triệu VND/thùng,Tính toán,D,2026-10-10
2017-06-19,1.02961281,triệu VND/thùng,Tính toán,D,2026-10-10
2017-06-20,0.9861195599999999,triệu VND/thùng,Tính toán,D,2026-10-10
2017-06-21,1.00073736,triệu VND/thùng,Tính toán,D,2026-10-10
2017-06-22,0.99737118,triệu VND/thùng,Tính toán,D,2026-10-10
2017-06-23,0.9901484799999999,triệu VND/thùng,Tính toán,D,2026-10-10
2017-06-26,0.98898279,triệu VND/thùng,Tính toán,D,2026-10-10
2017-06-27,1.03587012,triệu VND/thùng,Tính toán,D,2026-10-10
2017-06-28,1.04201285,triệu VND/thùng,Tính toán,D,2026-10-10
2017-06-29,1.05475264,triệu VND/thùng,Tính toán,D,2026-10-10
2017-06-30,1.05605148,triệu VND/thùng,Tính toán,D,2026-10-10
2017-07-03,1.10203503,triệu VND/thùng,Tính toán,D,2026-10-10
2017-07-04,1.1029259999999999,triệu VND/thùng,Tính toán,D,2026-10-10
2017-07-05,1.06788552,triệu VND/thùng,Tính toán,D,2026-10-10
2017-07-06,1.08935291,triệu VND/thùng,Tính toán,D,2026-10-10
2017-07-07,1.04311209,triệu VND/thùng,Tính toán,D,2026-10-10
2017-07-10,1.04544993,triệu VND/thùng,Tính toán,D,2026-10-10
2017-07-11,1.0479193199999999,triệu VND/thùng,Tính toán,D,2026-10-10
2017-07-12,1.04899504,triệu VND/thùng,Tính toán,D,2026-10-10
2017-07-13,1.0696472,triệu VND/thùng,Tính toán,D,2026-10-10
2017-07-14,1.07489105,triệu VND/thùng,Tính toán,D,2026-10-10
2017-07-17,1.06934742,triệu VND/thùng,Tính toán,D,2026-10-10
2017-07-18,1.07513312,triệu VND/thùng,Tính toán,D,2026-10-10
2017-07-19,1.08441122,triệu VND/thùng,Tính toán,D,2026-10-10
2017-07-20,1.08889782,triệu VND/thùng,Tính toán,D,2026-10-10
2017-07-21,1.06484704,triệu VND/thùng,Tính toán,D,2026-10-10
2017-07-24,1.07233049,triệu VND/thùng,Tính toán,D,2026-10-10
2017-07-25,1.1032825099999999,triệu VND/thùng,Tính toán,D,2026-10-10
2017-07-26,1.1234446399999998,triệu VND/thùng,Tính toán,D,2026-10-10
2017-07-27,1.1365281,triệu VND/thùng,Tính toán,D,2026-10-10
2017-07-28,1.1665159999999999,triệu VND/thùng,Tính toán,D,2026-10-10
2017-07-31,1.16623968,triệu VND/thùng,Tính toán,D,2026-10-10
2017-08-01,1.13872033,triệu VND/thùng,Tính toán,D,2026-10-10
2017-08-02,1.1683787,triệu VND/thùng,Tính toán,D,2026-10-10
2017-08-03,1.18630992,triệu VND/thùng,Tính toán,D,2026-10-10
2017-08-04,1.1773363199999998,triệu VND/thùng,Tính toán,D,2026-10-10
2017-08-07,1.1538648,triệu VND/thùng,Tính toán,D,2026-10-10
2017-08-08,1.1709192,triệu VND/thùng,Tính toán,D,2026-10-10
2017-08-09,1.1704704,triệu VND/thùng,Tính toán,D,2026-10-10
2017-08-10,1.18027737,triệu VND/thùng,Tính toán,D,2026-10-10
2017-08-11,1.15508974,triệu VND/thùng,Tính toán,D,2026-10-10
2017-08-14,1.1509988899999999,triệu VND/thùng,Tính toán,D,2026-10-10
2017-08-15,1.1199555999999997,triệu VND/thùng,Tính toán,D,2026-10-10
2017-08-16,1.1312555,triệu VND/thùng,Tính toán,D,2026-10-10
2017-08-17,1.1308065,triệu VND/thùng,Tính toán,D,2026-10-10
2017-08-18,1.1440519999999998,triệu VND/thùng,Tính toán,D,2026-10-10
2017-08-21,1.166053,triệu VND/thùng,Tính toán,D,2026-10-10
2017-08-22,1.17380592,triệu VND/thùng,Tính toán,D,2026-10-10
2017-08-23,1.17420257,triệu VND/thùng,Tính toán,D,2026-10-10
2017-08-24,1.1611833099999997,triệu VND/thùng,Tính toán,D,2026-10-10
2017-08-25,1.16427402,triệu VND/thùng,Tính toán,D,2026-10-10
2017-08-28,1.16411841,triệu VND/thùng,Tính toán,D,2026-10-10
2017-08-29,1.15869832,triệu VND/thùng,Tính toán,D,2026-10-10
2017-08-30,1.1647565799999997,triệu VND/thùng,Tính toán,D,2026-10-10
2017-08-31,1.1825216699999999,triệu VND/thùng,Tính toán,D,2026-10-10
2017-09-01,1.1928454499999999,triệu VND/thùng,Tính toán,D,2026-10-10
2017-09-04,1.1805018,triệu VND/thùng,Tính toán,D,2026-10-10
2017-09-05,1.20340357,triệu VND/thùng,Tính toán,D,2026-10-10
2017-09-08,1.2236656,triệu VND/thùng,Tính toán,D,2026-10-10
2017-09-11,1.2155976,triệu VND/thùng,Tính toán,D,2026-10-10
2017-09-12,1.23521604,triệu VND/thùng,Tính toán,D,2026-10-10
2017-09-13,1.24575776,triệu VND/thùng,Tính toán,D,2026-10-10
2017-09-14,1.2737511599999998,triệu VND/thùng,Tính toán,D,2026-10-10
2017-09-15,1.2607353799999999,triệu VND/thùng,Tính toán,D,2026-10-10
2017-09-18,1.2453645,triệu VND/thùng,Tính toán,D,2026-10-10
2017-09-19,1.26982494,triệu VND/thùng,Tính toán,D,2026-10-10
2017-09-20,1.2839112,triệu VND/thùng,Tính toán,D,2026-10-10
2017-09-21,1.2958075799999997,triệu VND/thùng,Tính toán,D,2026-10-10
2017-09-22,1.3056919999999999,triệu VND/thùng,Tính toán,D,2026-10-10
2017-09-25,1.3338601600000002,triệu VND/thùng,Tính toán,D,2026-10-10
2017-09-26,1.34219512,triệu VND/thùng,Tính toán,D,2026-10-10
2017-09-27,1.31953536,triệu VND/thùng,Tính toán,D,2026-10-10
2017-09-28,1.3212359999999999,triệu VND/thùng,Tính toán,D,2026-10-10
2017-09-29,1.2812394,triệu VND/thùng,Tính toán,D,2026-10-10
2017-10-02,1.25079356,triệu VND/thùng,Tính toán,D,2026-10-10
2017-10-03,1.26118476,triệu VND/thùng,Tính toán,D,2026-10-10
2017-10-04,1.258488,triệu VND/thùng,Tính toán,D,2026-10-10
2017-10-05,1.28269812,triệu VND/thùng,Tính toán,D,2026-10-10
2017-10-06,1.247085,triệu VND/thùng,Tính toán,D,2026-10-10
2017-10-09,1.2423110099999999,triệu VND/thùng,Tính toán,D,2026-10-10
2017-10-10,1.27208154,triệu VND/thùng,Tính toán,D,2026-10-10
2017-10-11,1.2606236700000002,triệu VND/thùng,Tính toán,D,2026-10-10
2017-10-12,1.2602868900000002,triệu VND/thùng,Tính toán,D,2026-10-10
2017-10-13,1.27667758,triệu VND/thùng,Tính toán,D,2026-10-10
2017-10-16,1.29070799,triệu VND/thùng,Tính toán,D,2026-10-10
2017-10-17,1.2939087599999999,triệu VND/thùng,Tính toán,D,2026-10-10
2017-10-18,1.303803,triệu VND/thùng,Tính toán,D,2026-10-10
2017-10-19,1.2987528400000001,triệu VND/thùng,Tính toán,D,2026-10-10
2017-10-20,1.3001515099999998,triệu VND/thùng,Tính toán,D,2026-10-10
2017-10-23,1.2960058499999998,triệu VND/thùng,Tính toán,D,2026-10-10
2017-10-24,1.29960696,triệu VND/thùng,Tính toán,D,2026-10-10
2017-10-25,1.3133715,triệu VND/thùng,Tính toán,D,2026-10-10
2017-10-26,1.31993625,triệu VND/thùng,Tính toán,D,2026-10-10
2017-10-27,1.3518110999999997,triệu VND/thùng,Tính toán,D,2026-10-10
2017-10-30,1.36323005,triệu VND/thùng,Tính toán,D,2026-10-10
2017-10-31,1.37859585,triệu VND/thùng,Tính toán,D,2026-10-10
2017-11-01,1.37009864,triệu VND/thùng,Tính toán,D,2026-10-10
2017-11-02,1.3657081399999997,triệu VND/thùng,Tính toán,D,2026-10-10
2017-11-03,1.37961604,triệu VND/thùng,Tính toán,D,2026-10-10
2017-11-06,1.4440826299999998,triệu VND/thùng,Tính toán,D,2026-10-10
2017-11-07,1.44591176,triệu VND/thùng,Tính toán,D,2026-10-10
2017-11-08,1.4371812,triệu VND/thùng,Tính toán,D,2026-10-10
2017-11-09,1.4490258099999997,triệu VND/thùng,Tính toán,D,2026-10-10
2017-11-10,1.4456227499999996,triệu VND/thùng,Tính toán,D,2026-10-10
2017-11-13,1.41375828,triệu VND/thùng,Tính toán,D,2026-10-10
2017-11-14,1.3684040599999998,triệu VND/thùng,Tính toán,D,2026-10-10
2017-11-15,1.37543,triệu VND/thùng,Tính toán,D,2026-10-10
2017-11-16,1.37342982,triệu VND/thùng,Tính toán,D,2026-10-10
2017-11-17,1.37683764,triệu VND/thùng,Tính toán,D,2026-10-10
2017-11-20,1.37659228,triệu VND/thùng,Tính toán,D,2026-10-10
2017-11-21,1.39793688,triệu VND/thùng,Tính toán,D,2026-10-10
2017-11-22,1.41198772,triệu VND/thùng,Tính toán,D,2026-10-10
2017-11-23,1.4192093700000001,triệu VND/thùng,Tính toán,D,2026-10-10
2017-11-24,1.4260993999999998,triệu VND/thùng,Tính toán,D,2026-10-10
2017-11-27,1.41876075,triệu VND/thùng,Tính toán,D,2026-10-10
2017-11-28,1.42552368,triệu VND/thùng,Tính toán,D,2026-10-10
2017-11-29,1.42956072,triệu VND/thùng,Tính toán,D,2026-10-10
2017-11-30,1.42516849,triệu VND/thùng,Tính toán,D,2026-10-10
2017-12-04,1.42312005,triệu VND/thùng,Tính toán,D,2026-10-10
2017-12-05,1.42375455,triệu VND/thùng,Tính toán,D,2026-10-10
2017-12-06,1.3970767499999999,triệu VND/thùng,Tính toán,D,2026-10-10
2017-12-07,1.3998946499999998,triệu VND/thùng,Tính toán,D,2026-10-10
2017-12-08,1.43378472,triệu VND/thùng,Tính toán,D,2026-10-10
2017-12-11,1.4734314800000001,triệu VND/thùng,Tính toán,D,2026-10-10
2017-12-12,1.4583519999999996,triệu VND/thùng,Tính toán,D,2026-10-10
2017-12-13,1.4291669999999999,triệu VND/thùng,Tính toán,D,2026-10-10
2017-12-14,1.43006796,triệu VND/thùng,Tính toán,D,2026-10-10
2017-12-15,1.43196021,triệu VND/thùng,Tính toán,D,2026-10-10
2017-12-18,1.44619355,triệu VND/thùng,Tính toán,D,2026-10-10
2017-12-19,1.4295220499999999,triệu VND/thùng,Tính toán,D,2026-10-10
2017-12-20,1.4456159100000001,triệu VND/thùng,Tính toán,D,2026-10-10
2017-12-21,1.4498752,triệu VND/thùng,Tính toán,D,2026-10-10
2017-12-22,1.4493961299999998,triệu VND/thùng,Tính toán,D,2026-10-10
2017-12-27,1.48032657,triệu VND/thùng,Tính toán,D,2026-10-10
2017-12-28,1.4980568,triệu VND/thùng,Tính toán,D,2026-10-10
2017-12-29,1.49642025,triệu VND/thùng,Tính toán,D,2026-10-10
2018-01-02,1.4939597500000001,triệu VND/thùng,Tính toán,D,2026-10-10
2018-01-03,1.5201792499999998,triệu VND/thùng,Tính toán,D,2026-10-10
2018-01-04,1.54030803,triệu VND/thùng,Tính toán,D,2026-10-10
2018-01-05,1.52390007,triệu VND/thùng,Tính toán,D,2026-10-10
2018-01-08,1.53402048,triệu VND/thùng,Tính toán,D,2026-10-10
2018-01-09,1.5484972799999999,triệu VND/thùng,Tính toán,D,2026-10-10
2018-01-10,1.56504075,triệu VND/thùng,Tính toán,D,2026-10-10
2018-01-11,1.5769786799999999,triệu VND/thùng,Tính toán,D,2026-10-10
2018-01-12,1.56035384,triệu VND/thùng,Tính toán,D,2026-10-10
2018-01-15,1.5746627599999998,triệu VND/thùng,Tính toán,D,2026-10-10
2018-01-16,1.5535884,triệu VND/thùng,Tính toán,D,2026-10-10
2018-01-17,1.5492332899999999,triệu VND/thùng,Tính toán,D,2026-10-10
2018-01-18,1.5567688800000001,triệu VND/thùng,Tính toán,D,2026-10-10
2018-01-19,1.53615536,triệu VND/thùng,Tính toán,D,2026-10-10
2018-01-22,1.5528373199999999,triệu VND/thùng,Tính toán,D,2026-10-10
2018-01-23,1.56451191,triệu VND/thùng,Tính toán,D,2026-10-10
2018-01-24,1.5671025599999997,triệu VND/thùng,Tính toán,D,2026-10-10
2018-01-25,1.5926184799999998,triệu VND/thùng,Tính toán,D,2026-10-10
2018-01-26,1.5709132799999999,triệu VND/thùng,Tính toán,D,2026-10-10
2018-01-29,1.5341626599999998,triệu VND/thùng,Tính toán,D,2026-10-10
2018-01-30,1.5210509799999998,triệu VND/thùng,Tính toán,D,2026-10-10
2018-01-31,1.5210509799999998,triệu VND/thùng,Tính toán,D,2026-10-10
2018-02-01,1.5387665999999998,triệu VND/thùng,Tính toán,D,2026-10-10
2018-02-02,1.5126336999999999,triệu VND/thùng,Tính toán,D,2026-10-10
2018-02-05,1.5192343599999998,triệu VND/thùng,Tính toán,D,2026-10-10
2018-02-06,1.4985374999999999,triệu VND/thùng,Tính toán,D,2026-10-10
2018-02-07,1.4755342999999999,triệu VND/thùng,Tính toán,D,2026-10-10
2018-02-08,1.4416731,triệu VND/thùng,Tính toán,D,2026-10-10
2018-02-09,1.4146176,triệu VND/thùng,Tính toán,D,2026-10-10
2018-02-12,1.395146,triệu VND/thùng,Tính toán,D,2026-10-10
2018-02-13,1.38980972,triệu VND/thùng,Tính toán,D,2026-10-10
2018-02-14,1.39766302,triệu VND/thùng,Tính toán,D,2026-10-10
2018-02-19,1.4573481,triệu VND/thùng,Tính toán,D,2026-10-10
2018-02-20,1.45128984,triệu VND/thùng,Tính toán,D,2026-10-10
2018-02-21,1.45323463,triệu VND/thùng,Tính toán,D,2026-10-10
2018-02-22,1.48326996,triệu VND/thùng,Tính toán,D,2026-10-10
2018-02-23,1.50457872,triệu VND/thùng,Tính toán,D,2026-10-10
2018-02-26,1.5255660799999997,triệu VND/thùng,Tính toán,D,2026-10-10
2018-02-27,1.51726032,triệu VND/thùng,Tính toán,D,2026-10-10
2018-02-28,1.48435504,triệu VND/thùng,Tính toán,D,2026-10-10
2018-03-01,1.44344079,triệu VND/thùng,Tính toán,D,2026-10-10
2018-03-02,1.4437936800000002,triệu VND/thùng,Tính toán,D,2026-10-10
2018-03-05,1.47728724,triệu VND/thùng,Tính toán,D,2026-10-10
2018-03-06,1.47481686,triệu VND/thùng,Tính toán,D,2026-10-10
2018-03-07,1.46146577,triệu VND/thùng,Tính toán,D,2026-10-10
2018-03-08,1.4334344099999998,triệu VND/thùng,Tính toán,D,2026-10-10
2018-03-09,1.4639066399999998,triệu VND/thùng,Tính toán,D,2026-10-10
2018-03-12,1.44940833,triệu VND/thùng,Tính toán,D,2026-10-10
2018-03-13,1.44129,triệu VND/thùng,Tính toán,D,2026-10-10
2018-03-14,1.4274083999999998,triệu VND/thùng,Tính toán,D,2026-10-10
2018-03-15,1.4287547999999999,triệu VND/thùng,Tính toán,D,2026-10-10
2018-03-16,1.4517426,triệu VND/thùng,Tính toán,D,2026-10-10
2018-03-19,1.4555330999999998,triệu VND/thùng,Tính toán,D,2026-10-10
2018-03-20,1.4817,triệu VND/thùng,Tính toán,D,2026-10-10
2018-03-21,1.53058085,triệu VND/thùng,Tính toán,D,2026-10-10
2018-03-22,1.54873896,triệu VND/thùng,Tính toán,D,2026-10-10
2018-03-23,1.55006865,triệu VND/thùng,Tính toán,D,2026-10-10
2018-03-26,1.54512855,triệu VND/thùng,Tính toán,D,2026-10-10
2018-03-27,1.5402630899999998,triệu VND/thùng,Tính toán,D,2026-10-10
2018-03-28,1.5297228899999997,triệu VND/thùng,Tính toán,D,2026-10-10
2018-03-29,1.5503962599999999,triệu VND/thùng,Tính toán,D,2026-10-10
2018-04-03,1.5489468399999997,triệu VND/thùng,Tính toán,D,2026-10-10
2018-04-04,1.48306028,triệu VND/thùng,Tính toán,D,2026-10-10
2018-04-05,1.4949541800000001,triệu VND/thùng,Tính toán,D,2026-10-10
2018-04-06,1.4949452699999999,triệu VND/thùng,Tính toán,D,2026-10-10
2018-04-11,1.6349769799999998,triệu VND/thùng,Tính toán,D,2026-10-10
2018-04-12,1.6057568799999997,triệu VND/thùng,Tính toán,D,2026-10-10
2018-04-13,1.64596456,triệu VND/thùng,Tính toán,D,2026-10-10
2018-04-16,1.6201883499999998,triệu VND/thùng,Tính toán,D,2026-10-10
2018-04-17,1.6118256699999998,triệu VND/thùng,Tính toán,D,2026-10-10
2018-04-18,1.65759786,triệu VND/thùng,Tính toán,D,2026-10-10
2018-04-19,1.6835262,triệu VND/thùng,Tính toán,D,2026-10-10
2018-04-20,1.67880076,triệu VND/thùng,Tính toán,D,2026-10-10
2018-04-23,1.67767178,triệu VND/thùng,Tính toán,D,2026-10-10
2018-04-24,1.70851892,triệu VND/thùng,Tính toán,D,2026-10-10
2018-04-26,1.69906443,triệu VND/thùng,Tính toán,D,2026-10-10
2018-04-27,1.6978628699999998,triệu VND/thùng,Tính toán,D,2026-10-10
2018-05-02,1.6491607199999998,triệu VND/thùng,Tính toán,D,2026-10-10
2018-05-03,1.65681165,triệu VND/thùng,Tính toán,D,2026-10-10
2018-05-04,1.685762,triệu VND/thùng,Tính toán,D,2026-10-10
2018-05-08,1.6734945599999997,triệu VND/thùng,Tính toán,D,2026-10-10
2018-05-09,1.7512767999999996,triệu VND/thùng,Tính toán,D,2026-10-10
2018-05-10,1.75182702,triệu VND/thùng,Tính toán,D,2026-10-10
2018-05-14,1.7627335,triệu VND/thùng,Tính toán,D,2026-10-10
2018-05-15,1.7799391199999999,triệu VND/thùng,Tính toán,D,2026-10-10
2018-05-16,1.7645919199999998,triệu VND/thùng,Tính toán,D,2026-10-10
2018-05-17,1.80875256,triệu VND/thùng,Tính toán,D,2026-10-10
2018-05-18,1.7706042,triệu VND/thùng,Tính toán,D,2026-10-10
2018-05-21,1.7697006,triệu VND/thùng,Tính toán,D,2026-10-10
2018-05-22,1.8170899,triệu VND/thùng,Tính toán,D,2026-10-10
2018-05-23,1.77713496,triệu VND/thùng,Tính toán,D,2026-10-10
2018-05-24,1.7822721,triệu VND/thùng,Tính toán,D,2026-10-10
2018-05-25,1.7303174,triệu VND/thùng,Tính toán,D,2026-10-10
2018-05-29,1.68429855,triệu VND/thùng,Tính toán,D,2026-10-10
2018-05-30,1.7143551,triệu VND/thùng,Tính toán,D,2026-10-10
2018-05-31,1.7273877499999999,triệu VND/thùng,Tính toán,D,2026-10-10
2018-06-01,1.6820696400000001,triệu VND/thùng,Tính toán,D,2026-10-10
2018-06-04,1.6569371099999999,triệu VND/thùng,Tính toán,D,2026-10-10
2018-06-05,1.6456516099999998,triệu VND/thùng,Tính toán,D,2026-10-10
2018-06-06,1.65258141,triệu VND/thùng,Tính toán,D,2026-10-10
2018-06-07,1.69733926,triệu VND/thùng,Tính toán,D,2026-10-10
2018-06-08,1.6943313799999997,triệu VND/thùng,Tính toán,D,2026-10-10
2018-06-12,1.6899644999999999,triệu VND/thùng,Tính toán,D,2026-10-10
2018-06-13,1.6949304599999997,triệu VND/thùng,Tính toán,D,2026-10-10
2018-06-14,1.6885309099999999,triệu VND/thùng,Tính toán,D,2026-10-10
2018-06-15,1.6272919,triệu VND/thùng,Tính toán,D,2026-10-10
2018-06-18,1.6922117399999999,triệu VND/thùng,Tính toán,D,2026-10-10
2018-06-19,1.69334184,triệu VND/thùng,Tính toán,D,2026-10-10
2018-06-20,1.67931225,triệu VND/thùng,Tính toán,D,2026-10-10
2018-06-21,1.64846514,triệu VND/thùng,Tính toán,D,2026-10-10
2018-06-22,1.6664154,triệu VND/thùng,Tính toán,D,2026-10-10
2018-06-25,1.6468242999999998,triệu VND/thùng,Tính toán,D,2026-10-10
2018-06-26,1.6647474999999998,triệu VND/thùng,Tính toán,D,2026-10-10
2018-06-27,1.7226776,triệu VND/thùng,Tính toán,D,2026-10-10
2018-06-28,1.7276703,triệu VND/thùng,Tính toán,D,2026-10-10
2018-06-29,1.754016,triệu VND/thùng,Tính toán,D,2026-10-10
2018-07-02,1.7363308499999999,triệu VND/thùng,Tính toán,D,2026-10-10
2018-07-03,1.7173174500000001,triệu VND/thùng,Tính toán,D,2026-10-10
2018-07-04,1.7422836999999998,triệu VND/thùng,Tính toán,D,2026-10-10
2018-07-05,1.7451634200000001,triệu VND/thùng,Tính toán,D,2026-10-10
2018-07-06,1.69739724,triệu VND/thùng,Tính toán,D,2026-10-10
2018-07-11,1.7064514499999999,triệu VND/thùng,Tính toán,D,2026-10-10
2018-07-12,1.6334357199999998,triệu VND/thùng,Tính toán,D,2026-10-10
2018-07-13,1.67844328,triệu VND/thùng,Tính toán,D,2026-10-10
2018-07-16,1.60904259,triệu VND/thùng,Tính toán,D,2026-10-10
2018-07-17,1.6047094100000001,triệu VND/thùng,Tính toán,D,2026-10-10
2018-07-18,1.59720748,triệu VND/thùng,Tính toán,D,2026-10-10
2018-07-19,1.63030428,triệu VND/thùng,Tính toán,D,2026-10-10
2018-07-20,1.6312934,triệu VND/thùng,Tính toán,D,2026-10-10
2018-07-23,1.6632018,triệu VND/thùng,Tính toán,D,2026-10-10
2018-07-24,1.66574862,triệu VND/thùng,Tính toán,D,2026-10-10
2018-07-25,1.6689201799999998,triệu VND/thùng,Tính toán,D,2026-10-10
2018-07-26,1.6875769900000002,triệu VND/thùng,Tính toán,D,2026-10-10
2018-07-27,1.69505116,triệu VND/thùng,Tính toán,D,2026-10-10
2018-07-30,1.69919841,triệu VND/thùng,Tính toán,D,2026-10-10
2018-07-31,1.68113304,triệu VND/thùng,Tính toán,D,2026-10-10
2018-08-01,1.63851532,triệu VND/thùng,Tính toán,D,2026-10-10
2018-08-02,1.6534847,triệu VND/thùng,Tính toán,D,2026-10-10
2018-08-03,1.64355648,triệu VND/thùng,Tính toán,D,2026-10-10
2018-08-06,1.6442367599999999,triệu VND/thùng,Tính toán,D,2026-10-10
2018-08-07,1.63970156,triệu VND/thùng,Tính toán,D,2026-10-10
2018-08-08,1.6030664099999998,triệu VND/thùng,Tính toán,D,2026-10-10
2018-08-09,1.5990863,triệu VND/thùng,Tính toán,D,2026-10-10
2018-08-10,1.609996,triệu VND/thùng,Tính toán,D,2026-10-10
2018-08-13,1.60208532,triệu VND/thùng,Tính toán,D,2026-10-10
2018-08-14,1.6054882199999998,triệu VND/thùng,Tính toán,D,2026-10-10
2018-08-15,1.5512002999999996,triệu VND/thùng,Tính toán,D,2026-10-10
2018-08-16,1.5704441099999997,triệu VND/thùng,Tính toán,D,2026-10-10
2018-08-17,1.59140646,triệu VND/thùng,Tính toán,D,2026-10-10
2018-08-20,1.61305924,triệu VND/thùng,Tính toán,D,2026-10-10
2018-08-21,1.62495035,triệu VND/thùng,Tính toán,D,2026-10-10
2018-08-22,1.6542950399999998,triệu VND/thùng,Tính toán,D,2026-10-10
2018-08-23,1.67204894,triệu VND/thùng,Tính toán,D,2026-10-10
2018-08-24,1.6882140799999998,triệu VND/thùng,Tính toán,D,2026-10-10
2018-08-27,1.6878420299999999,triệu VND/thùng,Tính toán,D,2026-10-10
2018-08-28,1.7214869799999999,triệu VND/thùng,Tính toán,D,2026-10-10
2018-08-29,1.7247351099999997,triệu VND/thùng,Tính toán,D,2026-10-10
2018-08-30,1.7477251499999997,triệu VND/thùng,Tính toán,D,2026-10-10
2018-08-31,1.7448453199999998,triệu VND/thùng,Tính toán,D,2026-10-10
2018-09-04,1.7585468800000001,triệu VND/thùng,Tính toán,D,2026-10-10
2018-09-05,1.73971584,triệu VND/thùng,Tính toán,D,2026-10-10
2018-09-10,1.7422183799999997,triệu VND/thùng,Tính toán,D,2026-10-10
2018-09-11,1.7758286599999997,triệu VND/thùng,Tính toán,D,2026-10-10
2018-09-12,1.8162939599999999,triệu VND/thùng,Tính toán,D,2026-10-10
2018-09-13,1.7624936999999998,triệu VND/thùng,Tính toán,D,2026-10-10
2018-09-14,1.7668703,triệu VND/thùng,Tính toán,D,2026-10-10
2018-09-17,1.7748118,triệu VND/thùng,Tính toán,D,2026-10-10
2018-09-18,1.798975,triệu VND/thùng,Tính toán,D,2026-10-10
2018-09-19,1.8038553,triệu VND/thùng,Tính toán,D,2026-10-10
2018-09-20,1.79437615,triệu VND/thùng,Tính toán,D,2026-10-10
2018-09-21,1.7919768,triệu VND/thùng,Tính toán,D,2026-10-10
2018-09-24,1.83693101,triệu VND/thùng,Tính toán,D,2026-10-10
2018-09-25,1.86740015,triệu VND/thùng,Tính toán,D,2026-10-10
2018-09-26,1.85984079,triệu VND/thùng,Tính toán,D,2026-10-10
2018-09-27,1.8521811,triệu VND/thùng,Tính toán,D,2026-10-10
2018-09-28,1.87890208,triệu VND/thùng,Tính toán,D,2026-10-10
2018-10-01,1.92924222,triệu VND/thùng,Tính toán,D,2026-10-10
2018-10-02,1.9451710799999997,triệu VND/thùng,Tính toán,D,2026-10-10
2018-10-03,1.9412531,triệu VND/thùng,Tính toán,D,2026-10-10
2018-10-04,1.9555103999999999,triệu VND/thùng,Tính toán,D,2026-10-10
2018-10-05,1.9339264,triệu VND/thùng,Tính toán,D,2026-10-10
2018-10-08,1.9135626199999998,triệu VND/thùng,Tính toán,D,2026-10-10
2018-10-09,1.9350906799999998,triệu VND/thùng,Tính toán,D,2026-10-10
2018-10-10,1.9044742199999996,triệu VND/thùng,Tính toán,D,2026-10-10
2018-10-11,1.8481906499999998,triệu VND/thùng,Tính toán,D,2026-10-10
2018-10-12,1.8338119099999999,triệu VND/thùng,Tính toán,D,2026-10-10
2018-10-15,1.83819429,triệu VND/thùng,Tính toán,D,2026-10-10
2018-10-16,1.8294000099999999,triệu VND/thùng,Tính toán,D,2026-10-10
2018-10-17,1.81515565,triệu VND/thùng,Tính toán,D,2026-10-10
2018-10-18,1.8241750999999997,triệu VND/thùng,Tính toán,D,2026-10-10
2018-10-19,1.82615322,triệu VND/thùng,Tính toán,D,2026-10-10
2018-10-22,1.82758265,triệu VND/thùng,Tính toán,D,2026-10-10
2018-10-23,1.7873037299999999,triệu VND/thùng,Tính toán,D,2026-10-10
2018-10-24,1.75724214,triệu VND/thùng,Tính toán,D,2026-10-10
2018-10-25,1.7563332999999999,triệu VND/thùng,Tính toán,D,2026-10-10
2018-10-26,1.7587602,triệu VND/thùng,Tính toán,D,2026-10-10
2018-10-29,1.7623183199999999,triệu VND/thùng,Tính toán,D,2026-10-10
2018-10-30,1.71975232,triệu VND/thùng,Tính toán,D,2026-10-10
2018-10-31,1.70081384,triệu VND/thùng,Tính toán,D,2026-10-10
2018-11-01,1.61929875,triệu VND/thùng,Tính toán,D,2026-10-10
2018-11-02,1.61597475,triệu VND/thùng,Tính toán,D,2026-10-10
2018-11-06,1.605294,triệu VND/thùng,Tính toán,D,2026-10-10
2018-11-07,1.5931627,triệu VND/thùng,Tính toán,D,2026-10-10
2018-11-08,1.5746152500000001,triệu VND/thùng,Tính toán,D,2026-10-10
2018-11-09,1.5681142300000002,triệu VND/thùng,Tính toán,D,2026-10-10
2018-11-12,1.5864322499999999,triệu VND/thùng,Tính toán,D,2026-10-10
2018-11-13,1.4874821500000002,triệu VND/thùng,Tính toán,D,2026-10-10
2018-11-14,1.4743979999999999,triệu VND/thùng,Tính toán,D,2026-10-10
2018-11-15,1.49085603,triệu VND/thùng,Tính toán,D,2026-10-10
2018-11-16,1.48345409,triệu VND/thùng,Tính toán,D,2026-10-10
2018-11-19,1.45732494,triệu VND/thùng,Tính toán,D,2026-10-10
2018-11-20,1.397649,triệu VND/thùng,Tính toán,D,2026-10-10
2018-11-21,1.4013661499999999,triệu VND/thùng,Tính toán,D,2026-10-10
2018-11-22,1.3892136299999998,triệu VND/thùng,Tính toán,D,2026-10-10
2018-11-23,1.3120436699999998,triệu VND/thùng,Tính toán,D,2026-10-10
2018-11-26,1.3577571,triệu VND/thùng,Tính toán,D,2026-10-10
2018-11-27,1.35526626,triệu VND/thùng,Tính toán,D,2026-10-10
2018-11-28,1.31864359,triệu VND/thùng,Tính toán,D,2026-10-10
2018-11-29,1.3259226299999998,triệu VND/thùng,Tính toán,D,2026-10-10
2018-11-30,1.3129024999999999,triệu VND/thùng,Tính toán,D,2026-10-10
2018-12-05,1.3972798,triệu VND/thùng,Tính toán,D,2026-10-10
2018-12-06,1.31632646,triệu VND/thùng,Tính toán,D,2026-10-10
2018-12-07,1.40476644,triệu VND/thùng,Tính toán,D,2026-10-10
2018-12-10,1.3725621399999999,triệu VND/thùng,Tính toán,D,2026-10-10
2018-12-11,1.3603507499999998,triệu VND/thùng,Tính toán,D,2026-10-10
2018-12-12,1.3651335,triệu VND/thùng,Tính toán,D,2026-10-10
2018-12-13,1.34429019,triệu VND/thùng,Tính toán,D,2026-10-10
2018-12-14,1.3338796800000001,triệu VND/thùng,Tính toán,D,2026-10-10
2018-12-17,1.31207297,triệu VND/thùng,Tính toán,D,2026-10-10
2018-12-18,1.2592096199999998,triệu VND/thùng,Tính toán,D,2026-10-10
2018-12-19,1.266846,triệu VND/thùng,Tính toán,D,2026-10-10
2018-12-20,1.2039594,triệu VND/thùng,Tính toán,D,2026-10-10
2018-12-21,1.18322505,triệu VND/thùng,Tính toán,D,2026-10-10
2018-12-27,1.17422945,triệu VND/thùng,Tính toán,D,2026-10-10
2018-12-28,1.1542602499999999,triệu VND/thùng,Tính toán,D,2026-10-10
2019-01-02,1.2339194999999998,triệu VND/thùng,Tính toán,D,2026-10-10
2019-01-07,1.3035359000000002,triệu VND/thùng,Tính toán,D,2026-10-10
2019-01-08,1.2990845699999998,triệu VND/thùng,Tính toán,D,2026-10-10
2019-01-09,1.3577691,triệu VND/thùng,Tính toán,D,2026-10-10
2019-01-10,1.3805300999999999,triệu VND/thùng,Tính toán,D,2026-10-10
2019-01-11,1.3527454,triệu VND/thùng,Tính toán,D,2026-10-10
2019-01-14,1.3428155999999998,triệu VND/thùng,Tính toán,D,2026-10-10
2019-01-15,1.3401524999999999,triệu VND/thùng,Tính toán,D,2026-10-10
2019-01-16,1.3670771700000002,triệu VND/thùng,Tính toán,D,2026-10-10
2019-01-17,1.36787175,triệu VND/thùng,Tính toán,D,2026-10-10
2019-01-18,1.41835848,triệu VND/thùng,Tính toán,D,2026-10-10
2019-01-21,1.4220566000000001,triệu VND/thùng,Tính toán,D,2026-10-10
2019-01-22,1.3933310999999997,triệu VND/thùng,Tính toán,D,2026-10-10
2019-01-23,1.3967629499999998,triệu VND/thùng,Tính toán,D,2026-10-10
2019-01-24,1.39743375,triệu VND/thùng,Tính toán,D,2026-10-10
2019-01-25,1.4068911999999998,triệu VND/thùng,Tính toán,D,2026-10-10
2019-01-28,1.3648511799999998,triệu VND/thùng,Tính toán,D,2026-10-10
2019-01-29,1.3938808399999998,triệu VND/thùng,Tính toán,D,2026-10-10
2019-01-30,1.41530052,triệu VND/thùng,Tính toán,D,2026-10-10
2019-01-31,1.42833528,triệu VND/thùng,Tính toán,D,2026-10-10
2019-02-01,1.4145526199999998,triệu VND/thùng,Tính toán,D,2026-10-10
2019-02-11,1.4034635,triệu VND/thùng,Tính toán,D,2026-10-10
2019-02-12,1.4333949,triệu VND/thùng,Tính toán,D,2026-10-10
2019-02-13,1.44894627,triệu VND/thùng,Tính toán,D,2026-10-10
2019-02-14,1.4656639999999999,triệu VND/thùng,Tính toán,D,2026-10-10
2019-02-15,1.5043697500000002,triệu VND/thùng,Tính toán,D,2026-10-10
2019-02-18,1.5216523299999998,triệu VND/thùng,Tính toán,D,2026-10-10
2019-02-19,1.50865502,triệu VND/thùng,Tính toán,D,2026-10-10
2019-02-20,1.5305120999999997,triệu VND/thùng,Tính toán,D,2026-10-10
2019-02-21,1.5324397299999999,triệu VND/thùng,Tính toán,D,2026-10-10
2019-02-22,1.5326404599999999,triệu VND/thùng,Tính toán,D,2026-10-10
2019-02-25,1.46676222,triệu VND/thùng,Tính toán,D,2026-10-10
2019-02-26,1.4779241,triệu VND/thùng,Tính toán,D,2026-10-10
2019-02-27,1.5016193999999998,triệu VND/thùng,Tính toán,D,2026-10-10
2019-02-28,1.49016245,triệu VND/thùng,Tính toán,D,2026-10-10
2019-03-01,1.46042433,triệu VND/thùng,Tính toán,D,2026-10-10
2019-03-04,1.4776091999999998,triệu VND/thùng,Tính toán,D,2026-10-10
2019-03-05,1.4735371199999998,triệu VND/thùng,Tính toán,D,2026-10-10
2019-03-06,1.4798594,triệu VND/thùng,Tính toán,D,2026-10-10
2019-03-07,1.4869707999999997,triệu VND/thùng,Tính toán,D,2026-10-10
2019-03-08,1.5066343599999998,triệu VND/thùng,Tính toán,D,2026-10-10
2019-03-13,1.51197783,triệu VND/thùng,Tính toán,D,2026-10-10
2019-03-14,1.51896336,triệu VND/thùng,Tính toán,D,2026-10-10
2019-03-15,1.51768727,triệu VND/thùng,Tính toán,D,2026-10-10
2019-03-18,1.5297508,triệu VND/thùng,Tính toán,D,2026-10-10
2019-03-19,1.5413047999999998,triệu VND/thùng,Tính toán,D,2026-10-10
2019-03-20,1.5691792999999998,triệu VND/thùng,Tính toán,D,2026-10-10
2019-03-21,1.5676898999999997,triệu VND/thùng,Tính toán,D,2026-10-10
2019-03-22,1.52181953,triệu VND/thùng,Tính toán,D,2026-10-10
2019-03-25,1.54708468,triệu VND/thùng,Tính toán,D,2026-10-10
2019-03-26,1.55009711,triệu VND/thùng,Tính toán,D,2026-10-10
2019-03-27,1.5472315499999998,triệu VND/thùng,Tính toán,D,2026-10-10
2019-03-28,1.5183862399999999,triệu VND/thùng,Tính toán,D,2026-10-10
2019-03-29,1.5610314,triệu VND/thùng,Tính toán,D,2026-10-10
2019-04-01,1.58718208,triệu VND/thùng,Tính toán,D,2026-10-10
2019-04-02,1.6009676800000001,triệu VND/thùng,Tính toán,D,2026-10-10
2019-04-03,1.59065343,triệu VND/thùng,Tính toán,D,2026-10-10
2019-04-04,1.6038643999999997,triệu VND/thùng,Tính toán,D,2026-10-10
2019-04-05,1.60755084,triệu VND/thùng,Tính toán,D,2026-10-10
2019-04-08,1.63490656,triệu VND/thùng,Tính toán,D,2026-10-10
2019-04-09,1.63296286,triệu VND/thùng,Tính toán,D,2026-10-10
2019-04-10,1.6467020699999997,triệu VND/thùng,Tính toán,D,2026-10-10
2019-04-11,1.6392583,triệu VND/thùng,Tính toán,D,2026-10-10
2019-04-12,1.6458237199999997,triệu VND/thùng,Tính toán,D,2026-10-10
2019-04-16,1.6263125999999999,triệu VND/thùng,Tính toán,D,2026-10-10
2019-04-17,1.6355797399999998,triệu VND/thùng,Tính toán,D,2026-10-10
2019-04-18,1.6254814799999997,triệu VND/thùng,Tính toán,D,2026-10-10
2019-04-22,1.62604716,triệu VND/thùng,Tính toán,D,2026-10-10
2019-04-23,1.71126756,triệu VND/thùng,Tính toán,D,2026-10-10
2019-04-24,1.69352667,triệu VND/thùng,Tính toán,D,2026-10-10
2019-04-25,1.7249689199999998,triệu VND/thùng,Tính toán,D,2026-10-10
2019-04-26,1.63567884,triệu VND/thùng,Tính toán,D,2026-10-10
2019-04-29,1.6400541599999998,triệu VND/thùng,Tính toán,D,2026-10-10
2019-05-02,1.62520848,triệu VND/thùng,Tính toán,D,2026-10-10
2019-05-03,1.6570084999999999,triệu VND/thùng,Tính toán,D,2026-10-10
2019-05-06,1.6570084999999999,triệu VND/thùng,Tính toán,D,2026-10-10
2019-05-07,1.6353792,triệu VND/thùng,Tính toán,D,2026-10-10
2019-05-08,1.6383401400000002,triệu VND/thùng,Tính toán,D,2026-10-10
2019-05-09,1.62763111,triệu VND/thùng,Tính toán,D,2026-10-10
2019-05-10,1.6515729099999998,triệu VND/thùng,Tính toán,D,2026-10-10
2019-05-14,1.67210662,triệu VND/thùng,Tính toán,D,2026-10-10
2019-05-15,1.68574776,triệu VND/thùng,Tính toán,D,2026-10-10
2019-05-16,1.7222832,triệu VND/thùng,Tính toán,D,2026-10-10
2019-05-17,1.7046127599999998,triệu VND/thùng,Tính toán,D,2026-10-10
2019-05-20,1.6888814899999998,triệu VND/thùng,Tính toán,D,2026-10-10
2019-05-21,1.6826528599999997,triệu VND/thùng,Tính toán,D,2026-10-10
2019-05-22,1.65936804,triệu VND/thùng,Tính toán,D,2026-10-10
2019-05-23,1.57681731,triệu VND/thùng,Tính toán,D,2026-10-10
2019-05-24,1.56802668,triệu VND/thùng,Tính toán,D,2026-10-10
2019-05-28,1.6185112099999999,triệu VND/thùng,Tính toán,D,2026-10-10
2019-05-29,1.62924096,triệu VND/thùng,Tính toán,D,2026-10-10
2019-05-30,1.6043098499999997,triệu VND/thùng,Tính toán,D,2026-10-10
2019-05-31,1.5402806999999998,triệu VND/thùng,Tính toán,D,2026-10-10
2019-06-03,1.4564695999999997,triệu VND/thùng,Tính toán,D,2026-10-10
2019-06-04,1.4651851200000001,triệu VND/thùng,Tính toán,D,2026-10-10
2019-06-05,1.43245128,triệu VND/thùng,Tính toán,D,2026-10-10
2019-06-06,1.4474762,triệu VND/thùng,Tính toán,D,2026-10-10
2019-06-07,1.4780177999999997,triệu VND/thùng,Tính toán,D,2026-10-10
2019-06-12,1.42163296,triệu VND/thùng,Tính toán,D,2026-10-10
2019-06-13,1.4592368,triệu VND/thùng,Tính toán,D,2026-10-10
2019-06-14,1.45571467,triệu VND/thùng,Tính toán,D,2026-10-10
2019-06-17,1.44319664,triệu VND/thùng,Tính toán,D,2026-10-10
2019-06-18,1.4617379000000001,triệu VND/thùng,Tính toán,D,2026-10-10
2019-06-19,1.4499495,triệu VND/thùng,Tính toán,D,2026-10-10
2019-06-20,1.5093735999999998,triệu VND/thùng,Tính toán,D,2026-10-10
2019-06-21,1.5213994499999999,triệu VND/thùng,Tính toán,D,2026-10-10
2019-06-24,1.50213348,triệu VND/thùng,Tính toán,D,2026-10-10
2019-06-25,1.5268319999999997,triệu VND/thùng,Tính toán,D,2026-10-10
2019-06-26,1.5412267499999996,triệu VND/thùng,Tính toán,D,2026-10-10
2019-06-27,1.5402806999999998,triệu VND/thùng,Tính toán,D,2026-10-10
2019-06-28,1.5574163199999997,triệu VND/thùng,Tính toán,D,2026-10-10
2019-07-01,1.5008153999999998,triệu VND/thùng,Tính toán,D,2026-10-10
2019-07-02,1.44575872,triệu VND/thùng,Tính toán,D,2026-10-10
2019-07-04,1.4671408199999998,triệu VND/thùng,Tính toán,D,2026-10-10
2019-07-05,1.48120803,triệu VND/thùng,Tính toán,D,2026-10-10
2019-07-08,1.49720697,triệu VND/thùng,Tính toán,D,2026-10-10
2019-07-11,1.5600489599999998,triệu VND/thùng,Tính toán,D,2026-10-10
2019-07-12,1.53688235,triệu VND/thùng,Tính toán,D,2026-10-10
2019-07-15,1.5419921799999998,triệu VND/thùng,Tính toán,D,2026-10-10
2019-07-16,1.51909394,triệu VND/thùng,Tính toán,D,2026-10-10
2019-07-17,1.46873956,triệu VND/thùng,Tính toán,D,2026-10-10
2019-07-18,1.4004704000000001,triệu VND/thùng,Tính toán,D,2026-10-10
2019-07-19,1.40800968,triệu VND/thùng,Tính toán,D,2026-10-10
2019-07-22,1.4298509199999998,triệu VND/thùng,Tính toán,D,2026-10-10
2019-07-23,1.43723556,triệu VND/thùng,Tính toán,D,2026-10-10
2019-07-24,1.47294108,triệu VND/thùng,Tính toán,D,2026-10-10
2019-07-25,1.46437984,triệu VND/thùng,Tính toán,D,2026-10-10
2019-07-26,1.4415143400000001,triệu VND/thùng,Tính toán,D,2026-10-10
2019-07-29,1.4379646499999998,triệu VND/thùng,Tính toán,D,2026-10-10
2019-07-30,1.44396675,triệu VND/thùng,Tính toán,D,2026-10-10
2019-07-31,1.47828711,triệu VND/thùng,Tính toán,D,2026-10-10
2019-08-01,1.4516690999999997,triệu VND/thùng,Tính toán,D,2026-10-10
2019-08-02,1.4112608,triệu VND/thùng,Tính toán,D,2026-10-10
2019-08-05,1.3702919999999998,triệu VND/thùng,Tính toán,D,2026-10-10
2019-08-06,1.35523245,triệu VND/thùng,Tính toán,D,2026-10-10
2019-08-09,1.32536174,triệu VND/thùng,Tính toán,D,2026-10-10
2019-08-12,1.3197029999999998,triệu VND/thùng,Tính toán,D,2026-10-10
2019-08-13,1.3843488999999998,triệu VND/thùng,Tính toán,D,2026-10-10
2019-08-14,1.33778106,triệu VND/thùng,Tính toán,D,2026-10-10
2019-08-15,1.32610755,triệu VND/thùng,Tính toán,D,2026-10-10
2019-08-16,1.36408,triệu VND/thùng,Tính toán,D,2026-10-10
2019-08-19,1.3824643799999998,triệu VND/thùng,Tính toán,D,2026-10-10
2019-08-20,1.3647736000000001,triệu VND/thùng,Tính toán,D,2026-10-10
2019-08-21,1.4010719999999999,triệu VND/thùng,Tính toán,D,2026-10-10
2019-08-22,1.3825679599999998,triệu VND/thùng,Tính toán,D,2026-10-10
2019-08-23,1.35616728,triệu VND/thùng,Tính toán,D,2026-10-10
2019-08-26,1.35540496,triệu VND/thùng,Tính toán,D,2026-10-10
2019-08-27,1.3517172,triệu VND/thùng,Tính toán,D,2026-10-10
2019-08-28,1.3974541799999998,triệu VND/thùng,Tính toán,D,2026-10-10
2019-08-29,1.40162847,triệu VND/thùng,Tính toán,D,2026-10-10
2019-08-30,1.41203832,triệu VND/thùng,Tính toán,D,2026-10-10
2019-09-03,1.34044227,triệu VND/thùng,Tính toán,D,2026-10-10
2019-09-04,1.40449928,triệu VND/thùng,Tính toán,D,2026-10-10
2019-09-05,1.450878,triệu VND/thùng,Tính toán,D,2026-10-10
2019-09-09,1.4802166799999998,triệu VND/thùng,Tính toán,D,2026-10-10
2019-09-10,1.49614045,triệu VND/thùng,Tính toán,D,2026-10-10
2019-09-11,1.4576526,triệu VND/thùng,Tính toán,D,2026-10-10
2019-09-12,1.4058648799999998,triệu VND/thùng,Tính toán,D,2026-10-10
2019-09-13,1.41689625,triệu VND/thùng,Tính toán,D,2026-10-10
2019-09-16,1.5825546,triệu VND/thùng,Tính toán,D,2026-10-10
2019-09-17,1.5174246500000002,triệu VND/thùng,Tính toán,D,2026-10-10
2019-09-18,1.4878634700000002,triệu VND/thùng,Tính toán,D,2026-10-10
2019-09-19,1.48719475,triệu VND/thùng,Tính toán,D,2026-10-10
2019-09-20,1.50955266,triệu VND/thùng,Tính toán,D,2026-10-10
2019-09-23,1.4960384199999999,triệu VND/thùng,Tính toán,D,2026-10-10
2019-09-24,1.4846095,triệu VND/thùng,Tính toán,D,2026-10-10
2019-09-25,1.44447945,triệu VND/thùng,Tính toán,D,2026-10-10
2019-09-26,1.4374623999999998,triệu VND/thùng,Tính toán,D,2026-10-10
2019-09-27,1.4470367999999998,triệu VND/thùng,Tính toán,D,2026-10-10
2019-09-30,1.4125893900000002,triệu VND/thùng,Tính toán,D,2026-10-10
2019-10-01,1.3912899,triệu VND/thùng,Tính toán,D,2026-10-10
2019-10-02,1.3416009599999998,triệu VND/thùng,Tính toán,D,2026-10-10
2019-10-03,1.3435696099999999,triệu VND/thùng,Tính toán,D,2026-10-10
2019-10-04,1.3693916700000002,triệu VND/thùng,Tính toán,D,2026-10-10
2019-10-08,1.34634798,triệu VND/thùng,Tính toán,D,2026-10-10
2019-10-09,1.3824131999999998,triệu VND/thùng,Tính toán,D,2026-10-10
2019-10-10,1.36811556,triệu VND/thùng,Tính toán,D,2026-10-10
2019-10-11,1.4029008600000001,triệu VND/thùng,Tính toán,D,2026-10-10
2019-10-14,1.3614515,triệu VND/thùng,Tính toán,D,2026-10-10
2019-10-15,1.3702485,triệu VND/thùng,Tính toán,D,2026-10-10
2019-10-16,1.3732100999999999,triệu VND/thùng,Tính toán,D,2026-10-10
2019-10-17,1.3744866500000001,triệu VND/thùng,Tính toán,D,2026-10-10
2019-10-18,1.38831384,triệu VND/thùng,Tính toán,D,2026-10-10
2019-10-21,1.36486935,triệu VND/thùng,Tính toán,D,2026-10-10
2019-10-22,1.4004539999999999,triệu VND/thùng,Tính toán,D,2026-10-10
2019-10-23,1.40128008,triệu VND/thùng,Tính toán,D,2026-10-10
2019-10-24,1.42889505,triệu VND/thùng,Tính toán,D,2026-10-10
2019-10-25,1.4369993,triệu VND/thùng,Tính toán,D,2026-10-10
2019-10-28,1.39814928,triệu VND/thùng,Tính toán,D,2026-10-10
2019-10-29,1.41324645,triệu VND/thùng,Tính toán,D,2026-10-10
2019-10-30,1.3937918999999999,triệu VND/thùng,Tính toán,D,2026-10-10
2019-10-31,1.3724984999999998,triệu VND/thùng,Tính toán,D,2026-10-10
2019-11-01,1.3922134599999998,triệu VND/thùng,Tính toán,D,2026-10-10
2019-11-04,1.4464002,triệu VND/thùng,Tính toán,D,2026-10-10
2019-11-05,1.4510272,triệu VND/thùng,Tính toán,D,2026-10-10
2019-11-06,1.43654219,triệu VND/thùng,Tính toán,D,2026-10-10
2019-11-07,1.4481884,triệu VND/thùng,Tính toán,D,2026-10-10
2019-11-08,1.434246,triệu VND/thùng,Tính toán,D,2026-10-10
2019-11-11,1.4474753999999999,triệu VND/thùng,Tính toán,D,2026-10-10
2019-11-12,1.4390144099999997,triệu VND/thùng,Tính toán,D,2026-10-10
2019-11-13,1.44086553,triệu VND/thùng,Tính toán,D,2026-10-10
2019-11-14,1.4456366999999999,triệu VND/thùng,Tính toán,D,2026-10-10
2019-11-15,1.46547808,triệu VND/thùng,Tính toán,D,2026-10-10
2019-11-18,1.4536548,triệu VND/thùng,Tính toán,D,2026-10-10
2019-11-19,1.44292995,triệu VND/thùng,Tính toán,D,2026-10-10
2019-11-20,1.4762681999999998,triệu VND/thùng,Tính toán,D,2026-10-10
2019-11-21,1.5043885199999998,triệu VND/thùng,Tính toán,D,2026-10-10
2019-11-22,1.50087933,triệu VND/thùng,Tính toán,D,2026-10-10
2019-11-25,1.49736918,triệu VND/thùng,Tính toán,D,2026-10-10
2019-11-26,1.5010367399999998,triệu VND/thùng,Tính toán,D,2026-10-10
2019-11-27,1.50589971,triệu VND/thùng,Tính toán,D,2026-10-10
2019-11-28,1.49785944,triệu VND/thùng,Tính toán,D,2026-10-10
2019-11-29,1.493949,triệu VND/thùng,Tính toán,D,2026-10-10
2019-12-02,1.4635224,triệu VND/thùng,Tính toán,D,2026-10-10
2019-12-05,1.52137689,triệu VND/thùng,Tính toán,D,2026-10-10
2019-12-06,1.540406,triệu VND/thùng,Tính toán,D,2026-10-10
2019-12-09,1.53921548,triệu VND/thùng,Tính toán,D,2026-10-10
2019-12-10,1.5419609099999998,triệu VND/thùng,Tính toán,D,2026-10-10
2019-12-11,1.51416531,triệu VND/thùng,Tính toán,D,2026-10-10
2019-12-12,1.54441055,triệu VND/thùng,Tính toán,D,2026-10-10
2019-12-13,1.5619104,triệu VND/thùng,Tính toán,D,2026-10-10
2019-12-16,1.5754662000000001,triệu VND/thùng,Tính toán,D,2026-10-10
2019-12-17,1.5979463799999998,triệu VND/thùng,Tính toán,D,2026-10-10
2019-12-18,1.60068096,triệu VND/thùng,Tính toán,D,2026-10-10
2019-12-19,1.6144611,triệu VND/thùng,Tính toán,D,2026-10-10
2019-12-20,1.5901655999999997,triệu VND/thùng,Tính toán,D,2026-10-10
2019-12-23,1.5630009099999997,triệu VND/thùng,Tính toán,D,2026-10-10
2019-12-24,1.6043386400000001,triệu VND/thùng,Tính toán,D,2026-10-10
2019-12-26,1.60420012,triệu VND/thùng,Tính toán,D,2026-10-10
2019-12-27,1.59657579,triệu VND/thùng,Tính toán,D,2026-10-10
2019-12-30,1.5823060999999998,triệu VND/thùng,Tính toán,D,2026-10-10
2019-12-31,1.5692143499999998,triệu VND/thùng,Tính toán,D,2026-10-10
2020-01-02,1.5522075,triệu VND/thùng,Tính toán,D,2026-10-10
2020-01-03,1.59968556,triệu VND/thùng,Tính toán,D,2026-10-10
2020-01-06,1.6274817499999998,triệu VND/thùng,Tính toán,D,2026-10-10
2020-01-07,1.5929807599999997,triệu VND/thùng,Tính toán,D,2026-10-10
2020-01-08,1.55923615,triệu VND/thùng,Tính toán,D,2026-10-10
2020-01-09,1.5428583399999998,triệu VND/thùng,Tính toán,D,2026-10-10
2020-01-10,1.5467938199999998,triệu VND/thùng,Tính toán,D,2026-10-10
2020-01-13,1.48561068,triệu VND/thùng,Tính toán,D,2026-10-10
2020-01-14,1.4924686500000002,triệu VND/thùng,Tính toán,D,2026-10-10
2020-01-15,1.46566982,triệu VND/thùng,Tính toán,D,2026-10-10
2020-01-16,1.4965722799999996,triệu VND/thùng,Tính toán,D,2026-10-10
2020-01-17,1.4832058499999998,triệu VND/thùng,Tính toán,D,2026-10-10
2020-01-20,1.4965076499999999,triệu VND/thùng,Tính toán,D,2026-10-10
2020-01-21,1.47423828,triệu VND/thùng,Tính toán,D,2026-10-10
2020-01-22,1.4390886999999999,triệu VND/thùng,Tính toán,D,2026-10-10
2020-02-03,1.252854,triệu VND/thùng,Tính toán,D,2026-10-10
2020-02-04,1.2508034,triệu VND/thùng,Tính toán,D,2026-10-10
2020-02-05,1.28413056,triệu VND/thùng,Tính toán,D,2026-10-10
2020-02-06,1.28023118,triệu VND/thùng,Tính toán,D,2026-10-10
2020-02-07,1.2651505299999999,triệu VND/thùng,Tính toán,D,2026-10-10
2020-02-10,1.2392352899999999,triệu VND/thùng,Tính toán,D,2026-10-10
2020-02-13,1.30742604,triệu VND/thùng,Tính toán,D,2026-10-10
2020-02-14,1.33184455,triệu VND/thùng,Tính toán,D,2026-10-10
2020-02-17,1.34269694,triệu VND/thùng,Tính toán,D,2026-10-10
2020-02-18,1.3313229,triệu VND/thùng,Tính toán,D,2026-10-10
2020-02-19,1.3871761599999999,triệu VND/thùng,Tính toán,D,2026-10-10
2020-02-20,1.38404938,triệu VND/thùng,Tính toán,D,2026-10-10
2020-02-21,1.3618054000000002,triệu VND/thùng,Tính toán,D,2026-10-10
2020-02-24,1.31811053,triệu VND/thùng,Tính toán,D,2026-10-10
2020-02-25,1.28521605,triệu VND/thùng,Tính toán,D,2026-10-10
2020-02-26,1.27721544,triệu VND/thùng,Tính toán,D,2026-10-10
2020-03-03,1.21243816,triệu VND/thùng,Tính toán,D,2026-10-10
2020-03-04,1.2033594399999998,triệu VND/thùng,Tính toán,D,2026-10-10
2020-03-05,1.1900818699999998,triệu VND/thùng,Tính toán,D,2026-10-10
2020-03-06,1.0577831999999998,triệu VND/thùng,Tính toán,D,2026-10-10
2020-03-09,0.8194793499999999,triệu VND/thùng,Tính toán,D,2026-10-10
2020-03-10,0.8248683,triệu VND/thùng,Tính toán,D,2026-10-10
2020-03-11,0.7991711,triệu VND/thùng,Tính toán,D,2026-10-10
2020-03-12,0.7195709399999999,triệu VND/thùng,Tính toán,D,2026-10-10
2020-03-13,0.748587,triệu VND/thùng,Tính toán,D,2026-10-10
2020-03-16,0.64975156,triệu VND/thùng,Tính toán,D,2026-10-10
2020-03-17,0.6496591899999999,triệu VND/thùng,Tính toán,D,2026-10-10
2020-03-18,0.52945728,triệu VND/thùng,Tính toán,D,2026-10-10
2020-03-19,0.5573431600000001,triệu VND/thùng,Tính toán,D,2026-10-10
2020-03-20,0.5940886,triệu VND/thùng,Tính toán,D,2026-10-10
2020-03-23,0.55240125,triệu VND/thùng,Tính toán,D,2026-10-10
2020-03-24,0.56987,triệu VND/thùng,Tính toán,D,2026-10-10
2020-03-25,0.595665,triệu VND/thùng,Tính toán,D,2026-10-10
2020-04-01,0.34778304000000004,triệu VND/thùng,Tính toán,D,2026-10-10
2020-04-03,0.56540487,triệu VND/thùng,Tính toán,D,2026-10-10
2020-04-06,0.5246237199999999,triệu VND/thùng,Tính toán,D,2026-10-10
2020-04-07,0.513383,triệu VND/thùng,Tính toán,D,2026-10-10
2020-04-08,0.5857344999999999,triệu VND/thùng,Tính toán,D,2026-10-10
2020-04-09,0.47004405,triệu VND/thùng,Tính toán,D,2026-10-10
2020-04-14,0.50486802,triệu VND/thùng,Tính toán,D,2026-10-10
2020-04-15,0.4598946,triệu VND/thùng,Tính toán,D,2026-10-10
2020-04-16,0.43428084,triệu VND/thùng,Tính toán,D,2026-10-10
2020-04-17,0.45900975,triệu VND/thùng,Tính toán,D,2026-10-10
2020-04-20,0.40341168,triệu VND/thùng,Tính toán,D,2026-10-10
2020-04-21,0.21200351999999997,triệu VND/thùng,Tính toán,D,2026-10-10
2020-04-22,0.32023512,triệu VND/thùng,Tính toán,D,2026-10-10
2020-04-23,0.35031066,triệu VND/thùng,Tính toán,D,2026-10-10
2020-04-24,0.36932663999999993,triệu VND/thùng,Tính toán,D,2026-10-10
2020-04-27,0.35303624,triệu VND/thùng,Tính toán,D,2026-10-10
2020-05-04,0.47423879999999996,triệu VND/thùng,Tính toán,D,2026-10-10
2020-05-05,0.59225052,triệu VND/thùng,Tính toán,D,2026-10-10
2020-05-06,0.5627467999999999,triệu VND/thùng,Tính toán,D,2026-10-10
2020-05-07,0.5637109499999999,triệu VND/thùng,Tính toán,D,2026-10-10
2020-05-11,0.59362356,triệu VND/thùng,Tính toán,D,2026-10-10
2020-05-12,0.61994415,triệu VND/thùng,Tính toán,D,2026-10-10
2020-05-13,0.64827516,triệu VND/thùng,Tính toán,D,2026-10-10
2020-05-14,0.6945671099999999,triệu VND/thùng,Tính toán,D,2026-10-10
2020-05-15,0.7199898499999999,triệu VND/thùng,Tính toán,D,2026-10-10
2020-05-18,0.7747244999999998,triệu VND/thùng,Tính toán,D,2026-10-10
2020-05-19,0.76894254,triệu VND/thùng,Tính toán,D,2026-10-10
2020-05-20,0.8081352399999999,triệu VND/thùng,Tính toán,D,2026-10-10
2020-05-21,0.80853066,triệu VND/thùng,Tính toán,D,2026-10-10
2020-05-22,0.7855795999999999,triệu VND/thùng,Tính toán,D,2026-10-10
2020-06-01,0.85442544,triệu VND/thùng,Tính toán,D,2026-10-10
2020-06-02,0.87702772,triệu VND/thùng,Tính toán,D,2026-10-10
2020-06-03,0.8828830799999999,triệu VND/thùng,Tính toán,D,2026-10-10
2020-06-04,0.8928020399999999,triệu VND/thùng,Tính toán,D,2026-10-10
2020-06-05,0.9530449999999999,triệu VND/thùng,Tính toán,D,2026-10-10
2020-06-08,0.9216983999999999,triệu VND/thùng,Tính toán,D,2026-10-10
2020-06-09,0.9397344,triệu VND/thùng,Tính toán,D,2026-10-10
2020-06-12,0.89497588,triệu VND/thùng,Tính toán,D,2026-10-10
2020-06-15,0.9165461599999999,triệu VND/thùng,Tính toán,D,2026-10-10
2020-06-16,0.94739675,triệu VND/thùng,Tính toán,D,2026-10-10
2020-06-17,0.9405227999999999,triệu VND/thùng,Tính toán,D,2026-10-10
2020-06-18,0.9702282499999999,triệu VND/thùng,Tính toán,D,2026-10-10
2020-06-19,0.9834952199999999,triệu VND/thùng,Tính toán,D,2026-10-10
2020-06-22,1.0040112,triệu VND/thùng,Tính toán,D,2026-10-10
2020-06-23,0.99285552,triệu VND/thùng,Tính toán,D,2026-10-10
2020-06-24,0.9384111999999999,triệu VND/thùng,Tính toán,D,2026-10-10
2020-06-25,0.9566114,triệu VND/thùng,Tính toán,D,2026-10-10
2020-07-02,1.00308775,triệu VND/thùng,Tính toán,D,2026-10-10
2020-07-03,0.9970316,triệu VND/thùng,Tính toán,D,2026-10-10
2020-07-06,0.99248971,triệu VND/thùng,Tính toán,D,2026-10-10
2020-07-07,1.00504816,triệu VND/thùng,Tính toán,D,2026-10-10
2020-07-08,1.01393006,triệu VND/thùng,Tính toán,D,2026-10-10
2020-07-13,0.994977,triệu VND/thùng,Tính toán,D,2026-10-10
2020-07-14,0.99759152,triệu VND/thùng,Tính toán,D,2026-10-10
2020-07-15,1.02101496,triệu VND/thùng,Tính toán,D,2026-10-10
2020-07-16,1.01498991,triệu VND/thùng,Tính toán,D,2026-10-10
2020-07-17,1.01141955,triệu VND/thùng,Tính toán,D,2026-10-10
2020-07-20,1.0060322,triệu VND/thùng,Tính toán,D,2026-10-10
2020-07-21,1.0293656100000002,triệu VND/thùng,Tính toán,D,2026-10-10
2020-07-22,1.02125958,triệu VND/thùng,Tính toán,D,2026-10-10
2020-07-23,0.9975312000000001,triệu VND/thùng,Tính toán,D,2026-10-10
2020-07-24,1.0052370899999998,triệu VND/thùng,Tính toán,D,2026-10-10
2020-08-03,1.0155383199999999,triệu VND/thùng,Tính toán,D,2026-10-10
2020-08-04,1.02118386,triệu VND/thùng,Tính toán,D,2026-10-10
2020-08-05,1.04250336,triệu VND/thùng,Tính toán,D,2026-10-10
2020-08-06,1.04506312,triệu VND/thùng,Tính toán,D,2026-10-10
2020-08-10,1.02587085,triệu VND/thùng,Tính toán,D,2026-10-10
2020-08-11,1.01411856,triệu VND/thùng,Tính toán,D,2026-10-10
2020-08-12,1.04685453,triệu VND/thùng,Tính toán,D,2026-10-10
2020-08-13,1.04165705,triệu VND/thùng,Tính toán,D,2026-10-10
2020-08-14,1.0412903199999999,triệu VND/thùng,Tính toán,D,2026-10-10
2020-08-17,1.0425407399999997,triệu VND/thùng,Tính toán,D,2026-10-10
2020-08-18,1.05229606,triệu VND/thùng,Tính toán,D,2026-10-10
2020-08-19,1.04905284,triệu VND/thùng,Tính toán,D,2026-10-10
2020-08-20,1.033792,triệu VND/thùng,Tính toán,D,2026-10-10
2020-08-21,1.0198474,triệu VND/thùng,Tính toán,D,2026-10-10
2020-08-24,1.03130916,triệu VND/thùng,Tính toán,D,2026-10-10
2020-08-25,1.0679381099999998,triệu VND/thùng,Tính toán,D,2026-10-10
2020-09-03,0.9912321599999999,triệu VND/thùng,Tính toán,D,2026-10-10
2020-09-04,0.9537665999999999,triệu VND/thùng,Tính toán,D,2026-10-10
2020-09-09,0.92765594,triệu VND/thùng,Tính toán,D,2026-10-10
2020-09-10,0.91149597,triệu VND/thùng,Tính toán,D,2026-10-10
2020-09-11,0.9003927999999999,triệu VND/thùng,Tính toán,D,2026-10-10
2020-09-14,0.89513256,triệu VND/thùng,Tính toán,D,2026-10-10
2020-09-15,0.91744662,triệu VND/thùng,Tính toán,D,2026-10-10
2020-09-16,0.9564535399999998,triệu VND/thùng,Tính toán,D,2026-10-10
2020-09-17,0.9822235500000001,triệu VND/thùng,Tính toán,D,2026-10-10
2020-09-18,0.9779433599999998,triệu VND/thùng,Tính toán,D,2026-10-10
2020-09-21,0.9362206699999999,triệu VND/thùng,Tính toán,D,2026-10-10
2020-09-22,0.9474880000000001,triệu VND/thùng,Tính toán,D,2026-10-10
2020-09-23,0.95382217,triệu VND/thùng,Tính toán,D,2026-10-10
2020-09-24,0.95751032,triệu VND/thùng,Tính toán,D,2026-10-10
2020-09-25,0.9500529299999999,triệu VND/thùng,Tính toán,D,2026-10-10
2020-10-02,0.8821319999999999,triệu VND/thùng,Tính toán,D,2026-10-10
2020-10-05,0.9233733599999999,triệu VND/thùng,Tính toán,D,2026-10-10
2020-10-06,0.95779416,triệu VND/thùng,Tính toán,D,2026-10-10
2020-10-07,0.9425870999999999,triệu VND/thùng,Tính toán,D,2026-10-10
2020-10-08,0.974526,triệu VND/thùng,Tính toán,D,2026-10-10
2020-10-09,0.9657327400000001,triệu VND/thùng,Tính toán,D,2026-10-10
2020-10-12,0.9393165,triệu VND/thùng,Tính toán,D,2026-10-10
2020-10-13,0.9588813,triệu VND/thùng,Tính toán,D,2026-10-10
2020-10-14,0.96986657,triệu VND/thùng,Tính toán,D,2026-10-10
2020-10-15,0.9650191199999999,triệu VND/thùng,Tính toán,D,2026-10-10
2020-10-16,0.95912934,triệu VND/thùng,Tính toán,D,2026-10-10
2020-10-19,0.9577628399999999,triệu VND/thùng,Tính toán,D,2026-10-10
2020-10-20,0.9652094199999999,triệu VND/thùng,Tính toán,D,2026-10-10
2020-10-21,0.92948665,triệu VND/thùng,Tính toán,D,2026-10-10
2020-10-22,0.9568704,triệu VND/thùng,Tính toán,D,2026-10-10
2020-10-23,0.9438613499999999,triệu VND/thùng,Tính toán,D,2026-10-10
2020-11-02,0.87653378,triệu VND/thùng,Tính toán,D,2026-10-10
2020-11-03,0.88546766,triệu VND/thùng,Tính toán,D,2026-10-10
2020-11-04,0.9201791999999999,triệu VND/thùng,Tính toán,D,2026-10-10
2020-11-05,0.915704,triệu VND/thùng,Tính toán,D,2026-10-10
2020-11-06,0.8828847999999999,triệu VND/thùng,Tính toán,D,2026-10-10
2020-11-09,0.9487574,triệu VND/thùng,Tính toán,D,2026-10-10
2020-11-10,0.9794394999999999,triệu VND/thùng,Tính toán,D,2026-10-10
2020-11-11,0.9854474999999999,triệu VND/thùng,Tính toán,D,2026-10-10
2020-11-12,0.9775639199999999,triệu VND/thùng,Tính toán,D,2026-10-10
2020-11-13,0.9626999199999999,triệu VND/thùng,Tính toán,D,2026-10-10
2020-11-16,0.99018864,triệu VND/thùng,Tính toán,D,2026-10-10
2020-11-17,0.9858219599999999,triệu VND/thùng,Tính toán,D,2026-10-10
2020-11-18,0.9939672399999998,triệu VND/thùng,Tính toán,D,2026-10-10
2020-11-19,0.9981367600000001,triệu VND/thùng,Tính toán,D,2026-10-10
2020-11-20,1.01500841,triệu VND/thùng,Tính toán,D,2026-10-10
2020-11-23,1.042875,triệu VND/thùng,Tính toán,D,2026-10-10
2020-11-24,1.08032384,triệu VND/thùng,Tính toán,D,2026-10-10
2020-12-01,1.08883856,triệu VND/thùng,Tính toán,D,2026-10-10
2020-12-02,1.1066656,triệu VND/thùng,Tính toán,D,2026-10-10
2020-12-03,1.11962039,triệu VND/thùng,Tính toán,D,2026-10-10
2020-12-04,1.1362721999999998,triệu VND/thùng,Tính toán,D,2026-10-10
2020-12-07,1.12515231,triệu VND/thùng,Tính toán,D,2026-10-10
2020-12-08,1.13035296,triệu VND/thùng,Tính toán,D,2026-10-10
2020-12-09,1.1294634000000001,triệu VND/thùng,Tính toán,D,2026-10-10
2020-12-10,1.1649381799999998,triệu VND/thùng,Tính toán,D,2026-10-10
2020-12-11,1.15753146,triệu VND/thùng,Tính toán,D,2026-10-10
2020-12-14,1.16339861,triệu VND/thùng,Tính toán,D,2026-10-10
2020-12-15,1.1750208800000002,triệu VND/thùng,Tính toán,D,2026-10-10
2020-12-16,1.1766128399999998,triệu VND/thùng,Tính toán,D,2026-10-10
2020-12-17,1.1849216,triệu VND/thùng,Tính toán,D,2026-10-10
2020-12-18,1.2071094599999999,triệu VND/thùng,Tính toán,D,2026-10-10
2020-12-21,1.17157089,triệu VND/thùng,Tính toán,D,2026-10-10
2020-12-22,1.15492152,triệu VND/thùng,Tính toán,D,2026-10-10
2020-12-23,1.1826753499999998,triệu VND/thùng,Tính toán,D,2026-10-10
2020-12-24,1.17848256,triệu VND/thùng,Tính toán,D,2026-10-10
2021-01-04,1.1651084699999998,triệu VND/thùng,Tính toán,D,2026-10-10
2021-01-05,1.2291123599999998,triệu VND/thùng,Tính toán,D,2026-10-10
2021-01-06,1.2440174,triệu VND/thùng,Tính toán,D,2026-10-10
2021-01-07,1.2413829,triệu VND/thùng,Tính toán,D,2026-10-10
2021-01-08,1.28344671,triệu VND/thùng,Tính toán,D,2026-10-10
2021-01-11,1.26828468,triệu VND/thùng,Tính toán,D,2026-10-10
2021-01-12,1.2953772,triệu VND/thùng,Tính toán,D,2026-10-10
2021-01-13,1.2843996800000002,triệu VND/thùng,Tính toán,D,2026-10-10
2021-01-14,1.28984032,triệu VND/thùng,Tính toán,D,2026-10-10
2021-01-15,1.2678528,triệu VND/thùng,Tính toán,D,2026-10-10
2021-01-18,1.25447361,triệu VND/thùng,Tính toán,D,2026-10-10
2021-01-19,1.28215776,triệu VND/thùng,Tính toán,D,2026-10-10
2021-01-20,1.2884176799999998,triệu VND/thùng,Tính toán,D,2026-10-10
2021-01-21,1.28865792,triệu VND/thùng,Tính toán,D,2026-10-10
2021-01-22,1.2776251399999998,triệu VND/thùng,Tính toán,D,2026-10-10
2021-01-25,1.2832696799999999,triệu VND/thùng,Tính toán,D,2026-10-10
2021-02-02,1.33401824,triệu VND/thùng,Tính toán,D,2026-10-10
2021-02-03,1.3565284499999999,triệu VND/thùng,Tính toán,D,2026-10-10
2021-02-04,1.3650331199999999,triệu VND/thùng,Tính toán,D,2026-10-10
2021-02-05,1.3771999199999998,triệu VND/thùng,Tính toán,D,2026-10-10
2021-02-08,1.39287533,triệu VND/thùng,Tính toán,D,2026-10-10
2021-02-09,1.40534138,triệu VND/thùng,Tính toán,D,2026-10-10
2021-02-17,1.5033924399999998,triệu VND/thùng,Tính toán,D,2026-10-10
2021-02-18,1.48252988,triệu VND/thùng,Tính toán,D,2026-10-10
2021-02-19,1.45374056,triệu VND/thùng,Tính toán,D,2026-10-10
2021-02-22,1.49688125,triệu VND/thùng,Tính toán,D,2026-10-10
2021-02-23,1.5078023999999999,triệu VND/thùng,Tính toán,D,2026-10-10
2021-02-24,1.5463741999999998,triệu VND/thùng,Tính toán,D,2026-10-10
2021-02-25,1.5425396999999998,triệu VND/thùng,Tính toán,D,2026-10-10
2021-02-26,1.5233418,triệu VND/thùng,Tính toán,D,2026-10-10
2021-03-02,1.46244867,triệu VND/thùng,Tính toán,D,2026-10-10
2021-03-03,1.4985167,triệu VND/thùng,Tính toán,D,2026-10-10
2021-03-04,1.5585926399999999,triệu VND/thùng,Tính toán,D,2026-10-10
2021-03-05,1.6204617,triệu VND/thùng,Tính toán,D,2026-10-10
2021-03-08,1.5765799999999999,triệu VND/thùng,Tính toán,D,2026-10-10
2021-03-09,1.555096,triệu VND/thùng,Tính toán,D,2026-10-10
2021-03-10,1.56689859,triệu VND/thùng,Tính toán,D,2026-10-10
2021-03-11,1.60896536,triệu VND/thùng,Tính toán,D,2026-10-10
2021-03-12,1.5966132100000001,triệu VND/thùng,Tính toán,D,2026-10-10
2021-03-15,1.595696,triệu VND/thùng,Tính toán,D,2026-10-10
2021-03-16,1.5767118,triệu VND/thùng,Tính toán,D,2026-10-10
2021-03-17,1.57160692,triệu VND/thùng,Tính toán,D,2026-10-10
2021-03-18,1.4408898899999998,triệu VND/thùng,Tính toán,D,2026-10-10
2021-03-19,1.484416,triệu VND/thùng,Tính toán,D,2026-10-10
2021-03-22,1.48250356,triệu VND/thùng,Tính toán,D,2026-10-10
2021-03-23,1.39089212,triệu VND/thùng,Tính toán,D,2026-10-10
2021-03-24,1.4782221999999998,triệu VND/thùng,Tính toán,D,2026-10-10
2021-03-25,1.42117378,triệu VND/thùng,Tính toán,D,2026-10-10
2021-04-01,1.4840016999999999,triệu VND/thùng,Tính toán,D,2026-10-10
2021-04-08,1.44179189,triệu VND/thùng,Tính toán,D,2026-10-10
2021-04-09,1.43671446,triệu VND/thùng,Tính toán,D,2026-10-10
2021-04-12,1.4483388400000001,triệu VND/thùng,Tính toán,D,2026-10-10
2021-04-13,1.45853562,triệu VND/thùng,Tính toán,D,2026-10-10
2021-04-14,1.5348758699999998,triệu VND/thùng,Tính toán,D,2026-10-10
2021-04-15,1.534216,triệu VND/thùng,Tính toán,D,2026-10-10
2021-04-16,1.53047208,triệu VND/thùng,Tính toán,D,2026-10-10
2021-04-19,1.5430626,triệu VND/thùng,Tính toán,D,2026-10-10
2021-04-20,1.5147118800000001,triệu VND/thùng,Tính toán,D,2026-10-10
2021-04-22,1.5085178099999998,triệu VND/thùng,Tính toán,D,2026-10-10
2021-04-23,1.5240192499999998,triệu VND/thùng,Tính toán,D,2026-10-10
2021-04-26,1.5174385,triệu VND/thùng,Tính toán,D,2026-10-10
2021-05-05,1.6155989599999998,triệu VND/thùng,Tính toán,D,2026-10-10
2021-05-06,1.59047436,triệu VND/thùng,Tính toán,D,2026-10-10
2021-05-07,1.59309267,triệu VND/thùng,Tính toán,D,2026-10-10
2021-05-12,1.61163338,triệu VND/thùng,Tính toán,D,2026-10-10
2021-05-13,1.5605964799999998,triệu VND/thùng,Tính toán,D,2026-10-10
2021-05-14,1.6047062399999998,triệu VND/thùng,Tính toán,D,2026-10-10
2021-05-17,1.6123992,triệu VND/thùng,Tính toán,D,2026-10-10
2021-05-18,1.5989617,triệu VND/thùng,Tính toán,D,2026-10-10
2021-05-19,1.5483388799999998,triệu VND/thùng,Tính toán,D,2026-10-10
2021-05-20,1.50917772,triệu VND/thùng,Tính toán,D,2026-10-10
2021-05-21,1.5452351999999998,triệu VND/thùng,Tính toán,D,2026-10-10
2021-05-24,1.5885444,triệu VND/thùng,Tính toán,D,2026-10-10
2021-05-25,1.5932703999999998,triệu VND/thùng,Tính toán,D,2026-10-10
2021-05-26,1.5954537800000002,triệu VND/thùng,Tính toán,D,2026-10-10
2021-06-02,1.6323425999999999,triệu VND/thùng,Tính toán,D,2026-10-10
2021-06-03,1.6355930099999998,triệu VND/thùng,Tính toán,D,2026-10-10
2021-06-04,1.6497393999999999,triệu VND/thùng,Tính toán,D,2026-10-10
2021-06-07,1.6403946,triệu VND/thùng,Tính toán,D,2026-10-10
2021-06-10,1.6554016,triệu VND/thùng,Tính toán,D,2026-10-10
2021-06-11,1.66442705,triệu VND/thùng,Tính toán,D,2026-10-10
2021-06-14,1.6693647299999999,triệu VND/thùng,Tính toán,D,2026-10-10
2021-06-15,1.6952981399999998,triệu VND/thùng,Tính toán,D,2026-10-10
2021-06-16,1.7072929199999998,triệu VND/thùng,Tính toán,D,2026-10-10
2021-06-17,1.68547288,triệu VND/thùng,Tính toán,D,2026-10-10
2021-06-18,1.6921187999999998,triệu VND/thùng,Tính toán,D,2026-10-10
2021-06-21,1.7257098299999998,triệu VND/thùng,Tính toán,D,2026-10-10
2021-06-22,1.73694528,triệu VND/thùng,Tính toán,D,2026-10-10
2021-06-23,1.74442702,triệu VND/thùng,Tính toán,D,2026-10-10
2021-06-24,1.7613564499999999,triệu VND/thùng,Tính toán,D,2026-10-10
2021-06-25,1.7720345499999999,triệu VND/thùng,Tính toán,D,2026-10-10
2021-07-02,1.79699184,triệu VND/thùng,Tính toán,D,2026-10-10
2021-07-05,1.8167046,triệu VND/thùng,Tính toán,D,2026-10-10
2021-07-06,1.75689675,triệu VND/thùng,Tính toán,D,2026-10-10
2021-07-09,1.7897251399999998,triệu VND/thùng,Tính toán,D,2026-10-10
2021-07-12,1.7809104599999999,triệu VND/thùng,Tính toán,D,2026-10-10
2021-07-13,1.7980775,triệu VND/thùng,Tính toán,D,2026-10-10
2021-07-14,1.7574709599999998,triệu VND/thùng,Tính toán,D,2026-10-10
2021-07-15,1.72931959,triệu VND/thùng,Tính toán,D,2026-10-10
2021-07-16,1.7268763199999997,triệu VND/thùng,Tính toán,D,2026-10-10
2021-07-19,1.6081093499999999,triệu VND/thùng,Tính toán,D,2026-10-10
2021-07-20,1.6251862099999999,triệu VND/thùng,Tính toán,D,2026-10-10
2021-07-21,1.6837259400000002,triệu VND/thùng,Tính toán,D,2026-10-10
2021-07-22,1.72371375,triệu VND/thùng,Tính toán,D,2026-10-10
2021-07-23,1.73742574,triệu VND/thùng,Tính toán,D,2026-10-10
2021-07-26,1.7361002700000001,triệu VND/thùng,Tính toán,D,2026-10-10
2021-08-03,1.69741024,triệu VND/thùng,Tính toán,D,2026-10-10
2021-08-04,1.6445543399999998,triệu VND/thùng,Tính toán,D,2026-10-10
2021-08-09,1.6139994500000001,triệu VND/thùng,Tính toán,D,2026-10-10
2021-08-10,1.6495231799999999,triệu VND/thùng,Tính toán,D,2026-10-10
2021-08-11,1.6685842199999998,triệu VND/thùng,Tính toán,D,2026-10-10
2021-08-12,1.66208208,triệu VND/thùng,Tính toán,D,2026-10-10
2021-08-13,1.6409805000000002,triệu VND/thùng,Tính toán,D,2026-10-10
2021-08-16,1.6223307099999997,triệu VND/thùng,Tính toán,D,2026-10-10
2021-08-17,1.6071652,triệu VND/thùng,Tính toán,D,2026-10-10
2021-08-18,1.58928204,triệu VND/thùng,Tính toán,D,2026-10-10
2021-08-19,1.5466871999999998,triệu VND/thùng,Tính toán,D,2026-10-10
2021-08-20,1.5176046600000002,triệu VND/thùng,Tính toán,D,2026-10-10
2021-08-23,1.6008353899999999,triệu VND/thùng,Tính toán,D,2026-10-10
2021-08-24,1.6495796499999997,triệu VND/thùng,Tính toán,D,2026-10-10
2021-08-25,1.66965012,triệu VND/thùng,Tính toán,D,2026-10-10
2021-09-08,1.6721672399999998,triệu VND/thùng,Tính toán,D,2026-10-10
2021-09-09,1.6490610399999996,triệu VND/thùng,Tính toán,D,2026-10-10
2021-09-10,1.6746679199999999,triệu VND/thùng,Tính toán,D,2026-10-10
2021-09-13,1.6865556099999999,triệu VND/thùng,Tính toán,D,2026-10-10
2021-09-14,1.6896464999999998,triệu VND/thùng,Tính toán,D,2026-10-10
2021-09-15,1.73007628,triệu VND/thùng,Tính toán,D,2026-10-10
2021-09-16,1.7364853999999998,triệu VND/thùng,Tính toán,D,2026-10-10
2021-09-17,1.7256021599999998,triệu VND/thùng,Tính toán,D,2026-10-10
2021-09-20,1.70228388,triệu VND/thùng,Tính toán,D,2026-10-10
2021-09-21,1.7038191,triệu VND/thùng,Tính toán,D,2026-10-10
2021-09-22,1.7464659999999999,triệu VND/thùng,Tính toán,D,2026-10-10
2021-09-23,1.76874516,triệu VND/thùng,Tính toán,D,2026-10-10
2021-09-24,1.7910342799999999,triệu VND/thùng,Tính toán,D,2026-10-10
2021-10-04,1.8858246399999998,triệu VND/thùng,Tính toán,D,2026-10-10
2021-10-05,1.9152988799999997,triệu VND/thùng,Tính toán,D,2026-10-10
2021-10-06,1.88482962,triệu VND/thùng,Tính toán,D,2026-10-10
2021-10-07,1.9078178,triệu VND/thùng,Tính toán,D,2026-10-10
2021-10-08,1.9034680499999999,triệu VND/thùng,Tính toán,D,2026-10-10
2021-10-11,1.9404875,triệu VND/thùng,Tính toán,D,2026-10-10
2021-10-12,1.93572422,triệu VND/thùng,Tính toán,D,2026-10-10
2021-10-13,1.9363089299999998,triệu VND/thùng,Tính toán,D,2026-10-10
2021-10-14,1.9436232199999999,triệu VND/thùng,Tính toán,D,2026-10-10
2021-10-15,1.9608725299999998,triệu VND/thùng,Tính toán,D,2026-10-10
2021-10-18,1.9484507999999998,triệu VND/thùng,Tính toán,D,2026-10-10
2021-10-19,1.9694032799999996,triệu VND/thùng,Tính toán,D,2026-10-10
2021-10-20,1.9850867200000002,triệu VND/thùng,Tính toán,D,2026-10-10
2021-10-21,1.9576040999999997,triệu VND/thùng,Tính toán,D,2026-10-10
2021-10-22,1.97702106,triệu VND/thùng,Tính toán,D,2026-10-10
2021-11-01,1.9555614000000001,triệu VND/thùng,Tính toán,D,2026-10-10
2021-11-02,1.9543229999999998,triệu VND/thùng,Tính toán,D,2026-10-10
2021-11-03,1.8766539999999996,triệu VND/thùng,Tính toán,D,2026-10-10
2021-11-04,1.8556328,triệu VND/thùng,Tính toán,D,2026-10-10
2021-11-05,1.90685319,triệu VND/thùng,Tính toán,D,2026-10-10
2021-11-08,1.9242960599999999,triệu VND/thùng,Tính toán,D,2026-10-10
2021-11-09,1.9531726799999998,triệu VND/thùng,Tính toán,D,2026-10-10
2021-11-10,1.9152209999999998,triệu VND/thùng,Tính toán,D,2026-10-10
2021-11-11,1.9269570000000003,triệu VND/thùng,Tính toán,D,2026-10-10
2021-11-12,1.9162335000000001,triệu VND/thùng,Tính toán,D,2026-10-10
2021-11-15,1.89314176,triệu VND/thùng,Tính toán,D,2026-10-10
2021-11-16,1.9144149499999998,triệu VND/thùng,Tính toán,D,2026-10-10
2021-11-17,1.8646063800000001,triệu VND/thùng,Tính toán,D,2026-10-10
2021-11-18,1.9059141999999998,triệu VND/thùng,Tính toán,D,2026-10-10
2021-11-19,1.8545068799999997,triệu VND/thùng,Tính toán,D,2026-10-10
2021-11-22,1.8718644599999998,triệu VND/thùng,Tính toán,D,2026-10-10
2021-11-23,1.9299861900000002,triệu VND/thùng,Tính toán,D,2026-10-10
2021-11-24,1.90612417,triệu VND/thùng,Tính toán,D,2026-10-10
2021-12-01,1.6091327899999999,triệu VND/thùng,Tính toán,D,2026-10-10
2021-12-06,1.6998476999999999,triệu VND/thùng,Tính toán,D,2026-10-10
2021-12-07,1.7532834000000002,triệu VND/thùng,Tính toán,D,2026-10-10
2021-12-08,1.76461778,triệu VND/thùng,Tính toán,D,2026-10-10
2021-12-09,1.7188235999999997,triệu VND/thùng,Tính toán,D,2026-10-10
2021-12-10,1.7376615,triệu VND/thùng,Tính toán,D,2026-10-10
2021-12-13,1.72010284,triệu VND/thùng,Tính toán,D,2026-10-10
2021-12-14,1.70152367,triệu VND/thùng,Tính toán,D,2026-10-10
2021-12-15,1.70970345,triệu VND/thùng,Tính toán,D,2026-10-10
2021-12-16,1.73329008,triệu VND/thùng,Tính toán,D,2026-10-10
2021-12-17,1.69414449,triệu VND/thùng,Tính toán,D,2026-10-10
2021-12-20,1.63470384,triệu VND/thùng,Tính toán,D,2026-10-10
2021-12-21,1.6893914999999997,triệu VND/thùng,Tính toán,D,2026-10-10
2021-12-22,1.73153827,triệu VND/thùng,Tính toán,D,2026-10-10
2021-12-23,1.7686981800000001,triệu VND/thùng,Tính toán,D,2026-10-10
2021-12-24,1.7450413199999997,triệu VND/thùng,Tính toán,D,2026-10-10
2022-01-03,1.8110962499999999,triệu VND/thùng,Tính toán,D,2026-10-10
2022-01-04,1.83660826,triệu VND/thùng,Tính toán,D,2026-10-10
2022-01-05,1.8648421999999998,triệu VND/thùng,Tính toán,D,2026-10-10
2022-01-06,1.8962647199999998,triệu VND/thùng,Tính toán,D,2026-10-10
2022-01-07,1.90379464,triệu VND/thùng,Tính toán,D,2026-10-10
2022-01-10,1.886075,triệu VND/thùng,Tính toán,D,2026-10-10
2022-01-11,1.9634629000000001,triệu VND/thùng,Tính toán,D,2026-10-10
2022-01-12,1.9835312999999999,triệu VND/thùng,Tính toán,D,2026-10-10
2022-01-13,1.9816368,triệu VND/thùng,Tính toán,D,2026-10-10
2022-01-14,2.01205794,triệu VND/thùng,Tính toán,D,2026-10-10
2022-01-17,2.0273247,triệu VND/thùng,Tính toán,D,2026-10-10
2022-01-18,2.05170651,triệu VND/thùng,Tính toán,D,2026-10-10
2022-01-19,2.07238716,triệu VND/thùng,Tính toán,D,2026-10-10
2022-01-20,2.073225,triệu VND/thùng,Tính toán,D,2026-10-10
2022-01-21,2.0711607499999998,triệu VND/thùng,Tính toán,D,2026-10-10
2022-01-24,2.02345988,triệu VND/thùng,Tính toán,D,2026-10-10
2022-01-25,2.0643553199999998,triệu VND/thùng,Tính toán,D,2026-10-10
2022-02-09,2.1937248,triệu VND/thùng,Tính toán,D,2026-10-10
2022-02-10,2.2269179599999998,triệu VND/thùng,Tính toán,D,2026-10-10
2022-02-11,2.2512749999999997,triệu VND/thùng,Tính toán,D,2026-10-10
2022-02-14,2.34793936,triệu VND/thùng,Tính toán,D,2026-10-10
2022-02-15,2.27530788,triệu VND/thùng,Tính toán,D,2026-10-10
2022-02-16,2.25271536,triệu VND/thùng,Tính toán,D,2026-10-10
2022-02-17,2.20220664,triệu VND/thùng,Tính toán,D,2026-10-10
2022-02-18,2.22358542,triệu VND/thùng,Tính toán,D,2026-10-10
2022-02-21,2.28901035,triệu VND/thùng,Tính toán,D,2026-10-10
2022-02-22,2.2836249,triệu VND/thùng,Tính toán,D,2026-10-10
2022-02-23,2.2965777000000003,triệu VND/thùng,Tính toán,D,2026-10-10
2022-02-24,2.34293899,triệu VND/thùng,Tính toán,D,2026-10-10
2022-02-25,2.2812697600000003,triệu VND/thùng,Tính toán,D,2026-10-10
2022-03-02,2.75143902,triệu VND/thùng,Tính toán,D,2026-10-10
2022-03-03,2.66977648,triệu VND/thùng,Tính toán,D,2026-10-10
2022-03-04,2.8674828599999995,triệu VND/thùng,Tính toán,D,2026-10-10
2022-03-07,2.98797418,triệu VND/thùng,Tính toán,D,2026-10-10
2022-03-10,2.65297548,triệu VND/thùng,Tính toán,D,2026-10-10
2022-03-11,2.7359000399999998,triệu VND/thùng,Tính toán,D,2026-10-10
2022-03-14,2.55861942,triệu VND/thùng,Tính toán,D,2026-10-10
2022-03-15,2.43777604,triệu VND/thùng,Tính toán,D,2026-10-10
2022-03-16,2.42569668,triệu VND/thùng,Tính toán,D,2026-10-10
2022-03-17,2.6294545,triệu VND/thùng,Tính toán,D,2026-10-10
2022-03-18,2.64559344,triệu VND/thùng,Tính toán,D,2026-10-10
2022-03-21,2.83052434,triệu VND/thùng,Tính toán,D,2026-10-10
2022-03-22,2.81256879,triệu VND/thùng,Tính toán,D,2026-10-10
2022-03-23,2.95170544,triệu VND/thùng,Tính toán,D,2026-10-10
2022-03-24,2.86988904,triệu VND/thùng,Tính toán,D,2026-10-10
2022-03-25,2.8399331699999997,triệu VND/thùng,Tính toán,D,2026-10-10
2022-04-04,2.4980487,triệu VND/thùng,Tính toán,D,2026-10-10
2022-04-05,2.4622467999999995,triệu VND/thùng,Tính toán,D,2026-10-10
2022-04-06,2.3287109999999998,triệu VND/thùng,Tính toán,D,2026-10-10
2022-04-07,2.3065721499999996,triệu VND/thùng,Tính toán,D,2026-10-10
2022-04-08,2.3392072600000002,triệu VND/thùng,Tính toán,D,2026-10-10
2022-04-12,2.41293736,triệu VND/thùng,Tính toán,D,2026-10-10
2022-04-13,2.5069869199999997,triệu VND/thùng,Tính toán,D,2026-10-10
2022-04-14,2.56083798,triệu VND/thùng,Tính toán,D,2026-10-10
2022-04-19,2.43808488,triệu VND/thùng,Tính toán,D,2026-10-10
2022-04-20,2.42844085,triệu VND/thùng,Tính toán,D,2026-10-10
2022-04-21,2.4787856,triệu VND/thùng,Tính toán,D,2026-10-10
2022-04-22,2.4313834500000002,triệu VND/thùng,Tính toán,D,2026-10-10
2022-04-25,2.2959165599999998,triệu VND/thùng,Tính toán,D,2026-10-10
2022-05-03,2.4283116,triệu VND/thùng,Tính toán,D,2026-10-10
2022-05-04,2.55633784,triệu VND/thùng,Tính toán,D,2026-10-10
2022-05-05,2.59288008,triệu VND/thùng,Tính toán,D,2026-10-10
2022-05-06,2.6335817999999995,triệu VND/thùng,Tính toán,D,2026-10-10
2022-05-11,2.4922857,triệu VND/thùng,Tính toán,D,2026-10-10
2022-05-12,2.50169706,triệu VND/thùng,Tính toán,D,2026-10-10
2022-05-13,2.59703556,triệu VND/thùng,Tính toán,D,2026-10-10
2022-05-16,2.6601576,triệu VND/thùng,Tính toán,D,2026-10-10
2022-05-17,2.6145324,triệu VND/thùng,Tính toán,D,2026-10-10
2022-05-18,2.5463256,triệu VND/thùng,Tính toán,D,2026-10-10
2022-05-19,2.6201372399999996,triệu VND/thùng,Tính toán,D,2026-10-10
2022-05-20,2.62996635,triệu VND/thùng,Tính toán,D,2026-10-10
2022-05-23,2.66146021,triệu VND/thùng,Tính toán,D,2026-10-10
2022-05-24,2.67463431,triệu VND/thùng,Tính toán,D,2026-10-10
2022-05-25,2.68942023,triệu VND/thùng,Tính toán,D,2026-10-10
2022-05-26,2.76821005,triệu VND/thùng,Tính toán,D,2026-10-10
2022-06-03,2.8993119199999997,triệu VND/thùng,Tính toán,D,2026-10-10
2022-06-06,2.8825193799999997,triệu VND/thùng,Tính toán,D,2026-10-10
2022-06-07,2.92570273,triệu VND/thùng,Tính toán,D,2026-10-10
2022-06-08,2.9789643999999997,triệu VND/thùng,Tính toán,D,2026-10-10
2022-06-09,2.96277514,triệu VND/thùng,Tính toán,D,2026-10-10
2022-06-10,2.9394036,triệu VND/thùng,Tính toán,D,2026-10-10
2022-06-13,2.9632392399999996,triệu VND/thùng,Tính toán,D,2026-10-10
2022-06-14,2.93276478,triệu VND/thùng,Tính toán,D,2026-10-10
2022-06-15,2.8857012799999997,triệu VND/thùng,Tính toán,D,2026-10-10
2022-06-16,2.90463754,triệu VND/thùng,Tính toán,D,2026-10-10
2022-06-17,2.7526705799999998,triệu VND/thùng,Tính toán,D,2026-10-10
2022-06-20,2.730629,triệu VND/thùng,Tính toán,D,2026-10-10
2022-06-21,2.73604037,triệu VND/thùng,Tính toán,D,2026-10-10
2022-06-22,2.66770306,triệu VND/thùng,Tính toán,D,2026-10-10
2022-06-23,2.6450644999999997,triệu VND/thùng,Tính toán,D,2026-10-10
2022-06-24,2.7116027999999996,triệu VND/thùng,Tính toán,D,2026-10-10
2022-07-01,2.75518152,triệu VND/thùng,Tính toán,D,2026-10-10
2022-07-04,2.8161377999999995,triệu VND/thùng,Tính toán,D,2026-10-10
2022-07-05,2.55718056,triệu VND/thùng,Tính toán,D,2026-10-10
2022-07-06,2.51498034,triệu VND/thùng,Tính toán,D,2026-10-10
2022-07-07,2.6283852,triệu VND/thùng,Tính toán,D,2026-10-10
2022-07-08,2.64101915,triệu VND/thùng,Tính toán,D,2026-10-10
2022-07-11,2.6610745,triệu VND/thùng,Tính toán,D,2026-10-10
2022-07-12,2.48011734,triệu VND/thùng,Tính toán,D,2026-10-10
2022-07-13,2.48612966,triệu VND/thùng,Tính toán,D,2026-10-10
2022-07-14,2.49967574,triệu VND/thùng,Tính toán,D,2026-10-10
2022-07-15,2.6072385,triệu VND/thùng,Tính toán,D,2026-10-10
2022-07-18,2.7259411499999997,triệu VND/thùng,Tính toán,D,2026-10-10
2022-07-19,2.66983104,triệu VND/thùng,Tính toán,D,2026-10-10
2022-07-20,2.68957404,triệu VND/thùng,Tính toán,D,2026-10-10
2022-07-21,2.6186585300000003,triệu VND/thùng,Tính toán,D,2026-10-10
2022-07-22,2.4783452399999994,triệu VND/thùng,Tính toán,D,2026-10-10
2022-08-01,2.45715049,triệu VND/thùng,Tính toán,D,2026-10-10
2022-08-02,2.46613254,triệu VND/thùng,Tính toán,D,2026-10-10
2022-08-03,2.3584566599999994,triệu VND/thùng,Tính toán,D,2026-10-10
2022-08-08,2.3976854999999997,triệu VND/thùng,Tính toán,D,2026-10-10
2022-08-09,2.40590056,triệu VND/thùng,Tính toán,D,2026-10-10
2022-08-10,2.43466044,triệu VND/thùng,Tính toán,D,2026-10-10
2022-08-11,2.4828419699999995,triệu VND/thùng,Tính toán,D,2026-10-10
2022-08-12,2.4009660999999998,triệu VND/thùng,Tính toán,D,2026-10-10
2022-08-15,2.27547,triệu VND/thùng,Tính toán,D,2026-10-10
2022-08-16,2.2097772799999995,triệu VND/thùng,Tính toán,D,2026-10-10
2022-08-17,2.2547262399999997,triệu VND/thùng,Tính toán,D,2026-10-10
2022-08-18,2.2345491999999996,triệu VND/thùng,Tính toán,D,2026-10-10
2022-08-19,2.23812225,triệu VND/thùng,Tính toán,D,2026-10-10
2022-08-22,2.2074833199999997,triệu VND/thùng,Tính toán,D,2026-10-10
2022-08-23,2.3118491299999997,triệu VND/thùng,Tính toán,D,2026-10-10
2022-08-24,2.32017984,triệu VND/thùng,Tính toán,D,2026-10-10
2022-08-25,2.29575154,triệu VND/thùng,Tính toán,D,2026-10-10
2022-09-07,2.0197526299999997,triệu VND/thùng,Tính toán,D,2026-10-10
2022-09-08,2.0484951899999997,triệu VND/thùng,Tính toán,D,2026-10-10
2022-09-09,2.13275184,triệu VND/thùng,Tính toán,D,2026-10-10
2022-09-12,2.17299285,triệu VND/thùng,Tính toán,D,2026-10-10
2022-09-13,2.1393777600000004,triệu VND/thùng,Tính toán,D,2026-10-10
2022-09-14,2.15894731,triệu VND/thùng,Tính toán,D,2026-10-10
2022-09-15,2.07817056,triệu VND/thùng,Tính toán,D,2026-10-10
2022-09-16,2.0821986900000002,triệu VND/thùng,Tính toán,D,2026-10-10
2022-09-20,2.08823562,triệu VND/thùng,Tính toán,D,2026-10-10
2022-09-21,2.09382786,triệu VND/thùng,Tính toán,D,2026-10-10
2022-09-22,2.1077663999999996,triệu VND/thùng,Tính toán,D,2026-10-10
2022-09-23,1.96597996,triệu VND/thùng,Tính toán,D,2026-10-10
2022-09-26,1.9262217,triệu VND/thùng,Tính toán,D,2026-10-10
2022-10-03,2.12300016,triệu VND/thùng,Tính toán,D,2026-10-10
2022-10-06,2.23983605,triệu VND/thùng,Tính toán,D,2026-10-10
2022-10-07,2.3159673599999997,triệu VND/thùng,Tính toán,D,2026-10-10
2022-10-10,2.2759501599999994,triệu VND/thùng,Tính toán,D,2026-10-10
2022-10-11,2.23183167,triệu VND/thùng,Tính toán,D,2026-10-10
2022-10-12,2.1939711999999996,triệu VND/thùng,Tính toán,D,2026-10-10
2022-10-13,2.23597452,triệu VND/thùng,Tính toán,D,2026-10-10
2022-10-14,2.17095102,triệu VND/thùng,Tính toán,D,2026-10-10
2022-10-17,2.1472694399999996,triệu VND/thùng,Tính toán,D,2026-10-10
2022-10-18,2.11456602,triệu VND/thùng,Tính toán,D,2026-10-10
2022-10-19,2.1613784199999997,triệu VND/thùng,Tính toán,D,2026-10-10
2022-10-20,2.16737664,triệu VND/thùng,Tính toán,D,2026-10-10
2022-10-21,2.1750321599999998,triệu VND/thùng,Tính toán,D,2026-10-10
2022-10-24,2.170209,triệu VND/thùng,Tính toán,D,2026-10-10
2022-10-25,2.1749872800000003,triệu VND/thùng,Tính toán,D,2026-10-10
2022-11-02,2.2757061599999995,triệu VND/thùng,Tính toán,D,2026-10-10
2022-11-03,2.2571342299999997,triệu VND/thùng,Tính toán,D,2026-10-10
2022-11-04,2.35816429,triệu VND/thùng,Tính toán,D,2026-10-10
2022-11-07,2.3659203,triệu VND/thùng,Tính toán,D,2026-10-10
2022-11-08,2.2941827999999997,triệu VND/thùng,Tính toán,D,2026-10-10
2022-11-09,2.2041684,triệu VND/thùng,Tính toán,D,2026-10-10
2022-11-10,2.2324055,triệu VND/thùng,Tính toán,D,2026-10-10
2022-11-11,2.2823307099999997,triệu VND/thùng,Tính toán,D,2026-10-10
2022-11-14,2.21602402,triệu VND/thùng,Tính toán,D,2026-10-10
2022-11-15,2.2327411,triệu VND/thùng,Tính toán,D,2026-10-10
2022-11-16,2.1927269700000003,triệu VND/thùng,Tính toán,D,2026-10-10
2022-11-17,2.154607,triệu VND/thùng,Tính toán,D,2026-10-10
2022-11-18,2.10541775,triệu VND/thùng,Tính toán,D,2026-10-10
2022-11-21,2.09372856,triệu VND/thùng,Tính toán,D,2026-10-10
2022-11-22,2.0987001,triệu VND/thùng,Tính toán,D,2026-10-10
2022-11-23,2.0334248,triệu VND/thùng,Tính toán,D,2026-10-10
2022-11-24,2.02600089,triệu VND/thùng,Tính toán,D,2026-10-10
2022-12-01,2.04155736,triệu VND/thùng,Tính toán,D,2026-10-10
2022-12-02,2.0475364000000003,triệu VND/thùng,Tính toán,D,2026-10-10
2022-12-06,1.89074736,triệu VND/thùng,Tính toán,D,2026-10-10
2022-12-07,1.8244226000000001,triệu VND/thùng,Tính toán,D,2026-10-10
2022-12-08,1.7985571799999998,triệu VND/thùng,Tính toán,D,2026-10-10
2022-12-09,1.80668509,triệu VND/thùng,Tính toán,D,2026-10-10
2022-12-12,1.84509,triệu VND/thùng,Tính toán,D,2026-10-10
2022-12-13,1.8957116999999999,triệu VND/thùng,Tính toán,D,2026-10-10
2022-12-14,1.97108782,triệu VND/thùng,Tính toán,D,2026-10-10
2022-12-15,1.9475056800000001,triệu VND/thùng,Tính toán,D,2026-10-10
2022-12-16,1.8967299999999998,triệu VND/thùng,Tính toán,D,2026-10-10
2022-12-19,1.9308507,triệu VND/thùng,Tính toán,D,2026-10-10
2022-12-20,1.87843635,triệu VND/thùng,Tính toán,D,2026-10-10
2022-12-21,1.89719025,triệu VND/thùng,Tính toán,D,2026-10-10
2022-12-22,1.8809528799999997,triệu VND/thùng,Tính toán,D,2026-10-10
2022-12-23,1.94837595,triệu VND/thùng,Tính toán,D,2026-10-10
2023-01-04,1.7775419300000002,triệu VND/thùng,Tính toán,D,2026-10-10
2023-01-05,1.81105819,triệu VND/thùng,Tính toán,D,2026-10-10
2023-01-06,1.8036580499999997,triệu VND/thùng,Tính toán,D,2026-10-10
2023-01-09,1.8293875,triệu VND/thùng,Tính toán,D,2026-10-10
2023-01-10,1.8504752000000002,triệu VND/thùng,Tính toán,D,2026-10-10
2023-01-11,1.9145204399999998,triệu VND/thùng,Tính toán,D,2026-10-10
2023-01-12,1.9495369500000002,triệu VND/thùng,Tính toán,D,2026-10-10
2023-01-13,1.96911486,triệu VND/thùng,Tính toán,D,2026-10-10
2023-01-16,1.9506226500000001,triệu VND/thùng,Tính toán,D,2026-10-10
2023-01-17,1.99162114,triệu VND/thùng,Tính toán,D,2026-10-10
2023-01-18,1.97771068,triệu VND/thùng,Tính toán,D,2026-10-10
2023-01-19,2.0083134,triệu VND/thùng,Tính toán,D,2026-10-10
2023-01-25,2.0083134,triệu VND/thùng,Tính toán,D,2026-10-10
2023-02-01,1.9268121,triệu VND/thùng,Tính toán,D,2026-10-10
2023-02-02,1.9020965599999997,triệu VND/thùng,Tính toán,D,2026-10-10
2023-02-03,1.8613330999999997,triệu VND/thùng,Tính toán,D,2026-10-10
2023-02-06,1.90021328,triệu VND/thùng,Tính toán,D,2026-10-10
2023-02-07,1.95865332,triệu VND/thùng,Tính toán,D,2026-10-10
2023-02-08,1.98843208,triệu VND/thùng,Tính toán,D,2026-10-10
2023-02-09,1.9718259599999999,triệu VND/thùng,Tính toán,D,2026-10-10
2023-02-13,2.0315354400000003,triệu VND/thùng,Tính toán,D,2026-10-10
2023-02-14,2.0076047999999997,triệu VND/thùng,Tính toán,D,2026-10-10
2023-02-15,1.9876034099999997,triệu VND/thùng,Tính toán,D,2026-10-10
2023-02-16,1.98164224,triệu VND/thùng,Tính toán,D,2026-10-10
2023-02-17,1.93768883,triệu VND/thùng,Tính toán,D,2026-10-10
2023-02-20,1.95765234,triệu VND/thùng,Tính toán,D,2026-10-10
2023-02-21,1.94203602,triệu VND/thùng,Tính toán,D,2026-10-10
2023-02-22,1.88064155,triệu VND/thùng,Tính toán,D,2026-10-10
2023-02-23,1.9404532799999998,triệu VND/thùng,Tính toán,D,2026-10-10
2023-02-24,1.9459730199999998,triệu VND/thùng,Tính toán,D,2026-10-10
2023-02-27,1.9206760799999998,triệu VND/thùng,Tính toán,D,2026-10-10
2023-03-02,1.9891377000000001,triệu VND/thùng,Tính toán,D,2026-10-10
2023-03-03,2.02663638,triệu VND/thùng,Tính toán,D,2026-10-10
2023-03-06,2.02938696,triệu VND/thùng,Tính toán,D,2026-10-10
2023-03-07,1.9622479899999998,triệu VND/thùng,Tính toán,D,2026-10-10
2023-03-08,1.9401871999999998,triệu VND/thùng,Tính toán,D,2026-10-10
2023-03-09,1.9148399999999999,triệu VND/thùng,Tính toán,D,2026-10-10
2023-03-10,1.9454896999999998,triệu VND/thùng,Tính toán,D,2026-10-10
2023-03-13,1.88323946,triệu VND/thùng,Tính toán,D,2026-10-10
2023-03-14,1.81315386,triệu VND/thùng,Tính toán,D,2026-10-10
2023-03-15,1.7548917,triệu VND/thùng,Tính toán,D,2026-10-10
2023-03-16,1.72724064,triệu VND/thùng,Tính toán,D,2026-10-10
2023-03-17,1.6777286,triệu VND/thùng,Tính toán,D,2026-10-10
2023-03-20,1.71048798,triệu VND/thùng,Tính toán,D,2026-10-10
2023-03-21,1.76607926,triệu VND/thùng,Tính toán,D,2026-10-10
2023-03-22,1.7967813599999998,triệu VND/thùng,Tính toán,D,2026-10-10
2023-03-23,1.7548306500000002,triệu VND/thùng,Tính toán,D,2026-10-10
2023-03-24,1.737668,triệu VND/thùng,Tính toán,D,2026-10-10
2023-04-03,2.0251159999999997,triệu VND/thùng,Tính toán,D,2026-10-10
2023-04-04,2.0226914000000003,triệu VND/thùng,Tính toán,D,2026-10-10
2023-04-05,2.02717578,triệu VND/thùng,Tính toán,D,2026-10-10
2023-04-06,2.04290256,triệu VND/thùng,Tính toán,D,2026-10-10
2023-04-12,2.0848224799999997,triệu VND/thùng,Tính toán,D,2026-10-10
2023-04-13,2.04215506,triệu VND/thùng,Tính toán,D,2026-10-10
2023-04-14,2.05946828,triệu VND/thùng,Tính toán,D,2026-10-10
2023-04-17,2.0188985099999996,triệu VND/thùng,Tính toán,D,2026-10-10
2023-04-18,2.0186102,triệu VND/thùng,Tính toán,D,2026-10-10
2023-04-19,2.01624284,triệu VND/thùng,Tính toán,D,2026-10-10
2023-04-20,1.9691421800000002,triệu VND/thùng,Tính toán,D,2026-10-10
2023-04-21,1.9701302399999998,triệu VND/thùng,Tính toán,D,2026-10-10
2023-04-24,1.99086028,triệu VND/thùng,Tính toán,D,2026-10-10
2023-04-25,1.94138894,triệu VND/thùng,Tính toán,D,2026-10-10
2023-04-26,1.87244755,triệu VND/thùng,Tính toán,D,2026-10-10
2023-05-03,1.72351949,triệu VND/thùng,Tính toán,D,2026-10-10
2023-05-04,1.725355,triệu VND/thùng,Tính toán,D,2026-10-10
2023-05-05,1.7917287,triệu VND/thùng,Tính toán,D,2026-10-10
2023-05-09,1.8367689600000001,triệu VND/thùng,Tính toán,D,2026-10-10
2023-05-12,1.7621256,triệu VND/thùng,Tính toán,D,2026-10-10
2023-05-15,1.7847799199999999,triệu VND/thùng,Tính toán,D,2026-10-10
2023-05-16,1.7774478,triệu VND/thùng,Tính toán,D,2026-10-10
2023-05-17,1.8210388800000001,triệu VND/thùng,Tính toán,D,2026-10-10
2023-05-18,1.793154,triệu VND/thùng,Tính toán,D,2026-10-10
2023-05-19,1.7859456,triệu VND/thùng,Tính toán,D,2026-10-10
2023-05-22,1.7945366799999998,triệu VND/thùng,Tính toán,D,2026-10-10
2023-05-23,1.8145421999999998,triệu VND/thùng,Tính toán,D,2026-10-10
2023-05-24,1.8471151599999998,triệu VND/thùng,Tính toán,D,2026-10-10
2023-05-25,1.7928393599999999,triệu VND/thùng,Tính toán,D,2026-10-10
2023-06-02,1.8028719999999998,triệu VND/thùng,Tính toán,D,2026-10-10
2023-06-05,1.8151207299999998,triệu VND/thùng,Tính toán,D,2026-10-10
2023-06-06,1.8079383999999998,triệu VND/thùng,Tính toán,D,2026-10-10
2023-06-07,1.8223440499999997,triệu VND/thùng,Tính toán,D,2026-10-10
2023-06-08,1.7994183199999998,triệu VND/thùng,Tính toán,D,2026-10-10
2023-06-09,1.7726085799999998,triệu VND/thùng,Tính toán,D,2026-10-10
2023-06-12,1.70166,triệu VND/thùng,Tính toán,D,2026-10-10
2023-06-13,1.7594137599999997,triệu VND/thùng,Tính toán,D,2026-10-10
2023-06-14,1.7393429999999999,triệu VND/thùng,Tính toán,D,2026-10-10
2023-06-15,1.795578,triệu VND/thùng,Tính toán,D,2026-10-10
2023-06-16,1.82005636,triệu VND/thùng,Tính toán,D,2026-10-10
2023-06-19,1.8031047299999998,triệu VND/thùng,Tính toán,D,2026-10-10
2023-06-20,1.79758722,triệu VND/thùng,Tính toán,D,2026-10-10
2023-06-21,1.82508084,triệu VND/thùng,Tính toán,D,2026-10-10
2023-06-22,1.7545067600000002,triệu VND/thùng,Tính toán,D,2026-10-10
2023-06-23,1.7457259200000002,triệu VND/thùng,Tính toán,D,2026-10-10
2023-07-03,1.7739485999999998,triệu VND/thùng,Tính toán,D,2026-10-10
2023-07-04,1.81457892,triệu VND/thùng,Tính toán,D,2026-10-10
2023-07-06,1.8280841599999997,triệu VND/thùng,Tính toán,D,2026-10-10
2023-07-07,1.8773254099999999,triệu VND/thùng,Tính toán,D,2026-10-10
2023-07-10,1.8531323,triệu VND/thùng,Tính toán,D,2026-10-10
2023-07-11,1.89201798,triệu VND/thùng,Tính toán,D,2026-10-10
2023-07-12,1.9100802,triệu VND/thùng,Tính toán,D,2026-10-10
2023-07-13,1.9317629799999998,triệu VND/thùng,Tính toán,D,2026-10-10
2023-07-14,1.8952280000000001,triệu VND/thùng,Tính toán,D,2026-10-10
2023-07-17,1.8439378,triệu VND/thùng,Tính toán,D,2026-10-10
2023-07-18,1.88621156,triệu VND/thùng,Tính toán,D,2026-10-10
2023-07-19,1.8816235199999998,triệu VND/thùng,Tính toán,D,2026-10-10
2023-07-20,1.8894622200000002,triệu VND/thùng,Tính toán,D,2026-10-10
2023-07-21,1.92387804,triệu VND/thùng,Tính toán,D,2026-10-10
2023-07-24,1.96033509,triệu VND/thùng,Tính toán,D,2026-10-10
2023-08-01,2.02742238,triệu VND/thùng,Tính toán,D,2026-10-10
2023-08-02,1.9971697300000002,triệu VND/thùng,Tính toán,D,2026-10-10
2023-08-03,2.0515805699999996,triệu VND/thùng,Tính toán,D,2026-10-10
2023-08-04,2.0818285,triệu VND/thùng,Tính toán,D,2026-10-10
2023-08-08,2.094576,triệu VND/thùng,Tính toán,D,2026-10-10
2023-08-09,2.12834661,triệu VND/thùng,Tính toán,D,2026-10-10
2023-08-10,2.08334544,triệu VND/thùng,Tính toán,D,2026-10-10
2023-08-11,2.09598741,triệu VND/thùng,Tính toán,D,2026-10-10
2023-08-14,2.0843152000000003,triệu VND/thùng,Tính toán,D,2026-10-10
2023-08-15,2.06045268,triệu VND/thùng,Tính toán,D,2026-10-10
2023-08-16,2.0208318199999997,triệu VND/thùng,Tính toán,D,2026-10-10
2023-08-17,2.04158324,triệu VND/thùng,Tính toán,D,2026-10-10
2023-08-18,2.05744032,triệu VND/thùng,Tính toán,D,2026-10-10
2023-08-21,2.0417596799999997,triệu VND/thùng,Tính toán,D,2026-10-10
2023-08-22,2.0231442,triệu VND/thùng,Tính toán,D,2026-10-10
2023-08-23,2.0059981199999997,triệu VND/thùng,Tính toán,D,2026-10-10
2023-08-24,2.01381278,triệu VND/thùng,Tính toán,D,2026-10-10
2023-08-25,2.04512564,triệu VND/thùng,Tính toán,D,2026-10-10
2023-09-04,2.16800034,triệu VND/thùng,Tính toán,D,2026-10-10
2023-09-05,2.18625875,triệu VND/thùng,Tính toán,D,2026-10-10
2023-09-06,2.20213389,triệu VND/thùng,Tính toán,D,2026-10-10
2023-09-07,2.1859256400000002,triệu VND/thùng,Tính toán,D,2026-10-10
2023-09-08,2.2037570499999997,triệu VND/thùng,Tính toán,D,2026-10-10
2023-09-11,2.20773985,triệu VND/thùng,Tính toán,D,2026-10-10
2023-09-12,2.2441419799999998,triệu VND/thùng,Tính toán,D,2026-10-10
2023-09-13,2.2324948,triệu VND/thùng,Tính toán,D,2026-10-10
2023-09-14,2.2860376,triệu VND/thùng,Tính toán,D,2026-10-10
2023-09-15,2.2966398,triệu VND/thùng,Tính toán,D,2026-10-10
2023-09-18,2.3072137,triệu VND/thùng,Tính toán,D,2026-10-10
2023-09-19,2.3124066,triệu VND/thùng,Tính toán,D,2026-10-10
2023-09-20,2.2769102400000003,triệu VND/thùng,Tính toán,D,2026-10-10
2023-09-21,2.2547031,triệu VND/thùng,Tính toán,D,2026-10-10
2023-09-22,2.2613993999999997,triệu VND/thùng,Tính toán,D,2026-10-10
2023-10-06,2.11514164,triệu VND/thùng,Tính toán,D,2026-10-10
2023-10-09,2.19918453,triệu VND/thùng,Tính toán,D,2026-10-10
2023-10-10,2.1825141,triệu VND/thùng,Tính toán,D,2026-10-10
2023-10-11,2.1076127000000002,triệu VND/thùng,Tính toán,D,2026-10-10
2023-10-12,2.1275228000000004,triệu VND/thùng,Tính toán,D,2026-10-10
2023-10-13,2.27118341,triệu VND/thùng,Tính toán,D,2026-10-10
2023-10-16,2.1918581099999996,triệu VND/thùng,Tính toán,D,2026-10-10
2023-10-17,2.22908436,triệu VND/thùng,Tính toán,D,2026-10-10
2023-10-18,2.21659104,triệu VND/thùng,Tính toán,D,2026-10-10
2023-10-19,2.244192,triệu VND/thùng,Tính toán,D,2026-10-10
2023-10-20,2.2595892,triệu VND/thùng,Tính toán,D,2026-10-10
2023-10-23,2.2133891999999995,triệu VND/thùng,Tính toán,D,2026-10-10
2023-10-24,2.120536,triệu VND/thùng,Tính toán,D,2026-10-10
2023-10-25,2.17120218,triệu VND/thùng,Tính toán,D,2026-10-10
2023-11-02,2.14529298,triệu VND/thùng,Tính toán,D,2026-10-10
2023-11-03,2.1085541999999995,triệu VND/thùng,Tính toán,D,2026-10-10
2023-11-06,2.1010278399999995,triệu VND/thùng,Tính toán,D,2026-10-10
2023-11-07,2.0034880200000003,triệu VND/thùng,Tính toán,D,2026-10-10
2023-11-08,1.9538180999999997,triệu VND/thùng,Tính toán,D,2026-10-10
2023-11-09,1.9619234799999998,triệu VND/thùng,Tính toán,D,2026-10-10
2023-11-10,2.00901124,triệu VND/thùng,Tính toán,D,2026-10-10
2023-11-13,2.01942135,triệu VND/thùng,Tính toán,D,2026-10-10
2023-11-14,2.022484,triệu VND/thùng,Tính toán,D,2026-10-10
2023-11-15,1.9789184,triệu VND/thùng,Tính toán,D,2026-10-10
2023-11-16,1.86326583,triệu VND/thùng,Tính toán,D,2026-10-10
2023-11-17,1.94700584,triệu VND/thùng,Tính toán,D,2026-10-10
2023-11-20,1.9941704999999998,triệu VND/thùng,Tính toán,D,2026-10-10
2023-11-21,1.9710743,triệu VND/thùng,Tính toán,D,2026-10-10
2023-11-22,1.9528376,triệu VND/thùng,Tính toán,D,2026-10-10
2023-11-23,1.9335277499999997,triệu VND/thùng,Tính toán,D,2026-10-10
2023-11-24,1.9098531399999998,triệu VND/thùng,Tính toán,D,2026-10-10
2023-12-01,1.88321856,triệu VND/thùng,Tính toán,D,2026-10-10
2023-12-04,1.87107224,triệu VND/thùng,Tính toán,D,2026-10-10
2023-12-05,1.84876202,triệu VND/thùng,Tính toán,D,2026-10-10
2023-12-06,1.78027783,triệu VND/thùng,Tính toán,D,2026-10-10
2023-12-07,1.77799739,triệu VND/thùng,Tính toán,D,2026-10-10
2023-12-08,1.8188389399999998,triệu VND/thùng,Tính toán,D,2026-10-10
2023-12-11,1.812849,triệu VND/thùng,Tính toán,D,2026-10-10
2023-12-12,1.7742675099999998,triệu VND/thùng,Tính toán,D,2026-10-10
2023-12-13,1.77594956,triệu VND/thùng,Tính toán,D,2026-10-10
2023-12-14,1.84496225,triệu VND/thùng,Tính toán,D,2026-10-10
2023-12-15,1.8350928800000001,triệu VND/thùng,Tính toán,D,2026-10-10
2023-12-18,1.88412987,triệu VND/thùng,Tính toán,D,2026-10-10
2023-12-19,1.9088154799999997,triệu VND/thùng,Tính toán,D,2026-10-10
2023-12-20,1.9413717999999998,triệu VND/thùng,Tính toán,D,2026-10-10
2023-12-21,1.9310616,triệu VND/thùng,Tính toán,D,2026-10-10
2023-12-22,1.91870045,triệu VND/thùng,Tính toán,D,2026-10-10
2024-01-03,1.8435214800000002,triệu VND/thùng,Tính toán,D,2026-10-10
2024-01-04,1.81251785,triệu VND/thùng,Tính toán,D,2026-10-10
2024-01-05,1.87411492,triệu VND/thùng,Tính toán,D,2026-10-10
2024-01-08,1.80622351,triệu VND/thùng,Tính toán,D,2026-10-10
2024-01-09,1.86590007,triệu VND/thùng,Tính toán,D,2026-10-10
2024-01-10,1.8773908799999999,triệu VND/thùng,Tính toán,D,2026-10-10
2024-01-11,1.9208690799999997,triệu VND/thùng,Tính toán,D,2026-10-10
2024-01-12,1.9154426399999998,triệu VND/thùng,Tính toán,D,2026-10-10
2024-01-15,1.91360192,triệu VND/thùng,Tính toán,D,2026-10-10
2024-01-16,1.92255805,triệu VND/thùng,Tính toán,D,2026-10-10
2024-01-17,1.89446096,triệu VND/thùng,Tính toán,D,2026-10-10
2024-01-18,1.94828264,triệu VND/thùng,Tính toán,D,2026-10-10
2024-01-19,1.9400262699999997,triệu VND/thùng,Tính toán,D,2026-10-10
2024-01-22,1.9633326999999998,triệu VND/thùng,Tính toán,D,2026-10-10
2024-01-23,1.9714212000000002,triệu VND/thùng,Tính toán,D,2026-10-10
2024-01-24,1.9740645,triệu VND/thùng,Tính toán,D,2026-10-10
2024-01-25,1.97847223,triệu VND/thùng,Tính toán,D,2026-10-10
2024-02-01,1.969512,triệu VND/thùng,Tính toán,D,2026-10-10
2024-02-02,1.90569886,triệu VND/thùng,Tính toán,D,2026-10-10
2024-02-05,1.8995521999999998,triệu VND/thùng,Tính toán,D,2026-10-10
2024-02-06,1.92814344,triệu VND/thùng,Tính toán,D,2026-10-10
2024-02-07,1.9447480799999999,triệu VND/thùng,Tính toán,D,2026-10-10
2024-02-08,1.98858756,triệu VND/thùng,Tính toán,D,2026-10-10
2024-02-09,2.00224248,triệu VND/thùng,Tính toán,D,2026-10-10
2024-02-13,2.02955232,triệu VND/thùng,Tính toán,D,2026-10-10
2024-02-14,2.02212596,triệu VND/thùng,Tính toán,D,2026-10-10
2024-02-15,2.02189608,triệu VND/thùng,Tính toán,D,2026-10-10
2024-02-16,2.03465848,triệu VND/thùng,Tính toán,D,2026-10-10
2024-02-19,2.05068408,triệu VND/thùng,Tính toán,D,2026-10-10
2024-02-20,2.03370264,triệu VND/thùng,Tính toán,D,2026-10-10
2024-02-21,2.0338866099999997,triệu VND/thùng,Tính toán,D,2026-10-10
2024-02-22,2.05852904,triệu VND/thùng,Tính toán,D,2026-10-10
2024-02-23,2.0199832800000004,triệu VND/thùng,Tính toán,D,2026-10-10
2024-03-01,2.03584964,triệu VND/thùng,Tính toán,D,2026-10-10
2024-03-04,2.07826632,triệu VND/thùng,Tính toán,D,2026-10-10
2024-03-05,2.06070984,triệu VND/thùng,Tính toán,D,2026-10-10
2024-03-06,2.07963203,triệu VND/thùng,Tính toán,D,2026-10-10
2024-03-07,2.0385629599999997,triệu VND/thùng,Tính toán,D,2026-10-10
2024-03-08,2.02262284,triệu VND/thùng,Tính toán,D,2026-10-10
2024-03-13,2.01119015,triệu VND/thùng,Tính toán,D,2026-10-10
2024-03-14,2.06499672,triệu VND/thùng,Tính toán,D,2026-10-10
2024-03-15,2.04756681,triệu VND/thùng,Tính toán,D,2026-10-10
2024-03-18,2.07476118,triệu VND/thùng,Tính toán,D,2026-10-10
2024-03-19,2.09594112,triệu VND/thùng,Tính toán,D,2026-10-10
2024-03-20,2.0583942299999998,triệu VND/thùng,Tính toán,D,2026-10-10
2024-03-21,2.0385046,triệu VND/thùng,Tính toán,D,2026-10-10
2024-03-22,2.03713461,triệu VND/thùng,Tính toán,D,2026-10-10
2024-03-25,2.0696127,triệu VND/thùng,Tính toán,D,2026-10-10
2024-03-26,2.0613245399999998,triệu VND/thùng,Tính toán,D,2026-10-10
2024-04-02,2.10355815,triệu VND/thùng,Tính toán,D,2026-10-10
2024-04-03,2.176212,triệu VND/thùng,Tính toán,D,2026-10-10
2024-04-04,2.1711121599999994,triệu VND/thùng,Tính toán,D,2026-10-10
2024-04-05,2.23096678,triệu VND/thùng,Tính toán,D,2026-10-10
2024-04-08,2.2050057400000003,triệu VND/thùng,Tính toán,D,2026-10-10
2024-04-09,2.21452881,triệu VND/thùng,Tính toán,D,2026-10-10
2024-04-10,2.2009765199999998,triệu VND/thùng,Tính toán,D,2026-10-10
2024-04-11,2.19996854,triệu VND/thùng,Tính toán,D,2026-10-10
2024-04-12,2.2425158400000003,triệu VND/thùng,Tính toán,D,2026-10-10
2024-04-15,2.18888064,triệu VND/thùng,Tính toán,D,2026-10-10
2024-04-16,2.20383189,triệu VND/thùng,Tính toán,D,2026-10-10
2024-04-17,2.16964374,triệu VND/thùng,Tính toán,D,2026-10-10
2024-04-18,2.14056654,triệu VND/thùng,Tính toán,D,2026-10-10
2024-04-19,2.1339095999999995,triệu VND/thùng,Tính toán,D,2026-10-10
2024-04-22,2.1189456,triệu VND/thùng,Tính toán,D,2026-10-10
2024-04-23,2.1432397499999998,triệu VND/thùng,Tính toán,D,2026-10-10
2024-04-24,2.16087148,triệu VND/thùng,Tính toán,D,2026-10-10
2024-04-25,2.1376584,triệu VND/thùng,Tính toán,D,2026-10-10
2024-05-02,2.05596402,triệu VND/thùng,Tính toán,D,2026-10-10
2024-05-03,2.0265476,triệu VND/thùng,Tính toán,D,2026-10-10
2024-05-07,2.0046536699999997,triệu VND/thùng,Tính toán,D,2026-10-10
2024-05-08,1.99908756,triệu VND/thùng,Tính toán,D,2026-10-10
2024-05-09,2.0205465499999997,triệu VND/thùng,Tính toán,D,2026-10-10
2024-05-10,2.0239586899999997,triệu VND/thùng,Tính toán,D,2026-10-10
2024-05-13,2.0184458800000002,triệu VND/thùng,Tính toán,D,2026-10-10
2024-05-14,1.965789,triệu VND/thùng,Tính toán,D,2026-10-10
2024-05-15,1.94103462,triệu VND/thùng,Tính toán,D,2026-10-10
2024-05-16,1.9791960000000002,triệu VND/thùng,Tính toán,D,2026-10-10
2024-05-17,1.9934153599999997,triệu VND/thùng,Tính toán,D,2026-10-10
2024-05-20,1.98607177,triệu VND/thùng,Tính toán,D,2026-10-10
2024-05-21,1.96966622,triệu VND/thùng,Tính toán,D,2026-10-10
2024-05-22,1.9378946,triệu VND/thùng,Tính toán,D,2026-10-10
2024-05-23,1.9224465,triệu VND/thùng,Tính toán,D,2026-10-10
2024-05-24,1.91491488,triệu VND/thùng,Tính toán,D,2026-10-10
2024-06-03,1.8547534499999998,triệu VND/thùng,Tính toán,D,2026-10-10
2024-06-04,1.8264511799999998,triệu VND/thùng,Tính toán,D,2026-10-10
2024-06-05,1.8280138099999999,triệu VND/thùng,Tính toán,D,2026-10-10
2024-06-06,1.88158642,triệu VND/thùng,Tính toán,D,2026-10-10
2024-06-07,1.89370692,triệu VND/thùng,Tính toán,D,2026-10-10
2024-06-10,1.9294207799999998,triệu VND/thùng,Tính toán,D,2026-10-10
2024-06-11,1.9436375000000001,triệu VND/thùng,Tính toán,D,2026-10-10
2024-06-12,1.9529320799999998,triệu VND/thùng,Tính toán,D,2026-10-10
2024-06-13,1.9745128,triệu VND/thùng,Tính toán,D,2026-10-10
2024-06-14,1.9760510099999997,triệu VND/thùng,Tính toán,D,2026-10-10
2024-06-17,2.00015455,triệu VND/thùng,Tính toán,D,2026-10-10
2024-06-18,2.05692061,triệu VND/thùng,Tính toán,D,2026-10-10
2024-06-19,2.0773694799999998,triệu VND/thùng,Tính toán,D,2026-10-10
2024-06-20,2.0839896,triệu VND/thùng,Tính toán,D,2026-10-10
2024-06-21,2.09620352,triệu VND/thùng,Tính toán,D,2026-10-10
2024-06-24,2.1047285,triệu VND/thùng,Tính toán,D,2026-10-10
2024-07-01,2.0994956399999998,triệu VND/thùng,Tính toán,D,2026-10-10
2024-07-02,2.14105484,triệu VND/thùng,Tính toán,D,2026-10-10
2024-07-03,2.1407685,triệu VND/thùng,Tính toán,D,2026-10-10
2024-07-04,2.14233334,triệu VND/thùng,Tính toán,D,2026-10-10
2024-07-05,2.14965036,triệu VND/thùng,Tính toán,D,2026-10-10
2024-07-10,2.09857785,triệu VND/thùng,Tính toán,D,2026-10-10
2024-07-11,2.0976419699999997,triệu VND/thùng,Tính toán,D,2026-10-10
2024-07-12,2.1180627999999997,triệu VND/thùng,Tính toán,D,2026-10-10
2024-07-15,2.0952529,triệu VND/thùng,Tính toán,D,2026-10-10
2024-07-16,2.099617,triệu VND/thùng,Tính toán,D,2026-10-10
2024-07-17,2.08019456,triệu VND/thùng,Tính toán,D,2026-10-10
2024-07-18,2.0918912599999997,triệu VND/thùng,Tính toán,D,2026-10-10
2024-07-19,2.06551674,triệu VND/thùng,Tính toán,D,2026-10-10
2024-07-22,2.02433784,triệu VND/thùng,Tính toán,D,2026-10-10
2024-07-23,1.9945008,triệu VND/thùng,Tính toán,D,2026-10-10
2024-07-24,2.01415464,triệu VND/thùng,Tính toán,D,2026-10-10
2024-07-25,2.0038036999999997,triệu VND/thùng,Tính toán,D,2026-10-10
2024-08-02,1.8993607,triệu VND/thùng,Tính toán,D,2026-10-10
2024-08-05,1.87891991,triệu VND/thùng,Tính toán,D,2026-10-10
2024-08-06,1.8572688,triệu VND/thùng,Tính toán,D,2026-10-10
2024-08-07,1.8978050000000002,triệu VND/thùng,Tính toán,D,2026-10-10
2024-08-08,1.95939912,triệu VND/thùng,Tính toán,D,2026-10-10
2024-08-09,1.9667581999999997,triệu VND/thùng,Tính toán,D,2026-10-10
2024-08-12,2.01470336,triệu VND/thùng,Tính toán,D,2026-10-10
2024-08-13,2.00136256,triệu VND/thùng,Tính toán,D,2026-10-10
2024-08-14,1.9929590000000001,triệu VND/thùng,Tính toán,D,2026-10-10
2024-08-15,2.01526486,triệu VND/thùng,Tính toán,D,2026-10-10
2024-08-16,1.97815624,triệu VND/thùng,Tính toán,D,2026-10-10
2024-08-19,1.96732449,triệu VND/thùng,Tính toán,D,2026-10-10
2024-08-20,1.9121913499999998,triệu VND/thùng,Tính toán,D,2026-10-10
2024-08-21,1.9098574199999998,triệu VND/thùng,Tính toán,D,2026-10-10
2024-08-22,1.9105059999999998,triệu VND/thùng,Tính toán,D,2026-10-10
2024-08-23,1.948245,triệu VND/thùng,Tính toán,D,2026-10-10
2024-09-03,1.8521670399999997,triệu VND/thùng,Tính toán,D,2026-10-10
2024-09-04,1.80917943,triệu VND/thùng,Tính toán,D,2026-10-10
2024-09-09,1.7496894900000002,triệu VND/thùng,Tính toán,D,2026-10-10
2024-09-10,1.7018059600000002,triệu VND/thùng,Tính toán,D,2026-10-10
2024-09-11,1.7023457199999998,triệu VND/thùng,Tính toán,D,2026-10-10
2024-09-12,1.7852424699999998,triệu VND/thùng,Tính toán,D,2026-10-10
2024-09-13,1.78099296,triệu VND/thùng,Tính toán,D,2026-10-10
2024-09-16,1.7851725199999997,triệu VND/thùng,Tính toán,D,2026-10-10
2024-09-17,1.79971155,triệu VND/thùng,Tính toán,D,2026-10-10
2024-09-18,1.7997325199999998,triệu VND/thùng,Tính toán,D,2026-10-10
2024-09-19,1.83500031,triệu VND/thùng,Tính toán,D,2026-10-10
2024-09-20,1.8342820799999997,triệu VND/thùng,Tính toán,D,2026-10-10
2024-09-23,1.8082436999999998,triệu VND/thùng,Tính toán,D,2026-10-10
2024-09-24,1.81795234,triệu VND/thùng,Tính toán,D,2026-10-10
2024-09-25,1.8197036,triệu VND/thùng,Tính toán,D,2026-10-10
2024-10-02,1.80367684,triệu VND/thùng,Tính toán,D,2026-10-10
2024-10-03,1.8706005499999998,triệu VND/thùng,Tính toán,D,2026-10-10
2024-10-07,1.9742662199999998,triệu VND/thùng,Tính toán,D,2026-10-10
2024-10-08,1.8896959199999999,triệu VND/thùng,Tính toán,D,2026-10-10
2024-10-09,1.86238608,triệu VND/thùng,Tính toán,D,2026-10-10
2024-10-10,1.9204654,triệu VND/thùng,Tính toán,D,2026-10-10
2024-10-11,1.94052725,triệu VND/thùng,Tính toán,D,2026-10-10
2024-10-14,1.8959136699999999,triệu VND/thùng,Tính toán,D,2026-10-10
2024-10-15,1.78136136,triệu VND/thùng,Tính toán,D,2026-10-10
2024-10-16,1.78137255,triệu VND/thùng,Tính toán,D,2026-10-10
2024-10-17,1.79967963,triệu VND/thùng,Tính toán,D,2026-10-10
2024-10-18,1.76149575,triệu VND/thùng,Tính toán,D,2026-10-10
2024-10-21,1.77567012,triệu VND/thùng,Tính toán,D,2026-10-10
2024-10-22,1.8323016,triệu VND/thùng,Tính toán,D,2026-10-10
2024-10-23,1.81099,triệu VND/thùng,Tính toán,D,2026-10-10
2024-10-24,1.8017902,triệu VND/thùng,Tính toán,D,2026-10-10
2024-10-25,1.8341631,triệu VND/thùng,Tính toán,D,2026-10-10
2024-11-01,1.7849384599999998,triệu VND/thùng,Tính toán,D,2026-10-10
2024-11-05,1.86661104,triệu VND/thùng,Tính toán,D,2026-10-10
2024-11-06,1.8562221599999997,triệu VND/thùng,Tính toán,D,2026-10-10
2024-11-07,1.83895159,triệu VND/thùng,Tính toán,D,2026-10-10
2024-11-08,1.79754312,triệu VND/thùng,Tính toán,D,2026-10-10
2024-11-11,1.7515459699999998,triệu VND/thùng,Tính toán,D,2026-10-10
2024-11-12,1.76081352,triệu VND/thùng,Tính toán,D,2026-10-10
2024-11-13,1.7696236799999998,triệu VND/thùng,Tính toán,D,2026-10-10
2024-11-14,1.7826431,triệu VND/thùng,Tính toán,D,2026-10-10
2024-11-15,1.7846881,triệu VND/thùng,Tính toán,D,2026-10-10
2024-11-18,1.8058127999999998,triệu VND/thùng,Tính toán,D,2026-10-10
2024-11-19,1.8054557599999996,triệu VND/thùng,Tính toán,D,2026-10-10
2024-11-20,1.80510405,triệu VND/thùng,Tính toán,D,2026-10-10
2024-11-21,1.8239361,triệu VND/thùng,Tính toán,D,2026-10-10
2024-11-22,1.8488494999999996,triệu VND/thùng,Tính toán,D,2026-10-10
2024-11-25,1.8041668399999997,triệu VND/thùng,Tính toán,D,2026-10-10
2024-12-02,1.7649144,triệu VND/thùng,Tính toán,D,2026-10-10
2024-12-03,1.8146479999999998,triệu VND/thùng,Tính toán,D,2026-10-10
2024-12-04,1.81188616,triệu VND/thùng,Tính toán,D,2026-10-10
2024-12-05,1.7903454799999998,triệu VND/thùng,Tính toán,D,2026-10-10
2024-12-06,1.7895339000000001,triệu VND/thùng,Tính toán,D,2026-10-10
2024-12-09,1.7878050399999998,triệu VND/thùng,Tính toán,D,2026-10-10
2024-12-10,1.78635912,triệu VND/thùng,Tính toán,D,2026-10-10
2024-12-11,1.8039381399999999,triệu VND/thùng,Tính toán,D,2026-10-10
2024-12-12,1.7835216799999998,triệu VND/thùng,Tính toán,D,2026-10-10
2024-12-13,1.8171309599999999,triệu VND/thùng,Tính toán,D,2026-10-10
2024-12-16,1.8034095999999997,triệu VND/thùng,Tính toán,D,2026-10-10
2024-12-17,1.7755931999999999,triệu VND/thùng,Tính toán,D,2026-10-10
2024-12-18,1.8104104599999997,triệu VND/thùng,Tính toán,D,2026-10-10
2024-12-19,1.79242,triệu VND/thùng,Tính toán,D,2026-10-10
2024-12-20,1.78027356,triệu VND/thùng,Tính toán,D,2026-10-10
2024-12-23,1.7535977999999999,triệu VND/thùng,Tính toán,D,2026-10-10
2024-12-24,1.786638,triệu VND/thùng,Tính toán,D,2026-10-10
2025-04-24,1.68264,triệu VND/thùng,Tính toán,D,2026-10-10
2025-04-25,1.6712665199999996,triệu VND/thùng,Tính toán,D,2026-10-10
2025-04-28,1.6506047999999998,triệu VND/thùng,Tính toán,D,2026-10-10
2025-05-02,1.5365409199999998,triệu VND/thùng,Tính toán,D,2026-10-10
2025-05-06,1.5553830599999998,triệu VND/thùng,Tính toán,D,2026-10-10
2025-05-07,1.5035283,triệu VND/thùng,Tính toán,D,2026-10-10
2025-05-08,1.55095794,triệu VND/thùng,Tính toán,D,2026-10-10
2025-05-09,1.6033512600000002,triệu VND/thùng,Tính toán,D,2026-10-10
2025-05-12,1.6284096000000001,triệu VND/thùng,Tính toán,D,2026-10-10
2025-05-13,1.67144289,triệu VND/thùng,Tính toán,D,2026-10-10
2025-05-14,1.6459704299999998,triệu VND/thùng,Tính toán,D,2026-10-10
2025-05-15,1.6070692,triệu VND/thùng,Tính toán,D,2026-10-10
2025-05-16,1.627392,triệu VND/thùng,Tính toán,D,2026-10-10
2025-05-19,1.6542625,triệu VND/thùng,Tính toán,D,2026-10-10
2025-05-20,1.6711082400000001,triệu VND/thùng,Tính toán,D,2026-10-10
2025-05-21,1.64399732,triệu VND/thùng,Tính toán,D,2026-10-10
2025-05-22,1.61883085,triệu VND/thùng,Tính toán,D,2026-10-10
2025-05-23,1.6326335999999997,triệu VND/thùng,Tính toán,D,2026-10-10
2025-05-27,1.6038191999999996,triệu VND/thùng,Tính toán,D,2026-10-10
2025-05-28,1.63951684,triệu VND/thùng,Tính toán,D,2026-10-10
2025-05-29,1.6125451999999998,triệu VND/thùng,Tính toán,D,2026-10-10
2025-05-30,1.6065849599999997,triệu VND/thùng,Tính toán,D,2026-10-10
2025-06-02,1.6617534999999999,triệu VND/thùng,Tính toán,D,2026-10-10
2025-06-03,1.6857853600000001,triệu VND/thùng,Tính toán,D,2026-10-10
2025-06-04,1.66751676,triệu VND/thùng,Tính toán,D,2026-10-10
2025-06-05,1.6754787,triệu VND/thùng,Tính toán,D,2026-10-10
2025-06-06,1.6999558399999999,triệu VND/thùng,Tính toán,D,2026-10-10
2025-06-09,1.7177001600000001,triệu VND/thùng,Tính toán,D,2026-10-10
2025-06-10,1.7092238499999999,triệu VND/thùng,Tính toán,D,2026-10-10
2025-06-11,1.7809667800000002,triệu VND/thùng,Tính toán,D,2026-10-10
2025-06-12,1.7702916,triệu VND/thùng,Tính toán,D,2026-10-10
2025-06-13,1.8981,triệu VND/thùng,Tính toán,D,2026-10-10
2025-06-16,1.8757246499999998,triệu VND/thùng,Tính toán,D,2026-10-10
2025-06-17,1.9673426,triệu VND/thùng,Tính toán,D,2026-10-10
2025-06-18,1.95902972,triệu VND/thùng,Tính toán,D,2026-10-10
2025-06-19,2.0112592499999997,triệu VND/thùng,Tính toán,D,2026-10-10
2025-06-20,1.97069063,triệu VND/thùng,Tính toán,D,2026-10-10
2025-06-23,1.86058152,triệu VND/thùng,Tính toán,D,2026-10-10
2025-06-24,1.7322595399999998,triệu VND/thùng,Tính toán,D,2026-10-10
2025-06-25,1.7137620000000002,triệu VND/thùng,Tính toán,D,2026-10-10
2025-06-26,1.7178842099999996,triệu VND/thùng,Tính toán,D,2026-10-10
2025-06-27,1.73757976,triệu VND/thùng,Tính toán,D,2026-10-10
2025-06-30,1.7072938,triệu VND/thùng,Tính toán,D,2026-10-10
2025-07-01,1.6946725399999998,triệu VND/thùng,Tính toán,D,2026-10-10
2025-07-02,1.774956,triệu VND/thùng,Tính toán,D,2026-10-10
2025-07-03,1.76690822,triệu VND/thùng,Tính toán,D,2026-10-10
2025-07-04,1.7839894799999998,triệu VND/thùng,Tính toán,D,2026-10-10
2025-07-07,1.80688035,triệu VND/thùng,Tính toán,D,2026-10-10
2025-07-08,1.8212724999999998,triệu VND/thùng,Tính toán,D,2026-10-10
2025-07-09,1.80806562,triệu VND/thùng,Tính toán,D,2026-10-10
2025-07-10,1.7687197799999996,triệu VND/thùng,Tính toán,D,2026-10-10
2025-07-11,1.8107236800000002,triệu VND/thùng,Tính toán,D,2026-10-10
2025-07-14,1.7829409599999997,triệu VND/thùng,Tính toán,D,2026-10-10
2025-07-15,1.7671499599999998,triệu VND/thùng,Tính toán,D,2026-10-10
2025-07-16,1.75345456,triệu VND/thùng,Tính toán,D,2026-10-10
2025-07-17,1.7955523199999996,triệu VND/thùng,Tính toán,D,2026-10-10
2025-07-18,1.7896461,triệu VND/thùng,Tính toán,D,2026-10-10
2025-07-21,1.8117367199999999,triệu VND/thùng,Tính toán,D,2026-10-10
2025-07-22,1.75472451,triệu VND/thùng,Tính toán,D,2026-10-10
2025-07-23,1.74149309,triệu VND/thùng,Tính toán,D,2026-10-10
2025-07-24,1.7721897199999999,triệu VND/thùng,Tính toán,D,2026-10-10
2025-07-25,1.74210372,triệu VND/thùng,Tính toán,D,2026-10-10
2025-07-28,1.78464834,triệu VND/thùng,Tính toán,D,2026-10-10
2025-07-29,1.8453312599999996,triệu VND/thùng,Tính toán,D,2026-10-10
2025-07-30,1.86636744,triệu VND/thùng,Tính toán,D,2026-10-10
2025-07-31,1.8533732,triệu VND/thùng,Tính toán,D,2026-10-10
2025-08-01,1.78131695,triệu VND/thùng,Tính toán,D,2026-10-10
2025-08-04,1.7556944,triệu VND/thùng,Tính toán,D,2026-10-10
2025-08-05,1.7436416599999998,triệu VND/thùng,Tính toán,D,2026-10-10
2025-08-06,1.71501904,triệu VND/thùng,Tính toán,D,2026-10-10
2025-08-07,1.6907606099999999,triệu VND/thùng,Tính toán,D,2026-10-10
2025-08-08,1.69456476,triệu VND/thùng,Tính toán,D,2026-10-10
2025-08-11,1.6995601599999999,triệu VND/thùng,Tính toán,D,2026-10-10
2025-08-12,1.6862323999999997,triệu VND/thùng,Tính toán,D,2026-10-10
2025-08-13,1.67261375,triệu VND/thùng,Tính toán,D,2026-10-10
2025-08-14,1.7193488,triệu VND/thùng,Tính toán,D,2026-10-10
2025-08-15,1.6992577,triệu VND/thùng,Tính toán,D,2026-10-10
2025-08-18,1.7212041,triệu VND/thùng,Tính toán,D,2026-10-10
2025-08-19,1.6824881,triệu VND/thùng,Tính toán,D,2026-10-10
2025-08-20,1.70803143,triệu VND/thùng,Tính toán,D,2026-10-10
2025-08-21,1.72892593,triệu VND/thùng,Tính toán,D,2026-10-10
2025-08-22,1.7276004200000001,triệu VND/thùng,Tính toán,D,2026-10-10
2025-08-26,1.6905109699999998,triệu VND/thùng,Tính toán,D,2026-10-10
2025-08-27,1.71224575,triệu VND/thùng,Tính toán,D,2026-10-10
2025-08-28,1.7336374799999998,triệu VND/thùng,Tính toán,D,2026-10-10
2025-08-29,1.7120292,triệu VND/thùng,Tính toán,D,2026-10-10
2025-09-01,1.6933516,triệu VND/thùng,Tính toán,D,2026-10-10
2025-09-02,1.7185916,triệu VND/thùng,Tính toán,D,2026-10-10
2025-09-03,1.71066896,triệu VND/thùng,Tính toán,D,2026-10-10
2025-09-04,1.67671968,triệu VND/thùng,Tính toán,D,2026-10-10
2025-09-05,1.6391001600000001,triệu VND/thùng,Tính toán,D,2026-10-10
2025-09-08,1.6514438399999998,triệu VND/thùng,Tính toán,D,2026-10-10
2025-09-09,1.71529092,triệu VND/thùng,Tính toán,D,2026-10-10
2025-09-10,1.7054440199999998,triệu VND/thùng,Tính toán,D,2026-10-10
2025-09-11,1.6961122499999999,triệu VND/thùng,Tính toán,D,2026-10-10
2025-09-12,1.7114099200000001,triệu VND/thùng,Tính toán,D,2026-10-10
2025-09-15,1.7116620799999998,triệu VND/thùng,Tính toán,D,2026-10-10
2025-09-16,1.75674552,triệu VND/thùng,Tính toán,D,2026-10-10
2025-09-17,1.7434496199999998,triệu VND/thùng,Tính toán,D,2026-10-10
2025-09-18,1.7083663799999997,triệu VND/thùng,Tính toán,D,2026-10-10
2025-09-19,1.6887212999999996,triệu VND/thùng,Tính toán,D,2026-10-10
2025-09-22,1.68438843,triệu VND/thùng,Tính toán,D,2026-10-10
2025-09-23,1.71184444,triệu VND/thùng,Tính toán,D,2026-10-10
2025-09-24,1.7539530399999999,triệu VND/thùng,Tính toán,D,2026-10-10
2025-09-25,1.77546168,triệu VND/thùng,Tính toán,D,2026-10-10
2025-09-26,1.7925531000000001,triệu VND/thùng,Tính toán,D,2026-10-10
2025-09-29,1.738248,triệu VND/thùng,Tính toán,D,2026-10-10
2025-09-30,1.72581324,triệu VND/thùng,Tính toán,D,2026-10-10
2025-10-01,1.67921729,triệu VND/thùng,Tính toán,D,2026-10-10
2025-10-02,1.6475828799999999,triệu VND/thùng,Tính toán,D,2026-10-10
2025-10-03,1.6639630599999997,triệu VND/thùng,Tính toán,D,2026-10-10
2025-10-06,1.68704514,triệu VND/thùng,Tính toán,D,2026-10-10
2025-10-07,1.6869610999999998,triệu VND/thùng,Tính toán,D,2026-10-10
2025-10-08,1.6944668600000001,triệu VND/thùng,Tính toán,D,2026-10-10
2025-10-09,1.6894899,triệu VND/thùng,Tính toán,D,2026-10-10
2025-10-10,1.6184944799999998,triệu VND/thùng,Tính toán,D,2026-10-10
2025-10-13,1.6109348,triệu VND/thùng,Tính toán,D,2026-10-10
2025-10-14,1.582182,triệu VND/thùng,Tính toán,D,2026-10-10
2025-10-15,1.5653556199999998,triệu VND/thùng,Tính toán,D,2026-10-10
2025-10-16,1.53365772,triệu VND/thùng,Tính toán,D,2026-10-10
2025-10-17,1.53693423,triệu VND/thùng,Tính toán,D,2026-10-10
2025-10-20,1.52388171,triệu VND/thùng,Tính toán,D,2026-10-10
2025-10-21,1.531039,triệu VND/thùng,Tính toán,D,2026-10-10
2025-10-22,1.56316572,triệu VND/thùng,Tính toán,D,2026-10-10
2025-10-23,1.6644993599999998,triệu VND/thùng,Tính toán,D,2026-10-10
2025-10-24,1.6514483999999998,triệu VND/thùng,Tính toán,D,2026-10-10
2025-10-27,1.6443554399999998,triệu VND/thùng,Tính toán,D,2026-10-10
2025-10-28,1.60683285,triệu VND/thùng,Tính toán,D,2026-10-10
2025-10-29,1.63116591,triệu VND/thùng,Tính toán,D,2026-10-10
2025-10-30,1.63367501,triệu VND/thùng,Tính toán,D,2026-10-10
2025-10-31,1.6420859199999998,triệu VND/thùng,Tính toán,D,2026-10-10
2025-11-03,1.65086847,triệu VND/thùng,Tính toán,D,2026-10-10
2025-11-04,1.6321788,triệu VND/thùng,Tính toán,D,2026-10-10
2025-11-05,1.5946633799999999,triệu VND/thùng,Tính toán,D,2026-10-10
2025-11-06,1.591591,triệu VND/thùng,Tính toán,D,2026-10-10
2025-11-07,1.5995631599999998,triệu VND/thùng,Tính toán,D,2026-10-10
2025-11-10,1.58192906,triệu VND/thùng,Tính toán,D,2026-10-10
2025-11-11,1.6040354799999998,triệu VND/thùng,Tính toán,D,2026-10-10
2025-11-12,1.55498252,triệu VND/thùng,Tính toán,D,2026-10-10
2025-11-13,1.5612675,triệu VND/thùng,Tính toán,D,2026-10-10
2025-11-14,1.5939909,triệu VND/thùng,Tính toán,D,2026-10-10
2025-11-17,1.5865791999999999,triệu VND/thùng,Tính toán,D,2026-10-10
2025-11-18,1.63006152,triệu VND/thùng,Tính toán,D,2026-10-10
2025-11-19,1.6029189599999998,triệu VND/thùng,Tính toán,D,2026-10-10
2025-11-20,1.5992731999999998,triệu VND/thùng,Tính toán,D,2026-10-10
2025-11-21,1.57803808,triệu VND/thùng,Tính toán,D,2026-10-10
2025-11-24,1.63008552,triệu VND/thùng,Tính toán,D,2026-10-10
2025-11-25,1.60909254,triệu VND/thùng,Tính toán,D,2026-10-10
2025-11-26,1.62971226,triệu VND/thùng,Tính toán,D,2026-10-10
2025-11-27,1.61425536,triệu VND/thùng,Tính toán,D,2026-10-10
2025-11-28,1.6116808499999997,triệu VND/thùng,Tính toán,D,2026-10-10
2025-12-01,1.61551832,triệu VND/thùng,Tính toán,D,2026-10-10
2025-12-02,1.5939456099999998,triệu VND/thùng,Tính toán,D,2026-10-10
2025-12-03,1.60350375,triệu VND/thùng,Tính toán,D,2026-10-10
2025-12-04,1.6135008,triệu VND/thùng,Tính toán,D,2026-10-10
2025-12-05,1.6202274200000002,triệu VND/thùng,Tính toán,D,2026-10-10
2025-12-08,1.5921215999999998,triệu VND/thùng,Tính toán,D,2026-10-10
2025-12-09,1.5752060999999997,triệu VND/thùng,Tính toán,D,2026-10-10
2025-12-10,1.5877835999999999,triệu VND/thùng,Tính toán,D,2026-10-10
2025-12-11,1.55627798,triệu VND/thùng,Tính toán,D,2026-10-10
2025-12-12,1.56194228,triệu VND/thùng,Tính toán,D,2026-10-10
2025-12-15,1.5476131999999998,triệu VND/thùng,Tính toán,D,2026-10-10
2025-12-16,1.5067001299999998,triệu VND/thùng,Tính toán,D,2026-10-10
2025-12-17,1.52409906,triệu VND/thùng,Tính toán,D,2026-10-10
2025-12-18,1.52641419,triệu VND/thùng,Tính toán,D,2026-10-10
2025-12-19,1.5428298,triệu VND/thùng,Tính toán,D,2026-10-10
2025-12-22,1.56477078,triệu VND/thùng,Tính toán,D,2026-10-10
2025-12-23,1.6018002,triệu VND/thùng,Tính toán,D,2026-10-10
2025-12-24,1.6018002,triệu VND/thùng,Tính toán,D,2026-10-10
2025-12-29,1.5853875,triệu VND/thùng,Tính toán,D,2026-10-10
2025-12-30,1.5652252,triệu VND/thùng,Tính toán,D,2026-10-10
2025-12-31,1.54117335,triệu VND/thùng,Tính toán,D,2026-10-10
2026-01-02,1.5569995799999998,triệu VND/thùng,Tính toán,D,2026-10-10
2026-01-05,1.5828119999999999,triệu VND/thùng,Tính toán,D,2026-10-10
2026-01-06,1.5600762,triệu VND/thùng,Tính toán,D,2026-10-10
2026-01-07,1.5344517599999998,triệu VND/thùng,Tính toán,D,2026-10-10
2026-01-08,1.5914175,triệu VND/thùng,Tính toán,D,2026-10-10
2026-01-09,1.6360189699999999,triệu VND/thùng,Tính toán,D,2026-10-10
2026-01-12,1.6434366,triệu VND/thùng,Tính toán,D,2026-10-10
2026-01-13,1.69821782,triệu VND/thùng,Tính toán,D,2026-10-10
2026-01-14,1.7310474500000002,triệu VND/thùng,Tính toán,D,2026-10-10
2026-01-15,1.6629315999999998,triệu VND/thùng,Tính toán,D,2026-10-10
2026-01-16,1.68302307,triệu VND/thùng,Tính toán,D,2026-10-10
2026-01-19,1.6815821199999998,triệu VND/thùng,Tính toán,D,2026-10-10
2026-01-20,1.7007984,triệu VND/thùng,Tính toán,D,2026-10-10
2026-01-21,1.67627328,triệu VND/thùng,Tính toán,D,2026-10-10
2026-01-22,1.6446824999999996,triệu VND/thùng,Tính toán,D,2026-10-10
2026-01-23,1.7125199999999998,triệu VND/thùng,Tính toán,D,2026-10-10
2026-01-26,1.7001501,triệu VND/thùng,Tính toán,D,2026-10-10
2026-01-27,1.76388744,triệu VND/thùng,Tính toán,D,2026-10-10
2026-01-28,1.7787392000000002,triệu VND/thùng,Tính toán,D,2026-10-10
2026-01-29,1.7808929999999998,triệu VND/thùng,Tính toán,D,2026-10-10
2026-01-30,1.8115964999999998,triệu VND/thùng,Tính toán,D,2026-10-10
2026-02-02,1.69733408,triệu VND/thùng,Tính toán,D,2026-10-10
2026-02-03,1.75508069,triệu VND/thùng,Tính toán,D,2026-10-10
2026-02-04,1.78351705,triệu VND/thùng,Tính toán,D,2026-10-10
2026-02-05,1.75136142,triệu VND/thùng,Tính toán,D,2026-10-10
2026-02-06,1.76582925,triệu VND/thùng,Tính toán,D,2026-10-10
2026-02-09,1.78423497,triệu VND/thùng,Tính toán,D,2026-10-10
2026-02-10,1.77915555,triệu VND/thùng,Tính toán,D,2026-10-10
2026-02-11,1.7915759999999998,triệu VND/thùng,Tính toán,D,2026-10-10
2026-02-12,1.7484899999999999,triệu VND/thùng,Tính toán,D,2026-10-10
2026-02-13,1.7524280399999996,triệu VND/thùng,Tính toán,D,2026-10-10
2026-02-23,1.8011669000000001,triệu VND/thùng,Tính toán,D,2026-10-10
2026-02-24,1.7840241299999997,triệu VND/thùng,Tính toán,D,2026-10-10
2026-02-25,1.7712793299999998,triệu VND/thùng,Tính toán,D,2026-10-10
2026-02-26,1.79515466,triệu VND/thùng,Tính toán,D,2026-10-10
2026-02-27,1.7861380799999997,triệu VND/thùng,Tính toán,D,2026-10-10
2026-03-02,1.93393512,triệu VND/thùng,Tính toán,D,2026-10-10
2026-03-03,2.08583088,triệu VND/thùng,Tính toán,D,2026-10-10
2026-03-04,2.04324112,triệu VND/thùng,Tính toán,D,2026-10-10
2026-03-05,2.21962245,triệu VND/thùng,Tính toán,D,2026-10-10
2026-03-06,2.3989571799999996,triệu VND/thùng,Tính toán,D,2026-10-10
2026-03-09,2.3643166499999997,triệu VND/thùng,Tính toán,D,2026-10-10
2026-03-10,2.25157008,triệu VND/thùng,Tính toán,D,2026-10-10
2026-03-11,2.27986782,triệu VND/thùng,Tính toán,D,2026-10-10
2026-03-12,2.5657451799999995,triệu VND/thùng,Tính toán,D,2026-10-10
2026-03-13,2.58745995,triệu VND/thùng,Tính toán,D,2026-10-10
2026-03-16,2.53287072,triệu VND/thùng,Tính toán,D,2026-10-10
2026-03-17,2.71712052,triệu VND/thùng,Tính toán,D,2026-10-10
2026-03-18,2.96016203,triệu VND/thùng,Tính toán,D,2026-10-10
2026-03-19,2.7842455999999998,triệu VND/thùng,Tính toán,D,2026-10-10
2026-03-20,2.9705657,triệu VND/thùng,Tính toán,D,2026-10-10
2026-03-23,2.6040910999999998,triệu VND/thùng,Tính toán,D,2026-10-10
2026-03-24,2.72231778,triệu VND/thùng,Tính toán,D,2026-10-10
2026-03-25,2.73985056,triệu VND/thùng,Tính toán,D,2026-10-10
2026-03-26,2.84631578,triệu VND/thùng,Tính toán,D,2026-10-10
2026-03-27,3.0488969999999997,triệu VND/thùng,Tính toán,D,2026-10-10
2026-03-30,3.059188,triệu VND/thùng,Tính toán,D,2026-10-10
2026-03-31,3.1801723799999997,triệu VND/thùng,Tính toán,D,2026-10-10
2026-04-01,3.0015538,triệu VND/thùng,Tính toán,D,2026-10-10
2026-04-02,3.2039042699999998,triệu VND/thùng,Tính toán,D,2026-10-10
2026-04-07,3.47017668,triệu VND/thùng,Tính toán,D,2026-10-10
2026-04-08,3.06569366,triệu VND/thùng,Tính toán,D,2026-10-10
2026-04-09,2.98789106,triệu VND/thùng,Tính toán,D,2026-10-10
2026-04-10,2.9892523499999997,triệu VND/thùng,Tính toán,D,2026-10-10
2026-04-13,3.09506768,triệu VND/thùng,Tính toán,D,2026-10-10
2026-04-14,2.97983114,triệu VND/thùng,Tính toán,D,2026-10-10
2026-04-15,2.88508779,triệu VND/thùng,Tính toán,D,2026-10-10
2026-04-16,2.9276462599999995,triệu VND/thùng,Tính toán,D,2026-10-10
2026-04-17,2.47581026,triệu VND/thùng,Tính toán,D,2026-10-10
2026-04-20,2.5956502,triệu VND/thùng,Tính toán,D,2026-10-10
2026-04-21,2.6643262799999996,triệu VND/thùng,Tính toán,D,2026-10-10
2026-04-22,2.8473439999999997,triệu VND/thùng,Tính toán,D,2026-10-10
2026-04-23,2.84314125,triệu VND/thùng,Tính toán,D,2026-10-10
2026-04-24,2.80914018,triệu VND/thùng,Tính toán,D,2026-10-10
2026-04-27,2.8601195699999997,triệu VND/thùng,Tính toán,D,2026-10-10
2026-04-28,2.95355582,triệu VND/thùng,Tính toán,D,2026-10-10
2026-04-29,3.11803008,triệu VND/thùng,Tính toán,D,2026-10-10
2026-05-05,2.87546061,triệu VND/thùng,Tính toán,D,2026-10-10
2026-05-06,2.6042180999999998,triệu VND/thùng,Tính toán,D,2026-10-10
2026-05-07,2.5570056599999997,triệu VND/thùng,Tính toán,D,2026-10-10
2026-05-08,2.5985897600000003,triệu VND/thùng,Tính toán,D,2026-10-10
2026-05-11,2.66527098,triệu VND/thùng,Tính toán,D,2026-10-10
2026-05-12,2.7979485100000003,triệu VND/thùng,Tính toán,D,2026-10-10
2026-05-13,2.77056444,triệu VND/thùng,Tính toán,D,2026-10-10
2026-05-14,2.7867246599999995,triệu VND/thùng,Tính toán,D,2026-10-10
2026-05-15,2.86392876,triệu VND/thùng,Tính toán,D,2026-10-10
2026-05-18,2.9335416299999997,triệu VND/thùng,Tính toán,D,2026-10-10
2026-05-19,2.88124712,triệu VND/thùng,Tính toán,D,2026-10-10
2026-05-20,2.73795555,triệu VND/thùng,Tính toán,D,2026-10-10
2026-05-21,2.6602883999999998,triệu VND/thùng,Tính toán,D,2026-10-10
2026-05-22,2.6868246,triệu VND/thùng,Tính toán,D,2026-10-10
2026-05-26,2.5829295,triệu VND/thùng,Tính toán,D,2026-10-10
2026-05-27,2.44105407,triệu VND/thùng,Tính toán,D,2026-10-10
2026-05-28,2.39982939,triệu VND/thùng,Tính toán,D,2026-10-10
2026-05-29,2.3349103199999997,triệu VND/thùng,Tính toán,D,2026-10-10
2026-06-01,2.4708140199999997,triệu VND/thùng,Tính toán,D,2026-10-10
2026-06-02,2.47613709,triệu VND/thùng,Tính toán,D,2026-10-10
2026-06-03,2.55699505,triệu VND/thùng,Tính toán,D,2026-10-10
2026-06-04,2.4888521,triệu VND/thùng,Tính toán,D,2026-10-10
2026-06-05,2.44655163,triệu VND/thùng,Tính toán,D,2026-10-10
2026-06-08,2.451119,triệu VND/thùng,Tính toán,D,2026-10-10
2026-06-09,2.36796665,triệu VND/thùng,Tính toán,D,2026-10-10
2026-06-10,2.40789669,triệu VND/thùng,Tính toán,D,2026-10-10
2026-06-11,2.33520452,triệu VND/thùng,Tính toán,D,2026-10-10
2026-06-12,2.2297392,triệu VND/thùng,Tính toán,D,2026-10-10
2026-06-15,2.1229194,triệu VND/thùng,Tính toán,D,2026-10-10
2026-06-16,2.0257825,triệu VND/thùng,Tính toán,D,2026-10-10
2026-06-17,2.02230775,triệu VND/thùng,Tính toán,D,2026-10-10
2026-06-18,1.9974775499999997,triệu VND/thùng,Tính toán,D,2026-10-10
2026-06-19,2.0260632599999995,triệu VND/thùng,Tính toán,D,2026-10-10
2026-06-22,1.9262476699999997,triệu VND/thùng,Tính toán,D,2026-10-10
2026-06-23,1.9065554099999997,triệu VND/thùng,Tính toán,D,2026-10-10
2026-06-24,1.81609128,triệu VND/thùng,Tính toán,D,2026-10-10
2026-06-25,1.8580267799999997,triệu VND/thùng,Tính toán,D,2026-10-10
2026-06-26,1.7676812,triệu VND/thùng,Tính toán,D,2026-10-10
2026-06-29,1.80413959,triệu VND/thùng,Tính toán,D,2026-10-10
2026-06-30,1.7760147599999998,triệu VND/thùng,Tính toán,D,2026-10-10
2026-07-01,1.7452634399999998,triệu VND/thùng,Tính toán,D,2026-10-10
2026-07-02,1.72729865,triệu VND/thùng,Tính toán,D,2026-10-10
2026-07-03,1.7309420400000002,triệu VND/thùng,Tính toán,D,2026-10-10
2026-07-06,1.75305112,triệu VND/thùng,Tính toán,D,2026-10-10
2026-07-07,1.80899956,triệu VND/thùng,Tính toán,D,2026-10-10
2026-07-08,1.928259,triệu VND/thùng,Tính toán,D,2026-10-10
2026-07-09,1.8772110599999998,triệu VND/thùng,Tính toán,D,2026-10-10
2026-07-10,1.87440876,triệu VND/thùng,Tính toán,D,2026-10-10
2026-07-13,2.0584564,triệu VND/thùng,Tính toán,D,2026-10-10
2026-07-14,2.11108025,triệu VND/thùng,Tính toán,D,2026-10-10
2026-07-15,2.09635764,triệu VND/thùng,Tính toán,D,2026-10-10
2026-07-16,2.05048889,triệu VND/thùng,Tính toán,D,2026-10-10
2026-07-17,2.1468425399999997,triệu VND/thùng,Tính toán,D,2026-10-10
2026-07-20,2.19667148,triệu VND/thùng,Tính toán,D,2026-10-10
2026-07-21,2.370651,triệu VND/thùng,Tính toán,D,2026-10-10
2026-07-22,2.3774712,triệu VND/thùng,Tính toán,D,2026-10-10
2026-07-23,2.66164704,triệu VND/thùng,Tính toán,D,2026-10-10
2026-07-24,2.5361377299999996,triệu VND/thùng,Tính toán,D,2026-10-10
2026-07-27,2.3224032599999997,triệu VND/thùng,Tính toán,D,2026-10-10
2026-07-28,2.16391606,triệu VND/thùng,Tính toán,D,2026-10-10
2026-07-29,2.3268867,triệu VND/thùng,Tính toán,D,2026-10-10
2026-07-30,2.3271611999999995,triệu VND/thùng,Tính toán,D,2026-10-10
2026-07-31,2.4565191,triệu VND/thùng,Tính toán,D,2026-10-10
2026-08-03,2.2543262,triệu VND/thùng,Tính toán,D,2026-10-10
2026-08-04,2.1946086,triệu VND/thùng,Tính toán,D,2026-10-10
2026-08-05,2.20134325,triệu VND/thùng,Tính toán,D,2026-10-10
2026-08-06,2.28006845,triệu VND/thùng,Tính toán,D,2026-10-10
2026-08-07,2.23106806,triệu VND/thùng,Tính toán,D,2026-10-10
2026-08-10,2.3640353399999996,triệu VND/thùng,Tính toán,D,2026-10-10
2026-08-11,2.37962216,triệu VND/thùng,Tính toán,D,2026-10-10
2026-08-12,2.36286828,triệu VND/thùng,Tính toán,D,2026-10-10
2026-08-13,2.35283898,triệu VND/thùng,Tính toán,D,2026-10-10
2026-08-14,2.3521232199999997,triệu VND/thùng,Tính toán,D,2026-10-10
2026-08-17,2.36491398,triệu VND/thùng,Tính toán,D,2026-10-10
2026-08-18,2.4375182,triệu VND/thùng,Tính toán,D,2026-10-10
2026-08-19,2.36448726,triệu VND/thùng,Tính toán,D,2026-10-10
2026-08-20,2.4054599999999997,triệu VND/thùng,Tính toán,D,2026-10-10
2026-08-21,2.481152,triệu VND/thùng,Tính toán,D,2026-10-10
2026-08-24,2.373376,triệu VND/thùng,Tính toán,D,2026-10-10
2026-08-25,2.2602676,triệu VND/thùng,Tính toán,D,2026-10-10
2026-08-26,2.2478774699999997,triệu VND/thùng,Tính toán,D,2026-10-10
2026-08-27,2.3095999799999998,triệu VND/thùng,Tính toán,D,2026-10-10
2026-08-28,2.2984975,triệu VND/thùng,Tính toán,D,2026-10-10
2026-09-03,2.5748197999999998,triệu VND/thùng,Tính toán,D,2026-10-10
2026-09-04,2.6178551999999997,triệu VND/thùng,Tính toán,D,2026-10-10
2026-09-07,2.6755811699999996,triệu VND/thùng,Tính toán,D,2026-10-10
2026-09-08,2.71699036,triệu VND/thùng,Tính toán,D,2026-10-10
2026-09-09,2.8027989399999997,triệu VND/thùng,Tính toán,D,2026-10-10
2026-09-10,3.09599918,triệu VND/thùng,Tính toán,D,2026-10-10
2026-09-11,3.02186376,triệu VND/thùng,Tính toán,D,2026-10-10
2026-09-14,3.10484875,triệu VND/thùng,Tính toán,D,2026-10-10
2026-09-15,3.3507036,triệu VND/thùng,Tính toán,D,2026-10-10
2026-09-16,3.2760278400000002,triệu VND/thùng,Tính toán,D,2026-10-10
2026-09-17,3.10608576,triệu VND/thùng,Tính toán,D,2026-10-10
2026-09-18,3.0677234199999996,triệu VND/thùng,Tính toán,D,2026-10-10
2026-09-21,2.97773755,triệu VND/thùng,Tính toán,D,2026-10-10
2026-09-22,2.9457796,triệu VND/thùng,Tính toán,D,2026-10-10
2026-09-23,3.01083075,triệu VND/thùng,Tính toán,D,2026-10-10
2026-09-24,3.0997842,triệu VND/thùng,Tính toán,D,2026-10-10
2026-09-25,2.97461241,triệu VND/thùng,Tính toán,D,2026-10-10
2026-09-28,3.07507104,triệu VND/thùng,Tính toán,D,2026-10-10
2026-09-29,2.9207947999999995,triệu VND/thùng,Tính toán,D,2026-10-10
2026-09-30,2.9704255699999997,triệu VND/thùng,Tính toán,D,2026-10-10
2026-10-01,2.9421476799999997,triệu VND/thùng,Tính toán,D,2026-10-10
2026-10-02,3.47393436,triệu VND/thùng,Tính toán,D,2026-10-10
2026-10-05,3.21845293,triệu VND/thùng,Tính toán,D,2026-10-10
2026-10-06,3.2169087999999997,triệu VND/thùng,Tính toán,D,2026-10-10
