date,value,unit,source,frequency,vintage_date
2016-01-03,6.711538461538462,%,Simplize,D,2026-10-08
2016-01-04,6.711538461538462,%,Simplize,D,2026-10-08
2016-01-05,6.711538461538462,%,Simplize,D,2026-10-08
2016-01-06,6.711538461538462,%,Simplize,D,2026-10-08
2016-01-07,6.711538461538462,%,Simplize,D,2026-10-08
2016-01-08,6.711538461538462,%,Simplize,D,2026-10-08
2016-01-09,6.711538461538462,%,Simplize,D,2026-10-08
2016-01-10,6.711538461538462,%,Simplize,D,2026-10-08
2016-01-11,6.711538461538462,%,Simplize,D,2026-10-08
2016-01-12,6.711538461538462,%,Simplize,D,2026-10-08
2016-01-13,6.711538461538462,%,Simplize,D,2026-10-08
2016-01-14,6.711538461538462,%,Simplize,D,2026-10-08
2016-01-15,6.711538461538462,%,Simplize,D,2026-10-08
2016-01-16,6.711538461538462,%,Simplize,D,2026-10-08
2016-01-17,6.711538461538462,%,Simplize,D,2026-10-08
2016-01-18,6.711538461538462,%,Simplize,D,2026-10-08
2016-01-19,6.711538461538462,%,Simplize,D,2026-10-08
2016-01-20,6.711538461538462,%,Simplize,D,2026-10-08
2016-01-21,6.711538461538462,%,Simplize,D,2026-10-08
2016-01-22,6.711538461538462,%,Simplize,D,2026-10-08
2016-01-23,6.711538461538462,%,Simplize,D,2026-10-08
2016-01-24,6.711538461538462,%,Simplize,D,2026-10-08
2016-01-25,6.711538461538462,%,Simplize,D,2026-10-08
2016-01-26,6.711538461538462,%,Simplize,D,2026-10-08
2016-01-27,6.711538461538462,%,Simplize,D,2026-10-08
2016-01-28,6.711538461538462,%,Simplize,D,2026-10-08
2016-01-29,6.711538461538462,%,Simplize,D,2026-10-08
2016-01-30,6.711538461538462,%,Simplize,D,2026-10-08
2016-01-31,6.711538461538462,%,Simplize,D,2026-10-08
2016-02-01,6.711538461538462,%,Simplize,D,2026-10-08
2016-02-02,6.711538461538462,%,Simplize,D,2026-10-08
2016-02-03,6.711538461538462,%,Simplize,D,2026-10-08
2016-02-04,6.711538461538462,%,Simplize,D,2026-10-08
2016-02-05,6.711538461538462,%,Simplize,D,2026-10-08
2016-02-06,6.711538461538462,%,Simplize,D,2026-10-08
2016-02-07,6.711538461538462,%,Simplize,D,2026-10-08
2016-02-08,6.711538461538462,%,Simplize,D,2026-10-08
2016-02-09,6.711538461538462,%,Simplize,D,2026-10-08
2016-02-10,6.711538461538462,%,Simplize,D,2026-10-08
2016-02-11,6.711538461538462,%,Simplize,D,2026-10-08
2016-02-12,6.711538461538462,%,Simplize,D,2026-10-08
2016-02-13,6.711538461538462,%,Simplize,D,2026-10-08
2016-02-14,6.711538461538462,%,Simplize,D,2026-10-08
2016-02-15,6.711538461538462,%,Simplize,D,2026-10-08
2016-02-16,6.711538461538462,%,Simplize,D,2026-10-08
2016-02-17,6.711538461538462,%,Simplize,D,2026-10-08
2016-02-18,6.711538461538462,%,Simplize,D,2026-10-08
2016-02-19,6.711538461538462,%,Simplize,D,2026-10-08
2016-02-20,6.711538461538462,%,Simplize,D,2026-10-08
2016-02-21,6.711538461538462,%,Simplize,D,2026-10-08
2016-02-22,6.711538461538462,%,Simplize,D,2026-10-08
2016-02-23,6.711538461538462,%,Simplize,D,2026-10-08
2016-02-24,6.711538461538462,%,Simplize,D,2026-10-08
2016-02-25,6.711538461538462,%,Simplize,D,2026-10-08
2016-02-26,6.711538461538462,%,Simplize,D,2026-10-08
2016-02-27,6.711538461538462,%,Simplize,D,2026-10-08
2016-02-28,6.711538461538462,%,Simplize,D,2026-10-08
2016-02-29,6.711538461538462,%,Simplize,D,2026-10-08
2016-03-01,6.711538461538462,%,Simplize,D,2026-10-08
2016-03-02,6.711538461538462,%,Simplize,D,2026-10-08
2016-03-03,6.711538461538462,%,Simplize,D,2026-10-08
2016-03-04,6.711538461538462,%,Simplize,D,2026-10-08
2016-03-05,6.711538461538462,%,Simplize,D,2026-10-08
2016-03-06,6.711538461538462,%,Simplize,D,2026-10-08
2016-03-07,6.711538461538462,%,Simplize,D,2026-10-08
2016-03-08,6.711538461538462,%,Simplize,D,2026-10-08
2016-03-09,6.711538461538462,%,Simplize,D,2026-10-08
2016-03-10,6.711538461538462,%,Simplize,D,2026-10-08
2016-03-11,6.711538461538462,%,Simplize,D,2026-10-08
2016-03-12,6.711538461538462,%,Simplize,D,2026-10-08
2016-03-13,6.711538461538462,%,Simplize,D,2026-10-08
2016-03-14,6.711538461538462,%,Simplize,D,2026-10-08
2016-03-15,6.711538461538462,%,Simplize,D,2026-10-08
2016-03-16,6.711538461538462,%,Simplize,D,2026-10-08
2016-03-17,6.711538461538462,%,Simplize,D,2026-10-08
2016-03-18,6.711538461538462,%,Simplize,D,2026-10-08
2016-03-19,6.711538461538462,%,Simplize,D,2026-10-08
2016-03-20,6.711538461538462,%,Simplize,D,2026-10-08
2016-03-21,6.711538461538462,%,Simplize,D,2026-10-08
2016-03-22,6.711538461538462,%,Simplize,D,2026-10-08
2016-03-23,6.711538461538462,%,Simplize,D,2026-10-08
2016-03-24,6.711538461538462,%,Simplize,D,2026-10-08
2016-03-25,6.711538461538462,%,Simplize,D,2026-10-08
2016-03-26,6.711538461538462,%,Simplize,D,2026-10-08
2016-03-27,6.711538461538462,%,Simplize,D,2026-10-08
2016-03-28,6.711538461538462,%,Simplize,D,2026-10-08
2016-03-29,6.711538461538462,%,Simplize,D,2026-10-08
2016-03-30,6.711538461538462,%,Simplize,D,2026-10-08
2016-03-31,6.711538461538462,%,Simplize,D,2026-10-08
2016-04-01,6.711538461538462,%,Simplize,D,2026-10-08
2016-04-02,6.711538461538462,%,Simplize,D,2026-10-08
2016-04-03,6.711538461538462,%,Simplize,D,2026-10-08
2016-04-04,6.711538461538462,%,Simplize,D,2026-10-08
2016-04-05,6.711538461538462,%,Simplize,D,2026-10-08
2016-04-06,6.711538461538462,%,Simplize,D,2026-10-08
2016-04-07,6.711538461538462,%,Simplize,D,2026-10-08
2016-04-08,6.711538461538462,%,Simplize,D,2026-10-08
2016-04-09,6.711538461538462,%,Simplize,D,2026-10-08
2016-04-10,6.711538461538462,%,Simplize,D,2026-10-08
2016-04-11,6.711538461538462,%,Simplize,D,2026-10-08
2016-04-12,6.711538461538462,%,Simplize,D,2026-10-08
2016-04-13,6.711538461538462,%,Simplize,D,2026-10-08
2016-04-14,6.711538461538462,%,Simplize,D,2026-10-08
2016-04-15,6.711538461538462,%,Simplize,D,2026-10-08
2016-04-16,6.711538461538462,%,Simplize,D,2026-10-08
2016-04-17,6.711538461538462,%,Simplize,D,2026-10-08
2016-04-18,6.711538461538462,%,Simplize,D,2026-10-08
2016-04-19,6.711538461538462,%,Simplize,D,2026-10-08
2016-04-20,6.711538461538462,%,Simplize,D,2026-10-08
2016-04-21,6.711538461538462,%,Simplize,D,2026-10-08
2016-04-22,6.711538461538462,%,Simplize,D,2026-10-08
2016-04-23,6.711538461538462,%,Simplize,D,2026-10-08
2016-04-24,6.711538461538462,%,Simplize,D,2026-10-08
2016-04-25,6.711538461538462,%,Simplize,D,2026-10-08
2016-04-26,6.711538461538462,%,Simplize,D,2026-10-08
2016-04-27,6.711538461538462,%,Simplize,D,2026-10-08
2016-04-28,6.711538461538462,%,Simplize,D,2026-10-08
2016-04-29,6.711538461538462,%,Simplize,D,2026-10-08
2016-04-30,6.711538461538462,%,Simplize,D,2026-10-08
2016-05-01,6.711538461538462,%,Simplize,D,2026-10-08
2016-05-02,6.711538461538462,%,Simplize,D,2026-10-08
2016-05-03,6.711538461538462,%,Simplize,D,2026-10-08
2016-05-04,6.711538461538462,%,Simplize,D,2026-10-08
2016-05-05,6.711538461538462,%,Simplize,D,2026-10-08
2016-05-06,6.711538461538462,%,Simplize,D,2026-10-08
2016-05-07,6.711538461538462,%,Simplize,D,2026-10-08
2016-05-08,6.711538461538462,%,Simplize,D,2026-10-08
2016-05-09,6.711538461538462,%,Simplize,D,2026-10-08
2016-05-10,6.711538461538462,%,Simplize,D,2026-10-08
2016-05-11,6.711538461538462,%,Simplize,D,2026-10-08
2016-05-12,6.711538461538462,%,Simplize,D,2026-10-08
2016-05-13,6.711538461538462,%,Simplize,D,2026-10-08
2016-05-14,6.711538461538462,%,Simplize,D,2026-10-08
2016-05-15,6.711538461538462,%,Simplize,D,2026-10-08
2016-05-16,6.711538461538462,%,Simplize,D,2026-10-08
2016-05-17,6.711538461538462,%,Simplize,D,2026-10-08
2016-05-18,6.711538461538462,%,Simplize,D,2026-10-08
2016-05-19,6.711538461538462,%,Simplize,D,2026-10-08
2016-05-20,6.711538461538462,%,Simplize,D,2026-10-08
2016-05-21,6.711538461538462,%,Simplize,D,2026-10-08
2016-05-22,6.711538461538462,%,Simplize,D,2026-10-08
2016-05-23,6.711538461538462,%,Simplize,D,2026-10-08
2016-05-24,6.711538461538462,%,Simplize,D,2026-10-08
2016-05-25,6.711538461538462,%,Simplize,D,2026-10-08
2016-05-26,6.711538461538462,%,Simplize,D,2026-10-08
2016-05-27,6.711538461538462,%,Simplize,D,2026-10-08
2016-05-28,6.711538461538462,%,Simplize,D,2026-10-08
2016-05-29,6.711538461538462,%,Simplize,D,2026-10-08
2016-05-30,6.711538461538462,%,Simplize,D,2026-10-08
2016-05-31,6.711538461538462,%,Simplize,D,2026-10-08
2016-06-01,6.711538461538462,%,Simplize,D,2026-10-08
2016-06-02,6.711538461538462,%,Simplize,D,2026-10-08
2016-06-03,6.711538461538462,%,Simplize,D,2026-10-08
2016-06-04,6.711538461538462,%,Simplize,D,2026-10-08
2016-06-05,6.75,%,Simplize,D,2026-10-08
2016-06-06,6.75,%,Simplize,D,2026-10-08
2016-06-07,6.75,%,Simplize,D,2026-10-08
2016-06-08,6.75,%,Simplize,D,2026-10-08
2016-06-09,6.75,%,Simplize,D,2026-10-08
2016-06-10,6.75,%,Simplize,D,2026-10-08
2016-06-11,6.75,%,Simplize,D,2026-10-08
2016-06-12,6.75,%,Simplize,D,2026-10-08
2016-06-13,6.75,%,Simplize,D,2026-10-08
2016-06-14,6.75,%,Simplize,D,2026-10-08
2016-06-15,6.75,%,Simplize,D,2026-10-08
2016-06-16,6.75,%,Simplize,D,2026-10-08
2016-06-17,6.75,%,Simplize,D,2026-10-08
2016-06-18,6.75,%,Simplize,D,2026-10-08
2016-06-19,6.75,%,Simplize,D,2026-10-08
2016-06-20,6.75,%,Simplize,D,2026-10-08
2016-06-21,6.75,%,Simplize,D,2026-10-08
2016-06-22,6.75,%,Simplize,D,2026-10-08
2016-06-23,6.75,%,Simplize,D,2026-10-08
2016-06-24,6.75,%,Simplize,D,2026-10-08
2016-06-25,6.75,%,Simplize,D,2026-10-08
2016-06-26,6.75,%,Simplize,D,2026-10-08
2016-06-27,6.75,%,Simplize,D,2026-10-08
2016-06-28,6.75,%,Simplize,D,2026-10-08
2016-06-29,6.75,%,Simplize,D,2026-10-08
2016-06-30,6.75,%,Simplize,D,2026-10-08
2016-07-01,6.75,%,Simplize,D,2026-10-08
2016-07-02,6.75,%,Simplize,D,2026-10-08
2016-07-03,6.75,%,Simplize,D,2026-10-08
2016-07-04,6.75,%,Simplize,D,2026-10-08
2016-07-05,6.75,%,Simplize,D,2026-10-08
2016-07-06,6.75,%,Simplize,D,2026-10-08
2016-07-07,6.75,%,Simplize,D,2026-10-08
2016-07-08,6.75,%,Simplize,D,2026-10-08
2016-07-09,6.75,%,Simplize,D,2026-10-08
2016-07-10,6.75,%,Simplize,D,2026-10-08
2016-07-11,6.75,%,Simplize,D,2026-10-08
2016-07-12,6.75,%,Simplize,D,2026-10-08
2016-07-13,6.75,%,Simplize,D,2026-10-08
2016-07-14,6.75,%,Simplize,D,2026-10-08
2016-07-15,6.75,%,Simplize,D,2026-10-08
2016-07-16,6.75,%,Simplize,D,2026-10-08
2016-07-17,6.75,%,Simplize,D,2026-10-08
2016-07-18,6.75,%,Simplize,D,2026-10-08
2016-07-19,6.75,%,Simplize,D,2026-10-08
2016-07-20,6.75,%,Simplize,D,2026-10-08
2016-07-21,6.75,%,Simplize,D,2026-10-08
2016-07-22,6.75,%,Simplize,D,2026-10-08
2016-07-23,6.75,%,Simplize,D,2026-10-08
2016-07-24,6.75,%,Simplize,D,2026-10-08
2016-07-25,6.75,%,Simplize,D,2026-10-08
2016-07-26,6.75,%,Simplize,D,2026-10-08
2016-07-27,6.75,%,Simplize,D,2026-10-08
2016-07-28,6.75,%,Simplize,D,2026-10-08
2016-07-29,6.75,%,Simplize,D,2026-10-08
2016-07-30,6.75,%,Simplize,D,2026-10-08
2016-07-31,6.857692307692308,%,Simplize,D,2026-10-08
2016-08-01,6.857692307692308,%,Simplize,D,2026-10-08
2016-08-02,6.857692307692308,%,Simplize,D,2026-10-08
2016-08-03,6.857692307692308,%,Simplize,D,2026-10-08
2016-08-04,6.857692307692308,%,Simplize,D,2026-10-08
2016-08-05,6.857692307692308,%,Simplize,D,2026-10-08
2016-08-06,6.857692307692308,%,Simplize,D,2026-10-08
2016-08-07,6.857692307692308,%,Simplize,D,2026-10-08
2016-08-08,6.857692307692308,%,Simplize,D,2026-10-08
2016-08-09,6.857692307692308,%,Simplize,D,2026-10-08
2016-08-10,6.857692307692308,%,Simplize,D,2026-10-08
2016-08-11,6.857692307692308,%,Simplize,D,2026-10-08
2016-08-12,6.857692307692308,%,Simplize,D,2026-10-08
2016-08-13,6.857692307692308,%,Simplize,D,2026-10-08
2016-08-14,6.857692307692308,%,Simplize,D,2026-10-08
2016-08-15,6.857692307692308,%,Simplize,D,2026-10-08
2016-08-16,6.857692307692308,%,Simplize,D,2026-10-08
2016-08-17,6.857692307692308,%,Simplize,D,2026-10-08
2016-08-18,6.857692307692308,%,Simplize,D,2026-10-08
2016-08-19,6.857692307692308,%,Simplize,D,2026-10-08
2016-08-20,6.857692307692308,%,Simplize,D,2026-10-08
2016-08-21,6.857692307692308,%,Simplize,D,2026-10-08
2016-08-22,6.857692307692308,%,Simplize,D,2026-10-08
2016-08-23,6.857692307692308,%,Simplize,D,2026-10-08
2016-08-24,6.857692307692308,%,Simplize,D,2026-10-08
2016-08-25,6.857692307692308,%,Simplize,D,2026-10-08
2016-08-26,6.857692307692308,%,Simplize,D,2026-10-08
2016-08-27,6.857692307692308,%,Simplize,D,2026-10-08
2016-08-28,6.857692307692308,%,Simplize,D,2026-10-08
2016-08-29,6.857692307692308,%,Simplize,D,2026-10-08
2016-08-30,6.857692307692308,%,Simplize,D,2026-10-08
2016-08-31,6.857692307692308,%,Simplize,D,2026-10-08
2016-09-01,6.857692307692308,%,Simplize,D,2026-10-08
2016-09-02,6.857692307692308,%,Simplize,D,2026-10-08
2016-09-03,6.857692307692308,%,Simplize,D,2026-10-08
2016-09-04,6.836666666666667,%,Simplize,D,2026-10-08
2016-09-05,6.836666666666667,%,Simplize,D,2026-10-08
2016-09-06,6.836666666666667,%,Simplize,D,2026-10-08
2016-09-07,6.836666666666667,%,Simplize,D,2026-10-08
2016-09-08,6.836666666666667,%,Simplize,D,2026-10-08
2016-09-09,6.836666666666667,%,Simplize,D,2026-10-08
2016-09-10,6.836666666666667,%,Simplize,D,2026-10-08
2016-09-11,6.836666666666667,%,Simplize,D,2026-10-08
2016-09-12,6.836666666666667,%,Simplize,D,2026-10-08
2016-09-13,6.836666666666667,%,Simplize,D,2026-10-08
2016-09-14,6.836666666666667,%,Simplize,D,2026-10-08
2016-09-15,6.836666666666667,%,Simplize,D,2026-10-08
2016-09-16,6.836666666666667,%,Simplize,D,2026-10-08
2016-09-17,6.836666666666667,%,Simplize,D,2026-10-08
2016-09-18,6.836666666666667,%,Simplize,D,2026-10-08
2016-09-19,6.836666666666667,%,Simplize,D,2026-10-08
2016-09-20,6.836666666666667,%,Simplize,D,2026-10-08
2016-09-21,6.836666666666667,%,Simplize,D,2026-10-08
2016-09-22,6.836666666666667,%,Simplize,D,2026-10-08
2016-09-23,6.836666666666667,%,Simplize,D,2026-10-08
2016-09-24,6.836666666666667,%,Simplize,D,2026-10-08
2016-09-25,6.784999999999999,%,Simplize,D,2026-10-08
2016-09-26,6.784999999999999,%,Simplize,D,2026-10-08
2016-09-27,6.784999999999999,%,Simplize,D,2026-10-08
2016-09-28,6.784999999999999,%,Simplize,D,2026-10-08
2016-09-29,6.784999999999999,%,Simplize,D,2026-10-08
2016-09-30,6.784999999999999,%,Simplize,D,2026-10-08
2016-10-01,6.784999999999999,%,Simplize,D,2026-10-08
2016-10-02,6.820833333333332,%,Simplize,D,2026-10-08
2016-10-03,6.820833333333332,%,Simplize,D,2026-10-08
2016-10-04,6.820833333333332,%,Simplize,D,2026-10-08
2016-10-05,6.820833333333332,%,Simplize,D,2026-10-08
2016-10-06,6.820833333333332,%,Simplize,D,2026-10-08
2016-10-07,6.820833333333332,%,Simplize,D,2026-10-08
2016-10-08,6.820833333333332,%,Simplize,D,2026-10-08
2016-10-09,6.820833333333332,%,Simplize,D,2026-10-08
2016-10-10,6.820833333333332,%,Simplize,D,2026-10-08
2016-10-11,6.820833333333332,%,Simplize,D,2026-10-08
2016-10-12,6.820833333333332,%,Simplize,D,2026-10-08
2016-10-13,6.820833333333332,%,Simplize,D,2026-10-08
2016-10-14,6.820833333333332,%,Simplize,D,2026-10-08
2016-10-15,6.820833333333332,%,Simplize,D,2026-10-08
2016-10-16,6.820833333333332,%,Simplize,D,2026-10-08
2016-10-17,6.820833333333332,%,Simplize,D,2026-10-08
2016-10-18,6.820833333333332,%,Simplize,D,2026-10-08
2016-10-19,6.820833333333332,%,Simplize,D,2026-10-08
2016-10-20,6.820833333333332,%,Simplize,D,2026-10-08
2016-10-21,6.820833333333332,%,Simplize,D,2026-10-08
2016-10-22,6.820833333333332,%,Simplize,D,2026-10-08
2016-10-23,6.820833333333332,%,Simplize,D,2026-10-08
2016-10-24,6.820833333333332,%,Simplize,D,2026-10-08
2016-10-25,6.820833333333332,%,Simplize,D,2026-10-08
2016-10-26,6.820833333333332,%,Simplize,D,2026-10-08
2016-10-27,6.820833333333332,%,Simplize,D,2026-10-08
2016-10-28,6.820833333333332,%,Simplize,D,2026-10-08
2016-10-29,6.820833333333332,%,Simplize,D,2026-10-08
2016-10-30,6.820833333333332,%,Simplize,D,2026-10-08
2016-10-31,6.820833333333332,%,Simplize,D,2026-10-08
2016-11-01,6.820833333333332,%,Simplize,D,2026-10-08
2016-11-02,6.820833333333332,%,Simplize,D,2026-10-08
2016-11-03,6.820833333333332,%,Simplize,D,2026-10-08
2016-11-04,6.820833333333332,%,Simplize,D,2026-10-08
2016-11-05,6.820833333333332,%,Simplize,D,2026-10-08
2016-11-06,6.820833333333332,%,Simplize,D,2026-10-08
2016-11-07,6.820833333333332,%,Simplize,D,2026-10-08
2016-11-08,6.820833333333332,%,Simplize,D,2026-10-08
2016-11-09,6.820833333333332,%,Simplize,D,2026-10-08
2016-11-10,6.820833333333332,%,Simplize,D,2026-10-08
2016-11-11,6.820833333333332,%,Simplize,D,2026-10-08
2016-11-12,6.820833333333332,%,Simplize,D,2026-10-08
2016-11-13,6.820833333333332,%,Simplize,D,2026-10-08
2016-11-14,6.820833333333332,%,Simplize,D,2026-10-08
2016-11-15,6.820833333333332,%,Simplize,D,2026-10-08
2016-11-16,6.820833333333332,%,Simplize,D,2026-10-08
2016-11-17,6.820833333333332,%,Simplize,D,2026-10-08
2016-11-18,6.820833333333332,%,Simplize,D,2026-10-08
2016-11-19,6.820833333333332,%,Simplize,D,2026-10-08
2016-11-20,6.820833333333332,%,Simplize,D,2026-10-08
2016-11-21,6.820833333333332,%,Simplize,D,2026-10-08
2016-11-22,6.820833333333332,%,Simplize,D,2026-10-08
2016-11-23,6.820833333333332,%,Simplize,D,2026-10-08
2016-11-24,6.820833333333332,%,Simplize,D,2026-10-08
2016-11-25,6.820833333333332,%,Simplize,D,2026-10-08
2016-11-26,6.820833333333332,%,Simplize,D,2026-10-08
2016-11-27,6.799999999999999,%,Simplize,D,2026-10-08
2016-11-28,6.799999999999999,%,Simplize,D,2026-10-08
2016-11-29,6.799999999999999,%,Simplize,D,2026-10-08
2016-11-30,6.799999999999999,%,Simplize,D,2026-10-08
2016-12-01,6.799999999999999,%,Simplize,D,2026-10-08
2016-12-02,6.799999999999999,%,Simplize,D,2026-10-08
2016-12-03,6.799999999999999,%,Simplize,D,2026-10-08
2016-12-04,6.816666666666666,%,Simplize,D,2026-10-08
2016-12-05,6.816666666666666,%,Simplize,D,2026-10-08
2016-12-06,6.816666666666666,%,Simplize,D,2026-10-08
2016-12-07,6.816666666666666,%,Simplize,D,2026-10-08
2016-12-08,6.816666666666666,%,Simplize,D,2026-10-08
2016-12-09,6.816666666666666,%,Simplize,D,2026-10-08
2016-12-10,6.816666666666666,%,Simplize,D,2026-10-08
2016-12-11,6.816666666666666,%,Simplize,D,2026-10-08
2016-12-12,6.816666666666666,%,Simplize,D,2026-10-08
2016-12-13,6.816666666666666,%,Simplize,D,2026-10-08
2016-12-14,6.816666666666666,%,Simplize,D,2026-10-08
2016-12-15,6.816666666666666,%,Simplize,D,2026-10-08
2016-12-16,6.816666666666666,%,Simplize,D,2026-10-08
2016-12-17,6.816666666666666,%,Simplize,D,2026-10-08
2016-12-18,6.816666666666666,%,Simplize,D,2026-10-08
2016-12-19,6.816666666666666,%,Simplize,D,2026-10-08
2016-12-20,6.816666666666666,%,Simplize,D,2026-10-08
2016-12-21,6.816666666666666,%,Simplize,D,2026-10-08
2016-12-22,6.816666666666666,%,Simplize,D,2026-10-08
2016-12-23,6.816666666666666,%,Simplize,D,2026-10-08
2016-12-24,6.816666666666666,%,Simplize,D,2026-10-08
2016-12-25,6.855555555555555,%,Simplize,D,2026-10-08
2016-12-26,6.855555555555555,%,Simplize,D,2026-10-08
2016-12-27,6.855555555555555,%,Simplize,D,2026-10-08
2016-12-28,6.855555555555555,%,Simplize,D,2026-10-08
2016-12-29,6.855555555555555,%,Simplize,D,2026-10-08
2016-12-30,6.855555555555555,%,Simplize,D,2026-10-08
2016-12-31,6.855555555555555,%,Simplize,D,2026-10-08
2017-01-01,6.815,%,Simplize,D,2026-10-08
2017-01-02,6.815,%,Simplize,D,2026-10-08
2017-01-03,6.815,%,Simplize,D,2026-10-08
2017-01-04,6.815,%,Simplize,D,2026-10-08
2017-01-05,6.815,%,Simplize,D,2026-10-08
2017-01-06,6.815,%,Simplize,D,2026-10-08
2017-01-07,6.815,%,Simplize,D,2026-10-08
2017-01-08,6.815,%,Simplize,D,2026-10-08
2017-01-09,6.815,%,Simplize,D,2026-10-08
2017-01-10,6.815,%,Simplize,D,2026-10-08
2017-01-11,6.815,%,Simplize,D,2026-10-08
2017-01-12,6.815,%,Simplize,D,2026-10-08
2017-01-13,6.815,%,Simplize,D,2026-10-08
2017-01-14,6.815,%,Simplize,D,2026-10-08
2017-01-15,6.815,%,Simplize,D,2026-10-08
2017-01-16,6.815,%,Simplize,D,2026-10-08
2017-01-17,6.815,%,Simplize,D,2026-10-08
2017-01-18,6.815,%,Simplize,D,2026-10-08
2017-01-19,6.815,%,Simplize,D,2026-10-08
2017-01-20,6.815,%,Simplize,D,2026-10-08
2017-01-21,6.815,%,Simplize,D,2026-10-08
2017-01-22,6.815,%,Simplize,D,2026-10-08
2017-01-23,6.815,%,Simplize,D,2026-10-08
2017-01-24,6.815,%,Simplize,D,2026-10-08
2017-01-25,6.815,%,Simplize,D,2026-10-08
2017-01-26,6.815,%,Simplize,D,2026-10-08
2017-01-27,6.815,%,Simplize,D,2026-10-08
2017-01-28,6.815,%,Simplize,D,2026-10-08
2017-01-29,6.815,%,Simplize,D,2026-10-08
2017-01-30,6.764285714285714,%,Simplize,D,2026-10-08
2017-01-31,6.764285714285714,%,Simplize,D,2026-10-08
2017-02-01,6.764285714285714,%,Simplize,D,2026-10-08
2017-02-02,6.764285714285714,%,Simplize,D,2026-10-08
2017-02-03,6.764285714285714,%,Simplize,D,2026-10-08
2017-02-04,6.764285714285714,%,Simplize,D,2026-10-08
2017-02-05,6.821428571428571,%,Simplize,D,2026-10-08
2017-02-06,6.821428571428571,%,Simplize,D,2026-10-08
2017-02-07,6.821428571428571,%,Simplize,D,2026-10-08
2017-02-08,6.821428571428571,%,Simplize,D,2026-10-08
2017-02-09,6.821428571428571,%,Simplize,D,2026-10-08
2017-02-10,6.821428571428571,%,Simplize,D,2026-10-08
2017-02-11,6.821428571428571,%,Simplize,D,2026-10-08
2017-02-12,6.821428571428571,%,Simplize,D,2026-10-08
2017-02-13,6.821428571428571,%,Simplize,D,2026-10-08
2017-02-14,6.821428571428571,%,Simplize,D,2026-10-08
2017-02-15,6.821428571428571,%,Simplize,D,2026-10-08
2017-02-16,6.821428571428571,%,Simplize,D,2026-10-08
2017-02-17,6.821428571428571,%,Simplize,D,2026-10-08
2017-02-18,6.821428571428571,%,Simplize,D,2026-10-08
2017-02-19,6.821428571428571,%,Simplize,D,2026-10-08
2017-02-20,6.821428571428571,%,Simplize,D,2026-10-08
2017-02-21,6.821428571428571,%,Simplize,D,2026-10-08
2017-02-22,6.821428571428571,%,Simplize,D,2026-10-08
2017-02-23,6.821428571428571,%,Simplize,D,2026-10-08
2017-02-24,6.821428571428571,%,Simplize,D,2026-10-08
2017-02-25,6.821428571428571,%,Simplize,D,2026-10-08
2017-02-26,6.821428571428571,%,Simplize,D,2026-10-08
2017-02-27,6.821428571428571,%,Simplize,D,2026-10-08
2017-02-28,6.821428571428571,%,Simplize,D,2026-10-08
2017-03-01,6.821428571428571,%,Simplize,D,2026-10-08
2017-03-02,6.821428571428571,%,Simplize,D,2026-10-08
2017-03-03,6.821428571428571,%,Simplize,D,2026-10-08
2017-03-04,6.821428571428571,%,Simplize,D,2026-10-08
2017-03-05,6.821428571428571,%,Simplize,D,2026-10-08
2017-03-06,6.821428571428571,%,Simplize,D,2026-10-08
2017-03-07,6.821428571428571,%,Simplize,D,2026-10-08
2017-03-08,6.821428571428571,%,Simplize,D,2026-10-08
2017-03-09,6.821428571428571,%,Simplize,D,2026-10-08
2017-03-10,6.821428571428571,%,Simplize,D,2026-10-08
2017-03-11,6.821428571428571,%,Simplize,D,2026-10-08
2017-03-12,6.821428571428571,%,Simplize,D,2026-10-08
2017-03-13,6.821428571428571,%,Simplize,D,2026-10-08
2017-03-14,6.821428571428571,%,Simplize,D,2026-10-08
2017-03-15,6.821428571428571,%,Simplize,D,2026-10-08
2017-03-16,6.821428571428571,%,Simplize,D,2026-10-08
2017-03-17,6.821428571428571,%,Simplize,D,2026-10-08
2017-03-18,6.821428571428571,%,Simplize,D,2026-10-08
2017-03-19,6.821428571428571,%,Simplize,D,2026-10-08
2017-03-20,6.821428571428571,%,Simplize,D,2026-10-08
2017-03-21,6.821428571428571,%,Simplize,D,2026-10-08
2017-03-22,6.821428571428571,%,Simplize,D,2026-10-08
2017-03-23,6.821428571428571,%,Simplize,D,2026-10-08
2017-03-24,6.821428571428571,%,Simplize,D,2026-10-08
2017-03-25,6.821428571428571,%,Simplize,D,2026-10-08
2017-03-26,6.821428571428571,%,Simplize,D,2026-10-08
2017-03-27,6.875,%,Simplize,D,2026-10-08
2017-03-28,6.875,%,Simplize,D,2026-10-08
2017-03-29,6.875,%,Simplize,D,2026-10-08
2017-03-30,6.875,%,Simplize,D,2026-10-08
2017-03-31,6.875,%,Simplize,D,2026-10-08
2017-04-01,6.875,%,Simplize,D,2026-10-08
2017-04-02,6.886363636363637,%,Simplize,D,2026-10-08
2017-04-03,6.886363636363637,%,Simplize,D,2026-10-08
2017-04-04,6.886363636363637,%,Simplize,D,2026-10-08
2017-04-05,6.886363636363637,%,Simplize,D,2026-10-08
2017-04-06,6.886363636363637,%,Simplize,D,2026-10-08
2017-04-07,6.886363636363637,%,Simplize,D,2026-10-08
2017-04-08,6.886363636363637,%,Simplize,D,2026-10-08
2017-04-09,6.886363636363637,%,Simplize,D,2026-10-08
2017-04-10,6.886363636363637,%,Simplize,D,2026-10-08
2017-04-11,6.886363636363637,%,Simplize,D,2026-10-08
2017-04-12,6.886363636363637,%,Simplize,D,2026-10-08
2017-04-13,6.886363636363637,%,Simplize,D,2026-10-08
2017-04-14,6.886363636363637,%,Simplize,D,2026-10-08
2017-04-15,6.886363636363637,%,Simplize,D,2026-10-08
2017-04-16,6.886363636363637,%,Simplize,D,2026-10-08
2017-04-17,6.886363636363637,%,Simplize,D,2026-10-08
2017-04-18,6.886363636363637,%,Simplize,D,2026-10-08
2017-04-19,6.886363636363637,%,Simplize,D,2026-10-08
2017-04-20,6.886363636363637,%,Simplize,D,2026-10-08
2017-04-21,6.886363636363637,%,Simplize,D,2026-10-08
2017-04-22,6.886363636363637,%,Simplize,D,2026-10-08
2017-04-23,6.886363636363637,%,Simplize,D,2026-10-08
2017-04-24,6.886363636363637,%,Simplize,D,2026-10-08
2017-04-25,6.886363636363637,%,Simplize,D,2026-10-08
2017-04-26,6.886363636363637,%,Simplize,D,2026-10-08
2017-04-27,6.886363636363637,%,Simplize,D,2026-10-08
2017-04-28,6.886363636363637,%,Simplize,D,2026-10-08
2017-04-29,6.886363636363637,%,Simplize,D,2026-10-08
2017-04-30,6.886363636363637,%,Simplize,D,2026-10-08
2017-05-01,6.886363636363637,%,Simplize,D,2026-10-08
2017-05-02,6.886363636363637,%,Simplize,D,2026-10-08
2017-05-03,6.886363636363637,%,Simplize,D,2026-10-08
2017-05-04,6.886363636363637,%,Simplize,D,2026-10-08
2017-05-05,6.886363636363637,%,Simplize,D,2026-10-08
2017-05-06,6.886363636363637,%,Simplize,D,2026-10-08
2017-05-07,6.886363636363637,%,Simplize,D,2026-10-08
2017-05-08,6.886363636363637,%,Simplize,D,2026-10-08
2017-05-09,6.886363636363637,%,Simplize,D,2026-10-08
2017-05-10,6.886363636363637,%,Simplize,D,2026-10-08
2017-05-11,6.886363636363637,%,Simplize,D,2026-10-08
2017-05-12,6.886363636363637,%,Simplize,D,2026-10-08
2017-05-13,6.886363636363637,%,Simplize,D,2026-10-08
2017-05-14,6.886363636363637,%,Simplize,D,2026-10-08
2017-05-15,6.886363636363637,%,Simplize,D,2026-10-08
2017-05-16,6.886363636363637,%,Simplize,D,2026-10-08
2017-05-17,6.886363636363637,%,Simplize,D,2026-10-08
2017-05-18,6.886363636363637,%,Simplize,D,2026-10-08
2017-05-19,6.886363636363637,%,Simplize,D,2026-10-08
2017-05-20,6.886363636363637,%,Simplize,D,2026-10-08
2017-05-21,6.886363636363637,%,Simplize,D,2026-10-08
2017-05-22,6.886363636363637,%,Simplize,D,2026-10-08
2017-05-23,6.886363636363637,%,Simplize,D,2026-10-08
2017-05-24,6.886363636363637,%,Simplize,D,2026-10-08
2017-05-25,6.886363636363637,%,Simplize,D,2026-10-08
2017-05-26,6.886363636363637,%,Simplize,D,2026-10-08
2017-05-27,6.886363636363637,%,Simplize,D,2026-10-08
2017-05-28,6.842857142857142,%,Simplize,D,2026-10-08
2017-05-29,6.842857142857142,%,Simplize,D,2026-10-08
2017-05-30,6.842857142857142,%,Simplize,D,2026-10-08
2017-05-31,6.842857142857142,%,Simplize,D,2026-10-08
2017-06-01,6.842857142857142,%,Simplize,D,2026-10-08
2017-06-02,6.842857142857142,%,Simplize,D,2026-10-08
2017-06-03,6.842857142857142,%,Simplize,D,2026-10-08
2017-06-04,6.945454545454546,%,Simplize,D,2026-10-08
2017-06-05,6.945454545454546,%,Simplize,D,2026-10-08
2017-06-06,6.945454545454546,%,Simplize,D,2026-10-08
2017-06-07,6.945454545454546,%,Simplize,D,2026-10-08
2017-06-08,6.945454545454546,%,Simplize,D,2026-10-08
2017-06-09,6.945454545454546,%,Simplize,D,2026-10-08
2017-06-10,6.945454545454546,%,Simplize,D,2026-10-08
2017-06-11,6.945454545454546,%,Simplize,D,2026-10-08
2017-06-12,6.945454545454546,%,Simplize,D,2026-10-08
2017-06-13,6.945454545454546,%,Simplize,D,2026-10-08
2017-06-14,6.945454545454546,%,Simplize,D,2026-10-08
2017-06-15,6.945454545454546,%,Simplize,D,2026-10-08
2017-06-16,6.945454545454546,%,Simplize,D,2026-10-08
2017-06-17,6.945454545454546,%,Simplize,D,2026-10-08
2017-06-18,6.945454545454546,%,Simplize,D,2026-10-08
2017-06-19,6.945454545454546,%,Simplize,D,2026-10-08
2017-06-20,6.945454545454546,%,Simplize,D,2026-10-08
2017-06-21,6.945454545454546,%,Simplize,D,2026-10-08
2017-06-22,6.945454545454546,%,Simplize,D,2026-10-08
2017-06-23,6.945454545454546,%,Simplize,D,2026-10-08
2017-06-24,6.945454545454546,%,Simplize,D,2026-10-08
2017-06-25,6.945454545454546,%,Simplize,D,2026-10-08
2017-06-26,6.945454545454546,%,Simplize,D,2026-10-08
2017-06-27,6.945454545454546,%,Simplize,D,2026-10-08
2017-06-28,6.945454545454546,%,Simplize,D,2026-10-08
2017-06-29,6.945454545454546,%,Simplize,D,2026-10-08
2017-06-30,6.945454545454546,%,Simplize,D,2026-10-08
2017-07-01,6.945454545454546,%,Simplize,D,2026-10-08
2017-07-02,6.976923076923076,%,Simplize,D,2026-10-08
2017-07-03,6.976923076923076,%,Simplize,D,2026-10-08
2017-07-04,6.976923076923076,%,Simplize,D,2026-10-08
2017-07-05,6.976923076923076,%,Simplize,D,2026-10-08
2017-07-06,6.976923076923076,%,Simplize,D,2026-10-08
2017-07-07,6.976923076923076,%,Simplize,D,2026-10-08
2017-07-08,6.976923076923076,%,Simplize,D,2026-10-08
2017-07-09,6.976923076923076,%,Simplize,D,2026-10-08
2017-07-10,6.976923076923076,%,Simplize,D,2026-10-08
2017-07-11,6.976923076923076,%,Simplize,D,2026-10-08
2017-07-12,6.976923076923076,%,Simplize,D,2026-10-08
2017-07-13,6.976923076923076,%,Simplize,D,2026-10-08
2017-07-14,6.976923076923076,%,Simplize,D,2026-10-08
2017-07-15,6.976923076923076,%,Simplize,D,2026-10-08
2017-07-16,6.976923076923076,%,Simplize,D,2026-10-08
2017-07-17,6.976923076923076,%,Simplize,D,2026-10-08
2017-07-18,6.976923076923076,%,Simplize,D,2026-10-08
2017-07-19,6.976923076923076,%,Simplize,D,2026-10-08
2017-07-20,6.976923076923076,%,Simplize,D,2026-10-08
2017-07-21,6.976923076923076,%,Simplize,D,2026-10-08
2017-07-22,6.976923076923076,%,Simplize,D,2026-10-08
2017-07-23,6.976923076923076,%,Simplize,D,2026-10-08
2017-07-24,6.976923076923076,%,Simplize,D,2026-10-08
2017-07-25,6.976923076923076,%,Simplize,D,2026-10-08
2017-07-26,6.976923076923076,%,Simplize,D,2026-10-08
2017-07-27,6.976923076923076,%,Simplize,D,2026-10-08
2017-07-28,6.976923076923076,%,Simplize,D,2026-10-08
2017-07-29,6.976923076923076,%,Simplize,D,2026-10-08
2017-07-30,6.976923076923076,%,Simplize,D,2026-10-08
2017-07-31,6.976923076923076,%,Simplize,D,2026-10-08
2017-08-01,6.976923076923076,%,Simplize,D,2026-10-08
2017-08-02,6.976923076923076,%,Simplize,D,2026-10-08
2017-08-03,6.976923076923076,%,Simplize,D,2026-10-08
2017-08-04,6.976923076923076,%,Simplize,D,2026-10-08
2017-08-05,6.976923076923076,%,Simplize,D,2026-10-08
2017-08-06,7.021428571428572,%,Simplize,D,2026-10-08
2017-08-07,7.021428571428572,%,Simplize,D,2026-10-08
2017-08-08,7.021428571428572,%,Simplize,D,2026-10-08
2017-08-09,7.021428571428572,%,Simplize,D,2026-10-08
2017-08-10,7.021428571428572,%,Simplize,D,2026-10-08
2017-08-11,7.021428571428572,%,Simplize,D,2026-10-08
2017-08-12,7.021428571428572,%,Simplize,D,2026-10-08
2017-08-13,7.021428571428572,%,Simplize,D,2026-10-08
2017-08-14,7.021428571428572,%,Simplize,D,2026-10-08
2017-08-15,7.021428571428572,%,Simplize,D,2026-10-08
2017-08-16,7.021428571428572,%,Simplize,D,2026-10-08
2017-08-17,7.021428571428572,%,Simplize,D,2026-10-08
2017-08-18,7.021428571428572,%,Simplize,D,2026-10-08
2017-08-19,7.021428571428572,%,Simplize,D,2026-10-08
2017-08-20,7.021428571428572,%,Simplize,D,2026-10-08
2017-08-21,7.021428571428572,%,Simplize,D,2026-10-08
2017-08-22,7.021428571428572,%,Simplize,D,2026-10-08
2017-08-23,7.021428571428572,%,Simplize,D,2026-10-08
2017-08-24,7.021428571428572,%,Simplize,D,2026-10-08
2017-08-25,7.021428571428572,%,Simplize,D,2026-10-08
2017-08-26,7.021428571428572,%,Simplize,D,2026-10-08
2017-08-27,7.021428571428572,%,Simplize,D,2026-10-08
2017-08-28,7.021428571428572,%,Simplize,D,2026-10-08
2017-08-29,7.021428571428572,%,Simplize,D,2026-10-08
2017-08-30,7.021428571428572,%,Simplize,D,2026-10-08
2017-08-31,7.021428571428572,%,Simplize,D,2026-10-08
2017-09-01,7.021428571428572,%,Simplize,D,2026-10-08
2017-09-02,7.021428571428572,%,Simplize,D,2026-10-08
2017-09-03,7.126666666666667,%,Simplize,D,2026-10-08
2017-09-04,7.126666666666667,%,Simplize,D,2026-10-08
2017-09-05,7.126666666666667,%,Simplize,D,2026-10-08
2017-09-06,7.126666666666667,%,Simplize,D,2026-10-08
2017-09-07,7.126666666666667,%,Simplize,D,2026-10-08
2017-09-08,7.126666666666667,%,Simplize,D,2026-10-08
2017-09-09,7.126666666666667,%,Simplize,D,2026-10-08
2017-09-10,7.126666666666667,%,Simplize,D,2026-10-08
2017-09-11,7.126666666666667,%,Simplize,D,2026-10-08
2017-09-12,7.126666666666667,%,Simplize,D,2026-10-08
2017-09-13,7.126666666666667,%,Simplize,D,2026-10-08
2017-09-14,7.126666666666667,%,Simplize,D,2026-10-08
2017-09-15,7.126666666666667,%,Simplize,D,2026-10-08
2017-09-16,7.126666666666667,%,Simplize,D,2026-10-08
2017-09-17,7.126666666666667,%,Simplize,D,2026-10-08
2017-09-18,7.126666666666667,%,Simplize,D,2026-10-08
2017-09-19,7.126666666666667,%,Simplize,D,2026-10-08
2017-09-20,7.126666666666667,%,Simplize,D,2026-10-08
2017-09-21,7.126666666666667,%,Simplize,D,2026-10-08
2017-09-22,7.126666666666667,%,Simplize,D,2026-10-08
2017-09-23,7.126666666666667,%,Simplize,D,2026-10-08
2017-09-24,7.126666666666667,%,Simplize,D,2026-10-08
2017-09-25,7.126666666666667,%,Simplize,D,2026-10-08
2017-09-26,7.126666666666667,%,Simplize,D,2026-10-08
2017-09-27,7.126666666666667,%,Simplize,D,2026-10-08
2017-09-28,7.126666666666667,%,Simplize,D,2026-10-08
2017-09-29,7.126666666666667,%,Simplize,D,2026-10-08
2017-09-30,7.126666666666667,%,Simplize,D,2026-10-08
2017-10-01,7.046666666666668,%,Simplize,D,2026-10-08
2017-10-02,7.046666666666668,%,Simplize,D,2026-10-08
2017-10-03,7.046666666666668,%,Simplize,D,2026-10-08
2017-10-04,7.046666666666668,%,Simplize,D,2026-10-08
2017-10-05,7.046666666666668,%,Simplize,D,2026-10-08
2017-10-06,7.046666666666668,%,Simplize,D,2026-10-08
2017-10-07,7.046666666666668,%,Simplize,D,2026-10-08
2017-10-08,7.046666666666668,%,Simplize,D,2026-10-08
2017-10-09,7.046666666666668,%,Simplize,D,2026-10-08
2017-10-10,7.046666666666668,%,Simplize,D,2026-10-08
2017-10-11,7.046666666666668,%,Simplize,D,2026-10-08
2017-10-12,7.046666666666668,%,Simplize,D,2026-10-08
2017-10-13,7.046666666666668,%,Simplize,D,2026-10-08
2017-10-14,7.046666666666668,%,Simplize,D,2026-10-08
2017-10-15,7.046666666666668,%,Simplize,D,2026-10-08
2017-10-16,7.046666666666668,%,Simplize,D,2026-10-08
2017-10-17,7.046666666666668,%,Simplize,D,2026-10-08
2017-10-18,7.046666666666668,%,Simplize,D,2026-10-08
2017-10-19,7.046666666666668,%,Simplize,D,2026-10-08
2017-10-20,7.046666666666668,%,Simplize,D,2026-10-08
2017-10-21,7.046666666666668,%,Simplize,D,2026-10-08
2017-10-22,7.046666666666668,%,Simplize,D,2026-10-08
2017-10-23,7.046666666666668,%,Simplize,D,2026-10-08
2017-10-24,7.046666666666668,%,Simplize,D,2026-10-08
2017-10-25,7.046666666666668,%,Simplize,D,2026-10-08
2017-10-26,7.046666666666668,%,Simplize,D,2026-10-08
2017-10-27,7.046666666666668,%,Simplize,D,2026-10-08
2017-10-28,7.046666666666668,%,Simplize,D,2026-10-08
2017-10-29,7.041666666666667,%,Simplize,D,2026-10-08
2017-10-30,7.041666666666667,%,Simplize,D,2026-10-08
2017-10-31,7.041666666666667,%,Simplize,D,2026-10-08
2017-11-01,7.041666666666667,%,Simplize,D,2026-10-08
2017-11-02,7.041666666666667,%,Simplize,D,2026-10-08
2017-11-03,7.041666666666667,%,Simplize,D,2026-10-08
2017-11-04,7.041666666666667,%,Simplize,D,2026-10-08
2017-11-05,7.05,%,Simplize,D,2026-10-08
2017-11-06,7.05,%,Simplize,D,2026-10-08
2017-11-07,7.05,%,Simplize,D,2026-10-08
2017-11-08,7.05,%,Simplize,D,2026-10-08
2017-11-09,7.05,%,Simplize,D,2026-10-08
2017-11-10,7.05,%,Simplize,D,2026-10-08
2017-11-11,7.05,%,Simplize,D,2026-10-08
2017-11-12,7.05,%,Simplize,D,2026-10-08
2017-11-13,7.05,%,Simplize,D,2026-10-08
2017-11-14,7.05,%,Simplize,D,2026-10-08
2017-11-15,7.05,%,Simplize,D,2026-10-08
2017-11-16,7.05,%,Simplize,D,2026-10-08
2017-11-17,7.05,%,Simplize,D,2026-10-08
2017-11-18,7.05,%,Simplize,D,2026-10-08
2017-11-19,7.05,%,Simplize,D,2026-10-08
2017-11-20,7.05,%,Simplize,D,2026-10-08
2017-11-21,7.05,%,Simplize,D,2026-10-08
2017-11-22,7.05,%,Simplize,D,2026-10-08
2017-11-23,7.05,%,Simplize,D,2026-10-08
2017-11-24,7.05,%,Simplize,D,2026-10-08
2017-11-25,7.05,%,Simplize,D,2026-10-08
2017-11-26,7.05,%,Simplize,D,2026-10-08
2017-11-27,7.05,%,Simplize,D,2026-10-08
2017-11-28,7.05,%,Simplize,D,2026-10-08
2017-11-29,7.05,%,Simplize,D,2026-10-08
2017-11-30,7.05,%,Simplize,D,2026-10-08
2017-12-01,7.05,%,Simplize,D,2026-10-08
2017-12-02,7.05,%,Simplize,D,2026-10-08
2017-12-03,7.125000000000001,%,Simplize,D,2026-10-08
2017-12-04,7.125000000000001,%,Simplize,D,2026-10-08
2017-12-05,7.125000000000001,%,Simplize,D,2026-10-08
2017-12-06,7.125000000000001,%,Simplize,D,2026-10-08
2017-12-07,7.125000000000001,%,Simplize,D,2026-10-08
2017-12-08,7.125000000000001,%,Simplize,D,2026-10-08
2017-12-09,7.125000000000001,%,Simplize,D,2026-10-08
2017-12-10,7.125000000000001,%,Simplize,D,2026-10-08
2017-12-11,7.125000000000001,%,Simplize,D,2026-10-08
2017-12-12,7.125000000000001,%,Simplize,D,2026-10-08
2017-12-13,7.125000000000001,%,Simplize,D,2026-10-08
2017-12-14,7.125000000000001,%,Simplize,D,2026-10-08
2017-12-15,7.125000000000001,%,Simplize,D,2026-10-08
2017-12-16,7.125000000000001,%,Simplize,D,2026-10-08
2017-12-17,7.125000000000001,%,Simplize,D,2026-10-08
2017-12-18,7.125000000000001,%,Simplize,D,2026-10-08
2017-12-19,7.125000000000001,%,Simplize,D,2026-10-08
2017-12-20,7.125000000000001,%,Simplize,D,2026-10-08
2017-12-21,7.125000000000001,%,Simplize,D,2026-10-08
2017-12-22,7.125000000000001,%,Simplize,D,2026-10-08
2017-12-23,7.125000000000001,%,Simplize,D,2026-10-08
2017-12-24,7.125000000000001,%,Simplize,D,2026-10-08
2017-12-25,7.125000000000001,%,Simplize,D,2026-10-08
2017-12-26,7.125000000000001,%,Simplize,D,2026-10-08
2017-12-27,7.125000000000001,%,Simplize,D,2026-10-08
2017-12-28,7.125000000000001,%,Simplize,D,2026-10-08
2017-12-29,7.125000000000001,%,Simplize,D,2026-10-08
2017-12-30,7.125000000000001,%,Simplize,D,2026-10-08
2017-12-31,7.0249999999999995,%,Simplize,D,2026-10-08
2018-01-01,7.0249999999999995,%,Simplize,D,2026-10-08
2018-01-02,7.0249999999999995,%,Simplize,D,2026-10-08
2018-01-03,7.0249999999999995,%,Simplize,D,2026-10-08
2018-01-04,7.0249999999999995,%,Simplize,D,2026-10-08
2018-01-05,7.0249999999999995,%,Simplize,D,2026-10-08
2018-01-06,7.0249999999999995,%,Simplize,D,2026-10-08
2018-01-07,7.0249999999999995,%,Simplize,D,2026-10-08
2018-01-08,7.0249999999999995,%,Simplize,D,2026-10-08
2018-01-09,7.0249999999999995,%,Simplize,D,2026-10-08
2018-01-10,7.0249999999999995,%,Simplize,D,2026-10-08
2018-01-11,7.0249999999999995,%,Simplize,D,2026-10-08
2018-01-12,7.0249999999999995,%,Simplize,D,2026-10-08
2018-01-13,7.0249999999999995,%,Simplize,D,2026-10-08
2018-01-14,7.0249999999999995,%,Simplize,D,2026-10-08
2018-01-15,7.0249999999999995,%,Simplize,D,2026-10-08
2018-01-16,7.0249999999999995,%,Simplize,D,2026-10-08
2018-01-17,7.0249999999999995,%,Simplize,D,2026-10-08
2018-01-18,7.0249999999999995,%,Simplize,D,2026-10-08
2018-01-19,7.0249999999999995,%,Simplize,D,2026-10-08
2018-01-20,7.0249999999999995,%,Simplize,D,2026-10-08
2018-01-21,7.0249999999999995,%,Simplize,D,2026-10-08
2018-01-22,7.0249999999999995,%,Simplize,D,2026-10-08
2018-01-23,7.0249999999999995,%,Simplize,D,2026-10-08
2018-01-24,7.0249999999999995,%,Simplize,D,2026-10-08
2018-01-25,7.0249999999999995,%,Simplize,D,2026-10-08
2018-01-26,7.0249999999999995,%,Simplize,D,2026-10-08
2018-01-27,7.0249999999999995,%,Simplize,D,2026-10-08
2018-01-28,7.0249999999999995,%,Simplize,D,2026-10-08
2018-01-29,7.0249999999999995,%,Simplize,D,2026-10-08
2018-01-30,7.0249999999999995,%,Simplize,D,2026-10-08
2018-01-31,7.0249999999999995,%,Simplize,D,2026-10-08
2018-02-01,7.0249999999999995,%,Simplize,D,2026-10-08
2018-02-02,7.0249999999999995,%,Simplize,D,2026-10-08
2018-02-03,7.0249999999999995,%,Simplize,D,2026-10-08
2018-02-04,7.008333333333333,%,Simplize,D,2026-10-08
2018-02-05,7.008333333333333,%,Simplize,D,2026-10-08
2018-02-06,7.008333333333333,%,Simplize,D,2026-10-08
2018-02-07,7.008333333333333,%,Simplize,D,2026-10-08
2018-02-08,7.008333333333333,%,Simplize,D,2026-10-08
2018-02-09,7.008333333333333,%,Simplize,D,2026-10-08
2018-02-10,7.008333333333333,%,Simplize,D,2026-10-08
2018-02-11,7.008333333333333,%,Simplize,D,2026-10-08
2018-02-12,7.008333333333333,%,Simplize,D,2026-10-08
2018-02-13,7.008333333333333,%,Simplize,D,2026-10-08
2018-02-14,7.008333333333333,%,Simplize,D,2026-10-08
2018-02-15,7.008333333333333,%,Simplize,D,2026-10-08
2018-02-16,7.008333333333333,%,Simplize,D,2026-10-08
2018-02-17,7.008333333333333,%,Simplize,D,2026-10-08
2018-02-18,7.008333333333333,%,Simplize,D,2026-10-08
2018-02-19,7.008333333333333,%,Simplize,D,2026-10-08
2018-02-20,7.008333333333333,%,Simplize,D,2026-10-08
2018-02-21,7.008333333333333,%,Simplize,D,2026-10-08
2018-02-22,7.008333333333333,%,Simplize,D,2026-10-08
2018-02-23,7.008333333333333,%,Simplize,D,2026-10-08
2018-02-24,7.008333333333333,%,Simplize,D,2026-10-08
2018-02-25,7.008333333333333,%,Simplize,D,2026-10-08
2018-02-26,7.008333333333333,%,Simplize,D,2026-10-08
2018-02-27,7.008333333333333,%,Simplize,D,2026-10-08
2018-02-28,7.008333333333333,%,Simplize,D,2026-10-08
2018-03-01,7.008333333333333,%,Simplize,D,2026-10-08
2018-03-02,7.008333333333333,%,Simplize,D,2026-10-08
2018-03-03,7.008333333333333,%,Simplize,D,2026-10-08
2018-03-04,6.991666666666666,%,Simplize,D,2026-10-08
2018-03-05,6.991666666666666,%,Simplize,D,2026-10-08
2018-03-06,6.991666666666666,%,Simplize,D,2026-10-08
2018-03-07,6.991666666666666,%,Simplize,D,2026-10-08
2018-03-08,6.991666666666666,%,Simplize,D,2026-10-08
2018-03-09,6.991666666666666,%,Simplize,D,2026-10-08
2018-03-10,6.991666666666666,%,Simplize,D,2026-10-08
2018-03-11,6.991666666666666,%,Simplize,D,2026-10-08
2018-03-12,6.991666666666666,%,Simplize,D,2026-10-08
2018-03-13,6.991666666666666,%,Simplize,D,2026-10-08
2018-03-14,6.991666666666666,%,Simplize,D,2026-10-08
2018-03-15,6.991666666666666,%,Simplize,D,2026-10-08
2018-03-16,6.991666666666666,%,Simplize,D,2026-10-08
2018-03-17,6.991666666666666,%,Simplize,D,2026-10-08
2018-03-18,6.991666666666666,%,Simplize,D,2026-10-08
2018-03-19,6.991666666666666,%,Simplize,D,2026-10-08
2018-03-20,6.991666666666666,%,Simplize,D,2026-10-08
2018-03-21,6.991666666666666,%,Simplize,D,2026-10-08
2018-03-22,6.991666666666666,%,Simplize,D,2026-10-08
2018-03-23,6.991666666666666,%,Simplize,D,2026-10-08
2018-03-24,6.991666666666666,%,Simplize,D,2026-10-08
2018-03-25,6.991666666666666,%,Simplize,D,2026-10-08
2018-03-26,6.889999999999999,%,Simplize,D,2026-10-08
2018-03-27,6.889999999999999,%,Simplize,D,2026-10-08
2018-03-28,6.889999999999999,%,Simplize,D,2026-10-08
2018-03-29,6.889999999999999,%,Simplize,D,2026-10-08
2018-03-30,6.889999999999999,%,Simplize,D,2026-10-08
2018-03-31,6.889999999999999,%,Simplize,D,2026-10-08
2018-04-01,7.007142857142858,%,Simplize,D,2026-10-08
2018-04-02,7.007142857142858,%,Simplize,D,2026-10-08
2018-04-03,7.007142857142858,%,Simplize,D,2026-10-08
2018-04-04,7.007142857142858,%,Simplize,D,2026-10-08
2018-04-05,7.007142857142858,%,Simplize,D,2026-10-08
2018-04-06,7.007142857142858,%,Simplize,D,2026-10-08
2018-04-07,7.007142857142858,%,Simplize,D,2026-10-08
2018-04-08,7.007142857142858,%,Simplize,D,2026-10-08
2018-04-09,7.007142857142858,%,Simplize,D,2026-10-08
2018-04-10,7.007142857142858,%,Simplize,D,2026-10-08
2018-04-11,7.007142857142858,%,Simplize,D,2026-10-08
2018-04-12,7.007142857142858,%,Simplize,D,2026-10-08
2018-04-13,7.007142857142858,%,Simplize,D,2026-10-08
2018-04-14,7.007142857142858,%,Simplize,D,2026-10-08
2018-04-15,7.007142857142858,%,Simplize,D,2026-10-08
2018-04-16,7.007142857142858,%,Simplize,D,2026-10-08
2018-04-17,7.007142857142858,%,Simplize,D,2026-10-08
2018-04-18,7.007142857142858,%,Simplize,D,2026-10-08
2018-04-19,7.007142857142858,%,Simplize,D,2026-10-08
2018-04-20,7.007142857142858,%,Simplize,D,2026-10-08
2018-04-21,7.007142857142858,%,Simplize,D,2026-10-08
2018-04-22,7.007142857142858,%,Simplize,D,2026-10-08
2018-04-23,7.007142857142858,%,Simplize,D,2026-10-08
2018-04-24,7.007142857142858,%,Simplize,D,2026-10-08
2018-04-25,7.007142857142858,%,Simplize,D,2026-10-08
2018-04-26,7.007142857142858,%,Simplize,D,2026-10-08
2018-04-27,7.007142857142858,%,Simplize,D,2026-10-08
2018-04-28,7.007142857142858,%,Simplize,D,2026-10-08
2018-04-29,7.007142857142858,%,Simplize,D,2026-10-08
2018-04-30,7.007142857142858,%,Simplize,D,2026-10-08
2018-05-01,7.007142857142858,%,Simplize,D,2026-10-08
2018-05-02,7.007142857142858,%,Simplize,D,2026-10-08
2018-05-03,7.007142857142858,%,Simplize,D,2026-10-08
2018-05-04,7.007142857142858,%,Simplize,D,2026-10-08
2018-05-05,7.007142857142858,%,Simplize,D,2026-10-08
2018-05-06,7.1193333333333335,%,Simplize,D,2026-10-08
2018-05-07,7.1193333333333335,%,Simplize,D,2026-10-08
2018-05-08,7.1193333333333335,%,Simplize,D,2026-10-08
2018-05-09,7.1193333333333335,%,Simplize,D,2026-10-08
2018-05-10,7.1193333333333335,%,Simplize,D,2026-10-08
2018-05-11,7.1193333333333335,%,Simplize,D,2026-10-08
2018-05-12,7.1193333333333335,%,Simplize,D,2026-10-08
2018-05-13,7.1193333333333335,%,Simplize,D,2026-10-08
2018-05-14,7.1193333333333335,%,Simplize,D,2026-10-08
2018-05-15,7.1193333333333335,%,Simplize,D,2026-10-08
2018-05-16,7.1193333333333335,%,Simplize,D,2026-10-08
2018-05-17,7.1193333333333335,%,Simplize,D,2026-10-08
2018-05-18,7.1193333333333335,%,Simplize,D,2026-10-08
2018-05-19,7.1193333333333335,%,Simplize,D,2026-10-08
2018-05-20,7.1193333333333335,%,Simplize,D,2026-10-08
2018-05-21,7.1193333333333335,%,Simplize,D,2026-10-08
2018-05-22,7.1193333333333335,%,Simplize,D,2026-10-08
2018-05-23,7.1193333333333335,%,Simplize,D,2026-10-08
2018-05-24,7.1193333333333335,%,Simplize,D,2026-10-08
2018-05-25,7.1193333333333335,%,Simplize,D,2026-10-08
2018-05-26,7.1193333333333335,%,Simplize,D,2026-10-08
2018-05-27,7.1193333333333335,%,Simplize,D,2026-10-08
2018-05-28,7.1193333333333335,%,Simplize,D,2026-10-08
2018-05-29,7.1193333333333335,%,Simplize,D,2026-10-08
2018-05-30,7.1193333333333335,%,Simplize,D,2026-10-08
2018-05-31,7.1193333333333335,%,Simplize,D,2026-10-08
2018-06-01,7.1193333333333335,%,Simplize,D,2026-10-08
2018-06-02,7.1193333333333335,%,Simplize,D,2026-10-08
2018-06-03,7.136875000000001,%,Simplize,D,2026-10-08
2018-06-04,7.136875000000001,%,Simplize,D,2026-10-08
2018-06-05,7.136875000000001,%,Simplize,D,2026-10-08
2018-06-06,7.136875000000001,%,Simplize,D,2026-10-08
2018-06-07,7.136875000000001,%,Simplize,D,2026-10-08
2018-06-08,7.136875000000001,%,Simplize,D,2026-10-08
2018-06-09,7.136875000000001,%,Simplize,D,2026-10-08
2018-06-10,7.136875000000001,%,Simplize,D,2026-10-08
2018-06-11,7.136875000000001,%,Simplize,D,2026-10-08
2018-06-12,7.136875000000001,%,Simplize,D,2026-10-08
2018-06-13,7.136875000000001,%,Simplize,D,2026-10-08
2018-06-14,7.136875000000001,%,Simplize,D,2026-10-08
2018-06-15,7.136875000000001,%,Simplize,D,2026-10-08
2018-06-16,7.136875000000001,%,Simplize,D,2026-10-08
2018-06-17,7.136875000000001,%,Simplize,D,2026-10-08
2018-06-18,7.136875000000001,%,Simplize,D,2026-10-08
2018-06-19,7.136875000000001,%,Simplize,D,2026-10-08
2018-06-20,7.136875000000001,%,Simplize,D,2026-10-08
2018-06-21,7.136875000000001,%,Simplize,D,2026-10-08
2018-06-22,7.136875000000001,%,Simplize,D,2026-10-08
2018-06-23,7.136875000000001,%,Simplize,D,2026-10-08
2018-06-24,7.136875000000001,%,Simplize,D,2026-10-08
2018-06-25,7.136875000000001,%,Simplize,D,2026-10-08
2018-06-26,7.136875000000001,%,Simplize,D,2026-10-08
2018-06-27,7.136875000000001,%,Simplize,D,2026-10-08
2018-06-28,7.136875000000001,%,Simplize,D,2026-10-08
2018-06-29,7.136875000000001,%,Simplize,D,2026-10-08
2018-06-30,7.136875000000001,%,Simplize,D,2026-10-08
2018-07-01,7.270588235294118,%,Simplize,D,2026-10-08
2018-07-02,7.270588235294118,%,Simplize,D,2026-10-08
2018-07-03,7.270588235294118,%,Simplize,D,2026-10-08
2018-07-04,7.270588235294118,%,Simplize,D,2026-10-08
2018-07-05,7.270588235294118,%,Simplize,D,2026-10-08
2018-07-06,7.270588235294118,%,Simplize,D,2026-10-08
2018-07-07,7.270588235294118,%,Simplize,D,2026-10-08
2018-07-08,7.270588235294118,%,Simplize,D,2026-10-08
2018-07-09,7.270588235294118,%,Simplize,D,2026-10-08
2018-07-10,7.270588235294118,%,Simplize,D,2026-10-08
2018-07-11,7.270588235294118,%,Simplize,D,2026-10-08
2018-07-12,7.270588235294118,%,Simplize,D,2026-10-08
2018-07-13,7.270588235294118,%,Simplize,D,2026-10-08
2018-07-14,7.270588235294118,%,Simplize,D,2026-10-08
2018-07-15,7.270588235294118,%,Simplize,D,2026-10-08
2018-07-16,7.270588235294118,%,Simplize,D,2026-10-08
2018-07-17,7.270588235294118,%,Simplize,D,2026-10-08
2018-07-18,7.270588235294118,%,Simplize,D,2026-10-08
2018-07-19,7.270588235294118,%,Simplize,D,2026-10-08
2018-07-20,7.270588235294118,%,Simplize,D,2026-10-08
2018-07-21,7.270588235294118,%,Simplize,D,2026-10-08
2018-07-22,7.270588235294118,%,Simplize,D,2026-10-08
2018-07-23,7.270588235294118,%,Simplize,D,2026-10-08
2018-07-24,7.270588235294118,%,Simplize,D,2026-10-08
2018-07-25,7.270588235294118,%,Simplize,D,2026-10-08
2018-07-26,7.270588235294118,%,Simplize,D,2026-10-08
2018-07-27,7.270588235294118,%,Simplize,D,2026-10-08
2018-07-28,7.270588235294118,%,Simplize,D,2026-10-08
2018-07-29,7.270588235294118,%,Simplize,D,2026-10-08
2018-07-30,7.270588235294118,%,Simplize,D,2026-10-08
2018-07-31,7.270588235294118,%,Simplize,D,2026-10-08
2018-08-01,7.270588235294118,%,Simplize,D,2026-10-08
2018-08-02,7.270588235294118,%,Simplize,D,2026-10-08
2018-08-03,7.270588235294118,%,Simplize,D,2026-10-08
2018-08-04,7.270588235294118,%,Simplize,D,2026-10-08
2018-08-05,7.2666666666666675,%,Simplize,D,2026-10-08
2018-08-06,7.2666666666666675,%,Simplize,D,2026-10-08
2018-08-07,7.2666666666666675,%,Simplize,D,2026-10-08
2018-08-08,7.2666666666666675,%,Simplize,D,2026-10-08
2018-08-09,7.2666666666666675,%,Simplize,D,2026-10-08
2018-08-10,7.2666666666666675,%,Simplize,D,2026-10-08
2018-08-11,7.2666666666666675,%,Simplize,D,2026-10-08
2018-08-12,7.2666666666666675,%,Simplize,D,2026-10-08
2018-08-13,7.2666666666666675,%,Simplize,D,2026-10-08
2018-08-14,7.2666666666666675,%,Simplize,D,2026-10-08
2018-08-15,7.2666666666666675,%,Simplize,D,2026-10-08
2018-08-16,7.2666666666666675,%,Simplize,D,2026-10-08
2018-08-17,7.2666666666666675,%,Simplize,D,2026-10-08
2018-08-18,7.2666666666666675,%,Simplize,D,2026-10-08
2018-08-19,7.2666666666666675,%,Simplize,D,2026-10-08
2018-08-20,7.2666666666666675,%,Simplize,D,2026-10-08
2018-08-21,7.2666666666666675,%,Simplize,D,2026-10-08
2018-08-22,7.2666666666666675,%,Simplize,D,2026-10-08
2018-08-23,7.2666666666666675,%,Simplize,D,2026-10-08
2018-08-24,7.2666666666666675,%,Simplize,D,2026-10-08
2018-08-25,7.2666666666666675,%,Simplize,D,2026-10-08
2018-08-26,7.2666666666666675,%,Simplize,D,2026-10-08
2018-08-27,7.2666666666666675,%,Simplize,D,2026-10-08
2018-08-28,7.2666666666666675,%,Simplize,D,2026-10-08
2018-08-29,7.2666666666666675,%,Simplize,D,2026-10-08
2018-08-30,7.2666666666666675,%,Simplize,D,2026-10-08
2018-08-31,7.2666666666666675,%,Simplize,D,2026-10-08
2018-09-01,7.2666666666666675,%,Simplize,D,2026-10-08
2018-09-02,7.283333333333333,%,Simplize,D,2026-10-08
2018-09-03,7.283333333333333,%,Simplize,D,2026-10-08
2018-09-04,7.283333333333333,%,Simplize,D,2026-10-08
2018-09-05,7.283333333333333,%,Simplize,D,2026-10-08
2018-09-06,7.283333333333333,%,Simplize,D,2026-10-08
2018-09-07,7.283333333333333,%,Simplize,D,2026-10-08
2018-09-08,7.283333333333333,%,Simplize,D,2026-10-08
2018-09-09,7.283333333333333,%,Simplize,D,2026-10-08
2018-09-10,7.283333333333333,%,Simplize,D,2026-10-08
2018-09-11,7.283333333333333,%,Simplize,D,2026-10-08
2018-09-12,7.283333333333333,%,Simplize,D,2026-10-08
2018-09-13,7.283333333333333,%,Simplize,D,2026-10-08
2018-09-14,7.283333333333333,%,Simplize,D,2026-10-08
2018-09-15,7.283333333333333,%,Simplize,D,2026-10-08
2018-09-16,7.283333333333333,%,Simplize,D,2026-10-08
2018-09-17,7.283333333333333,%,Simplize,D,2026-10-08
2018-09-18,7.283333333333333,%,Simplize,D,2026-10-08
2018-09-19,7.283333333333333,%,Simplize,D,2026-10-08
2018-09-20,7.283333333333333,%,Simplize,D,2026-10-08
2018-09-21,7.283333333333333,%,Simplize,D,2026-10-08
2018-09-22,7.283333333333333,%,Simplize,D,2026-10-08
2018-09-23,7.283333333333333,%,Simplize,D,2026-10-08
2018-09-24,7.283333333333333,%,Simplize,D,2026-10-08
2018-09-25,7.283333333333333,%,Simplize,D,2026-10-08
2018-09-26,7.283333333333333,%,Simplize,D,2026-10-08
2018-09-27,7.283333333333333,%,Simplize,D,2026-10-08
2018-09-28,7.283333333333333,%,Simplize,D,2026-10-08
2018-09-29,7.283333333333333,%,Simplize,D,2026-10-08
2018-09-30,7.349999999999999,%,Simplize,D,2026-10-08
2018-10-01,7.349999999999999,%,Simplize,D,2026-10-08
2018-10-02,7.349999999999999,%,Simplize,D,2026-10-08
2018-10-03,7.349999999999999,%,Simplize,D,2026-10-08
2018-10-04,7.349999999999999,%,Simplize,D,2026-10-08
2018-10-05,7.349999999999999,%,Simplize,D,2026-10-08
2018-10-06,7.349999999999999,%,Simplize,D,2026-10-08
2018-10-07,7.349999999999999,%,Simplize,D,2026-10-08
2018-10-08,7.349999999999999,%,Simplize,D,2026-10-08
2018-10-09,7.349999999999999,%,Simplize,D,2026-10-08
2018-10-10,7.349999999999999,%,Simplize,D,2026-10-08
2018-10-11,7.349999999999999,%,Simplize,D,2026-10-08
2018-10-12,7.349999999999999,%,Simplize,D,2026-10-08
2018-10-13,7.349999999999999,%,Simplize,D,2026-10-08
2018-10-14,7.349999999999999,%,Simplize,D,2026-10-08
2018-10-15,7.349999999999999,%,Simplize,D,2026-10-08
2018-10-16,7.349999999999999,%,Simplize,D,2026-10-08
2018-10-17,7.349999999999999,%,Simplize,D,2026-10-08
2018-10-18,7.349999999999999,%,Simplize,D,2026-10-08
2018-10-19,7.349999999999999,%,Simplize,D,2026-10-08
2018-10-20,7.349999999999999,%,Simplize,D,2026-10-08
2018-10-21,7.349999999999999,%,Simplize,D,2026-10-08
2018-10-22,7.349999999999999,%,Simplize,D,2026-10-08
2018-10-23,7.349999999999999,%,Simplize,D,2026-10-08
2018-10-24,7.349999999999999,%,Simplize,D,2026-10-08
2018-10-25,7.349999999999999,%,Simplize,D,2026-10-08
2018-10-26,7.349999999999999,%,Simplize,D,2026-10-08
2018-10-27,7.349999999999999,%,Simplize,D,2026-10-08
2018-10-28,7.352941176470588,%,Simplize,D,2026-10-08
2018-10-29,7.352941176470588,%,Simplize,D,2026-10-08
2018-10-30,7.352941176470588,%,Simplize,D,2026-10-08
2018-10-31,7.352941176470588,%,Simplize,D,2026-10-08
2018-11-01,7.352941176470588,%,Simplize,D,2026-10-08
2018-11-02,7.352941176470588,%,Simplize,D,2026-10-08
2018-11-03,7.352941176470588,%,Simplize,D,2026-10-08
2018-11-04,7.355555555555554,%,Simplize,D,2026-10-08
2018-11-05,7.355555555555554,%,Simplize,D,2026-10-08
2018-11-06,7.355555555555554,%,Simplize,D,2026-10-08
2018-11-07,7.355555555555554,%,Simplize,D,2026-10-08
2018-11-08,7.355555555555554,%,Simplize,D,2026-10-08
2018-11-09,7.355555555555554,%,Simplize,D,2026-10-08
2018-11-10,7.355555555555554,%,Simplize,D,2026-10-08
2018-11-11,7.355555555555554,%,Simplize,D,2026-10-08
2018-11-12,7.355555555555554,%,Simplize,D,2026-10-08
2018-11-13,7.355555555555554,%,Simplize,D,2026-10-08
2018-11-14,7.355555555555554,%,Simplize,D,2026-10-08
2018-11-15,7.355555555555554,%,Simplize,D,2026-10-08
2018-11-16,7.355555555555554,%,Simplize,D,2026-10-08
2018-11-17,7.355555555555554,%,Simplize,D,2026-10-08
2018-11-18,7.355555555555554,%,Simplize,D,2026-10-08
2018-11-19,7.355555555555554,%,Simplize,D,2026-10-08
2018-11-20,7.355555555555554,%,Simplize,D,2026-10-08
2018-11-21,7.355555555555554,%,Simplize,D,2026-10-08
2018-11-22,7.355555555555554,%,Simplize,D,2026-10-08
2018-11-23,7.355555555555554,%,Simplize,D,2026-10-08
2018-11-24,7.355555555555554,%,Simplize,D,2026-10-08
2018-11-25,7.355555555555554,%,Simplize,D,2026-10-08
2018-11-26,7.355555555555554,%,Simplize,D,2026-10-08
2018-11-27,7.355555555555554,%,Simplize,D,2026-10-08
2018-11-28,7.355555555555554,%,Simplize,D,2026-10-08
2018-11-29,7.355555555555554,%,Simplize,D,2026-10-08
2018-11-30,7.355555555555554,%,Simplize,D,2026-10-08
2018-12-01,7.355555555555554,%,Simplize,D,2026-10-08
2018-12-02,7.3583333333333325,%,Simplize,D,2026-10-08
2018-12-03,7.3583333333333325,%,Simplize,D,2026-10-08
2018-12-04,7.3583333333333325,%,Simplize,D,2026-10-08
2018-12-05,7.3583333333333325,%,Simplize,D,2026-10-08
2018-12-06,7.3583333333333325,%,Simplize,D,2026-10-08
2018-12-07,7.3583333333333325,%,Simplize,D,2026-10-08
2018-12-08,7.3583333333333325,%,Simplize,D,2026-10-08
2018-12-09,7.3583333333333325,%,Simplize,D,2026-10-08
2018-12-10,7.3583333333333325,%,Simplize,D,2026-10-08
2018-12-11,7.3583333333333325,%,Simplize,D,2026-10-08
2018-12-12,7.3583333333333325,%,Simplize,D,2026-10-08
2018-12-13,7.3583333333333325,%,Simplize,D,2026-10-08
2018-12-14,7.3583333333333325,%,Simplize,D,2026-10-08
2018-12-15,7.3583333333333325,%,Simplize,D,2026-10-08
2018-12-16,7.3583333333333325,%,Simplize,D,2026-10-08
2018-12-17,7.3583333333333325,%,Simplize,D,2026-10-08
2018-12-18,7.3583333333333325,%,Simplize,D,2026-10-08
2018-12-19,7.3583333333333325,%,Simplize,D,2026-10-08
2018-12-20,7.3583333333333325,%,Simplize,D,2026-10-08
2018-12-21,7.3583333333333325,%,Simplize,D,2026-10-08
2018-12-22,7.3583333333333325,%,Simplize,D,2026-10-08
2018-12-23,7.3583333333333325,%,Simplize,D,2026-10-08
2018-12-24,7.3583333333333325,%,Simplize,D,2026-10-08
2018-12-25,7.3583333333333325,%,Simplize,D,2026-10-08
2018-12-26,7.3583333333333325,%,Simplize,D,2026-10-08
2018-12-27,7.3583333333333325,%,Simplize,D,2026-10-08
2018-12-28,7.3583333333333325,%,Simplize,D,2026-10-08
2018-12-29,7.3583333333333325,%,Simplize,D,2026-10-08
2018-12-30,7.3583333333333325,%,Simplize,D,2026-10-08
2018-12-31,7.3583333333333325,%,Simplize,D,2026-10-08
2019-01-01,7.3583333333333325,%,Simplize,D,2026-10-08
2019-01-02,7.3583333333333325,%,Simplize,D,2026-10-08
2019-01-03,7.3583333333333325,%,Simplize,D,2026-10-08
2019-01-04,7.3583333333333325,%,Simplize,D,2026-10-08
2019-01-05,7.3583333333333325,%,Simplize,D,2026-10-08
2019-01-06,7.408333333333333,%,Simplize,D,2026-10-08
2019-01-07,7.408333333333333,%,Simplize,D,2026-10-08
2019-01-08,7.408333333333333,%,Simplize,D,2026-10-08
2019-01-09,7.408333333333333,%,Simplize,D,2026-10-08
2019-01-10,7.408333333333333,%,Simplize,D,2026-10-08
2019-01-11,7.408333333333333,%,Simplize,D,2026-10-08
2019-01-12,7.408333333333333,%,Simplize,D,2026-10-08
2019-01-13,7.408333333333333,%,Simplize,D,2026-10-08
2019-01-14,7.408333333333333,%,Simplize,D,2026-10-08
2019-01-15,7.408333333333333,%,Simplize,D,2026-10-08
2019-01-16,7.408333333333333,%,Simplize,D,2026-10-08
2019-01-17,7.408333333333333,%,Simplize,D,2026-10-08
2019-01-18,7.408333333333333,%,Simplize,D,2026-10-08
2019-01-19,7.408333333333333,%,Simplize,D,2026-10-08
2019-01-20,7.408333333333333,%,Simplize,D,2026-10-08
2019-01-21,7.408333333333333,%,Simplize,D,2026-10-08
2019-01-22,7.408333333333333,%,Simplize,D,2026-10-08
2019-01-23,7.408333333333333,%,Simplize,D,2026-10-08
2019-01-24,7.408333333333333,%,Simplize,D,2026-10-08
2019-01-25,7.408333333333333,%,Simplize,D,2026-10-08
2019-01-26,7.408333333333333,%,Simplize,D,2026-10-08
2019-01-27,7.408333333333333,%,Simplize,D,2026-10-08
2019-01-28,7.408333333333333,%,Simplize,D,2026-10-08
2019-01-29,7.408333333333333,%,Simplize,D,2026-10-08
2019-01-30,7.408333333333333,%,Simplize,D,2026-10-08
2019-01-31,7.408333333333333,%,Simplize,D,2026-10-08
2019-02-01,7.408333333333333,%,Simplize,D,2026-10-08
2019-02-02,7.408333333333333,%,Simplize,D,2026-10-08
2019-02-03,7.408333333333333,%,Simplize,D,2026-10-08
2019-02-04,7.408333333333333,%,Simplize,D,2026-10-08
2019-02-05,7.408333333333333,%,Simplize,D,2026-10-08
2019-02-06,7.408333333333333,%,Simplize,D,2026-10-08
2019-02-07,7.408333333333333,%,Simplize,D,2026-10-08
2019-02-08,7.408333333333333,%,Simplize,D,2026-10-08
2019-02-09,7.408333333333333,%,Simplize,D,2026-10-08
2019-02-10,7.408333333333333,%,Simplize,D,2026-10-08
2019-02-11,7.408333333333333,%,Simplize,D,2026-10-08
2019-02-12,7.408333333333333,%,Simplize,D,2026-10-08
2019-02-13,7.408333333333333,%,Simplize,D,2026-10-08
2019-02-14,7.408333333333333,%,Simplize,D,2026-10-08
2019-02-15,7.408333333333333,%,Simplize,D,2026-10-08
2019-02-16,7.408333333333333,%,Simplize,D,2026-10-08
2019-02-17,7.408333333333333,%,Simplize,D,2026-10-08
2019-02-18,7.408333333333333,%,Simplize,D,2026-10-08
2019-02-19,7.408333333333333,%,Simplize,D,2026-10-08
2019-02-20,7.408333333333333,%,Simplize,D,2026-10-08
2019-02-21,7.408333333333333,%,Simplize,D,2026-10-08
2019-02-22,7.408333333333333,%,Simplize,D,2026-10-08
2019-02-23,7.408333333333333,%,Simplize,D,2026-10-08
2019-02-24,7.408333333333333,%,Simplize,D,2026-10-08
2019-02-25,7.402941176470588,%,Simplize,D,2026-10-08
2019-02-26,7.402941176470588,%,Simplize,D,2026-10-08
2019-02-27,7.402941176470588,%,Simplize,D,2026-10-08
2019-02-28,7.402941176470588,%,Simplize,D,2026-10-08
2019-03-01,7.402941176470588,%,Simplize,D,2026-10-08
2019-03-02,7.402941176470588,%,Simplize,D,2026-10-08
2019-03-03,7.294444444444445,%,Simplize,D,2026-10-08
2019-03-04,7.294444444444445,%,Simplize,D,2026-10-08
2019-03-05,7.294444444444445,%,Simplize,D,2026-10-08
2019-03-06,7.294444444444445,%,Simplize,D,2026-10-08
2019-03-07,7.294444444444445,%,Simplize,D,2026-10-08
2019-03-08,7.294444444444445,%,Simplize,D,2026-10-08
2019-03-09,7.294444444444445,%,Simplize,D,2026-10-08
2019-03-10,7.294444444444445,%,Simplize,D,2026-10-08
2019-03-11,7.294444444444445,%,Simplize,D,2026-10-08
2019-03-12,7.294444444444445,%,Simplize,D,2026-10-08
2019-03-13,7.294444444444445,%,Simplize,D,2026-10-08
2019-03-14,7.294444444444445,%,Simplize,D,2026-10-08
2019-03-15,7.294444444444445,%,Simplize,D,2026-10-08
2019-03-16,7.294444444444445,%,Simplize,D,2026-10-08
2019-03-17,7.294444444444445,%,Simplize,D,2026-10-08
2019-03-18,7.294444444444445,%,Simplize,D,2026-10-08
2019-03-19,7.294444444444445,%,Simplize,D,2026-10-08
2019-03-20,7.294444444444445,%,Simplize,D,2026-10-08
2019-03-21,7.294444444444445,%,Simplize,D,2026-10-08
2019-03-22,7.294444444444445,%,Simplize,D,2026-10-08
2019-03-23,7.294444444444445,%,Simplize,D,2026-10-08
2019-03-24,7.294444444444445,%,Simplize,D,2026-10-08
2019-03-25,7.294444444444445,%,Simplize,D,2026-10-08
2019-03-26,7.294444444444445,%,Simplize,D,2026-10-08
2019-03-27,7.294444444444445,%,Simplize,D,2026-10-08
2019-03-28,7.294444444444445,%,Simplize,D,2026-10-08
2019-03-29,7.294444444444445,%,Simplize,D,2026-10-08
2019-03-30,7.294444444444445,%,Simplize,D,2026-10-08
2019-03-31,7.308333333333334,%,Simplize,D,2026-10-08
2019-04-01,7.308333333333334,%,Simplize,D,2026-10-08
2019-04-02,7.308333333333334,%,Simplize,D,2026-10-08
2019-04-03,7.308333333333334,%,Simplize,D,2026-10-08
2019-04-04,7.308333333333334,%,Simplize,D,2026-10-08
2019-04-05,7.308333333333334,%,Simplize,D,2026-10-08
2019-04-06,7.308333333333334,%,Simplize,D,2026-10-08
2019-04-07,7.308333333333334,%,Simplize,D,2026-10-08
2019-04-08,7.308333333333334,%,Simplize,D,2026-10-08
2019-04-09,7.308333333333334,%,Simplize,D,2026-10-08
2019-04-10,7.308333333333334,%,Simplize,D,2026-10-08
2019-04-11,7.308333333333334,%,Simplize,D,2026-10-08
2019-04-12,7.308333333333334,%,Simplize,D,2026-10-08
2019-04-13,7.308333333333334,%,Simplize,D,2026-10-08
2019-04-14,7.308333333333334,%,Simplize,D,2026-10-08
2019-04-15,7.308333333333334,%,Simplize,D,2026-10-08
2019-04-16,7.308333333333334,%,Simplize,D,2026-10-08
2019-04-17,7.308333333333334,%,Simplize,D,2026-10-08
2019-04-18,7.308333333333334,%,Simplize,D,2026-10-08
2019-04-19,7.308333333333334,%,Simplize,D,2026-10-08
2019-04-20,7.308333333333334,%,Simplize,D,2026-10-08
2019-04-21,7.308333333333334,%,Simplize,D,2026-10-08
2019-04-22,7.308333333333334,%,Simplize,D,2026-10-08
2019-04-23,7.308333333333334,%,Simplize,D,2026-10-08
2019-04-24,7.308333333333334,%,Simplize,D,2026-10-08
2019-04-25,7.308333333333334,%,Simplize,D,2026-10-08
2019-04-26,7.308333333333334,%,Simplize,D,2026-10-08
2019-04-27,7.308333333333334,%,Simplize,D,2026-10-08
2019-04-28,7.308333333333334,%,Simplize,D,2026-10-08
2019-04-29,7.308333333333334,%,Simplize,D,2026-10-08
2019-04-30,7.308333333333334,%,Simplize,D,2026-10-08
2019-05-01,7.308333333333334,%,Simplize,D,2026-10-08
2019-05-02,7.308333333333334,%,Simplize,D,2026-10-08
2019-05-03,7.308333333333334,%,Simplize,D,2026-10-08
2019-05-04,7.308333333333334,%,Simplize,D,2026-10-08
2019-05-05,7.32,%,Simplize,D,2026-10-08
2019-05-06,7.32,%,Simplize,D,2026-10-08
2019-05-07,7.32,%,Simplize,D,2026-10-08
2019-05-08,7.32,%,Simplize,D,2026-10-08
2019-05-09,7.32,%,Simplize,D,2026-10-08
2019-05-10,7.32,%,Simplize,D,2026-10-08
2019-05-11,7.32,%,Simplize,D,2026-10-08
2019-05-12,7.32,%,Simplize,D,2026-10-08
2019-05-13,7.32,%,Simplize,D,2026-10-08
2019-05-14,7.32,%,Simplize,D,2026-10-08
2019-05-15,7.32,%,Simplize,D,2026-10-08
2019-05-16,7.32,%,Simplize,D,2026-10-08
2019-05-17,7.32,%,Simplize,D,2026-10-08
2019-05-18,7.32,%,Simplize,D,2026-10-08
2019-05-19,7.32,%,Simplize,D,2026-10-08
2019-05-20,7.32,%,Simplize,D,2026-10-08
2019-05-21,7.32,%,Simplize,D,2026-10-08
2019-05-22,7.32,%,Simplize,D,2026-10-08
2019-05-23,7.32,%,Simplize,D,2026-10-08
2019-05-24,7.32,%,Simplize,D,2026-10-08
2019-05-25,7.32,%,Simplize,D,2026-10-08
2019-05-26,7.32,%,Simplize,D,2026-10-08
2019-05-27,7.32,%,Simplize,D,2026-10-08
2019-05-28,7.32,%,Simplize,D,2026-10-08
2019-05-29,7.32,%,Simplize,D,2026-10-08
2019-05-30,7.32,%,Simplize,D,2026-10-08
2019-05-31,7.32,%,Simplize,D,2026-10-08
2019-06-01,7.32,%,Simplize,D,2026-10-08
2019-06-02,7.395000000000001,%,Simplize,D,2026-10-08
2019-06-03,7.395000000000001,%,Simplize,D,2026-10-08
2019-06-04,7.395000000000001,%,Simplize,D,2026-10-08
2019-06-05,7.395000000000001,%,Simplize,D,2026-10-08
2019-06-06,7.395000000000001,%,Simplize,D,2026-10-08
2019-06-07,7.395000000000001,%,Simplize,D,2026-10-08
2019-06-08,7.395000000000001,%,Simplize,D,2026-10-08
2019-06-09,7.395000000000001,%,Simplize,D,2026-10-08
2019-06-10,7.395000000000001,%,Simplize,D,2026-10-08
2019-06-11,7.395000000000001,%,Simplize,D,2026-10-08
2019-06-12,7.395000000000001,%,Simplize,D,2026-10-08
2019-06-13,7.395000000000001,%,Simplize,D,2026-10-08
2019-06-14,7.395000000000001,%,Simplize,D,2026-10-08
2019-06-15,7.395000000000001,%,Simplize,D,2026-10-08
2019-06-16,7.395000000000001,%,Simplize,D,2026-10-08
2019-06-17,7.395000000000001,%,Simplize,D,2026-10-08
2019-06-18,7.395000000000001,%,Simplize,D,2026-10-08
2019-06-19,7.395000000000001,%,Simplize,D,2026-10-08
2019-06-20,7.395000000000001,%,Simplize,D,2026-10-08
2019-06-21,7.395000000000001,%,Simplize,D,2026-10-08
2019-06-22,7.395000000000001,%,Simplize,D,2026-10-08
2019-06-23,7.395000000000001,%,Simplize,D,2026-10-08
2019-06-24,7.395000000000001,%,Simplize,D,2026-10-08
2019-06-25,7.395000000000001,%,Simplize,D,2026-10-08
2019-06-26,7.395000000000001,%,Simplize,D,2026-10-08
2019-06-27,7.395000000000001,%,Simplize,D,2026-10-08
2019-06-28,7.395000000000001,%,Simplize,D,2026-10-08
2019-06-29,7.395000000000001,%,Simplize,D,2026-10-08
2019-06-30,7.392,%,Simplize,D,2026-10-08
2019-07-01,7.392,%,Simplize,D,2026-10-08
2019-07-02,7.392,%,Simplize,D,2026-10-08
2019-07-03,7.392,%,Simplize,D,2026-10-08
2019-07-04,7.392,%,Simplize,D,2026-10-08
2019-07-05,7.392,%,Simplize,D,2026-10-08
2019-07-06,7.392,%,Simplize,D,2026-10-08
2019-07-07,7.392,%,Simplize,D,2026-10-08
2019-07-08,7.392,%,Simplize,D,2026-10-08
2019-07-09,7.392,%,Simplize,D,2026-10-08
2019-07-10,7.392,%,Simplize,D,2026-10-08
2019-07-11,7.392,%,Simplize,D,2026-10-08
2019-07-12,7.392,%,Simplize,D,2026-10-08
2019-07-13,7.392,%,Simplize,D,2026-10-08
2019-07-14,7.392,%,Simplize,D,2026-10-08
2019-07-15,7.392,%,Simplize,D,2026-10-08
2019-07-16,7.392,%,Simplize,D,2026-10-08
2019-07-17,7.392,%,Simplize,D,2026-10-08
2019-07-18,7.392,%,Simplize,D,2026-10-08
2019-07-19,7.392,%,Simplize,D,2026-10-08
2019-07-20,7.392,%,Simplize,D,2026-10-08
2019-07-21,7.392,%,Simplize,D,2026-10-08
2019-07-22,7.392,%,Simplize,D,2026-10-08
2019-07-23,7.392,%,Simplize,D,2026-10-08
2019-07-24,7.392,%,Simplize,D,2026-10-08
2019-07-25,7.392,%,Simplize,D,2026-10-08
2019-07-26,7.392,%,Simplize,D,2026-10-08
2019-07-27,7.392,%,Simplize,D,2026-10-08
2019-07-28,7.392,%,Simplize,D,2026-10-08
2019-07-29,7.392,%,Simplize,D,2026-10-08
2019-07-30,7.392,%,Simplize,D,2026-10-08
2019-07-31,7.392,%,Simplize,D,2026-10-08
2019-08-01,7.392,%,Simplize,D,2026-10-08
2019-08-02,7.392,%,Simplize,D,2026-10-08
2019-08-03,7.392,%,Simplize,D,2026-10-08
2019-08-04,7.397,%,Simplize,D,2026-10-08
2019-08-05,7.397,%,Simplize,D,2026-10-08
2019-08-06,7.397,%,Simplize,D,2026-10-08
2019-08-07,7.397,%,Simplize,D,2026-10-08
2019-08-08,7.397,%,Simplize,D,2026-10-08
2019-08-09,7.397,%,Simplize,D,2026-10-08
2019-08-10,7.397,%,Simplize,D,2026-10-08
2019-08-11,7.397,%,Simplize,D,2026-10-08
2019-08-12,7.397,%,Simplize,D,2026-10-08
2019-08-13,7.397,%,Simplize,D,2026-10-08
2019-08-14,7.397,%,Simplize,D,2026-10-08
2019-08-15,7.397,%,Simplize,D,2026-10-08
2019-08-16,7.397,%,Simplize,D,2026-10-08
2019-08-17,7.397,%,Simplize,D,2026-10-08
2019-08-18,7.397,%,Simplize,D,2026-10-08
2019-08-19,7.397,%,Simplize,D,2026-10-08
2019-08-20,7.397,%,Simplize,D,2026-10-08
2019-08-21,7.397,%,Simplize,D,2026-10-08
2019-08-22,7.397,%,Simplize,D,2026-10-08
2019-08-23,7.397,%,Simplize,D,2026-10-08
2019-08-24,7.397,%,Simplize,D,2026-10-08
2019-08-25,7.417894736842103,%,Simplize,D,2026-10-08
2019-08-26,7.417894736842103,%,Simplize,D,2026-10-08
2019-08-27,7.417894736842103,%,Simplize,D,2026-10-08
2019-08-28,7.417894736842103,%,Simplize,D,2026-10-08
2019-08-29,7.417894736842103,%,Simplize,D,2026-10-08
2019-08-30,7.417894736842103,%,Simplize,D,2026-10-08
2019-08-31,7.417894736842103,%,Simplize,D,2026-10-08
2019-09-01,7.544500000000001,%,Simplize,D,2026-10-08
2019-09-02,7.544500000000001,%,Simplize,D,2026-10-08
2019-09-03,7.544500000000001,%,Simplize,D,2026-10-08
2019-09-04,7.544500000000001,%,Simplize,D,2026-10-08
2019-09-05,7.544500000000001,%,Simplize,D,2026-10-08
2019-09-06,7.544500000000001,%,Simplize,D,2026-10-08
2019-09-07,7.544500000000001,%,Simplize,D,2026-10-08
2019-09-08,7.544500000000001,%,Simplize,D,2026-10-08
2019-09-09,7.544500000000001,%,Simplize,D,2026-10-08
2019-09-10,7.544500000000001,%,Simplize,D,2026-10-08
2019-09-11,7.544500000000001,%,Simplize,D,2026-10-08
2019-09-12,7.544500000000001,%,Simplize,D,2026-10-08
2019-09-13,7.544500000000001,%,Simplize,D,2026-10-08
2019-09-14,7.544500000000001,%,Simplize,D,2026-10-08
2019-09-15,7.544500000000001,%,Simplize,D,2026-10-08
2019-09-16,7.544500000000001,%,Simplize,D,2026-10-08
2019-09-17,7.544500000000001,%,Simplize,D,2026-10-08
2019-09-18,7.544500000000001,%,Simplize,D,2026-10-08
2019-09-19,7.544500000000001,%,Simplize,D,2026-10-08
2019-09-20,7.544500000000001,%,Simplize,D,2026-10-08
2019-09-21,7.544500000000001,%,Simplize,D,2026-10-08
2019-09-22,7.544500000000001,%,Simplize,D,2026-10-08
2019-09-23,7.544500000000001,%,Simplize,D,2026-10-08
2019-09-24,7.544500000000001,%,Simplize,D,2026-10-08
2019-09-25,7.544500000000001,%,Simplize,D,2026-10-08
2019-09-26,7.544500000000001,%,Simplize,D,2026-10-08
2019-09-27,7.544500000000001,%,Simplize,D,2026-10-08
2019-09-28,7.544500000000001,%,Simplize,D,2026-10-08
2019-09-29,7.544500000000001,%,Simplize,D,2026-10-08
2019-09-30,7.544500000000001,%,Simplize,D,2026-10-08
2019-10-01,7.544500000000001,%,Simplize,D,2026-10-08
2019-10-02,7.544500000000001,%,Simplize,D,2026-10-08
2019-10-03,7.544500000000001,%,Simplize,D,2026-10-08
2019-10-04,7.544500000000001,%,Simplize,D,2026-10-08
2019-10-05,7.544500000000001,%,Simplize,D,2026-10-08
2019-10-06,7.497,%,Simplize,D,2026-10-08
2019-10-07,7.497,%,Simplize,D,2026-10-08
2019-10-08,7.497,%,Simplize,D,2026-10-08
2019-10-09,7.497,%,Simplize,D,2026-10-08
2019-10-10,7.497,%,Simplize,D,2026-10-08
2019-10-11,7.497,%,Simplize,D,2026-10-08
2019-10-12,7.497,%,Simplize,D,2026-10-08
2019-10-13,7.497,%,Simplize,D,2026-10-08
2019-10-14,7.497,%,Simplize,D,2026-10-08
2019-10-15,7.497,%,Simplize,D,2026-10-08
2019-10-16,7.497,%,Simplize,D,2026-10-08
2019-10-17,7.497,%,Simplize,D,2026-10-08
2019-10-18,7.497,%,Simplize,D,2026-10-08
2019-10-19,7.497,%,Simplize,D,2026-10-08
2019-10-20,7.497,%,Simplize,D,2026-10-08
2019-10-21,7.497,%,Simplize,D,2026-10-08
2019-10-22,7.497,%,Simplize,D,2026-10-08
2019-10-23,7.497,%,Simplize,D,2026-10-08
2019-10-24,7.497,%,Simplize,D,2026-10-08
2019-10-25,7.497,%,Simplize,D,2026-10-08
2019-10-26,7.497,%,Simplize,D,2026-10-08
2019-10-27,7.497,%,Simplize,D,2026-10-08
2019-10-28,7.497,%,Simplize,D,2026-10-08
2019-10-29,7.497,%,Simplize,D,2026-10-08
2019-10-30,7.497,%,Simplize,D,2026-10-08
2019-10-31,7.497,%,Simplize,D,2026-10-08
2019-11-01,7.497,%,Simplize,D,2026-10-08
2019-11-02,7.497,%,Simplize,D,2026-10-08
2019-11-03,7.545,%,Simplize,D,2026-10-08
2019-11-04,7.545,%,Simplize,D,2026-10-08
2019-11-05,7.545,%,Simplize,D,2026-10-08
2019-11-06,7.545,%,Simplize,D,2026-10-08
2019-11-07,7.545,%,Simplize,D,2026-10-08
2019-11-08,7.545,%,Simplize,D,2026-10-08
2019-11-09,7.545,%,Simplize,D,2026-10-08
2019-11-10,7.545,%,Simplize,D,2026-10-08
2019-11-11,7.545,%,Simplize,D,2026-10-08
2019-11-12,7.545,%,Simplize,D,2026-10-08
2019-11-13,7.545,%,Simplize,D,2026-10-08
2019-11-14,7.545,%,Simplize,D,2026-10-08
2019-11-15,7.545,%,Simplize,D,2026-10-08
2019-11-16,7.545,%,Simplize,D,2026-10-08
2019-11-17,7.545,%,Simplize,D,2026-10-08
2019-11-18,7.545,%,Simplize,D,2026-10-08
2019-11-19,7.545,%,Simplize,D,2026-10-08
2019-11-20,7.545,%,Simplize,D,2026-10-08
2019-11-21,7.545,%,Simplize,D,2026-10-08
2019-11-22,7.545,%,Simplize,D,2026-10-08
2019-11-23,7.545,%,Simplize,D,2026-10-08
2019-11-24,7.545,%,Simplize,D,2026-10-08
2019-11-25,7.545,%,Simplize,D,2026-10-08
2019-11-26,7.545,%,Simplize,D,2026-10-08
2019-11-27,7.545,%,Simplize,D,2026-10-08
2019-11-28,7.545,%,Simplize,D,2026-10-08
2019-11-29,7.545,%,Simplize,D,2026-10-08
2019-11-30,7.545,%,Simplize,D,2026-10-08
2019-12-01,7.374500000000002,%,Simplize,D,2026-10-08
2019-12-02,7.374500000000002,%,Simplize,D,2026-10-08
2019-12-03,7.374500000000002,%,Simplize,D,2026-10-08
2019-12-04,7.374500000000002,%,Simplize,D,2026-10-08
2019-12-05,7.374500000000002,%,Simplize,D,2026-10-08
2019-12-06,7.374500000000002,%,Simplize,D,2026-10-08
2019-12-07,7.374500000000002,%,Simplize,D,2026-10-08
2019-12-08,7.374500000000002,%,Simplize,D,2026-10-08
2019-12-09,7.374500000000002,%,Simplize,D,2026-10-08
2019-12-10,7.374500000000002,%,Simplize,D,2026-10-08
2019-12-11,7.374500000000002,%,Simplize,D,2026-10-08
2019-12-12,7.374500000000002,%,Simplize,D,2026-10-08
2019-12-13,7.374500000000002,%,Simplize,D,2026-10-08
2019-12-14,7.374500000000002,%,Simplize,D,2026-10-08
2019-12-15,7.374500000000002,%,Simplize,D,2026-10-08
2019-12-16,7.374500000000002,%,Simplize,D,2026-10-08
2019-12-17,7.374500000000002,%,Simplize,D,2026-10-08
2019-12-18,7.374500000000002,%,Simplize,D,2026-10-08
2019-12-19,7.374500000000002,%,Simplize,D,2026-10-08
2019-12-20,7.374500000000002,%,Simplize,D,2026-10-08
2019-12-21,7.374500000000002,%,Simplize,D,2026-10-08
2019-12-22,7.374500000000002,%,Simplize,D,2026-10-08
2019-12-23,7.374500000000002,%,Simplize,D,2026-10-08
2019-12-24,7.374500000000002,%,Simplize,D,2026-10-08
2019-12-25,7.374500000000002,%,Simplize,D,2026-10-08
2019-12-26,7.374500000000002,%,Simplize,D,2026-10-08
2019-12-27,7.374500000000002,%,Simplize,D,2026-10-08
2019-12-28,7.374500000000002,%,Simplize,D,2026-10-08
2019-12-29,7.374500000000002,%,Simplize,D,2026-10-08
2019-12-30,7.374500000000002,%,Simplize,D,2026-10-08
2019-12-31,7.374500000000002,%,Simplize,D,2026-10-08
2020-01-01,7.374500000000002,%,Simplize,D,2026-10-08
2020-01-02,7.374500000000002,%,Simplize,D,2026-10-08
2020-01-03,7.374500000000002,%,Simplize,D,2026-10-08
2020-01-04,7.374500000000002,%,Simplize,D,2026-10-08
2020-01-05,7.339499999999999,%,Simplize,D,2026-10-08
2020-01-06,7.339499999999999,%,Simplize,D,2026-10-08
2020-01-07,7.339499999999999,%,Simplize,D,2026-10-08
2020-01-08,7.339499999999999,%,Simplize,D,2026-10-08
2020-01-09,7.339499999999999,%,Simplize,D,2026-10-08
2020-01-10,7.339499999999999,%,Simplize,D,2026-10-08
2020-01-11,7.339499999999999,%,Simplize,D,2026-10-08
2020-01-12,7.339499999999999,%,Simplize,D,2026-10-08
2020-01-13,7.339499999999999,%,Simplize,D,2026-10-08
2020-01-14,7.339499999999999,%,Simplize,D,2026-10-08
2020-01-15,7.339499999999999,%,Simplize,D,2026-10-08
2020-01-16,7.339499999999999,%,Simplize,D,2026-10-08
2020-01-17,7.339499999999999,%,Simplize,D,2026-10-08
2020-01-18,7.339499999999999,%,Simplize,D,2026-10-08
2020-01-19,7.339499999999999,%,Simplize,D,2026-10-08
2020-01-20,7.339499999999999,%,Simplize,D,2026-10-08
2020-01-21,7.339499999999999,%,Simplize,D,2026-10-08
2020-01-22,7.339499999999999,%,Simplize,D,2026-10-08
2020-01-23,7.339499999999999,%,Simplize,D,2026-10-08
2020-01-24,7.339499999999999,%,Simplize,D,2026-10-08
2020-01-25,7.339499999999999,%,Simplize,D,2026-10-08
2020-01-26,7.339499999999999,%,Simplize,D,2026-10-08
2020-01-27,7.339499999999999,%,Simplize,D,2026-10-08
2020-01-28,7.339499999999999,%,Simplize,D,2026-10-08
2020-01-29,7.339499999999999,%,Simplize,D,2026-10-08
2020-01-30,7.339499999999999,%,Simplize,D,2026-10-08
2020-01-31,7.339499999999999,%,Simplize,D,2026-10-08
2020-02-01,7.339499999999999,%,Simplize,D,2026-10-08
2020-02-02,7.364500000000001,%,Simplize,D,2026-10-08
2020-02-03,7.364500000000001,%,Simplize,D,2026-10-08
2020-02-04,7.364500000000001,%,Simplize,D,2026-10-08
2020-02-05,7.364500000000001,%,Simplize,D,2026-10-08
2020-02-06,7.364500000000001,%,Simplize,D,2026-10-08
2020-02-07,7.364500000000001,%,Simplize,D,2026-10-08
2020-02-08,7.364500000000001,%,Simplize,D,2026-10-08
2020-02-09,7.364500000000001,%,Simplize,D,2026-10-08
2020-02-10,7.364500000000001,%,Simplize,D,2026-10-08
2020-02-11,7.364500000000001,%,Simplize,D,2026-10-08
2020-02-12,7.364500000000001,%,Simplize,D,2026-10-08
2020-02-13,7.364500000000001,%,Simplize,D,2026-10-08
2020-02-14,7.364500000000001,%,Simplize,D,2026-10-08
2020-02-15,7.364500000000001,%,Simplize,D,2026-10-08
2020-02-16,7.364500000000001,%,Simplize,D,2026-10-08
2020-02-17,7.364500000000001,%,Simplize,D,2026-10-08
2020-02-18,7.364500000000001,%,Simplize,D,2026-10-08
2020-02-19,7.364500000000001,%,Simplize,D,2026-10-08
2020-02-20,7.364500000000001,%,Simplize,D,2026-10-08
2020-02-21,7.364500000000001,%,Simplize,D,2026-10-08
2020-02-22,7.364500000000001,%,Simplize,D,2026-10-08
2020-02-23,7.364500000000001,%,Simplize,D,2026-10-08
2020-02-24,7.364500000000001,%,Simplize,D,2026-10-08
2020-02-25,7.364500000000001,%,Simplize,D,2026-10-08
2020-02-26,7.364500000000001,%,Simplize,D,2026-10-08
2020-02-27,7.364500000000001,%,Simplize,D,2026-10-08
2020-02-28,7.364500000000001,%,Simplize,D,2026-10-08
2020-02-29,7.364500000000001,%,Simplize,D,2026-10-08
2020-03-01,7.349500000000002,%,Simplize,D,2026-10-08
2020-03-02,7.349500000000002,%,Simplize,D,2026-10-08
2020-03-03,7.349500000000002,%,Simplize,D,2026-10-08
2020-03-04,7.349500000000002,%,Simplize,D,2026-10-08
2020-03-05,7.349500000000002,%,Simplize,D,2026-10-08
2020-03-06,7.349500000000002,%,Simplize,D,2026-10-08
2020-03-07,7.349500000000002,%,Simplize,D,2026-10-08
2020-03-08,7.349500000000002,%,Simplize,D,2026-10-08
2020-03-09,7.349500000000002,%,Simplize,D,2026-10-08
2020-03-10,7.349500000000002,%,Simplize,D,2026-10-08
2020-03-11,7.349500000000002,%,Simplize,D,2026-10-08
2020-03-12,7.349500000000002,%,Simplize,D,2026-10-08
2020-03-13,7.349500000000002,%,Simplize,D,2026-10-08
2020-03-14,7.349500000000002,%,Simplize,D,2026-10-08
2020-03-15,7.349500000000002,%,Simplize,D,2026-10-08
2020-03-16,7.349500000000002,%,Simplize,D,2026-10-08
2020-03-17,7.349500000000002,%,Simplize,D,2026-10-08
2020-03-18,7.349500000000002,%,Simplize,D,2026-10-08
2020-03-19,7.349500000000002,%,Simplize,D,2026-10-08
2020-03-20,7.349500000000002,%,Simplize,D,2026-10-08
2020-03-21,7.349500000000002,%,Simplize,D,2026-10-08
2020-03-22,7.349500000000002,%,Simplize,D,2026-10-08
2020-03-23,7.349500000000002,%,Simplize,D,2026-10-08
2020-03-24,7.349500000000002,%,Simplize,D,2026-10-08
2020-03-25,7.349500000000002,%,Simplize,D,2026-10-08
2020-03-26,7.349500000000002,%,Simplize,D,2026-10-08
2020-03-27,7.349500000000002,%,Simplize,D,2026-10-08
2020-03-28,7.349500000000002,%,Simplize,D,2026-10-08
2020-03-29,7.349500000000002,%,Simplize,D,2026-10-08
2020-03-30,7.349500000000002,%,Simplize,D,2026-10-08
2020-03-31,7.349500000000002,%,Simplize,D,2026-10-08
2020-04-01,7.349500000000002,%,Simplize,D,2026-10-08
2020-04-02,7.349500000000002,%,Simplize,D,2026-10-08
2020-04-03,7.349500000000002,%,Simplize,D,2026-10-08
2020-04-04,7.349500000000002,%,Simplize,D,2026-10-08
2020-04-05,7.229000000000001,%,Simplize,D,2026-10-08
2020-04-06,7.229000000000001,%,Simplize,D,2026-10-08
2020-04-07,7.229000000000001,%,Simplize,D,2026-10-08
2020-04-08,7.229000000000001,%,Simplize,D,2026-10-08
2020-04-09,7.229000000000001,%,Simplize,D,2026-10-08
2020-04-10,7.229000000000001,%,Simplize,D,2026-10-08
2020-04-11,7.229000000000001,%,Simplize,D,2026-10-08
2020-04-12,7.229000000000001,%,Simplize,D,2026-10-08
2020-04-13,7.229000000000001,%,Simplize,D,2026-10-08
2020-04-14,7.229000000000001,%,Simplize,D,2026-10-08
2020-04-15,7.229000000000001,%,Simplize,D,2026-10-08
2020-04-16,7.229000000000001,%,Simplize,D,2026-10-08
2020-04-17,7.229000000000001,%,Simplize,D,2026-10-08
2020-04-18,7.229000000000001,%,Simplize,D,2026-10-08
2020-04-19,7.229000000000001,%,Simplize,D,2026-10-08
2020-04-20,7.229000000000001,%,Simplize,D,2026-10-08
2020-04-21,7.229000000000001,%,Simplize,D,2026-10-08
2020-04-22,7.229000000000001,%,Simplize,D,2026-10-08
2020-04-23,7.229000000000001,%,Simplize,D,2026-10-08
2020-04-24,7.229000000000001,%,Simplize,D,2026-10-08
2020-04-25,7.229000000000001,%,Simplize,D,2026-10-08
2020-04-26,7.229000000000001,%,Simplize,D,2026-10-08
2020-04-27,7.229000000000001,%,Simplize,D,2026-10-08
2020-04-28,7.229000000000001,%,Simplize,D,2026-10-08
2020-04-29,7.229000000000001,%,Simplize,D,2026-10-08
2020-04-30,7.229000000000001,%,Simplize,D,2026-10-08
2020-05-01,7.229000000000001,%,Simplize,D,2026-10-08
2020-05-02,7.229000000000001,%,Simplize,D,2026-10-08
2020-05-03,7.162000000000002,%,Simplize,D,2026-10-08
2020-05-04,7.162000000000002,%,Simplize,D,2026-10-08
2020-05-05,7.162000000000002,%,Simplize,D,2026-10-08
2020-05-06,7.162000000000002,%,Simplize,D,2026-10-08
2020-05-07,7.162000000000002,%,Simplize,D,2026-10-08
2020-05-08,7.162000000000002,%,Simplize,D,2026-10-08
2020-05-09,7.162000000000002,%,Simplize,D,2026-10-08
2020-05-10,7.162000000000002,%,Simplize,D,2026-10-08
2020-05-11,7.162000000000002,%,Simplize,D,2026-10-08
2020-05-12,7.162000000000002,%,Simplize,D,2026-10-08
2020-05-13,7.162000000000002,%,Simplize,D,2026-10-08
2020-05-14,7.162000000000002,%,Simplize,D,2026-10-08
2020-05-15,7.162000000000002,%,Simplize,D,2026-10-08
2020-05-16,7.162000000000002,%,Simplize,D,2026-10-08
2020-05-17,7.162000000000002,%,Simplize,D,2026-10-08
2020-05-18,7.162000000000002,%,Simplize,D,2026-10-08
2020-05-19,7.162000000000002,%,Simplize,D,2026-10-08
2020-05-20,7.162000000000002,%,Simplize,D,2026-10-08
2020-05-21,7.162000000000002,%,Simplize,D,2026-10-08
2020-05-22,7.162000000000002,%,Simplize,D,2026-10-08
2020-05-23,7.162000000000002,%,Simplize,D,2026-10-08
2020-05-24,7.159999999999999,%,Simplize,D,2026-10-08
2020-05-25,7.159999999999999,%,Simplize,D,2026-10-08
2020-05-26,7.159999999999999,%,Simplize,D,2026-10-08
2020-05-27,7.159999999999999,%,Simplize,D,2026-10-08
2020-05-28,7.159999999999999,%,Simplize,D,2026-10-08
2020-05-29,7.159999999999999,%,Simplize,D,2026-10-08
2020-05-30,7.159999999999999,%,Simplize,D,2026-10-08
2020-05-31,7.097368421052631,%,Simplize,D,2026-10-08
2020-06-01,7.097368421052631,%,Simplize,D,2026-10-08
2020-06-02,7.097368421052631,%,Simplize,D,2026-10-08
2020-06-03,7.097368421052631,%,Simplize,D,2026-10-08
2020-06-04,7.097368421052631,%,Simplize,D,2026-10-08
2020-06-05,7.097368421052631,%,Simplize,D,2026-10-08
2020-06-06,7.097368421052631,%,Simplize,D,2026-10-08
2020-06-07,7.097368421052631,%,Simplize,D,2026-10-08
2020-06-08,7.097368421052631,%,Simplize,D,2026-10-08
2020-06-09,7.097368421052631,%,Simplize,D,2026-10-08
2020-06-10,7.097368421052631,%,Simplize,D,2026-10-08
2020-06-11,7.097368421052631,%,Simplize,D,2026-10-08
2020-06-12,7.097368421052631,%,Simplize,D,2026-10-08
2020-06-13,7.097368421052631,%,Simplize,D,2026-10-08
2020-06-14,7.097368421052631,%,Simplize,D,2026-10-08
2020-06-15,7.097368421052631,%,Simplize,D,2026-10-08
2020-06-16,7.097368421052631,%,Simplize,D,2026-10-08
2020-06-17,7.097368421052631,%,Simplize,D,2026-10-08
2020-06-18,7.097368421052631,%,Simplize,D,2026-10-08
2020-06-19,7.097368421052631,%,Simplize,D,2026-10-08
2020-06-20,7.097368421052631,%,Simplize,D,2026-10-08
2020-06-21,7.097368421052631,%,Simplize,D,2026-10-08
2020-06-22,7.097368421052631,%,Simplize,D,2026-10-08
2020-06-23,7.097368421052631,%,Simplize,D,2026-10-08
2020-06-24,7.097368421052631,%,Simplize,D,2026-10-08
2020-06-25,7.097368421052631,%,Simplize,D,2026-10-08
2020-06-26,7.097368421052631,%,Simplize,D,2026-10-08
2020-06-27,7.097368421052631,%,Simplize,D,2026-10-08
2020-06-28,7.097368421052631,%,Simplize,D,2026-10-08
2020-06-29,7.097368421052631,%,Simplize,D,2026-10-08
2020-06-30,7.097368421052631,%,Simplize,D,2026-10-08
2020-07-01,7.097368421052631,%,Simplize,D,2026-10-08
2020-07-02,7.097368421052631,%,Simplize,D,2026-10-08
2020-07-03,7.097368421052631,%,Simplize,D,2026-10-08
2020-07-04,7.097368421052631,%,Simplize,D,2026-10-08
2020-07-05,6.81842105263158,%,Simplize,D,2026-10-08
2020-07-06,6.81842105263158,%,Simplize,D,2026-10-08
2020-07-07,6.81842105263158,%,Simplize,D,2026-10-08
2020-07-08,6.81842105263158,%,Simplize,D,2026-10-08
2020-07-09,6.81842105263158,%,Simplize,D,2026-10-08
2020-07-10,6.81842105263158,%,Simplize,D,2026-10-08
2020-07-11,6.81842105263158,%,Simplize,D,2026-10-08
2020-07-12,6.81842105263158,%,Simplize,D,2026-10-08
2020-07-13,6.81842105263158,%,Simplize,D,2026-10-08
2020-07-14,6.81842105263158,%,Simplize,D,2026-10-08
2020-07-15,6.81842105263158,%,Simplize,D,2026-10-08
2020-07-16,6.81842105263158,%,Simplize,D,2026-10-08
2020-07-17,6.81842105263158,%,Simplize,D,2026-10-08
2020-07-18,6.81842105263158,%,Simplize,D,2026-10-08
2020-07-19,6.81842105263158,%,Simplize,D,2026-10-08
2020-07-20,6.81842105263158,%,Simplize,D,2026-10-08
2020-07-21,6.81842105263158,%,Simplize,D,2026-10-08
2020-07-22,6.81842105263158,%,Simplize,D,2026-10-08
2020-07-23,6.81842105263158,%,Simplize,D,2026-10-08
2020-07-24,6.81842105263158,%,Simplize,D,2026-10-08
2020-07-25,6.81842105263158,%,Simplize,D,2026-10-08
2020-07-26,6.81842105263158,%,Simplize,D,2026-10-08
2020-07-27,6.81842105263158,%,Simplize,D,2026-10-08
2020-07-28,6.81842105263158,%,Simplize,D,2026-10-08
2020-07-29,6.81842105263158,%,Simplize,D,2026-10-08
2020-07-30,6.81842105263158,%,Simplize,D,2026-10-08
2020-07-31,6.81842105263158,%,Simplize,D,2026-10-08
2020-08-01,6.81842105263158,%,Simplize,D,2026-10-08
2020-08-02,6.726315789473684,%,Simplize,D,2026-10-08
2020-08-03,6.726315789473684,%,Simplize,D,2026-10-08
2020-08-04,6.726315789473684,%,Simplize,D,2026-10-08
2020-08-05,6.726315789473684,%,Simplize,D,2026-10-08
2020-08-06,6.726315789473684,%,Simplize,D,2026-10-08
2020-08-07,6.726315789473684,%,Simplize,D,2026-10-08
2020-08-08,6.726315789473684,%,Simplize,D,2026-10-08
2020-08-09,6.726315789473684,%,Simplize,D,2026-10-08
2020-08-10,6.726315789473684,%,Simplize,D,2026-10-08
2020-08-11,6.726315789473684,%,Simplize,D,2026-10-08
2020-08-12,6.726315789473684,%,Simplize,D,2026-10-08
2020-08-13,6.726315789473684,%,Simplize,D,2026-10-08
2020-08-14,6.726315789473684,%,Simplize,D,2026-10-08
2020-08-15,6.726315789473684,%,Simplize,D,2026-10-08
2020-08-16,6.726315789473684,%,Simplize,D,2026-10-08
2020-08-17,6.726315789473684,%,Simplize,D,2026-10-08
2020-08-18,6.726315789473684,%,Simplize,D,2026-10-08
2020-08-19,6.726315789473684,%,Simplize,D,2026-10-08
2020-08-20,6.726315789473684,%,Simplize,D,2026-10-08
2020-08-21,6.726315789473684,%,Simplize,D,2026-10-08
2020-08-22,6.726315789473684,%,Simplize,D,2026-10-08
2020-08-23,6.726315789473684,%,Simplize,D,2026-10-08
2020-08-24,6.726315789473684,%,Simplize,D,2026-10-08
2020-08-25,6.726315789473684,%,Simplize,D,2026-10-08
2020-08-26,6.726315789473684,%,Simplize,D,2026-10-08
2020-08-27,6.726315789473684,%,Simplize,D,2026-10-08
2020-08-28,6.726315789473684,%,Simplize,D,2026-10-08
2020-08-29,6.726315789473684,%,Simplize,D,2026-10-08
2020-08-30,6.726315789473684,%,Simplize,D,2026-10-08
2020-08-31,6.726315789473684,%,Simplize,D,2026-10-08
2020-09-01,6.726315789473684,%,Simplize,D,2026-10-08
2020-09-02,6.726315789473684,%,Simplize,D,2026-10-08
2020-09-03,6.726315789473684,%,Simplize,D,2026-10-08
2020-09-04,6.726315789473684,%,Simplize,D,2026-10-08
2020-09-05,6.726315789473684,%,Simplize,D,2026-10-08
2020-09-06,6.689473684210526,%,Simplize,D,2026-10-08
2020-09-07,6.689473684210526,%,Simplize,D,2026-10-08
2020-09-08,6.689473684210526,%,Simplize,D,2026-10-08
2020-09-09,6.689473684210526,%,Simplize,D,2026-10-08
2020-09-10,6.689473684210526,%,Simplize,D,2026-10-08
2020-09-11,6.689473684210526,%,Simplize,D,2026-10-08
2020-09-12,6.689473684210526,%,Simplize,D,2026-10-08
2020-09-13,6.689473684210526,%,Simplize,D,2026-10-08
2020-09-14,6.689473684210526,%,Simplize,D,2026-10-08
2020-09-15,6.689473684210526,%,Simplize,D,2026-10-08
2020-09-16,6.689473684210526,%,Simplize,D,2026-10-08
2020-09-17,6.689473684210526,%,Simplize,D,2026-10-08
2020-09-18,6.689473684210526,%,Simplize,D,2026-10-08
2020-09-19,6.689473684210526,%,Simplize,D,2026-10-08
2020-09-20,6.689473684210526,%,Simplize,D,2026-10-08
2020-09-21,6.689473684210526,%,Simplize,D,2026-10-08
2020-09-22,6.689473684210526,%,Simplize,D,2026-10-08
2020-09-23,6.689473684210526,%,Simplize,D,2026-10-08
2020-09-24,6.689473684210526,%,Simplize,D,2026-10-08
2020-09-25,6.689473684210526,%,Simplize,D,2026-10-08
2020-09-26,6.689473684210526,%,Simplize,D,2026-10-08
2020-09-27,6.689473684210526,%,Simplize,D,2026-10-08
2020-09-28,6.689473684210526,%,Simplize,D,2026-10-08
2020-09-29,6.689473684210526,%,Simplize,D,2026-10-08
2020-09-30,6.689473684210526,%,Simplize,D,2026-10-08
2020-10-01,6.689473684210526,%,Simplize,D,2026-10-08
2020-10-02,6.689473684210526,%,Simplize,D,2026-10-08
2020-10-03,6.689473684210526,%,Simplize,D,2026-10-08
2020-10-04,6.523684210526316,%,Simplize,D,2026-10-08
2020-10-05,6.523684210526316,%,Simplize,D,2026-10-08
2020-10-06,6.523684210526316,%,Simplize,D,2026-10-08
2020-10-07,6.523684210526316,%,Simplize,D,2026-10-08
2020-10-08,6.523684210526316,%,Simplize,D,2026-10-08
2020-10-09,6.523684210526316,%,Simplize,D,2026-10-08
2020-10-10,6.523684210526316,%,Simplize,D,2026-10-08
2020-10-11,6.523684210526316,%,Simplize,D,2026-10-08
2020-10-12,6.523684210526316,%,Simplize,D,2026-10-08
2020-10-13,6.523684210526316,%,Simplize,D,2026-10-08
2020-10-14,6.523684210526316,%,Simplize,D,2026-10-08
2020-10-15,6.523684210526316,%,Simplize,D,2026-10-08
2020-10-16,6.523684210526316,%,Simplize,D,2026-10-08
2020-10-17,6.523684210526316,%,Simplize,D,2026-10-08
2020-10-18,6.523684210526316,%,Simplize,D,2026-10-08
2020-10-19,6.523684210526316,%,Simplize,D,2026-10-08
2020-10-20,6.523684210526316,%,Simplize,D,2026-10-08
2020-10-21,6.523684210526316,%,Simplize,D,2026-10-08
2020-10-22,6.523684210526316,%,Simplize,D,2026-10-08
2020-10-23,6.523684210526316,%,Simplize,D,2026-10-08
2020-10-24,6.523684210526316,%,Simplize,D,2026-10-08
2020-10-25,6.523684210526316,%,Simplize,D,2026-10-08
2020-10-26,6.523684210526316,%,Simplize,D,2026-10-08
2020-10-27,6.523684210526316,%,Simplize,D,2026-10-08
2020-10-28,6.523684210526316,%,Simplize,D,2026-10-08
2020-10-29,6.523684210526316,%,Simplize,D,2026-10-08
2020-10-30,6.523684210526316,%,Simplize,D,2026-10-08
2020-10-31,6.523684210526316,%,Simplize,D,2026-10-08
2020-11-01,6.296842105263157,%,Simplize,D,2026-10-08
2020-11-02,6.296842105263157,%,Simplize,D,2026-10-08
2020-11-03,6.296842105263157,%,Simplize,D,2026-10-08
2020-11-04,6.296842105263157,%,Simplize,D,2026-10-08
2020-11-05,6.296842105263157,%,Simplize,D,2026-10-08
2020-11-06,6.296842105263157,%,Simplize,D,2026-10-08
2020-11-07,6.296842105263157,%,Simplize,D,2026-10-08
2020-11-08,6.296842105263157,%,Simplize,D,2026-10-08
2020-11-09,6.296842105263157,%,Simplize,D,2026-10-08
2020-11-10,6.296842105263157,%,Simplize,D,2026-10-08
2020-11-11,6.296842105263157,%,Simplize,D,2026-10-08
2020-11-12,6.296842105263157,%,Simplize,D,2026-10-08
2020-11-13,6.296842105263157,%,Simplize,D,2026-10-08
2020-11-14,6.296842105263157,%,Simplize,D,2026-10-08
2020-11-15,6.296842105263157,%,Simplize,D,2026-10-08
2020-11-16,6.296842105263157,%,Simplize,D,2026-10-08
2020-11-17,6.296842105263157,%,Simplize,D,2026-10-08
2020-11-18,6.296842105263157,%,Simplize,D,2026-10-08
2020-11-19,6.296842105263157,%,Simplize,D,2026-10-08
2020-11-20,6.296842105263157,%,Simplize,D,2026-10-08
2020-11-21,6.296842105263157,%,Simplize,D,2026-10-08
2020-11-22,6.296842105263157,%,Simplize,D,2026-10-08
2020-11-23,6.296842105263157,%,Simplize,D,2026-10-08
2020-11-24,6.296842105263157,%,Simplize,D,2026-10-08
2020-11-25,6.296842105263157,%,Simplize,D,2026-10-08
2020-11-26,6.296842105263157,%,Simplize,D,2026-10-08
2020-11-27,6.296842105263157,%,Simplize,D,2026-10-08
2020-11-28,6.296842105263157,%,Simplize,D,2026-10-08
2020-11-29,6.296842105263157,%,Simplize,D,2026-10-08
2020-11-30,6.296842105263157,%,Simplize,D,2026-10-08
2020-12-01,6.296842105263157,%,Simplize,D,2026-10-08
2020-12-02,6.296842105263157,%,Simplize,D,2026-10-08
2020-12-03,6.296842105263157,%,Simplize,D,2026-10-08
2020-12-04,6.296842105263157,%,Simplize,D,2026-10-08
2020-12-05,6.296842105263157,%,Simplize,D,2026-10-08
2020-12-06,6.187368421052631,%,Simplize,D,2026-10-08
2020-12-07,6.187368421052631,%,Simplize,D,2026-10-08
2020-12-08,6.187368421052631,%,Simplize,D,2026-10-08
2020-12-09,6.187368421052631,%,Simplize,D,2026-10-08
2020-12-10,6.187368421052631,%,Simplize,D,2026-10-08
2020-12-11,6.187368421052631,%,Simplize,D,2026-10-08
2020-12-12,6.187368421052631,%,Simplize,D,2026-10-08
2020-12-13,6.187368421052631,%,Simplize,D,2026-10-08
2020-12-14,6.187368421052631,%,Simplize,D,2026-10-08
2020-12-15,6.187368421052631,%,Simplize,D,2026-10-08
2020-12-16,6.187368421052631,%,Simplize,D,2026-10-08
2020-12-17,6.187368421052631,%,Simplize,D,2026-10-08
2020-12-18,6.187368421052631,%,Simplize,D,2026-10-08
2020-12-19,6.187368421052631,%,Simplize,D,2026-10-08
2020-12-20,6.187368421052631,%,Simplize,D,2026-10-08
2020-12-21,6.187368421052631,%,Simplize,D,2026-10-08
2020-12-22,6.187368421052631,%,Simplize,D,2026-10-08
2020-12-23,6.187368421052631,%,Simplize,D,2026-10-08
2020-12-24,6.187368421052631,%,Simplize,D,2026-10-08
2020-12-25,6.187368421052631,%,Simplize,D,2026-10-08
2020-12-26,6.187368421052631,%,Simplize,D,2026-10-08
2020-12-27,6.187368421052631,%,Simplize,D,2026-10-08
2020-12-28,6.187368421052631,%,Simplize,D,2026-10-08
2020-12-29,6.187368421052631,%,Simplize,D,2026-10-08
2020-12-30,6.187368421052631,%,Simplize,D,2026-10-08
2020-12-31,6.187368421052631,%,Simplize,D,2026-10-08
2021-01-01,6.187368421052631,%,Simplize,D,2026-10-08
2021-01-02,6.187368421052631,%,Simplize,D,2026-10-08
2021-01-03,6.0699999999999985,%,Simplize,D,2026-10-08
2021-01-04,6.0699999999999985,%,Simplize,D,2026-10-08
2021-01-05,6.0699999999999985,%,Simplize,D,2026-10-08
2021-01-06,6.0699999999999985,%,Simplize,D,2026-10-08
2021-01-07,6.0699999999999985,%,Simplize,D,2026-10-08
2021-01-08,6.0699999999999985,%,Simplize,D,2026-10-08
2021-01-09,6.0699999999999985,%,Simplize,D,2026-10-08
2021-01-10,6.0699999999999985,%,Simplize,D,2026-10-08
2021-01-11,6.0699999999999985,%,Simplize,D,2026-10-08
2021-01-12,6.0699999999999985,%,Simplize,D,2026-10-08
2021-01-13,6.0699999999999985,%,Simplize,D,2026-10-08
2021-01-14,6.0699999999999985,%,Simplize,D,2026-10-08
2021-01-15,6.0699999999999985,%,Simplize,D,2026-10-08
2021-01-16,6.0699999999999985,%,Simplize,D,2026-10-08
2021-01-17,6.0699999999999985,%,Simplize,D,2026-10-08
2021-01-18,6.0699999999999985,%,Simplize,D,2026-10-08
2021-01-19,6.0699999999999985,%,Simplize,D,2026-10-08
2021-01-20,6.0699999999999985,%,Simplize,D,2026-10-08
2021-01-21,6.0699999999999985,%,Simplize,D,2026-10-08
2021-01-22,6.0699999999999985,%,Simplize,D,2026-10-08
2021-01-23,6.0699999999999985,%,Simplize,D,2026-10-08
2021-01-24,6.0699999999999985,%,Simplize,D,2026-10-08
2021-01-25,6.0699999999999985,%,Simplize,D,2026-10-08
2021-01-26,6.0699999999999985,%,Simplize,D,2026-10-08
2021-01-27,6.0699999999999985,%,Simplize,D,2026-10-08
2021-01-28,6.0699999999999985,%,Simplize,D,2026-10-08
2021-01-29,6.0699999999999985,%,Simplize,D,2026-10-08
2021-01-30,6.0699999999999985,%,Simplize,D,2026-10-08
2021-01-31,5.972499999999999,%,Simplize,D,2026-10-08
2021-02-01,5.972499999999999,%,Simplize,D,2026-10-08
2021-02-02,5.972499999999999,%,Simplize,D,2026-10-08
2021-02-03,5.972499999999999,%,Simplize,D,2026-10-08
2021-02-04,5.972499999999999,%,Simplize,D,2026-10-08
2021-02-05,5.972499999999999,%,Simplize,D,2026-10-08
2021-02-06,5.972499999999999,%,Simplize,D,2026-10-08
2021-02-07,5.972499999999999,%,Simplize,D,2026-10-08
2021-02-08,5.972499999999999,%,Simplize,D,2026-10-08
2021-02-09,5.972499999999999,%,Simplize,D,2026-10-08
2021-02-10,5.972499999999999,%,Simplize,D,2026-10-08
2021-02-11,5.972499999999999,%,Simplize,D,2026-10-08
2021-02-12,5.972499999999999,%,Simplize,D,2026-10-08
2021-02-13,5.972499999999999,%,Simplize,D,2026-10-08
2021-02-14,5.972499999999999,%,Simplize,D,2026-10-08
2021-02-15,5.972499999999999,%,Simplize,D,2026-10-08
2021-02-16,5.972499999999999,%,Simplize,D,2026-10-08
2021-02-17,5.972499999999999,%,Simplize,D,2026-10-08
2021-02-18,5.972499999999999,%,Simplize,D,2026-10-08
2021-02-19,5.972499999999999,%,Simplize,D,2026-10-08
2021-02-20,5.972499999999999,%,Simplize,D,2026-10-08
2021-02-21,5.972499999999999,%,Simplize,D,2026-10-08
2021-02-22,5.972499999999999,%,Simplize,D,2026-10-08
2021-02-23,5.972499999999999,%,Simplize,D,2026-10-08
2021-02-24,5.972499999999999,%,Simplize,D,2026-10-08
2021-02-25,5.972499999999999,%,Simplize,D,2026-10-08
2021-02-26,5.972499999999999,%,Simplize,D,2026-10-08
2021-02-27,5.972499999999999,%,Simplize,D,2026-10-08
2021-02-28,5.877,%,Simplize,D,2026-10-08
2021-03-01,5.877,%,Simplize,D,2026-10-08
2021-03-02,5.877,%,Simplize,D,2026-10-08
2021-03-03,5.877,%,Simplize,D,2026-10-08
2021-03-04,5.877,%,Simplize,D,2026-10-08
2021-03-05,5.877,%,Simplize,D,2026-10-08
2021-03-06,5.877,%,Simplize,D,2026-10-08
2021-03-07,5.877,%,Simplize,D,2026-10-08
2021-03-08,5.877,%,Simplize,D,2026-10-08
2021-03-09,5.877,%,Simplize,D,2026-10-08
2021-03-10,5.877,%,Simplize,D,2026-10-08
2021-03-11,5.877,%,Simplize,D,2026-10-08
2021-03-12,5.877,%,Simplize,D,2026-10-08
2021-03-13,5.877,%,Simplize,D,2026-10-08
2021-03-14,5.877,%,Simplize,D,2026-10-08
2021-03-15,5.877,%,Simplize,D,2026-10-08
2021-03-16,5.877,%,Simplize,D,2026-10-08
2021-03-17,5.877,%,Simplize,D,2026-10-08
2021-03-18,5.877,%,Simplize,D,2026-10-08
2021-03-19,5.877,%,Simplize,D,2026-10-08
2021-03-20,5.877,%,Simplize,D,2026-10-08
2021-03-21,5.877,%,Simplize,D,2026-10-08
2021-03-22,5.877,%,Simplize,D,2026-10-08
2021-03-23,5.877,%,Simplize,D,2026-10-08
2021-03-24,5.877,%,Simplize,D,2026-10-08
2021-03-25,5.877,%,Simplize,D,2026-10-08
2021-03-26,5.877,%,Simplize,D,2026-10-08
2021-03-27,5.877,%,Simplize,D,2026-10-08
2021-03-28,5.877,%,Simplize,D,2026-10-08
2021-03-29,5.877,%,Simplize,D,2026-10-08
2021-03-30,5.877,%,Simplize,D,2026-10-08
2021-03-31,5.877,%,Simplize,D,2026-10-08
2021-04-01,5.877,%,Simplize,D,2026-10-08
2021-04-02,5.877,%,Simplize,D,2026-10-08
2021-04-03,5.877,%,Simplize,D,2026-10-08
2021-04-04,5.891,%,Simplize,D,2026-10-08
2021-04-05,5.891,%,Simplize,D,2026-10-08
2021-04-06,5.891,%,Simplize,D,2026-10-08
2021-04-07,5.891,%,Simplize,D,2026-10-08
2021-04-08,5.891,%,Simplize,D,2026-10-08
2021-04-09,5.891,%,Simplize,D,2026-10-08
2021-04-10,5.891,%,Simplize,D,2026-10-08
2021-04-11,5.891,%,Simplize,D,2026-10-08
2021-04-12,5.891,%,Simplize,D,2026-10-08
2021-04-13,5.891,%,Simplize,D,2026-10-08
2021-04-14,5.891,%,Simplize,D,2026-10-08
2021-04-15,5.891,%,Simplize,D,2026-10-08
2021-04-16,5.891,%,Simplize,D,2026-10-08
2021-04-17,5.891,%,Simplize,D,2026-10-08
2021-04-18,5.891,%,Simplize,D,2026-10-08
2021-04-19,5.891,%,Simplize,D,2026-10-08
2021-04-20,5.891,%,Simplize,D,2026-10-08
2021-04-21,5.891,%,Simplize,D,2026-10-08
2021-04-22,5.891,%,Simplize,D,2026-10-08
2021-04-23,5.891,%,Simplize,D,2026-10-08
2021-04-24,5.891,%,Simplize,D,2026-10-08
2021-04-25,5.891,%,Simplize,D,2026-10-08
2021-04-26,5.891,%,Simplize,D,2026-10-08
2021-04-27,5.891,%,Simplize,D,2026-10-08
2021-04-28,5.891,%,Simplize,D,2026-10-08
2021-04-29,5.891,%,Simplize,D,2026-10-08
2021-04-30,5.891,%,Simplize,D,2026-10-08
2021-05-01,5.891,%,Simplize,D,2026-10-08
2021-05-02,5.864999999999999,%,Simplize,D,2026-10-08
2021-05-03,5.864999999999999,%,Simplize,D,2026-10-08
2021-05-04,5.864999999999999,%,Simplize,D,2026-10-08
2021-05-05,5.864999999999999,%,Simplize,D,2026-10-08
2021-05-06,5.864999999999999,%,Simplize,D,2026-10-08
2021-05-07,5.864999999999999,%,Simplize,D,2026-10-08
2021-05-08,5.864999999999999,%,Simplize,D,2026-10-08
2021-05-09,5.864999999999999,%,Simplize,D,2026-10-08
2021-05-10,5.864999999999999,%,Simplize,D,2026-10-08
2021-05-11,5.864999999999999,%,Simplize,D,2026-10-08
2021-05-12,5.864999999999999,%,Simplize,D,2026-10-08
2021-05-13,5.864999999999999,%,Simplize,D,2026-10-08
2021-05-14,5.864999999999999,%,Simplize,D,2026-10-08
2021-05-15,5.864999999999999,%,Simplize,D,2026-10-08
2021-05-16,5.864999999999999,%,Simplize,D,2026-10-08
2021-05-17,5.864999999999999,%,Simplize,D,2026-10-08
2021-05-18,5.864999999999999,%,Simplize,D,2026-10-08
2021-05-19,5.864999999999999,%,Simplize,D,2026-10-08
2021-05-20,5.864999999999999,%,Simplize,D,2026-10-08
2021-05-21,5.864999999999999,%,Simplize,D,2026-10-08
2021-05-22,5.864999999999999,%,Simplize,D,2026-10-08
2021-05-23,5.864999999999999,%,Simplize,D,2026-10-08
2021-05-24,5.864999999999999,%,Simplize,D,2026-10-08
2021-05-25,5.864999999999999,%,Simplize,D,2026-10-08
2021-05-26,5.864999999999999,%,Simplize,D,2026-10-08
2021-05-27,5.864999999999999,%,Simplize,D,2026-10-08
2021-05-28,5.864999999999999,%,Simplize,D,2026-10-08
2021-05-29,5.864999999999999,%,Simplize,D,2026-10-08
2021-05-30,5.864999999999999,%,Simplize,D,2026-10-08
2021-05-31,5.864999999999999,%,Simplize,D,2026-10-08
2021-06-01,5.864999999999999,%,Simplize,D,2026-10-08
2021-06-02,5.864999999999999,%,Simplize,D,2026-10-08
2021-06-03,5.864999999999999,%,Simplize,D,2026-10-08
2021-06-04,5.864999999999999,%,Simplize,D,2026-10-08
2021-06-05,5.864999999999999,%,Simplize,D,2026-10-08
2021-06-06,6.0055,%,Simplize,D,2026-10-08
2021-06-07,6.0055,%,Simplize,D,2026-10-08
2021-06-08,6.0055,%,Simplize,D,2026-10-08
2021-06-09,6.0055,%,Simplize,D,2026-10-08
2021-06-10,6.0055,%,Simplize,D,2026-10-08
2021-06-11,6.0055,%,Simplize,D,2026-10-08
2021-06-12,6.0055,%,Simplize,D,2026-10-08
2021-06-13,6.0055,%,Simplize,D,2026-10-08
2021-06-14,6.0055,%,Simplize,D,2026-10-08
2021-06-15,6.0055,%,Simplize,D,2026-10-08
2021-06-16,6.0055,%,Simplize,D,2026-10-08
2021-06-17,6.0055,%,Simplize,D,2026-10-08
2021-06-18,6.0055,%,Simplize,D,2026-10-08
2021-06-19,6.0055,%,Simplize,D,2026-10-08
2021-06-20,6.0055,%,Simplize,D,2026-10-08
2021-06-21,6.0055,%,Simplize,D,2026-10-08
2021-06-22,6.0055,%,Simplize,D,2026-10-08
2021-06-23,6.0055,%,Simplize,D,2026-10-08
2021-06-24,6.0055,%,Simplize,D,2026-10-08
2021-06-25,6.0055,%,Simplize,D,2026-10-08
2021-06-26,6.0055,%,Simplize,D,2026-10-08
2021-06-27,6.0055,%,Simplize,D,2026-10-08
2021-06-28,6.0055,%,Simplize,D,2026-10-08
2021-06-29,6.0055,%,Simplize,D,2026-10-08
2021-06-30,6.0055,%,Simplize,D,2026-10-08
2021-07-01,6.0055,%,Simplize,D,2026-10-08
2021-07-02,6.0055,%,Simplize,D,2026-10-08
2021-07-03,6.0055,%,Simplize,D,2026-10-08
2021-07-04,5.8919999999999995,%,Simplize,D,2026-10-08
2021-07-05,5.8919999999999995,%,Simplize,D,2026-10-08
2021-07-06,5.8919999999999995,%,Simplize,D,2026-10-08
2021-07-07,5.8919999999999995,%,Simplize,D,2026-10-08
2021-07-08,5.8919999999999995,%,Simplize,D,2026-10-08
2021-07-09,5.8919999999999995,%,Simplize,D,2026-10-08
2021-07-10,5.8919999999999995,%,Simplize,D,2026-10-08
2021-07-11,5.8919999999999995,%,Simplize,D,2026-10-08
2021-07-12,5.8919999999999995,%,Simplize,D,2026-10-08
2021-07-13,5.8919999999999995,%,Simplize,D,2026-10-08
2021-07-14,5.8919999999999995,%,Simplize,D,2026-10-08
2021-07-15,5.8919999999999995,%,Simplize,D,2026-10-08
2021-07-16,5.8919999999999995,%,Simplize,D,2026-10-08
2021-07-17,5.8919999999999995,%,Simplize,D,2026-10-08
2021-07-18,5.8919999999999995,%,Simplize,D,2026-10-08
2021-07-19,5.8919999999999995,%,Simplize,D,2026-10-08
2021-07-20,5.8919999999999995,%,Simplize,D,2026-10-08
2021-07-21,5.8919999999999995,%,Simplize,D,2026-10-08
2021-07-22,5.8919999999999995,%,Simplize,D,2026-10-08
2021-07-23,5.8919999999999995,%,Simplize,D,2026-10-08
2021-07-24,5.8919999999999995,%,Simplize,D,2026-10-08
2021-07-25,5.8919999999999995,%,Simplize,D,2026-10-08
2021-07-26,5.8919999999999995,%,Simplize,D,2026-10-08
2021-07-27,5.8919999999999995,%,Simplize,D,2026-10-08
2021-07-28,5.8919999999999995,%,Simplize,D,2026-10-08
2021-07-29,5.8919999999999995,%,Simplize,D,2026-10-08
2021-07-30,5.8919999999999995,%,Simplize,D,2026-10-08
2021-07-31,5.8919999999999995,%,Simplize,D,2026-10-08
2021-08-01,5.8945,%,Simplize,D,2026-10-08
2021-08-02,5.8945,%,Simplize,D,2026-10-08
2021-08-03,5.8945,%,Simplize,D,2026-10-08
2021-08-04,5.8945,%,Simplize,D,2026-10-08
2021-08-05,5.8945,%,Simplize,D,2026-10-08
2021-08-06,5.8945,%,Simplize,D,2026-10-08
2021-08-07,5.8945,%,Simplize,D,2026-10-08
2021-08-08,5.8945,%,Simplize,D,2026-10-08
2021-08-09,5.8945,%,Simplize,D,2026-10-08
2021-08-10,5.8945,%,Simplize,D,2026-10-08
2021-08-11,5.8945,%,Simplize,D,2026-10-08
2021-08-12,5.8945,%,Simplize,D,2026-10-08
2021-08-13,5.8945,%,Simplize,D,2026-10-08
2021-08-14,5.8945,%,Simplize,D,2026-10-08
2021-08-15,5.8945,%,Simplize,D,2026-10-08
2021-08-16,5.8945,%,Simplize,D,2026-10-08
2021-08-17,5.8945,%,Simplize,D,2026-10-08
2021-08-18,5.8945,%,Simplize,D,2026-10-08
2021-08-19,5.8945,%,Simplize,D,2026-10-08
2021-08-20,5.8945,%,Simplize,D,2026-10-08
2021-08-21,5.8945,%,Simplize,D,2026-10-08
2021-08-22,5.8945,%,Simplize,D,2026-10-08
2021-08-23,5.8945,%,Simplize,D,2026-10-08
2021-08-24,5.8945,%,Simplize,D,2026-10-08
2021-08-25,5.8945,%,Simplize,D,2026-10-08
2021-08-26,5.8945,%,Simplize,D,2026-10-08
2021-08-27,5.8945,%,Simplize,D,2026-10-08
2021-08-28,5.8945,%,Simplize,D,2026-10-08
2021-08-29,5.8945,%,Simplize,D,2026-10-08
2021-08-30,5.8945,%,Simplize,D,2026-10-08
2021-08-31,5.8945,%,Simplize,D,2026-10-08
2021-09-01,5.8945,%,Simplize,D,2026-10-08
2021-09-02,5.8945,%,Simplize,D,2026-10-08
2021-09-03,5.8945,%,Simplize,D,2026-10-08
2021-09-04,5.8945,%,Simplize,D,2026-10-08
2021-09-05,5.8665,%,Simplize,D,2026-10-08
2021-09-06,5.8665,%,Simplize,D,2026-10-08
2021-09-07,5.8665,%,Simplize,D,2026-10-08
2021-09-08,5.8665,%,Simplize,D,2026-10-08
2021-09-09,5.8665,%,Simplize,D,2026-10-08
2021-09-10,5.8665,%,Simplize,D,2026-10-08
2021-09-11,5.8665,%,Simplize,D,2026-10-08
2021-09-12,5.8665,%,Simplize,D,2026-10-08
2021-09-13,5.8665,%,Simplize,D,2026-10-08
2021-09-14,5.8665,%,Simplize,D,2026-10-08
2021-09-15,5.8665,%,Simplize,D,2026-10-08
2021-09-16,5.8665,%,Simplize,D,2026-10-08
2021-09-17,5.8665,%,Simplize,D,2026-10-08
2021-09-18,5.8665,%,Simplize,D,2026-10-08
2021-09-19,5.8665,%,Simplize,D,2026-10-08
2021-09-20,5.8665,%,Simplize,D,2026-10-08
2021-09-21,5.8665,%,Simplize,D,2026-10-08
2021-09-22,5.8665,%,Simplize,D,2026-10-08
2021-09-23,5.8665,%,Simplize,D,2026-10-08
2021-09-24,5.8665,%,Simplize,D,2026-10-08
2021-09-25,5.8665,%,Simplize,D,2026-10-08
2021-09-26,5.8665,%,Simplize,D,2026-10-08
2021-09-27,5.8665,%,Simplize,D,2026-10-08
2021-09-28,5.8665,%,Simplize,D,2026-10-08
2021-09-29,5.8665,%,Simplize,D,2026-10-08
2021-09-30,5.8665,%,Simplize,D,2026-10-08
2021-10-01,5.8665,%,Simplize,D,2026-10-08
2021-10-02,5.8665,%,Simplize,D,2026-10-08
2021-10-03,5.804,%,Simplize,D,2026-10-08
2021-10-04,5.804,%,Simplize,D,2026-10-08
2021-10-05,5.804,%,Simplize,D,2026-10-08
2021-10-06,5.804,%,Simplize,D,2026-10-08
2021-10-07,5.804,%,Simplize,D,2026-10-08
2021-10-08,5.804,%,Simplize,D,2026-10-08
2021-10-09,5.804,%,Simplize,D,2026-10-08
2021-10-10,5.804,%,Simplize,D,2026-10-08
2021-10-11,5.804,%,Simplize,D,2026-10-08
2021-10-12,5.804,%,Simplize,D,2026-10-08
2021-10-13,5.804,%,Simplize,D,2026-10-08
2021-10-14,5.804,%,Simplize,D,2026-10-08
2021-10-15,5.804,%,Simplize,D,2026-10-08
2021-10-16,5.804,%,Simplize,D,2026-10-08
2021-10-17,5.804,%,Simplize,D,2026-10-08
2021-10-18,5.804,%,Simplize,D,2026-10-08
2021-10-19,5.804,%,Simplize,D,2026-10-08
2021-10-20,5.804,%,Simplize,D,2026-10-08
2021-10-21,5.804,%,Simplize,D,2026-10-08
2021-10-22,5.804,%,Simplize,D,2026-10-08
2021-10-23,5.804,%,Simplize,D,2026-10-08
2021-10-24,5.804,%,Simplize,D,2026-10-08
2021-10-25,5.804,%,Simplize,D,2026-10-08
2021-10-26,5.804,%,Simplize,D,2026-10-08
2021-10-27,5.804,%,Simplize,D,2026-10-08
2021-10-28,5.804,%,Simplize,D,2026-10-08
2021-10-29,5.804,%,Simplize,D,2026-10-08
2021-10-30,5.804,%,Simplize,D,2026-10-08
2021-10-31,5.8665,%,Simplize,D,2026-10-08
2021-11-01,5.8665,%,Simplize,D,2026-10-08
2021-11-02,5.8665,%,Simplize,D,2026-10-08
2021-11-03,5.8665,%,Simplize,D,2026-10-08
2021-11-04,5.8665,%,Simplize,D,2026-10-08
2021-11-05,5.8665,%,Simplize,D,2026-10-08
2021-11-06,5.8665,%,Simplize,D,2026-10-08
2021-11-07,5.8665,%,Simplize,D,2026-10-08
2021-11-08,5.8665,%,Simplize,D,2026-10-08
2021-11-09,5.8665,%,Simplize,D,2026-10-08
2021-11-10,5.8665,%,Simplize,D,2026-10-08
2021-11-11,5.8665,%,Simplize,D,2026-10-08
2021-11-12,5.8665,%,Simplize,D,2026-10-08
2021-11-13,5.8665,%,Simplize,D,2026-10-08
2021-11-14,5.8665,%,Simplize,D,2026-10-08
2021-11-15,5.8665,%,Simplize,D,2026-10-08
2021-11-16,5.8665,%,Simplize,D,2026-10-08
2021-11-17,5.8665,%,Simplize,D,2026-10-08
2021-11-18,5.8665,%,Simplize,D,2026-10-08
2021-11-19,5.8665,%,Simplize,D,2026-10-08
2021-11-20,5.8665,%,Simplize,D,2026-10-08
2021-11-21,5.8665,%,Simplize,D,2026-10-08
2021-11-22,5.8665,%,Simplize,D,2026-10-08
2021-11-23,5.8665,%,Simplize,D,2026-10-08
2021-11-24,5.8665,%,Simplize,D,2026-10-08
2021-11-25,5.8665,%,Simplize,D,2026-10-08
2021-11-26,5.8665,%,Simplize,D,2026-10-08
2021-11-27,5.8665,%,Simplize,D,2026-10-08
2021-11-28,5.8665,%,Simplize,D,2026-10-08
2021-11-29,5.8665,%,Simplize,D,2026-10-08
2021-11-30,5.8665,%,Simplize,D,2026-10-08
2021-12-01,5.8665,%,Simplize,D,2026-10-08
2021-12-02,5.8665,%,Simplize,D,2026-10-08
2021-12-03,5.8665,%,Simplize,D,2026-10-08
2021-12-04,5.8665,%,Simplize,D,2026-10-08
2021-12-05,5.9045,%,Simplize,D,2026-10-08
2021-12-06,5.9045,%,Simplize,D,2026-10-08
2021-12-07,5.9045,%,Simplize,D,2026-10-08
2021-12-08,5.9045,%,Simplize,D,2026-10-08
2021-12-09,5.9045,%,Simplize,D,2026-10-08
2021-12-10,5.9045,%,Simplize,D,2026-10-08
2021-12-11,5.9045,%,Simplize,D,2026-10-08
2021-12-12,5.9045,%,Simplize,D,2026-10-08
2021-12-13,5.9045,%,Simplize,D,2026-10-08
2021-12-14,5.9045,%,Simplize,D,2026-10-08
2021-12-15,5.9045,%,Simplize,D,2026-10-08
2021-12-16,5.9045,%,Simplize,D,2026-10-08
2021-12-17,5.9045,%,Simplize,D,2026-10-08
2021-12-18,5.9045,%,Simplize,D,2026-10-08
2021-12-19,5.9045,%,Simplize,D,2026-10-08
2021-12-20,5.9045,%,Simplize,D,2026-10-08
2021-12-21,5.9045,%,Simplize,D,2026-10-08
2021-12-22,5.9045,%,Simplize,D,2026-10-08
2021-12-23,5.9045,%,Simplize,D,2026-10-08
2021-12-24,5.9045,%,Simplize,D,2026-10-08
2021-12-25,5.9045,%,Simplize,D,2026-10-08
2021-12-26,5.9045,%,Simplize,D,2026-10-08
2021-12-27,5.917,%,Simplize,D,2026-10-08
2021-12-28,5.917,%,Simplize,D,2026-10-08
2021-12-29,5.917,%,Simplize,D,2026-10-08
2021-12-30,5.917,%,Simplize,D,2026-10-08
2021-12-31,5.917,%,Simplize,D,2026-10-08
2022-01-01,5.917,%,Simplize,D,2026-10-08
2022-01-02,5.917,%,Simplize,D,2026-10-08
2022-01-03,5.917,%,Simplize,D,2026-10-08
2022-01-04,5.917,%,Simplize,D,2026-10-08
2022-01-05,5.917,%,Simplize,D,2026-10-08
2022-01-06,5.917,%,Simplize,D,2026-10-08
2022-01-07,5.917,%,Simplize,D,2026-10-08
2022-01-08,5.917,%,Simplize,D,2026-10-08
2022-01-09,5.952,%,Simplize,D,2026-10-08
2022-01-10,5.952,%,Simplize,D,2026-10-08
2022-01-11,5.952,%,Simplize,D,2026-10-08
2022-01-12,5.952,%,Simplize,D,2026-10-08
2022-01-13,5.952,%,Simplize,D,2026-10-08
2022-01-14,5.952,%,Simplize,D,2026-10-08
2022-01-15,5.952,%,Simplize,D,2026-10-08
2022-01-16,5.952,%,Simplize,D,2026-10-08
2022-01-17,5.952,%,Simplize,D,2026-10-08
2022-01-18,5.952,%,Simplize,D,2026-10-08
2022-01-19,5.952,%,Simplize,D,2026-10-08
2022-01-20,5.952,%,Simplize,D,2026-10-08
2022-01-21,5.952,%,Simplize,D,2026-10-08
2022-01-22,5.952,%,Simplize,D,2026-10-08
2022-01-23,5.9719999999999995,%,Simplize,D,2026-10-08
2022-01-24,5.9719999999999995,%,Simplize,D,2026-10-08
2022-01-25,5.9719999999999995,%,Simplize,D,2026-10-08
2022-01-26,5.9719999999999995,%,Simplize,D,2026-10-08
2022-01-27,5.9719999999999995,%,Simplize,D,2026-10-08
2022-01-28,5.9719999999999995,%,Simplize,D,2026-10-08
2022-01-29,5.9719999999999995,%,Simplize,D,2026-10-08
2022-01-30,5.9719999999999995,%,Simplize,D,2026-10-08
2022-01-31,5.9719999999999995,%,Simplize,D,2026-10-08
2022-02-01,5.9719999999999995,%,Simplize,D,2026-10-08
2022-02-02,5.9719999999999995,%,Simplize,D,2026-10-08
2022-02-03,5.9719999999999995,%,Simplize,D,2026-10-08
2022-02-04,5.9719999999999995,%,Simplize,D,2026-10-08
2022-02-05,5.9719999999999995,%,Simplize,D,2026-10-08
2022-02-06,6.0120000000000005,%,Simplize,D,2026-10-08
2022-02-07,6.0120000000000005,%,Simplize,D,2026-10-08
2022-02-08,6.0120000000000005,%,Simplize,D,2026-10-08
2022-02-09,6.0120000000000005,%,Simplize,D,2026-10-08
2022-02-10,6.0120000000000005,%,Simplize,D,2026-10-08
2022-02-11,6.0120000000000005,%,Simplize,D,2026-10-08
2022-02-12,6.0120000000000005,%,Simplize,D,2026-10-08
2022-02-13,6.004499999999999,%,Simplize,D,2026-10-08
2022-02-14,6.004499999999999,%,Simplize,D,2026-10-08
2022-02-15,6.004499999999999,%,Simplize,D,2026-10-08
2022-02-16,6.004499999999999,%,Simplize,D,2026-10-08
2022-02-17,6.004499999999999,%,Simplize,D,2026-10-08
2022-02-18,6.004499999999999,%,Simplize,D,2026-10-08
2022-02-19,6.004499999999999,%,Simplize,D,2026-10-08
2022-02-20,6.002000000000001,%,Simplize,D,2026-10-08
2022-02-21,6.002000000000001,%,Simplize,D,2026-10-08
2022-02-22,6.002000000000001,%,Simplize,D,2026-10-08
2022-02-23,6.002000000000001,%,Simplize,D,2026-10-08
2022-02-24,6.002000000000001,%,Simplize,D,2026-10-08
2022-02-25,6.002000000000001,%,Simplize,D,2026-10-08
2022-02-26,6.002000000000001,%,Simplize,D,2026-10-08
2022-02-27,6.002000000000001,%,Simplize,D,2026-10-08
2022-02-28,6.012631578947368,%,Simplize,D,2026-10-08
2022-03-01,6.012631578947368,%,Simplize,D,2026-10-08
2022-03-02,6.012631578947368,%,Simplize,D,2026-10-08
2022-03-03,6.012631578947368,%,Simplize,D,2026-10-08
2022-03-04,6.012631578947368,%,Simplize,D,2026-10-08
2022-03-05,6.012631578947368,%,Simplize,D,2026-10-08
2022-03-06,6.023157894736842,%,Simplize,D,2026-10-08
2022-03-07,6.023157894736842,%,Simplize,D,2026-10-08
2022-03-08,6.023157894736842,%,Simplize,D,2026-10-08
2022-03-09,6.023157894736842,%,Simplize,D,2026-10-08
2022-03-10,6.023157894736842,%,Simplize,D,2026-10-08
2022-03-11,6.023157894736842,%,Simplize,D,2026-10-08
2022-03-12,6.023157894736842,%,Simplize,D,2026-10-08
2022-03-13,5.989473684210527,%,Simplize,D,2026-10-08
2022-03-14,5.989473684210527,%,Simplize,D,2026-10-08
2022-03-15,5.989473684210527,%,Simplize,D,2026-10-08
2022-03-16,5.989473684210527,%,Simplize,D,2026-10-08
2022-03-17,5.989473684210527,%,Simplize,D,2026-10-08
2022-03-18,5.989473684210527,%,Simplize,D,2026-10-08
2022-03-19,5.989473684210527,%,Simplize,D,2026-10-08
2022-03-20,5.983684210526316,%,Simplize,D,2026-10-08
2022-03-21,5.983684210526316,%,Simplize,D,2026-10-08
2022-03-22,5.983684210526316,%,Simplize,D,2026-10-08
2022-03-23,5.983684210526316,%,Simplize,D,2026-10-08
2022-03-24,5.983684210526316,%,Simplize,D,2026-10-08
2022-03-25,5.983684210526316,%,Simplize,D,2026-10-08
2022-03-26,5.983684210526316,%,Simplize,D,2026-10-08
2022-03-27,5.978947368421053,%,Simplize,D,2026-10-08
2022-03-28,5.978947368421053,%,Simplize,D,2026-10-08
2022-03-29,5.978947368421053,%,Simplize,D,2026-10-08
2022-03-30,5.978947368421053,%,Simplize,D,2026-10-08
2022-03-31,5.978947368421053,%,Simplize,D,2026-10-08
2022-04-01,5.978947368421053,%,Simplize,D,2026-10-08
2022-04-02,5.978947368421053,%,Simplize,D,2026-10-08
2022-04-03,5.978947368421053,%,Simplize,D,2026-10-08
2022-04-04,5.978947368421053,%,Simplize,D,2026-10-08
2022-04-05,5.978947368421053,%,Simplize,D,2026-10-08
2022-04-06,5.978947368421053,%,Simplize,D,2026-10-08
2022-04-07,5.978947368421053,%,Simplize,D,2026-10-08
2022-04-08,5.978947368421053,%,Simplize,D,2026-10-08
2022-04-09,5.978947368421053,%,Simplize,D,2026-10-08
2022-04-10,5.978947368421053,%,Simplize,D,2026-10-08
2022-04-11,5.988421052631579,%,Simplize,D,2026-10-08
2022-04-12,5.988421052631579,%,Simplize,D,2026-10-08
2022-04-13,5.988421052631579,%,Simplize,D,2026-10-08
2022-04-14,5.988421052631579,%,Simplize,D,2026-10-08
2022-04-15,5.988421052631579,%,Simplize,D,2026-10-08
2022-04-16,5.988421052631579,%,Simplize,D,2026-10-08
2022-04-17,5.998947368421053,%,Simplize,D,2026-10-08
2022-04-18,5.998947368421053,%,Simplize,D,2026-10-08
2022-04-19,5.998947368421053,%,Simplize,D,2026-10-08
2022-04-20,5.998947368421053,%,Simplize,D,2026-10-08
2022-04-21,5.998947368421053,%,Simplize,D,2026-10-08
2022-04-22,5.998947368421053,%,Simplize,D,2026-10-08
2022-04-23,5.998947368421053,%,Simplize,D,2026-10-08
2022-04-24,5.998947368421053,%,Simplize,D,2026-10-08
2022-04-25,5.998947368421053,%,Simplize,D,2026-10-08
2022-04-26,5.998947368421053,%,Simplize,D,2026-10-08
2022-04-27,5.998947368421053,%,Simplize,D,2026-10-08
2022-04-28,5.998947368421053,%,Simplize,D,2026-10-08
2022-04-29,5.998947368421053,%,Simplize,D,2026-10-08
2022-04-30,5.998947368421053,%,Simplize,D,2026-10-08
2022-05-01,6.030526315789475,%,Simplize,D,2026-10-08
2022-05-02,6.030526315789475,%,Simplize,D,2026-10-08
2022-05-03,6.030526315789475,%,Simplize,D,2026-10-08
2022-05-04,6.030526315789475,%,Simplize,D,2026-10-08
2022-05-05,6.030526315789475,%,Simplize,D,2026-10-08
2022-05-06,6.030526315789475,%,Simplize,D,2026-10-08
2022-05-07,6.030526315789475,%,Simplize,D,2026-10-08
2022-05-08,6.031052631578948,%,Simplize,D,2026-10-08
2022-05-09,6.031052631578948,%,Simplize,D,2026-10-08
2022-05-10,6.031052631578948,%,Simplize,D,2026-10-08
2022-05-11,6.031052631578948,%,Simplize,D,2026-10-08
2022-05-12,6.031052631578948,%,Simplize,D,2026-10-08
2022-05-13,6.031052631578948,%,Simplize,D,2026-10-08
2022-05-14,6.031052631578948,%,Simplize,D,2026-10-08
2022-05-15,6.057368421052632,%,Simplize,D,2026-10-08
2022-05-16,6.057368421052632,%,Simplize,D,2026-10-08
2022-05-17,6.057368421052632,%,Simplize,D,2026-10-08
2022-05-18,6.057368421052632,%,Simplize,D,2026-10-08
2022-05-19,6.057368421052632,%,Simplize,D,2026-10-08
2022-05-20,6.057368421052632,%,Simplize,D,2026-10-08
2022-05-21,6.057368421052632,%,Simplize,D,2026-10-08
2022-05-22,6.073157894736842,%,Simplize,D,2026-10-08
2022-05-23,6.073157894736842,%,Simplize,D,2026-10-08
2022-05-24,6.073157894736842,%,Simplize,D,2026-10-08
2022-05-25,6.073157894736842,%,Simplize,D,2026-10-08
2022-05-26,6.073157894736842,%,Simplize,D,2026-10-08
2022-05-27,6.073157894736842,%,Simplize,D,2026-10-08
2022-05-28,6.073157894736842,%,Simplize,D,2026-10-08
2022-05-29,6.099473684210526,%,Simplize,D,2026-10-08
2022-05-30,6.099473684210526,%,Simplize,D,2026-10-08
2022-05-31,6.099473684210526,%,Simplize,D,2026-10-08
2022-06-01,6.099473684210526,%,Simplize,D,2026-10-08
2022-06-02,6.099473684210526,%,Simplize,D,2026-10-08
2022-06-03,6.099473684210526,%,Simplize,D,2026-10-08
2022-06-04,6.099473684210526,%,Simplize,D,2026-10-08
2022-06-05,6.104736842105263,%,Simplize,D,2026-10-08
2022-06-06,6.104736842105263,%,Simplize,D,2026-10-08
2022-06-07,6.104736842105263,%,Simplize,D,2026-10-08
2022-06-08,6.104736842105263,%,Simplize,D,2026-10-08
2022-06-09,6.104736842105263,%,Simplize,D,2026-10-08
2022-06-10,6.104736842105263,%,Simplize,D,2026-10-08
2022-06-11,6.104736842105263,%,Simplize,D,2026-10-08
2022-06-12,6.104736842105263,%,Simplize,D,2026-10-08
2022-06-13,6.104736842105263,%,Simplize,D,2026-10-08
2022-06-14,6.104736842105263,%,Simplize,D,2026-10-08
2022-06-15,6.104736842105263,%,Simplize,D,2026-10-08
2022-06-16,6.104736842105263,%,Simplize,D,2026-10-08
2022-06-17,6.104736842105263,%,Simplize,D,2026-10-08
2022-06-18,6.104736842105263,%,Simplize,D,2026-10-08
2022-06-19,6.104736842105263,%,Simplize,D,2026-10-08
2022-06-20,6.104736842105263,%,Simplize,D,2026-10-08
2022-06-21,6.104736842105263,%,Simplize,D,2026-10-08
2022-06-22,6.104736842105263,%,Simplize,D,2026-10-08
2022-06-23,6.104736842105263,%,Simplize,D,2026-10-08
2022-06-24,6.104736842105263,%,Simplize,D,2026-10-08
2022-06-25,6.104736842105263,%,Simplize,D,2026-10-08
2022-06-26,6.104736842105262,%,Simplize,D,2026-10-08
2022-06-27,6.104736842105262,%,Simplize,D,2026-10-08
2022-06-28,6.104736842105262,%,Simplize,D,2026-10-08
2022-06-29,6.104736842105262,%,Simplize,D,2026-10-08
2022-06-30,6.104736842105262,%,Simplize,D,2026-10-08
2022-07-01,6.104736842105262,%,Simplize,D,2026-10-08
2022-07-02,6.104736842105262,%,Simplize,D,2026-10-08
2022-07-03,6.120526315789474,%,Simplize,D,2026-10-08
2022-07-04,6.120526315789474,%,Simplize,D,2026-10-08
2022-07-05,6.120526315789474,%,Simplize,D,2026-10-08
2022-07-06,6.120526315789474,%,Simplize,D,2026-10-08
2022-07-07,6.120526315789474,%,Simplize,D,2026-10-08
2022-07-08,6.120526315789474,%,Simplize,D,2026-10-08
2022-07-09,6.120526315789474,%,Simplize,D,2026-10-08
2022-07-10,6.1363157894736835,%,Simplize,D,2026-10-08
2022-07-11,6.1363157894736835,%,Simplize,D,2026-10-08
2022-07-12,6.1363157894736835,%,Simplize,D,2026-10-08
2022-07-13,6.1363157894736835,%,Simplize,D,2026-10-08
2022-07-14,6.1363157894736835,%,Simplize,D,2026-10-08
2022-07-15,6.1363157894736835,%,Simplize,D,2026-10-08
2022-07-16,6.1363157894736835,%,Simplize,D,2026-10-08
2022-07-17,6.152105263157894,%,Simplize,D,2026-10-08
2022-07-18,6.152105263157894,%,Simplize,D,2026-10-08
2022-07-19,6.152105263157894,%,Simplize,D,2026-10-08
2022-07-20,6.152105263157894,%,Simplize,D,2026-10-08
2022-07-21,6.152105263157894,%,Simplize,D,2026-10-08
2022-07-22,6.152105263157894,%,Simplize,D,2026-10-08
2022-07-23,6.152105263157894,%,Simplize,D,2026-10-08
2022-07-24,6.161578947368421,%,Simplize,D,2026-10-08
2022-07-25,6.161578947368421,%,Simplize,D,2026-10-08
2022-07-26,6.161578947368421,%,Simplize,D,2026-10-08
2022-07-27,6.161578947368421,%,Simplize,D,2026-10-08
2022-07-28,6.161578947368421,%,Simplize,D,2026-10-08
2022-07-29,6.161578947368421,%,Simplize,D,2026-10-08
2022-07-30,6.161578947368421,%,Simplize,D,2026-10-08
2022-07-31,6.166842105263157,%,Simplize,D,2026-10-08
2022-08-01,6.166842105263157,%,Simplize,D,2026-10-08
2022-08-02,6.166842105263157,%,Simplize,D,2026-10-08
2022-08-03,6.166842105263157,%,Simplize,D,2026-10-08
2022-08-04,6.166842105263157,%,Simplize,D,2026-10-08
2022-08-05,6.166842105263157,%,Simplize,D,2026-10-08
2022-08-06,6.166842105263157,%,Simplize,D,2026-10-08
2022-08-07,6.156315789473683,%,Simplize,D,2026-10-08
2022-08-08,6.156315789473683,%,Simplize,D,2026-10-08
2022-08-09,6.156315789473683,%,Simplize,D,2026-10-08
2022-08-10,6.156315789473683,%,Simplize,D,2026-10-08
2022-08-11,6.156315789473683,%,Simplize,D,2026-10-08
2022-08-12,6.156315789473683,%,Simplize,D,2026-10-08
2022-08-13,6.156315789473683,%,Simplize,D,2026-10-08
2022-08-14,6.22578947368421,%,Simplize,D,2026-10-08
2022-08-15,6.22578947368421,%,Simplize,D,2026-10-08
2022-08-16,6.22578947368421,%,Simplize,D,2026-10-08
2022-08-17,6.22578947368421,%,Simplize,D,2026-10-08
2022-08-18,6.22578947368421,%,Simplize,D,2026-10-08
2022-08-19,6.22578947368421,%,Simplize,D,2026-10-08
2022-08-20,6.22578947368421,%,Simplize,D,2026-10-08
2022-08-21,6.22578947368421,%,Simplize,D,2026-10-08
2022-08-22,6.22578947368421,%,Simplize,D,2026-10-08
2022-08-23,6.22578947368421,%,Simplize,D,2026-10-08
2022-08-24,6.22578947368421,%,Simplize,D,2026-10-08
2022-08-25,6.22578947368421,%,Simplize,D,2026-10-08
2022-08-26,6.22578947368421,%,Simplize,D,2026-10-08
2022-08-27,6.22578947368421,%,Simplize,D,2026-10-08
2022-08-28,6.231052631578947,%,Simplize,D,2026-10-08
2022-08-29,6.231052631578947,%,Simplize,D,2026-10-08
2022-08-30,6.231052631578947,%,Simplize,D,2026-10-08
2022-08-31,6.231052631578947,%,Simplize,D,2026-10-08
2022-09-01,6.231052631578947,%,Simplize,D,2026-10-08
2022-09-02,6.231052631578947,%,Simplize,D,2026-10-08
2022-09-03,6.231052631578947,%,Simplize,D,2026-10-08
2022-09-04,6.231052631578947,%,Simplize,D,2026-10-08
2022-09-05,6.231052631578947,%,Simplize,D,2026-10-08
2022-09-06,6.231052631578947,%,Simplize,D,2026-10-08
2022-09-07,6.231052631578947,%,Simplize,D,2026-10-08
2022-09-08,6.231052631578947,%,Simplize,D,2026-10-08
2022-09-09,6.231052631578947,%,Simplize,D,2026-10-08
2022-09-10,6.231052631578947,%,Simplize,D,2026-10-08
2022-09-11,6.178421052631579,%,Simplize,D,2026-10-08
2022-09-12,6.178421052631579,%,Simplize,D,2026-10-08
2022-09-13,6.178421052631579,%,Simplize,D,2026-10-08
2022-09-14,6.178421052631579,%,Simplize,D,2026-10-08
2022-09-15,6.178421052631579,%,Simplize,D,2026-10-08
2022-09-16,6.178421052631579,%,Simplize,D,2026-10-08
2022-09-17,6.178421052631579,%,Simplize,D,2026-10-08
2022-09-18,6.107368421052632,%,Simplize,D,2026-10-08
2022-09-19,6.107368421052632,%,Simplize,D,2026-10-08
2022-09-20,6.107368421052632,%,Simplize,D,2026-10-08
2022-09-21,6.107368421052632,%,Simplize,D,2026-10-08
2022-09-22,6.107368421052632,%,Simplize,D,2026-10-08
2022-09-23,6.107368421052632,%,Simplize,D,2026-10-08
2022-09-24,6.107368421052632,%,Simplize,D,2026-10-08
2022-09-25,6.267894736842105,%,Simplize,D,2026-10-08
2022-09-26,6.267894736842105,%,Simplize,D,2026-10-08
2022-09-27,6.267894736842105,%,Simplize,D,2026-10-08
2022-09-28,6.267894736842105,%,Simplize,D,2026-10-08
2022-09-29,6.267894736842105,%,Simplize,D,2026-10-08
2022-09-30,6.267894736842105,%,Simplize,D,2026-10-08
2022-10-01,6.267894736842105,%,Simplize,D,2026-10-08
2022-10-02,6.460000000000001,%,Simplize,D,2026-10-08
2022-10-03,6.460000000000001,%,Simplize,D,2026-10-08
2022-10-04,6.460000000000001,%,Simplize,D,2026-10-08
2022-10-05,6.460000000000001,%,Simplize,D,2026-10-08
2022-10-06,6.460000000000001,%,Simplize,D,2026-10-08
2022-10-07,6.460000000000001,%,Simplize,D,2026-10-08
2022-10-08,6.460000000000001,%,Simplize,D,2026-10-08
2022-10-09,6.460000000000001,%,Simplize,D,2026-10-08
2022-10-10,6.689473684210527,%,Simplize,D,2026-10-08
2022-10-11,6.689473684210527,%,Simplize,D,2026-10-08
2022-10-12,6.689473684210527,%,Simplize,D,2026-10-08
2022-10-13,6.689473684210527,%,Simplize,D,2026-10-08
2022-10-14,6.689473684210527,%,Simplize,D,2026-10-08
2022-10-15,6.689473684210527,%,Simplize,D,2026-10-08
2022-10-16,6.689473684210527,%,Simplize,D,2026-10-08
2022-10-17,6.963684210526316,%,Simplize,D,2026-10-08
2022-10-18,6.963684210526316,%,Simplize,D,2026-10-08
2022-10-19,6.963684210526316,%,Simplize,D,2026-10-08
2022-10-20,6.963684210526316,%,Simplize,D,2026-10-08
2022-10-21,6.963684210526316,%,Simplize,D,2026-10-08
2022-10-22,6.963684210526316,%,Simplize,D,2026-10-08
2022-10-23,6.963684210526316,%,Simplize,D,2026-10-08
2022-10-24,7.007894736842106,%,Simplize,D,2026-10-08
2022-10-25,7.007894736842106,%,Simplize,D,2026-10-08
2022-10-26,7.007894736842106,%,Simplize,D,2026-10-08
2022-10-27,7.007894736842106,%,Simplize,D,2026-10-08
2022-10-28,7.007894736842106,%,Simplize,D,2026-10-08
2022-10-29,7.007894736842106,%,Simplize,D,2026-10-08
2022-10-30,7.007894736842106,%,Simplize,D,2026-10-08
2022-10-31,7.48263157894737,%,Simplize,D,2026-10-08
2022-11-01,7.48263157894737,%,Simplize,D,2026-10-08
2022-11-02,7.48263157894737,%,Simplize,D,2026-10-08
2022-11-03,7.48263157894737,%,Simplize,D,2026-10-08
2022-11-04,7.48263157894737,%,Simplize,D,2026-10-08
2022-11-05,7.48263157894737,%,Simplize,D,2026-10-08
2022-11-06,7.836842105263158,%,Simplize,D,2026-10-08
2022-11-07,7.836842105263158,%,Simplize,D,2026-10-08
2022-11-08,7.836842105263158,%,Simplize,D,2026-10-08
2022-11-09,7.836842105263158,%,Simplize,D,2026-10-08
2022-11-10,7.836842105263158,%,Simplize,D,2026-10-08
2022-11-11,7.836842105263158,%,Simplize,D,2026-10-08
2022-11-12,7.836842105263158,%,Simplize,D,2026-10-08
2022-11-13,7.836842105263158,%,Simplize,D,2026-10-08
2022-11-14,7.9526315789473685,%,Simplize,D,2026-10-08
2022-11-15,7.9526315789473685,%,Simplize,D,2026-10-08
2022-11-16,7.9526315789473685,%,Simplize,D,2026-10-08
2022-11-17,7.9526315789473685,%,Simplize,D,2026-10-08
2022-11-18,7.9526315789473685,%,Simplize,D,2026-10-08
2022-11-19,7.9526315789473685,%,Simplize,D,2026-10-08
2022-11-20,7.9526315789473685,%,Simplize,D,2026-10-08
2022-11-21,8.139473684210525,%,Simplize,D,2026-10-08
2022-11-22,8.139473684210525,%,Simplize,D,2026-10-08
2022-11-23,8.139473684210525,%,Simplize,D,2026-10-08
2022-11-24,8.139473684210525,%,Simplize,D,2026-10-08
2022-11-25,8.413157894736841,%,Simplize,D,2026-10-08
2022-11-26,8.413157894736841,%,Simplize,D,2026-10-08
2022-11-27,8.413157894736841,%,Simplize,D,2026-10-08
2022-11-28,8.44157894736842,%,Simplize,D,2026-10-08
2022-11-29,8.44157894736842,%,Simplize,D,2026-10-08
2022-11-30,8.44157894736842,%,Simplize,D,2026-10-08
2022-12-01,8.44157894736842,%,Simplize,D,2026-10-08
2022-12-02,8.44157894736842,%,Simplize,D,2026-10-08
2022-12-03,8.44157894736842,%,Simplize,D,2026-10-08
2022-12-04,8.604736842105263,%,Simplize,D,2026-10-08
2022-12-05,8.604736842105263,%,Simplize,D,2026-10-08
2022-12-06,8.604736842105263,%,Simplize,D,2026-10-08
2022-12-07,8.604736842105263,%,Simplize,D,2026-10-08
2022-12-08,8.604736842105263,%,Simplize,D,2026-10-08
2022-12-09,8.604736842105263,%,Simplize,D,2026-10-08
2022-12-10,8.604736842105263,%,Simplize,D,2026-10-08
2022-12-11,8.604736842105263,%,Simplize,D,2026-10-08
2022-12-12,8.657368421052631,%,Simplize,D,2026-10-08
2022-12-13,8.657368421052631,%,Simplize,D,2026-10-08
2022-12-14,8.657368421052631,%,Simplize,D,2026-10-08
2022-12-15,8.657368421052631,%,Simplize,D,2026-10-08
2022-12-16,8.657368421052631,%,Simplize,D,2026-10-08
2022-12-17,8.657368421052631,%,Simplize,D,2026-10-08
2022-12-18,8.657368421052631,%,Simplize,D,2026-10-08
2022-12-19,8.647368421052631,%,Simplize,D,2026-10-08
2022-12-20,8.647368421052631,%,Simplize,D,2026-10-08
2022-12-21,8.647368421052631,%,Simplize,D,2026-10-08
2022-12-22,8.647368421052631,%,Simplize,D,2026-10-08
2022-12-23,8.647368421052631,%,Simplize,D,2026-10-08
2022-12-24,8.647368421052631,%,Simplize,D,2026-10-08
2022-12-25,8.647368421052631,%,Simplize,D,2026-10-08
2022-12-26,8.649473684210527,%,Simplize,D,2026-10-08
2022-12-27,8.649473684210527,%,Simplize,D,2026-10-08
2022-12-28,8.649473684210527,%,Simplize,D,2026-10-08
2022-12-29,8.649473684210527,%,Simplize,D,2026-10-08
2022-12-30,8.649473684210527,%,Simplize,D,2026-10-08
2022-12-31,8.649473684210527,%,Simplize,D,2026-10-08
2023-01-01,8.649473684210527,%,Simplize,D,2026-10-08
2023-01-02,8.649473684210527,%,Simplize,D,2026-10-08
2023-01-03,8.649473684210527,%,Simplize,D,2026-10-08
2023-01-04,8.649473684210527,%,Simplize,D,2026-10-08
2023-01-05,8.649473684210527,%,Simplize,D,2026-10-08
2023-01-06,8.649473684210527,%,Simplize,D,2026-10-08
2023-01-07,8.649473684210527,%,Simplize,D,2026-10-08
2023-01-08,8.62842105263158,%,Simplize,D,2026-10-08
2023-01-09,8.62842105263158,%,Simplize,D,2026-10-08
2023-01-10,8.62842105263158,%,Simplize,D,2026-10-08
2023-01-11,8.62842105263158,%,Simplize,D,2026-10-08
2023-01-12,8.62842105263158,%,Simplize,D,2026-10-08
2023-01-13,8.62842105263158,%,Simplize,D,2026-10-08
2023-01-14,8.62842105263158,%,Simplize,D,2026-10-08
2023-01-15,8.62842105263158,%,Simplize,D,2026-10-08
2023-01-16,8.62842105263158,%,Simplize,D,2026-10-08
2023-01-17,8.62842105263158,%,Simplize,D,2026-10-08
2023-01-18,8.62842105263158,%,Simplize,D,2026-10-08
2023-01-19,8.62842105263158,%,Simplize,D,2026-10-08
2023-01-20,8.62842105263158,%,Simplize,D,2026-10-08
2023-01-21,8.62842105263158,%,Simplize,D,2026-10-08
2023-01-22,8.62842105263158,%,Simplize,D,2026-10-08
2023-01-23,8.62842105263158,%,Simplize,D,2026-10-08
2023-01-24,8.62842105263158,%,Simplize,D,2026-10-08
2023-01-25,8.62842105263158,%,Simplize,D,2026-10-08
2023-01-26,8.62842105263158,%,Simplize,D,2026-10-08
2023-01-27,8.62842105263158,%,Simplize,D,2026-10-08
2023-01-28,8.62842105263158,%,Simplize,D,2026-10-08
2023-01-29,8.62842105263158,%,Simplize,D,2026-10-08
2023-01-30,8.62842105263158,%,Simplize,D,2026-10-08
2023-01-31,8.62842105263158,%,Simplize,D,2026-10-08
2023-02-01,8.62842105263158,%,Simplize,D,2026-10-08
2023-02-02,8.62842105263158,%,Simplize,D,2026-10-08
2023-02-03,8.62842105263158,%,Simplize,D,2026-10-08
2023-02-04,8.62842105263158,%,Simplize,D,2026-10-08
2023-02-05,8.604736842105263,%,Simplize,D,2026-10-08
2023-02-06,8.604736842105263,%,Simplize,D,2026-10-08
2023-02-07,8.604736842105263,%,Simplize,D,2026-10-08
2023-02-08,8.604736842105263,%,Simplize,D,2026-10-08
2023-02-09,8.604736842105263,%,Simplize,D,2026-10-08
2023-02-10,8.604736842105263,%,Simplize,D,2026-10-08
2023-02-11,8.604736842105263,%,Simplize,D,2026-10-08
2023-02-12,8.588947368421053,%,Simplize,D,2026-10-08
2023-02-13,8.588947368421053,%,Simplize,D,2026-10-08
2023-02-14,8.588947368421053,%,Simplize,D,2026-10-08
2023-02-15,8.588947368421053,%,Simplize,D,2026-10-08
2023-02-16,8.588947368421053,%,Simplize,D,2026-10-08
2023-02-17,8.588947368421053,%,Simplize,D,2026-10-08
2023-02-18,8.588947368421053,%,Simplize,D,2026-10-08
2023-02-19,8.573157894736843,%,Simplize,D,2026-10-08
2023-02-20,8.573157894736843,%,Simplize,D,2026-10-08
2023-02-21,8.573157894736843,%,Simplize,D,2026-10-08
2023-02-22,8.573157894736843,%,Simplize,D,2026-10-08
2023-02-23,8.573157894736843,%,Simplize,D,2026-10-08
2023-02-24,8.573157894736843,%,Simplize,D,2026-10-08
2023-02-25,8.573157894736843,%,Simplize,D,2026-10-08
2023-02-26,8.46,%,Simplize,D,2026-10-08
2023-02-27,8.46,%,Simplize,D,2026-10-08
2023-02-28,8.46,%,Simplize,D,2026-10-08
2023-03-01,8.46,%,Simplize,D,2026-10-08
2023-03-02,8.46,%,Simplize,D,2026-10-08
2023-03-03,8.46,%,Simplize,D,2026-10-08
2023-03-04,8.46,%,Simplize,D,2026-10-08
2023-03-05,8.155,%,Simplize,D,2026-10-08
2023-03-06,8.155,%,Simplize,D,2026-10-08
2023-03-07,8.155,%,Simplize,D,2026-10-08
2023-03-08,8.155,%,Simplize,D,2026-10-08
2023-03-09,8.155,%,Simplize,D,2026-10-08
2023-03-10,8.155,%,Simplize,D,2026-10-08
2023-03-11,8.155,%,Simplize,D,2026-10-08
2023-03-12,8.089999999999998,%,Simplize,D,2026-10-08
2023-03-13,8.089999999999998,%,Simplize,D,2026-10-08
2023-03-14,8.089999999999998,%,Simplize,D,2026-10-08
2023-03-15,8.089999999999998,%,Simplize,D,2026-10-08
2023-03-16,8.089999999999998,%,Simplize,D,2026-10-08
2023-03-17,8.089999999999998,%,Simplize,D,2026-10-08
2023-03-18,8.089999999999998,%,Simplize,D,2026-10-08
2023-03-19,8.034999999999998,%,Simplize,D,2026-10-08
2023-03-20,8.034999999999998,%,Simplize,D,2026-10-08
2023-03-21,8.034999999999998,%,Simplize,D,2026-10-08
2023-03-22,8.034999999999998,%,Simplize,D,2026-10-08
2023-03-23,8.034999999999998,%,Simplize,D,2026-10-08
2023-03-24,8.034999999999998,%,Simplize,D,2026-10-08
2023-03-25,8.034999999999998,%,Simplize,D,2026-10-08
2023-03-26,8.009999999999998,%,Simplize,D,2026-10-08
2023-03-27,8.009999999999998,%,Simplize,D,2026-10-08
2023-03-28,8.009999999999998,%,Simplize,D,2026-10-08
2023-03-29,8.009999999999998,%,Simplize,D,2026-10-08
2023-03-30,8.009999999999998,%,Simplize,D,2026-10-08
2023-03-31,8.009999999999998,%,Simplize,D,2026-10-08
2023-04-01,8.009999999999998,%,Simplize,D,2026-10-08
2023-04-02,7.840999999999999,%,Simplize,D,2026-10-08
2023-04-03,7.840999999999999,%,Simplize,D,2026-10-08
2023-04-04,7.840999999999999,%,Simplize,D,2026-10-08
2023-04-05,7.840999999999999,%,Simplize,D,2026-10-08
2023-04-06,7.840999999999999,%,Simplize,D,2026-10-08
2023-04-07,7.840999999999999,%,Simplize,D,2026-10-08
2023-04-08,7.840999999999999,%,Simplize,D,2026-10-08
2023-04-09,7.859999999999999,%,Simplize,D,2026-10-08
2023-04-10,7.859999999999999,%,Simplize,D,2026-10-08
2023-04-11,7.859999999999999,%,Simplize,D,2026-10-08
2023-04-12,7.859999999999999,%,Simplize,D,2026-10-08
2023-04-13,7.859999999999999,%,Simplize,D,2026-10-08
2023-04-14,7.859999999999999,%,Simplize,D,2026-10-08
2023-04-15,7.859999999999999,%,Simplize,D,2026-10-08
2023-04-16,7.7799999999999985,%,Simplize,D,2026-10-08
2023-04-17,7.7799999999999985,%,Simplize,D,2026-10-08
2023-04-18,7.7799999999999985,%,Simplize,D,2026-10-08
2023-04-19,7.7799999999999985,%,Simplize,D,2026-10-08
2023-04-20,7.7799999999999985,%,Simplize,D,2026-10-08
2023-04-21,7.7799999999999985,%,Simplize,D,2026-10-08
2023-04-22,7.7799999999999985,%,Simplize,D,2026-10-08
2023-04-23,7.764999999999999,%,Simplize,D,2026-10-08
2023-04-24,7.764999999999999,%,Simplize,D,2026-10-08
2023-04-25,7.764999999999999,%,Simplize,D,2026-10-08
2023-04-26,7.764999999999999,%,Simplize,D,2026-10-08
2023-04-27,7.764999999999999,%,Simplize,D,2026-10-08
2023-04-28,7.764999999999999,%,Simplize,D,2026-10-08
2023-04-29,7.764999999999999,%,Simplize,D,2026-10-08
2023-04-30,7.764999999999999,%,Simplize,D,2026-10-08
2023-05-01,7.764999999999999,%,Simplize,D,2026-10-08
2023-05-02,7.764999999999999,%,Simplize,D,2026-10-08
2023-05-03,7.7,%,Simplize,D,2026-10-08
2023-05-04,7.7,%,Simplize,D,2026-10-08
2023-05-05,7.7,%,Simplize,D,2026-10-08
2023-05-06,7.7,%,Simplize,D,2026-10-08
2023-05-07,7.685,%,Simplize,D,2026-10-08
2023-05-08,7.685,%,Simplize,D,2026-10-08
2023-05-09,7.685,%,Simplize,D,2026-10-08
2023-05-10,7.685,%,Simplize,D,2026-10-08
2023-05-11,7.685,%,Simplize,D,2026-10-08
2023-05-12,7.685,%,Simplize,D,2026-10-08
2023-05-13,7.685,%,Simplize,D,2026-10-08
2023-05-14,7.619999999999999,%,Simplize,D,2026-10-08
2023-05-15,7.619999999999999,%,Simplize,D,2026-10-08
2023-05-16,7.619999999999999,%,Simplize,D,2026-10-08
2023-05-17,7.619999999999999,%,Simplize,D,2026-10-08
2023-05-18,7.619999999999999,%,Simplize,D,2026-10-08
2023-05-19,7.619999999999999,%,Simplize,D,2026-10-08
2023-05-20,7.619999999999999,%,Simplize,D,2026-10-08
2023-05-21,7.594999999999999,%,Simplize,D,2026-10-08
2023-05-22,7.594999999999999,%,Simplize,D,2026-10-08
2023-05-23,7.594999999999999,%,Simplize,D,2026-10-08
2023-05-24,7.594999999999999,%,Simplize,D,2026-10-08
2023-05-25,7.594999999999999,%,Simplize,D,2026-10-08
2023-05-26,7.594999999999999,%,Simplize,D,2026-10-08
2023-05-27,7.594999999999999,%,Simplize,D,2026-10-08
2023-05-28,7.470000000000001,%,Simplize,D,2026-10-08
2023-05-29,7.470000000000001,%,Simplize,D,2026-10-08
2023-05-30,7.470000000000001,%,Simplize,D,2026-10-08
2023-05-31,7.470000000000001,%,Simplize,D,2026-10-08
2023-06-01,7.470000000000001,%,Simplize,D,2026-10-08
2023-06-02,7.470000000000001,%,Simplize,D,2026-10-08
2023-06-03,7.470000000000001,%,Simplize,D,2026-10-08
2023-06-04,7.44,%,Simplize,D,2026-10-08
2023-06-05,7.44,%,Simplize,D,2026-10-08
2023-06-06,7.44,%,Simplize,D,2026-10-08
2023-06-07,7.44,%,Simplize,D,2026-10-08
2023-06-08,7.44,%,Simplize,D,2026-10-08
2023-06-09,7.44,%,Simplize,D,2026-10-08
2023-06-10,7.44,%,Simplize,D,2026-10-08
2023-06-11,7.35,%,Simplize,D,2026-10-08
2023-06-12,7.35,%,Simplize,D,2026-10-08
2023-06-13,7.35,%,Simplize,D,2026-10-08
2023-06-14,7.35,%,Simplize,D,2026-10-08
2023-06-15,7.35,%,Simplize,D,2026-10-08
2023-06-16,7.35,%,Simplize,D,2026-10-08
2023-06-17,7.35,%,Simplize,D,2026-10-08
2023-06-18,7.290000000000001,%,Simplize,D,2026-10-08
2023-06-19,7.290000000000001,%,Simplize,D,2026-10-08
2023-06-20,7.290000000000001,%,Simplize,D,2026-10-08
2023-06-21,7.290000000000001,%,Simplize,D,2026-10-08
2023-06-22,7.290000000000001,%,Simplize,D,2026-10-08
2023-06-23,7.290000000000001,%,Simplize,D,2026-10-08
2023-06-24,7.290000000000001,%,Simplize,D,2026-10-08
2023-06-25,7.1,%,Simplize,D,2026-10-08
2023-06-26,7.1,%,Simplize,D,2026-10-08
2023-06-27,7.1,%,Simplize,D,2026-10-08
2023-06-28,7.1,%,Simplize,D,2026-10-08
2023-06-29,7.1,%,Simplize,D,2026-10-08
2023-06-30,7.1,%,Simplize,D,2026-10-08
2023-07-01,7.1,%,Simplize,D,2026-10-08
2023-07-02,7.015000000000001,%,Simplize,D,2026-10-08
2023-07-03,7.015000000000001,%,Simplize,D,2026-10-08
2023-07-04,7.015000000000001,%,Simplize,D,2026-10-08
2023-07-05,7.015000000000001,%,Simplize,D,2026-10-08
2023-07-06,7.015000000000001,%,Simplize,D,2026-10-08
2023-07-07,7.015000000000001,%,Simplize,D,2026-10-08
2023-07-08,7.015000000000001,%,Simplize,D,2026-10-08
2023-07-09,6.935,%,Simplize,D,2026-10-08
2023-07-10,6.935,%,Simplize,D,2026-10-08
2023-07-11,6.935,%,Simplize,D,2026-10-08
2023-07-12,6.935,%,Simplize,D,2026-10-08
2023-07-13,6.935,%,Simplize,D,2026-10-08
2023-07-14,6.935,%,Simplize,D,2026-10-08
2023-07-15,6.935,%,Simplize,D,2026-10-08
2023-07-16,6.85,%,Simplize,D,2026-10-08
2023-07-17,6.85,%,Simplize,D,2026-10-08
2023-07-18,6.85,%,Simplize,D,2026-10-08
2023-07-19,6.85,%,Simplize,D,2026-10-08
2023-07-20,6.85,%,Simplize,D,2026-10-08
2023-07-21,6.85,%,Simplize,D,2026-10-08
2023-07-22,6.85,%,Simplize,D,2026-10-08
2023-07-23,6.81,%,Simplize,D,2026-10-08
2023-07-24,6.81,%,Simplize,D,2026-10-08
2023-07-25,6.81,%,Simplize,D,2026-10-08
2023-07-26,6.81,%,Simplize,D,2026-10-08
2023-07-27,6.81,%,Simplize,D,2026-10-08
2023-07-28,6.81,%,Simplize,D,2026-10-08
2023-07-29,6.81,%,Simplize,D,2026-10-08
2023-07-30,6.709999999999999,%,Simplize,D,2026-10-08
2023-07-31,6.709999999999999,%,Simplize,D,2026-10-08
2023-08-01,6.709999999999999,%,Simplize,D,2026-10-08
2023-08-02,6.709999999999999,%,Simplize,D,2026-10-08
2023-08-03,6.709999999999999,%,Simplize,D,2026-10-08
2023-08-04,6.709999999999999,%,Simplize,D,2026-10-08
2023-08-05,6.709999999999999,%,Simplize,D,2026-10-08
2023-08-06,6.58,%,Simplize,D,2026-10-08
2023-08-07,6.58,%,Simplize,D,2026-10-08
2023-08-08,6.58,%,Simplize,D,2026-10-08
2023-08-09,6.58,%,Simplize,D,2026-10-08
2023-08-10,6.58,%,Simplize,D,2026-10-08
2023-08-11,6.58,%,Simplize,D,2026-10-08
2023-08-12,6.58,%,Simplize,D,2026-10-08
2023-08-13,6.51,%,Simplize,D,2026-10-08
2023-08-14,6.51,%,Simplize,D,2026-10-08
2023-08-15,6.51,%,Simplize,D,2026-10-08
2023-08-16,6.51,%,Simplize,D,2026-10-08
2023-08-17,6.51,%,Simplize,D,2026-10-08
2023-08-18,6.51,%,Simplize,D,2026-10-08
2023-08-19,6.51,%,Simplize,D,2026-10-08
2023-08-20,6.3875,%,Simplize,D,2026-10-08
2023-08-21,6.3875,%,Simplize,D,2026-10-08
2023-08-22,6.3875,%,Simplize,D,2026-10-08
2023-08-23,6.3875,%,Simplize,D,2026-10-08
2023-08-24,6.3875,%,Simplize,D,2026-10-08
2023-08-25,6.3875,%,Simplize,D,2026-10-08
2023-08-26,6.3875,%,Simplize,D,2026-10-08
2023-08-27,6.1625,%,Simplize,D,2026-10-08
2023-08-28,6.1625,%,Simplize,D,2026-10-08
2023-08-29,6.1625,%,Simplize,D,2026-10-08
2023-08-30,6.1625,%,Simplize,D,2026-10-08
2023-08-31,6.1625,%,Simplize,D,2026-10-08
2023-09-01,6.1625,%,Simplize,D,2026-10-08
2023-09-02,6.1625,%,Simplize,D,2026-10-08
2023-09-03,6.069999999999999,%,Simplize,D,2026-10-08
2023-09-04,6.069999999999999,%,Simplize,D,2026-10-08
2023-09-05,6.069999999999999,%,Simplize,D,2026-10-08
2023-09-06,6.069999999999999,%,Simplize,D,2026-10-08
2023-09-07,6.069999999999999,%,Simplize,D,2026-10-08
2023-09-08,6.069999999999999,%,Simplize,D,2026-10-08
2023-09-09,6.069999999999999,%,Simplize,D,2026-10-08
2023-09-10,6.01,%,Simplize,D,2026-10-08
2023-09-11,6.01,%,Simplize,D,2026-10-08
2023-09-12,6.01,%,Simplize,D,2026-10-08
2023-09-13,6.01,%,Simplize,D,2026-10-08
2023-09-14,6.01,%,Simplize,D,2026-10-08
2023-09-15,6.01,%,Simplize,D,2026-10-08
2023-09-16,6.01,%,Simplize,D,2026-10-08
2023-09-17,5.7749999999999995,%,Simplize,D,2026-10-08
2023-09-18,5.7749999999999995,%,Simplize,D,2026-10-08
2023-09-19,5.7749999999999995,%,Simplize,D,2026-10-08
2023-09-20,5.7749999999999995,%,Simplize,D,2026-10-08
2023-09-21,5.7749999999999995,%,Simplize,D,2026-10-08
2023-09-22,5.7749999999999995,%,Simplize,D,2026-10-08
2023-09-23,5.7749999999999995,%,Simplize,D,2026-10-08
2023-09-24,5.694999999999999,%,Simplize,D,2026-10-08
2023-09-25,5.694999999999999,%,Simplize,D,2026-10-08
2023-09-26,5.694999999999999,%,Simplize,D,2026-10-08
2023-09-27,5.694999999999999,%,Simplize,D,2026-10-08
2023-09-28,5.694999999999999,%,Simplize,D,2026-10-08
2023-09-29,5.694999999999999,%,Simplize,D,2026-10-08
2023-09-30,5.694999999999999,%,Simplize,D,2026-10-08
2023-10-01,5.6025,%,Simplize,D,2026-10-08
2023-10-02,5.6025,%,Simplize,D,2026-10-08
2023-10-03,5.6025,%,Simplize,D,2026-10-08
2023-10-04,5.6025,%,Simplize,D,2026-10-08
2023-10-05,5.6025,%,Simplize,D,2026-10-08
2023-10-06,5.6025,%,Simplize,D,2026-10-08
2023-10-07,5.6025,%,Simplize,D,2026-10-08
2023-10-08,5.5825,%,Simplize,D,2026-10-08
2023-10-09,5.5825,%,Simplize,D,2026-10-08
2023-10-10,5.5825,%,Simplize,D,2026-10-08
2023-10-11,5.5825,%,Simplize,D,2026-10-08
2023-10-12,5.5825,%,Simplize,D,2026-10-08
2023-10-13,5.5825,%,Simplize,D,2026-10-08
2023-10-14,5.5825,%,Simplize,D,2026-10-08
2023-10-15,5.5825,%,Simplize,D,2026-10-08
2023-10-16,5.4825,%,Simplize,D,2026-10-08
2023-10-17,5.4825,%,Simplize,D,2026-10-08
2023-10-18,5.4825,%,Simplize,D,2026-10-08
2023-10-19,5.4825,%,Simplize,D,2026-10-08
2023-10-20,5.4825,%,Simplize,D,2026-10-08
2023-10-21,5.4825,%,Simplize,D,2026-10-08
2023-10-22,5.4825,%,Simplize,D,2026-10-08
2023-10-23,5.475,%,Simplize,D,2026-10-08
2023-10-24,5.475,%,Simplize,D,2026-10-08
2023-10-25,5.475,%,Simplize,D,2026-10-08
2023-10-26,5.475,%,Simplize,D,2026-10-08
2023-10-27,5.475,%,Simplize,D,2026-10-08
2023-10-28,5.475,%,Simplize,D,2026-10-08
2023-10-29,5.475,%,Simplize,D,2026-10-08
2023-10-30,5.4475,%,Simplize,D,2026-10-08
2023-10-31,5.4475,%,Simplize,D,2026-10-08
2023-11-01,5.4475,%,Simplize,D,2026-10-08
2023-11-02,5.4475,%,Simplize,D,2026-10-08
2023-11-03,5.4475,%,Simplize,D,2026-10-08
2023-11-04,5.4475,%,Simplize,D,2026-10-08
2023-11-05,5.4475,%,Simplize,D,2026-10-08
2023-11-06,5.4475,%,Simplize,D,2026-10-08
2023-11-07,5.4475,%,Simplize,D,2026-10-08
2023-11-08,5.4475,%,Simplize,D,2026-10-08
2023-11-09,5.4475,%,Simplize,D,2026-10-08
2023-11-10,5.4475,%,Simplize,D,2026-10-08
2023-11-11,5.4475,%,Simplize,D,2026-10-08
2023-11-12,5.4475,%,Simplize,D,2026-10-08
2023-11-13,5.39,%,Simplize,D,2026-10-08
2023-11-14,5.39,%,Simplize,D,2026-10-08
2023-11-15,5.39,%,Simplize,D,2026-10-08
2023-11-16,5.39,%,Simplize,D,2026-10-08
2023-11-17,5.39,%,Simplize,D,2026-10-08
2023-11-18,5.39,%,Simplize,D,2026-10-08
2023-11-19,5.39,%,Simplize,D,2026-10-08
2023-11-20,5.345,%,Simplize,D,2026-10-08
2023-11-21,5.345,%,Simplize,D,2026-10-08
2023-11-22,5.345,%,Simplize,D,2026-10-08
2023-11-23,5.3375,%,Simplize,D,2026-10-08
2023-11-24,5.3175,%,Simplize,D,2026-10-08
2023-11-25,5.3175,%,Simplize,D,2026-10-08
2023-11-26,5.3175,%,Simplize,D,2026-10-08
2023-11-27,5.305,%,Simplize,D,2026-10-08
2023-11-28,5.305,%,Simplize,D,2026-10-08
2023-11-29,5.295,%,Simplize,D,2026-10-08
2023-11-30,5.284999999999999,%,Simplize,D,2026-10-08
2023-12-01,5.284999999999999,%,Simplize,D,2026-10-08
2023-12-02,5.284999999999999,%,Simplize,D,2026-10-08
2023-12-03,5.284999999999999,%,Simplize,D,2026-10-08
2023-12-04,5.284999999999999,%,Simplize,D,2026-10-08
2023-12-05,5.284999999999999,%,Simplize,D,2026-10-08
2023-12-06,5.29,%,Simplize,D,2026-10-08
2023-12-07,5.29,%,Simplize,D,2026-10-08
2023-12-08,5.3100000000000005,%,Simplize,D,2026-10-08
2023-12-09,5.3100000000000005,%,Simplize,D,2026-10-08
2023-12-10,5.3100000000000005,%,Simplize,D,2026-10-08
2023-12-11,5.3100000000000005,%,Simplize,D,2026-10-08
2023-12-12,5.3100000000000005,%,Simplize,D,2026-10-08
2023-12-13,5.295,%,Simplize,D,2026-10-08
2023-12-14,5.295,%,Simplize,D,2026-10-08
2023-12-15,5.265,%,Simplize,D,2026-10-08
2023-12-16,5.265,%,Simplize,D,2026-10-08
2023-12-17,5.265,%,Simplize,D,2026-10-08
2023-12-18,5.25,%,Simplize,D,2026-10-08
2023-12-19,5.235,%,Simplize,D,2026-10-08
2023-12-20,5.235,%,Simplize,D,2026-10-08
2023-12-21,5.22,%,Simplize,D,2026-10-08
2023-12-22,5.22,%,Simplize,D,2026-10-08
2023-12-23,5.205,%,Simplize,D,2026-10-08
2023-12-24,5.205,%,Simplize,D,2026-10-08
2023-12-25,5.205,%,Simplize,D,2026-10-08
2023-12-26,5.205,%,Simplize,D,2026-10-08
2023-12-27,5.205,%,Simplize,D,2026-10-08
2023-12-28,5.205,%,Simplize,D,2026-10-08
2023-12-29,5.205,%,Simplize,D,2026-10-08
2023-12-30,5.205,%,Simplize,D,2026-10-08
2023-12-31,5.205,%,Simplize,D,2026-10-08
2024-01-01,5.205,%,Simplize,D,2026-10-08
2024-01-02,5.205,%,Simplize,D,2026-10-08
2024-01-03,5.205,%,Simplize,D,2026-10-08
2024-01-04,5.17,%,Simplize,D,2026-10-08
2024-01-05,5.17,%,Simplize,D,2026-10-08
2024-01-06,5.17,%,Simplize,D,2026-10-08
2024-01-07,5.17,%,Simplize,D,2026-10-08
2024-01-08,5.17,%,Simplize,D,2026-10-08
2024-01-09,5.17,%,Simplize,D,2026-10-08
2024-01-10,5.17,%,Simplize,D,2026-10-08
2024-01-11,5.17,%,Simplize,D,2026-10-08
2024-01-12,5.165000000000001,%,Simplize,D,2026-10-08
2024-01-13,5.165000000000001,%,Simplize,D,2026-10-08
2024-01-14,5.165000000000001,%,Simplize,D,2026-10-08
2024-01-15,5.1450000000000005,%,Simplize,D,2026-10-08
2024-01-16,5.1450000000000005,%,Simplize,D,2026-10-08
2024-01-17,5.1450000000000005,%,Simplize,D,2026-10-08
2024-01-18,5.0975,%,Simplize,D,2026-10-08
2024-01-19,5.0975,%,Simplize,D,2026-10-08
2024-01-20,5.0975,%,Simplize,D,2026-10-08
2024-01-21,5.0975,%,Simplize,D,2026-10-08
2024-01-22,5.0925,%,Simplize,D,2026-10-08
2024-01-23,5.077500000000001,%,Simplize,D,2026-10-08
2024-01-24,5.0575,%,Simplize,D,2026-10-08
2024-01-25,5.0575,%,Simplize,D,2026-10-08
2024-01-26,5.0575,%,Simplize,D,2026-10-08
2024-01-27,5.027500000000001,%,Simplize,D,2026-10-08
2024-01-28,5.027500000000001,%,Simplize,D,2026-10-08
2024-01-29,5.005,%,Simplize,D,2026-10-08
2024-01-30,4.994999999999999,%,Simplize,D,2026-10-08
2024-01-31,4.985,%,Simplize,D,2026-10-08
2024-02-01,4.985,%,Simplize,D,2026-10-08
2024-02-02,4.975,%,Simplize,D,2026-10-08
2024-02-03,4.975,%,Simplize,D,2026-10-08
2024-02-04,4.975,%,Simplize,D,2026-10-08
2024-02-05,4.975,%,Simplize,D,2026-10-08
2024-02-06,4.955,%,Simplize,D,2026-10-08
2024-02-07,4.955,%,Simplize,D,2026-10-08
2024-02-08,4.955,%,Simplize,D,2026-10-08
2024-02-09,4.945,%,Simplize,D,2026-10-08
2024-02-10,4.945,%,Simplize,D,2026-10-08
2024-02-11,4.945,%,Simplize,D,2026-10-08
2024-02-12,4.945,%,Simplize,D,2026-10-08
2024-02-13,4.945,%,Simplize,D,2026-10-08
2024-02-14,4.945,%,Simplize,D,2026-10-08
2024-02-15,4.945,%,Simplize,D,2026-10-08
2024-02-16,4.945,%,Simplize,D,2026-10-08
2024-02-17,4.945,%,Simplize,D,2026-10-08
2024-02-18,4.945,%,Simplize,D,2026-10-08
2024-02-19,4.879411764705883,%,Simplize,D,2026-10-08
2024-02-20,4.855882352941176,%,Simplize,D,2026-10-08
2024-02-21,4.814705882352942,%,Simplize,D,2026-10-08
2024-02-22,4.814705882352942,%,Simplize,D,2026-10-08
2024-02-23,4.814705882352942,%,Simplize,D,2026-10-08
2024-02-24,4.814705882352942,%,Simplize,D,2026-10-08
2024-02-25,4.814705882352942,%,Simplize,D,2026-10-08
2024-02-26,4.78529411764706,%,Simplize,D,2026-10-08
2024-02-27,4.78529411764706,%,Simplize,D,2026-10-08
2024-02-28,4.7441176470588236,%,Simplize,D,2026-10-08
2024-02-29,4.7441176470588236,%,Simplize,D,2026-10-08
2024-03-01,4.7441176470588236,%,Simplize,D,2026-10-08
2024-03-02,4.7441176470588236,%,Simplize,D,2026-10-08
2024-03-03,4.7441176470588236,%,Simplize,D,2026-10-08
2024-03-04,4.6911764705882355,%,Simplize,D,2026-10-08
2024-03-05,4.655882352941177,%,Simplize,D,2026-10-08
2024-03-06,4.655882352941177,%,Simplize,D,2026-10-08
2024-03-07,4.655882352941177,%,Simplize,D,2026-10-08
2024-03-08,4.655882352941177,%,Simplize,D,2026-10-08
2024-03-09,4.655882352941177,%,Simplize,D,2026-10-08
2024-03-10,4.655882352941177,%,Simplize,D,2026-10-08
2024-03-11,4.65,%,Simplize,D,2026-10-08
2024-03-12,4.626470588235295,%,Simplize,D,2026-10-08
2024-03-13,4.626470588235295,%,Simplize,D,2026-10-08
2024-03-14,4.626470588235295,%,Simplize,D,2026-10-08
2024-03-15,4.620588235294117,%,Simplize,D,2026-10-08
2024-03-16,4.620588235294117,%,Simplize,D,2026-10-08
2024-03-17,4.620588235294117,%,Simplize,D,2026-10-08
2024-03-18,4.620588235294117,%,Simplize,D,2026-10-08
2024-03-19,4.614705882352942,%,Simplize,D,2026-10-08
2024-03-20,4.614705882352942,%,Simplize,D,2026-10-08
2024-03-21,4.491176470588235,%,Simplize,D,2026-10-08
2024-03-22,4.461764705882353,%,Simplize,D,2026-10-08
2024-03-23,4.461764705882353,%,Simplize,D,2026-10-08
2024-03-24,4.461764705882353,%,Simplize,D,2026-10-08
2024-03-25,4.461764705882353,%,Simplize,D,2026-10-08
2024-03-26,4.461764705882353,%,Simplize,D,2026-10-08
2024-03-27,4.473529411764707,%,Simplize,D,2026-10-08
2024-03-28,4.473529411764707,%,Simplize,D,2026-10-08
2024-03-29,4.473529411764707,%,Simplize,D,2026-10-08
2024-03-30,4.473529411764707,%,Simplize,D,2026-10-08
2024-03-31,4.473529411764707,%,Simplize,D,2026-10-08
2024-04-01,4.4676470588235295,%,Simplize,D,2026-10-08
2024-04-02,4.461764705882353,%,Simplize,D,2026-10-08
2024-04-03,4.461764705882353,%,Simplize,D,2026-10-08
2024-04-04,4.461764705882353,%,Simplize,D,2026-10-08
2024-04-05,4.461764705882353,%,Simplize,D,2026-10-08
2024-04-06,4.461764705882353,%,Simplize,D,2026-10-08
2024-04-07,4.461764705882353,%,Simplize,D,2026-10-08
2024-04-08,4.45,%,Simplize,D,2026-10-08
2024-04-09,4.4676470588235295,%,Simplize,D,2026-10-08
2024-04-10,4.4676470588235295,%,Simplize,D,2026-10-08
2024-04-11,4.4676470588235295,%,Simplize,D,2026-10-08
2024-04-12,4.4676470588235295,%,Simplize,D,2026-10-08
2024-04-13,4.4676470588235295,%,Simplize,D,2026-10-08
2024-04-14,4.4676470588235295,%,Simplize,D,2026-10-08
2024-04-15,4.4676470588235295,%,Simplize,D,2026-10-08
2024-04-16,4.4676470588235295,%,Simplize,D,2026-10-08
2024-04-17,4.482352941176471,%,Simplize,D,2026-10-08
2024-04-18,4.482352941176471,%,Simplize,D,2026-10-08
2024-04-19,4.482352941176471,%,Simplize,D,2026-10-08
2024-04-20,4.482352941176471,%,Simplize,D,2026-10-08
2024-04-21,4.511764705882353,%,Simplize,D,2026-10-08
2024-04-22,4.511764705882353,%,Simplize,D,2026-10-08
2024-04-23,4.511764705882353,%,Simplize,D,2026-10-08
2024-04-24,4.511764705882353,%,Simplize,D,2026-10-08
2024-04-25,4.511764705882353,%,Simplize,D,2026-10-08
2024-04-26,4.511764705882353,%,Simplize,D,2026-10-08
2024-04-27,4.511764705882353,%,Simplize,D,2026-10-08
2024-04-28,4.511764705882353,%,Simplize,D,2026-10-08
2024-04-29,4.511764705882353,%,Simplize,D,2026-10-08
2024-04-30,4.511764705882353,%,Simplize,D,2026-10-08
2024-05-01,4.505882352941177,%,Simplize,D,2026-10-08
2024-05-02,4.505882352941177,%,Simplize,D,2026-10-08
2024-05-03,4.505882352941177,%,Simplize,D,2026-10-08
2024-05-04,4.505882352941177,%,Simplize,D,2026-10-08
2024-05-05,4.523529411764706,%,Simplize,D,2026-10-08
2024-05-06,4.55,%,Simplize,D,2026-10-08
2024-05-07,4.55,%,Simplize,D,2026-10-08
2024-05-08,4.602941176470588,%,Simplize,D,2026-10-08
2024-05-09,4.602941176470588,%,Simplize,D,2026-10-08
2024-05-10,4.602941176470588,%,Simplize,D,2026-10-08
2024-05-11,4.602941176470588,%,Simplize,D,2026-10-08
2024-05-12,4.602941176470588,%,Simplize,D,2026-10-08
2024-05-13,4.602941176470588,%,Simplize,D,2026-10-08
2024-05-14,4.602941176470588,%,Simplize,D,2026-10-08
2024-05-15,4.614705882352942,%,Simplize,D,2026-10-08
2024-05-16,4.614705882352942,%,Simplize,D,2026-10-08
2024-05-17,4.614705882352942,%,Simplize,D,2026-10-08
2024-05-18,4.614705882352942,%,Simplize,D,2026-10-08
2024-05-19,4.614705882352942,%,Simplize,D,2026-10-08
2024-05-20,4.620588235294118,%,Simplize,D,2026-10-08
2024-05-21,4.620588235294118,%,Simplize,D,2026-10-08
2024-05-22,4.620588235294118,%,Simplize,D,2026-10-08
2024-05-23,4.620588235294118,%,Simplize,D,2026-10-08
2024-05-24,4.6382352941176475,%,Simplize,D,2026-10-08
2024-05-25,4.6382352941176475,%,Simplize,D,2026-10-08
2024-05-26,4.661764705882353,%,Simplize,D,2026-10-08
2024-05-27,4.679411764705883,%,Simplize,D,2026-10-08
2024-05-28,4.7029411764705875,%,Simplize,D,2026-10-08
2024-05-29,4.679411764705883,%,Simplize,D,2026-10-08
2024-05-30,4.679411764705883,%,Simplize,D,2026-10-08
2024-05-31,4.679411764705883,%,Simplize,D,2026-10-08
2024-06-01,4.679411764705883,%,Simplize,D,2026-10-08
2024-06-02,4.679411764705883,%,Simplize,D,2026-10-08
2024-06-03,4.679411764705883,%,Simplize,D,2026-10-08
2024-06-04,4.702941176470588,%,Simplize,D,2026-10-08
2024-06-05,4.708823529411766,%,Simplize,D,2026-10-08
2024-06-06,4.826470588235294,%,Simplize,D,2026-10-08
2024-06-07,4.826470588235294,%,Simplize,D,2026-10-08
2024-06-08,4.826470588235294,%,Simplize,D,2026-10-08
2024-06-09,4.826470588235294,%,Simplize,D,2026-10-08
2024-06-10,4.826470588235294,%,Simplize,D,2026-10-08
2024-06-11,4.826470588235294,%,Simplize,D,2026-10-08
2024-06-12,4.855882352941176,%,Simplize,D,2026-10-08
2024-06-13,4.855882352941176,%,Simplize,D,2026-10-08
2024-06-14,4.867647058823529,%,Simplize,D,2026-10-08
2024-06-15,4.867647058823529,%,Simplize,D,2026-10-08
2024-06-16,4.897058823529411,%,Simplize,D,2026-10-08
2024-06-17,4.897058823529411,%,Simplize,D,2026-10-08
2024-06-18,4.897058823529411,%,Simplize,D,2026-10-08
2024-06-19,4.897058823529411,%,Simplize,D,2026-10-08
2024-06-20,4.914705882352941,%,Simplize,D,2026-10-08
2024-06-21,4.914705882352941,%,Simplize,D,2026-10-08
2024-06-22,4.914705882352941,%,Simplize,D,2026-10-08
2024-06-23,4.914705882352941,%,Simplize,D,2026-10-08
2024-06-24,4.914705882352941,%,Simplize,D,2026-10-08
2024-06-25,4.93235294117647,%,Simplize,D,2026-10-08
2024-06-26,4.93235294117647,%,Simplize,D,2026-10-08
2024-06-27,4.93235294117647,%,Simplize,D,2026-10-08
2024-06-28,4.93235294117647,%,Simplize,D,2026-10-08
2024-06-29,4.93235294117647,%,Simplize,D,2026-10-08
2024-06-30,4.93235294117647,%,Simplize,D,2026-10-08
2024-07-01,4.93235294117647,%,Simplize,D,2026-10-08
2024-07-02,4.93235294117647,%,Simplize,D,2026-10-08
2024-07-03,4.93235294117647,%,Simplize,D,2026-10-08
2024-07-04,4.961764705882352,%,Simplize,D,2026-10-08
2024-07-05,4.961764705882352,%,Simplize,D,2026-10-08
2024-07-06,4.961764705882352,%,Simplize,D,2026-10-08
2024-07-07,4.961764705882352,%,Simplize,D,2026-10-08
2024-07-08,4.9794117647058815,%,Simplize,D,2026-10-08
2024-07-09,4.9794117647058815,%,Simplize,D,2026-10-08
2024-07-10,4.985294117647058,%,Simplize,D,2026-10-08
2024-07-11,4.985294117647058,%,Simplize,D,2026-10-08
2024-07-12,4.985294117647058,%,Simplize,D,2026-10-08
2024-07-13,4.985294117647058,%,Simplize,D,2026-10-08
2024-07-14,4.985294117647058,%,Simplize,D,2026-10-08
2024-07-15,4.997058823529411,%,Simplize,D,2026-10-08
2024-07-16,5.002941176470588,%,Simplize,D,2026-10-08
2024-07-17,5.014705882352941,%,Simplize,D,2026-10-08
2024-07-18,5.014705882352941,%,Simplize,D,2026-10-08
2024-07-19,5.014705882352941,%,Simplize,D,2026-10-08
2024-07-20,5.014705882352941,%,Simplize,D,2026-10-08
2024-07-21,5.014705882352941,%,Simplize,D,2026-10-08
2024-07-22,5.014705882352941,%,Simplize,D,2026-10-08
2024-07-23,5.014705882352941,%,Simplize,D,2026-10-08
2024-07-24,5.026470588235294,%,Simplize,D,2026-10-08
2024-07-25,5.038235294117648,%,Simplize,D,2026-10-08
2024-07-26,5.052941176470589,%,Simplize,D,2026-10-08
2024-07-27,5.052941176470589,%,Simplize,D,2026-10-08
2024-07-28,5.052941176470589,%,Simplize,D,2026-10-08
2024-07-29,5.052941176470589,%,Simplize,D,2026-10-08
2024-07-30,5.052941176470589,%,Simplize,D,2026-10-08
2024-07-31,5.052941176470589,%,Simplize,D,2026-10-08
2024-08-01,5.052941176470589,%,Simplize,D,2026-10-08
2024-08-02,5.070588235294117,%,Simplize,D,2026-10-08
2024-08-03,5.070588235294117,%,Simplize,D,2026-10-08
2024-08-04,5.070588235294117,%,Simplize,D,2026-10-08
2024-08-05,5.070588235294117,%,Simplize,D,2026-10-08
2024-08-06,5.070588235294117,%,Simplize,D,2026-10-08
2024-08-07,5.055882352941176,%,Simplize,D,2026-10-08
2024-08-08,5.06764705882353,%,Simplize,D,2026-10-08
2024-08-09,5.06764705882353,%,Simplize,D,2026-10-08
2024-08-10,5.06764705882353,%,Simplize,D,2026-10-08
2024-08-11,5.06764705882353,%,Simplize,D,2026-10-08
2024-08-12,5.06764705882353,%,Simplize,D,2026-10-08
2024-08-13,5.0588235294117645,%,Simplize,D,2026-10-08
2024-08-14,5.0588235294117645,%,Simplize,D,2026-10-08
2024-08-15,5.0588235294117645,%,Simplize,D,2026-10-08
2024-08-16,5.0588235294117645,%,Simplize,D,2026-10-08
2024-08-17,5.0588235294117645,%,Simplize,D,2026-10-08
2024-08-18,5.0588235294117645,%,Simplize,D,2026-10-08
2024-08-19,5.0588235294117645,%,Simplize,D,2026-10-08
2024-08-20,5.0588235294117645,%,Simplize,D,2026-10-08
2024-08-21,5.0588235294117645,%,Simplize,D,2026-10-08
2024-08-22,5.0588235294117645,%,Simplize,D,2026-10-08
2024-08-23,5.0588235294117645,%,Simplize,D,2026-10-08
2024-08-24,5.0588235294117645,%,Simplize,D,2026-10-08
2024-08-25,5.0588235294117645,%,Simplize,D,2026-10-08
2024-08-26,5.0588235294117645,%,Simplize,D,2026-10-08
2024-08-27,5.0588235294117645,%,Simplize,D,2026-10-08
2024-08-28,5.0588235294117645,%,Simplize,D,2026-10-08
2024-08-29,5.0588235294117645,%,Simplize,D,2026-10-08
2024-08-30,5.0588235294117645,%,Simplize,D,2026-10-08
2024-08-31,5.0588235294117645,%,Simplize,D,2026-10-08
2024-09-01,5.0588235294117645,%,Simplize,D,2026-10-08
2024-09-02,5.0588235294117645,%,Simplize,D,2026-10-08
2024-09-03,5.064705882352942,%,Simplize,D,2026-10-08
2024-09-04,5.064705882352942,%,Simplize,D,2026-10-08
2024-09-05,5.064705882352942,%,Simplize,D,2026-10-08
2024-09-06,5.064705882352942,%,Simplize,D,2026-10-08
2024-09-07,5.064705882352942,%,Simplize,D,2026-10-08
2024-09-08,5.064705882352942,%,Simplize,D,2026-10-08
2024-09-09,5.064705882352942,%,Simplize,D,2026-10-08
2024-09-10,5.070588235294117,%,Simplize,D,2026-10-08
2024-09-11,5.070588235294117,%,Simplize,D,2026-10-08
2024-09-12,5.070588235294117,%,Simplize,D,2026-10-08
2024-09-13,5.070588235294117,%,Simplize,D,2026-10-08
2024-09-14,5.070588235294117,%,Simplize,D,2026-10-08
2024-09-15,5.070588235294117,%,Simplize,D,2026-10-08
2024-09-16,5.070588235294117,%,Simplize,D,2026-10-08
2024-09-17,5.070588235294117,%,Simplize,D,2026-10-08
2024-09-18,5.070588235294117,%,Simplize,D,2026-10-08
2024-09-19,5.070588235294117,%,Simplize,D,2026-10-08
2024-09-20,5.070588235294117,%,Simplize,D,2026-10-08
2024-09-21,5.070588235294117,%,Simplize,D,2026-10-08
2024-09-22,5.070588235294117,%,Simplize,D,2026-10-08
2024-09-23,5.076470588235295,%,Simplize,D,2026-10-08
2024-09-24,5.076470588235295,%,Simplize,D,2026-10-08
2024-09-25,5.076470588235295,%,Simplize,D,2026-10-08
2024-09-26,5.076470588235295,%,Simplize,D,2026-10-08
2024-09-27,5.076470588235295,%,Simplize,D,2026-10-08
2024-09-28,5.076470588235295,%,Simplize,D,2026-10-08
2024-09-29,5.076470588235295,%,Simplize,D,2026-10-08
2024-09-30,5.076470588235295,%,Simplize,D,2026-10-08
2024-10-01,5.076470588235295,%,Simplize,D,2026-10-08
2024-10-02,5.076470588235295,%,Simplize,D,2026-10-08
2024-10-03,5.076470588235295,%,Simplize,D,2026-10-08
2024-10-04,5.076470588235295,%,Simplize,D,2026-10-08
2024-10-05,5.076470588235295,%,Simplize,D,2026-10-08
2024-10-06,5.076470588235295,%,Simplize,D,2026-10-08
2024-10-07,5.076470588235295,%,Simplize,D,2026-10-08
2024-10-08,5.076470588235295,%,Simplize,D,2026-10-08
2024-10-09,5.076470588235295,%,Simplize,D,2026-10-08
2024-10-10,5.076470588235295,%,Simplize,D,2026-10-08
2024-10-11,5.076470588235295,%,Simplize,D,2026-10-08
2024-10-12,5.076470588235295,%,Simplize,D,2026-10-08
2024-10-13,5.076470588235295,%,Simplize,D,2026-10-08
2024-10-14,5.076470588235295,%,Simplize,D,2026-10-08
2024-10-15,5.076470588235295,%,Simplize,D,2026-10-08
2024-10-16,5.076470588235295,%,Simplize,D,2026-10-08
2024-10-17,5.076470588235295,%,Simplize,D,2026-10-08
2024-10-18,5.076470588235294,%,Simplize,D,2026-10-08
2024-10-19,5.076470588235294,%,Simplize,D,2026-10-08
2024-10-20,5.076470588235294,%,Simplize,D,2026-10-08
2024-10-21,5.076470588235294,%,Simplize,D,2026-10-08
2024-10-22,5.076470588235294,%,Simplize,D,2026-10-08
2024-10-23,5.076470588235294,%,Simplize,D,2026-10-08
2024-10-24,5.076470588235294,%,Simplize,D,2026-10-08
2024-10-25,5.082352941176471,%,Simplize,D,2026-10-08
2024-10-26,5.082352941176471,%,Simplize,D,2026-10-08
2024-10-27,5.082352941176471,%,Simplize,D,2026-10-08
2024-10-28,5.082352941176471,%,Simplize,D,2026-10-08
2024-10-29,5.082352941176471,%,Simplize,D,2026-10-08
2024-10-30,5.082352941176471,%,Simplize,D,2026-10-08
2024-10-31,5.082352941176471,%,Simplize,D,2026-10-08
2024-11-01,5.082352941176471,%,Simplize,D,2026-10-08
2024-11-02,5.082352941176471,%,Simplize,D,2026-10-08
2024-11-03,5.082352941176471,%,Simplize,D,2026-10-08
2024-11-04,5.082352941176471,%,Simplize,D,2026-10-08
2024-11-05,5.082352941176471,%,Simplize,D,2026-10-08
2024-11-06,5.082352941176471,%,Simplize,D,2026-10-08
2024-11-07,5.082352941176471,%,Simplize,D,2026-10-08
2024-11-08,5.082352941176471,%,Simplize,D,2026-10-08
2024-11-09,5.082352941176471,%,Simplize,D,2026-10-08
2024-11-10,5.082352941176471,%,Simplize,D,2026-10-08
2024-11-11,5.082352941176471,%,Simplize,D,2026-10-08
2024-11-12,5.082352941176471,%,Simplize,D,2026-10-08
2024-11-13,5.082352941176471,%,Simplize,D,2026-10-08
2024-11-14,5.082352941176471,%,Simplize,D,2026-10-08
2024-11-15,5.094117647058824,%,Simplize,D,2026-10-08
2024-11-16,5.094117647058824,%,Simplize,D,2026-10-08
2024-11-17,5.094117647058824,%,Simplize,D,2026-10-08
2024-11-18,5.094117647058824,%,Simplize,D,2026-10-08
2024-11-19,5.094117647058824,%,Simplize,D,2026-10-08
2024-11-20,5.094117647058824,%,Simplize,D,2026-10-08
2024-11-21,5.094117647058824,%,Simplize,D,2026-10-08
2024-11-22,5.094117647058824,%,Simplize,D,2026-10-08
2024-11-23,5.094117647058824,%,Simplize,D,2026-10-08
2024-11-24,5.094117647058824,%,Simplize,D,2026-10-08
2024-11-25,5.094117647058824,%,Simplize,D,2026-10-08
2024-11-26,5.094117647058824,%,Simplize,D,2026-10-08
2024-11-27,5.088235294117647,%,Simplize,D,2026-10-08
2024-11-28,5.088235294117647,%,Simplize,D,2026-10-08
2024-11-29,5.088235294117647,%,Simplize,D,2026-10-08
2024-11-30,5.088235294117647,%,Simplize,D,2026-10-08
2024-12-01,5.088235294117647,%,Simplize,D,2026-10-08
2024-12-02,5.088235294117647,%,Simplize,D,2026-10-08
2024-12-03,5.1000000000000005,%,Simplize,D,2026-10-08
2024-12-04,5.111764705882353,%,Simplize,D,2026-10-08
2024-12-05,5.111764705882353,%,Simplize,D,2026-10-08
2024-12-06,5.105882352941177,%,Simplize,D,2026-10-08
2024-12-07,5.105882352941177,%,Simplize,D,2026-10-08
2024-12-08,5.105882352941177,%,Simplize,D,2026-10-08
2024-12-09,5.111764705882353,%,Simplize,D,2026-10-08
2024-12-10,5.111764705882353,%,Simplize,D,2026-10-08
2024-12-11,5.111764705882353,%,Simplize,D,2026-10-08
2024-12-12,5.111764705882353,%,Simplize,D,2026-10-08
2024-12-13,5.111764705882353,%,Simplize,D,2026-10-08
2024-12-14,5.111764705882353,%,Simplize,D,2026-10-08
2024-12-15,5.111764705882353,%,Simplize,D,2026-10-08
2024-12-16,5.111764705882353,%,Simplize,D,2026-10-08
2024-12-17,5.123529411764706,%,Simplize,D,2026-10-08
2024-12-18,5.123529411764706,%,Simplize,D,2026-10-08
2024-12-19,5.123529411764706,%,Simplize,D,2026-10-08
2024-12-20,5.123529411764706,%,Simplize,D,2026-10-08
2024-12-21,5.123529411764706,%,Simplize,D,2026-10-08
2024-12-22,5.123529411764706,%,Simplize,D,2026-10-08
2024-12-23,5.123529411764706,%,Simplize,D,2026-10-08
2024-12-24,5.123529411764706,%,Simplize,D,2026-10-08
2024-12-25,5.123529411764706,%,Simplize,D,2026-10-08
2024-12-26,5.123529411764706,%,Simplize,D,2026-10-08
2024-12-27,5.123529411764706,%,Simplize,D,2026-10-08
2024-12-28,5.123529411764706,%,Simplize,D,2026-10-08
2024-12-29,5.123529411764706,%,Simplize,D,2026-10-08
2024-12-30,5.123529411764706,%,Simplize,D,2026-10-08
2024-12-31,5.135294117647059,%,Simplize,D,2026-10-08
2025-01-01,5.135294117647059,%,Simplize,D,2026-10-08
2025-01-02,5.135294117647059,%,Simplize,D,2026-10-08
2025-01-03,5.135294117647059,%,Simplize,D,2026-10-08
2025-01-04,5.135294117647059,%,Simplize,D,2026-10-08
2025-01-05,5.135294117647059,%,Simplize,D,2026-10-08
2025-01-06,5.135294117647059,%,Simplize,D,2026-10-08
2025-01-07,5.135294117647059,%,Simplize,D,2026-10-08
2025-01-08,5.135294117647059,%,Simplize,D,2026-10-08
2025-01-09,5.135294117647059,%,Simplize,D,2026-10-08
2025-01-10,5.135294117647059,%,Simplize,D,2026-10-08
2025-01-11,5.135294117647059,%,Simplize,D,2026-10-08
2025-01-12,5.135294117647059,%,Simplize,D,2026-10-08
2025-01-13,5.135294117647059,%,Simplize,D,2026-10-08
2025-01-14,5.135294117647059,%,Simplize,D,2026-10-08
2025-01-15,5.135294117647059,%,Simplize,D,2026-10-08
2025-01-16,5.135294117647059,%,Simplize,D,2026-10-08
2025-01-17,5.135294117647059,%,Simplize,D,2026-10-08
2025-01-18,5.135294117647059,%,Simplize,D,2026-10-08
2025-01-19,5.135294117647059,%,Simplize,D,2026-10-08
2025-01-20,5.135294117647059,%,Simplize,D,2026-10-08
2025-01-21,5.135294117647059,%,Simplize,D,2026-10-08
2025-01-22,5.135294117647059,%,Simplize,D,2026-10-08
2025-01-23,5.129411764705883,%,Simplize,D,2026-10-08
2025-01-24,5.129411764705883,%,Simplize,D,2026-10-08
2025-01-25,5.129411764705883,%,Simplize,D,2026-10-08
2025-01-26,5.129411764705883,%,Simplize,D,2026-10-08
2025-01-27,5.129411764705883,%,Simplize,D,2026-10-08
2025-01-28,5.129411764705883,%,Simplize,D,2026-10-08
2025-01-29,5.129411764705883,%,Simplize,D,2026-10-08
2025-01-30,5.129411764705883,%,Simplize,D,2026-10-08
2025-01-31,5.129411764705883,%,Simplize,D,2026-10-08
2025-02-01,5.129411764705883,%,Simplize,D,2026-10-08
2025-02-02,5.129411764705883,%,Simplize,D,2026-10-08
2025-02-03,5.129411764705883,%,Simplize,D,2026-10-08
2025-02-04,5.129411764705883,%,Simplize,D,2026-10-08
2025-02-05,5.129411764705883,%,Simplize,D,2026-10-08
2025-02-06,5.123529411764706,%,Simplize,D,2026-10-08
2025-02-07,5.123529411764706,%,Simplize,D,2026-10-08
2025-02-08,5.123529411764706,%,Simplize,D,2026-10-08
2025-02-09,5.123529411764706,%,Simplize,D,2026-10-08
2025-02-10,5.123529411764706,%,Simplize,D,2026-10-08
2025-02-11,5.123529411764706,%,Simplize,D,2026-10-08
2025-02-12,5.123529411764706,%,Simplize,D,2026-10-08
2025-02-13,5.123529411764706,%,Simplize,D,2026-10-08
2025-02-14,5.123529411764706,%,Simplize,D,2026-10-08
2025-02-15,5.123529411764706,%,Simplize,D,2026-10-08
2025-02-16,5.123529411764706,%,Simplize,D,2026-10-08
2025-02-17,5.123529411764706,%,Simplize,D,2026-10-08
2025-02-18,5.123529411764706,%,Simplize,D,2026-10-08
2025-02-19,5.123529411764706,%,Simplize,D,2026-10-08
2025-02-20,5.123529411764706,%,Simplize,D,2026-10-08
2025-02-21,5.123529411764706,%,Simplize,D,2026-10-08
2025-02-22,5.123529411764706,%,Simplize,D,2026-10-08
2025-02-23,5.123529411764706,%,Simplize,D,2026-10-08
2025-02-24,5.123529411764706,%,Simplize,D,2026-10-08
2025-02-25,5.044117647058824,%,Simplize,D,2026-10-08
2025-02-26,5.263888888888889,%,Simplize,D,2026-10-08
2025-02-27,5.241666666666667,%,Simplize,D,2026-10-08
2025-02-28,5.236111111111112,%,Simplize,D,2026-10-08
2025-03-01,5.236111111111112,%,Simplize,D,2026-10-08
2025-03-02,5.236111111111112,%,Simplize,D,2026-10-08
2025-03-03,5.236111111111112,%,Simplize,D,2026-10-08
2025-03-04,5.236111111111112,%,Simplize,D,2026-10-08
2025-03-05,5.236111111111112,%,Simplize,D,2026-10-08
2025-03-06,5.236111111111112,%,Simplize,D,2026-10-08
2025-03-07,5.236111111111112,%,Simplize,D,2026-10-08
2025-03-08,5.236111111111112,%,Simplize,D,2026-10-08
2025-03-09,5.236111111111112,%,Simplize,D,2026-10-08
2025-03-10,5.236111111111112,%,Simplize,D,2026-10-08
2025-03-11,5.230555555555557,%,Simplize,D,2026-10-08
2025-03-12,5.230555555555557,%,Simplize,D,2026-10-08
2025-03-13,5.230555555555557,%,Simplize,D,2026-10-08
2025-03-14,5.230555555555557,%,Simplize,D,2026-10-08
2025-03-15,5.230555555555557,%,Simplize,D,2026-10-08
2025-03-16,5.230555555555557,%,Simplize,D,2026-10-08
2025-03-17,5.230555555555557,%,Simplize,D,2026-10-08
2025-03-18,5.230555555555557,%,Simplize,D,2026-10-08
2025-03-19,5.230555555555557,%,Simplize,D,2026-10-08
2025-03-20,5.230555555555557,%,Simplize,D,2026-10-08
2025-03-21,5.230555555555557,%,Simplize,D,2026-10-08
2025-03-22,5.230555555555557,%,Simplize,D,2026-10-08
2025-03-23,5.230555555555557,%,Simplize,D,2026-10-08
2025-03-24,5.230555555555557,%,Simplize,D,2026-10-08
2025-03-25,5.230555555555557,%,Simplize,D,2026-10-08
2025-03-26,5.230555555555557,%,Simplize,D,2026-10-08
2025-03-27,5.2250000000000005,%,Simplize,D,2026-10-08
2025-03-28,5.2250000000000005,%,Simplize,D,2026-10-08
2025-03-29,5.2250000000000005,%,Simplize,D,2026-10-08
2025-03-30,5.2250000000000005,%,Simplize,D,2026-10-08
2025-03-31,5.219444444444445,%,Simplize,D,2026-10-08
2025-04-01,5.219444444444445,%,Simplize,D,2026-10-08
2025-04-02,5.219444444444445,%,Simplize,D,2026-10-08
2025-04-03,5.2138888888888895,%,Simplize,D,2026-10-08
2025-04-04,5.2138888888888895,%,Simplize,D,2026-10-08
2025-04-05,5.208333333333334,%,Simplize,D,2026-10-08
2025-04-06,5.208333333333334,%,Simplize,D,2026-10-08
2025-04-07,5.208333333333334,%,Simplize,D,2026-10-08
2025-04-08,5.208333333333334,%,Simplize,D,2026-10-08
2025-04-09,5.208333333333334,%,Simplize,D,2026-10-08
2025-04-10,5.208333333333334,%,Simplize,D,2026-10-08
2025-04-11,5.208333333333334,%,Simplize,D,2026-10-08
2025-04-12,5.208333333333334,%,Simplize,D,2026-10-08
2025-04-13,5.208333333333334,%,Simplize,D,2026-10-08
2025-04-14,5.186111111111112,%,Simplize,D,2026-10-08
2025-04-15,5.186111111111112,%,Simplize,D,2026-10-08
2025-04-16,5.180555555555556,%,Simplize,D,2026-10-08
2025-04-17,5.197222222222223,%,Simplize,D,2026-10-08
2025-04-18,5.197222222222223,%,Simplize,D,2026-10-08
2025-04-19,5.197222222222223,%,Simplize,D,2026-10-08
2025-04-20,5.197222222222223,%,Simplize,D,2026-10-08
2025-04-21,5.197222222222223,%,Simplize,D,2026-10-08
2025-04-22,5.197222222222223,%,Simplize,D,2026-10-08
2025-04-23,5.208333333333333,%,Simplize,D,2026-10-08
2025-04-24,5.208333333333333,%,Simplize,D,2026-10-08
2025-04-25,5.208333333333333,%,Simplize,D,2026-10-08
2025-04-26,5.208333333333333,%,Simplize,D,2026-10-08
2025-04-27,5.208333333333333,%,Simplize,D,2026-10-08
2025-04-28,5.208333333333333,%,Simplize,D,2026-10-08
2025-04-29,5.208333333333333,%,Simplize,D,2026-10-08
2025-04-30,5.208333333333333,%,Simplize,D,2026-10-08
2025-05-01,5.208333333333333,%,Simplize,D,2026-10-08
2025-05-02,5.208333333333333,%,Simplize,D,2026-10-08
2025-05-03,5.208333333333333,%,Simplize,D,2026-10-08
2025-05-04,5.208333333333333,%,Simplize,D,2026-10-08
2025-05-05,5.208333333333333,%,Simplize,D,2026-10-08
2025-05-06,5.208333333333333,%,Simplize,D,2026-10-08
2025-05-07,5.2138888888888895,%,Simplize,D,2026-10-08
2025-05-08,5.2138888888888895,%,Simplize,D,2026-10-08
2025-05-09,5.2138888888888895,%,Simplize,D,2026-10-08
2025-05-10,5.2138888888888895,%,Simplize,D,2026-10-08
2025-05-11,5.2138888888888895,%,Simplize,D,2026-10-08
2025-05-12,5.2138888888888895,%,Simplize,D,2026-10-08
2025-05-13,5.2138888888888895,%,Simplize,D,2026-10-08
2025-05-14,5.2138888888888895,%,Simplize,D,2026-10-08
2025-05-15,5.2138888888888895,%,Simplize,D,2026-10-08
2025-05-16,5.2138888888888895,%,Simplize,D,2026-10-08
2025-05-17,5.2138888888888895,%,Simplize,D,2026-10-08
2025-05-18,5.2138888888888895,%,Simplize,D,2026-10-08
2025-05-19,5.208333333333333,%,Simplize,D,2026-10-08
2025-05-20,5.208333333333333,%,Simplize,D,2026-10-08
2025-05-21,5.208333333333333,%,Simplize,D,2026-10-08
2025-05-22,5.2027777777777775,%,Simplize,D,2026-10-08
2025-05-23,5.197222222222222,%,Simplize,D,2026-10-08
2025-05-24,5.197222222222222,%,Simplize,D,2026-10-08
2025-05-25,5.197222222222222,%,Simplize,D,2026-10-08
2025-05-26,5.197222222222222,%,Simplize,D,2026-10-08
2025-05-27,5.197222222222222,%,Simplize,D,2026-10-08
2025-05-28,5.197222222222222,%,Simplize,D,2026-10-08
2025-05-29,5.197222222222222,%,Simplize,D,2026-10-08
2025-05-30,5.197222222222222,%,Simplize,D,2026-10-08
2025-05-31,5.197222222222222,%,Simplize,D,2026-10-08
2025-06-01,5.197222222222222,%,Simplize,D,2026-10-08
2025-06-02,5.177777777777777,%,Simplize,D,2026-10-08
2025-06-03,5.177777777777777,%,Simplize,D,2026-10-08
2025-06-04,5.172222222222222,%,Simplize,D,2026-10-08
2025-06-05,5.177777777777777,%,Simplize,D,2026-10-08
2025-06-06,5.177777777777777,%,Simplize,D,2026-10-08
2025-06-07,5.177777777777777,%,Simplize,D,2026-10-08
2025-06-08,5.177777777777777,%,Simplize,D,2026-10-08
2025-06-09,5.177777777777777,%,Simplize,D,2026-10-08
2025-06-10,5.177777777777777,%,Simplize,D,2026-10-08
2025-06-11,5.177777777777777,%,Simplize,D,2026-10-08
2025-06-12,5.177777777777777,%,Simplize,D,2026-10-08
2025-06-13,5.172222222222222,%,Simplize,D,2026-10-08
2025-06-14,5.172222222222222,%,Simplize,D,2026-10-08
2025-06-15,5.172222222222222,%,Simplize,D,2026-10-08
2025-06-16,5.172222222222222,%,Simplize,D,2026-10-08
2025-06-17,5.172222222222222,%,Simplize,D,2026-10-08
2025-06-18,5.172222222222222,%,Simplize,D,2026-10-08
2025-06-19,5.172222222222222,%,Simplize,D,2026-10-08
2025-06-20,5.172222222222222,%,Simplize,D,2026-10-08
2025-06-21,5.172222222222222,%,Simplize,D,2026-10-08
2025-06-22,5.172222222222222,%,Simplize,D,2026-10-08
2025-06-23,5.172222222222222,%,Simplize,D,2026-10-08
2025-06-24,5.172222222222222,%,Simplize,D,2026-10-08
2025-06-25,5.172222222222222,%,Simplize,D,2026-10-08
2025-06-26,5.172222222222222,%,Simplize,D,2026-10-08
2025-06-27,5.172222222222222,%,Simplize,D,2026-10-08
2025-06-28,5.172222222222222,%,Simplize,D,2026-10-08
2025-06-29,5.172222222222222,%,Simplize,D,2026-10-08
2025-06-30,5.172222222222222,%,Simplize,D,2026-10-08
2025-07-01,5.238888888888889,%,Simplize,D,2026-10-08
2025-07-02,5.238888888888889,%,Simplize,D,2026-10-08
2025-07-03,5.230555555555556,%,Simplize,D,2026-10-08
2025-07-04,5.230555555555556,%,Simplize,D,2026-10-08
2025-07-05,5.230555555555556,%,Simplize,D,2026-10-08
2025-07-06,5.230555555555556,%,Simplize,D,2026-10-08
2025-07-07,5.236111111111111,%,Simplize,D,2026-10-08
2025-07-08,5.236111111111111,%,Simplize,D,2026-10-08
2025-07-09,5.236111111111111,%,Simplize,D,2026-10-08
2025-07-10,5.236111111111111,%,Simplize,D,2026-10-08
2025-07-11,5.236111111111111,%,Simplize,D,2026-10-08
2025-07-12,5.236111111111111,%,Simplize,D,2026-10-08
2025-07-13,5.236111111111111,%,Simplize,D,2026-10-08
2025-07-14,5.236111111111111,%,Simplize,D,2026-10-08
2025-07-15,5.236111111111111,%,Simplize,D,2026-10-08
2025-07-16,5.236111111111111,%,Simplize,D,2026-10-08
2025-07-17,5.236111111111111,%,Simplize,D,2026-10-08
2025-07-18,5.236111111111111,%,Simplize,D,2026-10-08
2025-07-19,5.236111111111111,%,Simplize,D,2026-10-08
2025-07-20,5.236111111111111,%,Simplize,D,2026-10-08
2025-07-21,5.236111111111111,%,Simplize,D,2026-10-08
2025-07-22,5.236111111111111,%,Simplize,D,2026-10-08
2025-07-23,5.236111111111111,%,Simplize,D,2026-10-08
2025-07-24,5.236111111111111,%,Simplize,D,2026-10-08
2025-07-25,5.236111111111111,%,Simplize,D,2026-10-08
2025-07-26,5.236111111111111,%,Simplize,D,2026-10-08
2025-07-27,5.236111111111111,%,Simplize,D,2026-10-08
2025-07-28,5.236111111111111,%,Simplize,D,2026-10-08
2025-07-29,5.236111111111111,%,Simplize,D,2026-10-08
2025-07-30,5.236111111111111,%,Simplize,D,2026-10-08
2025-07-31,5.236111111111111,%,Simplize,D,2026-10-08
2025-08-01,5.236111111111111,%,Simplize,D,2026-10-08
2025-08-02,5.236111111111111,%,Simplize,D,2026-10-08
2025-08-03,5.236111111111111,%,Simplize,D,2026-10-08
2025-08-04,5.236111111111111,%,Simplize,D,2026-10-08
2025-08-05,5.236111111111111,%,Simplize,D,2026-10-08
2025-08-06,5.236111111111111,%,Simplize,D,2026-10-08
2025-08-07,5.236111111111111,%,Simplize,D,2026-10-08
2025-08-08,5.236111111111111,%,Simplize,D,2026-10-08
2025-08-09,5.236111111111111,%,Simplize,D,2026-10-08
2025-08-10,5.236111111111111,%,Simplize,D,2026-10-08
2025-08-11,5.236111111111111,%,Simplize,D,2026-10-08
2025-08-12,5.236111111111111,%,Simplize,D,2026-10-08
2025-08-13,5.236111111111111,%,Simplize,D,2026-10-08
2025-08-14,5.236111111111111,%,Simplize,D,2026-10-08
2025-08-15,5.236111111111111,%,Simplize,D,2026-10-08
2025-08-16,5.236111111111111,%,Simplize,D,2026-10-08
2025-08-17,5.236111111111111,%,Simplize,D,2026-10-08
2025-08-18,5.236111111111111,%,Simplize,D,2026-10-08
2025-08-19,5.236111111111111,%,Simplize,D,2026-10-08
2025-08-20,5.236111111111111,%,Simplize,D,2026-10-08
2025-08-21,5.236111111111111,%,Simplize,D,2026-10-08
2025-08-22,5.236111111111111,%,Simplize,D,2026-10-08
2025-08-23,5.236111111111111,%,Simplize,D,2026-10-08
2025-08-24,5.236111111111111,%,Simplize,D,2026-10-08
2025-08-25,5.236111111111111,%,Simplize,D,2026-10-08
2025-08-26,5.236111111111111,%,Simplize,D,2026-10-08
2025-08-27,5.236111111111111,%,Simplize,D,2026-10-08
2025-08-28,5.236111111111111,%,Simplize,D,2026-10-08
2025-08-29,5.236111111111111,%,Simplize,D,2026-10-08
2025-08-30,5.236111111111111,%,Simplize,D,2026-10-08
2025-08-31,5.236111111111111,%,Simplize,D,2026-10-08
2025-09-01,5.236111111111111,%,Simplize,D,2026-10-08
2025-09-02,5.236111111111111,%,Simplize,D,2026-10-08
2025-09-03,5.236111111111111,%,Simplize,D,2026-10-08
2025-09-04,5.236111111111111,%,Simplize,D,2026-10-08
2025-09-05,5.236111111111111,%,Simplize,D,2026-10-08
2025-09-06,5.236111111111111,%,Simplize,D,2026-10-08
2025-09-07,5.236111111111111,%,Simplize,D,2026-10-08
2025-09-08,5.236111111111111,%,Simplize,D,2026-10-08
2025-09-09,5.236111111111111,%,Simplize,D,2026-10-08
2025-09-10,5.236111111111111,%,Simplize,D,2026-10-08
2025-09-11,5.236111111111111,%,Simplize,D,2026-10-08
2025-09-12,5.236111111111111,%,Simplize,D,2026-10-08
2025-09-13,5.236111111111111,%,Simplize,D,2026-10-08
2025-09-14,5.236111111111111,%,Simplize,D,2026-10-08
2025-09-15,5.236111111111111,%,Simplize,D,2026-10-08
2025-09-16,5.236111111111111,%,Simplize,D,2026-10-08
2025-09-17,5.236111111111111,%,Simplize,D,2026-10-08
2025-09-18,5.236111111111111,%,Simplize,D,2026-10-08
2025-09-19,5.236111111111111,%,Simplize,D,2026-10-08
2025-09-20,5.236111111111111,%,Simplize,D,2026-10-08
2025-09-21,5.236111111111111,%,Simplize,D,2026-10-08
2025-09-22,5.236111111111111,%,Simplize,D,2026-10-08
2025-09-23,5.236111111111111,%,Simplize,D,2026-10-08
2025-09-24,5.236111111111111,%,Simplize,D,2026-10-08
2025-09-25,5.236111111111111,%,Simplize,D,2026-10-08
2025-09-26,5.236111111111111,%,Simplize,D,2026-10-08
2025-09-27,5.236111111111111,%,Simplize,D,2026-10-08
2025-09-28,5.236111111111111,%,Simplize,D,2026-10-08
2025-09-29,5.236111111111111,%,Simplize,D,2026-10-08
2025-09-30,5.236111111111111,%,Simplize,D,2026-10-08
2025-10-01,5.236111111111111,%,Simplize,D,2026-10-08
2025-10-02,5.236111111111111,%,Simplize,D,2026-10-08
2025-10-03,5.236111111111111,%,Simplize,D,2026-10-08
2025-10-04,5.236111111111111,%,Simplize,D,2026-10-08
2025-10-05,5.236111111111111,%,Simplize,D,2026-10-08
2025-10-06,5.236111111111111,%,Simplize,D,2026-10-08
2025-10-07,5.236111111111111,%,Simplize,D,2026-10-08
2025-10-08,5.236111111111111,%,Simplize,D,2026-10-08
2025-10-09,5.236111111111111,%,Simplize,D,2026-10-08
2025-10-10,5.236111111111111,%,Simplize,D,2026-10-08
2025-10-11,5.236111111111111,%,Simplize,D,2026-10-08
2025-10-12,5.236111111111111,%,Simplize,D,2026-10-08
2025-10-13,5.236111111111111,%,Simplize,D,2026-10-08
2025-10-14,5.236111111111111,%,Simplize,D,2026-10-08
2025-10-15,5.236111111111111,%,Simplize,D,2026-10-08
2025-10-16,5.236111111111111,%,Simplize,D,2026-10-08
2025-10-17,5.236111111111111,%,Simplize,D,2026-10-08
2025-10-18,5.236111111111111,%,Simplize,D,2026-10-08
2025-10-19,5.236111111111111,%,Simplize,D,2026-10-08
2025-10-20,5.252777777777777,%,Simplize,D,2026-10-08
2025-10-21,5.252777777777777,%,Simplize,D,2026-10-08
2025-10-22,5.252777777777777,%,Simplize,D,2026-10-08
2025-10-23,5.252777777777777,%,Simplize,D,2026-10-08
2025-10-24,5.252777777777777,%,Simplize,D,2026-10-08
2025-10-25,5.252777777777777,%,Simplize,D,2026-10-08
2025-10-26,5.252777777777777,%,Simplize,D,2026-10-08
2025-10-27,5.252777777777777,%,Simplize,D,2026-10-08
2025-10-28,5.263888888888889,%,Simplize,D,2026-10-08
2025-10-29,5.263888888888889,%,Simplize,D,2026-10-08
2025-10-30,5.263888888888889,%,Simplize,D,2026-10-08
2025-10-31,5.280555555555555,%,Simplize,D,2026-10-08
2025-11-01,5.280555555555555,%,Simplize,D,2026-10-08
2025-11-02,5.280555555555555,%,Simplize,D,2026-10-08
2025-11-03,5.280555555555555,%,Simplize,D,2026-10-08
2025-11-04,5.280555555555555,%,Simplize,D,2026-10-08
2025-11-05,5.280555555555555,%,Simplize,D,2026-10-08
2025-11-06,5.280555555555555,%,Simplize,D,2026-10-08
2025-11-07,5.280555555555555,%,Simplize,D,2026-10-08
2025-11-08,5.280555555555555,%,Simplize,D,2026-10-08
2025-11-09,5.280555555555555,%,Simplize,D,2026-10-08
2025-11-10,5.280555555555555,%,Simplize,D,2026-10-08
2025-11-11,5.280555555555555,%,Simplize,D,2026-10-08
2025-11-12,5.280555555555555,%,Simplize,D,2026-10-08
2025-11-13,5.280555555555555,%,Simplize,D,2026-10-08
2025-11-14,5.297222222222222,%,Simplize,D,2026-10-08
2025-11-15,5.297222222222222,%,Simplize,D,2026-10-08
2025-11-16,5.297222222222222,%,Simplize,D,2026-10-08
2025-11-17,5.313888888888888,%,Simplize,D,2026-10-08
2025-11-18,5.313888888888888,%,Simplize,D,2026-10-08
2025-11-19,5.313888888888888,%,Simplize,D,2026-10-08
2025-11-20,5.313888888888888,%,Simplize,D,2026-10-08
2025-11-21,5.313888888888888,%,Simplize,D,2026-10-08
2025-11-22,5.313888888888888,%,Simplize,D,2026-10-08
2025-11-23,5.313888888888888,%,Simplize,D,2026-10-08
2025-11-24,5.313888888888888,%,Simplize,D,2026-10-08
2025-11-25,5.3277777777777775,%,Simplize,D,2026-10-08
2025-11-26,5.3277777777777775,%,Simplize,D,2026-10-08
2025-11-27,5.3277777777777775,%,Simplize,D,2026-10-08
2025-11-28,5.3277777777777775,%,Simplize,D,2026-10-08
2025-11-29,5.3277777777777775,%,Simplize,D,2026-10-08
2025-11-30,5.3277777777777775,%,Simplize,D,2026-10-08
2025-12-01,5.3277777777777775,%,Simplize,D,2026-10-08
2025-12-02,5.372222222222223,%,Simplize,D,2026-10-08
2025-12-03,5.372222222222223,%,Simplize,D,2026-10-08
2025-12-04,5.372222222222223,%,Simplize,D,2026-10-08
2025-12-05,5.372222222222223,%,Simplize,D,2026-10-08
2025-12-06,5.372222222222223,%,Simplize,D,2026-10-08
2025-12-07,5.372222222222223,%,Simplize,D,2026-10-08
2025-12-08,5.372222222222223,%,Simplize,D,2026-10-08
2025-12-09,5.4527777777777775,%,Simplize,D,2026-10-08
2025-12-10,5.4527777777777775,%,Simplize,D,2026-10-08
2025-12-11,5.4527777777777775,%,Simplize,D,2026-10-08
2025-12-12,5.4527777777777775,%,Simplize,D,2026-10-08
2025-12-13,5.4527777777777775,%,Simplize,D,2026-10-08
2025-12-14,5.4527777777777775,%,Simplize,D,2026-10-08
2025-12-15,5.4527777777777775,%,Simplize,D,2026-10-08
2025-12-16,5.519444444444443,%,Simplize,D,2026-10-08
2025-12-17,5.5361111111111105,%,Simplize,D,2026-10-08
2025-12-18,5.5361111111111105,%,Simplize,D,2026-10-08
2025-12-19,5.5361111111111105,%,Simplize,D,2026-10-08
2025-12-20,5.5361111111111105,%,Simplize,D,2026-10-08
2025-12-21,5.5361111111111105,%,Simplize,D,2026-10-08
2025-12-22,5.591666666666666,%,Simplize,D,2026-10-08
2025-12-23,5.602777777777778,%,Simplize,D,2026-10-08
2025-12-24,5.602777777777778,%,Simplize,D,2026-10-08
2025-12-25,5.619444444444444,%,Simplize,D,2026-10-08
2025-12-26,5.619444444444444,%,Simplize,D,2026-10-08
2025-12-27,5.619444444444444,%,Simplize,D,2026-10-08
2025-12-28,5.619444444444444,%,Simplize,D,2026-10-08
2025-12-29,5.619444444444444,%,Simplize,D,2026-10-08
2025-12-30,5.619444444444444,%,Simplize,D,2026-10-08
2025-12-31,5.619444444444444,%,Simplize,D,2026-10-08
2026-01-01,5.619444444444444,%,Simplize,D,2026-10-08
2026-01-02,5.619444444444444,%,Simplize,D,2026-10-08
2026-01-03,5.669444444444444,%,Simplize,D,2026-10-08
2026-01-04,5.669444444444444,%,Simplize,D,2026-10-08
2026-01-05,5.669444444444444,%,Simplize,D,2026-10-08
2026-01-06,5.669444444444444,%,Simplize,D,2026-10-08
2026-01-07,5.686111111111111,%,Simplize,D,2026-10-08
2026-01-08,5.686111111111111,%,Simplize,D,2026-10-08
2026-01-09,5.686111111111111,%,Simplize,D,2026-10-08
2026-01-10,5.686111111111111,%,Simplize,D,2026-10-08
2026-01-11,5.686111111111111,%,Simplize,D,2026-10-08
2026-01-12,5.686111111111111,%,Simplize,D,2026-10-08
2026-01-13,5.686111111111111,%,Simplize,D,2026-10-08
2026-01-14,5.686111111111111,%,Simplize,D,2026-10-08
2026-01-15,5.686111111111111,%,Simplize,D,2026-10-08
2026-01-16,5.686111111111111,%,Simplize,D,2026-10-08
2026-01-17,5.686111111111111,%,Simplize,D,2026-10-08
2026-01-18,5.686111111111111,%,Simplize,D,2026-10-08
2026-01-19,5.686111111111111,%,Simplize,D,2026-10-08
2026-01-20,5.686111111111111,%,Simplize,D,2026-10-08
2026-01-21,5.697222222222222,%,Simplize,D,2026-10-08
2026-01-22,5.697222222222222,%,Simplize,D,2026-10-08
2026-01-23,5.697222222222222,%,Simplize,D,2026-10-08
2026-01-24,5.697222222222222,%,Simplize,D,2026-10-08
2026-01-25,5.697222222222222,%,Simplize,D,2026-10-08
2026-01-26,5.697222222222222,%,Simplize,D,2026-10-08
2026-01-27,5.697222222222222,%,Simplize,D,2026-10-08
2026-01-28,5.713888888888889,%,Simplize,D,2026-10-08
2026-01-29,5.713888888888889,%,Simplize,D,2026-10-08
2026-01-30,5.713888888888889,%,Simplize,D,2026-10-08
2026-01-31,5.713888888888889,%,Simplize,D,2026-10-08
2026-02-01,5.713888888888889,%,Simplize,D,2026-10-08
2026-02-02,5.713888888888889,%,Simplize,D,2026-10-08
2026-02-03,5.713888888888889,%,Simplize,D,2026-10-08
2026-02-04,5.713888888888889,%,Simplize,D,2026-10-08
2026-02-05,5.713888888888889,%,Simplize,D,2026-10-08
2026-02-06,5.713888888888889,%,Simplize,D,2026-10-08
2026-02-07,5.713888888888889,%,Simplize,D,2026-10-08
2026-02-08,5.713888888888889,%,Simplize,D,2026-10-08
2026-02-09,5.713888888888889,%,Simplize,D,2026-10-08
2026-02-10,5.730555555555556,%,Simplize,D,2026-10-08
2026-02-11,5.730555555555556,%,Simplize,D,2026-10-08
2026-02-12,5.730555555555556,%,Simplize,D,2026-10-08
2026-02-13,5.730555555555556,%,Simplize,D,2026-10-08
2026-02-14,5.730555555555556,%,Simplize,D,2026-10-08
2026-02-15,5.730555555555556,%,Simplize,D,2026-10-08
2026-02-16,5.730555555555556,%,Simplize,D,2026-10-08
2026-02-17,5.730555555555556,%,Simplize,D,2026-10-08
2026-02-18,5.730555555555556,%,Simplize,D,2026-10-08
2026-02-19,5.730555555555556,%,Simplize,D,2026-10-08
2026-02-20,5.730555555555556,%,Simplize,D,2026-10-08
2026-02-21,5.730555555555556,%,Simplize,D,2026-10-08
2026-02-22,5.730555555555556,%,Simplize,D,2026-10-08
2026-02-23,5.730555555555556,%,Simplize,D,2026-10-08
2026-02-24,5.730555555555556,%,Simplize,D,2026-10-08
2026-02-25,5.730555555555556,%,Simplize,D,2026-10-08
2026-02-26,5.730555555555556,%,Simplize,D,2026-10-08
2026-02-27,5.730555555555556,%,Simplize,D,2026-10-08
2026-02-28,5.730555555555556,%,Simplize,D,2026-10-08
2026-03-01,5.730555555555556,%,Simplize,D,2026-10-08
2026-03-02,5.730555555555556,%,Simplize,D,2026-10-08
2026-03-03,5.730555555555556,%,Simplize,D,2026-10-08
2026-03-04,5.730555555555556,%,Simplize,D,2026-10-08
2026-03-05,5.730555555555556,%,Simplize,D,2026-10-08
2026-03-06,5.730555555555556,%,Simplize,D,2026-10-08
2026-03-07,5.730555555555556,%,Simplize,D,2026-10-08
2026-03-08,5.730555555555556,%,Simplize,D,2026-10-08
2026-03-09,5.730555555555556,%,Simplize,D,2026-10-08
2026-03-10,5.730555555555556,%,Simplize,D,2026-10-08
2026-03-11,5.730555555555556,%,Simplize,D,2026-10-08
2026-03-12,5.730555555555556,%,Simplize,D,2026-10-08
2026-03-13,5.730555555555556,%,Simplize,D,2026-10-08
2026-03-14,5.730555555555556,%,Simplize,D,2026-10-08
2026-03-15,5.730555555555556,%,Simplize,D,2026-10-08
2026-03-16,5.730555555555556,%,Simplize,D,2026-10-08
2026-03-17,5.730555555555556,%,Simplize,D,2026-10-08
2026-03-18,5.730555555555556,%,Simplize,D,2026-10-08
2026-03-19,5.7861111111111105,%,Simplize,D,2026-10-08
2026-03-20,5.813888888888888,%,Simplize,D,2026-10-08
2026-03-21,5.813888888888888,%,Simplize,D,2026-10-08
2026-03-22,5.813888888888888,%,Simplize,D,2026-10-08
2026-03-23,5.905555555555555,%,Simplize,D,2026-10-08
2026-03-24,5.905555555555555,%,Simplize,D,2026-10-08
2026-03-25,5.905555555555555,%,Simplize,D,2026-10-08
2026-03-26,5.905555555555555,%,Simplize,D,2026-10-08
2026-03-27,5.905555555555555,%,Simplize,D,2026-10-08
2026-03-28,5.905555555555555,%,Simplize,D,2026-10-08
2026-03-29,5.905555555555555,%,Simplize,D,2026-10-08
2026-03-30,5.905555555555555,%,Simplize,D,2026-10-08
2026-03-31,5.905555555555555,%,Simplize,D,2026-10-08
2026-04-01,5.905555555555555,%,Simplize,D,2026-10-08
2026-04-02,5.905555555555555,%,Simplize,D,2026-10-08
2026-04-03,5.927777777777778,%,Simplize,D,2026-10-08
2026-04-04,5.927777777777778,%,Simplize,D,2026-10-08
2026-04-05,5.927777777777778,%,Simplize,D,2026-10-08
2026-04-06,5.927777777777778,%,Simplize,D,2026-10-08
2026-04-07,5.927777777777778,%,Simplize,D,2026-10-08
2026-04-08,5.927777777777778,%,Simplize,D,2026-10-08
2026-04-09,5.927777777777778,%,Simplize,D,2026-10-08
2026-04-10,5.9,%,Simplize,D,2026-10-08
2026-04-11,5.9,%,Simplize,D,2026-10-08
2026-04-12,5.9,%,Simplize,D,2026-10-08
2026-04-13,5.888888888888889,%,Simplize,D,2026-10-08
2026-04-14,5.888888888888889,%,Simplize,D,2026-10-08
2026-04-15,5.883333333333334,%,Simplize,D,2026-10-08
2026-04-16,5.883333333333334,%,Simplize,D,2026-10-08
2026-04-17,5.872222222222223,%,Simplize,D,2026-10-08
2026-04-18,5.872222222222223,%,Simplize,D,2026-10-08
2026-04-19,5.872222222222223,%,Simplize,D,2026-10-08
2026-04-20,5.872222222222223,%,Simplize,D,2026-10-08
2026-04-21,5.872222222222223,%,Simplize,D,2026-10-08
2026-04-22,5.872222222222223,%,Simplize,D,2026-10-08
2026-04-23,5.872222222222223,%,Simplize,D,2026-10-08
2026-04-24,5.872222222222223,%,Simplize,D,2026-10-08
2026-04-25,5.872222222222223,%,Simplize,D,2026-10-08
2026-04-26,5.872222222222223,%,Simplize,D,2026-10-08
2026-04-27,5.872222222222223,%,Simplize,D,2026-10-08
2026-04-28,5.872222222222223,%,Simplize,D,2026-10-08
2026-04-29,5.872222222222223,%,Simplize,D,2026-10-08
2026-04-30,5.872222222222223,%,Simplize,D,2026-10-08
2026-05-01,5.872222222222223,%,Simplize,D,2026-10-08
2026-05-02,5.872222222222223,%,Simplize,D,2026-10-08
2026-05-03,5.983333333333334,%,Simplize,D,2026-10-08
2026-05-04,6.110526315789475,%,Simplize,D,2026-10-08
2026-05-05,6.110526315789475,%,Simplize,D,2026-10-08
2026-05-06,6.110526315789475,%,Simplize,D,2026-10-08
2026-05-07,6.110526315789475,%,Simplize,D,2026-10-08
2026-05-08,6.110526315789475,%,Simplize,D,2026-10-08
2026-05-09,6.110526315789475,%,Simplize,D,2026-10-08
2026-05-10,6.110526315789475,%,Simplize,D,2026-10-08
2026-05-11,6.110526315789475,%,Simplize,D,2026-10-08
2026-05-12,6.110526315789475,%,Simplize,D,2026-10-08
2026-05-13,6.110526315789475,%,Simplize,D,2026-10-08
2026-05-14,6.110526315789475,%,Simplize,D,2026-10-08
2026-05-15,6.110526315789475,%,Simplize,D,2026-10-08
2026-05-16,6.110526315789475,%,Simplize,D,2026-10-08
2026-05-17,6.110526315789475,%,Simplize,D,2026-10-08
2026-05-18,6.110526315789475,%,Simplize,D,2026-10-08
2026-05-19,6.110526315789475,%,Simplize,D,2026-10-08
2026-05-20,6.110526315789475,%,Simplize,D,2026-10-08
2026-05-21,6.110526315789475,%,Simplize,D,2026-10-08
2026-05-22,6.110526315789475,%,Simplize,D,2026-10-08
2026-05-23,6.110526315789475,%,Simplize,D,2026-10-08
2026-05-24,6.110526315789475,%,Simplize,D,2026-10-08
2026-05-25,6.110526315789475,%,Simplize,D,2026-10-08
2026-05-26,6.110526315789475,%,Simplize,D,2026-10-08
2026-05-27,6.110526315789475,%,Simplize,D,2026-10-08
2026-05-28,6.110526315789475,%,Simplize,D,2026-10-08
2026-05-29,6.110526315789475,%,Simplize,D,2026-10-08
2026-05-30,6.110526315789475,%,Simplize,D,2026-10-08
2026-05-31,6.110526315789475,%,Simplize,D,2026-10-08
2026-06-01,6.110526315789475,%,Simplize,D,2026-10-08
2026-06-02,6.110526315789475,%,Simplize,D,2026-10-08
2026-06-03,6.110526315789475,%,Simplize,D,2026-10-08
2026-06-04,6.110526315789475,%,Simplize,D,2026-10-08
2026-06-05,6.110526315789475,%,Simplize,D,2026-10-08
2026-06-06,6.110526315789475,%,Simplize,D,2026-10-08
2026-06-07,6.110526315789475,%,Simplize,D,2026-10-08
2026-06-08,6.110526315789475,%,Simplize,D,2026-10-08
2026-06-09,6.110526315789475,%,Simplize,D,2026-10-08
2026-06-10,6.110526315789475,%,Simplize,D,2026-10-08
2026-06-11,6.110526315789475,%,Simplize,D,2026-10-08
2026-06-12,6.110526315789475,%,Simplize,D,2026-10-08
2026-06-13,6.110526315789475,%,Simplize,D,2026-10-08
2026-06-14,6.110526315789475,%,Simplize,D,2026-10-08
2026-06-15,6.110526315789475,%,Simplize,D,2026-10-08
2026-06-16,6.110526315789475,%,Simplize,D,2026-10-08
2026-06-17,6.110526315789475,%,Simplize,D,2026-10-08
2026-06-18,6.110526315789475,%,Simplize,D,2026-10-08
2026-06-19,6.110526315789475,%,Simplize,D,2026-10-08
2026-06-20,6.110526315789475,%,Simplize,D,2026-10-08
2026-06-21,6.110526315789475,%,Simplize,D,2026-10-08
2026-06-22,6.110526315789475,%,Simplize,D,2026-10-08
2026-06-23,6.110526315789475,%,Simplize,D,2026-10-08
2026-06-24,6.110526315789475,%,Simplize,D,2026-10-08
2026-06-25,6.110526315789475,%,Simplize,D,2026-10-08
2026-06-26,6.110526315789475,%,Simplize,D,2026-10-08
2026-06-27,6.110526315789475,%,Simplize,D,2026-10-08
2026-06-28,6.110526315789475,%,Simplize,D,2026-10-08
2026-06-29,6.110526315789475,%,Simplize,D,2026-10-08
2026-06-30,6.110526315789475,%,Simplize,D,2026-10-08
2026-07-01,6.110526315789475,%,Simplize,D,2026-10-08
2026-07-02,6.110526315789475,%,Simplize,D,2026-10-08
2026-07-03,6.110526315789475,%,Simplize,D,2026-10-08
2026-07-04,6.110526315789475,%,Simplize,D,2026-10-08
2026-07-05,6.110526315789475,%,Simplize,D,2026-10-08
2026-07-06,6.110526315789475,%,Simplize,D,2026-10-08
2026-07-07,6.110526315789475,%,Simplize,D,2026-10-08
2026-07-08,6.110526315789475,%,Simplize,D,2026-10-08
2026-07-09,6.110526315789475,%,Simplize,D,2026-10-08
2026-07-10,6.110526315789475,%,Simplize,D,2026-10-08
2026-07-11,6.110526315789475,%,Simplize,D,2026-10-08
2026-07-12,6.121052631578948,%,Simplize,D,2026-10-08
2026-07-13,6.121052631578948,%,Simplize,D,2026-10-08
2026-07-14,6.121052631578948,%,Simplize,D,2026-10-08
2026-07-15,6.121052631578948,%,Simplize,D,2026-10-08
2026-07-16,6.121052631578948,%,Simplize,D,2026-10-08
2026-07-17,6.121052631578948,%,Simplize,D,2026-10-08
2026-07-18,6.121052631578948,%,Simplize,D,2026-10-08
2026-07-19,6.121052631578948,%,Simplize,D,2026-10-08
2026-07-20,6.121052631578948,%,Simplize,D,2026-10-08
2026-07-21,6.121052631578948,%,Simplize,D,2026-10-08
2026-07-22,6.121052631578948,%,Simplize,D,2026-10-08
2026-07-23,6.121052631578948,%,Simplize,D,2026-10-08
2026-07-24,6.121052631578948,%,Simplize,D,2026-10-08
2026-07-25,6.121052631578948,%,Simplize,D,2026-10-08
2026-07-26,6.121052631578948,%,Simplize,D,2026-10-08
2026-07-27,6.121052631578948,%,Simplize,D,2026-10-08
2026-07-28,6.121052631578948,%,Simplize,D,2026-10-08
2026-07-29,6.121052631578948,%,Simplize,D,2026-10-08
2026-07-30,6.121052631578948,%,Simplize,D,2026-10-08
2026-07-31,6.121052631578948,%,Simplize,D,2026-10-08
2026-08-01,6.121052631578948,%,Simplize,D,2026-10-08
2026-08-02,6.121052631578948,%,Simplize,D,2026-10-08
2026-08-03,6.121052631578948,%,Simplize,D,2026-10-08
2026-08-04,6.121052631578948,%,Simplize,D,2026-10-08
2026-08-05,6.121052631578948,%,Simplize,D,2026-10-08
2026-08-06,6.121052631578948,%,Simplize,D,2026-10-08
2026-08-07,6.121052631578948,%,Simplize,D,2026-10-08
2026-08-08,6.121052631578948,%,Simplize,D,2026-10-08
2026-08-09,6.121052631578948,%,Simplize,D,2026-10-08
2026-08-10,6.100000000000001,%,Simplize,D,2026-10-08
2026-08-11,6.100000000000001,%,Simplize,D,2026-10-08
2026-08-12,6.100000000000001,%,Simplize,D,2026-10-08
2026-08-13,6.100000000000001,%,Simplize,D,2026-10-08
2026-08-14,6.100000000000001,%,Simplize,D,2026-10-08
2026-08-15,6.100000000000001,%,Simplize,D,2026-10-08
2026-08-16,6.100000000000001,%,Simplize,D,2026-10-08
2026-08-17,6.100000000000001,%,Simplize,D,2026-10-08
2026-08-18,6.100000000000001,%,Simplize,D,2026-10-08
2026-08-19,6.100000000000001,%,Simplize,D,2026-10-08
2026-08-20,6.100000000000001,%,Simplize,D,2026-10-08
2026-08-21,6.100000000000001,%,Simplize,D,2026-10-08
2026-08-22,6.100000000000001,%,Simplize,D,2026-10-08
2026-08-23,6.100000000000001,%,Simplize,D,2026-10-08
2026-08-24,6.100000000000001,%,Simplize,D,2026-10-08
2026-08-25,6.100000000000001,%,Simplize,D,2026-10-08
2026-08-26,6.100000000000001,%,Simplize,D,2026-10-08
2026-08-27,6.100000000000001,%,Simplize,D,2026-10-08
2026-08-28,6.100000000000001,%,Simplize,D,2026-10-08
2026-08-29,6.100000000000001,%,Simplize,D,2026-10-08
2026-08-30,6.100000000000001,%,Simplize,D,2026-10-08
2026-08-31,6.100000000000001,%,Simplize,D,2026-10-08
2026-09-01,6.100000000000001,%,Simplize,D,2026-10-08
2026-09-02,6.100000000000001,%,Simplize,D,2026-10-08
2026-09-03,6.100000000000001,%,Simplize,D,2026-10-08
2026-09-04,6.100000000000001,%,Simplize,D,2026-10-08
2026-09-05,6.100000000000001,%,Simplize,D,2026-10-08
2026-09-06,6.100000000000001,%,Simplize,D,2026-10-08
2026-09-07,6.100000000000001,%,Simplize,D,2026-10-08
2026-09-08,6.100000000000001,%,Simplize,D,2026-10-08
2026-09-09,6.100000000000001,%,Simplize,D,2026-10-08
2026-09-10,6.100000000000001,%,Simplize,D,2026-10-08
2026-09-11,6.100000000000001,%,Simplize,D,2026-10-08
2026-09-12,6.100000000000001,%,Simplize,D,2026-10-08
2026-09-13,6.100000000000001,%,Simplize,D,2026-10-08
2026-09-14,6.100000000000001,%,Simplize,D,2026-10-08
2026-09-15,6.100000000000001,%,Simplize,D,2026-10-08
2026-09-16,6.100000000000001,%,Simplize,D,2026-10-08
2026-09-17,6.128947368421054,%,Simplize,D,2026-10-08
2026-09-18,6.128947368421054,%,Simplize,D,2026-10-08
2026-09-19,6.128947368421054,%,Simplize,D,2026-10-08
2026-09-20,6.128947368421054,%,Simplize,D,2026-10-08
2026-09-21,6.128947368421054,%,Simplize,D,2026-10-08
2026-09-22,6.128947368421054,%,Simplize,D,2026-10-08
2026-09-23,6.147368421052632,%,Simplize,D,2026-10-08
2026-09-24,6.147368421052632,%,Simplize,D,2026-10-08
2026-09-25,6.147368421052632,%,Simplize,D,2026-10-08
2026-09-26,6.147368421052632,%,Simplize,D,2026-10-08
2026-09-27,6.147368421052632,%,Simplize,D,2026-10-08
2026-09-28,6.147368421052632,%,Simplize,D,2026-10-08
2026-09-29,6.147368421052632,%,Simplize,D,2026-10-08
2026-09-30,6.147368421052632,%,Simplize,D,2026-10-08
2026-10-01,6.147368421052632,%,Simplize,D,2026-10-08
2026-10-02,6.147368421052632,%,Simplize,D,2026-10-08
2026-10-03,6.147368421052632,%,Simplize,D,2026-10-08
2026-10-04,6.147368421052632,%,Simplize,D,2026-10-08
2026-10-05,6.147368421052632,%,Simplize,D,2026-10-08
2026-10-06,6.147368421052632,%,Simplize,D,2026-10-08
2026-10-07,6.147368421052632,%,Simplize,D,2026-10-08
2026-10-08,6.147368421052632,%,Simplize,D,2026-10-08
