date,value,unit,source,frequency,vintage_date
2009-01-03,16973.0,VND/USD,dulieukinhte,D,2026-10-07
2009-01-05,16973.0,VND/USD,dulieukinhte,D,2026-10-07
2009-01-06,16971.0,VND/USD,dulieukinhte,D,2026-10-07
2009-01-07,16972.0,VND/USD,dulieukinhte,D,2026-10-07
2009-01-08,16970.0,VND/USD,dulieukinhte,D,2026-10-07
2009-01-09,16973.0,VND/USD,dulieukinhte,D,2026-10-07
2009-01-10,16974.0,VND/USD,dulieukinhte,D,2026-10-07
2009-01-12,16974.0,VND/USD,dulieukinhte,D,2026-10-07
2009-01-13,16976.0,VND/USD,dulieukinhte,D,2026-10-07
2009-01-14,16975.0,VND/USD,dulieukinhte,D,2026-10-07
2009-01-15,16972.0,VND/USD,dulieukinhte,D,2026-10-07
2009-01-16,16970.0,VND/USD,dulieukinhte,D,2026-10-07
2009-01-17,16971.0,VND/USD,dulieukinhte,D,2026-10-07
2009-01-19,16971.0,VND/USD,dulieukinhte,D,2026-10-07
2009-01-20,16973.0,VND/USD,dulieukinhte,D,2026-10-07
2009-01-21,16972.0,VND/USD,dulieukinhte,D,2026-10-07
2009-01-22,16975.0,VND/USD,dulieukinhte,D,2026-10-07
2009-01-23,16973.0,VND/USD,dulieukinhte,D,2026-10-07
2009-01-24,16975.0,VND/USD,dulieukinhte,D,2026-10-07
2009-01-30,16975.0,VND/USD,dulieukinhte,D,2026-10-07
2009-01-31,16978.0,VND/USD,dulieukinhte,D,2026-10-07
2009-02-02,16978.0,VND/USD,dulieukinhte,D,2026-10-07
2009-02-03,16977.0,VND/USD,dulieukinhte,D,2026-10-07
2009-02-06,16977.0,VND/USD,dulieukinhte,D,2026-10-07
2009-02-07,16975.0,VND/USD,dulieukinhte,D,2026-10-07
2009-02-09,16975.0,VND/USD,dulieukinhte,D,2026-10-07
2009-02-10,16976.0,VND/USD,dulieukinhte,D,2026-10-07
2009-02-11,16978.0,VND/USD,dulieukinhte,D,2026-10-07
2009-02-12,16977.0,VND/USD,dulieukinhte,D,2026-10-07
2009-02-13,16974.0,VND/USD,dulieukinhte,D,2026-10-07
2009-02-14,16981.0,VND/USD,dulieukinhte,D,2026-10-07
2009-02-16,16981.0,VND/USD,dulieukinhte,D,2026-10-07
2009-02-17,16980.0,VND/USD,dulieukinhte,D,2026-10-07
2009-02-18,16978.0,VND/USD,dulieukinhte,D,2026-10-07
2009-02-19,16977.0,VND/USD,dulieukinhte,D,2026-10-07
2009-02-20,16974.0,VND/USD,dulieukinhte,D,2026-10-07
2009-02-21,16972.0,VND/USD,dulieukinhte,D,2026-10-07
2009-02-23,16972.0,VND/USD,dulieukinhte,D,2026-10-07
2009-02-24,16971.0,VND/USD,dulieukinhte,D,2026-10-07
2009-02-25,16973.0,VND/USD,dulieukinhte,D,2026-10-07
2009-02-26,16974.0,VND/USD,dulieukinhte,D,2026-10-07
2009-02-27,16971.0,VND/USD,dulieukinhte,D,2026-10-07
2009-02-28,16972.0,VND/USD,dulieukinhte,D,2026-10-07
2009-03-02,16972.0,VND/USD,dulieukinhte,D,2026-10-07
2009-03-03,16970.0,VND/USD,dulieukinhte,D,2026-10-07
2009-03-04,16969.0,VND/USD,dulieukinhte,D,2026-10-07
2009-03-05,16971.0,VND/USD,dulieukinhte,D,2026-10-07
2009-03-07,16972.0,VND/USD,dulieukinhte,D,2026-10-07
2009-03-09,16972.0,VND/USD,dulieukinhte,D,2026-10-07
2009-03-10,16975.0,VND/USD,dulieukinhte,D,2026-10-07
2009-03-11,16977.0,VND/USD,dulieukinhte,D,2026-10-07
2009-03-12,16976.0,VND/USD,dulieukinhte,D,2026-10-07
2009-03-13,16974.0,VND/USD,dulieukinhte,D,2026-10-07
2009-03-14,16975.0,VND/USD,dulieukinhte,D,2026-10-07
2009-03-16,16975.0,VND/USD,dulieukinhte,D,2026-10-07
2009-03-17,16977.0,VND/USD,dulieukinhte,D,2026-10-07
2009-03-18,16976.0,VND/USD,dulieukinhte,D,2026-10-07
2009-03-19,16978.0,VND/USD,dulieukinhte,D,2026-10-07
2009-03-20,16981.0,VND/USD,dulieukinhte,D,2026-10-07
2009-03-21,16980.0,VND/USD,dulieukinhte,D,2026-10-07
2009-03-23,16980.0,VND/USD,dulieukinhte,D,2026-10-07
2009-03-24,16980.0,VND/USD,dulieukinhte,D,2026-10-07
2009-03-25,16978.0,VND/USD,dulieukinhte,D,2026-10-07
2009-03-26,16975.0,VND/USD,dulieukinhte,D,2026-10-07
2009-03-27,16970.0,VND/USD,dulieukinhte,D,2026-10-07
2009-03-28,16963.0,VND/USD,dulieukinhte,D,2026-10-07
2009-03-30,16963.0,VND/USD,dulieukinhte,D,2026-10-07
2009-03-31,16954.0,VND/USD,dulieukinhte,D,2026-10-07
2009-04-01,16943.0,VND/USD,dulieukinhte,D,2026-10-07
2009-04-02,16943.0,VND/USD,dulieukinhte,D,2026-10-07
2009-04-06,16940.0,VND/USD,dulieukinhte,D,2026-10-07
2009-04-07,16940.0,VND/USD,dulieukinhte,D,2026-10-07
2009-04-08,16938.0,VND/USD,dulieukinhte,D,2026-10-07
2009-04-09,16939.0,VND/USD,dulieukinhte,D,2026-10-07
2009-04-10,16937.0,VND/USD,dulieukinhte,D,2026-10-07
2009-04-11,16938.0,VND/USD,dulieukinhte,D,2026-10-07
2009-04-13,16938.0,VND/USD,dulieukinhte,D,2026-10-07
2009-04-14,16936.0,VND/USD,dulieukinhte,D,2026-10-07
2009-04-15,16939.0,VND/USD,dulieukinhte,D,2026-10-07
2009-04-16,16938.0,VND/USD,dulieukinhte,D,2026-10-07
2009-04-17,16940.0,VND/USD,dulieukinhte,D,2026-10-07
2009-04-18,16941.0,VND/USD,dulieukinhte,D,2026-10-07
2009-04-20,16941.0,VND/USD,dulieukinhte,D,2026-10-07
2009-04-21,16939.0,VND/USD,dulieukinhte,D,2026-10-07
2009-04-22,16936.0,VND/USD,dulieukinhte,D,2026-10-07
2009-04-23,16937.0,VND/USD,dulieukinhte,D,2026-10-07
2009-04-24,16935.0,VND/USD,dulieukinhte,D,2026-10-07
2009-04-25,16934.0,VND/USD,dulieukinhte,D,2026-10-07
2009-04-27,16934.0,VND/USD,dulieukinhte,D,2026-10-07
2009-04-28,16936.0,VND/USD,dulieukinhte,D,2026-10-07
2009-04-29,16937.0,VND/USD,dulieukinhte,D,2026-10-07
2009-05-02,16939.0,VND/USD,dulieukinhte,D,2026-10-07
2009-05-04,16939.0,VND/USD,dulieukinhte,D,2026-10-07
2009-05-05,16938.0,VND/USD,dulieukinhte,D,2026-10-07
2009-05-06,16941.0,VND/USD,dulieukinhte,D,2026-10-07
2009-05-07,16940.0,VND/USD,dulieukinhte,D,2026-10-07
2009-05-08,16938.0,VND/USD,dulieukinhte,D,2026-10-07
2009-05-09,16939.0,VND/USD,dulieukinhte,D,2026-10-07
2009-05-11,16939.0,VND/USD,dulieukinhte,D,2026-10-07
2009-05-12,16937.0,VND/USD,dulieukinhte,D,2026-10-07
2009-05-13,16938.0,VND/USD,dulieukinhte,D,2026-10-07
2009-05-14,16940.0,VND/USD,dulieukinhte,D,2026-10-07
2009-05-15,16937.0,VND/USD,dulieukinhte,D,2026-10-07
2009-05-16,16938.0,VND/USD,dulieukinhte,D,2026-10-07
2009-05-18,16938.0,VND/USD,dulieukinhte,D,2026-10-07
2009-05-19,16936.0,VND/USD,dulieukinhte,D,2026-10-07
2009-05-20,16937.0,VND/USD,dulieukinhte,D,2026-10-07
2009-05-21,16935.0,VND/USD,dulieukinhte,D,2026-10-07
2009-05-22,16936.0,VND/USD,dulieukinhte,D,2026-10-07
2009-05-23,16937.0,VND/USD,dulieukinhte,D,2026-10-07
2009-05-25,16937.0,VND/USD,dulieukinhte,D,2026-10-07
2009-05-26,16935.0,VND/USD,dulieukinhte,D,2026-10-07
2009-05-27,16936.0,VND/USD,dulieukinhte,D,2026-10-07
2009-05-28,16939.0,VND/USD,dulieukinhte,D,2026-10-07
2009-05-29,16938.0,VND/USD,dulieukinhte,D,2026-10-07
2009-06-01,16940.0,VND/USD,dulieukinhte,D,2026-10-07
2009-06-02,16939.0,VND/USD,dulieukinhte,D,2026-10-07
2009-06-03,16941.0,VND/USD,dulieukinhte,D,2026-10-07
2009-06-06,16943.0,VND/USD,dulieukinhte,D,2026-10-07
2009-06-08,16943.0,VND/USD,dulieukinhte,D,2026-10-07
2009-06-09,16945.0,VND/USD,dulieukinhte,D,2026-10-07
2009-06-10,16946.0,VND/USD,dulieukinhte,D,2026-10-07
2009-06-11,16948.0,VND/USD,dulieukinhte,D,2026-10-07
2009-06-12,16947.0,VND/USD,dulieukinhte,D,2026-10-07
2009-06-13,16949.0,VND/USD,dulieukinhte,D,2026-10-07
2009-06-15,16949.0,VND/USD,dulieukinhte,D,2026-10-07
2009-06-17,16952.0,VND/USD,dulieukinhte,D,2026-10-07
2009-06-18,16951.0,VND/USD,dulieukinhte,D,2026-10-07
2009-06-19,16953.0,VND/USD,dulieukinhte,D,2026-10-07
2009-06-20,16952.0,VND/USD,dulieukinhte,D,2026-10-07
2009-06-22,16952.0,VND/USD,dulieukinhte,D,2026-10-07
2009-06-23,16954.0,VND/USD,dulieukinhte,D,2026-10-07
2009-06-24,16953.0,VND/USD,dulieukinhte,D,2026-10-07
2009-06-25,16955.0,VND/USD,dulieukinhte,D,2026-10-07
2009-06-26,16954.0,VND/USD,dulieukinhte,D,2026-10-07
2009-06-27,16956.0,VND/USD,dulieukinhte,D,2026-10-07
2009-06-29,16956.0,VND/USD,dulieukinhte,D,2026-10-07
2009-06-30,16953.0,VND/USD,dulieukinhte,D,2026-10-07
2009-07-01,16954.0,VND/USD,dulieukinhte,D,2026-10-07
2009-07-02,16952.0,VND/USD,dulieukinhte,D,2026-10-07
2009-07-03,16953.0,VND/USD,dulieukinhte,D,2026-10-07
2009-07-07,16956.0,VND/USD,dulieukinhte,D,2026-10-07
2009-07-08,16957.0,VND/USD,dulieukinhte,D,2026-10-07
2009-07-09,16955.0,VND/USD,dulieukinhte,D,2026-10-07
2009-07-10,16958.0,VND/USD,dulieukinhte,D,2026-10-07
2009-07-13,16957.0,VND/USD,dulieukinhte,D,2026-10-07
2009-07-14,16959.0,VND/USD,dulieukinhte,D,2026-10-07
2009-07-15,16960.0,VND/USD,dulieukinhte,D,2026-10-07
2009-07-16,16958.0,VND/USD,dulieukinhte,D,2026-10-07
2009-07-17,16961.0,VND/USD,dulieukinhte,D,2026-10-07
2009-07-18,16962.0,VND/USD,dulieukinhte,D,2026-10-07
2009-07-20,16962.0,VND/USD,dulieukinhte,D,2026-10-07
2009-07-21,16964.0,VND/USD,dulieukinhte,D,2026-10-07
2009-07-22,16963.0,VND/USD,dulieukinhte,D,2026-10-07
2009-07-23,16965.0,VND/USD,dulieukinhte,D,2026-10-07
2009-07-24,16964.0,VND/USD,dulieukinhte,D,2026-10-07
2009-07-25,16967.0,VND/USD,dulieukinhte,D,2026-10-07
2009-07-27,16967.0,VND/USD,dulieukinhte,D,2026-10-07
2009-07-28,16969.0,VND/USD,dulieukinhte,D,2026-10-07
2009-07-29,16968.0,VND/USD,dulieukinhte,D,2026-10-07
2009-07-30,16970.0,VND/USD,dulieukinhte,D,2026-10-07
2009-07-31,16967.0,VND/USD,dulieukinhte,D,2026-10-07
2009-08-01,16968.0,VND/USD,dulieukinhte,D,2026-10-07
2009-08-03,16968.0,VND/USD,dulieukinhte,D,2026-10-07
2009-08-06,16965.0,VND/USD,dulieukinhte,D,2026-10-07
2009-08-07,16966.0,VND/USD,dulieukinhte,D,2026-10-07
2009-08-08,16964.0,VND/USD,dulieukinhte,D,2026-10-07
2009-08-10,16964.0,VND/USD,dulieukinhte,D,2026-10-07
2009-08-11,16965.0,VND/USD,dulieukinhte,D,2026-10-07
2009-08-12,16964.0,VND/USD,dulieukinhte,D,2026-10-07
2009-08-13,16964.0,VND/USD,dulieukinhte,D,2026-10-07
2009-08-14,16965.0,VND/USD,dulieukinhte,D,2026-10-07
2009-08-15,16966.0,VND/USD,dulieukinhte,D,2026-10-07
2009-08-17,16966.0,VND/USD,dulieukinhte,D,2026-10-07
2009-08-18,16968.0,VND/USD,dulieukinhte,D,2026-10-07
2009-08-19,16969.0,VND/USD,dulieukinhte,D,2026-10-07
2009-08-20,16967.0,VND/USD,dulieukinhte,D,2026-10-07
2009-08-21,16968.0,VND/USD,dulieukinhte,D,2026-10-07
2009-08-22,16970.0,VND/USD,dulieukinhte,D,2026-10-07
2009-08-24,16970.0,VND/USD,dulieukinhte,D,2026-10-07
2009-08-25,16972.0,VND/USD,dulieukinhte,D,2026-10-07
2009-08-26,16971.0,VND/USD,dulieukinhte,D,2026-10-07
2009-08-27,16973.0,VND/USD,dulieukinhte,D,2026-10-07
2009-08-28,16972.0,VND/USD,dulieukinhte,D,2026-10-07
2009-08-29,16974.0,VND/USD,dulieukinhte,D,2026-10-07
2009-08-31,16974.0,VND/USD,dulieukinhte,D,2026-10-07
2009-09-01,16976.0,VND/USD,dulieukinhte,D,2026-10-07
2009-09-05,16976.0,VND/USD,dulieukinhte,D,2026-10-07
2009-09-07,16976.0,VND/USD,dulieukinhte,D,2026-10-07
2009-09-08,16978.0,VND/USD,dulieukinhte,D,2026-10-07
2009-09-09,16981.0,VND/USD,dulieukinhte,D,2026-10-07
2009-09-10,16983.0,VND/USD,dulieukinhte,D,2026-10-07
2009-09-11,16982.0,VND/USD,dulieukinhte,D,2026-10-07
2009-09-12,16984.0,VND/USD,dulieukinhte,D,2026-10-07
2009-09-14,16984.0,VND/USD,dulieukinhte,D,2026-10-07
2009-09-15,16986.0,VND/USD,dulieukinhte,D,2026-10-07
2009-09-16,16987.0,VND/USD,dulieukinhte,D,2026-10-07
2009-09-17,16985.0,VND/USD,dulieukinhte,D,2026-10-07
2009-09-18,16986.0,VND/USD,dulieukinhte,D,2026-10-07
2009-09-19,16988.0,VND/USD,dulieukinhte,D,2026-10-07
2009-09-21,16988.0,VND/USD,dulieukinhte,D,2026-10-07
2009-09-22,16990.0,VND/USD,dulieukinhte,D,2026-10-07
2009-09-23,16989.0,VND/USD,dulieukinhte,D,2026-10-07
2009-09-24,16991.0,VND/USD,dulieukinhte,D,2026-10-07
2009-09-25,16992.0,VND/USD,dulieukinhte,D,2026-10-07
2009-09-28,16994.0,VND/USD,dulieukinhte,D,2026-10-07
2009-09-29,16993.0,VND/USD,dulieukinhte,D,2026-10-07
2009-09-30,16991.0,VND/USD,dulieukinhte,D,2026-10-07
2009-10-01,16992.0,VND/USD,dulieukinhte,D,2026-10-07
2009-10-02,16994.0,VND/USD,dulieukinhte,D,2026-10-07
2009-10-06,16997.0,VND/USD,dulieukinhte,D,2026-10-07
2009-10-07,16996.0,VND/USD,dulieukinhte,D,2026-10-07
2009-10-08,16998.0,VND/USD,dulieukinhte,D,2026-10-07
2009-10-09,16999.0,VND/USD,dulieukinhte,D,2026-10-07
2009-10-10,17001.0,VND/USD,dulieukinhte,D,2026-10-07
2009-10-12,17001.0,VND/USD,dulieukinhte,D,2026-10-07
2009-10-13,17003.0,VND/USD,dulieukinhte,D,2026-10-07
2009-10-14,17002.0,VND/USD,dulieukinhte,D,2026-10-07
2009-10-15,17004.0,VND/USD,dulieukinhte,D,2026-10-07
2009-10-16,17003.0,VND/USD,dulieukinhte,D,2026-10-07
2009-10-17,17002.0,VND/USD,dulieukinhte,D,2026-10-07
2009-10-19,17002.0,VND/USD,dulieukinhte,D,2026-10-07
2009-10-20,17004.0,VND/USD,dulieukinhte,D,2026-10-07
2009-10-21,17005.0,VND/USD,dulieukinhte,D,2026-10-07
2009-10-22,17007.0,VND/USD,dulieukinhte,D,2026-10-07
2009-10-23,17006.0,VND/USD,dulieukinhte,D,2026-10-07
2009-10-24,17005.0,VND/USD,dulieukinhte,D,2026-10-07
2009-10-26,17005.0,VND/USD,dulieukinhte,D,2026-10-07
2009-10-27,17008.0,VND/USD,dulieukinhte,D,2026-10-07
2009-10-28,17007.0,VND/USD,dulieukinhte,D,2026-10-07
2009-10-29,17009.0,VND/USD,dulieukinhte,D,2026-10-07
2009-10-30,17011.0,VND/USD,dulieukinhte,D,2026-10-07
2009-10-31,17010.0,VND/USD,dulieukinhte,D,2026-10-07
2009-11-04,17014.0,VND/USD,dulieukinhte,D,2026-10-07
2009-11-05,17013.0,VND/USD,dulieukinhte,D,2026-10-07
2009-11-06,17016.0,VND/USD,dulieukinhte,D,2026-10-07
2009-11-07,17018.0,VND/USD,dulieukinhte,D,2026-10-07
2009-11-09,17018.0,VND/USD,dulieukinhte,D,2026-10-07
2009-11-10,17021.0,VND/USD,dulieukinhte,D,2026-10-07
2009-11-11,17019.0,VND/USD,dulieukinhte,D,2026-10-07
2009-11-12,17022.0,VND/USD,dulieukinhte,D,2026-10-07
2009-11-13,17021.0,VND/USD,dulieukinhte,D,2026-10-07
2009-11-16,17023.0,VND/USD,dulieukinhte,D,2026-10-07
2009-11-17,17022.0,VND/USD,dulieukinhte,D,2026-10-07
2009-11-18,17024.0,VND/USD,dulieukinhte,D,2026-10-07
2009-11-19,17026.0,VND/USD,dulieukinhte,D,2026-10-07
2009-11-20,17025.0,VND/USD,dulieukinhte,D,2026-10-07
2009-11-21,17027.0,VND/USD,dulieukinhte,D,2026-10-07
2009-11-23,17027.0,VND/USD,dulieukinhte,D,2026-10-07
2009-11-24,17030.0,VND/USD,dulieukinhte,D,2026-10-07
2009-11-25,17034.0,VND/USD,dulieukinhte,D,2026-10-07
2009-11-26,17961.0,VND/USD,dulieukinhte,D,2026-10-07
2009-11-27,17958.0,VND/USD,dulieukinhte,D,2026-10-07
2009-11-28,17956.0,VND/USD,dulieukinhte,D,2026-10-07
2009-11-30,17956.0,VND/USD,dulieukinhte,D,2026-10-07
2009-12-01,17953.0,VND/USD,dulieukinhte,D,2026-10-07
2009-12-02,17948.0,VND/USD,dulieukinhte,D,2026-10-07
2009-12-03,17945.0,VND/USD,dulieukinhte,D,2026-10-07
2009-12-04,17943.0,VND/USD,dulieukinhte,D,2026-10-07
2009-12-05,17941.0,VND/USD,dulieukinhte,D,2026-10-07
2009-12-07,17941.0,VND/USD,dulieukinhte,D,2026-10-07
2009-12-08,17942.0,VND/USD,dulieukinhte,D,2026-10-07
2009-12-09,17940.0,VND/USD,dulieukinhte,D,2026-10-07
2009-12-10,17941.0,VND/USD,dulieukinhte,D,2026-10-07
2009-12-11,17941.0,VND/USD,dulieukinhte,D,2026-10-07
2009-12-12,17941.0,VND/USD,dulieukinhte,D,2026-10-07
2009-12-14,17941.0,VND/USD,dulieukinhte,D,2026-10-07
2009-12-15,17941.0,VND/USD,dulieukinhte,D,2026-10-07
2009-12-16,17941.0,VND/USD,dulieukinhte,D,2026-10-07
2009-12-17,17941.0,VND/USD,dulieukinhte,D,2026-10-07
2009-12-18,17941.0,VND/USD,dulieukinhte,D,2026-10-07
2009-12-19,17941.0,VND/USD,dulieukinhte,D,2026-10-07
2009-12-21,17941.0,VND/USD,dulieukinhte,D,2026-10-07
2009-12-22,17941.0,VND/USD,dulieukinhte,D,2026-10-07
2009-12-23,17941.0,VND/USD,dulieukinhte,D,2026-10-07
2009-12-24,17941.0,VND/USD,dulieukinhte,D,2026-10-07
2009-12-25,17941.0,VND/USD,dulieukinhte,D,2026-10-07
2009-12-26,17941.0,VND/USD,dulieukinhte,D,2026-10-07
2009-12-29,17941.0,VND/USD,dulieukinhte,D,2026-10-07
2009-12-30,17941.0,VND/USD,dulieukinhte,D,2026-10-07
2009-12-31,17941.0,VND/USD,dulieukinhte,D,2026-10-07
2010-01-02,17941.0,VND/USD,dulieukinhte,D,2026-10-07
2010-01-06,17941.0,VND/USD,dulieukinhte,D,2026-10-07
2010-01-07,17941.0,VND/USD,dulieukinhte,D,2026-10-07
2010-01-08,17941.0,VND/USD,dulieukinhte,D,2026-10-07
2010-01-13,17941.0,VND/USD,dulieukinhte,D,2026-10-07
2010-01-14,17941.0,VND/USD,dulieukinhte,D,2026-10-07
2010-01-15,17941.0,VND/USD,dulieukinhte,D,2026-10-07
2010-01-16,17941.0,VND/USD,dulieukinhte,D,2026-10-07
2010-01-18,17941.0,VND/USD,dulieukinhte,D,2026-10-07
2010-01-19,17941.0,VND/USD,dulieukinhte,D,2026-10-07
2010-01-20,17941.0,VND/USD,dulieukinhte,D,2026-10-07
2010-01-21,17941.0,VND/USD,dulieukinhte,D,2026-10-07
2010-01-22,17941.0,VND/USD,dulieukinhte,D,2026-10-07
2010-01-23,17941.0,VND/USD,dulieukinhte,D,2026-10-07
2010-01-25,17941.0,VND/USD,dulieukinhte,D,2026-10-07
2010-01-26,17941.0,VND/USD,dulieukinhte,D,2026-10-07
2010-01-27,17941.0,VND/USD,dulieukinhte,D,2026-10-07
2010-01-28,17941.0,VND/USD,dulieukinhte,D,2026-10-07
2010-01-29,17941.0,VND/USD,dulieukinhte,D,2026-10-07
2010-01-30,17941.0,VND/USD,dulieukinhte,D,2026-10-07
2010-02-01,17941.0,VND/USD,dulieukinhte,D,2026-10-07
2010-02-04,17941.0,VND/USD,dulieukinhte,D,2026-10-07
2010-02-05,17941.0,VND/USD,dulieukinhte,D,2026-10-07
2010-02-06,17941.0,VND/USD,dulieukinhte,D,2026-10-07
2010-02-08,17941.0,VND/USD,dulieukinhte,D,2026-10-07
2010-02-09,17941.0,VND/USD,dulieukinhte,D,2026-10-07
2010-02-10,17941.0,VND/USD,dulieukinhte,D,2026-10-07
2010-02-11,18544.0,VND/USD,dulieukinhte,D,2026-10-07
2010-02-12,18544.0,VND/USD,dulieukinhte,D,2026-10-07
2010-02-19,18544.0,VND/USD,dulieukinhte,D,2026-10-07
2010-02-22,18544.0,VND/USD,dulieukinhte,D,2026-10-07
2010-02-23,18544.0,VND/USD,dulieukinhte,D,2026-10-07
2010-02-24,18544.0,VND/USD,dulieukinhte,D,2026-10-07
2010-02-25,18544.0,VND/USD,dulieukinhte,D,2026-10-07
2010-02-26,18544.0,VND/USD,dulieukinhte,D,2026-10-07
2010-02-27,18544.0,VND/USD,dulieukinhte,D,2026-10-07
2010-03-01,18544.0,VND/USD,dulieukinhte,D,2026-10-07
2010-03-02,18544.0,VND/USD,dulieukinhte,D,2026-10-07
2010-03-03,18544.0,VND/USD,dulieukinhte,D,2026-10-07
2010-03-04,18544.0,VND/USD,dulieukinhte,D,2026-10-07
2010-03-05,18544.0,VND/USD,dulieukinhte,D,2026-10-07
2010-03-06,18544.0,VND/USD,dulieukinhte,D,2026-10-07
2010-03-08,18544.0,VND/USD,dulieukinhte,D,2026-10-07
2010-03-09,18544.0,VND/USD,dulieukinhte,D,2026-10-07
2010-03-12,18544.0,VND/USD,dulieukinhte,D,2026-10-07
2010-03-13,18544.0,VND/USD,dulieukinhte,D,2026-10-07
2010-03-15,18544.0,VND/USD,dulieukinhte,D,2026-10-07
2010-03-18,18544.0,VND/USD,dulieukinhte,D,2026-10-07
2010-03-19,18544.0,VND/USD,dulieukinhte,D,2026-10-07
2010-03-20,18544.0,VND/USD,dulieukinhte,D,2026-10-07
2010-03-22,18544.0,VND/USD,dulieukinhte,D,2026-10-07
2010-03-23,18544.0,VND/USD,dulieukinhte,D,2026-10-07
2010-03-24,18544.0,VND/USD,dulieukinhte,D,2026-10-07
2010-03-25,18544.0,VND/USD,dulieukinhte,D,2026-10-07
2010-03-26,18544.0,VND/USD,dulieukinhte,D,2026-10-07
2010-03-27,18544.0,VND/USD,dulieukinhte,D,2026-10-07
2010-03-29,18544.0,VND/USD,dulieukinhte,D,2026-10-07
2010-03-30,18544.0,VND/USD,dulieukinhte,D,2026-10-07
2010-03-31,18544.0,VND/USD,dulieukinhte,D,2026-10-07
2010-04-01,18544.0,VND/USD,dulieukinhte,D,2026-10-07
2010-04-02,18544.0,VND/USD,dulieukinhte,D,2026-10-07
2010-04-03,18544.0,VND/USD,dulieukinhte,D,2026-10-07
2010-04-05,18544.0,VND/USD,dulieukinhte,D,2026-10-07
2010-04-07,18544.0,VND/USD,dulieukinhte,D,2026-10-07
2010-04-15,18544.0,VND/USD,dulieukinhte,D,2026-10-07
2010-04-16,18544.0,VND/USD,dulieukinhte,D,2026-10-07
2010-04-17,18544.0,VND/USD,dulieukinhte,D,2026-10-07
2010-04-21,18544.0,VND/USD,dulieukinhte,D,2026-10-07
2010-04-26,18544.0,VND/USD,dulieukinhte,D,2026-10-07
2010-04-27,18544.0,VND/USD,dulieukinhte,D,2026-10-07
2010-04-28,18544.0,VND/USD,dulieukinhte,D,2026-10-07
2010-04-29,18544.0,VND/USD,dulieukinhte,D,2026-10-07
2010-05-05,18544.0,VND/USD,dulieukinhte,D,2026-10-07
2010-05-06,18544.0,VND/USD,dulieukinhte,D,2026-10-07
2010-05-07,18544.0,VND/USD,dulieukinhte,D,2026-10-07
2010-05-08,18544.0,VND/USD,dulieukinhte,D,2026-10-07
2010-05-10,18544.0,VND/USD,dulieukinhte,D,2026-10-07
2010-05-11,18544.0,VND/USD,dulieukinhte,D,2026-10-07
2010-05-12,18544.0,VND/USD,dulieukinhte,D,2026-10-07
2010-05-13,18544.0,VND/USD,dulieukinhte,D,2026-10-07
2010-05-14,18544.0,VND/USD,dulieukinhte,D,2026-10-07
2010-05-17,18544.0,VND/USD,dulieukinhte,D,2026-10-07
2010-05-18,18544.0,VND/USD,dulieukinhte,D,2026-10-07
2010-05-19,18544.0,VND/USD,dulieukinhte,D,2026-10-07
2010-05-20,18544.0,VND/USD,dulieukinhte,D,2026-10-07
2010-05-21,18544.0,VND/USD,dulieukinhte,D,2026-10-07
2010-05-25,18544.0,VND/USD,dulieukinhte,D,2026-10-07
2010-05-26,18544.0,VND/USD,dulieukinhte,D,2026-10-07
2010-05-27,18544.0,VND/USD,dulieukinhte,D,2026-10-07
2010-05-28,18544.0,VND/USD,dulieukinhte,D,2026-10-07
2010-06-01,18544.0,VND/USD,dulieukinhte,D,2026-10-07
2010-06-02,18544.0,VND/USD,dulieukinhte,D,2026-10-07
2010-06-03,18544.0,VND/USD,dulieukinhte,D,2026-10-07
2010-06-04,18544.0,VND/USD,dulieukinhte,D,2026-10-07
2010-06-05,18544.0,VND/USD,dulieukinhte,D,2026-10-07
2010-06-07,18544.0,VND/USD,dulieukinhte,D,2026-10-07
2010-06-08,18544.0,VND/USD,dulieukinhte,D,2026-10-07
2010-06-09,18544.0,VND/USD,dulieukinhte,D,2026-10-07
2010-06-10,18544.0,VND/USD,dulieukinhte,D,2026-10-07
2010-06-11,18544.0,VND/USD,dulieukinhte,D,2026-10-07
2010-06-12,18544.0,VND/USD,dulieukinhte,D,2026-10-07
2010-06-14,18544.0,VND/USD,dulieukinhte,D,2026-10-07
2010-06-15,18544.0,VND/USD,dulieukinhte,D,2026-10-07
2010-06-16,18544.0,VND/USD,dulieukinhte,D,2026-10-07
2010-06-17,18544.0,VND/USD,dulieukinhte,D,2026-10-07
2010-06-18,18544.0,VND/USD,dulieukinhte,D,2026-10-07
2010-06-19,18544.0,VND/USD,dulieukinhte,D,2026-10-07
2010-06-21,18544.0,VND/USD,dulieukinhte,D,2026-10-07
2010-06-22,18544.0,VND/USD,dulieukinhte,D,2026-10-07
2010-06-23,18544.0,VND/USD,dulieukinhte,D,2026-10-07
2010-06-24,18544.0,VND/USD,dulieukinhte,D,2026-10-07
2010-06-25,18544.0,VND/USD,dulieukinhte,D,2026-10-07
2010-06-26,18544.0,VND/USD,dulieukinhte,D,2026-10-07
2010-06-30,18544.0,VND/USD,dulieukinhte,D,2026-10-07
2010-07-01,18544.0,VND/USD,dulieukinhte,D,2026-10-07
2010-07-02,18544.0,VND/USD,dulieukinhte,D,2026-10-07
2010-07-03,18544.0,VND/USD,dulieukinhte,D,2026-10-07
2010-07-05,18544.0,VND/USD,dulieukinhte,D,2026-10-07
2010-07-06,18544.0,VND/USD,dulieukinhte,D,2026-10-07
2010-07-07,18544.0,VND/USD,dulieukinhte,D,2026-10-07
2010-07-08,18544.0,VND/USD,dulieukinhte,D,2026-10-07
2010-07-09,18544.0,VND/USD,dulieukinhte,D,2026-10-07
2010-07-10,18544.0,VND/USD,dulieukinhte,D,2026-10-07
2010-07-12,18544.0,VND/USD,dulieukinhte,D,2026-10-07
2010-07-13,18544.0,VND/USD,dulieukinhte,D,2026-10-07
2010-07-14,18544.0,VND/USD,dulieukinhte,D,2026-10-07
2010-07-15,18544.0,VND/USD,dulieukinhte,D,2026-10-07
2010-07-16,18544.0,VND/USD,dulieukinhte,D,2026-10-07
2010-07-17,18544.0,VND/USD,dulieukinhte,D,2026-10-07
2010-07-19,18544.0,VND/USD,dulieukinhte,D,2026-10-07
2010-07-20,18544.0,VND/USD,dulieukinhte,D,2026-10-07
2010-07-21,18544.0,VND/USD,dulieukinhte,D,2026-10-07
2010-07-22,18544.0,VND/USD,dulieukinhte,D,2026-10-07
2010-07-23,18544.0,VND/USD,dulieukinhte,D,2026-10-07
2010-07-24,18544.0,VND/USD,dulieukinhte,D,2026-10-07
2010-07-26,18544.0,VND/USD,dulieukinhte,D,2026-10-07
2010-07-29,18544.0,VND/USD,dulieukinhte,D,2026-10-07
2010-07-30,18544.0,VND/USD,dulieukinhte,D,2026-10-07
2010-07-31,18544.0,VND/USD,dulieukinhte,D,2026-10-07
2010-08-02,18544.0,VND/USD,dulieukinhte,D,2026-10-07
2010-08-03,18544.0,VND/USD,dulieukinhte,D,2026-10-07
2010-08-04,18544.0,VND/USD,dulieukinhte,D,2026-10-07
2010-08-05,18544.0,VND/USD,dulieukinhte,D,2026-10-07
2010-08-06,18544.0,VND/USD,dulieukinhte,D,2026-10-07
2010-08-09,18544.0,VND/USD,dulieukinhte,D,2026-10-07
2010-08-10,18544.0,VND/USD,dulieukinhte,D,2026-10-07
2010-08-11,18544.0,VND/USD,dulieukinhte,D,2026-10-07
2010-08-12,18544.0,VND/USD,dulieukinhte,D,2026-10-07
2010-08-13,18544.0,VND/USD,dulieukinhte,D,2026-10-07
2010-08-14,18544.0,VND/USD,dulieukinhte,D,2026-10-07
2010-08-16,18544.0,VND/USD,dulieukinhte,D,2026-10-07
2010-08-17,18544.0,VND/USD,dulieukinhte,D,2026-10-07
2010-08-18,18932.0,VND/USD,dulieukinhte,D,2026-10-07
2010-08-19,18932.0,VND/USD,dulieukinhte,D,2026-10-07
2010-08-20,18932.0,VND/USD,dulieukinhte,D,2026-10-07
2010-08-23,18932.0,VND/USD,dulieukinhte,D,2026-10-07
2010-08-24,18932.0,VND/USD,dulieukinhte,D,2026-10-07
2010-08-25,18932.0,VND/USD,dulieukinhte,D,2026-10-07
2010-08-26,18932.0,VND/USD,dulieukinhte,D,2026-10-07
2010-08-31,18932.0,VND/USD,dulieukinhte,D,2026-10-07
2010-09-01,18932.0,VND/USD,dulieukinhte,D,2026-10-07
2010-09-03,18932.0,VND/USD,dulieukinhte,D,2026-10-07
2010-09-06,18932.0,VND/USD,dulieukinhte,D,2026-10-07
2010-09-07,18932.0,VND/USD,dulieukinhte,D,2026-10-07
2010-09-08,18932.0,VND/USD,dulieukinhte,D,2026-10-07
2010-09-09,18932.0,VND/USD,dulieukinhte,D,2026-10-07
2010-09-10,18932.0,VND/USD,dulieukinhte,D,2026-10-07
2010-09-13,18932.0,VND/USD,dulieukinhte,D,2026-10-07
2010-09-14,18932.0,VND/USD,dulieukinhte,D,2026-10-07
2010-09-15,18932.0,VND/USD,dulieukinhte,D,2026-10-07
2010-09-16,18932.0,VND/USD,dulieukinhte,D,2026-10-07
2010-09-17,18932.0,VND/USD,dulieukinhte,D,2026-10-07
2010-09-18,18932.0,VND/USD,dulieukinhte,D,2026-10-07
2010-09-20,18932.0,VND/USD,dulieukinhte,D,2026-10-07
2010-09-21,18932.0,VND/USD,dulieukinhte,D,2026-10-07
2010-09-22,18932.0,VND/USD,dulieukinhte,D,2026-10-07
2010-09-23,18932.0,VND/USD,dulieukinhte,D,2026-10-07
2010-09-24,18932.0,VND/USD,dulieukinhte,D,2026-10-07
2010-09-25,18932.0,VND/USD,dulieukinhte,D,2026-10-07
2010-09-27,18932.0,VND/USD,dulieukinhte,D,2026-10-07
2010-09-28,18932.0,VND/USD,dulieukinhte,D,2026-10-07
2010-09-29,18932.0,VND/USD,dulieukinhte,D,2026-10-07
2010-10-02,18932.0,VND/USD,dulieukinhte,D,2026-10-07
2010-10-04,18932.0,VND/USD,dulieukinhte,D,2026-10-07
2010-10-05,18932.0,VND/USD,dulieukinhte,D,2026-10-07
2010-10-06,18932.0,VND/USD,dulieukinhte,D,2026-10-07
2010-10-07,18932.0,VND/USD,dulieukinhte,D,2026-10-07
2010-10-08,18932.0,VND/USD,dulieukinhte,D,2026-10-07
2010-10-11,18932.0,VND/USD,dulieukinhte,D,2026-10-07
2010-10-12,18932.0,VND/USD,dulieukinhte,D,2026-10-07
2010-10-13,18932.0,VND/USD,dulieukinhte,D,2026-10-07
2010-10-14,18932.0,VND/USD,dulieukinhte,D,2026-10-07
2010-10-15,18932.0,VND/USD,dulieukinhte,D,2026-10-07
2010-10-18,18932.0,VND/USD,dulieukinhte,D,2026-10-07
2010-10-19,18932.0,VND/USD,dulieukinhte,D,2026-10-07
2010-10-20,18932.0,VND/USD,dulieukinhte,D,2026-10-07
2010-10-21,18932.0,VND/USD,dulieukinhte,D,2026-10-07
2010-10-22,18932.0,VND/USD,dulieukinhte,D,2026-10-07
2010-10-23,18932.0,VND/USD,dulieukinhte,D,2026-10-07
2010-10-25,18932.0,VND/USD,dulieukinhte,D,2026-10-07
2010-10-26,18932.0,VND/USD,dulieukinhte,D,2026-10-07
2010-10-27,18932.0,VND/USD,dulieukinhte,D,2026-10-07
2010-10-28,18932.0,VND/USD,dulieukinhte,D,2026-10-07
2010-10-29,18932.0,VND/USD,dulieukinhte,D,2026-10-07
2010-10-30,18932.0,VND/USD,dulieukinhte,D,2026-10-07
2010-11-03,18932.0,VND/USD,dulieukinhte,D,2026-10-07
2010-11-04,18932.0,VND/USD,dulieukinhte,D,2026-10-07
2010-11-05,18932.0,VND/USD,dulieukinhte,D,2026-10-07
2010-11-06,18932.0,VND/USD,dulieukinhte,D,2026-10-07
2010-11-08,18932.0,VND/USD,dulieukinhte,D,2026-10-07
2010-11-09,18932.0,VND/USD,dulieukinhte,D,2026-10-07
2010-11-10,18932.0,VND/USD,dulieukinhte,D,2026-10-07
2010-11-11,18932.0,VND/USD,dulieukinhte,D,2026-10-07
2010-11-12,18932.0,VND/USD,dulieukinhte,D,2026-10-07
2010-11-13,18932.0,VND/USD,dulieukinhte,D,2026-10-07
2010-11-15,18932.0,VND/USD,dulieukinhte,D,2026-10-07
2010-11-16,18932.0,VND/USD,dulieukinhte,D,2026-10-07
2010-11-17,18932.0,VND/USD,dulieukinhte,D,2026-10-07
2010-11-18,18932.0,VND/USD,dulieukinhte,D,2026-10-07
2010-11-19,18932.0,VND/USD,dulieukinhte,D,2026-10-07
2010-11-20,18932.0,VND/USD,dulieukinhte,D,2026-10-07
2010-11-22,18932.0,VND/USD,dulieukinhte,D,2026-10-07
2010-11-23,18932.0,VND/USD,dulieukinhte,D,2026-10-07
2010-11-24,18932.0,VND/USD,dulieukinhte,D,2026-10-07
2010-11-25,18932.0,VND/USD,dulieukinhte,D,2026-10-07
2010-11-26,18932.0,VND/USD,dulieukinhte,D,2026-10-07
2010-11-27,18932.0,VND/USD,dulieukinhte,D,2026-10-07
2010-11-29,18932.0,VND/USD,dulieukinhte,D,2026-10-07
2010-12-02,18932.0,VND/USD,dulieukinhte,D,2026-10-07
2010-12-03,18932.0,VND/USD,dulieukinhte,D,2026-10-07
2010-12-06,18932.0,VND/USD,dulieukinhte,D,2026-10-07
2010-12-07,18932.0,VND/USD,dulieukinhte,D,2026-10-07
2010-12-08,18932.0,VND/USD,dulieukinhte,D,2026-10-07
2010-12-09,18932.0,VND/USD,dulieukinhte,D,2026-10-07
2010-12-10,18932.0,VND/USD,dulieukinhte,D,2026-10-07
2010-12-11,18932.0,VND/USD,dulieukinhte,D,2026-10-07
2010-12-13,18932.0,VND/USD,dulieukinhte,D,2026-10-07
2010-12-14,18932.0,VND/USD,dulieukinhte,D,2026-10-07
2010-12-15,18932.0,VND/USD,dulieukinhte,D,2026-10-07
2010-12-16,18932.0,VND/USD,dulieukinhte,D,2026-10-07
2010-12-17,18932.0,VND/USD,dulieukinhte,D,2026-10-07
2010-12-18,18932.0,VND/USD,dulieukinhte,D,2026-10-07
2010-12-20,18932.0,VND/USD,dulieukinhte,D,2026-10-07
2010-12-21,18932.0,VND/USD,dulieukinhte,D,2026-10-07
2010-12-23,18932.0,VND/USD,dulieukinhte,D,2026-10-07
2010-12-24,18932.0,VND/USD,dulieukinhte,D,2026-10-07
2010-12-25,18932.0,VND/USD,dulieukinhte,D,2026-10-07
2010-12-28,18932.0,VND/USD,dulieukinhte,D,2026-10-07
2010-12-29,18932.0,VND/USD,dulieukinhte,D,2026-10-07
2010-12-30,18932.0,VND/USD,dulieukinhte,D,2026-10-07
2010-12-31,18932.0,VND/USD,dulieukinhte,D,2026-10-07
2011-03-08,20663.0,VND/USD,dulieukinhte,D,2026-10-07
2011-03-09,20668.0,VND/USD,dulieukinhte,D,2026-10-07
2011-03-10,20673.0,VND/USD,dulieukinhte,D,2026-10-07
2011-03-11,20668.0,VND/USD,dulieukinhte,D,2026-10-07
2011-03-12,20663.0,VND/USD,dulieukinhte,D,2026-10-07
2011-03-14,20663.0,VND/USD,dulieukinhte,D,2026-10-07
2011-03-15,20663.0,VND/USD,dulieukinhte,D,2026-10-07
2011-03-16,20658.0,VND/USD,dulieukinhte,D,2026-10-07
2011-03-17,20658.0,VND/USD,dulieukinhte,D,2026-10-07
2011-03-18,20663.0,VND/USD,dulieukinhte,D,2026-10-07
2011-03-19,20673.0,VND/USD,dulieukinhte,D,2026-10-07
2011-03-21,20673.0,VND/USD,dulieukinhte,D,2026-10-07
2011-03-22,20683.0,VND/USD,dulieukinhte,D,2026-10-07
2011-03-23,20688.0,VND/USD,dulieukinhte,D,2026-10-07
2011-03-24,20688.0,VND/USD,dulieukinhte,D,2026-10-07
2011-03-25,20683.0,VND/USD,dulieukinhte,D,2026-10-07
2011-03-26,20693.0,VND/USD,dulieukinhte,D,2026-10-07
2011-03-28,20693.0,VND/USD,dulieukinhte,D,2026-10-07
2011-03-29,20688.0,VND/USD,dulieukinhte,D,2026-10-07
2011-03-30,20698.0,VND/USD,dulieukinhte,D,2026-10-07
2011-03-31,20703.0,VND/USD,dulieukinhte,D,2026-10-07
2011-04-01,20708.0,VND/USD,dulieukinhte,D,2026-10-07
2011-04-02,20703.0,VND/USD,dulieukinhte,D,2026-10-07
2011-04-04,20703.0,VND/USD,dulieukinhte,D,2026-10-07
2011-04-05,20713.0,VND/USD,dulieukinhte,D,2026-10-07
2011-04-08,20718.0,VND/USD,dulieukinhte,D,2026-10-07
2011-04-09,20713.0,VND/USD,dulieukinhte,D,2026-10-07
2011-04-11,20723.0,VND/USD,dulieukinhte,D,2026-10-07
2011-04-13,20723.0,VND/USD,dulieukinhte,D,2026-10-07
2011-04-14,20718.0,VND/USD,dulieukinhte,D,2026-10-07
2011-04-15,20723.0,VND/USD,dulieukinhte,D,2026-10-07
2011-04-16,20728.0,VND/USD,dulieukinhte,D,2026-10-07
2011-04-18,20728.0,VND/USD,dulieukinhte,D,2026-10-07
2011-04-19,20733.0,VND/USD,dulieukinhte,D,2026-10-07
2011-04-20,20728.0,VND/USD,dulieukinhte,D,2026-10-07
2011-04-21,20723.0,VND/USD,dulieukinhte,D,2026-10-07
2011-04-22,20718.0,VND/USD,dulieukinhte,D,2026-10-07
2011-04-23,20708.0,VND/USD,dulieukinhte,D,2026-10-07
2011-04-25,20708.0,VND/USD,dulieukinhte,D,2026-10-07
2011-04-26,20703.0,VND/USD,dulieukinhte,D,2026-10-07
2011-04-27,20698.0,VND/USD,dulieukinhte,D,2026-10-07
2011-04-28,20693.0,VND/USD,dulieukinhte,D,2026-10-07
2011-04-29,20698.0,VND/USD,dulieukinhte,D,2026-10-07
2011-05-04,20703.0,VND/USD,dulieukinhte,D,2026-10-07
2011-05-05,20708.0,VND/USD,dulieukinhte,D,2026-10-07
2011-05-06,20703.0,VND/USD,dulieukinhte,D,2026-10-07
2011-05-07,20708.0,VND/USD,dulieukinhte,D,2026-10-07
2011-05-09,20708.0,VND/USD,dulieukinhte,D,2026-10-07
2011-05-12,20693.0,VND/USD,dulieukinhte,D,2026-10-07
2011-05-13,20688.0,VND/USD,dulieukinhte,D,2026-10-07
2011-05-14,20678.0,VND/USD,dulieukinhte,D,2026-10-07
2011-05-16,20678.0,VND/USD,dulieukinhte,D,2026-10-07
2011-05-17,20673.0,VND/USD,dulieukinhte,D,2026-10-07
2011-05-18,20673.0,VND/USD,dulieukinhte,D,2026-10-07
2011-05-19,20673.0,VND/USD,dulieukinhte,D,2026-10-07
2011-05-20,20673.0,VND/USD,dulieukinhte,D,2026-10-07
2011-05-21,20673.0,VND/USD,dulieukinhte,D,2026-10-07
2011-05-23,20673.0,VND/USD,dulieukinhte,D,2026-10-07
2011-05-24,20668.0,VND/USD,dulieukinhte,D,2026-10-07
2011-05-25,20663.0,VND/USD,dulieukinhte,D,2026-10-07
2011-05-26,20658.0,VND/USD,dulieukinhte,D,2026-10-07
2011-05-27,20653.0,VND/USD,dulieukinhte,D,2026-10-07
2011-05-28,20643.0,VND/USD,dulieukinhte,D,2026-10-07
2011-05-30,20643.0,VND/USD,dulieukinhte,D,2026-10-07
2011-05-31,20643.0,VND/USD,dulieukinhte,D,2026-10-07
2011-06-01,20638.0,VND/USD,dulieukinhte,D,2026-10-07
2011-06-02,20638.0,VND/USD,dulieukinhte,D,2026-10-07
2011-06-03,20633.0,VND/USD,dulieukinhte,D,2026-10-07
2011-06-04,20628.0,VND/USD,dulieukinhte,D,2026-10-07
2011-06-06,20628.0,VND/USD,dulieukinhte,D,2026-10-07
2011-06-07,20628.0,VND/USD,dulieukinhte,D,2026-10-07
2011-06-10,20623.0,VND/USD,dulieukinhte,D,2026-10-07
2011-06-11,20618.0,VND/USD,dulieukinhte,D,2026-10-07
2011-06-13,20618.0,VND/USD,dulieukinhte,D,2026-10-07
2011-06-14,20618.0,VND/USD,dulieukinhte,D,2026-10-07
2011-06-15,20618.0,VND/USD,dulieukinhte,D,2026-10-07
2011-06-16,20618.0,VND/USD,dulieukinhte,D,2026-10-07
2011-06-17,20618.0,VND/USD,dulieukinhte,D,2026-10-07
2011-06-18,20618.0,VND/USD,dulieukinhte,D,2026-10-07
2011-06-20,20618.0,VND/USD,dulieukinhte,D,2026-10-07
2011-06-21,20618.0,VND/USD,dulieukinhte,D,2026-10-07
2011-06-22,20618.0,VND/USD,dulieukinhte,D,2026-10-07
2011-06-23,20618.0,VND/USD,dulieukinhte,D,2026-10-07
2011-06-24,20618.0,VND/USD,dulieukinhte,D,2026-10-07
2011-06-25,20618.0,VND/USD,dulieukinhte,D,2026-10-07
2011-06-27,20618.0,VND/USD,dulieukinhte,D,2026-10-07
2011-06-28,20623.0,VND/USD,dulieukinhte,D,2026-10-07
2011-06-29,20618.0,VND/USD,dulieukinhte,D,2026-10-07
2011-06-30,20618.0,VND/USD,dulieukinhte,D,2026-10-07
2011-07-01,20618.0,VND/USD,dulieukinhte,D,2026-10-07
2011-07-02,20613.0,VND/USD,dulieukinhte,D,2026-10-07
2011-07-04,20613.0,VND/USD,dulieukinhte,D,2026-10-07
2011-07-05,20613.0,VND/USD,dulieukinhte,D,2026-10-07
2011-07-06,20613.0,VND/USD,dulieukinhte,D,2026-10-07
2011-07-07,20613.0,VND/USD,dulieukinhte,D,2026-10-07
2011-07-08,20613.0,VND/USD,dulieukinhte,D,2026-10-07
2011-07-09,20608.0,VND/USD,dulieukinhte,D,2026-10-07
2011-07-11,20608.0,VND/USD,dulieukinhte,D,2026-10-07
2011-07-12,20608.0,VND/USD,dulieukinhte,D,2026-10-07
2011-07-13,20608.0,VND/USD,dulieukinhte,D,2026-10-07
2011-07-14,20608.0,VND/USD,dulieukinhte,D,2026-10-07
2011-07-15,20608.0,VND/USD,dulieukinhte,D,2026-10-07
2011-07-16,20608.0,VND/USD,dulieukinhte,D,2026-10-07
2011-07-18,20608.0,VND/USD,dulieukinhte,D,2026-10-07
2011-07-19,20608.0,VND/USD,dulieukinhte,D,2026-10-07
2011-07-20,20608.0,VND/USD,dulieukinhte,D,2026-10-07
2011-07-21,20608.0,VND/USD,dulieukinhte,D,2026-10-07
2011-07-22,20608.0,VND/USD,dulieukinhte,D,2026-10-07
2011-07-23,20608.0,VND/USD,dulieukinhte,D,2026-10-07
2011-07-25,20608.0,VND/USD,dulieukinhte,D,2026-10-07
2011-07-26,20608.0,VND/USD,dulieukinhte,D,2026-10-07
2011-07-27,20608.0,VND/USD,dulieukinhte,D,2026-10-07
2011-07-28,20608.0,VND/USD,dulieukinhte,D,2026-10-07
2011-07-29,20608.0,VND/USD,dulieukinhte,D,2026-10-07
2011-07-30,20608.0,VND/USD,dulieukinhte,D,2026-10-07
2011-08-01,20608.0,VND/USD,dulieukinhte,D,2026-10-07
2011-08-02,20608.0,VND/USD,dulieukinhte,D,2026-10-07
2011-08-03,20608.0,VND/USD,dulieukinhte,D,2026-10-07
2011-08-04,20608.0,VND/USD,dulieukinhte,D,2026-10-07
2011-08-05,20608.0,VND/USD,dulieukinhte,D,2026-10-07
2011-08-06,20608.0,VND/USD,dulieukinhte,D,2026-10-07
2011-08-08,20608.0,VND/USD,dulieukinhte,D,2026-10-07
2011-08-09,20608.0,VND/USD,dulieukinhte,D,2026-10-07
2011-08-10,20618.0,VND/USD,dulieukinhte,D,2026-10-07
2011-08-11,20618.0,VND/USD,dulieukinhte,D,2026-10-07
2011-08-12,20618.0,VND/USD,dulieukinhte,D,2026-10-07
2011-08-13,20618.0,VND/USD,dulieukinhte,D,2026-10-07
2011-08-15,20618.0,VND/USD,dulieukinhte,D,2026-10-07
2011-08-16,20618.0,VND/USD,dulieukinhte,D,2026-10-07
2011-08-17,20618.0,VND/USD,dulieukinhte,D,2026-10-07
2011-08-18,20618.0,VND/USD,dulieukinhte,D,2026-10-07
2011-08-19,20618.0,VND/USD,dulieukinhte,D,2026-10-07
2011-08-20,20618.0,VND/USD,dulieukinhte,D,2026-10-07
2011-08-22,20618.0,VND/USD,dulieukinhte,D,2026-10-07
2011-08-23,20618.0,VND/USD,dulieukinhte,D,2026-10-07
2011-08-24,20628.0,VND/USD,dulieukinhte,D,2026-10-07
2011-08-25,20628.0,VND/USD,dulieukinhte,D,2026-10-07
2011-08-26,20628.0,VND/USD,dulieukinhte,D,2026-10-07
2011-08-27,20628.0,VND/USD,dulieukinhte,D,2026-10-07
2011-08-29,20628.0,VND/USD,dulieukinhte,D,2026-10-07
2011-08-30,20628.0,VND/USD,dulieukinhte,D,2026-10-07
2011-08-31,20628.0,VND/USD,dulieukinhte,D,2026-10-07
2011-09-01,20628.0,VND/USD,dulieukinhte,D,2026-10-07
2011-09-05,20628.0,VND/USD,dulieukinhte,D,2026-10-07
2011-09-06,20628.0,VND/USD,dulieukinhte,D,2026-10-07
2011-09-07,20628.0,VND/USD,dulieukinhte,D,2026-10-07
2011-09-08,20628.0,VND/USD,dulieukinhte,D,2026-10-07
2011-09-09,20628.0,VND/USD,dulieukinhte,D,2026-10-07
2011-09-10,20628.0,VND/USD,dulieukinhte,D,2026-10-07
2011-09-12,20628.0,VND/USD,dulieukinhte,D,2026-10-07
2011-09-13,20628.0,VND/USD,dulieukinhte,D,2026-10-07
2011-09-14,20628.0,VND/USD,dulieukinhte,D,2026-10-07
2011-09-15,20628.0,VND/USD,dulieukinhte,D,2026-10-07
2011-09-16,20628.0,VND/USD,dulieukinhte,D,2026-10-07
2011-09-17,20628.0,VND/USD,dulieukinhte,D,2026-10-07
2011-09-19,20628.0,VND/USD,dulieukinhte,D,2026-10-07
2011-09-20,20628.0,VND/USD,dulieukinhte,D,2026-10-07
2011-09-21,20628.0,VND/USD,dulieukinhte,D,2026-10-07
2011-09-22,20628.0,VND/USD,dulieukinhte,D,2026-10-07
2011-09-23,20628.0,VND/USD,dulieukinhte,D,2026-10-07
2011-09-24,20628.0,VND/USD,dulieukinhte,D,2026-10-07
2011-09-26,20628.0,VND/USD,dulieukinhte,D,2026-10-07
2011-09-27,20628.0,VND/USD,dulieukinhte,D,2026-10-07
2011-09-28,20628.0,VND/USD,dulieukinhte,D,2026-10-07
2011-09-29,20628.0,VND/USD,dulieukinhte,D,2026-10-07
2011-09-30,20628.0,VND/USD,dulieukinhte,D,2026-10-07
2011-10-01,20628.0,VND/USD,dulieukinhte,D,2026-10-07
2011-10-03,20628.0,VND/USD,dulieukinhte,D,2026-10-07
2011-10-04,20628.0,VND/USD,dulieukinhte,D,2026-10-07
2011-10-07,20653.0,VND/USD,dulieukinhte,D,2026-10-07
2011-10-08,20653.0,VND/USD,dulieukinhte,D,2026-10-07
2011-10-10,20653.0,VND/USD,dulieukinhte,D,2026-10-07
2011-10-11,20668.0,VND/USD,dulieukinhte,D,2026-10-07
2011-10-12,20668.0,VND/USD,dulieukinhte,D,2026-10-07
2011-10-13,20678.0,VND/USD,dulieukinhte,D,2026-10-07
2011-10-14,20688.0,VND/USD,dulieukinhte,D,2026-10-07
2011-10-15,20708.0,VND/USD,dulieukinhte,D,2026-10-07
2011-10-17,20708.0,VND/USD,dulieukinhte,D,2026-10-07
2011-10-18,20723.0,VND/USD,dulieukinhte,D,2026-10-07
2011-10-19,20733.0,VND/USD,dulieukinhte,D,2026-10-07
2011-10-20,20738.0,VND/USD,dulieukinhte,D,2026-10-07
2011-10-21,20748.0,VND/USD,dulieukinhte,D,2026-10-07
2011-10-22,20748.0,VND/USD,dulieukinhte,D,2026-10-07
2011-10-24,20748.0,VND/USD,dulieukinhte,D,2026-10-07
2011-10-25,20748.0,VND/USD,dulieukinhte,D,2026-10-07
2011-10-26,20768.0,VND/USD,dulieukinhte,D,2026-10-07
2011-10-27,20788.0,VND/USD,dulieukinhte,D,2026-10-07
2011-10-28,20803.0,VND/USD,dulieukinhte,D,2026-10-07
2011-10-29,20803.0,VND/USD,dulieukinhte,D,2026-10-07
2011-10-31,20803.0,VND/USD,dulieukinhte,D,2026-10-07
2011-11-01,20803.0,VND/USD,dulieukinhte,D,2026-10-07
2011-11-02,20803.0,VND/USD,dulieukinhte,D,2026-10-07
2011-11-05,20803.0,VND/USD,dulieukinhte,D,2026-10-07
2011-11-07,20803.0,VND/USD,dulieukinhte,D,2026-10-07
2011-11-08,20803.0,VND/USD,dulieukinhte,D,2026-10-07
2011-11-09,20803.0,VND/USD,dulieukinhte,D,2026-10-07
2011-11-10,20803.0,VND/USD,dulieukinhte,D,2026-10-07
2011-11-11,20803.0,VND/USD,dulieukinhte,D,2026-10-07
2011-11-12,20803.0,VND/USD,dulieukinhte,D,2026-10-07
2011-11-14,20803.0,VND/USD,dulieukinhte,D,2026-10-07
2011-11-15,20803.0,VND/USD,dulieukinhte,D,2026-10-07
2011-11-16,20803.0,VND/USD,dulieukinhte,D,2026-10-07
2011-11-17,20803.0,VND/USD,dulieukinhte,D,2026-10-07
2011-11-18,20803.0,VND/USD,dulieukinhte,D,2026-10-07
2011-11-19,20803.0,VND/USD,dulieukinhte,D,2026-10-07
2011-11-21,20803.0,VND/USD,dulieukinhte,D,2026-10-07
2011-11-22,20803.0,VND/USD,dulieukinhte,D,2026-10-07
2011-11-23,20803.0,VND/USD,dulieukinhte,D,2026-10-07
2011-11-24,20803.0,VND/USD,dulieukinhte,D,2026-10-07
2011-11-25,20803.0,VND/USD,dulieukinhte,D,2026-10-07
2011-11-26,20803.0,VND/USD,dulieukinhte,D,2026-10-07
2011-11-28,20803.0,VND/USD,dulieukinhte,D,2026-10-07
2011-11-29,20803.0,VND/USD,dulieukinhte,D,2026-10-07
2011-11-30,20803.0,VND/USD,dulieukinhte,D,2026-10-07
2011-12-01,20803.0,VND/USD,dulieukinhte,D,2026-10-07
2011-12-05,20803.0,VND/USD,dulieukinhte,D,2026-10-07
2011-12-06,20803.0,VND/USD,dulieukinhte,D,2026-10-07
2011-12-07,20803.0,VND/USD,dulieukinhte,D,2026-10-07
2011-12-08,20803.0,VND/USD,dulieukinhte,D,2026-10-07
2011-12-09,20803.0,VND/USD,dulieukinhte,D,2026-10-07
2011-12-10,20803.0,VND/USD,dulieukinhte,D,2026-10-07
2011-12-12,20803.0,VND/USD,dulieukinhte,D,2026-10-07
2011-12-13,20803.0,VND/USD,dulieukinhte,D,2026-10-07
2011-12-14,20813.0,VND/USD,dulieukinhte,D,2026-10-07
2011-12-15,20813.0,VND/USD,dulieukinhte,D,2026-10-07
2011-12-16,20813.0,VND/USD,dulieukinhte,D,2026-10-07
2011-12-17,20813.0,VND/USD,dulieukinhte,D,2026-10-07
2011-12-19,20813.0,VND/USD,dulieukinhte,D,2026-10-07
2011-12-20,20813.0,VND/USD,dulieukinhte,D,2026-10-07
2011-12-21,20813.0,VND/USD,dulieukinhte,D,2026-10-07
2011-12-22,20813.0,VND/USD,dulieukinhte,D,2026-10-07
2011-12-23,20813.0,VND/USD,dulieukinhte,D,2026-10-07
2011-12-24,20828.0,VND/USD,dulieukinhte,D,2026-10-07
2011-12-26,20828.0,VND/USD,dulieukinhte,D,2026-10-07
2011-12-27,20828.0,VND/USD,dulieukinhte,D,2026-10-07
2011-12-28,20828.0,VND/USD,dulieukinhte,D,2026-10-07
2011-12-29,20828.0,VND/USD,dulieukinhte,D,2026-10-07
2011-12-30,20828.0,VND/USD,dulieukinhte,D,2026-10-07
2011-12-31,20828.0,VND/USD,dulieukinhte,D,2026-10-07
2012-01-03,20828.0,VND/USD,dulieukinhte,D,2026-10-07
2012-01-04,20828.0,VND/USD,dulieukinhte,D,2026-10-07
2012-01-05,20828.0,VND/USD,dulieukinhte,D,2026-10-07
2012-01-06,20828.0,VND/USD,dulieukinhte,D,2026-10-07
2012-01-10,20828.0,VND/USD,dulieukinhte,D,2026-10-07
2012-01-11,20828.0,VND/USD,dulieukinhte,D,2026-10-07
2012-01-12,20828.0,VND/USD,dulieukinhte,D,2026-10-07
2012-01-13,20828.0,VND/USD,dulieukinhte,D,2026-10-07
2012-01-14,20828.0,VND/USD,dulieukinhte,D,2026-10-07
2012-01-16,20828.0,VND/USD,dulieukinhte,D,2026-10-07
2012-01-17,20828.0,VND/USD,dulieukinhte,D,2026-10-07
2012-01-18,20828.0,VND/USD,dulieukinhte,D,2026-10-07
2012-01-19,20828.0,VND/USD,dulieukinhte,D,2026-10-07
2012-01-20,20828.0,VND/USD,dulieukinhte,D,2026-10-07
2012-01-21,20828.0,VND/USD,dulieukinhte,D,2026-10-07
2012-01-27,20828.0,VND/USD,dulieukinhte,D,2026-10-07
2012-01-28,20828.0,VND/USD,dulieukinhte,D,2026-10-07
2012-01-30,20828.0,VND/USD,dulieukinhte,D,2026-10-07
2012-01-31,20828.0,VND/USD,dulieukinhte,D,2026-10-07
2012-02-01,20828.0,VND/USD,dulieukinhte,D,2026-10-07
2012-02-02,20828.0,VND/USD,dulieukinhte,D,2026-10-07
2012-02-03,20828.0,VND/USD,dulieukinhte,D,2026-10-07
2012-02-04,20828.0,VND/USD,dulieukinhte,D,2026-10-07
2012-02-06,20828.0,VND/USD,dulieukinhte,D,2026-10-07
2012-02-07,20828.0,VND/USD,dulieukinhte,D,2026-10-07
2012-02-08,20828.0,VND/USD,dulieukinhte,D,2026-10-07
2012-02-09,20828.0,VND/USD,dulieukinhte,D,2026-10-07
2012-02-10,20828.0,VND/USD,dulieukinhte,D,2026-10-07
2012-02-11,20828.0,VND/USD,dulieukinhte,D,2026-10-07
2012-02-13,20828.0,VND/USD,dulieukinhte,D,2026-10-07
2012-02-14,20828.0,VND/USD,dulieukinhte,D,2026-10-07
2012-02-15,20828.0,VND/USD,dulieukinhte,D,2026-10-07
2012-02-16,20828.0,VND/USD,dulieukinhte,D,2026-10-07
2012-02-17,20828.0,VND/USD,dulieukinhte,D,2026-10-07
2012-02-18,20828.0,VND/USD,dulieukinhte,D,2026-10-07
2012-02-20,20828.0,VND/USD,dulieukinhte,D,2026-10-07
2012-02-21,20828.0,VND/USD,dulieukinhte,D,2026-10-07
2012-02-22,20828.0,VND/USD,dulieukinhte,D,2026-10-07
2012-02-23,20828.0,VND/USD,dulieukinhte,D,2026-10-07
2012-02-24,20828.0,VND/USD,dulieukinhte,D,2026-10-07
2012-02-25,20828.0,VND/USD,dulieukinhte,D,2026-10-07
2012-02-27,20828.0,VND/USD,dulieukinhte,D,2026-10-07
2012-02-28,20828.0,VND/USD,dulieukinhte,D,2026-10-07
2012-02-29,20828.0,VND/USD,dulieukinhte,D,2026-10-07
2012-03-01,20828.0,VND/USD,dulieukinhte,D,2026-10-07
2012-03-02,20828.0,VND/USD,dulieukinhte,D,2026-10-07
2012-03-03,20828.0,VND/USD,dulieukinhte,D,2026-10-07
2012-03-05,20828.0,VND/USD,dulieukinhte,D,2026-10-07
2012-03-06,20828.0,VND/USD,dulieukinhte,D,2026-10-07
2012-03-07,20828.0,VND/USD,dulieukinhte,D,2026-10-07
2012-03-08,20828.0,VND/USD,dulieukinhte,D,2026-10-07
2012-03-09,20828.0,VND/USD,dulieukinhte,D,2026-10-07
2012-03-10,20828.0,VND/USD,dulieukinhte,D,2026-10-07
2012-03-12,20828.0,VND/USD,dulieukinhte,D,2026-10-07
2012-03-13,20828.0,VND/USD,dulieukinhte,D,2026-10-07
2012-03-14,20828.0,VND/USD,dulieukinhte,D,2026-10-07
2012-03-15,20828.0,VND/USD,dulieukinhte,D,2026-10-07
2012-03-16,20828.0,VND/USD,dulieukinhte,D,2026-10-07
2012-03-17,20828.0,VND/USD,dulieukinhte,D,2026-10-07
2012-03-19,20828.0,VND/USD,dulieukinhte,D,2026-10-07
2012-03-20,20828.0,VND/USD,dulieukinhte,D,2026-10-07
2012-03-21,20828.0,VND/USD,dulieukinhte,D,2026-10-07
2012-03-22,20828.0,VND/USD,dulieukinhte,D,2026-10-07
2012-03-23,20828.0,VND/USD,dulieukinhte,D,2026-10-07
2012-03-24,20828.0,VND/USD,dulieukinhte,D,2026-10-07
2012-03-26,20828.0,VND/USD,dulieukinhte,D,2026-10-07
2012-03-27,20828.0,VND/USD,dulieukinhte,D,2026-10-07
2012-03-28,20828.0,VND/USD,dulieukinhte,D,2026-10-07
2012-03-29,20828.0,VND/USD,dulieukinhte,D,2026-10-07
2012-03-30,20828.0,VND/USD,dulieukinhte,D,2026-10-07
2012-03-31,20828.0,VND/USD,dulieukinhte,D,2026-10-07
2012-04-02,20828.0,VND/USD,dulieukinhte,D,2026-10-07
2012-04-03,20828.0,VND/USD,dulieukinhte,D,2026-10-07
2012-04-04,20828.0,VND/USD,dulieukinhte,D,2026-10-07
2012-04-05,20828.0,VND/USD,dulieukinhte,D,2026-10-07
2012-04-06,20828.0,VND/USD,dulieukinhte,D,2026-10-07
2012-04-07,20828.0,VND/USD,dulieukinhte,D,2026-10-07
2012-04-11,20828.0,VND/USD,dulieukinhte,D,2026-10-07
2012-04-12,20828.0,VND/USD,dulieukinhte,D,2026-10-07
2012-04-13,20828.0,VND/USD,dulieukinhte,D,2026-10-07
2012-04-14,20828.0,VND/USD,dulieukinhte,D,2026-10-07
2012-04-16,20828.0,VND/USD,dulieukinhte,D,2026-10-07
2012-04-17,20828.0,VND/USD,dulieukinhte,D,2026-10-07
2012-04-18,20828.0,VND/USD,dulieukinhte,D,2026-10-07
2012-04-19,20828.0,VND/USD,dulieukinhte,D,2026-10-07
2012-04-20,20828.0,VND/USD,dulieukinhte,D,2026-10-07
2012-04-21,20828.0,VND/USD,dulieukinhte,D,2026-10-07
2012-04-23,20828.0,VND/USD,dulieukinhte,D,2026-10-07
2012-04-24,20828.0,VND/USD,dulieukinhte,D,2026-10-07
2012-04-25,20828.0,VND/USD,dulieukinhte,D,2026-10-07
2012-04-26,20828.0,VND/USD,dulieukinhte,D,2026-10-07
2012-04-27,20828.0,VND/USD,dulieukinhte,D,2026-10-07
2012-04-28,20828.0,VND/USD,dulieukinhte,D,2026-10-07
2012-05-02,20828.0,VND/USD,dulieukinhte,D,2026-10-07
2012-05-03,20828.0,VND/USD,dulieukinhte,D,2026-10-07
2012-05-04,20828.0,VND/USD,dulieukinhte,D,2026-10-07
2012-05-05,20828.0,VND/USD,dulieukinhte,D,2026-10-07
2012-05-07,20828.0,VND/USD,dulieukinhte,D,2026-10-07
2012-05-08,20828.0,VND/USD,dulieukinhte,D,2026-10-07
2012-05-09,20828.0,VND/USD,dulieukinhte,D,2026-10-07
2012-05-10,20828.0,VND/USD,dulieukinhte,D,2026-10-07
2012-05-11,20828.0,VND/USD,dulieukinhte,D,2026-10-07
2012-05-12,20828.0,VND/USD,dulieukinhte,D,2026-10-07
2012-05-14,20828.0,VND/USD,dulieukinhte,D,2026-10-07
2012-05-15,20828.0,VND/USD,dulieukinhte,D,2026-10-07
2012-05-16,20828.0,VND/USD,dulieukinhte,D,2026-10-07
2012-05-17,20828.0,VND/USD,dulieukinhte,D,2026-10-07
2012-05-18,20828.0,VND/USD,dulieukinhte,D,2026-10-07
2012-05-19,20828.0,VND/USD,dulieukinhte,D,2026-10-07
2012-05-21,20828.0,VND/USD,dulieukinhte,D,2026-10-07
2012-05-22,20828.0,VND/USD,dulieukinhte,D,2026-10-07
2012-05-23,20828.0,VND/USD,dulieukinhte,D,2026-10-07
2012-05-24,20828.0,VND/USD,dulieukinhte,D,2026-10-07
2012-05-25,20828.0,VND/USD,dulieukinhte,D,2026-10-07
2012-05-26,20828.0,VND/USD,dulieukinhte,D,2026-10-07
2012-05-28,20828.0,VND/USD,dulieukinhte,D,2026-10-07
2012-05-29,20828.0,VND/USD,dulieukinhte,D,2026-10-07
2012-05-30,20828.0,VND/USD,dulieukinhte,D,2026-10-07
2012-05-31,20828.0,VND/USD,dulieukinhte,D,2026-10-07
2012-06-01,20828.0,VND/USD,dulieukinhte,D,2026-10-07
2012-06-02,20828.0,VND/USD,dulieukinhte,D,2026-10-07
2012-06-04,20828.0,VND/USD,dulieukinhte,D,2026-10-07
2012-06-05,20828.0,VND/USD,dulieukinhte,D,2026-10-07
2012-06-06,20828.0,VND/USD,dulieukinhte,D,2026-10-07
2012-06-07,20828.0,VND/USD,dulieukinhte,D,2026-10-07
2012-06-11,20828.0,VND/USD,dulieukinhte,D,2026-10-07
2012-06-12,20828.0,VND/USD,dulieukinhte,D,2026-10-07
2012-06-13,20828.0,VND/USD,dulieukinhte,D,2026-10-07
2012-06-14,20828.0,VND/USD,dulieukinhte,D,2026-10-07
2012-06-15,20828.0,VND/USD,dulieukinhte,D,2026-10-07
2012-06-16,20828.0,VND/USD,dulieukinhte,D,2026-10-07
2012-06-18,20828.0,VND/USD,dulieukinhte,D,2026-10-07
2012-06-19,20828.0,VND/USD,dulieukinhte,D,2026-10-07
2012-06-20,20828.0,VND/USD,dulieukinhte,D,2026-10-07
2012-06-21,20828.0,VND/USD,dulieukinhte,D,2026-10-07
2012-06-22,20828.0,VND/USD,dulieukinhte,D,2026-10-07
2012-06-23,20828.0,VND/USD,dulieukinhte,D,2026-10-07
2012-06-25,20828.0,VND/USD,dulieukinhte,D,2026-10-07
2012-06-26,20828.0,VND/USD,dulieukinhte,D,2026-10-07
2012-06-27,20828.0,VND/USD,dulieukinhte,D,2026-10-07
2012-06-28,20828.0,VND/USD,dulieukinhte,D,2026-10-07
2012-06-29,20828.0,VND/USD,dulieukinhte,D,2026-10-07
2012-06-30,20828.0,VND/USD,dulieukinhte,D,2026-10-07
2012-07-02,20828.0,VND/USD,dulieukinhte,D,2026-10-07
2012-07-03,20828.0,VND/USD,dulieukinhte,D,2026-10-07
2012-07-04,20828.0,VND/USD,dulieukinhte,D,2026-10-07
2012-07-05,20828.0,VND/USD,dulieukinhte,D,2026-10-07
2012-07-06,20828.0,VND/USD,dulieukinhte,D,2026-10-07
2012-07-10,20828.0,VND/USD,dulieukinhte,D,2026-10-07
2012-07-11,20828.0,VND/USD,dulieukinhte,D,2026-10-07
2012-07-12,20828.0,VND/USD,dulieukinhte,D,2026-10-07
2012-07-13,20828.0,VND/USD,dulieukinhte,D,2026-10-07
2012-07-14,20828.0,VND/USD,dulieukinhte,D,2026-10-07
2012-07-16,20828.0,VND/USD,dulieukinhte,D,2026-10-07
2012-07-17,20828.0,VND/USD,dulieukinhte,D,2026-10-07
2012-07-18,20828.0,VND/USD,dulieukinhte,D,2026-10-07
2012-07-19,20828.0,VND/USD,dulieukinhte,D,2026-10-07
2012-07-20,20828.0,VND/USD,dulieukinhte,D,2026-10-07
2012-07-21,20828.0,VND/USD,dulieukinhte,D,2026-10-07
2012-07-23,20828.0,VND/USD,dulieukinhte,D,2026-10-07
2012-07-24,20828.0,VND/USD,dulieukinhte,D,2026-10-07
2012-07-25,20828.0,VND/USD,dulieukinhte,D,2026-10-07
2012-07-26,20828.0,VND/USD,dulieukinhte,D,2026-10-07
2012-07-27,20828.0,VND/USD,dulieukinhte,D,2026-10-07
2012-07-28,20828.0,VND/USD,dulieukinhte,D,2026-10-07
2012-07-30,20828.0,VND/USD,dulieukinhte,D,2026-10-07
2012-07-31,20828.0,VND/USD,dulieukinhte,D,2026-10-07
2012-08-01,20828.0,VND/USD,dulieukinhte,D,2026-10-07
2012-08-02,20828.0,VND/USD,dulieukinhte,D,2026-10-07
2012-08-03,20828.0,VND/USD,dulieukinhte,D,2026-10-07
2012-08-04,20828.0,VND/USD,dulieukinhte,D,2026-10-07
2012-08-06,20828.0,VND/USD,dulieukinhte,D,2026-10-07
2012-08-07,20828.0,VND/USD,dulieukinhte,D,2026-10-07
2012-08-08,20828.0,VND/USD,dulieukinhte,D,2026-10-07
2012-08-09,20828.0,VND/USD,dulieukinhte,D,2026-10-07
2012-08-10,20828.0,VND/USD,dulieukinhte,D,2026-10-07
2012-08-11,20828.0,VND/USD,dulieukinhte,D,2026-10-07
2012-08-13,20828.0,VND/USD,dulieukinhte,D,2026-10-07
2012-08-14,20828.0,VND/USD,dulieukinhte,D,2026-10-07
2012-08-15,20828.0,VND/USD,dulieukinhte,D,2026-10-07
2012-08-16,20828.0,VND/USD,dulieukinhte,D,2026-10-07
2012-08-17,20828.0,VND/USD,dulieukinhte,D,2026-10-07
2012-08-18,20828.0,VND/USD,dulieukinhte,D,2026-10-07
2012-08-20,20828.0,VND/USD,dulieukinhte,D,2026-10-07
2012-08-21,20828.0,VND/USD,dulieukinhte,D,2026-10-07
2012-08-22,20828.0,VND/USD,dulieukinhte,D,2026-10-07
2012-08-23,20828.0,VND/USD,dulieukinhte,D,2026-10-07
2012-08-24,20828.0,VND/USD,dulieukinhte,D,2026-10-07
2012-08-25,20828.0,VND/USD,dulieukinhte,D,2026-10-07
2012-08-27,20828.0,VND/USD,dulieukinhte,D,2026-10-07
2012-08-28,20828.0,VND/USD,dulieukinhte,D,2026-10-07
2012-08-29,20828.0,VND/USD,dulieukinhte,D,2026-10-07
2012-08-30,20828.0,VND/USD,dulieukinhte,D,2026-10-07
2012-08-31,20828.0,VND/USD,dulieukinhte,D,2026-10-07
2012-09-01,20828.0,VND/USD,dulieukinhte,D,2026-10-07
2012-09-04,20828.0,VND/USD,dulieukinhte,D,2026-10-07
2012-09-05,20828.0,VND/USD,dulieukinhte,D,2026-10-07
2012-09-06,20828.0,VND/USD,dulieukinhte,D,2026-10-07
2012-09-07,20828.0,VND/USD,dulieukinhte,D,2026-10-07
2012-09-08,20828.0,VND/USD,dulieukinhte,D,2026-10-07
2012-09-10,20828.0,VND/USD,dulieukinhte,D,2026-10-07
2012-09-11,20828.0,VND/USD,dulieukinhte,D,2026-10-07
2012-09-12,20828.0,VND/USD,dulieukinhte,D,2026-10-07
2012-09-13,20828.0,VND/USD,dulieukinhte,D,2026-10-07
2012-09-14,20828.0,VND/USD,dulieukinhte,D,2026-10-07
2012-09-15,20828.0,VND/USD,dulieukinhte,D,2026-10-07
2012-09-17,20828.0,VND/USD,dulieukinhte,D,2026-10-07
2012-09-18,20828.0,VND/USD,dulieukinhte,D,2026-10-07
2012-09-19,20828.0,VND/USD,dulieukinhte,D,2026-10-07
2012-09-20,20828.0,VND/USD,dulieukinhte,D,2026-10-07
2012-09-21,20828.0,VND/USD,dulieukinhte,D,2026-10-07
2012-09-22,20828.0,VND/USD,dulieukinhte,D,2026-10-07
2012-09-24,20828.0,VND/USD,dulieukinhte,D,2026-10-07
2012-09-25,20828.0,VND/USD,dulieukinhte,D,2026-10-07
2012-09-26,20828.0,VND/USD,dulieukinhte,D,2026-10-07
2012-09-27,20828.0,VND/USD,dulieukinhte,D,2026-10-07
2012-09-28,20828.0,VND/USD,dulieukinhte,D,2026-10-07
2012-09-29,20828.0,VND/USD,dulieukinhte,D,2026-10-07
2012-10-01,20828.0,VND/USD,dulieukinhte,D,2026-10-07
2012-10-02,20828.0,VND/USD,dulieukinhte,D,2026-10-07
2012-10-03,20828.0,VND/USD,dulieukinhte,D,2026-10-07
2012-10-04,20828.0,VND/USD,dulieukinhte,D,2026-10-07
2012-10-05,20828.0,VND/USD,dulieukinhte,D,2026-10-07
2012-10-06,20828.0,VND/USD,dulieukinhte,D,2026-10-07
2012-10-08,20828.0,VND/USD,dulieukinhte,D,2026-10-07
2012-10-09,20828.0,VND/USD,dulieukinhte,D,2026-10-07
2012-10-10,20828.0,VND/USD,dulieukinhte,D,2026-10-07
2012-10-11,20828.0,VND/USD,dulieukinhte,D,2026-10-07
2012-10-12,20828.0,VND/USD,dulieukinhte,D,2026-10-07
2012-10-13,20828.0,VND/USD,dulieukinhte,D,2026-10-07
2012-10-15,20828.0,VND/USD,dulieukinhte,D,2026-10-07
2012-10-16,20828.0,VND/USD,dulieukinhte,D,2026-10-07
2012-10-17,20828.0,VND/USD,dulieukinhte,D,2026-10-07
2012-10-18,20828.0,VND/USD,dulieukinhte,D,2026-10-07
2012-10-19,20828.0,VND/USD,dulieukinhte,D,2026-10-07
2012-10-20,20828.0,VND/USD,dulieukinhte,D,2026-10-07
2012-10-22,20828.0,VND/USD,dulieukinhte,D,2026-10-07
2012-10-23,20828.0,VND/USD,dulieukinhte,D,2026-10-07
2012-10-24,20828.0,VND/USD,dulieukinhte,D,2026-10-07
2012-10-25,20828.0,VND/USD,dulieukinhte,D,2026-10-07
2012-10-26,20828.0,VND/USD,dulieukinhte,D,2026-10-07
2012-10-27,20828.0,VND/USD,dulieukinhte,D,2026-10-07
2012-10-29,20828.0,VND/USD,dulieukinhte,D,2026-10-07
2012-10-30,20828.0,VND/USD,dulieukinhte,D,2026-10-07
2012-10-31,20828.0,VND/USD,dulieukinhte,D,2026-10-07
2012-11-01,20828.0,VND/USD,dulieukinhte,D,2026-10-07
2012-11-02,20828.0,VND/USD,dulieukinhte,D,2026-10-07
2012-11-03,20828.0,VND/USD,dulieukinhte,D,2026-10-07
2012-11-05,20828.0,VND/USD,dulieukinhte,D,2026-10-07
2012-11-06,20828.0,VND/USD,dulieukinhte,D,2026-10-07
2012-11-07,20828.0,VND/USD,dulieukinhte,D,2026-10-07
2012-11-08,20828.0,VND/USD,dulieukinhte,D,2026-10-07
2012-11-09,20828.0,VND/USD,dulieukinhte,D,2026-10-07
2012-11-10,20828.0,VND/USD,dulieukinhte,D,2026-10-07
2012-11-12,20828.0,VND/USD,dulieukinhte,D,2026-10-07
2012-11-13,20828.0,VND/USD,dulieukinhte,D,2026-10-07
2012-11-14,20828.0,VND/USD,dulieukinhte,D,2026-10-07
2012-11-15,20828.0,VND/USD,dulieukinhte,D,2026-10-07
2012-11-16,20828.0,VND/USD,dulieukinhte,D,2026-10-07
2012-11-17,20828.0,VND/USD,dulieukinhte,D,2026-10-07
2012-11-19,20828.0,VND/USD,dulieukinhte,D,2026-10-07
2012-11-20,20828.0,VND/USD,dulieukinhte,D,2026-10-07
2012-11-21,20828.0,VND/USD,dulieukinhte,D,2026-10-07
2012-11-22,20828.0,VND/USD,dulieukinhte,D,2026-10-07
2012-11-23,20828.0,VND/USD,dulieukinhte,D,2026-10-07
2012-11-24,20828.0,VND/USD,dulieukinhte,D,2026-10-07
2012-11-26,20828.0,VND/USD,dulieukinhte,D,2026-10-07
2012-11-27,20828.0,VND/USD,dulieukinhte,D,2026-10-07
2012-11-28,20828.0,VND/USD,dulieukinhte,D,2026-10-07
2012-11-29,20828.0,VND/USD,dulieukinhte,D,2026-10-07
2012-11-30,20828.0,VND/USD,dulieukinhte,D,2026-10-07
2012-12-01,20828.0,VND/USD,dulieukinhte,D,2026-10-07
2012-12-03,20828.0,VND/USD,dulieukinhte,D,2026-10-07
2012-12-04,20828.0,VND/USD,dulieukinhte,D,2026-10-07
2012-12-06,20828.0,VND/USD,dulieukinhte,D,2026-10-07
2012-12-07,20828.0,VND/USD,dulieukinhte,D,2026-10-07
2012-12-08,20828.0,VND/USD,dulieukinhte,D,2026-10-07
2012-12-10,20828.0,VND/USD,dulieukinhte,D,2026-10-07
2012-12-11,20828.0,VND/USD,dulieukinhte,D,2026-10-07
2012-12-12,20828.0,VND/USD,dulieukinhte,D,2026-10-07
2012-12-13,20828.0,VND/USD,dulieukinhte,D,2026-10-07
2012-12-14,20828.0,VND/USD,dulieukinhte,D,2026-10-07
2012-12-15,20828.0,VND/USD,dulieukinhte,D,2026-10-07
2012-12-17,20828.0,VND/USD,dulieukinhte,D,2026-10-07
2012-12-18,20828.0,VND/USD,dulieukinhte,D,2026-10-07
2012-12-19,20828.0,VND/USD,dulieukinhte,D,2026-10-07
2012-12-20,20828.0,VND/USD,dulieukinhte,D,2026-10-07
2012-12-21,20828.0,VND/USD,dulieukinhte,D,2026-10-07
2012-12-22,20828.0,VND/USD,dulieukinhte,D,2026-10-07
2012-12-24,20828.0,VND/USD,dulieukinhte,D,2026-10-07
2012-12-25,20828.0,VND/USD,dulieukinhte,D,2026-10-07
2012-12-26,20828.0,VND/USD,dulieukinhte,D,2026-10-07
2012-12-27,20828.0,VND/USD,dulieukinhte,D,2026-10-07
2012-12-28,20828.0,VND/USD,dulieukinhte,D,2026-10-07
2012-12-29,20828.0,VND/USD,dulieukinhte,D,2026-10-07
2012-12-30,20828.0,VND/USD,dulieukinhte,D,2026-10-07
2012-12-31,20828.0,VND/USD,dulieukinhte,D,2026-10-07
2013-01-03,20828.0,VND/USD,dulieukinhte,D,2026-10-07
2013-01-07,20828.0,VND/USD,dulieukinhte,D,2026-10-07
2013-01-08,20828.0,VND/USD,dulieukinhte,D,2026-10-07
2013-01-09,20828.0,VND/USD,dulieukinhte,D,2026-10-07
2013-01-10,20828.0,VND/USD,dulieukinhte,D,2026-10-07
2013-01-12,20828.0,VND/USD,dulieukinhte,D,2026-10-07
2013-01-14,20828.0,VND/USD,dulieukinhte,D,2026-10-07
2013-01-15,20828.0,VND/USD,dulieukinhte,D,2026-10-07
2013-01-16,20828.0,VND/USD,dulieukinhte,D,2026-10-07
2013-01-17,20828.0,VND/USD,dulieukinhte,D,2026-10-07
2013-01-18,20828.0,VND/USD,dulieukinhte,D,2026-10-07
2013-01-19,20828.0,VND/USD,dulieukinhte,D,2026-10-07
2013-01-21,20828.0,VND/USD,dulieukinhte,D,2026-10-07
2013-01-22,20828.0,VND/USD,dulieukinhte,D,2026-10-07
2013-01-23,20828.0,VND/USD,dulieukinhte,D,2026-10-07
2013-01-24,20828.0,VND/USD,dulieukinhte,D,2026-10-07
2013-01-25,20828.0,VND/USD,dulieukinhte,D,2026-10-07
2013-01-26,20828.0,VND/USD,dulieukinhte,D,2026-10-07
2013-01-28,20828.0,VND/USD,dulieukinhte,D,2026-10-07
2013-01-29,20828.0,VND/USD,dulieukinhte,D,2026-10-07
2013-01-30,20828.0,VND/USD,dulieukinhte,D,2026-10-07
2013-01-31,20828.0,VND/USD,dulieukinhte,D,2026-10-07
2013-02-01,20828.0,VND/USD,dulieukinhte,D,2026-10-07
2013-02-02,20828.0,VND/USD,dulieukinhte,D,2026-10-07
2013-02-06,20828.0,VND/USD,dulieukinhte,D,2026-10-07
2013-02-07,20828.0,VND/USD,dulieukinhte,D,2026-10-07
2013-02-08,20828.0,VND/USD,dulieukinhte,D,2026-10-07
2013-02-13,20828.0,VND/USD,dulieukinhte,D,2026-10-07
2013-02-14,20828.0,VND/USD,dulieukinhte,D,2026-10-07
2013-02-15,20828.0,VND/USD,dulieukinhte,D,2026-10-07
2013-02-16,20828.0,VND/USD,dulieukinhte,D,2026-10-07
2013-02-18,20828.0,VND/USD,dulieukinhte,D,2026-10-07
2013-02-19,20828.0,VND/USD,dulieukinhte,D,2026-10-07
2013-02-20,20828.0,VND/USD,dulieukinhte,D,2026-10-07
2013-02-21,20828.0,VND/USD,dulieukinhte,D,2026-10-07
2013-02-22,20828.0,VND/USD,dulieukinhte,D,2026-10-07
2013-02-23,20828.0,VND/USD,dulieukinhte,D,2026-10-07
2013-02-25,20828.0,VND/USD,dulieukinhte,D,2026-10-07
2013-02-26,20828.0,VND/USD,dulieukinhte,D,2026-10-07
2013-02-27,20828.0,VND/USD,dulieukinhte,D,2026-10-07
2013-02-28,20828.0,VND/USD,dulieukinhte,D,2026-10-07
2013-03-01,20828.0,VND/USD,dulieukinhte,D,2026-10-07
2013-03-02,20828.0,VND/USD,dulieukinhte,D,2026-10-07
2013-03-04,20828.0,VND/USD,dulieukinhte,D,2026-10-07
2013-03-05,20828.0,VND/USD,dulieukinhte,D,2026-10-07
2013-03-06,20828.0,VND/USD,dulieukinhte,D,2026-10-07
2013-03-07,20828.0,VND/USD,dulieukinhte,D,2026-10-07
2013-03-11,20828.0,VND/USD,dulieukinhte,D,2026-10-07
2013-03-12,20828.0,VND/USD,dulieukinhte,D,2026-10-07
2013-03-13,20828.0,VND/USD,dulieukinhte,D,2026-10-07
2013-03-14,20828.0,VND/USD,dulieukinhte,D,2026-10-07
2013-03-15,20828.0,VND/USD,dulieukinhte,D,2026-10-07
2013-03-16,20828.0,VND/USD,dulieukinhte,D,2026-10-07
2013-03-18,20828.0,VND/USD,dulieukinhte,D,2026-10-07
2013-03-19,20828.0,VND/USD,dulieukinhte,D,2026-10-07
2013-03-20,20828.0,VND/USD,dulieukinhte,D,2026-10-07
2013-03-21,20828.0,VND/USD,dulieukinhte,D,2026-10-07
2013-03-22,20828.0,VND/USD,dulieukinhte,D,2026-10-07
2013-03-23,20828.0,VND/USD,dulieukinhte,D,2026-10-07
2013-03-26,20828.0,VND/USD,dulieukinhte,D,2026-10-07
2013-03-27,20828.0,VND/USD,dulieukinhte,D,2026-10-07
2013-03-28,20828.0,VND/USD,dulieukinhte,D,2026-10-07
2013-03-29,20828.0,VND/USD,dulieukinhte,D,2026-10-07
2013-03-30,20828.0,VND/USD,dulieukinhte,D,2026-10-07
2013-04-01,20828.0,VND/USD,dulieukinhte,D,2026-10-07
2013-04-02,20828.0,VND/USD,dulieukinhte,D,2026-10-07
2013-04-03,20828.0,VND/USD,dulieukinhte,D,2026-10-07
2013-04-04,20828.0,VND/USD,dulieukinhte,D,2026-10-07
2013-04-05,20828.0,VND/USD,dulieukinhte,D,2026-10-07
2013-04-06,20828.0,VND/USD,dulieukinhte,D,2026-10-07
2013-04-10,20828.0,VND/USD,dulieukinhte,D,2026-10-07
2013-04-11,20828.0,VND/USD,dulieukinhte,D,2026-10-07
2013-04-12,20828.0,VND/USD,dulieukinhte,D,2026-10-07
2013-04-13,20828.0,VND/USD,dulieukinhte,D,2026-10-07
2013-04-15,20828.0,VND/USD,dulieukinhte,D,2026-10-07
2013-04-16,20828.0,VND/USD,dulieukinhte,D,2026-10-07
2013-04-17,20828.0,VND/USD,dulieukinhte,D,2026-10-07
2013-04-18,20828.0,VND/USD,dulieukinhte,D,2026-10-07
2013-04-19,20828.0,VND/USD,dulieukinhte,D,2026-10-07
2013-04-20,20828.0,VND/USD,dulieukinhte,D,2026-10-07
2013-04-22,20828.0,VND/USD,dulieukinhte,D,2026-10-07
2013-04-23,20828.0,VND/USD,dulieukinhte,D,2026-10-07
2013-04-24,20828.0,VND/USD,dulieukinhte,D,2026-10-07
2013-04-25,20828.0,VND/USD,dulieukinhte,D,2026-10-07
2013-04-26,20828.0,VND/USD,dulieukinhte,D,2026-10-07
2013-04-27,20828.0,VND/USD,dulieukinhte,D,2026-10-07
2013-04-29,20828.0,VND/USD,dulieukinhte,D,2026-10-07
2013-04-30,20828.0,VND/USD,dulieukinhte,D,2026-10-07
2013-05-02,20828.0,VND/USD,dulieukinhte,D,2026-10-07
2013-05-03,20828.0,VND/USD,dulieukinhte,D,2026-10-07
2013-05-04,20828.0,VND/USD,dulieukinhte,D,2026-10-07
2013-05-06,20828.0,VND/USD,dulieukinhte,D,2026-10-07
2013-05-07,20828.0,VND/USD,dulieukinhte,D,2026-10-07
2013-05-10,20828.0,VND/USD,dulieukinhte,D,2026-10-07
2013-05-11,20828.0,VND/USD,dulieukinhte,D,2026-10-07
2013-05-13,20828.0,VND/USD,dulieukinhte,D,2026-10-07
2013-05-14,20828.0,VND/USD,dulieukinhte,D,2026-10-07
2013-05-15,20828.0,VND/USD,dulieukinhte,D,2026-10-07
2013-05-16,20828.0,VND/USD,dulieukinhte,D,2026-10-07
2013-05-17,20828.0,VND/USD,dulieukinhte,D,2026-10-07
2013-05-18,20828.0,VND/USD,dulieukinhte,D,2026-10-07
2013-05-20,20828.0,VND/USD,dulieukinhte,D,2026-10-07
2013-05-21,20828.0,VND/USD,dulieukinhte,D,2026-10-07
2013-05-22,20828.0,VND/USD,dulieukinhte,D,2026-10-07
2013-05-23,20828.0,VND/USD,dulieukinhte,D,2026-10-07
2013-05-24,20828.0,VND/USD,dulieukinhte,D,2026-10-07
2013-05-25,20828.0,VND/USD,dulieukinhte,D,2026-10-07
2013-05-27,20828.0,VND/USD,dulieukinhte,D,2026-10-07
2013-05-28,20828.0,VND/USD,dulieukinhte,D,2026-10-07
2013-05-29,20828.0,VND/USD,dulieukinhte,D,2026-10-07
2013-05-30,20828.0,VND/USD,dulieukinhte,D,2026-10-07
2013-05-31,20828.0,VND/USD,dulieukinhte,D,2026-10-07
2013-06-03,20828.0,VND/USD,dulieukinhte,D,2026-10-07
2013-06-04,20828.0,VND/USD,dulieukinhte,D,2026-10-07
2013-06-05,20828.0,VND/USD,dulieukinhte,D,2026-10-07
2013-06-06,20828.0,VND/USD,dulieukinhte,D,2026-10-07
2013-06-10,20828.0,VND/USD,dulieukinhte,D,2026-10-07
2013-06-11,20828.0,VND/USD,dulieukinhte,D,2026-10-07
2013-06-12,20828.0,VND/USD,dulieukinhte,D,2026-10-07
2013-06-13,20828.0,VND/USD,dulieukinhte,D,2026-10-07
2013-06-14,20828.0,VND/USD,dulieukinhte,D,2026-10-07
2013-06-15,20828.0,VND/USD,dulieukinhte,D,2026-10-07
2013-06-17,20828.0,VND/USD,dulieukinhte,D,2026-10-07
2013-06-18,20828.0,VND/USD,dulieukinhte,D,2026-10-07
2013-06-19,20828.0,VND/USD,dulieukinhte,D,2026-10-07
2013-06-20,20828.0,VND/USD,dulieukinhte,D,2026-10-07
2013-06-21,20828.0,VND/USD,dulieukinhte,D,2026-10-07
2013-06-22,20828.0,VND/USD,dulieukinhte,D,2026-10-07
2013-06-24,20828.0,VND/USD,dulieukinhte,D,2026-10-07
2013-06-25,20828.0,VND/USD,dulieukinhte,D,2026-10-07
2013-06-26,20828.0,VND/USD,dulieukinhte,D,2026-10-07
2013-06-27,20828.0,VND/USD,dulieukinhte,D,2026-10-07
2013-06-28,21036.0,VND/USD,dulieukinhte,D,2026-10-07
2013-06-29,21036.0,VND/USD,dulieukinhte,D,2026-10-07
2013-07-01,21036.0,VND/USD,dulieukinhte,D,2026-10-07
2013-07-02,21036.0,VND/USD,dulieukinhte,D,2026-10-07
2013-07-03,21036.0,VND/USD,dulieukinhte,D,2026-10-07
2013-07-04,21036.0,VND/USD,dulieukinhte,D,2026-10-07
2013-07-05,21036.0,VND/USD,dulieukinhte,D,2026-10-07
2013-07-09,21036.0,VND/USD,dulieukinhte,D,2026-10-07
2013-07-10,21036.0,VND/USD,dulieukinhte,D,2026-10-07
2013-07-11,21036.0,VND/USD,dulieukinhte,D,2026-10-07
2013-07-12,21036.0,VND/USD,dulieukinhte,D,2026-10-07
2013-07-13,21036.0,VND/USD,dulieukinhte,D,2026-10-07
2013-07-15,21036.0,VND/USD,dulieukinhte,D,2026-10-07
2013-07-16,21036.0,VND/USD,dulieukinhte,D,2026-10-07
2013-07-17,21036.0,VND/USD,dulieukinhte,D,2026-10-07
2013-07-18,21036.0,VND/USD,dulieukinhte,D,2026-10-07
2013-07-19,21036.0,VND/USD,dulieukinhte,D,2026-10-07
2013-07-20,21036.0,VND/USD,dulieukinhte,D,2026-10-07
2013-07-22,21036.0,VND/USD,dulieukinhte,D,2026-10-07
2013-07-23,21036.0,VND/USD,dulieukinhte,D,2026-10-07
2013-07-24,21036.0,VND/USD,dulieukinhte,D,2026-10-07
2013-07-25,21036.0,VND/USD,dulieukinhte,D,2026-10-07
2013-07-26,21036.0,VND/USD,dulieukinhte,D,2026-10-07
2013-07-27,21036.0,VND/USD,dulieukinhte,D,2026-10-07
2013-07-29,21036.0,VND/USD,dulieukinhte,D,2026-10-07
2013-07-30,21036.0,VND/USD,dulieukinhte,D,2026-10-07
2013-07-31,21036.0,VND/USD,dulieukinhte,D,2026-10-07
2013-08-01,21036.0,VND/USD,dulieukinhte,D,2026-10-07
2013-08-02,21036.0,VND/USD,dulieukinhte,D,2026-10-07
2013-08-03,21036.0,VND/USD,dulieukinhte,D,2026-10-07
2013-08-07,21036.0,VND/USD,dulieukinhte,D,2026-10-07
2013-08-08,21036.0,VND/USD,dulieukinhte,D,2026-10-07
2013-08-09,21036.0,VND/USD,dulieukinhte,D,2026-10-07
2013-08-10,21036.0,VND/USD,dulieukinhte,D,2026-10-07
2013-08-12,21036.0,VND/USD,dulieukinhte,D,2026-10-07
2013-08-13,21036.0,VND/USD,dulieukinhte,D,2026-10-07
2013-08-15,21036.0,VND/USD,dulieukinhte,D,2026-10-07
2013-08-16,21036.0,VND/USD,dulieukinhte,D,2026-10-07
2013-08-17,21036.0,VND/USD,dulieukinhte,D,2026-10-07
2013-08-19,21036.0,VND/USD,dulieukinhte,D,2026-10-07
2013-08-20,21036.0,VND/USD,dulieukinhte,D,2026-10-07
2013-08-21,21036.0,VND/USD,dulieukinhte,D,2026-10-07
2013-08-22,21036.0,VND/USD,dulieukinhte,D,2026-10-07
2013-08-23,21036.0,VND/USD,dulieukinhte,D,2026-10-07
2013-08-24,21036.0,VND/USD,dulieukinhte,D,2026-10-07
2013-08-26,21036.0,VND/USD,dulieukinhte,D,2026-10-07
2013-08-27,21036.0,VND/USD,dulieukinhte,D,2026-10-07
2013-08-28,21036.0,VND/USD,dulieukinhte,D,2026-10-07
2013-08-29,21036.0,VND/USD,dulieukinhte,D,2026-10-07
2013-08-30,21036.0,VND/USD,dulieukinhte,D,2026-10-07
2013-08-31,21036.0,VND/USD,dulieukinhte,D,2026-10-07
2013-09-02,21036.0,VND/USD,dulieukinhte,D,2026-10-07
2013-09-03,21036.0,VND/USD,dulieukinhte,D,2026-10-07
2013-09-06,21036.0,VND/USD,dulieukinhte,D,2026-10-07
2013-09-07,21036.0,VND/USD,dulieukinhte,D,2026-10-07
2013-09-09,21036.0,VND/USD,dulieukinhte,D,2026-10-07
2013-09-10,21036.0,VND/USD,dulieukinhte,D,2026-10-07
2013-09-11,21036.0,VND/USD,dulieukinhte,D,2026-10-07
2013-09-12,21036.0,VND/USD,dulieukinhte,D,2026-10-07
2013-09-13,21036.0,VND/USD,dulieukinhte,D,2026-10-07
2013-09-14,21036.0,VND/USD,dulieukinhte,D,2026-10-07
2013-09-16,21036.0,VND/USD,dulieukinhte,D,2026-10-07
2013-09-17,21036.0,VND/USD,dulieukinhte,D,2026-10-07
2013-09-18,21036.0,VND/USD,dulieukinhte,D,2026-10-07
2013-09-19,21036.0,VND/USD,dulieukinhte,D,2026-10-07
2013-09-20,21036.0,VND/USD,dulieukinhte,D,2026-10-07
2013-09-21,21036.0,VND/USD,dulieukinhte,D,2026-10-07
2013-09-23,21036.0,VND/USD,dulieukinhte,D,2026-10-07
2013-09-24,21036.0,VND/USD,dulieukinhte,D,2026-10-07
2013-09-25,21036.0,VND/USD,dulieukinhte,D,2026-10-07
2013-09-26,21036.0,VND/USD,dulieukinhte,D,2026-10-07
2013-09-27,21036.0,VND/USD,dulieukinhte,D,2026-10-07
2013-09-28,21036.0,VND/USD,dulieukinhte,D,2026-10-07
2013-09-30,21036.0,VND/USD,dulieukinhte,D,2026-10-07
2013-10-01,21036.0,VND/USD,dulieukinhte,D,2026-10-07
2013-10-02,21036.0,VND/USD,dulieukinhte,D,2026-10-07
2013-10-05,21036.0,VND/USD,dulieukinhte,D,2026-10-07
2013-10-07,21036.0,VND/USD,dulieukinhte,D,2026-10-07
2013-10-08,21036.0,VND/USD,dulieukinhte,D,2026-10-07
2013-10-09,21036.0,VND/USD,dulieukinhte,D,2026-10-07
2013-10-10,21036.0,VND/USD,dulieukinhte,D,2026-10-07
2013-10-11,21036.0,VND/USD,dulieukinhte,D,2026-10-07
2013-10-12,21036.0,VND/USD,dulieukinhte,D,2026-10-07
2013-10-14,21036.0,VND/USD,dulieukinhte,D,2026-10-07
2013-10-15,21036.0,VND/USD,dulieukinhte,D,2026-10-07
2013-10-16,21036.0,VND/USD,dulieukinhte,D,2026-10-07
2013-10-17,21036.0,VND/USD,dulieukinhte,D,2026-10-07
2013-10-18,21036.0,VND/USD,dulieukinhte,D,2026-10-07
2013-10-19,21036.0,VND/USD,dulieukinhte,D,2026-10-07
2013-10-21,21036.0,VND/USD,dulieukinhte,D,2026-10-07
2013-10-22,21036.0,VND/USD,dulieukinhte,D,2026-10-07
2013-10-23,21036.0,VND/USD,dulieukinhte,D,2026-10-07
2013-10-24,21036.0,VND/USD,dulieukinhte,D,2026-10-07
2013-10-25,21036.0,VND/USD,dulieukinhte,D,2026-10-07
2013-10-26,21036.0,VND/USD,dulieukinhte,D,2026-10-07
2013-10-28,21036.0,VND/USD,dulieukinhte,D,2026-10-07
2013-10-29,21036.0,VND/USD,dulieukinhte,D,2026-10-07
2013-10-30,21036.0,VND/USD,dulieukinhte,D,2026-10-07
2013-10-31,21036.0,VND/USD,dulieukinhte,D,2026-10-07
2013-11-04,21036.0,VND/USD,dulieukinhte,D,2026-10-07
2013-11-05,21036.0,VND/USD,dulieukinhte,D,2026-10-07
2013-11-06,21036.0,VND/USD,dulieukinhte,D,2026-10-07
2013-11-07,21036.0,VND/USD,dulieukinhte,D,2026-10-07
2013-11-08,21036.0,VND/USD,dulieukinhte,D,2026-10-07
2013-11-09,21036.0,VND/USD,dulieukinhte,D,2026-10-07
2013-11-11,21036.0,VND/USD,dulieukinhte,D,2026-10-07
2013-11-12,21036.0,VND/USD,dulieukinhte,D,2026-10-07
2013-11-13,21036.0,VND/USD,dulieukinhte,D,2026-10-07
2013-11-14,21036.0,VND/USD,dulieukinhte,D,2026-10-07
2013-11-15,21036.0,VND/USD,dulieukinhte,D,2026-10-07
2013-11-16,21036.0,VND/USD,dulieukinhte,D,2026-10-07
2013-11-18,21036.0,VND/USD,dulieukinhte,D,2026-10-07
2013-11-19,21036.0,VND/USD,dulieukinhte,D,2026-10-07
2013-11-20,21036.0,VND/USD,dulieukinhte,D,2026-10-07
2013-11-21,21036.0,VND/USD,dulieukinhte,D,2026-10-07
2013-11-22,21036.0,VND/USD,dulieukinhte,D,2026-10-07
2013-11-23,21036.0,VND/USD,dulieukinhte,D,2026-10-07
2013-11-25,21036.0,VND/USD,dulieukinhte,D,2026-10-07
2013-11-26,21036.0,VND/USD,dulieukinhte,D,2026-10-07
2013-11-27,21036.0,VND/USD,dulieukinhte,D,2026-10-07
2013-11-28,21036.0,VND/USD,dulieukinhte,D,2026-10-07
2013-11-29,21036.0,VND/USD,dulieukinhte,D,2026-10-07
2013-12-03,21036.0,VND/USD,dulieukinhte,D,2026-10-07
2013-12-04,21036.0,VND/USD,dulieukinhte,D,2026-10-07
2013-12-05,21036.0,VND/USD,dulieukinhte,D,2026-10-07
2013-12-06,21036.0,VND/USD,dulieukinhte,D,2026-10-07
2013-12-07,21036.0,VND/USD,dulieukinhte,D,2026-10-07
2013-12-09,21036.0,VND/USD,dulieukinhte,D,2026-10-07
2013-12-10,21036.0,VND/USD,dulieukinhte,D,2026-10-07
2013-12-11,21036.0,VND/USD,dulieukinhte,D,2026-10-07
2013-12-12,21036.0,VND/USD,dulieukinhte,D,2026-10-07
2013-12-13,21036.0,VND/USD,dulieukinhte,D,2026-10-07
2013-12-14,21036.0,VND/USD,dulieukinhte,D,2026-10-07
2013-12-16,21036.0,VND/USD,dulieukinhte,D,2026-10-07
2013-12-17,21036.0,VND/USD,dulieukinhte,D,2026-10-07
2013-12-18,21036.0,VND/USD,dulieukinhte,D,2026-10-07
2013-12-19,21036.0,VND/USD,dulieukinhte,D,2026-10-07
2013-12-20,21036.0,VND/USD,dulieukinhte,D,2026-10-07
2013-12-21,21036.0,VND/USD,dulieukinhte,D,2026-10-07
2013-12-23,21036.0,VND/USD,dulieukinhte,D,2026-10-07
2013-12-24,21036.0,VND/USD,dulieukinhte,D,2026-10-07
2013-12-25,21036.0,VND/USD,dulieukinhte,D,2026-10-07
2013-12-26,21036.0,VND/USD,dulieukinhte,D,2026-10-07
2013-12-28,21036.0,VND/USD,dulieukinhte,D,2026-10-07
2013-12-30,21036.0,VND/USD,dulieukinhte,D,2026-10-07
2013-12-31,21036.0,VND/USD,dulieukinhte,D,2026-10-07
2014-01-03,21036.0,VND/USD,dulieukinhte,D,2026-10-07
2014-01-04,21036.0,VND/USD,dulieukinhte,D,2026-10-07
2014-01-06,21036.0,VND/USD,dulieukinhte,D,2026-10-07
2014-01-07,21036.0,VND/USD,dulieukinhte,D,2026-10-07
2014-01-08,21036.0,VND/USD,dulieukinhte,D,2026-10-07
2014-01-09,21036.0,VND/USD,dulieukinhte,D,2026-10-07
2014-01-10,21036.0,VND/USD,dulieukinhte,D,2026-10-07
2014-01-11,21036.0,VND/USD,dulieukinhte,D,2026-10-07
2014-01-13,21036.0,VND/USD,dulieukinhte,D,2026-10-07
2014-01-14,21036.0,VND/USD,dulieukinhte,D,2026-10-07
2014-01-15,21036.0,VND/USD,dulieukinhte,D,2026-10-07
2014-01-16,21036.0,VND/USD,dulieukinhte,D,2026-10-07
2014-01-17,21036.0,VND/USD,dulieukinhte,D,2026-10-07
2014-01-18,21036.0,VND/USD,dulieukinhte,D,2026-10-07
2014-01-20,21036.0,VND/USD,dulieukinhte,D,2026-10-07
2014-01-21,21036.0,VND/USD,dulieukinhte,D,2026-10-07
2014-01-22,21036.0,VND/USD,dulieukinhte,D,2026-10-07
2014-01-23,21036.0,VND/USD,dulieukinhte,D,2026-10-07
2014-01-24,21036.0,VND/USD,dulieukinhte,D,2026-10-07
2014-01-25,21036.0,VND/USD,dulieukinhte,D,2026-10-07
2014-01-27,21036.0,VND/USD,dulieukinhte,D,2026-10-07
2014-01-28,21036.0,VND/USD,dulieukinhte,D,2026-10-07
2014-01-29,21036.0,VND/USD,dulieukinhte,D,2026-10-07
2014-02-05,21036.0,VND/USD,dulieukinhte,D,2026-10-07
2014-02-06,21036.0,VND/USD,dulieukinhte,D,2026-10-07
2014-02-07,21036.0,VND/USD,dulieukinhte,D,2026-10-07
2014-02-08,21036.0,VND/USD,dulieukinhte,D,2026-10-07
2014-02-10,21036.0,VND/USD,dulieukinhte,D,2026-10-07
2014-02-11,21036.0,VND/USD,dulieukinhte,D,2026-10-07
2014-02-12,21036.0,VND/USD,dulieukinhte,D,2026-10-07
2014-02-13,21036.0,VND/USD,dulieukinhte,D,2026-10-07
2014-02-14,21036.0,VND/USD,dulieukinhte,D,2026-10-07
2014-02-15,21036.0,VND/USD,dulieukinhte,D,2026-10-07
2014-02-17,21036.0,VND/USD,dulieukinhte,D,2026-10-07
2014-02-18,21036.0,VND/USD,dulieukinhte,D,2026-10-07
2014-02-19,21036.0,VND/USD,dulieukinhte,D,2026-10-07
2014-02-20,21036.0,VND/USD,dulieukinhte,D,2026-10-07
2014-02-21,21036.0,VND/USD,dulieukinhte,D,2026-10-07
2014-02-22,21036.0,VND/USD,dulieukinhte,D,2026-10-07
2014-02-24,21036.0,VND/USD,dulieukinhte,D,2026-10-07
2014-02-25,21036.0,VND/USD,dulieukinhte,D,2026-10-07
2014-02-26,21036.0,VND/USD,dulieukinhte,D,2026-10-07
2014-02-27,21036.0,VND/USD,dulieukinhte,D,2026-10-07
2014-02-28,21036.0,VND/USD,dulieukinhte,D,2026-10-07
2014-03-01,21036.0,VND/USD,dulieukinhte,D,2026-10-07
2014-03-03,21036.0,VND/USD,dulieukinhte,D,2026-10-07
2014-03-04,21036.0,VND/USD,dulieukinhte,D,2026-10-07
2014-03-05,21036.0,VND/USD,dulieukinhte,D,2026-10-07
2014-03-06,21036.0,VND/USD,dulieukinhte,D,2026-10-07
2014-03-07,21036.0,VND/USD,dulieukinhte,D,2026-10-07
2014-03-08,21036.0,VND/USD,dulieukinhte,D,2026-10-07
2014-03-10,21036.0,VND/USD,dulieukinhte,D,2026-10-07
2014-03-11,21036.0,VND/USD,dulieukinhte,D,2026-10-07
2014-03-14,21036.0,VND/USD,dulieukinhte,D,2026-10-07
2014-03-15,21036.0,VND/USD,dulieukinhte,D,2026-10-07
2014-03-17,21036.0,VND/USD,dulieukinhte,D,2026-10-07
2014-03-18,21036.0,VND/USD,dulieukinhte,D,2026-10-07
2014-03-19,21036.0,VND/USD,dulieukinhte,D,2026-10-07
2014-03-20,21036.0,VND/USD,dulieukinhte,D,2026-10-07
2014-03-21,21036.0,VND/USD,dulieukinhte,D,2026-10-07
2014-03-22,21036.0,VND/USD,dulieukinhte,D,2026-10-07
2014-03-24,21036.0,VND/USD,dulieukinhte,D,2026-10-07
2014-03-25,21036.0,VND/USD,dulieukinhte,D,2026-10-07
2014-03-26,21036.0,VND/USD,dulieukinhte,D,2026-10-07
2014-03-27,21036.0,VND/USD,dulieukinhte,D,2026-10-07
2014-03-28,21036.0,VND/USD,dulieukinhte,D,2026-10-07
2014-03-29,21036.0,VND/USD,dulieukinhte,D,2026-10-07
2014-03-31,21036.0,VND/USD,dulieukinhte,D,2026-10-07
2014-04-01,21036.0,VND/USD,dulieukinhte,D,2026-10-07
2014-04-02,21036.0,VND/USD,dulieukinhte,D,2026-10-07
2014-04-03,21036.0,VND/USD,dulieukinhte,D,2026-10-07
2014-04-04,21036.0,VND/USD,dulieukinhte,D,2026-10-07
2014-04-05,21036.0,VND/USD,dulieukinhte,D,2026-10-07
2014-04-07,21036.0,VND/USD,dulieukinhte,D,2026-10-07
2014-04-08,21036.0,VND/USD,dulieukinhte,D,2026-10-07
2014-04-09,21036.0,VND/USD,dulieukinhte,D,2026-10-07
2014-04-12,21036.0,VND/USD,dulieukinhte,D,2026-10-07
2014-04-14,21036.0,VND/USD,dulieukinhte,D,2026-10-07
2014-04-15,21036.0,VND/USD,dulieukinhte,D,2026-10-07
2014-04-16,21036.0,VND/USD,dulieukinhte,D,2026-10-07
2014-04-17,21036.0,VND/USD,dulieukinhte,D,2026-10-07
2014-04-18,21036.0,VND/USD,dulieukinhte,D,2026-10-07
2014-04-19,21036.0,VND/USD,dulieukinhte,D,2026-10-07
2014-04-21,21036.0,VND/USD,dulieukinhte,D,2026-10-07
2014-04-22,21036.0,VND/USD,dulieukinhte,D,2026-10-07
2014-04-23,21036.0,VND/USD,dulieukinhte,D,2026-10-07
2014-04-24,21036.0,VND/USD,dulieukinhte,D,2026-10-07
2014-04-25,21036.0,VND/USD,dulieukinhte,D,2026-10-07
2014-04-26,21036.0,VND/USD,dulieukinhte,D,2026-10-07
2014-04-28,21036.0,VND/USD,dulieukinhte,D,2026-10-07
2014-04-29,21036.0,VND/USD,dulieukinhte,D,2026-10-07
2014-04-30,21036.0,VND/USD,dulieukinhte,D,2026-10-07
2014-05-02,21036.0,VND/USD,dulieukinhte,D,2026-10-07
2014-05-03,21036.0,VND/USD,dulieukinhte,D,2026-10-07
2014-05-05,21036.0,VND/USD,dulieukinhte,D,2026-10-07
2014-05-06,21036.0,VND/USD,dulieukinhte,D,2026-10-07
2014-05-07,21036.0,VND/USD,dulieukinhte,D,2026-10-07
2014-05-08,21036.0,VND/USD,dulieukinhte,D,2026-10-07
2014-05-09,21036.0,VND/USD,dulieukinhte,D,2026-10-07
2014-05-13,21036.0,VND/USD,dulieukinhte,D,2026-10-07
2014-05-14,21036.0,VND/USD,dulieukinhte,D,2026-10-07
2014-05-15,21036.0,VND/USD,dulieukinhte,D,2026-10-07
2014-05-16,21036.0,VND/USD,dulieukinhte,D,2026-10-07
2014-05-17,21036.0,VND/USD,dulieukinhte,D,2026-10-07
2014-05-19,21036.0,VND/USD,dulieukinhte,D,2026-10-07
2014-05-20,21036.0,VND/USD,dulieukinhte,D,2026-10-07
2014-05-21,21036.0,VND/USD,dulieukinhte,D,2026-10-07
2014-05-22,21036.0,VND/USD,dulieukinhte,D,2026-10-07
2014-05-23,21036.0,VND/USD,dulieukinhte,D,2026-10-07
2014-05-24,21036.0,VND/USD,dulieukinhte,D,2026-10-07
2014-05-26,21036.0,VND/USD,dulieukinhte,D,2026-10-07
2014-05-27,21036.0,VND/USD,dulieukinhte,D,2026-10-07
2014-05-28,21036.0,VND/USD,dulieukinhte,D,2026-10-07
2014-05-29,21036.0,VND/USD,dulieukinhte,D,2026-10-07
2014-05-30,21036.0,VND/USD,dulieukinhte,D,2026-10-07
2014-05-31,21036.0,VND/USD,dulieukinhte,D,2026-10-07
2014-06-02,21036.0,VND/USD,dulieukinhte,D,2026-10-07
2014-06-03,21036.0,VND/USD,dulieukinhte,D,2026-10-07
2014-06-04,21036.0,VND/USD,dulieukinhte,D,2026-10-07
2014-06-05,21036.0,VND/USD,dulieukinhte,D,2026-10-07
2014-06-06,21036.0,VND/USD,dulieukinhte,D,2026-10-07
2014-06-07,21036.0,VND/USD,dulieukinhte,D,2026-10-07
2014-06-11,21036.0,VND/USD,dulieukinhte,D,2026-10-07
2014-06-12,21036.0,VND/USD,dulieukinhte,D,2026-10-07
2014-06-13,21036.0,VND/USD,dulieukinhte,D,2026-10-07
2014-06-14,21036.0,VND/USD,dulieukinhte,D,2026-10-07
2014-06-16,21036.0,VND/USD,dulieukinhte,D,2026-10-07
2014-06-17,21036.0,VND/USD,dulieukinhte,D,2026-10-07
2014-06-18,21036.0,VND/USD,dulieukinhte,D,2026-10-07
2014-06-19,21246.0,VND/USD,dulieukinhte,D,2026-10-07
2014-06-20,21246.0,VND/USD,dulieukinhte,D,2026-10-07
2014-06-21,21246.0,VND/USD,dulieukinhte,D,2026-10-07
2014-06-23,21246.0,VND/USD,dulieukinhte,D,2026-10-07
2014-06-24,21246.0,VND/USD,dulieukinhte,D,2026-10-07
2014-06-25,21246.0,VND/USD,dulieukinhte,D,2026-10-07
2014-06-26,21246.0,VND/USD,dulieukinhte,D,2026-10-07
2014-06-27,21246.0,VND/USD,dulieukinhte,D,2026-10-07
2014-06-28,21246.0,VND/USD,dulieukinhte,D,2026-10-07
2014-06-30,21246.0,VND/USD,dulieukinhte,D,2026-10-07
2014-07-01,21246.0,VND/USD,dulieukinhte,D,2026-10-07
2014-07-02,21246.0,VND/USD,dulieukinhte,D,2026-10-07
2014-07-03,21246.0,VND/USD,dulieukinhte,D,2026-10-07
2014-07-04,21246.0,VND/USD,dulieukinhte,D,2026-10-07
2014-07-05,21246.0,VND/USD,dulieukinhte,D,2026-10-07
2014-07-07,21246.0,VND/USD,dulieukinhte,D,2026-10-07
2014-07-10,21246.0,VND/USD,dulieukinhte,D,2026-10-07
2014-07-11,21246.0,VND/USD,dulieukinhte,D,2026-10-07
2014-07-12,21246.0,VND/USD,dulieukinhte,D,2026-10-07
2014-07-14,21246.0,VND/USD,dulieukinhte,D,2026-10-07
2014-07-15,21246.0,VND/USD,dulieukinhte,D,2026-10-07
2014-07-16,21246.0,VND/USD,dulieukinhte,D,2026-10-07
2014-07-17,21246.0,VND/USD,dulieukinhte,D,2026-10-07
2014-07-18,21246.0,VND/USD,dulieukinhte,D,2026-10-07
2014-07-19,21246.0,VND/USD,dulieukinhte,D,2026-10-07
2014-07-21,21246.0,VND/USD,dulieukinhte,D,2026-10-07
2014-07-22,21246.0,VND/USD,dulieukinhte,D,2026-10-07
2014-07-23,21246.0,VND/USD,dulieukinhte,D,2026-10-07
2014-07-24,21246.0,VND/USD,dulieukinhte,D,2026-10-07
2014-07-25,21246.0,VND/USD,dulieukinhte,D,2026-10-07
2014-07-26,21246.0,VND/USD,dulieukinhte,D,2026-10-07
2014-07-28,21246.0,VND/USD,dulieukinhte,D,2026-10-07
2014-07-29,21246.0,VND/USD,dulieukinhte,D,2026-10-07
2014-07-30,21246.0,VND/USD,dulieukinhte,D,2026-10-07
2014-07-31,21246.0,VND/USD,dulieukinhte,D,2026-10-07
2014-08-01,21246.0,VND/USD,dulieukinhte,D,2026-10-07
2014-08-02,21246.0,VND/USD,dulieukinhte,D,2026-10-07
2014-08-04,21246.0,VND/USD,dulieukinhte,D,2026-10-07
2014-08-05,21246.0,VND/USD,dulieukinhte,D,2026-10-07
2014-08-08,21246.0,VND/USD,dulieukinhte,D,2026-10-07
2014-08-09,21246.0,VND/USD,dulieukinhte,D,2026-10-07
2014-08-11,21246.0,VND/USD,dulieukinhte,D,2026-10-07
2014-08-12,21246.0,VND/USD,dulieukinhte,D,2026-10-07
2014-08-13,21246.0,VND/USD,dulieukinhte,D,2026-10-07
2014-08-14,21246.0,VND/USD,dulieukinhte,D,2026-10-07
2014-08-15,21246.0,VND/USD,dulieukinhte,D,2026-10-07
2014-08-16,21246.0,VND/USD,dulieukinhte,D,2026-10-07
2014-08-18,21246.0,VND/USD,dulieukinhte,D,2026-10-07
2014-08-19,21246.0,VND/USD,dulieukinhte,D,2026-10-07
2014-08-20,21246.0,VND/USD,dulieukinhte,D,2026-10-07
2014-08-21,21246.0,VND/USD,dulieukinhte,D,2026-10-07
2014-08-22,21246.0,VND/USD,dulieukinhte,D,2026-10-07
2014-08-23,21246.0,VND/USD,dulieukinhte,D,2026-10-07
2014-08-25,21246.0,VND/USD,dulieukinhte,D,2026-10-07
2014-08-26,21246.0,VND/USD,dulieukinhte,D,2026-10-07
2014-08-27,21246.0,VND/USD,dulieukinhte,D,2026-10-07
2014-08-28,21246.0,VND/USD,dulieukinhte,D,2026-10-07
2014-08-29,21246.0,VND/USD,dulieukinhte,D,2026-10-07
2014-08-30,21246.0,VND/USD,dulieukinhte,D,2026-10-07
2014-09-01,21246.0,VND/USD,dulieukinhte,D,2026-10-07
2014-09-02,21246.0,VND/USD,dulieukinhte,D,2026-10-07
2014-09-03,21246.0,VND/USD,dulieukinhte,D,2026-10-07
2014-09-06,21246.0,VND/USD,dulieukinhte,D,2026-10-07
2014-09-08,21246.0,VND/USD,dulieukinhte,D,2026-10-07
2014-09-09,21246.0,VND/USD,dulieukinhte,D,2026-10-07
2014-09-10,21246.0,VND/USD,dulieukinhte,D,2026-10-07
2014-09-11,21246.0,VND/USD,dulieukinhte,D,2026-10-07
2014-09-12,21246.0,VND/USD,dulieukinhte,D,2026-10-07
2014-09-13,21246.0,VND/USD,dulieukinhte,D,2026-10-07
2014-09-15,21246.0,VND/USD,dulieukinhte,D,2026-10-07
2014-09-16,21246.0,VND/USD,dulieukinhte,D,2026-10-07
2014-09-17,21246.0,VND/USD,dulieukinhte,D,2026-10-07
2014-09-18,21246.0,VND/USD,dulieukinhte,D,2026-10-07
2014-09-19,21246.0,VND/USD,dulieukinhte,D,2026-10-07
2014-09-20,21246.0,VND/USD,dulieukinhte,D,2026-10-07
2014-09-22,21246.0,VND/USD,dulieukinhte,D,2026-10-07
2014-09-23,21246.0,VND/USD,dulieukinhte,D,2026-10-07
2014-09-24,21246.0,VND/USD,dulieukinhte,D,2026-10-07
2014-09-26,21246.0,VND/USD,dulieukinhte,D,2026-10-07
2014-09-27,21246.0,VND/USD,dulieukinhte,D,2026-10-07
2014-09-29,21246.0,VND/USD,dulieukinhte,D,2026-10-07
2014-09-30,21246.0,VND/USD,dulieukinhte,D,2026-10-07
2014-10-01,21246.0,VND/USD,dulieukinhte,D,2026-10-07
2014-10-02,21246.0,VND/USD,dulieukinhte,D,2026-10-07
2014-10-03,21246.0,VND/USD,dulieukinhte,D,2026-10-07
2014-10-07,21246.0,VND/USD,dulieukinhte,D,2026-10-07
2014-10-08,21246.0,VND/USD,dulieukinhte,D,2026-10-07
2014-10-09,21246.0,VND/USD,dulieukinhte,D,2026-10-07
2014-10-10,21246.0,VND/USD,dulieukinhte,D,2026-10-07
2014-10-11,21246.0,VND/USD,dulieukinhte,D,2026-10-07
2014-10-13,21246.0,VND/USD,dulieukinhte,D,2026-10-07
2014-10-14,21246.0,VND/USD,dulieukinhte,D,2026-10-07
2014-10-15,21246.0,VND/USD,dulieukinhte,D,2026-10-07
2014-10-16,21246.0,VND/USD,dulieukinhte,D,2026-10-07
2014-10-17,21246.0,VND/USD,dulieukinhte,D,2026-10-07
2014-10-18,21246.0,VND/USD,dulieukinhte,D,2026-10-07
2014-10-20,21246.0,VND/USD,dulieukinhte,D,2026-10-07
2014-10-21,21246.0,VND/USD,dulieukinhte,D,2026-10-07
2014-10-22,21246.0,VND/USD,dulieukinhte,D,2026-10-07
2014-10-23,21246.0,VND/USD,dulieukinhte,D,2026-10-07
2014-10-24,21246.0,VND/USD,dulieukinhte,D,2026-10-07
2014-10-25,21246.0,VND/USD,dulieukinhte,D,2026-10-07
2014-10-27,21246.0,VND/USD,dulieukinhte,D,2026-10-07
2014-10-28,21246.0,VND/USD,dulieukinhte,D,2026-10-07
2014-10-29,21246.0,VND/USD,dulieukinhte,D,2026-10-07
2014-10-30,21246.0,VND/USD,dulieukinhte,D,2026-10-07
2014-10-31,21246.0,VND/USD,dulieukinhte,D,2026-10-07
2014-11-01,21246.0,VND/USD,dulieukinhte,D,2026-10-07
2014-11-05,21246.0,VND/USD,dulieukinhte,D,2026-10-07
2014-11-06,21246.0,VND/USD,dulieukinhte,D,2026-10-07
2014-11-07,21246.0,VND/USD,dulieukinhte,D,2026-10-07
2014-11-08,21246.0,VND/USD,dulieukinhte,D,2026-10-07
2014-11-10,21246.0,VND/USD,dulieukinhte,D,2026-10-07
2014-11-11,21246.0,VND/USD,dulieukinhte,D,2026-10-07
2014-11-12,21246.0,VND/USD,dulieukinhte,D,2026-10-07
2014-11-13,21246.0,VND/USD,dulieukinhte,D,2026-10-07
2014-11-14,21246.0,VND/USD,dulieukinhte,D,2026-10-07
2014-11-15,21246.0,VND/USD,dulieukinhte,D,2026-10-07
2014-11-17,21246.0,VND/USD,dulieukinhte,D,2026-10-07
2014-11-18,21246.0,VND/USD,dulieukinhte,D,2026-10-07
2014-11-19,21246.0,VND/USD,dulieukinhte,D,2026-10-07
2014-11-20,21246.0,VND/USD,dulieukinhte,D,2026-10-07
2014-11-21,21246.0,VND/USD,dulieukinhte,D,2026-10-07
2014-11-22,21246.0,VND/USD,dulieukinhte,D,2026-10-07
2014-11-24,21246.0,VND/USD,dulieukinhte,D,2026-10-07
2014-11-25,21246.0,VND/USD,dulieukinhte,D,2026-10-07
2014-11-26,21246.0,VND/USD,dulieukinhte,D,2026-10-07
2014-11-27,21246.0,VND/USD,dulieukinhte,D,2026-10-07
2014-11-28,21246.0,VND/USD,dulieukinhte,D,2026-10-07
2014-11-29,21246.0,VND/USD,dulieukinhte,D,2026-10-07
2014-12-01,21246.0,VND/USD,dulieukinhte,D,2026-10-07
2014-12-04,21246.0,VND/USD,dulieukinhte,D,2026-10-07
2014-12-05,21246.0,VND/USD,dulieukinhte,D,2026-10-07
2014-12-06,21246.0,VND/USD,dulieukinhte,D,2026-10-07
2014-12-08,21246.0,VND/USD,dulieukinhte,D,2026-10-07
2014-12-09,21246.0,VND/USD,dulieukinhte,D,2026-10-07
2014-12-10,21246.0,VND/USD,dulieukinhte,D,2026-10-07
2014-12-11,21246.0,VND/USD,dulieukinhte,D,2026-10-07
2014-12-12,21246.0,VND/USD,dulieukinhte,D,2026-10-07
2014-12-13,21246.0,VND/USD,dulieukinhte,D,2026-10-07
2014-12-15,21246.0,VND/USD,dulieukinhte,D,2026-10-07
2014-12-16,21246.0,VND/USD,dulieukinhte,D,2026-10-07
2014-12-17,21246.0,VND/USD,dulieukinhte,D,2026-10-07
2014-12-18,21246.0,VND/USD,dulieukinhte,D,2026-10-07
2014-12-19,21246.0,VND/USD,dulieukinhte,D,2026-10-07
2014-12-20,21246.0,VND/USD,dulieukinhte,D,2026-10-07
2014-12-22,21246.0,VND/USD,dulieukinhte,D,2026-10-07
2014-12-23,21246.0,VND/USD,dulieukinhte,D,2026-10-07
2014-12-24,21246.0,VND/USD,dulieukinhte,D,2026-10-07
2014-12-25,21246.0,VND/USD,dulieukinhte,D,2026-10-07
2014-12-26,21246.0,VND/USD,dulieukinhte,D,2026-10-07
2014-12-27,21246.0,VND/USD,dulieukinhte,D,2026-10-07
2014-12-29,21246.0,VND/USD,dulieukinhte,D,2026-10-07
2014-12-30,21246.0,VND/USD,dulieukinhte,D,2026-10-07
2014-12-31,21246.0,VND/USD,dulieukinhte,D,2026-10-07
2015-01-02,21246.0,VND/USD,dulieukinhte,D,2026-10-07
2015-01-03,21246.0,VND/USD,dulieukinhte,D,2026-10-07
2015-01-05,21246.0,VND/USD,dulieukinhte,D,2026-10-07
2015-01-08,21458.0,VND/USD,dulieukinhte,D,2026-10-07
2015-01-09,21458.0,VND/USD,dulieukinhte,D,2026-10-07
2015-01-10,21458.0,VND/USD,dulieukinhte,D,2026-10-07
2015-01-12,21458.0,VND/USD,dulieukinhte,D,2026-10-07
2015-01-13,21458.0,VND/USD,dulieukinhte,D,2026-10-07
2015-01-14,21458.0,VND/USD,dulieukinhte,D,2026-10-07
2015-01-15,21458.0,VND/USD,dulieukinhte,D,2026-10-07
2015-01-16,21458.0,VND/USD,dulieukinhte,D,2026-10-07
2015-01-17,21458.0,VND/USD,dulieukinhte,D,2026-10-07
2015-01-19,21458.0,VND/USD,dulieukinhte,D,2026-10-07
2015-01-20,21458.0,VND/USD,dulieukinhte,D,2026-10-07
2015-01-21,21458.0,VND/USD,dulieukinhte,D,2026-10-07
2015-01-22,21458.0,VND/USD,dulieukinhte,D,2026-10-07
2015-01-23,21458.0,VND/USD,dulieukinhte,D,2026-10-07
2015-01-24,21458.0,VND/USD,dulieukinhte,D,2026-10-07
2015-01-26,21458.0,VND/USD,dulieukinhte,D,2026-10-07
2015-01-27,21458.0,VND/USD,dulieukinhte,D,2026-10-07
2015-01-28,21458.0,VND/USD,dulieukinhte,D,2026-10-07
2015-01-29,21458.0,VND/USD,dulieukinhte,D,2026-10-07
2015-01-30,21458.0,VND/USD,dulieukinhte,D,2026-10-07
2015-01-31,21458.0,VND/USD,dulieukinhte,D,2026-10-07
2015-02-02,21458.0,VND/USD,dulieukinhte,D,2026-10-07
2015-02-03,21458.0,VND/USD,dulieukinhte,D,2026-10-07
2015-02-06,21458.0,VND/USD,dulieukinhte,D,2026-10-07
2015-02-07,21458.0,VND/USD,dulieukinhte,D,2026-10-07
2015-02-09,21458.0,VND/USD,dulieukinhte,D,2026-10-07
2015-02-10,21458.0,VND/USD,dulieukinhte,D,2026-10-07
2015-02-11,21458.0,VND/USD,dulieukinhte,D,2026-10-07
2015-02-12,21458.0,VND/USD,dulieukinhte,D,2026-10-07
2015-02-13,21458.0,VND/USD,dulieukinhte,D,2026-10-07
2015-02-14,21458.0,VND/USD,dulieukinhte,D,2026-10-07
2015-02-16,21458.0,VND/USD,dulieukinhte,D,2026-10-07
2015-02-23,21458.0,VND/USD,dulieukinhte,D,2026-10-07
2015-02-24,21458.0,VND/USD,dulieukinhte,D,2026-10-07
2015-02-25,21458.0,VND/USD,dulieukinhte,D,2026-10-07
2015-02-26,21458.0,VND/USD,dulieukinhte,D,2026-10-07
2015-02-27,21458.0,VND/USD,dulieukinhte,D,2026-10-07
2015-02-28,21458.0,VND/USD,dulieukinhte,D,2026-10-07
2015-03-02,21458.0,VND/USD,dulieukinhte,D,2026-10-07
2015-03-03,21458.0,VND/USD,dulieukinhte,D,2026-10-07
2015-03-04,21458.0,VND/USD,dulieukinhte,D,2026-10-07
2015-03-05,21458.0,VND/USD,dulieukinhte,D,2026-10-07
2015-03-06,21458.0,VND/USD,dulieukinhte,D,2026-10-07
2015-03-07,21458.0,VND/USD,dulieukinhte,D,2026-10-07
2015-03-09,21458.0,VND/USD,dulieukinhte,D,2026-10-07
2015-03-10,21458.0,VND/USD,dulieukinhte,D,2026-10-07
2015-03-13,21458.0,VND/USD,dulieukinhte,D,2026-10-07
2015-03-14,21458.0,VND/USD,dulieukinhte,D,2026-10-07
2015-03-16,21458.0,VND/USD,dulieukinhte,D,2026-10-07
2015-03-17,21458.0,VND/USD,dulieukinhte,D,2026-10-07
2015-03-18,21458.0,VND/USD,dulieukinhte,D,2026-10-07
2015-03-19,21458.0,VND/USD,dulieukinhte,D,2026-10-07
2015-03-20,21458.0,VND/USD,dulieukinhte,D,2026-10-07
2015-03-21,21458.0,VND/USD,dulieukinhte,D,2026-10-07
2015-03-23,21458.0,VND/USD,dulieukinhte,D,2026-10-07
2015-03-24,21458.0,VND/USD,dulieukinhte,D,2026-10-07
2015-03-25,21458.0,VND/USD,dulieukinhte,D,2026-10-07
2015-03-26,21458.0,VND/USD,dulieukinhte,D,2026-10-07
2015-03-27,21458.0,VND/USD,dulieukinhte,D,2026-10-07
2015-03-28,21458.0,VND/USD,dulieukinhte,D,2026-10-07
2015-03-30,21458.0,VND/USD,dulieukinhte,D,2026-10-07
2015-03-31,21458.0,VND/USD,dulieukinhte,D,2026-10-07
2015-04-01,21458.0,VND/USD,dulieukinhte,D,2026-10-07
2015-04-02,21458.0,VND/USD,dulieukinhte,D,2026-10-07
2015-04-03,21458.0,VND/USD,dulieukinhte,D,2026-10-07
2015-04-04,21458.0,VND/USD,dulieukinhte,D,2026-10-07
2015-04-06,21458.0,VND/USD,dulieukinhte,D,2026-10-07
2015-04-07,21458.0,VND/USD,dulieukinhte,D,2026-10-07
2015-04-08,21458.0,VND/USD,dulieukinhte,D,2026-10-07
2015-04-11,21458.0,VND/USD,dulieukinhte,D,2026-10-07
2015-04-13,21458.0,VND/USD,dulieukinhte,D,2026-10-07
2015-04-14,21458.0,VND/USD,dulieukinhte,D,2026-10-07
2015-04-15,21458.0,VND/USD,dulieukinhte,D,2026-10-07
2015-04-16,21458.0,VND/USD,dulieukinhte,D,2026-10-07
2015-04-17,21458.0,VND/USD,dulieukinhte,D,2026-10-07
2015-04-18,21458.0,VND/USD,dulieukinhte,D,2026-10-07
2015-04-20,21458.0,VND/USD,dulieukinhte,D,2026-10-07
2015-04-21,21458.0,VND/USD,dulieukinhte,D,2026-10-07
2015-04-22,21458.0,VND/USD,dulieukinhte,D,2026-10-07
2015-04-23,21458.0,VND/USD,dulieukinhte,D,2026-10-07
2015-04-24,21458.0,VND/USD,dulieukinhte,D,2026-10-07
2015-04-25,21458.0,VND/USD,dulieukinhte,D,2026-10-07
2015-04-27,21458.0,VND/USD,dulieukinhte,D,2026-10-07
2015-04-29,21458.0,VND/USD,dulieukinhte,D,2026-10-07
2015-05-02,21458.0,VND/USD,dulieukinhte,D,2026-10-07
2015-05-04,21458.0,VND/USD,dulieukinhte,D,2026-10-07
2015-05-05,21458.0,VND/USD,dulieukinhte,D,2026-10-07
2015-05-06,21458.0,VND/USD,dulieukinhte,D,2026-10-07
2015-05-07,21673.0,VND/USD,dulieukinhte,D,2026-10-07
2015-05-08,21673.0,VND/USD,dulieukinhte,D,2026-10-07
2015-05-09,21673.0,VND/USD,dulieukinhte,D,2026-10-07
2015-05-11,21673.0,VND/USD,dulieukinhte,D,2026-10-07
2015-05-14,21673.0,VND/USD,dulieukinhte,D,2026-10-07
2015-05-15,21673.0,VND/USD,dulieukinhte,D,2026-10-07
2015-05-16,21673.0,VND/USD,dulieukinhte,D,2026-10-07
2015-05-18,21673.0,VND/USD,dulieukinhte,D,2026-10-07
2015-05-19,21673.0,VND/USD,dulieukinhte,D,2026-10-07
2015-05-20,21673.0,VND/USD,dulieukinhte,D,2026-10-07
2015-05-21,21673.0,VND/USD,dulieukinhte,D,2026-10-07
2015-05-22,21673.0,VND/USD,dulieukinhte,D,2026-10-07
2015-05-23,21673.0,VND/USD,dulieukinhte,D,2026-10-07
2015-05-25,21673.0,VND/USD,dulieukinhte,D,2026-10-07
2015-05-26,21673.0,VND/USD,dulieukinhte,D,2026-10-07
2015-05-27,21673.0,VND/USD,dulieukinhte,D,2026-10-07
2015-05-28,21673.0,VND/USD,dulieukinhte,D,2026-10-07
2015-05-29,21673.0,VND/USD,dulieukinhte,D,2026-10-07
2015-05-30,21673.0,VND/USD,dulieukinhte,D,2026-10-07
2015-06-01,21673.0,VND/USD,dulieukinhte,D,2026-10-07
2015-06-02,21673.0,VND/USD,dulieukinhte,D,2026-10-07
2015-06-03,21673.0,VND/USD,dulieukinhte,D,2026-10-07
2015-06-04,21673.0,VND/USD,dulieukinhte,D,2026-10-07
2015-06-05,21673.0,VND/USD,dulieukinhte,D,2026-10-07
2015-06-06,21673.0,VND/USD,dulieukinhte,D,2026-10-07
2015-06-08,21673.0,VND/USD,dulieukinhte,D,2026-10-07
2015-06-09,21673.0,VND/USD,dulieukinhte,D,2026-10-07
2015-06-12,21673.0,VND/USD,dulieukinhte,D,2026-10-07
2015-06-13,21673.0,VND/USD,dulieukinhte,D,2026-10-07
2015-06-15,21673.0,VND/USD,dulieukinhte,D,2026-10-07
2015-06-16,21673.0,VND/USD,dulieukinhte,D,2026-10-07
2015-06-17,21673.0,VND/USD,dulieukinhte,D,2026-10-07
2015-06-18,21673.0,VND/USD,dulieukinhte,D,2026-10-07
2015-06-19,21673.0,VND/USD,dulieukinhte,D,2026-10-07
2015-06-20,21673.0,VND/USD,dulieukinhte,D,2026-10-07
2015-06-22,21673.0,VND/USD,dulieukinhte,D,2026-10-07
2015-06-23,21673.0,VND/USD,dulieukinhte,D,2026-10-07
2015-06-24,21673.0,VND/USD,dulieukinhte,D,2026-10-07
2015-06-25,21673.0,VND/USD,dulieukinhte,D,2026-10-07
2015-06-26,21673.0,VND/USD,dulieukinhte,D,2026-10-07
2015-06-27,21673.0,VND/USD,dulieukinhte,D,2026-10-07
2015-06-29,21673.0,VND/USD,dulieukinhte,D,2026-10-07
2015-06-30,21673.0,VND/USD,dulieukinhte,D,2026-10-07
2015-07-01,21673.0,VND/USD,dulieukinhte,D,2026-10-07
2015-07-02,21673.0,VND/USD,dulieukinhte,D,2026-10-07
2015-07-03,21673.0,VND/USD,dulieukinhte,D,2026-10-07
2015-07-04,21673.0,VND/USD,dulieukinhte,D,2026-10-07
2015-07-06,21673.0,VND/USD,dulieukinhte,D,2026-10-07
2015-07-07,21673.0,VND/USD,dulieukinhte,D,2026-10-07
2015-07-08,21673.0,VND/USD,dulieukinhte,D,2026-10-07
2015-07-11,21673.0,VND/USD,dulieukinhte,D,2026-10-07
2015-07-13,21673.0,VND/USD,dulieukinhte,D,2026-10-07
2015-07-14,21673.0,VND/USD,dulieukinhte,D,2026-10-07
2015-07-15,21673.0,VND/USD,dulieukinhte,D,2026-10-07
2015-07-16,21673.0,VND/USD,dulieukinhte,D,2026-10-07
2015-07-17,21673.0,VND/USD,dulieukinhte,D,2026-10-07
2015-07-18,21673.0,VND/USD,dulieukinhte,D,2026-10-07
2015-07-20,21673.0,VND/USD,dulieukinhte,D,2026-10-07
2015-07-21,21673.0,VND/USD,dulieukinhte,D,2026-10-07
2015-07-22,21673.0,VND/USD,dulieukinhte,D,2026-10-07
2015-07-23,21673.0,VND/USD,dulieukinhte,D,2026-10-07
2015-07-24,21673.0,VND/USD,dulieukinhte,D,2026-10-07
2015-07-25,21673.0,VND/USD,dulieukinhte,D,2026-10-07
2015-07-27,21673.0,VND/USD,dulieukinhte,D,2026-10-07
2015-07-28,21673.0,VND/USD,dulieukinhte,D,2026-10-07
2015-07-29,21673.0,VND/USD,dulieukinhte,D,2026-10-07
2015-07-30,21673.0,VND/USD,dulieukinhte,D,2026-10-07
2015-07-31,21673.0,VND/USD,dulieukinhte,D,2026-10-07
2015-08-01,21673.0,VND/USD,dulieukinhte,D,2026-10-07
2015-08-03,21673.0,VND/USD,dulieukinhte,D,2026-10-07
2015-08-04,21673.0,VND/USD,dulieukinhte,D,2026-10-07
2015-08-05,21673.0,VND/USD,dulieukinhte,D,2026-10-07
2015-08-06,21673.0,VND/USD,dulieukinhte,D,2026-10-07
2015-08-07,21673.0,VND/USD,dulieukinhte,D,2026-10-07
2015-08-08,21673.0,VND/USD,dulieukinhte,D,2026-10-07
2015-08-10,21673.0,VND/USD,dulieukinhte,D,2026-10-07
2015-08-11,21673.0,VND/USD,dulieukinhte,D,2026-10-07
2015-08-12,21673.0,VND/USD,dulieukinhte,D,2026-10-07
2015-08-13,21673.0,VND/USD,dulieukinhte,D,2026-10-07
2015-08-14,21673.0,VND/USD,dulieukinhte,D,2026-10-07
2015-08-15,21673.0,VND/USD,dulieukinhte,D,2026-10-07
2015-08-17,21673.0,VND/USD,dulieukinhte,D,2026-10-07
2015-08-18,21673.0,VND/USD,dulieukinhte,D,2026-10-07
2015-08-19,21890.0,VND/USD,dulieukinhte,D,2026-10-07
2015-08-20,21890.0,VND/USD,dulieukinhte,D,2026-10-07
2015-08-21,21890.0,VND/USD,dulieukinhte,D,2026-10-07
2015-08-22,21890.0,VND/USD,dulieukinhte,D,2026-10-07
2015-08-24,21890.0,VND/USD,dulieukinhte,D,2026-10-07
2015-08-25,21890.0,VND/USD,dulieukinhte,D,2026-10-07
2015-08-26,21890.0,VND/USD,dulieukinhte,D,2026-10-07
2015-08-27,21890.0,VND/USD,dulieukinhte,D,2026-10-07
2015-08-28,21890.0,VND/USD,dulieukinhte,D,2026-10-07
2015-08-29,21890.0,VND/USD,dulieukinhte,D,2026-10-07
2015-08-31,21890.0,VND/USD,dulieukinhte,D,2026-10-07
2015-09-01,21890.0,VND/USD,dulieukinhte,D,2026-10-07
2015-09-02,21890.0,VND/USD,dulieukinhte,D,2026-10-07
2015-09-03,21890.0,VND/USD,dulieukinhte,D,2026-10-07
2015-09-04,21890.0,VND/USD,dulieukinhte,D,2026-10-07
2015-09-08,21890.0,VND/USD,dulieukinhte,D,2026-10-07
2015-09-09,21890.0,VND/USD,dulieukinhte,D,2026-10-07
2015-09-10,21890.0,VND/USD,dulieukinhte,D,2026-10-07
2015-09-11,21890.0,VND/USD,dulieukinhte,D,2026-10-07
2015-09-12,21890.0,VND/USD,dulieukinhte,D,2026-10-07
2015-09-14,21890.0,VND/USD,dulieukinhte,D,2026-10-07
2015-09-15,21890.0,VND/USD,dulieukinhte,D,2026-10-07
2015-09-16,21890.0,VND/USD,dulieukinhte,D,2026-10-07
2015-09-17,21890.0,VND/USD,dulieukinhte,D,2026-10-07
2015-09-18,21890.0,VND/USD,dulieukinhte,D,2026-10-07
2015-09-19,21890.0,VND/USD,dulieukinhte,D,2026-10-07
2015-09-21,21890.0,VND/USD,dulieukinhte,D,2026-10-07
2015-09-22,21890.0,VND/USD,dulieukinhte,D,2026-10-07
2015-09-23,21890.0,VND/USD,dulieukinhte,D,2026-10-07
2015-09-24,21890.0,VND/USD,dulieukinhte,D,2026-10-07
2015-09-25,21890.0,VND/USD,dulieukinhte,D,2026-10-07
2015-09-26,21890.0,VND/USD,dulieukinhte,D,2026-10-07
2015-09-28,21890.0,VND/USD,dulieukinhte,D,2026-10-07
2015-09-29,21890.0,VND/USD,dulieukinhte,D,2026-10-07
2015-09-30,21890.0,VND/USD,dulieukinhte,D,2026-10-07
2015-10-01,21890.0,VND/USD,dulieukinhte,D,2026-10-07
2015-10-02,21890.0,VND/USD,dulieukinhte,D,2026-10-07
2015-10-03,21890.0,VND/USD,dulieukinhte,D,2026-10-07
2015-10-07,21890.0,VND/USD,dulieukinhte,D,2026-10-07
2015-10-08,21890.0,VND/USD,dulieukinhte,D,2026-10-07
2015-10-09,21890.0,VND/USD,dulieukinhte,D,2026-10-07
2015-10-10,21890.0,VND/USD,dulieukinhte,D,2026-10-07
2015-10-12,21890.0,VND/USD,dulieukinhte,D,2026-10-07
2015-10-13,21890.0,VND/USD,dulieukinhte,D,2026-10-07
2015-10-14,21890.0,VND/USD,dulieukinhte,D,2026-10-07
2015-10-15,21890.0,VND/USD,dulieukinhte,D,2026-10-07
2015-10-16,21890.0,VND/USD,dulieukinhte,D,2026-10-07
2015-10-17,21890.0,VND/USD,dulieukinhte,D,2026-10-07
2015-10-19,21890.0,VND/USD,dulieukinhte,D,2026-10-07
2015-10-20,21890.0,VND/USD,dulieukinhte,D,2026-10-07
2015-10-21,21890.0,VND/USD,dulieukinhte,D,2026-10-07
2015-10-22,21890.0,VND/USD,dulieukinhte,D,2026-10-07
2015-10-23,21890.0,VND/USD,dulieukinhte,D,2026-10-07
2015-10-24,21890.0,VND/USD,dulieukinhte,D,2026-10-07
2015-10-26,21890.0,VND/USD,dulieukinhte,D,2026-10-07
2015-10-27,21890.0,VND/USD,dulieukinhte,D,2026-10-07
2015-10-28,21890.0,VND/USD,dulieukinhte,D,2026-10-07
2015-10-29,21890.0,VND/USD,dulieukinhte,D,2026-10-07
2015-10-30,21890.0,VND/USD,dulieukinhte,D,2026-10-07
2015-10-31,21890.0,VND/USD,dulieukinhte,D,2026-10-07
2015-11-02,21890.0,VND/USD,dulieukinhte,D,2026-10-07
2015-11-05,21890.0,VND/USD,dulieukinhte,D,2026-10-07
2015-11-06,21890.0,VND/USD,dulieukinhte,D,2026-10-07
2015-11-07,21890.0,VND/USD,dulieukinhte,D,2026-10-07
2015-11-09,21890.0,VND/USD,dulieukinhte,D,2026-10-07
2015-11-10,21890.0,VND/USD,dulieukinhte,D,2026-10-07
2015-11-11,21890.0,VND/USD,dulieukinhte,D,2026-10-07
2015-11-12,21890.0,VND/USD,dulieukinhte,D,2026-10-07
2015-11-13,21890.0,VND/USD,dulieukinhte,D,2026-10-07
2015-11-14,21890.0,VND/USD,dulieukinhte,D,2026-10-07
2015-11-16,21890.0,VND/USD,dulieukinhte,D,2026-10-07
2015-11-17,21890.0,VND/USD,dulieukinhte,D,2026-10-07
2015-11-18,21890.0,VND/USD,dulieukinhte,D,2026-10-07
2015-11-19,21890.0,VND/USD,dulieukinhte,D,2026-10-07
2015-11-20,21890.0,VND/USD,dulieukinhte,D,2026-10-07
2015-11-21,21890.0,VND/USD,dulieukinhte,D,2026-10-07
2015-11-23,21890.0,VND/USD,dulieukinhte,D,2026-10-07
2015-11-24,21890.0,VND/USD,dulieukinhte,D,2026-10-07
2015-11-25,21890.0,VND/USD,dulieukinhte,D,2026-10-07
2015-11-26,21890.0,VND/USD,dulieukinhte,D,2026-10-07
2015-11-27,21890.0,VND/USD,dulieukinhte,D,2026-10-07
2015-11-28,21890.0,VND/USD,dulieukinhte,D,2026-10-07
2015-11-30,21890.0,VND/USD,dulieukinhte,D,2026-10-07
2015-12-01,21890.0,VND/USD,dulieukinhte,D,2026-10-07
2015-12-04,21890.0,VND/USD,dulieukinhte,D,2026-10-07
2015-12-05,21890.0,VND/USD,dulieukinhte,D,2026-10-07
2015-12-07,21890.0,VND/USD,dulieukinhte,D,2026-10-07
2015-12-08,21890.0,VND/USD,dulieukinhte,D,2026-10-07
2015-12-09,21890.0,VND/USD,dulieukinhte,D,2026-10-07
2015-12-10,21890.0,VND/USD,dulieukinhte,D,2026-10-07
2015-12-11,21890.0,VND/USD,dulieukinhte,D,2026-10-07
2015-12-12,21890.0,VND/USD,dulieukinhte,D,2026-10-07
2015-12-14,21890.0,VND/USD,dulieukinhte,D,2026-10-07
2015-12-15,21890.0,VND/USD,dulieukinhte,D,2026-10-07
2015-12-16,21890.0,VND/USD,dulieukinhte,D,2026-10-07
2015-12-17,21890.0,VND/USD,dulieukinhte,D,2026-10-07
2015-12-18,21890.0,VND/USD,dulieukinhte,D,2026-10-07
2015-12-19,21890.0,VND/USD,dulieukinhte,D,2026-10-07
2015-12-21,21890.0,VND/USD,dulieukinhte,D,2026-10-07
2015-12-22,21890.0,VND/USD,dulieukinhte,D,2026-10-07
2015-12-23,21890.0,VND/USD,dulieukinhte,D,2026-10-07
2015-12-24,21890.0,VND/USD,dulieukinhte,D,2026-10-07
2015-12-25,21890.0,VND/USD,dulieukinhte,D,2026-10-07
2015-12-26,21890.0,VND/USD,dulieukinhte,D,2026-10-07
2015-12-28,21890.0,VND/USD,dulieukinhte,D,2026-10-07
2015-12-29,21890.0,VND/USD,dulieukinhte,D,2026-10-07
2015-12-30,21890.0,VND/USD,dulieukinhte,D,2026-10-07
2015-12-31,21890.0,VND/USD,dulieukinhte,D,2026-10-07
2016-01-02,21890.0,VND/USD,dulieukinhte,D,2026-10-07
2016-01-06,21907.0,VND/USD,dulieukinhte,D,2026-10-07
2016-01-07,21919.0,VND/USD,dulieukinhte,D,2026-10-07
2016-01-08,21909.0,VND/USD,dulieukinhte,D,2026-10-07
2016-01-09,21909.0,VND/USD,dulieukinhte,D,2026-10-07
2016-01-11,21911.0,VND/USD,dulieukinhte,D,2026-10-07
2016-01-12,21913.0,VND/USD,dulieukinhte,D,2026-10-07
2016-01-13,21909.0,VND/USD,dulieukinhte,D,2026-10-07
2016-01-14,21907.0,VND/USD,dulieukinhte,D,2026-10-07
2016-01-15,21917.0,VND/USD,dulieukinhte,D,2026-10-07
2016-01-16,21917.0,VND/USD,dulieukinhte,D,2026-10-07
2016-01-18,21913.0,VND/USD,dulieukinhte,D,2026-10-07
2016-01-19,21906.0,VND/USD,dulieukinhte,D,2026-10-07
2016-01-20,21901.0,VND/USD,dulieukinhte,D,2026-10-07
2016-01-21,21910.0,VND/USD,dulieukinhte,D,2026-10-07
2016-01-22,21908.0,VND/USD,dulieukinhte,D,2026-10-07
2016-01-23,21908.0,VND/USD,dulieukinhte,D,2026-10-07
2016-01-25,21910.0,VND/USD,dulieukinhte,D,2026-10-07
2016-01-26,21898.0,VND/USD,dulieukinhte,D,2026-10-07
2016-01-27,21893.0,VND/USD,dulieukinhte,D,2026-10-07
2016-01-28,21886.0,VND/USD,dulieukinhte,D,2026-10-07
2016-01-29,21881.0,VND/USD,dulieukinhte,D,2026-10-07
2016-01-30,21881.0,VND/USD,dulieukinhte,D,2026-10-07
2016-02-01,21892.0,VND/USD,dulieukinhte,D,2026-10-07
2016-02-04,21876.0,VND/USD,dulieukinhte,D,2026-10-07
2016-02-05,21861.0,VND/USD,dulieukinhte,D,2026-10-07
2016-02-06,21861.0,VND/USD,dulieukinhte,D,2026-10-07
2016-02-12,21861.0,VND/USD,dulieukinhte,D,2026-10-07
2016-02-13,21861.0,VND/USD,dulieukinhte,D,2026-10-07
2016-02-15,21873.0,VND/USD,dulieukinhte,D,2026-10-07
2016-02-16,21884.0,VND/USD,dulieukinhte,D,2026-10-07
2016-02-17,21895.0,VND/USD,dulieukinhte,D,2026-10-07
2016-02-18,21901.0,VND/USD,dulieukinhte,D,2026-10-07
2016-02-19,21900.0,VND/USD,dulieukinhte,D,2026-10-07
2016-02-20,21900.0,VND/USD,dulieukinhte,D,2026-10-07
2016-02-22,21894.0,VND/USD,dulieukinhte,D,2026-10-07
2016-02-23,21899.0,VND/USD,dulieukinhte,D,2026-10-07
2016-02-24,21901.0,VND/USD,dulieukinhte,D,2026-10-07
2016-02-25,21903.0,VND/USD,dulieukinhte,D,2026-10-07
2016-02-26,21899.0,VND/USD,dulieukinhte,D,2026-10-07
2016-02-27,21899.0,VND/USD,dulieukinhte,D,2026-10-07
2016-02-29,21914.0,VND/USD,dulieukinhte,D,2026-10-07
2016-03-01,21907.0,VND/USD,dulieukinhte,D,2026-10-07
2016-03-02,21905.0,VND/USD,dulieukinhte,D,2026-10-07
2016-03-03,21904.0,VND/USD,dulieukinhte,D,2026-10-07
2016-03-04,21889.0,VND/USD,dulieukinhte,D,2026-10-07
2016-03-05,21889.0,VND/USD,dulieukinhte,D,2026-10-07
2016-03-07,21873.0,VND/USD,dulieukinhte,D,2026-10-07
2016-03-08,21878.0,VND/USD,dulieukinhte,D,2026-10-07
2016-03-09,21877.0,VND/USD,dulieukinhte,D,2026-10-07
2016-03-10,21884.0,VND/USD,dulieukinhte,D,2026-10-07
2016-03-11,21874.0,VND/USD,dulieukinhte,D,2026-10-07
2016-03-12,21874.0,VND/USD,dulieukinhte,D,2026-10-07
2016-03-14,21859.0,VND/USD,dulieukinhte,D,2026-10-07
2016-03-15,21872.0,VND/USD,dulieukinhte,D,2026-10-07
2016-03-16,21878.0,VND/USD,dulieukinhte,D,2026-10-07
2016-03-17,21863.0,VND/USD,dulieukinhte,D,2026-10-07
2016-03-18,21838.0,VND/USD,dulieukinhte,D,2026-10-07
2016-03-19,21838.0,VND/USD,dulieukinhte,D,2026-10-07
2016-03-21,21848.0,VND/USD,dulieukinhte,D,2026-10-07
2016-03-22,21853.0,VND/USD,dulieukinhte,D,2026-10-07
2016-03-23,21861.0,VND/USD,dulieukinhte,D,2026-10-07
2016-03-24,21882.0,VND/USD,dulieukinhte,D,2026-10-07
2016-03-25,21879.0,VND/USD,dulieukinhte,D,2026-10-07
2016-03-26,21879.0,VND/USD,dulieukinhte,D,2026-10-07
2016-03-28,21891.0,VND/USD,dulieukinhte,D,2026-10-07
2016-03-29,21889.0,VND/USD,dulieukinhte,D,2026-10-07
2016-03-30,21878.0,VND/USD,dulieukinhte,D,2026-10-07
2016-03-31,21857.0,VND/USD,dulieukinhte,D,2026-10-07
2016-04-01,21850.0,VND/USD,dulieukinhte,D,2026-10-07
2016-04-02,21850.0,VND/USD,dulieukinhte,D,2026-10-07
2016-04-04,21852.0,VND/USD,dulieukinhte,D,2026-10-07
2016-04-07,21852.0,VND/USD,dulieukinhte,D,2026-10-07
2016-04-08,21846.0,VND/USD,dulieukinhte,D,2026-10-07
2016-04-09,21846.0,VND/USD,dulieukinhte,D,2026-10-07
2016-04-11,21842.0,VND/USD,dulieukinhte,D,2026-10-07
2016-04-12,21834.0,VND/USD,dulieukinhte,D,2026-10-07
2016-04-13,21838.0,VND/USD,dulieukinhte,D,2026-10-07
2016-04-14,21851.0,VND/USD,dulieukinhte,D,2026-10-07
2016-04-15,21862.0,VND/USD,dulieukinhte,D,2026-10-07
2016-04-16,21862.0,VND/USD,dulieukinhte,D,2026-10-07
2016-04-18,21862.0,VND/USD,dulieukinhte,D,2026-10-07
2016-04-19,21855.0,VND/USD,dulieukinhte,D,2026-10-07
2016-04-20,21838.0,VND/USD,dulieukinhte,D,2026-10-07
2016-04-21,21848.0,VND/USD,dulieukinhte,D,2026-10-07
2016-04-22,21851.0,VND/USD,dulieukinhte,D,2026-10-07
2016-04-23,21851.0,VND/USD,dulieukinhte,D,2026-10-07
2016-04-25,21870.0,VND/USD,dulieukinhte,D,2026-10-07
2016-04-26,21875.0,VND/USD,dulieukinhte,D,2026-10-07
2016-04-27,21873.0,VND/USD,dulieukinhte,D,2026-10-07
2016-04-28,21872.0,VND/USD,dulieukinhte,D,2026-10-07
2016-04-29,21842.0,VND/USD,dulieukinhte,D,2026-10-07
2016-05-02,21842.0,VND/USD,dulieukinhte,D,2026-10-07
2016-05-03,21842.0,VND/USD,dulieukinhte,D,2026-10-07
2016-05-04,21828.0,VND/USD,dulieukinhte,D,2026-10-07
2016-05-07,21857.0,VND/USD,dulieukinhte,D,2026-10-07
2016-05-09,21858.0,VND/USD,dulieukinhte,D,2026-10-07
2016-05-10,21874.0,VND/USD,dulieukinhte,D,2026-10-07
2016-05-11,21880.0,VND/USD,dulieukinhte,D,2026-10-07
2016-05-12,21870.0,VND/USD,dulieukinhte,D,2026-10-07
2016-05-13,21877.0,VND/USD,dulieukinhte,D,2026-10-07
2016-05-14,21877.0,VND/USD,dulieukinhte,D,2026-10-07
2016-05-16,21889.0,VND/USD,dulieukinhte,D,2026-10-07
2016-05-17,21892.0,VND/USD,dulieukinhte,D,2026-10-07
2016-05-18,21890.0,VND/USD,dulieukinhte,D,2026-10-07
2016-05-19,21911.0,VND/USD,dulieukinhte,D,2026-10-07
2016-05-20,21918.0,VND/USD,dulieukinhte,D,2026-10-07
2016-05-21,21918.0,VND/USD,dulieukinhte,D,2026-10-07
2016-05-23,21913.0,VND/USD,dulieukinhte,D,2026-10-07
2016-05-24,21910.0,VND/USD,dulieukinhte,D,2026-10-07
2016-05-25,21921.0,VND/USD,dulieukinhte,D,2026-10-07
2016-05-26,21924.0,VND/USD,dulieukinhte,D,2026-10-07
2016-05-27,21915.0,VND/USD,dulieukinhte,D,2026-10-07
2016-05-28,21915.0,VND/USD,dulieukinhte,D,2026-10-07
2016-05-30,21927.0,VND/USD,dulieukinhte,D,2026-10-07
2016-05-31,21939.0,VND/USD,dulieukinhte,D,2026-10-07
2016-06-01,21946.0,VND/USD,dulieukinhte,D,2026-10-07
2016-06-02,21939.0,VND/USD,dulieukinhte,D,2026-10-07
2016-06-06,21914.0,VND/USD,dulieukinhte,D,2026-10-07
2016-06-07,21896.0,VND/USD,dulieukinhte,D,2026-10-07
2016-06-08,21876.0,VND/USD,dulieukinhte,D,2026-10-07
2016-06-09,21869.0,VND/USD,dulieukinhte,D,2026-10-07
2016-06-10,21874.0,VND/USD,dulieukinhte,D,2026-10-07
2016-06-11,21874.0,VND/USD,dulieukinhte,D,2026-10-07
2016-06-13,21885.0,VND/USD,dulieukinhte,D,2026-10-07
2016-06-14,21877.0,VND/USD,dulieukinhte,D,2026-10-07
2016-06-15,21887.0,VND/USD,dulieukinhte,D,2026-10-07
2016-06-16,21878.0,VND/USD,dulieukinhte,D,2026-10-07
2016-06-17,21862.0,VND/USD,dulieukinhte,D,2026-10-07
2016-06-18,21862.0,VND/USD,dulieukinhte,D,2026-10-07
2016-06-20,21863.0,VND/USD,dulieukinhte,D,2026-10-07
2016-06-21,21848.0,VND/USD,dulieukinhte,D,2026-10-07
2016-06-22,21850.0,VND/USD,dulieukinhte,D,2026-10-07
2016-06-23,21847.0,VND/USD,dulieukinhte,D,2026-10-07
2016-06-24,21845.0,VND/USD,dulieukinhte,D,2026-10-07
2016-06-25,21845.0,VND/USD,dulieukinhte,D,2026-10-07
2016-06-27,21866.0,VND/USD,dulieukinhte,D,2026-10-07
2016-06-28,21888.0,VND/USD,dulieukinhte,D,2026-10-07
2016-06-29,21882.0,VND/USD,dulieukinhte,D,2026-10-07
2016-06-30,21873.0,VND/USD,dulieukinhte,D,2026-10-07
2016-07-01,21865.0,VND/USD,dulieukinhte,D,2026-10-07
2016-07-05,21858.0,VND/USD,dulieukinhte,D,2026-10-07
2016-07-06,21866.0,VND/USD,dulieukinhte,D,2026-10-07
2016-07-07,21869.0,VND/USD,dulieukinhte,D,2026-10-07
2016-07-08,21862.0,VND/USD,dulieukinhte,D,2026-10-07
2016-07-09,21862.0,VND/USD,dulieukinhte,D,2026-10-07
2016-07-11,21855.0,VND/USD,dulieukinhte,D,2026-10-07
2016-07-12,21869.0,VND/USD,dulieukinhte,D,2026-10-07
2016-07-13,21879.0,VND/USD,dulieukinhte,D,2026-10-07
2016-07-14,21875.0,VND/USD,dulieukinhte,D,2026-10-07
2016-07-15,21864.0,VND/USD,dulieukinhte,D,2026-10-07
2016-07-16,21864.0,VND/USD,dulieukinhte,D,2026-10-07
2016-07-18,21873.0,VND/USD,dulieukinhte,D,2026-10-07
2016-07-19,21883.0,VND/USD,dulieukinhte,D,2026-10-07
2016-07-20,21888.0,VND/USD,dulieukinhte,D,2026-10-07
2016-07-21,21895.0,VND/USD,dulieukinhte,D,2026-10-07
2016-07-22,21881.0,VND/USD,dulieukinhte,D,2026-10-07
2016-07-23,21881.0,VND/USD,dulieukinhte,D,2026-10-07
2016-07-25,21888.0,VND/USD,dulieukinhte,D,2026-10-07
2016-07-26,21890.0,VND/USD,dulieukinhte,D,2026-10-07
2016-07-27,21878.0,VND/USD,dulieukinhte,D,2026-10-07
2016-07-28,21875.0,VND/USD,dulieukinhte,D,2026-10-07
2016-07-29,21862.0,VND/USD,dulieukinhte,D,2026-10-07
2016-07-30,21862.0,VND/USD,dulieukinhte,D,2026-10-07
2016-08-03,21830.0,VND/USD,dulieukinhte,D,2026-10-07
2016-08-04,21833.0,VND/USD,dulieukinhte,D,2026-10-07
2016-08-05,21828.0,VND/USD,dulieukinhte,D,2026-10-07
2016-08-06,21828.0,VND/USD,dulieukinhte,D,2026-10-07
2016-08-08,21833.0,VND/USD,dulieukinhte,D,2026-10-07
2016-08-09,21840.0,VND/USD,dulieukinhte,D,2026-10-07
2016-08-10,21838.0,VND/USD,dulieukinhte,D,2026-10-07
2016-08-11,21833.0,VND/USD,dulieukinhte,D,2026-10-07
2016-08-12,21849.0,VND/USD,dulieukinhte,D,2026-10-07
2016-08-13,21849.0,VND/USD,dulieukinhte,D,2026-10-07
2016-08-15,21847.0,VND/USD,dulieukinhte,D,2026-10-07
2016-08-16,21846.0,VND/USD,dulieukinhte,D,2026-10-07
2016-08-17,21842.0,VND/USD,dulieukinhte,D,2026-10-07
2016-08-18,21857.0,VND/USD,dulieukinhte,D,2026-10-07
2016-08-19,21856.0,VND/USD,dulieukinhte,D,2026-10-07
2016-08-22,21875.0,VND/USD,dulieukinhte,D,2026-10-07
2016-08-23,21886.0,VND/USD,dulieukinhte,D,2026-10-07
2016-08-24,21884.0,VND/USD,dulieukinhte,D,2026-10-07
2016-08-25,21898.0,VND/USD,dulieukinhte,D,2026-10-07
2016-08-26,21895.0,VND/USD,dulieukinhte,D,2026-10-07
2016-08-27,21895.0,VND/USD,dulieukinhte,D,2026-10-07
2016-08-29,21914.0,VND/USD,dulieukinhte,D,2026-10-07
2016-08-30,21912.0,VND/USD,dulieukinhte,D,2026-10-07
2016-09-03,21920.0,VND/USD,dulieukinhte,D,2026-10-07
2016-09-05,21925.0,VND/USD,dulieukinhte,D,2026-10-07
2016-09-06,21922.0,VND/USD,dulieukinhte,D,2026-10-07
2016-09-07,21917.0,VND/USD,dulieukinhte,D,2026-10-07
2016-09-08,21914.0,VND/USD,dulieukinhte,D,2026-10-07
2016-09-09,21932.0,VND/USD,dulieukinhte,D,2026-10-07
2016-09-10,21932.0,VND/USD,dulieukinhte,D,2026-10-07
2016-09-12,21945.0,VND/USD,dulieukinhte,D,2026-10-07
2016-09-13,21954.0,VND/USD,dulieukinhte,D,2026-10-07
2016-09-14,21965.0,VND/USD,dulieukinhte,D,2026-10-07
2016-09-15,21958.0,VND/USD,dulieukinhte,D,2026-10-07
2016-09-16,21956.0,VND/USD,dulieukinhte,D,2026-10-07
2016-09-17,21956.0,VND/USD,dulieukinhte,D,2026-10-07
2016-09-19,21959.0,VND/USD,dulieukinhte,D,2026-10-07
2016-09-20,21953.0,VND/USD,dulieukinhte,D,2026-10-07
2016-09-21,21953.0,VND/USD,dulieukinhte,D,2026-10-07
2016-09-22,21944.0,VND/USD,dulieukinhte,D,2026-10-07
2016-09-23,21942.0,VND/USD,dulieukinhte,D,2026-10-07
2016-09-26,21946.0,VND/USD,dulieukinhte,D,2026-10-07
2016-09-27,21943.0,VND/USD,dulieukinhte,D,2026-10-07
2016-09-28,21940.0,VND/USD,dulieukinhte,D,2026-10-07
2016-09-29,21940.0,VND/USD,dulieukinhte,D,2026-10-07
2016-09-30,21949.0,VND/USD,dulieukinhte,D,2026-10-07
2016-10-01,21949.0,VND/USD,dulieukinhte,D,2026-10-07
2016-10-03,21948.0,VND/USD,dulieukinhte,D,2026-10-07
2016-10-04,21952.0,VND/USD,dulieukinhte,D,2026-10-07
2016-10-05,21964.0,VND/USD,dulieukinhte,D,2026-10-07
2016-10-06,21971.0,VND/USD,dulieukinhte,D,2026-10-07
2016-10-07,21980.0,VND/USD,dulieukinhte,D,2026-10-07
2016-10-08,21980.0,VND/USD,dulieukinhte,D,2026-10-07
2016-10-10,21970.0,VND/USD,dulieukinhte,D,2026-10-07
2016-10-11,21987.0,VND/USD,dulieukinhte,D,2026-10-07
2016-10-12,21997.0,VND/USD,dulieukinhte,D,2026-10-07
2016-10-13,22012.0,VND/USD,dulieukinhte,D,2026-10-07
2016-10-14,22011.0,VND/USD,dulieukinhte,D,2026-10-07
2016-10-15,22011.0,VND/USD,dulieukinhte,D,2026-10-07
2016-10-17,22016.0,VND/USD,dulieukinhte,D,2026-10-07
2016-10-18,22020.0,VND/USD,dulieukinhte,D,2026-10-07
2016-10-19,22011.0,VND/USD,dulieukinhte,D,2026-10-07
2016-10-20,22005.0,VND/USD,dulieukinhte,D,2026-10-07
2016-10-21,22019.0,VND/USD,dulieukinhte,D,2026-10-07
2016-10-24,22032.0,VND/USD,dulieukinhte,D,2026-10-07
2016-10-25,22033.0,VND/USD,dulieukinhte,D,2026-10-07
2016-10-26,22030.0,VND/USD,dulieukinhte,D,2026-10-07
2016-10-27,22032.0,VND/USD,dulieukinhte,D,2026-10-07
2016-10-28,22045.0,VND/USD,dulieukinhte,D,2026-10-07
2016-10-29,22045.0,VND/USD,dulieukinhte,D,2026-10-07
2016-10-31,22039.0,VND/USD,dulieukinhte,D,2026-10-07
2016-11-01,22033.0,VND/USD,dulieukinhte,D,2026-10-07
2016-11-02,22027.0,VND/USD,dulieukinhte,D,2026-10-07
2016-11-03,22018.0,VND/USD,dulieukinhte,D,2026-10-07
2016-11-04,22012.0,VND/USD,dulieukinhte,D,2026-10-07
2016-11-05,22012.0,VND/USD,dulieukinhte,D,2026-10-07
2016-11-07,22015.0,VND/USD,dulieukinhte,D,2026-10-07
2016-11-08,22029.0,VND/USD,dulieukinhte,D,2026-10-07
2016-11-09,22025.0,VND/USD,dulieukinhte,D,2026-10-07
2016-11-10,22043.0,VND/USD,dulieukinhte,D,2026-10-07
2016-11-11,22056.0,VND/USD,dulieukinhte,D,2026-10-07
2016-11-14,22067.0,VND/USD,dulieukinhte,D,2026-10-07
2016-11-15,22086.0,VND/USD,dulieukinhte,D,2026-10-07
2016-11-16,22093.0,VND/USD,dulieukinhte,D,2026-10-07
2016-11-17,22101.0,VND/USD,dulieukinhte,D,2026-10-07
2016-11-18,22112.0,VND/USD,dulieukinhte,D,2026-10-07
2016-11-19,22112.0,VND/USD,dulieukinhte,D,2026-10-07
2016-11-21,22124.0,VND/USD,dulieukinhte,D,2026-10-07
2016-11-22,22120.0,VND/USD,dulieukinhte,D,2026-10-07
2016-11-23,22118.0,VND/USD,dulieukinhte,D,2026-10-07
2016-11-24,22131.0,VND/USD,dulieukinhte,D,2026-10-07
2016-11-25,22137.0,VND/USD,dulieukinhte,D,2026-10-07
2016-11-28,22132.0,VND/USD,dulieukinhte,D,2026-10-07
2016-11-29,22121.0,VND/USD,dulieukinhte,D,2026-10-07
2016-11-30,22118.0,VND/USD,dulieukinhte,D,2026-10-07
2016-12-01,22127.0,VND/USD,dulieukinhte,D,2026-10-07
2016-12-02,22124.0,VND/USD,dulieukinhte,D,2026-10-07
2016-12-03,22124.0,VND/USD,dulieukinhte,D,2026-10-07
2016-12-05,22118.0,VND/USD,dulieukinhte,D,2026-10-07
2016-12-06,22120.0,VND/USD,dulieukinhte,D,2026-10-07
2016-12-07,22124.0,VND/USD,dulieukinhte,D,2026-10-07
2016-12-08,22115.0,VND/USD,dulieukinhte,D,2026-10-07
2016-12-09,22117.0,VND/USD,dulieukinhte,D,2026-10-07
2016-12-10,22117.0,VND/USD,dulieukinhte,D,2026-10-07
2016-12-12,22125.0,VND/USD,dulieukinhte,D,2026-10-07
2016-12-13,22120.0,VND/USD,dulieukinhte,D,2026-10-07
2016-12-14,22124.0,VND/USD,dulieukinhte,D,2026-10-07
2016-12-15,22135.0,VND/USD,dulieukinhte,D,2026-10-07
2016-12-16,22144.0,VND/USD,dulieukinhte,D,2026-10-07
2016-12-17,22144.0,VND/USD,dulieukinhte,D,2026-10-07
2016-12-19,22148.0,VND/USD,dulieukinhte,D,2026-10-07
2016-12-20,22148.0,VND/USD,dulieukinhte,D,2026-10-07
2016-12-21,22154.0,VND/USD,dulieukinhte,D,2026-10-07
2016-12-22,22152.0,VND/USD,dulieukinhte,D,2026-10-07
2016-12-23,22155.0,VND/USD,dulieukinhte,D,2026-10-07
2016-12-24,22155.0,VND/USD,dulieukinhte,D,2026-10-07
2016-12-26,22153.0,VND/USD,dulieukinhte,D,2026-10-07
2016-12-27,22152.0,VND/USD,dulieukinhte,D,2026-10-07
2016-12-28,22156.0,VND/USD,dulieukinhte,D,2026-10-07
2016-12-29,22162.0,VND/USD,dulieukinhte,D,2026-10-07
2016-12-30,22159.0,VND/USD,dulieukinhte,D,2026-10-07
2016-12-31,22159.0,VND/USD,dulieukinhte,D,2026-10-07
2017-01-03,22158.0,VND/USD,dulieukinhte,D,2026-10-07
2017-01-04,22162.0,VND/USD,dulieukinhte,D,2026-10-07
2017-01-05,22159.0,VND/USD,dulieukinhte,D,2026-10-07
2017-01-06,22154.0,VND/USD,dulieukinhte,D,2026-10-07
2017-01-07,22154.0,VND/USD,dulieukinhte,D,2026-10-07
2017-01-10,22167.0,VND/USD,dulieukinhte,D,2026-10-07
2017-01-11,22166.0,VND/USD,dulieukinhte,D,2026-10-07
2017-01-12,22164.0,VND/USD,dulieukinhte,D,2026-10-07
2017-01-13,22161.0,VND/USD,dulieukinhte,D,2026-10-07
2017-01-14,22161.0,VND/USD,dulieukinhte,D,2026-10-07
2017-01-16,22161.0,VND/USD,dulieukinhte,D,2026-10-07
2017-01-17,22168.0,VND/USD,dulieukinhte,D,2026-10-07
2017-01-18,22164.0,VND/USD,dulieukinhte,D,2026-10-07
2017-01-19,22180.0,VND/USD,dulieukinhte,D,2026-10-07
2017-01-20,22193.0,VND/USD,dulieukinhte,D,2026-10-07
2017-01-21,22193.0,VND/USD,dulieukinhte,D,2026-10-07
2017-01-23,22191.0,VND/USD,dulieukinhte,D,2026-10-07
2017-01-24,22187.0,VND/USD,dulieukinhte,D,2026-10-07
2017-01-25,22202.0,VND/USD,dulieukinhte,D,2026-10-07
2017-01-26,22202.0,VND/USD,dulieukinhte,D,2026-10-07
2017-02-01,22202.0,VND/USD,dulieukinhte,D,2026-10-07
2017-02-02,22199.0,VND/USD,dulieukinhte,D,2026-10-07
2017-02-03,22198.0,VND/USD,dulieukinhte,D,2026-10-07
2017-02-04,22198.0,VND/USD,dulieukinhte,D,2026-10-07
2017-02-06,22197.0,VND/USD,dulieukinhte,D,2026-10-07
2017-02-07,22196.0,VND/USD,dulieukinhte,D,2026-10-07
2017-02-08,22208.0,VND/USD,dulieukinhte,D,2026-10-07
2017-02-09,22216.0,VND/USD,dulieukinhte,D,2026-10-07
2017-02-13,22234.0,VND/USD,dulieukinhte,D,2026-10-07
2017-02-14,22235.0,VND/USD,dulieukinhte,D,2026-10-07
2017-02-15,22236.0,VND/USD,dulieukinhte,D,2026-10-07
2017-02-16,22234.0,VND/USD,dulieukinhte,D,2026-10-07
2017-02-17,22229.0,VND/USD,dulieukinhte,D,2026-10-07
2017-02-18,22229.0,VND/USD,dulieukinhte,D,2026-10-07
2017-02-20,22231.0,VND/USD,dulieukinhte,D,2026-10-07
2017-02-21,22231.0,VND/USD,dulieukinhte,D,2026-10-07
2017-02-22,22235.0,VND/USD,dulieukinhte,D,2026-10-07
2017-02-23,22231.0,VND/USD,dulieukinhte,D,2026-10-07
2017-02-24,22228.0,VND/USD,dulieukinhte,D,2026-10-07
2017-02-25,22228.0,VND/USD,dulieukinhte,D,2026-10-07
2017-02-27,22228.0,VND/USD,dulieukinhte,D,2026-10-07
2017-02-28,22232.0,VND/USD,dulieukinhte,D,2026-10-07
2017-03-01,22232.0,VND/USD,dulieukinhte,D,2026-10-07
2017-03-02,22241.0,VND/USD,dulieukinhte,D,2026-10-07
2017-03-03,22246.0,VND/USD,dulieukinhte,D,2026-10-07
2017-03-04,22246.0,VND/USD,dulieukinhte,D,2026-10-07
2017-03-06,22246.0,VND/USD,dulieukinhte,D,2026-10-07
2017-03-07,22246.0,VND/USD,dulieukinhte,D,2026-10-07
2017-03-08,22246.0,VND/USD,dulieukinhte,D,2026-10-07
2017-03-09,22258.0,VND/USD,dulieukinhte,D,2026-10-07
2017-03-10,22263.0,VND/USD,dulieukinhte,D,2026-10-07
2017-03-14,22262.0,VND/USD,dulieukinhte,D,2026-10-07
2017-03-15,22262.0,VND/USD,dulieukinhte,D,2026-10-07
2017-03-16,22252.0,VND/USD,dulieukinhte,D,2026-10-07
2017-03-17,22251.0,VND/USD,dulieukinhte,D,2026-10-07
2017-03-18,22251.0,VND/USD,dulieukinhte,D,2026-10-07
2017-03-20,22254.0,VND/USD,dulieukinhte,D,2026-10-07
2017-03-21,22254.0,VND/USD,dulieukinhte,D,2026-10-07
2017-03-22,22253.0,VND/USD,dulieukinhte,D,2026-10-07
2017-03-23,22253.0,VND/USD,dulieukinhte,D,2026-10-07
2017-03-24,22256.0,VND/USD,dulieukinhte,D,2026-10-07
2017-03-25,22256.0,VND/USD,dulieukinhte,D,2026-10-07
2017-03-27,22256.0,VND/USD,dulieukinhte,D,2026-10-07
2017-03-28,22253.0,VND/USD,dulieukinhte,D,2026-10-07
2017-03-29,22260.0,VND/USD,dulieukinhte,D,2026-10-07
2017-03-30,22265.0,VND/USD,dulieukinhte,D,2026-10-07
2017-03-31,22276.0,VND/USD,dulieukinhte,D,2026-10-07
2017-04-01,22276.0,VND/USD,dulieukinhte,D,2026-10-07
2017-04-03,22281.0,VND/USD,dulieukinhte,D,2026-10-07
2017-04-04,22288.0,VND/USD,dulieukinhte,D,2026-10-07
2017-04-05,22297.0,VND/USD,dulieukinhte,D,2026-10-07
2017-04-06,22297.0,VND/USD,dulieukinhte,D,2026-10-07
2017-04-07,22311.0,VND/USD,dulieukinhte,D,2026-10-07
2017-04-08,22311.0,VND/USD,dulieukinhte,D,2026-10-07
2017-04-10,22316.0,VND/USD,dulieukinhte,D,2026-10-07
2017-04-11,22321.0,VND/USD,dulieukinhte,D,2026-10-07
2017-04-12,22321.0,VND/USD,dulieukinhte,D,2026-10-07
2017-04-13,22320.0,VND/USD,dulieukinhte,D,2026-10-07
2017-04-14,22320.0,VND/USD,dulieukinhte,D,2026-10-07
2017-04-15,22320.0,VND/USD,dulieukinhte,D,2026-10-07
2017-04-17,22323.0,VND/USD,dulieukinhte,D,2026-10-07
2017-04-18,22323.0,VND/USD,dulieukinhte,D,2026-10-07
2017-04-19,22322.0,VND/USD,dulieukinhte,D,2026-10-07
2017-04-20,22330.0,VND/USD,dulieukinhte,D,2026-10-07
2017-04-21,22335.0,VND/USD,dulieukinhte,D,2026-10-07
2017-04-22,22335.0,VND/USD,dulieukinhte,D,2026-10-07
2017-04-24,22339.0,VND/USD,dulieukinhte,D,2026-10-07
2017-04-25,22344.0,VND/USD,dulieukinhte,D,2026-10-07
2017-04-26,22343.0,VND/USD,dulieukinhte,D,2026-10-07
2017-04-27,22347.0,VND/USD,dulieukinhte,D,2026-10-07
2017-04-28,22350.0,VND/USD,dulieukinhte,D,2026-10-07
2017-04-29,22350.0,VND/USD,dulieukinhte,D,2026-10-07
2017-05-03,22349.0,VND/USD,dulieukinhte,D,2026-10-07
2017-05-04,22355.0,VND/USD,dulieukinhte,D,2026-10-07
2017-05-05,22353.0,VND/USD,dulieukinhte,D,2026-10-07
2017-05-06,22353.0,VND/USD,dulieukinhte,D,2026-10-07
2017-05-08,22358.0,VND/USD,dulieukinhte,D,2026-10-07
2017-05-09,22364.0,VND/USD,dulieukinhte,D,2026-10-07
2017-05-10,22373.0,VND/USD,dulieukinhte,D,2026-10-07
2017-05-11,22377.0,VND/USD,dulieukinhte,D,2026-10-07
2017-05-12,22375.0,VND/USD,dulieukinhte,D,2026-10-07
2017-05-13,22375.0,VND/USD,dulieukinhte,D,2026-10-07
2017-05-15,22373.0,VND/USD,dulieukinhte,D,2026-10-07
2017-05-16,22372.0,VND/USD,dulieukinhte,D,2026-10-07
2017-05-17,22370.0,VND/USD,dulieukinhte,D,2026-10-07
2017-05-18,22368.0,VND/USD,dulieukinhte,D,2026-10-07
2017-05-19,22377.0,VND/USD,dulieukinhte,D,2026-10-07
2017-05-20,22377.0,VND/USD,dulieukinhte,D,2026-10-07
2017-05-22,22375.0,VND/USD,dulieukinhte,D,2026-10-07
2017-05-23,22375.0,VND/USD,dulieukinhte,D,2026-10-07
2017-05-24,22384.0,VND/USD,dulieukinhte,D,2026-10-07
2017-05-25,22384.0,VND/USD,dulieukinhte,D,2026-10-07
2017-05-26,22384.0,VND/USD,dulieukinhte,D,2026-10-07
2017-05-27,22384.0,VND/USD,dulieukinhte,D,2026-10-07
2017-05-29,22384.0,VND/USD,dulieukinhte,D,2026-10-07
2017-05-30,22391.0,VND/USD,dulieukinhte,D,2026-10-07
2017-05-31,22396.0,VND/USD,dulieukinhte,D,2026-10-07
2017-06-01,22396.0,VND/USD,dulieukinhte,D,2026-10-07
2017-06-02,22403.0,VND/USD,dulieukinhte,D,2026-10-07
2017-06-03,22403.0,VND/USD,dulieukinhte,D,2026-10-07
2017-06-05,22403.0,VND/USD,dulieukinhte,D,2026-10-07
2017-06-06,22403.0,VND/USD,dulieukinhte,D,2026-10-07
2017-06-07,22401.0,VND/USD,dulieukinhte,D,2026-10-07
2017-06-08,22406.0,VND/USD,dulieukinhte,D,2026-10-07
2017-06-12,22408.0,VND/USD,dulieukinhte,D,2026-10-07
2017-06-13,22408.0,VND/USD,dulieukinhte,D,2026-10-07
2017-06-14,22408.0,VND/USD,dulieukinhte,D,2026-10-07
2017-06-15,22405.0,VND/USD,dulieukinhte,D,2026-10-07
2017-06-16,22410.0,VND/USD,dulieukinhte,D,2026-10-07
2017-06-17,22410.0,VND/USD,dulieukinhte,D,2026-10-07
2017-06-19,22417.0,VND/USD,dulieukinhte,D,2026-10-07
2017-06-20,22422.0,VND/USD,dulieukinhte,D,2026-10-07
2017-06-21,22428.0,VND/USD,dulieukinhte,D,2026-10-07
2017-06-22,22433.0,VND/USD,dulieukinhte,D,2026-10-07
2017-06-23,22432.0,VND/USD,dulieukinhte,D,2026-10-07
2017-06-24,22432.0,VND/USD,dulieukinhte,D,2026-10-07
2017-06-26,22431.0,VND/USD,dulieukinhte,D,2026-10-07
2017-06-27,22436.0,VND/USD,dulieukinhte,D,2026-10-07
2017-06-28,22433.0,VND/USD,dulieukinhte,D,2026-10-07
2017-06-29,22432.0,VND/USD,dulieukinhte,D,2026-10-07
2017-06-30,22431.0,VND/USD,dulieukinhte,D,2026-10-07
2017-07-01,22431.0,VND/USD,dulieukinhte,D,2026-10-07
2017-07-03,22431.0,VND/USD,dulieukinhte,D,2026-10-07
2017-07-04,22440.0,VND/USD,dulieukinhte,D,2026-10-07
2017-07-05,22444.0,VND/USD,dulieukinhte,D,2026-10-07
2017-07-06,22447.0,VND/USD,dulieukinhte,D,2026-10-07
2017-07-07,22447.0,VND/USD,dulieukinhte,D,2026-10-07
2017-07-08,22447.0,VND/USD,dulieukinhte,D,2026-10-07
2017-07-10,22449.0,VND/USD,dulieukinhte,D,2026-10-07
2017-07-11,22449.0,VND/USD,dulieukinhte,D,2026-10-07
2017-07-12,22448.0,VND/USD,dulieukinhte,D,2026-10-07
2017-07-13,22448.0,VND/USD,dulieukinhte,D,2026-10-07
2017-07-14,22445.0,VND/USD,dulieukinhte,D,2026-10-07
2017-07-15,22445.0,VND/USD,dulieukinhte,D,2026-10-07
2017-07-17,22437.0,VND/USD,dulieukinhte,D,2026-10-07
2017-07-18,22436.0,VND/USD,dulieukinhte,D,2026-10-07
2017-07-19,22433.0,VND/USD,dulieukinhte,D,2026-10-07
2017-07-20,22433.0,VND/USD,dulieukinhte,D,2026-10-07
2017-07-21,22432.0,VND/USD,dulieukinhte,D,2026-10-07
2017-07-22,22432.0,VND/USD,dulieukinhte,D,2026-10-07
2017-07-24,22429.0,VND/USD,dulieukinhte,D,2026-10-07
2017-07-25,22429.0,VND/USD,dulieukinhte,D,2026-10-07
2017-07-26,22433.0,VND/USD,dulieukinhte,D,2026-10-07
2017-07-27,22430.0,VND/USD,dulieukinhte,D,2026-10-07
2017-07-28,22433.0,VND/USD,dulieukinhte,D,2026-10-07
2017-07-29,22433.0,VND/USD,dulieukinhte,D,2026-10-07
2017-07-31,22432.0,VND/USD,dulieukinhte,D,2026-10-07
2017-08-01,22429.0,VND/USD,dulieukinhte,D,2026-10-07
2017-08-02,22430.0,VND/USD,dulieukinhte,D,2026-10-07
2017-08-03,22434.0,VND/USD,dulieukinhte,D,2026-10-07
2017-08-04,22434.0,VND/USD,dulieukinhte,D,2026-10-07
2017-08-05,22434.0,VND/USD,dulieukinhte,D,2026-10-07
2017-08-07,22440.0,VND/USD,dulieukinhte,D,2026-10-07
2017-08-08,22440.0,VND/USD,dulieukinhte,D,2026-10-07
2017-08-09,22440.0,VND/USD,dulieukinhte,D,2026-10-07
2017-08-10,22443.0,VND/USD,dulieukinhte,D,2026-10-07
2017-08-11,22442.0,VND/USD,dulieukinhte,D,2026-10-07
2017-08-12,22442.0,VND/USD,dulieukinhte,D,2026-10-07
2017-08-14,22441.0,VND/USD,dulieukinhte,D,2026-10-07
2017-08-15,22444.0,VND/USD,dulieukinhte,D,2026-10-07
2017-08-16,22450.0,VND/USD,dulieukinhte,D,2026-10-07
2017-08-17,22450.0,VND/USD,dulieukinhte,D,2026-10-07
2017-08-18,22450.0,VND/USD,dulieukinhte,D,2026-10-07
2017-08-19,22450.0,VND/USD,dulieukinhte,D,2026-10-07
2017-08-21,22450.0,VND/USD,dulieukinhte,D,2026-10-07
2017-08-22,22448.0,VND/USD,dulieukinhte,D,2026-10-07
2017-08-23,22447.0,VND/USD,dulieukinhte,D,2026-10-07
2017-08-24,22447.0,VND/USD,dulieukinhte,D,2026-10-07
2017-08-25,22446.0,VND/USD,dulieukinhte,D,2026-10-07
2017-08-26,22446.0,VND/USD,dulieukinhte,D,2026-10-07
2017-08-28,22443.0,VND/USD,dulieukinhte,D,2026-10-07
2017-08-29,22438.0,VND/USD,dulieukinhte,D,2026-10-07
2017-08-30,22438.0,VND/USD,dulieukinhte,D,2026-10-07
2017-08-31,22443.0,VND/USD,dulieukinhte,D,2026-10-07
2017-09-01,22443.0,VND/USD,dulieukinhte,D,2026-10-07
2017-09-04,22443.0,VND/USD,dulieukinhte,D,2026-10-07
2017-09-05,22439.0,VND/USD,dulieukinhte,D,2026-10-07
2017-09-08,22432.0,VND/USD,dulieukinhte,D,2026-10-07
2017-09-09,22432.0,VND/USD,dulieukinhte,D,2026-10-07
2017-09-11,22428.0,VND/USD,dulieukinhte,D,2026-10-07
2017-09-12,22434.0,VND/USD,dulieukinhte,D,2026-10-07
2017-09-13,22438.0,VND/USD,dulieukinhte,D,2026-10-07
2017-09-14,22441.0,VND/USD,dulieukinhte,D,2026-10-07
2017-09-15,22441.0,VND/USD,dulieukinhte,D,2026-10-07
2017-09-16,22441.0,VND/USD,dulieukinhte,D,2026-10-07
2017-09-18,22439.0,VND/USD,dulieukinhte,D,2026-10-07
2017-09-19,22443.0,VND/USD,dulieukinhte,D,2026-10-07
2017-09-20,22446.0,VND/USD,dulieukinhte,D,2026-10-07
2017-09-21,22446.0,VND/USD,dulieukinhte,D,2026-10-07
2017-09-22,22450.0,VND/USD,dulieukinhte,D,2026-10-07
2017-09-23,22450.0,VND/USD,dulieukinhte,D,2026-10-07
2017-09-25,22448.0,VND/USD,dulieukinhte,D,2026-10-07
2017-09-26,22456.0,VND/USD,dulieukinhte,D,2026-10-07
2017-09-27,22464.0,VND/USD,dulieukinhte,D,2026-10-07
2017-09-28,22470.0,VND/USD,dulieukinhte,D,2026-10-07
2017-09-29,22470.0,VND/USD,dulieukinhte,D,2026-10-07
2017-09-30,22470.0,VND/USD,dulieukinhte,D,2026-10-07
2017-10-02,22468.0,VND/USD,dulieukinhte,D,2026-10-07
2017-10-03,22473.0,VND/USD,dulieukinhte,D,2026-10-07
2017-10-04,22473.0,VND/USD,dulieukinhte,D,2026-10-07
2017-10-05,22468.0,VND/USD,dulieukinhte,D,2026-10-07
2017-10-06,22470.0,VND/USD,dulieukinhte,D,2026-10-07
2017-10-07,22470.0,VND/USD,dulieukinhte,D,2026-10-07
2017-10-09,22469.0,VND/USD,dulieukinhte,D,2026-10-07
2017-10-10,22467.0,VND/USD,dulieukinhte,D,2026-10-07
2017-10-11,22459.0,VND/USD,dulieukinhte,D,2026-10-07
2017-10-12,22453.0,VND/USD,dulieukinhte,D,2026-10-07
2017-10-13,22453.0,VND/USD,dulieukinhte,D,2026-10-07
2017-10-14,22453.0,VND/USD,dulieukinhte,D,2026-10-07
2017-10-16,22451.0,VND/USD,dulieukinhte,D,2026-10-07
2017-10-17,22452.0,VND/USD,dulieukinhte,D,2026-10-07
2017-10-18,22460.0,VND/USD,dulieukinhte,D,2026-10-07
2017-10-19,22462.0,VND/USD,dulieukinhte,D,2026-10-07
2017-10-20,22459.0,VND/USD,dulieukinhte,D,2026-10-07
2017-10-21,22459.0,VND/USD,dulieukinhte,D,2026-10-07
2017-10-23,22465.0,VND/USD,dulieukinhte,D,2026-10-07
2017-10-24,22469.0,VND/USD,dulieukinhte,D,2026-10-07
2017-10-25,22470.0,VND/USD,dulieukinhte,D,2026-10-07
2017-10-26,22467.0,VND/USD,dulieukinhte,D,2026-10-07
2017-10-27,22474.0,VND/USD,dulieukinhte,D,2026-10-07
2017-10-28,22474.0,VND/USD,dulieukinhte,D,2026-10-07
2017-10-30,22477.0,VND/USD,dulieukinhte,D,2026-10-07
2017-10-31,22471.0,VND/USD,dulieukinhte,D,2026-10-07
2017-11-01,22468.0,VND/USD,dulieukinhte,D,2026-10-07
2017-11-02,22466.0,VND/USD,dulieukinhte,D,2026-10-07
2017-11-03,22462.0,VND/USD,dulieukinhte,D,2026-10-07
2017-11-04,22462.0,VND/USD,dulieukinhte,D,2026-10-07
2017-11-06,22469.0,VND/USD,dulieukinhte,D,2026-10-07
2017-11-07,22466.0,VND/USD,dulieukinhte,D,2026-10-07
2017-11-08,22470.0,VND/USD,dulieukinhte,D,2026-10-07
2017-11-09,22469.0,VND/USD,dulieukinhte,D,2026-10-07
2017-11-10,22465.0,VND/USD,dulieukinhte,D,2026-10-07
2017-11-11,22465.0,VND/USD,dulieukinhte,D,2026-10-07
2017-11-13,22462.0,VND/USD,dulieukinhte,D,2026-10-07
2017-11-14,22466.0,VND/USD,dulieukinhte,D,2026-10-07
2017-11-15,22456.0,VND/USD,dulieukinhte,D,2026-10-07
2017-11-16,22449.0,VND/USD,dulieukinhte,D,2026-10-07
2017-11-17,22446.0,VND/USD,dulieukinhte,D,2026-10-07
2017-11-18,22446.0,VND/USD,dulieukinhte,D,2026-10-07
2017-11-20,22442.0,VND/USD,dulieukinhte,D,2026-10-07
2017-11-21,22446.0,VND/USD,dulieukinhte,D,2026-10-07
2017-11-22,22441.0,VND/USD,dulieukinhte,D,2026-10-07
2017-11-23,22431.0,VND/USD,dulieukinhte,D,2026-10-07
2017-11-24,22430.0,VND/USD,dulieukinhte,D,2026-10-07
2017-11-25,22430.0,VND/USD,dulieukinhte,D,2026-10-07
2017-11-27,22431.0,VND/USD,dulieukinhte,D,2026-10-07
2017-11-28,22428.0,VND/USD,dulieukinhte,D,2026-10-07
2017-11-29,22428.0,VND/USD,dulieukinhte,D,2026-10-07
2017-11-30,22433.0,VND/USD,dulieukinhte,D,2026-10-07
2017-12-04,22429.0,VND/USD,dulieukinhte,D,2026-10-07
2017-12-05,22439.0,VND/USD,dulieukinhte,D,2026-10-07
2017-12-06,22443.0,VND/USD,dulieukinhte,D,2026-10-07
2017-12-07,22445.0,VND/USD,dulieukinhte,D,2026-10-07
2017-12-08,22452.0,VND/USD,dulieukinhte,D,2026-10-07
2017-12-09,22452.0,VND/USD,dulieukinhte,D,2026-10-07
2017-12-11,22454.0,VND/USD,dulieukinhte,D,2026-10-07
2017-12-12,22450.0,VND/USD,dulieukinhte,D,2026-10-07
2017-12-13,22450.0,VND/USD,dulieukinhte,D,2026-10-07
2017-12-14,22443.0,VND/USD,dulieukinhte,D,2026-10-07
2017-12-15,22441.0,VND/USD,dulieukinhte,D,2026-10-07
2017-12-16,22441.0,VND/USD,dulieukinhte,D,2026-10-07
2017-12-18,22439.0,VND/USD,dulieukinhte,D,2026-10-07
2017-12-19,22445.0,VND/USD,dulieukinhte,D,2026-10-07
2017-12-20,22437.0,VND/USD,dulieukinhte,D,2026-10-07
2017-12-21,22430.0,VND/USD,dulieukinhte,D,2026-10-07
2017-12-22,22433.0,VND/USD,dulieukinhte,D,2026-10-07
2017-12-23,22433.0,VND/USD,dulieukinhte,D,2026-10-07
2017-12-25,22430.0,VND/USD,dulieukinhte,D,2026-10-07
2017-12-26,22425.0,VND/USD,dulieukinhte,D,2026-10-07
2017-12-27,22419.0,VND/USD,dulieukinhte,D,2026-10-07
2017-12-28,22426.0,VND/USD,dulieukinhte,D,2026-10-07
2017-12-29,22425.0,VND/USD,dulieukinhte,D,2026-10-07
2017-12-31,22425.0,VND/USD,dulieukinhte,D,2026-10-07
2018-01-02,22415.0,VND/USD,dulieukinhte,D,2026-10-07
2018-01-03,22405.0,VND/USD,dulieukinhte,D,2026-10-07
2018-01-04,22411.0,VND/USD,dulieukinhte,D,2026-10-07
2018-01-05,22407.0,VND/USD,dulieukinhte,D,2026-10-07
2018-01-06,22407.0,VND/USD,dulieukinhte,D,2026-10-07
2018-01-08,22401.0,VND/USD,dulieukinhte,D,2026-10-07
2018-01-09,22416.0,VND/USD,dulieukinhte,D,2026-10-07
2018-01-10,22425.0,VND/USD,dulieukinhte,D,2026-10-07
2018-01-11,22413.0,VND/USD,dulieukinhte,D,2026-10-07
2018-01-12,22406.0,VND/USD,dulieukinhte,D,2026-10-07
2018-01-13,22406.0,VND/USD,dulieukinhte,D,2026-10-07
2018-01-15,22396.0,VND/USD,dulieukinhte,D,2026-10-07
2018-01-16,22386.0,VND/USD,dulieukinhte,D,2026-10-07
2018-01-17,22391.0,VND/USD,dulieukinhte,D,2026-10-07
2018-01-18,22406.0,VND/USD,dulieukinhte,D,2026-10-07
2018-01-19,22406.0,VND/USD,dulieukinhte,D,2026-10-07
2018-01-20,22406.0,VND/USD,dulieukinhte,D,2026-10-07
2018-01-22,22401.0,VND/USD,dulieukinhte,D,2026-10-07
2018-01-23,22411.0,VND/USD,dulieukinhte,D,2026-10-07
2018-01-24,22416.0,VND/USD,dulieukinhte,D,2026-10-07
2018-01-25,22406.0,VND/USD,dulieukinhte,D,2026-10-07
2018-01-26,22416.0,VND/USD,dulieukinhte,D,2026-10-07
2018-01-27,22416.0,VND/USD,dulieukinhte,D,2026-10-07
2018-01-29,22426.0,VND/USD,dulieukinhte,D,2026-10-07
2018-01-30,22441.0,VND/USD,dulieukinhte,D,2026-10-07
2018-01-31,22441.0,VND/USD,dulieukinhte,D,2026-10-07
2018-02-01,22431.0,VND/USD,dulieukinhte,D,2026-10-07
2018-02-02,22426.0,VND/USD,dulieukinhte,D,2026-10-07
2018-02-03,22426.0,VND/USD,dulieukinhte,D,2026-10-07
2018-02-05,22444.0,VND/USD,dulieukinhte,D,2026-10-07
2018-02-06,22450.0,VND/USD,dulieukinhte,D,2026-10-07
2018-02-07,22445.0,VND/USD,dulieukinhte,D,2026-10-07
2018-02-08,22435.0,VND/USD,dulieukinhte,D,2026-10-07
2018-02-09,22440.0,VND/USD,dulieukinhte,D,2026-10-07
2018-02-10,22440.0,VND/USD,dulieukinhte,D,2026-10-07
2018-02-12,22430.0,VND/USD,dulieukinhte,D,2026-10-07
2018-02-13,22438.0,VND/USD,dulieukinhte,D,2026-10-07
2018-02-14,22438.0,VND/USD,dulieukinhte,D,2026-10-07
2018-02-19,22438.0,VND/USD,dulieukinhte,D,2026-10-07
2018-02-20,22438.0,VND/USD,dulieukinhte,D,2026-10-07
2018-02-21,22423.0,VND/USD,dulieukinhte,D,2026-10-07
2018-02-22,22433.0,VND/USD,dulieukinhte,D,2026-10-07
2018-02-23,22443.0,VND/USD,dulieukinhte,D,2026-10-07
2018-02-24,22443.0,VND/USD,dulieukinhte,D,2026-10-07
2018-02-26,22448.0,VND/USD,dulieukinhte,D,2026-10-07
2018-02-27,22448.0,VND/USD,dulieukinhte,D,2026-10-07
2018-02-28,22463.0,VND/USD,dulieukinhte,D,2026-10-07
2018-03-01,22473.0,VND/USD,dulieukinhte,D,2026-10-07
2018-03-02,22468.0,VND/USD,dulieukinhte,D,2026-10-07
2018-03-03,22468.0,VND/USD,dulieukinhte,D,2026-10-07
2018-03-05,22458.0,VND/USD,dulieukinhte,D,2026-10-07
2018-03-06,22458.0,VND/USD,dulieukinhte,D,2026-10-07
2018-03-07,22453.0,VND/USD,dulieukinhte,D,2026-10-07
2018-03-08,22443.0,VND/USD,dulieukinhte,D,2026-10-07
2018-03-09,22456.0,VND/USD,dulieukinhte,D,2026-10-07
2018-03-10,22456.0,VND/USD,dulieukinhte,D,2026-10-07
2018-03-12,22461.0,VND/USD,dulieukinhte,D,2026-10-07
2018-03-13,22450.0,VND/USD,dulieukinhte,D,2026-10-07
2018-03-14,22440.0,VND/USD,dulieukinhte,D,2026-10-07
2018-03-15,22440.0,VND/USD,dulieukinhte,D,2026-10-07
2018-03-16,22445.0,VND/USD,dulieukinhte,D,2026-10-07
2018-03-17,22445.0,VND/USD,dulieukinhte,D,2026-10-07
2018-03-19,22455.0,VND/USD,dulieukinhte,D,2026-10-07
2018-03-20,22450.0,VND/USD,dulieukinhte,D,2026-10-07
2018-03-21,22459.0,VND/USD,dulieukinhte,D,2026-10-07
2018-03-22,22452.0,VND/USD,dulieukinhte,D,2026-10-07
2018-03-23,22455.0,VND/USD,dulieukinhte,D,2026-10-07
2018-03-24,22455.0,VND/USD,dulieukinhte,D,2026-10-07
2018-03-26,22455.0,VND/USD,dulieukinhte,D,2026-10-07
2018-03-27,22443.0,VND/USD,dulieukinhte,D,2026-10-07
2018-03-28,22453.0,VND/USD,dulieukinhte,D,2026-10-07
2018-03-29,22463.0,VND/USD,dulieukinhte,D,2026-10-07
2018-03-30,22458.0,VND/USD,dulieukinhte,D,2026-10-07
2018-03-31,22458.0,VND/USD,dulieukinhte,D,2026-10-07
2018-04-02,22448.0,VND/USD,dulieukinhte,D,2026-10-07
2018-04-03,22442.0,VND/USD,dulieukinhte,D,2026-10-07
2018-04-04,22457.0,VND/USD,dulieukinhte,D,2026-10-07
2018-04-05,22467.0,VND/USD,dulieukinhte,D,2026-10-07
2018-04-06,22477.0,VND/USD,dulieukinhte,D,2026-10-07
2018-04-07,22477.0,VND/USD,dulieukinhte,D,2026-10-07
2018-04-11,22477.0,VND/USD,dulieukinhte,D,2026-10-07
2018-04-12,22477.0,VND/USD,dulieukinhte,D,2026-10-07
2018-04-13,22492.0,VND/USD,dulieukinhte,D,2026-10-07
2018-04-14,22492.0,VND/USD,dulieukinhte,D,2026-10-07
2018-04-16,22487.0,VND/USD,dulieukinhte,D,2026-10-07
2018-04-17,22477.0,VND/USD,dulieukinhte,D,2026-10-07
2018-04-18,22482.0,VND/USD,dulieukinhte,D,2026-10-07
2018-04-19,22492.0,VND/USD,dulieukinhte,D,2026-10-07
2018-04-20,22498.0,VND/USD,dulieukinhte,D,2026-10-07
2018-04-21,22498.0,VND/USD,dulieukinhte,D,2026-10-07
2018-04-23,22507.0,VND/USD,dulieukinhte,D,2026-10-07
2018-04-24,22522.0,VND/USD,dulieukinhte,D,2026-10-07
2018-04-26,22537.0,VND/USD,dulieukinhte,D,2026-10-07
2018-04-27,22539.0,VND/USD,dulieukinhte,D,2026-10-07
2018-04-28,22539.0,VND/USD,dulieukinhte,D,2026-10-07
2018-05-02,22548.0,VND/USD,dulieukinhte,D,2026-10-07
2018-05-03,22557.0,VND/USD,dulieukinhte,D,2026-10-07
2018-05-04,22552.0,VND/USD,dulieukinhte,D,2026-10-07
2018-05-05,22552.0,VND/USD,dulieukinhte,D,2026-10-07
2018-05-07,22558.0,VND/USD,dulieukinhte,D,2026-10-07
2018-05-08,22566.0,VND/USD,dulieukinhte,D,2026-10-07
2018-05-09,22568.0,VND/USD,dulieukinhte,D,2026-10-07
2018-05-10,22578.0,VND/USD,dulieukinhte,D,2026-10-07
2018-05-14,22550.0,VND/USD,dulieukinhte,D,2026-10-07
2018-05-15,22548.0,VND/USD,dulieukinhte,D,2026-10-07
2018-05-16,22568.0,VND/USD,dulieukinhte,D,2026-10-07
2018-05-17,22584.0,VND/USD,dulieukinhte,D,2026-10-07
2018-05-18,22590.0,VND/USD,dulieukinhte,D,2026-10-07
2018-05-19,22590.0,VND/USD,dulieukinhte,D,2026-10-07
2018-05-21,22590.0,VND/USD,dulieukinhte,D,2026-10-07
2018-05-22,22595.0,VND/USD,dulieukinhte,D,2026-10-07
2018-05-23,22584.0,VND/USD,dulieukinhte,D,2026-10-07
2018-05-24,22589.0,VND/USD,dulieukinhte,D,2026-10-07
2018-05-25,22589.0,VND/USD,dulieukinhte,D,2026-10-07
2018-05-26,22589.0,VND/USD,dulieukinhte,D,2026-10-07
2018-05-28,22596.0,VND/USD,dulieukinhte,D,2026-10-07
2018-05-29,22605.0,VND/USD,dulieukinhte,D,2026-10-07
2018-05-30,22590.0,VND/USD,dulieukinhte,D,2026-10-07
2018-05-31,22595.0,VND/USD,dulieukinhte,D,2026-10-07
2018-06-01,22566.0,VND/USD,dulieukinhte,D,2026-10-07
2018-06-02,22566.0,VND/USD,dulieukinhte,D,2026-10-07
2018-06-04,22571.0,VND/USD,dulieukinhte,D,2026-10-07
2018-06-05,22571.0,VND/USD,dulieukinhte,D,2026-10-07
2018-06-06,22567.0,VND/USD,dulieukinhte,D,2026-10-07
2018-06-07,22562.0,VND/USD,dulieukinhte,D,2026-10-07
2018-06-08,22558.0,VND/USD,dulieukinhte,D,2026-10-07
2018-06-12,22575.0,VND/USD,dulieukinhte,D,2026-10-07
2018-06-13,22578.0,VND/USD,dulieukinhte,D,2026-10-07
2018-06-14,22583.0,VND/USD,dulieukinhte,D,2026-10-07
2018-06-15,22595.0,VND/USD,dulieukinhte,D,2026-10-07
2018-06-16,22595.0,VND/USD,dulieukinhte,D,2026-10-07
2018-06-18,22602.0,VND/USD,dulieukinhte,D,2026-10-07
2018-06-19,22602.0,VND/USD,dulieukinhte,D,2026-10-07
2018-06-20,22617.0,VND/USD,dulieukinhte,D,2026-10-07
2018-06-21,22622.0,VND/USD,dulieukinhte,D,2026-10-07
2018-06-22,22620.0,VND/USD,dulieukinhte,D,2026-10-07
2018-06-23,22620.0,VND/USD,dulieukinhte,D,2026-10-07
2018-06-25,22615.0,VND/USD,dulieukinhte,D,2026-10-07
2018-06-26,22625.0,VND/USD,dulieukinhte,D,2026-10-07
2018-06-27,22640.0,VND/USD,dulieukinhte,D,2026-10-07
2018-06-28,22655.0,VND/USD,dulieukinhte,D,2026-10-07
2018-06-29,22650.0,VND/USD,dulieukinhte,D,2026-10-07
2018-06-30,22650.0,VND/USD,dulieukinhte,D,2026-10-07
2018-07-02,22635.0,VND/USD,dulieukinhte,D,2026-10-07
2018-07-03,22635.0,VND/USD,dulieukinhte,D,2026-10-07
2018-07-04,22630.0,VND/USD,dulieukinhte,D,2026-10-07
2018-07-05,22638.0,VND/USD,dulieukinhte,D,2026-10-07
2018-07-06,22638.0,VND/USD,dulieukinhte,D,2026-10-07
2018-07-07,22638.0,VND/USD,dulieukinhte,D,2026-10-07
2018-07-11,22647.0,VND/USD,dulieukinhte,D,2026-10-07
2018-07-12,22652.0,VND/USD,dulieukinhte,D,2026-10-07
2018-07-13,22648.0,VND/USD,dulieukinhte,D,2026-10-07
2018-07-14,22648.0,VND/USD,dulieukinhte,D,2026-10-07
2018-07-16,22653.0,VND/USD,dulieukinhte,D,2026-10-07
2018-07-17,22643.0,VND/USD,dulieukinhte,D,2026-10-07
2018-07-18,22649.0,VND/USD,dulieukinhte,D,2026-10-07
2018-07-19,22662.0,VND/USD,dulieukinhte,D,2026-10-07
2018-07-20,22660.0,VND/USD,dulieukinhte,D,2026-10-07
2018-07-21,22660.0,VND/USD,dulieukinhte,D,2026-10-07
2018-07-23,22644.0,VND/USD,dulieukinhte,D,2026-10-07
2018-07-24,22654.0,VND/USD,dulieukinhte,D,2026-10-07
2018-07-25,22654.0,VND/USD,dulieukinhte,D,2026-10-07
2018-07-26,22649.0,VND/USD,dulieukinhte,D,2026-10-07
2018-07-27,22649.0,VND/USD,dulieukinhte,D,2026-10-07
2018-07-28,22649.0,VND/USD,dulieukinhte,D,2026-10-07
2018-07-30,22659.0,VND/USD,dulieukinhte,D,2026-10-07
2018-07-31,22669.0,VND/USD,dulieukinhte,D,2026-10-07
2018-08-01,22669.0,VND/USD,dulieukinhte,D,2026-10-07
2018-08-02,22666.0,VND/USD,dulieukinhte,D,2026-10-07
2018-08-03,22676.0,VND/USD,dulieukinhte,D,2026-10-07
2018-08-04,22676.0,VND/USD,dulieukinhte,D,2026-10-07
2018-08-06,22676.0,VND/USD,dulieukinhte,D,2026-10-07
2018-08-07,22676.0,VND/USD,dulieukinhte,D,2026-10-07
2018-08-08,22671.0,VND/USD,dulieukinhte,D,2026-10-07
2018-08-09,22666.0,VND/USD,dulieukinhte,D,2026-10-07
2018-08-10,22676.0,VND/USD,dulieukinhte,D,2026-10-07
2018-08-11,22676.0,VND/USD,dulieukinhte,D,2026-10-07
2018-08-13,22686.0,VND/USD,dulieukinhte,D,2026-10-07
2018-08-14,22686.0,VND/USD,dulieukinhte,D,2026-10-07
2018-08-15,22685.0,VND/USD,dulieukinhte,D,2026-10-07
2018-08-16,22691.0,VND/USD,dulieukinhte,D,2026-10-07
2018-08-17,22689.0,VND/USD,dulieukinhte,D,2026-10-07
2018-08-18,22689.0,VND/USD,dulieukinhte,D,2026-10-07
2018-08-20,22684.0,VND/USD,dulieukinhte,D,2026-10-07
2018-08-21,22679.0,VND/USD,dulieukinhte,D,2026-10-07
2018-08-22,22674.0,VND/USD,dulieukinhte,D,2026-10-07
2018-08-23,22678.0,VND/USD,dulieukinhte,D,2026-10-07
2018-08-24,22688.0,VND/USD,dulieukinhte,D,2026-10-07
2018-08-25,22688.0,VND/USD,dulieukinhte,D,2026-10-07
2018-08-27,22683.0,VND/USD,dulieukinhte,D,2026-10-07
2018-08-28,22678.0,VND/USD,dulieukinhte,D,2026-10-07
2018-08-29,22673.0,VND/USD,dulieukinhte,D,2026-10-07
2018-08-30,22683.0,VND/USD,dulieukinhte,D,2026-10-07
2018-08-31,22678.0,VND/USD,dulieukinhte,D,2026-10-07
2018-09-01,22678.0,VND/USD,dulieukinhte,D,2026-10-07
2018-09-04,22688.0,VND/USD,dulieukinhte,D,2026-10-07
2018-09-05,22688.0,VND/USD,dulieukinhte,D,2026-10-07
2018-09-08,22686.0,VND/USD,dulieukinhte,D,2026-10-07
2018-09-10,22694.0,VND/USD,dulieukinhte,D,2026-10-07
2018-09-11,22703.0,VND/USD,dulieukinhte,D,2026-10-07
2018-09-12,22698.0,VND/USD,dulieukinhte,D,2026-10-07
2018-09-13,22695.0,VND/USD,dulieukinhte,D,2026-10-07
2018-09-14,22690.0,VND/USD,dulieukinhte,D,2026-10-07
2018-09-15,22690.0,VND/USD,dulieukinhte,D,2026-10-07
2018-09-17,22690.0,VND/USD,dulieukinhte,D,2026-10-07
2018-09-18,22700.0,VND/USD,dulieukinhte,D,2026-10-07
2018-09-19,22710.0,VND/USD,dulieukinhte,D,2026-10-07
2018-09-20,22705.0,VND/USD,dulieukinhte,D,2026-10-07
2018-09-21,22712.0,VND/USD,dulieukinhte,D,2026-10-07
2018-09-22,22712.0,VND/USD,dulieukinhte,D,2026-10-07
2018-09-24,22709.0,VND/USD,dulieukinhte,D,2026-10-07
2018-09-25,22715.0,VND/USD,dulieukinhte,D,2026-10-07
2018-09-26,22717.0,VND/USD,dulieukinhte,D,2026-10-07
2018-09-27,22715.0,VND/USD,dulieukinhte,D,2026-10-07
2018-09-28,22714.0,VND/USD,dulieukinhte,D,2026-10-07
2018-09-29,22714.0,VND/USD,dulieukinhte,D,2026-10-07
2018-10-01,22713.0,VND/USD,dulieukinhte,D,2026-10-07
2018-10-02,22716.0,VND/USD,dulieukinhte,D,2026-10-07
2018-10-03,22718.0,VND/USD,dulieukinhte,D,2026-10-07
2018-10-04,22720.0,VND/USD,dulieukinhte,D,2026-10-07
2018-10-05,22720.0,VND/USD,dulieukinhte,D,2026-10-07
2018-10-06,22720.0,VND/USD,dulieukinhte,D,2026-10-07
2018-10-08,22721.0,VND/USD,dulieukinhte,D,2026-10-07
2018-10-09,22723.0,VND/USD,dulieukinhte,D,2026-10-07
2018-10-10,22721.0,VND/USD,dulieukinhte,D,2026-10-07
2018-10-11,22719.0,VND/USD,dulieukinhte,D,2026-10-07
2018-10-12,22721.0,VND/USD,dulieukinhte,D,2026-10-07
2018-10-13,22721.0,VND/USD,dulieukinhte,D,2026-10-07
2018-10-15,22719.0,VND/USD,dulieukinhte,D,2026-10-07
2018-10-16,22717.0,VND/USD,dulieukinhte,D,2026-10-07
2018-10-17,22715.0,VND/USD,dulieukinhte,D,2026-10-07
2018-10-18,22717.0,VND/USD,dulieukinhte,D,2026-10-07
2018-10-19,22719.0,VND/USD,dulieukinhte,D,2026-10-07
2018-10-20,22719.0,VND/USD,dulieukinhte,D,2026-10-07
2018-10-22,22717.0,VND/USD,dulieukinhte,D,2026-10-07
2018-10-23,22719.0,VND/USD,dulieukinhte,D,2026-10-07
2018-10-24,22721.0,VND/USD,dulieukinhte,D,2026-10-07
2018-10-25,22721.0,VND/USD,dulieukinhte,D,2026-10-07
2018-10-26,22723.0,VND/USD,dulieukinhte,D,2026-10-07
2018-10-27,22723.0,VND/USD,dulieukinhte,D,2026-10-07
2018-10-29,22722.0,VND/USD,dulieukinhte,D,2026-10-07
2018-10-30,22724.0,VND/USD,dulieukinhte,D,2026-10-07
2018-10-31,22726.0,VND/USD,dulieukinhte,D,2026-10-07
2018-11-01,22727.0,VND/USD,dulieukinhte,D,2026-10-07
2018-11-02,22725.0,VND/USD,dulieukinhte,D,2026-10-07
2018-11-06,22725.0,VND/USD,dulieukinhte,D,2026-10-07
2018-11-07,22727.0,VND/USD,dulieukinhte,D,2026-10-07
2018-11-08,22725.0,VND/USD,dulieukinhte,D,2026-10-07
2018-11-09,22723.0,VND/USD,dulieukinhte,D,2026-10-07
2018-11-10,22723.0,VND/USD,dulieukinhte,D,2026-10-07
2018-11-12,22725.0,VND/USD,dulieukinhte,D,2026-10-07
2018-11-13,22727.0,VND/USD,dulieukinhte,D,2026-10-07
2018-11-14,22725.0,VND/USD,dulieukinhte,D,2026-10-07
2018-11-15,22723.0,VND/USD,dulieukinhte,D,2026-10-07
2018-11-16,22721.0,VND/USD,dulieukinhte,D,2026-10-07
2018-11-17,22721.0,VND/USD,dulieukinhte,D,2026-10-07
2018-11-19,22721.0,VND/USD,dulieukinhte,D,2026-10-07
2018-11-20,22726.0,VND/USD,dulieukinhte,D,2026-10-07
2018-11-21,22731.0,VND/USD,dulieukinhte,D,2026-10-07
2018-11-22,22733.0,VND/USD,dulieukinhte,D,2026-10-07
2018-11-23,22743.0,VND/USD,dulieukinhte,D,2026-10-07
2018-11-24,22743.0,VND/USD,dulieukinhte,D,2026-10-07
2018-11-26,22743.0,VND/USD,dulieukinhte,D,2026-10-07
2018-11-27,22747.0,VND/USD,dulieukinhte,D,2026-10-07
2018-11-28,22747.0,VND/USD,dulieukinhte,D,2026-10-07
2018-11-29,22747.0,VND/USD,dulieukinhte,D,2026-10-07
2018-11-30,22750.0,VND/USD,dulieukinhte,D,2026-10-07
2018-12-01,22750.0,VND/USD,dulieukinhte,D,2026-10-07
2018-12-05,22757.0,VND/USD,dulieukinhte,D,2026-10-07
2018-12-06,22762.0,VND/USD,dulieukinhte,D,2026-10-07
2018-12-07,22764.0,VND/USD,dulieukinhte,D,2026-10-07
2018-12-08,22764.0,VND/USD,dulieukinhte,D,2026-10-07
2018-12-10,22766.0,VND/USD,dulieukinhte,D,2026-10-07
2018-12-11,22775.0,VND/USD,dulieukinhte,D,2026-10-07
2018-12-12,22775.0,VND/USD,dulieukinhte,D,2026-10-07
2018-12-13,22773.0,VND/USD,dulieukinhte,D,2026-10-07
2018-12-14,22778.0,VND/USD,dulieukinhte,D,2026-10-07
2018-12-15,22778.0,VND/USD,dulieukinhte,D,2026-10-07
2018-12-17,22783.0,VND/USD,dulieukinhte,D,2026-10-07
2018-12-18,22787.0,VND/USD,dulieukinhte,D,2026-10-07
2018-12-19,22785.0,VND/USD,dulieukinhte,D,2026-10-07
2018-12-20,22785.0,VND/USD,dulieukinhte,D,2026-10-07
2018-12-21,22785.0,VND/USD,dulieukinhte,D,2026-10-07
2018-12-22,22785.0,VND/USD,dulieukinhte,D,2026-10-07
2018-12-24,22790.0,VND/USD,dulieukinhte,D,2026-10-07
2018-12-25,22790.0,VND/USD,dulieukinhte,D,2026-10-07
2018-12-26,22795.0,VND/USD,dulieukinhte,D,2026-10-07
2018-12-27,22805.0,VND/USD,dulieukinhte,D,2026-10-07
2018-12-28,22825.0,VND/USD,dulieukinhte,D,2026-10-07
2018-12-29,22825.0,VND/USD,dulieukinhte,D,2026-10-07
2018-12-30,22825.0,VND/USD,dulieukinhte,D,2026-10-07
2018-12-31,22825.0,VND/USD,dulieukinhte,D,2026-10-07
2019-01-02,22825.0,VND/USD,dulieukinhte,D,2026-10-07
2019-01-05,22829.0,VND/USD,dulieukinhte,D,2026-10-07
2019-01-07,22829.0,VND/USD,dulieukinhte,D,2026-10-07
2019-01-08,22827.0,VND/USD,dulieukinhte,D,2026-10-07
2019-01-09,22835.0,VND/USD,dulieukinhte,D,2026-10-07
2019-01-10,22830.0,VND/USD,dulieukinhte,D,2026-10-07
2019-01-11,22835.0,VND/USD,dulieukinhte,D,2026-10-07
2019-01-12,22835.0,VND/USD,dulieukinhte,D,2026-10-07
2019-01-14,22837.0,VND/USD,dulieukinhte,D,2026-10-07
2019-01-15,22850.0,VND/USD,dulieukinhte,D,2026-10-07
2019-01-16,22857.0,VND/USD,dulieukinhte,D,2026-10-07
2019-01-17,22855.0,VND/USD,dulieukinhte,D,2026-10-07
2019-01-18,22862.0,VND/USD,dulieukinhte,D,2026-10-07
2019-01-19,22862.0,VND/USD,dulieukinhte,D,2026-10-07
2019-01-21,22870.0,VND/USD,dulieukinhte,D,2026-10-07
2019-01-22,22879.0,VND/USD,dulieukinhte,D,2026-10-07
2019-01-23,22879.0,VND/USD,dulieukinhte,D,2026-10-07
2019-01-24,22875.0,VND/USD,dulieukinhte,D,2026-10-07
2019-01-25,22880.0,VND/USD,dulieukinhte,D,2026-10-07
2019-01-26,22880.0,VND/USD,dulieukinhte,D,2026-10-07
2019-01-28,22858.0,VND/USD,dulieukinhte,D,2026-10-07
2019-01-29,22858.0,VND/USD,dulieukinhte,D,2026-10-07
2019-01-30,22868.0,VND/USD,dulieukinhte,D,2026-10-07
2019-01-31,22868.0,VND/USD,dulieukinhte,D,2026-10-07
2019-02-01,22867.0,VND/USD,dulieukinhte,D,2026-10-07
2019-02-11,22895.0,VND/USD,dulieukinhte,D,2026-10-07
2019-02-12,22905.0,VND/USD,dulieukinhte,D,2026-10-07
2019-02-13,22901.0,VND/USD,dulieukinhte,D,2026-10-07
2019-02-14,22901.0,VND/USD,dulieukinhte,D,2026-10-07
2019-02-15,22915.0,VND/USD,dulieukinhte,D,2026-10-07
2019-02-16,22915.0,VND/USD,dulieukinhte,D,2026-10-07
2019-02-18,22913.0,VND/USD,dulieukinhte,D,2026-10-07
2019-02-19,22907.0,VND/USD,dulieukinhte,D,2026-10-07
2019-02-20,22905.0,VND/USD,dulieukinhte,D,2026-10-07
2019-02-21,22903.0,VND/USD,dulieukinhte,D,2026-10-07
2019-02-22,22906.0,VND/USD,dulieukinhte,D,2026-10-07
2019-02-23,22906.0,VND/USD,dulieukinhte,D,2026-10-07
2019-02-25,22911.0,VND/USD,dulieukinhte,D,2026-10-07
2019-02-26,22910.0,VND/USD,dulieukinhte,D,2026-10-07
2019-02-27,22908.0,VND/USD,dulieukinhte,D,2026-10-07
2019-02-28,22915.0,VND/USD,dulieukinhte,D,2026-10-07
2019-03-01,22923.0,VND/USD,dulieukinhte,D,2026-10-07
2019-03-02,22923.0,VND/USD,dulieukinhte,D,2026-10-07
2019-03-04,22930.0,VND/USD,dulieukinhte,D,2026-10-07
2019-03-05,22938.0,VND/USD,dulieukinhte,D,2026-10-07
2019-03-06,22940.0,VND/USD,dulieukinhte,D,2026-10-07
2019-03-07,22940.0,VND/USD,dulieukinhte,D,2026-10-07
2019-03-08,22946.0,VND/USD,dulieukinhte,D,2026-10-07
2019-03-09,22946.0,VND/USD,dulieukinhte,D,2026-10-07
2019-03-13,22947.0,VND/USD,dulieukinhte,D,2026-10-07
2019-03-14,22952.0,VND/USD,dulieukinhte,D,2026-10-07
2019-03-15,22957.0,VND/USD,dulieukinhte,D,2026-10-07
2019-03-16,22957.0,VND/USD,dulieukinhte,D,2026-10-07
2019-03-18,22952.0,VND/USD,dulieukinhte,D,2026-10-07
2019-03-19,22960.0,VND/USD,dulieukinhte,D,2026-10-07
2019-03-20,22958.0,VND/USD,dulieukinhte,D,2026-10-07
2019-03-21,22953.0,VND/USD,dulieukinhte,D,2026-10-07
2019-03-22,22957.0,VND/USD,dulieukinhte,D,2026-10-07
2019-03-23,22957.0,VND/USD,dulieukinhte,D,2026-10-07
2019-03-25,22964.0,VND/USD,dulieukinhte,D,2026-10-07
2019-03-26,22961.0,VND/USD,dulieukinhte,D,2026-10-07
2019-03-27,22973.0,VND/USD,dulieukinhte,D,2026-10-07
2019-03-28,22978.0,VND/USD,dulieukinhte,D,2026-10-07
2019-03-29,22980.0,VND/USD,dulieukinhte,D,2026-10-07
2019-03-30,22980.0,VND/USD,dulieukinhte,D,2026-10-07
2019-04-01,22976.0,VND/USD,dulieukinhte,D,2026-10-07
2019-04-02,22976.0,VND/USD,dulieukinhte,D,2026-10-07
2019-04-03,22983.0,VND/USD,dulieukinhte,D,2026-10-07
2019-04-04,22978.0,VND/USD,dulieukinhte,D,2026-10-07
2019-04-05,22988.0,VND/USD,dulieukinhte,D,2026-10-07
2019-04-06,22988.0,VND/USD,dulieukinhte,D,2026-10-07
2019-04-08,22988.0,VND/USD,dulieukinhte,D,2026-10-07
2019-04-09,22993.0,VND/USD,dulieukinhte,D,2026-10-07
2019-04-10,22989.0,VND/USD,dulieukinhte,D,2026-10-07
2019-04-11,22991.0,VND/USD,dulieukinhte,D,2026-10-07
2019-04-12,22996.0,VND/USD,dulieukinhte,D,2026-10-07
2019-04-13,22996.0,VND/USD,dulieukinhte,D,2026-10-07
2019-04-16,22990.0,VND/USD,dulieukinhte,D,2026-10-07
2019-04-17,22991.0,VND/USD,dulieukinhte,D,2026-10-07
2019-04-18,22988.0,VND/USD,dulieukinhte,D,2026-10-07
2019-04-19,22998.0,VND/USD,dulieukinhte,D,2026-10-07
2019-04-20,22998.0,VND/USD,dulieukinhte,D,2026-10-07
2019-04-22,22996.0,VND/USD,dulieukinhte,D,2026-10-07
2019-04-23,23004.0,VND/USD,dulieukinhte,D,2026-10-07
2019-04-24,23013.0,VND/USD,dulieukinhte,D,2026-10-07
2019-04-25,23018.0,VND/USD,dulieukinhte,D,2026-10-07
2019-04-26,23028.0,VND/USD,dulieukinhte,D,2026-10-07
2019-04-27,23028.0,VND/USD,dulieukinhte,D,2026-10-07
2019-04-29,23028.0,VND/USD,dulieukinhte,D,2026-10-07
2019-05-02,23033.0,VND/USD,dulieukinhte,D,2026-10-07
2019-05-03,23030.0,VND/USD,dulieukinhte,D,2026-10-07
2019-05-04,23030.0,VND/USD,dulieukinhte,D,2026-10-07
2019-05-06,23030.0,VND/USD,dulieukinhte,D,2026-10-07
2019-05-07,23040.0,VND/USD,dulieukinhte,D,2026-10-07
2019-05-08,23046.0,VND/USD,dulieukinhte,D,2026-10-07
2019-05-09,23051.0,VND/USD,dulieukinhte,D,2026-10-07
2019-05-10,23057.0,VND/USD,dulieukinhte,D,2026-10-07
2019-05-14,23054.0,VND/USD,dulieukinhte,D,2026-10-07
2019-05-15,23064.0,VND/USD,dulieukinhte,D,2026-10-07
2019-05-16,23056.0,VND/USD,dulieukinhte,D,2026-10-07
2019-05-17,23054.0,VND/USD,dulieukinhte,D,2026-10-07
2019-05-18,23054.0,VND/USD,dulieukinhte,D,2026-10-07
2019-05-20,23069.0,VND/USD,dulieukinhte,D,2026-10-07
2019-05-21,23069.0,VND/USD,dulieukinhte,D,2026-10-07
2019-05-22,23066.0,VND/USD,dulieukinhte,D,2026-10-07
2019-05-23,23063.0,VND/USD,dulieukinhte,D,2026-10-07
2019-05-24,23066.0,VND/USD,dulieukinhte,D,2026-10-07
2019-05-25,23066.0,VND/USD,dulieukinhte,D,2026-10-07
2019-05-27,23061.0,VND/USD,dulieukinhte,D,2026-10-07
2019-05-28,23059.0,VND/USD,dulieukinhte,D,2026-10-07
2019-05-29,23064.0,VND/USD,dulieukinhte,D,2026-10-07
2019-05-30,23067.0,VND/USD,dulieukinhte,D,2026-10-07
2019-05-31,23065.0,VND/USD,dulieukinhte,D,2026-10-07
2019-06-01,23065.0,VND/USD,dulieukinhte,D,2026-10-07
2019-06-03,23060.0,VND/USD,dulieukinhte,D,2026-10-07
2019-06-04,23052.0,VND/USD,dulieukinhte,D,2026-10-07
2019-06-05,23052.0,VND/USD,dulieukinhte,D,2026-10-07
2019-06-06,23060.0,VND/USD,dulieukinhte,D,2026-10-07
2019-06-07,23058.0,VND/USD,dulieukinhte,D,2026-10-07
2019-06-08,23058.0,VND/USD,dulieukinhte,D,2026-10-07
2019-06-12,23056.0,VND/USD,dulieukinhte,D,2026-10-07
2019-06-13,23060.0,VND/USD,dulieukinhte,D,2026-10-07
2019-06-14,23059.0,VND/USD,dulieukinhte,D,2026-10-07
2019-06-15,23059.0,VND/USD,dulieukinhte,D,2026-10-07
2019-06-17,23069.0,VND/USD,dulieukinhte,D,2026-10-07
2019-06-18,23074.0,VND/USD,dulieukinhte,D,2026-10-07
2019-06-19,23070.0,VND/USD,dulieukinhte,D,2026-10-07
2019-06-20,23065.0,VND/USD,dulieukinhte,D,2026-10-07
2019-06-21,23055.0,VND/USD,dulieukinhte,D,2026-10-07
2019-06-22,23055.0,VND/USD,dulieukinhte,D,2026-10-07
2019-06-24,23053.0,VND/USD,dulieukinhte,D,2026-10-07
2019-06-25,23050.0,VND/USD,dulieukinhte,D,2026-10-07
2019-06-26,23055.0,VND/USD,dulieukinhte,D,2026-10-07
2019-06-27,23065.0,VND/USD,dulieukinhte,D,2026-10-07
2019-06-28,23066.0,VND/USD,dulieukinhte,D,2026-10-07
2019-06-29,23066.0,VND/USD,dulieukinhte,D,2026-10-07
2019-07-01,23054.0,VND/USD,dulieukinhte,D,2026-10-07
2019-07-02,23051.0,VND/USD,dulieukinhte,D,2026-10-07
2019-07-04,23061.0,VND/USD,dulieukinhte,D,2026-10-07
2019-07-05,23061.0,VND/USD,dulieukinhte,D,2026-10-07
2019-07-06,23061.0,VND/USD,dulieukinhte,D,2026-10-07
2019-07-08,23073.0,VND/USD,dulieukinhte,D,2026-10-07
2019-07-11,23064.0,VND/USD,dulieukinhte,D,2026-10-07
2019-07-12,23059.0,VND/USD,dulieukinhte,D,2026-10-07
2019-07-13,23059.0,VND/USD,dulieukinhte,D,2026-10-07
2019-07-15,23063.0,VND/USD,dulieukinhte,D,2026-10-07
2019-07-16,23062.0,VND/USD,dulieukinhte,D,2026-10-07
2019-07-17,23068.0,VND/USD,dulieukinhte,D,2026-10-07
2019-07-18,23072.0,VND/USD,dulieukinhte,D,2026-10-07
2019-07-19,23067.0,VND/USD,dulieukinhte,D,2026-10-07
2019-07-20,23067.0,VND/USD,dulieukinhte,D,2026-10-07
2019-07-22,23077.0,VND/USD,dulieukinhte,D,2026-10-07
2019-07-23,23077.0,VND/USD,dulieukinhte,D,2026-10-07
2019-07-24,23076.0,VND/USD,dulieukinhte,D,2026-10-07
2019-07-25,23072.0,VND/USD,dulieukinhte,D,2026-10-07
2019-07-26,23079.0,VND/USD,dulieukinhte,D,2026-10-07
2019-07-27,23079.0,VND/USD,dulieukinhte,D,2026-10-07
2019-07-29,23085.0,VND/USD,dulieukinhte,D,2026-10-07
2019-07-30,23085.0,VND/USD,dulieukinhte,D,2026-10-07
2019-07-31,23073.0,VND/USD,dulieukinhte,D,2026-10-07
2019-08-01,23079.0,VND/USD,dulieukinhte,D,2026-10-07
2019-08-02,23090.0,VND/USD,dulieukinhte,D,2026-10-07
2019-08-03,23090.0,VND/USD,dulieukinhte,D,2026-10-07
2019-08-05,23100.0,VND/USD,dulieukinhte,D,2026-10-07
2019-08-06,23115.0,VND/USD,dulieukinhte,D,2026-10-07
2019-08-09,23102.0,VND/USD,dulieukinhte,D,2026-10-07
2019-08-10,23102.0,VND/USD,dulieukinhte,D,2026-10-07
2019-08-12,23100.0,VND/USD,dulieukinhte,D,2026-10-07
2019-08-13,23111.0,VND/USD,dulieukinhte,D,2026-10-07
2019-08-14,23121.0,VND/USD,dulieukinhte,D,2026-10-07
2019-08-15,23115.0,VND/USD,dulieukinhte,D,2026-10-07
2019-08-16,23120.0,VND/USD,dulieukinhte,D,2026-10-07
2019-08-17,23120.0,VND/USD,dulieukinhte,D,2026-10-07
2019-08-19,23122.0,VND/USD,dulieukinhte,D,2026-10-07
2019-08-20,23120.0,VND/USD,dulieukinhte,D,2026-10-07
2019-08-21,23120.0,VND/USD,dulieukinhte,D,2026-10-07
2019-08-22,23116.0,VND/USD,dulieukinhte,D,2026-10-07
2019-08-23,23127.0,VND/USD,dulieukinhte,D,2026-10-07
2019-08-24,23127.0,VND/USD,dulieukinhte,D,2026-10-07
2019-08-26,23114.0,VND/USD,dulieukinhte,D,2026-10-07
2019-08-27,23130.0,VND/USD,dulieukinhte,D,2026-10-07
2019-08-28,23129.0,VND/USD,dulieukinhte,D,2026-10-07
2019-08-29,23133.0,VND/USD,dulieukinhte,D,2026-10-07
2019-08-30,23133.0,VND/USD,dulieukinhte,D,2026-10-07
2019-08-31,23133.0,VND/USD,dulieukinhte,D,2026-10-07
2019-09-03,23139.0,VND/USD,dulieukinhte,D,2026-10-07
2019-09-04,23146.0,VND/USD,dulieukinhte,D,2026-10-07
2019-09-05,23140.0,VND/USD,dulieukinhte,D,2026-10-07
2019-09-09,23132.0,VND/USD,dulieukinhte,D,2026-10-07
2019-09-10,23135.0,VND/USD,dulieukinhte,D,2026-10-07
2019-09-11,23130.0,VND/USD,dulieukinhte,D,2026-10-07
2019-09-12,23138.0,VND/USD,dulieukinhte,D,2026-10-07
2019-09-13,23133.0,VND/USD,dulieukinhte,D,2026-10-07
2019-09-14,23133.0,VND/USD,dulieukinhte,D,2026-10-07
2019-09-16,23130.0,VND/USD,dulieukinhte,D,2026-10-07
2019-09-17,23135.0,VND/USD,dulieukinhte,D,2026-10-07
2019-09-18,23143.0,VND/USD,dulieukinhte,D,2026-10-07
2019-09-19,23147.0,VND/USD,dulieukinhte,D,2026-10-07
2019-09-20,23142.0,VND/USD,dulieukinhte,D,2026-10-07
2019-09-21,23142.0,VND/USD,dulieukinhte,D,2026-10-07
2019-09-23,23137.0,VND/USD,dulieukinhte,D,2026-10-07
2019-09-24,23150.0,VND/USD,dulieukinhte,D,2026-10-07
2019-09-25,23145.0,VND/USD,dulieukinhte,D,2026-10-07
2019-09-26,23155.0,VND/USD,dulieukinhte,D,2026-10-07
2019-09-27,23160.0,VND/USD,dulieukinhte,D,2026-10-07
2019-09-28,23160.0,VND/USD,dulieukinhte,D,2026-10-07
2019-09-30,23161.0,VND/USD,dulieukinhte,D,2026-10-07
2019-10-01,23165.0,VND/USD,dulieukinhte,D,2026-10-07
2019-10-02,23163.0,VND/USD,dulieukinhte,D,2026-10-07
2019-10-03,23161.0,VND/USD,dulieukinhte,D,2026-10-07
2019-10-04,23159.0,VND/USD,dulieukinhte,D,2026-10-07
2019-10-08,23157.0,VND/USD,dulieukinhte,D,2026-10-07
2019-10-09,23156.0,VND/USD,dulieukinhte,D,2026-10-07
2019-10-10,23157.0,VND/USD,dulieukinhte,D,2026-10-07
2019-10-11,23154.0,VND/USD,dulieukinhte,D,2026-10-07
2019-10-12,23154.0,VND/USD,dulieukinhte,D,2026-10-07
2019-10-14,23150.0,VND/USD,dulieukinhte,D,2026-10-07
2019-10-15,23150.0,VND/USD,dulieukinhte,D,2026-10-07
2019-10-16,23157.0,VND/USD,dulieukinhte,D,2026-10-07
2019-10-17,23159.0,VND/USD,dulieukinhte,D,2026-10-07
2019-10-18,23154.0,VND/USD,dulieukinhte,D,2026-10-07
2019-10-19,23154.0,VND/USD,dulieukinhte,D,2026-10-07
2019-10-21,23153.0,VND/USD,dulieukinhte,D,2026-10-07
2019-10-22,23148.0,VND/USD,dulieukinhte,D,2026-10-07
2019-10-23,23154.0,VND/USD,dulieukinhte,D,2026-10-07
2019-10-24,23155.0,VND/USD,dulieukinhte,D,2026-10-07
2019-10-25,23155.0,VND/USD,dulieukinhte,D,2026-10-07
2019-10-26,23155.0,VND/USD,dulieukinhte,D,2026-10-07
2019-10-28,23152.0,VND/USD,dulieukinhte,D,2026-10-07
2019-10-29,23149.0,VND/USD,dulieukinhte,D,2026-10-07
2019-10-30,23145.0,VND/USD,dulieukinhte,D,2026-10-07
2019-10-31,23145.0,VND/USD,dulieukinhte,D,2026-10-07
2019-11-01,23138.0,VND/USD,dulieukinhte,D,2026-10-07
2019-11-02,23138.0,VND/USD,dulieukinhte,D,2026-10-07
2019-11-04,23135.0,VND/USD,dulieukinhte,D,2026-10-07
2019-11-05,23135.0,VND/USD,dulieukinhte,D,2026-10-07
2019-11-06,23129.0,VND/USD,dulieukinhte,D,2026-10-07
2019-11-07,23134.0,VND/USD,dulieukinhte,D,2026-10-07
2019-11-08,23133.0,VND/USD,dulieukinhte,D,2026-10-07
2019-11-09,23133.0,VND/USD,dulieukinhte,D,2026-10-07
2019-11-11,23130.0,VND/USD,dulieukinhte,D,2026-10-07
2019-11-12,23139.0,VND/USD,dulieukinhte,D,2026-10-07
2019-11-13,23139.0,VND/USD,dulieukinhte,D,2026-10-07
2019-11-14,23145.0,VND/USD,dulieukinhte,D,2026-10-07
2019-11-15,23144.0,VND/USD,dulieukinhte,D,2026-10-07
2019-11-16,23144.0,VND/USD,dulieukinhte,D,2026-10-07
2019-11-18,23140.0,VND/USD,dulieukinhte,D,2026-10-07
2019-11-19,23135.0,VND/USD,dulieukinhte,D,2026-10-07
2019-11-20,23139.0,VND/USD,dulieukinhte,D,2026-10-07
2019-11-21,23148.0,VND/USD,dulieukinhte,D,2026-10-07
2019-11-22,23151.0,VND/USD,dulieukinhte,D,2026-10-07
2019-11-23,23151.0,VND/USD,dulieukinhte,D,2026-10-07
2019-11-25,23154.0,VND/USD,dulieukinhte,D,2026-10-07
2019-11-26,23157.0,VND/USD,dulieukinhte,D,2026-10-07
2019-11-27,23157.0,VND/USD,dulieukinhte,D,2026-10-07
2019-11-28,23158.0,VND/USD,dulieukinhte,D,2026-10-07
2019-11-29,23162.0,VND/USD,dulieukinhte,D,2026-10-07
2019-11-30,23162.0,VND/USD,dulieukinhte,D,2026-10-07
2019-12-02,23157.0,VND/USD,dulieukinhte,D,2026-10-07
2019-12-05,23167.0,VND/USD,dulieukinhte,D,2026-10-07
2019-12-06,23164.0,VND/USD,dulieukinhte,D,2026-10-07
2019-12-07,23164.0,VND/USD,dulieukinhte,D,2026-10-07
2019-12-09,23167.0,VND/USD,dulieukinhte,D,2026-10-07
2019-12-10,23163.0,VND/USD,dulieukinhte,D,2026-10-07
2019-12-11,23163.0,VND/USD,dulieukinhte,D,2026-10-07
2019-12-12,23165.0,VND/USD,dulieukinhte,D,2026-10-07
2019-12-13,23160.0,VND/USD,dulieukinhte,D,2026-10-07
2019-12-14,23160.0,VND/USD,dulieukinhte,D,2026-10-07
2019-12-16,23155.0,VND/USD,dulieukinhte,D,2026-10-07
2019-12-17,23162.0,VND/USD,dulieukinhte,D,2026-10-07
2019-12-18,23158.0,VND/USD,dulieukinhte,D,2026-10-07
2019-12-19,23163.0,VND/USD,dulieukinhte,D,2026-10-07
2019-12-20,23160.0,VND/USD,dulieukinhte,D,2026-10-07
2019-12-21,23160.0,VND/USD,dulieukinhte,D,2026-10-07
2019-12-23,23159.0,VND/USD,dulieukinhte,D,2026-10-07
2019-12-24,23164.0,VND/USD,dulieukinhte,D,2026-10-07
2019-12-25,23163.0,VND/USD,dulieukinhte,D,2026-10-07
2019-12-26,23162.0,VND/USD,dulieukinhte,D,2026-10-07
2019-12-27,23169.0,VND/USD,dulieukinhte,D,2026-10-07
2019-12-28,23169.0,VND/USD,dulieukinhte,D,2026-10-07
2019-12-29,23169.0,VND/USD,dulieukinhte,D,2026-10-07
2019-12-30,23167.0,VND/USD,dulieukinhte,D,2026-10-07
2019-12-31,23155.0,VND/USD,dulieukinhte,D,2026-10-07
2020-01-02,23150.0,VND/USD,dulieukinhte,D,2026-10-07
2020-01-03,23157.0,VND/USD,dulieukinhte,D,2026-10-07
2020-01-04,23157.0,VND/USD,dulieukinhte,D,2026-10-07
2020-01-06,23167.0,VND/USD,dulieukinhte,D,2026-10-07
2020-01-07,23174.0,VND/USD,dulieukinhte,D,2026-10-07
2020-01-08,23165.0,VND/USD,dulieukinhte,D,2026-10-07
2020-01-09,23173.0,VND/USD,dulieukinhte,D,2026-10-07
2020-01-10,23166.0,VND/USD,dulieukinhte,D,2026-10-07
2020-01-11,23166.0,VND/USD,dulieukinhte,D,2026-10-07
2020-01-13,23162.0,VND/USD,dulieukinhte,D,2026-10-07
2020-01-14,23157.0,VND/USD,dulieukinhte,D,2026-10-07
2020-01-15,23158.0,VND/USD,dulieukinhte,D,2026-10-07
2020-01-16,23156.0,VND/USD,dulieukinhte,D,2026-10-07
2020-01-17,23157.0,VND/USD,dulieukinhte,D,2026-10-07
2020-01-18,23157.0,VND/USD,dulieukinhte,D,2026-10-07
2020-01-19,23157.0,VND/USD,dulieukinhte,D,2026-10-07
2020-01-20,23155.0,VND/USD,dulieukinhte,D,2026-10-07
2020-01-21,23158.0,VND/USD,dulieukinhte,D,2026-10-07
2020-01-22,23170.0,VND/USD,dulieukinhte,D,2026-10-07
2020-02-01,23196.0,VND/USD,dulieukinhte,D,2026-10-07
2020-02-03,23201.0,VND/USD,dulieukinhte,D,2026-10-07
2020-02-04,23206.0,VND/USD,dulieukinhte,D,2026-10-07
2020-02-05,23196.0,VND/USD,dulieukinhte,D,2026-10-07
2020-02-06,23201.0,VND/USD,dulieukinhte,D,2026-10-07
2020-02-07,23201.0,VND/USD,dulieukinhte,D,2026-10-07
2020-02-08,23201.0,VND/USD,dulieukinhte,D,2026-10-07
2020-02-10,23211.0,VND/USD,dulieukinhte,D,2026-10-07
2020-02-13,23206.0,VND/USD,dulieukinhte,D,2026-10-07
2020-02-14,23215.0,VND/USD,dulieukinhte,D,2026-10-07
2020-02-15,23215.0,VND/USD,dulieukinhte,D,2026-10-07
2020-02-17,23218.0,VND/USD,dulieukinhte,D,2026-10-07
2020-02-18,23214.0,VND/USD,dulieukinhte,D,2026-10-07
2020-02-19,23228.0,VND/USD,dulieukinhte,D,2026-10-07
2020-02-20,23234.0,VND/USD,dulieukinhte,D,2026-10-07
2020-02-21,23239.0,VND/USD,dulieukinhte,D,2026-10-07
2020-02-22,23239.0,VND/USD,dulieukinhte,D,2026-10-07
2020-02-24,23243.0,VND/USD,dulieukinhte,D,2026-10-07
2020-02-25,23245.0,VND/USD,dulieukinhte,D,2026-10-07
2020-02-26,23239.0,VND/USD,dulieukinhte,D,2026-10-07
2020-03-03,23209.0,VND/USD,dulieukinhte,D,2026-10-07
2020-03-04,23204.0,VND/USD,dulieukinhte,D,2026-10-07
2020-03-05,23203.0,VND/USD,dulieukinhte,D,2026-10-07
2020-03-06,23197.0,VND/USD,dulieukinhte,D,2026-10-07
2020-03-07,23197.0,VND/USD,dulieukinhte,D,2026-10-07
2020-03-09,23195.0,VND/USD,dulieukinhte,D,2026-10-07
2020-03-10,23190.0,VND/USD,dulieukinhte,D,2026-10-07
2020-03-11,23198.0,VND/USD,dulieukinhte,D,2026-10-07
2020-03-12,23197.0,VND/USD,dulieukinhte,D,2026-10-07
2020-03-13,23212.0,VND/USD,dulieukinhte,D,2026-10-07
2020-03-14,23212.0,VND/USD,dulieukinhte,D,2026-10-07
2020-03-16,23222.0,VND/USD,dulieukinhte,D,2026-10-07
2020-03-17,23227.0,VND/USD,dulieukinhte,D,2026-10-07
2020-03-18,23232.0,VND/USD,dulieukinhte,D,2026-10-07
2020-03-19,23242.0,VND/USD,dulieukinhte,D,2026-10-07
2020-03-20,23252.0,VND/USD,dulieukinhte,D,2026-10-07
2020-03-21,23252.0,VND/USD,dulieukinhte,D,2026-10-07
2020-03-23,23259.0,VND/USD,dulieukinhte,D,2026-10-07
2020-03-24,23260.0,VND/USD,dulieukinhte,D,2026-10-07
2020-03-25,23250.0,VND/USD,dulieukinhte,D,2026-10-07
2020-04-01,23232.0,VND/USD,dulieukinhte,D,2026-10-07
2020-04-03,23239.0,VND/USD,dulieukinhte,D,2026-10-07
2020-04-04,23239.0,VND/USD,dulieukinhte,D,2026-10-07
2020-04-06,23234.0,VND/USD,dulieukinhte,D,2026-10-07
2020-04-07,23230.0,VND/USD,dulieukinhte,D,2026-10-07
2020-04-08,23225.0,VND/USD,dulieukinhte,D,2026-10-07
2020-04-09,23235.0,VND/USD,dulieukinhte,D,2026-10-07
2020-04-13,23216.0,VND/USD,dulieukinhte,D,2026-10-07
2020-04-14,23223.0,VND/USD,dulieukinhte,D,2026-10-07
2020-04-15,23227.0,VND/USD,dulieukinhte,D,2026-10-07
2020-04-16,23236.0,VND/USD,dulieukinhte,D,2026-10-07
2020-04-17,23241.0,VND/USD,dulieukinhte,D,2026-10-07
2020-04-18,23241.0,VND/USD,dulieukinhte,D,2026-10-07
2020-04-20,23238.0,VND/USD,dulieukinhte,D,2026-10-07
2020-04-21,23246.0,VND/USD,dulieukinhte,D,2026-10-07
2020-04-22,23256.0,VND/USD,dulieukinhte,D,2026-10-07
2020-04-23,23261.0,VND/USD,dulieukinhte,D,2026-10-07
2020-04-24,23272.0,VND/USD,dulieukinhte,D,2026-10-07
2020-04-25,23272.0,VND/USD,dulieukinhte,D,2026-10-07
2020-04-27,23272.0,VND/USD,dulieukinhte,D,2026-10-07
2020-05-04,23247.0,VND/USD,dulieukinhte,D,2026-10-07
2020-05-05,23262.0,VND/USD,dulieukinhte,D,2026-10-07
2020-05-06,23254.0,VND/USD,dulieukinhte,D,2026-10-07
2020-05-07,23265.0,VND/USD,dulieukinhte,D,2026-10-07
2020-05-08,23262.0,VND/USD,dulieukinhte,D,2026-10-07
2020-05-09,23262.0,VND/USD,dulieukinhte,D,2026-10-07
2020-05-11,23252.0,VND/USD,dulieukinhte,D,2026-10-07
2020-05-12,23245.0,VND/USD,dulieukinhte,D,2026-10-07
2020-05-13,23244.0,VND/USD,dulieukinhte,D,2026-10-07
2020-05-14,23253.0,VND/USD,dulieukinhte,D,2026-10-07
2020-05-15,23263.0,VND/USD,dulieukinhte,D,2026-10-07
2020-05-16,23263.0,VND/USD,dulieukinhte,D,2026-10-07
2020-05-18,23265.0,VND/USD,dulieukinhte,D,2026-10-07
2020-05-19,23259.0,VND/USD,dulieukinhte,D,2026-10-07
2020-05-20,23249.0,VND/USD,dulieukinhte,D,2026-10-07
2020-05-21,23247.0,VND/USD,dulieukinhte,D,2026-10-07
2020-05-22,23242.0,VND/USD,dulieukinhte,D,2026-10-07
2020-05-23,23242.0,VND/USD,dulieukinhte,D,2026-10-07
2020-05-25,23257.0,VND/USD,dulieukinhte,D,2026-10-07
2020-06-01,23256.0,VND/USD,dulieukinhte,D,2026-10-07
2020-06-02,23251.0,VND/USD,dulieukinhte,D,2026-10-07
2020-06-03,23246.0,VND/USD,dulieukinhte,D,2026-10-07
2020-06-04,23244.0,VND/USD,dulieukinhte,D,2026-10-07
2020-06-05,23245.0,VND/USD,dulieukinhte,D,2026-10-07
2020-06-06,23245.0,VND/USD,dulieukinhte,D,2026-10-07
2020-06-08,23240.0,VND/USD,dulieukinhte,D,2026-10-07
2020-06-09,23232.0,VND/USD,dulieukinhte,D,2026-10-07
2020-06-12,23222.0,VND/USD,dulieukinhte,D,2026-10-07
2020-06-13,23222.0,VND/USD,dulieukinhte,D,2026-10-07
2020-06-15,23239.0,VND/USD,dulieukinhte,D,2026-10-07
2020-06-16,23249.0,VND/USD,dulieukinhte,D,2026-10-07
2020-06-17,23240.0,VND/USD,dulieukinhte,D,2026-10-07
2020-06-18,23239.0,VND/USD,dulieukinhte,D,2026-10-07
2020-06-19,23234.0,VND/USD,dulieukinhte,D,2026-10-07
2020-06-20,23234.0,VND/USD,dulieukinhte,D,2026-10-07
2020-06-22,23241.0,VND/USD,dulieukinhte,D,2026-10-07
2020-06-23,23241.0,VND/USD,dulieukinhte,D,2026-10-07
2020-06-24,23228.0,VND/USD,dulieukinhte,D,2026-10-07
2020-06-25,23230.0,VND/USD,dulieukinhte,D,2026-10-07
2020-07-02,23225.0,VND/USD,dulieukinhte,D,2026-10-07
2020-07-03,23230.0,VND/USD,dulieukinhte,D,2026-10-07
2020-07-04,23230.0,VND/USD,dulieukinhte,D,2026-10-07
2020-07-06,23227.0,VND/USD,dulieukinhte,D,2026-10-07
2020-07-07,23222.0,VND/USD,dulieukinhte,D,2026-10-07
2020-07-08,23218.0,VND/USD,dulieukinhte,D,2026-10-07
2020-07-11,23216.0,VND/USD,dulieukinhte,D,2026-10-07
2020-07-13,23220.0,VND/USD,dulieukinhte,D,2026-10-07
2020-07-14,23216.0,VND/USD,dulieukinhte,D,2026-10-07
2020-07-15,23226.0,VND/USD,dulieukinhte,D,2026-10-07
2020-07-16,23221.0,VND/USD,dulieukinhte,D,2026-10-07
2020-07-17,23235.0,VND/USD,dulieukinhte,D,2026-10-07
2020-07-18,23235.0,VND/USD,dulieukinhte,D,2026-10-07
2020-07-20,23234.0,VND/USD,dulieukinhte,D,2026-10-07
2020-07-21,23231.0,VND/USD,dulieukinhte,D,2026-10-07
2020-07-22,23221.0,VND/USD,dulieukinhte,D,2026-10-07
2020-07-23,23220.0,VND/USD,dulieukinhte,D,2026-10-07
2020-07-24,23221.0,VND/USD,dulieukinhte,D,2026-10-07
2020-07-25,23221.0,VND/USD,dulieukinhte,D,2026-10-07
2020-08-03,23207.0,VND/USD,dulieukinhte,D,2026-10-07
2020-08-04,23214.0,VND/USD,dulieukinhte,D,2026-10-07
2020-08-05,23208.0,VND/USD,dulieukinhte,D,2026-10-07
2020-08-06,23203.0,VND/USD,dulieukinhte,D,2026-10-07
2020-08-10,23215.0,VND/USD,dulieukinhte,D,2026-10-07
2020-08-11,23217.0,VND/USD,dulieukinhte,D,2026-10-07
2020-08-12,23217.0,VND/USD,dulieukinhte,D,2026-10-07
2020-08-13,23215.0,VND/USD,dulieukinhte,D,2026-10-07
2020-08-14,23212.0,VND/USD,dulieukinhte,D,2026-10-07
2020-08-15,23212.0,VND/USD,dulieukinhte,D,2026-10-07
2020-08-17,23214.0,VND/USD,dulieukinhte,D,2026-10-07
2020-08-18,23209.0,VND/USD,dulieukinhte,D,2026-10-07
2020-08-19,23204.0,VND/USD,dulieukinhte,D,2026-10-07
2020-08-20,23200.0,VND/USD,dulieukinhte,D,2026-10-07
2020-08-21,23210.0,VND/USD,dulieukinhte,D,2026-10-07
2020-08-22,23210.0,VND/USD,dulieukinhte,D,2026-10-07
2020-08-24,23212.0,VND/USD,dulieukinhte,D,2026-10-07
2020-08-25,23211.0,VND/USD,dulieukinhte,D,2026-10-07
2020-09-03,23203.0,VND/USD,dulieukinhte,D,2026-10-07
2020-09-04,23206.0,VND/USD,dulieukinhte,D,2026-10-07
2020-09-05,23206.0,VND/USD,dulieukinhte,D,2026-10-07
2020-09-09,23203.0,VND/USD,dulieukinhte,D,2026-10-07
2020-09-10,23211.0,VND/USD,dulieukinhte,D,2026-10-07
2020-09-11,23206.0,VND/USD,dulieukinhte,D,2026-10-07
2020-09-12,23206.0,VND/USD,dulieukinhte,D,2026-10-07
2020-09-14,23208.0,VND/USD,dulieukinhte,D,2026-10-07
2020-09-15,23203.0,VND/USD,dulieukinhte,D,2026-10-07
2020-09-16,23198.0,VND/USD,dulieukinhte,D,2026-10-07
2020-09-17,23193.0,VND/USD,dulieukinhte,D,2026-10-07
2020-09-18,23196.0,VND/USD,dulieukinhte,D,2026-10-07
2020-09-19,23196.0,VND/USD,dulieukinhte,D,2026-10-07
2020-09-21,23191.0,VND/USD,dulieukinhte,D,2026-10-07
2020-09-22,23200.0,VND/USD,dulieukinhte,D,2026-10-07
2020-09-23,23213.0,VND/USD,dulieukinhte,D,2026-10-07
2020-09-24,23218.0,VND/USD,dulieukinhte,D,2026-10-07
2020-09-25,23223.0,VND/USD,dulieukinhte,D,2026-10-07
2020-10-02,23214.0,VND/USD,dulieukinhte,D,2026-10-07
2020-10-03,23214.0,VND/USD,dulieukinhte,D,2026-10-07
2020-10-05,23212.0,VND/USD,dulieukinhte,D,2026-10-07
2020-10-06,23208.0,VND/USD,dulieukinhte,D,2026-10-07
2020-10-07,23205.0,VND/USD,dulieukinhte,D,2026-10-07
2020-10-08,23203.0,VND/USD,dulieukinhte,D,2026-10-07
2020-10-09,23198.0,VND/USD,dulieukinhte,D,2026-10-07
2020-10-10,23198.0,VND/USD,dulieukinhte,D,2026-10-07
2020-10-12,23193.0,VND/USD,dulieukinhte,D,2026-10-07
2020-10-13,23195.0,VND/USD,dulieukinhte,D,2026-10-07
2020-10-14,23197.0,VND/USD,dulieukinhte,D,2026-10-07
2020-10-15,23192.0,VND/USD,dulieukinhte,D,2026-10-07
2020-10-16,23201.0,VND/USD,dulieukinhte,D,2026-10-07
2020-10-17,23201.0,VND/USD,dulieukinhte,D,2026-10-07
2020-10-19,23196.0,VND/USD,dulieukinhte,D,2026-10-07
2020-10-20,23191.0,VND/USD,dulieukinhte,D,2026-10-07
2020-10-21,23185.0,VND/USD,dulieukinhte,D,2026-10-07
2020-10-22,23180.0,VND/USD,dulieukinhte,D,2026-10-07
2020-10-23,23185.0,VND/USD,dulieukinhte,D,2026-10-07
2020-10-24,23185.0,VND/USD,dulieukinhte,D,2026-10-07
2020-11-02,23201.0,VND/USD,dulieukinhte,D,2026-10-07
2020-11-03,23198.0,VND/USD,dulieukinhte,D,2026-10-07
2020-11-04,23190.0,VND/USD,dulieukinhte,D,2026-10-07
2020-11-05,23200.0,VND/USD,dulieukinhte,D,2026-10-07
2020-11-06,23185.0,VND/USD,dulieukinhte,D,2026-10-07
2020-11-07,23185.0,VND/USD,dulieukinhte,D,2026-10-07
2020-11-09,23180.0,VND/USD,dulieukinhte,D,2026-10-07
2020-11-10,23182.0,VND/USD,dulieukinhte,D,2026-10-07
2020-11-11,23187.0,VND/USD,dulieukinhte,D,2026-10-07
2020-11-12,23187.0,VND/USD,dulieukinhte,D,2026-10-07
2020-11-13,23192.0,VND/USD,dulieukinhte,D,2026-10-07
2020-11-14,23192.0,VND/USD,dulieukinhte,D,2026-10-07
2020-11-16,23184.0,VND/USD,dulieukinhte,D,2026-10-07
2020-11-17,23174.0,VND/USD,dulieukinhte,D,2026-10-07
2020-11-18,23164.0,VND/USD,dulieukinhte,D,2026-10-07
2020-11-19,23164.0,VND/USD,dulieukinhte,D,2026-10-07
2020-11-20,23179.0,VND/USD,dulieukinhte,D,2026-10-07
2020-11-21,23179.0,VND/USD,dulieukinhte,D,2026-10-07
2020-11-23,23175.0,VND/USD,dulieukinhte,D,2026-10-07
2020-11-24,23168.0,VND/USD,dulieukinhte,D,2026-10-07
2020-12-01,23152.0,VND/USD,dulieukinhte,D,2026-10-07
2020-12-02,23152.0,VND/USD,dulieukinhte,D,2026-10-07
2020-12-03,23147.0,VND/USD,dulieukinhte,D,2026-10-07
2020-12-04,23142.0,VND/USD,dulieukinhte,D,2026-10-07
2020-12-05,23142.0,VND/USD,dulieukinhte,D,2026-10-07
2020-12-07,23137.0,VND/USD,dulieukinhte,D,2026-10-07
2020-12-08,23144.0,VND/USD,dulieukinhte,D,2026-10-07
2020-12-09,23140.0,VND/USD,dulieukinhte,D,2026-10-07
2020-12-10,23146.0,VND/USD,dulieukinhte,D,2026-10-07
2020-12-11,23146.0,VND/USD,dulieukinhte,D,2026-10-07
2020-12-12,23146.0,VND/USD,dulieukinhte,D,2026-10-07
2020-12-14,23143.0,VND/USD,dulieukinhte,D,2026-10-07
2020-12-15,23144.0,VND/USD,dulieukinhte,D,2026-10-07
2020-12-16,23148.0,VND/USD,dulieukinhte,D,2026-10-07
2020-12-17,23143.0,VND/USD,dulieukinhte,D,2026-10-07
2020-12-18,23138.0,VND/USD,dulieukinhte,D,2026-10-07
2020-12-19,23138.0,VND/USD,dulieukinhte,D,2026-10-07
2020-12-21,23149.0,VND/USD,dulieukinhte,D,2026-10-07
2020-12-22,23154.0,VND/USD,dulieukinhte,D,2026-10-07
2020-12-23,23167.0,VND/USD,dulieukinhte,D,2026-10-07
2020-12-24,23162.0,VND/USD,dulieukinhte,D,2026-10-07
2021-01-02,23131.0,VND/USD,dulieukinhte,D,2026-10-07
2021-01-04,23131.0,VND/USD,dulieukinhte,D,2026-10-07
2021-01-05,23121.0,VND/USD,dulieukinhte,D,2026-10-07
2021-01-06,23123.0,VND/USD,dulieukinhte,D,2026-10-07
2021-01-07,23117.0,VND/USD,dulieukinhte,D,2026-10-07
2021-01-08,23121.0,VND/USD,dulieukinhte,D,2026-10-07
2021-01-09,23121.0,VND/USD,dulieukinhte,D,2026-10-07
2021-01-11,23127.0,VND/USD,dulieukinhte,D,2026-10-07
2021-01-12,23140.0,VND/USD,dulieukinhte,D,2026-10-07
2021-01-13,23134.0,VND/USD,dulieukinhte,D,2026-10-07
2021-01-14,23132.0,VND/USD,dulieukinhte,D,2026-10-07
2021-01-15,23136.0,VND/USD,dulieukinhte,D,2026-10-07
2021-01-16,23136.0,VND/USD,dulieukinhte,D,2026-10-07
2021-01-18,23141.0,VND/USD,dulieukinhte,D,2026-10-07
2021-01-19,23152.0,VND/USD,dulieukinhte,D,2026-10-07
2021-01-20,23148.0,VND/USD,dulieukinhte,D,2026-10-07
2021-01-21,23144.0,VND/USD,dulieukinhte,D,2026-10-07
2021-01-22,23137.0,VND/USD,dulieukinhte,D,2026-10-07
2021-01-23,23137.0,VND/USD,dulieukinhte,D,2026-10-07
2021-01-25,23147.0,VND/USD,dulieukinhte,D,2026-10-07
2021-02-02,23152.0,VND/USD,dulieukinhte,D,2026-10-07
2021-02-03,23145.0,VND/USD,dulieukinhte,D,2026-10-07
2021-02-04,23144.0,VND/USD,dulieukinhte,D,2026-10-07
2021-02-05,23154.0,VND/USD,dulieukinhte,D,2026-10-07
2021-02-06,23154.0,VND/USD,dulieukinhte,D,2026-10-07
2021-02-08,23149.0,VND/USD,dulieukinhte,D,2026-10-07
2021-02-09,23137.0,VND/USD,dulieukinhte,D,2026-10-07
2021-02-17,23122.0,VND/USD,dulieukinhte,D,2026-10-07
2021-02-18,23132.0,VND/USD,dulieukinhte,D,2026-10-07
2021-02-19,23134.0,VND/USD,dulieukinhte,D,2026-10-07
2021-02-20,23134.0,VND/USD,dulieukinhte,D,2026-10-07
2021-02-22,23125.0,VND/USD,dulieukinhte,D,2026-10-07
2021-02-23,23140.0,VND/USD,dulieukinhte,D,2026-10-07
2021-02-24,23132.0,VND/USD,dulieukinhte,D,2026-10-07
2021-02-25,23130.0,VND/USD,dulieukinhte,D,2026-10-07
2021-02-26,23130.0,VND/USD,dulieukinhte,D,2026-10-07
2021-03-02,23151.0,VND/USD,dulieukinhte,D,2026-10-07
2021-03-03,23161.0,VND/USD,dulieukinhte,D,2026-10-07
2021-03-04,23152.0,VND/USD,dulieukinhte,D,2026-10-07
2021-03-05,23166.0,VND/USD,dulieukinhte,D,2026-10-07
2021-03-06,23166.0,VND/USD,dulieukinhte,D,2026-10-07
2021-03-08,23185.0,VND/USD,dulieukinhte,D,2026-10-07
2021-03-09,23200.0,VND/USD,dulieukinhte,D,2026-10-07
2021-03-10,23203.0,VND/USD,dulieukinhte,D,2026-10-07
2021-03-11,23204.0,VND/USD,dulieukinhte,D,2026-10-07
2021-03-12,23183.0,VND/USD,dulieukinhte,D,2026-10-07
2021-03-13,23183.0,VND/USD,dulieukinhte,D,2026-10-07
2021-03-15,23200.0,VND/USD,dulieukinhte,D,2026-10-07
2021-03-16,23204.0,VND/USD,dulieukinhte,D,2026-10-07
2021-03-17,23204.0,VND/USD,dulieukinhte,D,2026-10-07
2021-03-18,23199.0,VND/USD,dulieukinhte,D,2026-10-07
2021-03-19,23194.0,VND/USD,dulieukinhte,D,2026-10-07
2021-03-20,23194.0,VND/USD,dulieukinhte,D,2026-10-07
2021-03-22,23204.0,VND/USD,dulieukinhte,D,2026-10-07
2021-03-23,23197.0,VND/USD,dulieukinhte,D,2026-10-07
2021-03-24,23206.0,VND/USD,dulieukinhte,D,2026-10-07
2021-03-25,23218.0,VND/USD,dulieukinhte,D,2026-10-07
2021-04-01,23242.0,VND/USD,dulieukinhte,D,2026-10-07
2021-04-02,23241.0,VND/USD,dulieukinhte,D,2026-10-07
2021-04-03,23241.0,VND/USD,dulieukinhte,D,2026-10-07
2021-04-05,23236.0,VND/USD,dulieukinhte,D,2026-10-07
2021-04-08,23221.0,VND/USD,dulieukinhte,D,2026-10-07
2021-04-09,23214.0,VND/USD,dulieukinhte,D,2026-10-07
2021-04-10,23214.0,VND/USD,dulieukinhte,D,2026-10-07
2021-04-12,23218.0,VND/USD,dulieukinhte,D,2026-10-07
2021-04-13,23214.0,VND/USD,dulieukinhte,D,2026-10-07
2021-04-14,23217.0,VND/USD,dulieukinhte,D,2026-10-07
2021-04-15,23200.0,VND/USD,dulieukinhte,D,2026-10-07
2021-04-16,23196.0,VND/USD,dulieukinhte,D,2026-10-07
2021-04-17,23196.0,VND/USD,dulieukinhte,D,2026-10-07
2021-04-19,23190.0,VND/USD,dulieukinhte,D,2026-10-07
2021-04-20,23182.0,VND/USD,dulieukinhte,D,2026-10-07
2021-04-22,23183.0,VND/USD,dulieukinhte,D,2026-10-07
2021-04-23,23179.0,VND/USD,dulieukinhte,D,2026-10-07
2021-04-24,23179.0,VND/USD,dulieukinhte,D,2026-10-07
2021-04-26,23167.0,VND/USD,dulieukinhte,D,2026-10-07
2021-05-05,23176.0,VND/USD,dulieukinhte,D,2026-10-07
2021-05-06,23178.0,VND/USD,dulieukinhte,D,2026-10-07
2021-05-07,23179.0,VND/USD,dulieukinhte,D,2026-10-07
2021-05-08,23179.0,VND/USD,dulieukinhte,D,2026-10-07
2021-05-12,23149.0,VND/USD,dulieukinhte,D,2026-10-07
2021-05-13,23168.0,VND/USD,dulieukinhte,D,2026-10-07
2021-05-14,23176.0,VND/USD,dulieukinhte,D,2026-10-07
2021-05-15,23176.0,VND/USD,dulieukinhte,D,2026-10-07
2021-05-17,23160.0,VND/USD,dulieukinhte,D,2026-10-07
2021-05-18,23170.0,VND/USD,dulieukinhte,D,2026-10-07
2021-05-19,23151.0,VND/USD,dulieukinhte,D,2026-10-07
2021-05-20,23154.0,VND/USD,dulieukinhte,D,2026-10-07
2021-05-21,23160.0,VND/USD,dulieukinhte,D,2026-10-07
2021-05-22,23160.0,VND/USD,dulieukinhte,D,2026-10-07
2021-05-24,23160.0,VND/USD,dulieukinhte,D,2026-10-07
2021-05-25,23158.0,VND/USD,dulieukinhte,D,2026-10-07
2021-05-26,23146.0,VND/USD,dulieukinhte,D,2026-10-07
2021-06-02,23121.0,VND/USD,dulieukinhte,D,2026-10-07
2021-06-03,23131.0,VND/USD,dulieukinhte,D,2026-10-07
2021-06-04,23138.0,VND/USD,dulieukinhte,D,2026-10-07
2021-06-05,23138.0,VND/USD,dulieukinhte,D,2026-10-07
2021-06-07,23140.0,VND/USD,dulieukinhte,D,2026-10-07
2021-06-10,23104.0,VND/USD,dulieukinhte,D,2026-10-07
2021-06-11,23101.0,VND/USD,dulieukinhte,D,2026-10-07
2021-06-12,23101.0,VND/USD,dulieukinhte,D,2026-10-07
2021-06-14,23099.0,VND/USD,dulieukinhte,D,2026-10-07
2021-06-15,23103.0,VND/USD,dulieukinhte,D,2026-10-07
2021-06-16,23109.0,VND/USD,dulieukinhte,D,2026-10-07
2021-06-17,23114.0,VND/USD,dulieukinhte,D,2026-10-07
2021-06-18,23148.0,VND/USD,dulieukinhte,D,2026-10-07
2021-06-19,23148.0,VND/USD,dulieukinhte,D,2026-10-07
2021-06-21,23167.0,VND/USD,dulieukinhte,D,2026-10-07
2021-06-22,23184.0,VND/USD,dulieukinhte,D,2026-10-07
2021-06-23,23191.0,VND/USD,dulieukinhte,D,2026-10-07
2021-06-24,23191.0,VND/USD,dulieukinhte,D,2026-10-07
2021-06-25,23179.0,VND/USD,dulieukinhte,D,2026-10-07
2021-07-02,23184.0,VND/USD,dulieukinhte,D,2026-10-07
2021-07-03,23184.0,VND/USD,dulieukinhte,D,2026-10-07
2021-07-05,23190.0,VND/USD,dulieukinhte,D,2026-10-07
2021-07-06,23175.0,VND/USD,dulieukinhte,D,2026-10-07
2021-07-09,23201.0,VND/USD,dulieukinhte,D,2026-10-07
2021-07-10,23201.0,VND/USD,dulieukinhte,D,2026-10-07
2021-07-12,23198.0,VND/USD,dulieukinhte,D,2026-10-07
2021-07-13,23201.0,VND/USD,dulieukinhte,D,2026-10-07
2021-07-14,23204.0,VND/USD,dulieukinhte,D,2026-10-07
2021-07-15,23203.0,VND/USD,dulieukinhte,D,2026-10-07
2021-07-16,23192.0,VND/USD,dulieukinhte,D,2026-10-07
2021-07-17,23192.0,VND/USD,dulieukinhte,D,2026-10-07
2021-07-19,23195.0,VND/USD,dulieukinhte,D,2026-10-07
2021-07-20,23207.0,VND/USD,dulieukinhte,D,2026-10-07
2021-07-21,23211.0,VND/USD,dulieukinhte,D,2026-10-07
2021-07-22,23215.0,VND/USD,dulieukinhte,D,2026-10-07
2021-07-23,23209.0,VND/USD,dulieukinhte,D,2026-10-07
2021-07-24,23209.0,VND/USD,dulieukinhte,D,2026-10-07
2021-07-26,23213.0,VND/USD,dulieukinhte,D,2026-10-07
2021-08-03,23176.0,VND/USD,dulieukinhte,D,2026-10-07
2021-08-04,23166.0,VND/USD,dulieukinhte,D,2026-10-07
2021-08-07,23167.0,VND/USD,dulieukinhte,D,2026-10-07
2021-08-09,23173.0,VND/USD,dulieukinhte,D,2026-10-07
2021-08-10,23187.0,VND/USD,dulieukinhte,D,2026-10-07
2021-08-11,23178.0,VND/USD,dulieukinhte,D,2026-10-07
2021-08-12,23152.0,VND/USD,dulieukinhte,D,2026-10-07
2021-08-13,23145.0,VND/USD,dulieukinhte,D,2026-10-07
2021-08-14,23145.0,VND/USD,dulieukinhte,D,2026-10-07
2021-08-16,23153.0,VND/USD,dulieukinhte,D,2026-10-07
2021-08-17,23158.0,VND/USD,dulieukinhte,D,2026-10-07
2021-08-18,23164.0,VND/USD,dulieukinhte,D,2026-10-07
2021-08-19,23154.0,VND/USD,dulieukinhte,D,2026-10-07
2021-08-20,23166.0,VND/USD,dulieukinhte,D,2026-10-07
2021-08-21,23166.0,VND/USD,dulieukinhte,D,2026-10-07
2021-08-23,23177.0,VND/USD,dulieukinhte,D,2026-10-07
2021-08-24,23165.0,VND/USD,dulieukinhte,D,2026-10-07
2021-08-25,23151.0,VND/USD,dulieukinhte,D,2026-10-07
2021-09-04,23109.0,VND/USD,dulieukinhte,D,2026-10-07
2021-09-08,23109.0,VND/USD,dulieukinhte,D,2026-10-07
2021-09-09,23122.0,VND/USD,dulieukinhte,D,2026-10-07
2021-09-10,23118.0,VND/USD,dulieukinhte,D,2026-10-07
2021-09-11,23118.0,VND/USD,dulieukinhte,D,2026-10-07
2021-09-13,23113.0,VND/USD,dulieukinhte,D,2026-10-07
2021-09-14,23130.0,VND/USD,dulieukinhte,D,2026-10-07
2021-09-15,23117.0,VND/USD,dulieukinhte,D,2026-10-07
2021-09-16,23110.0,VND/USD,dulieukinhte,D,2026-10-07
2021-09-17,23119.0,VND/USD,dulieukinhte,D,2026-10-07
2021-09-18,23119.0,VND/USD,dulieukinhte,D,2026-10-07
2021-09-20,23132.0,VND/USD,dulieukinhte,D,2026-10-07
2021-09-21,23134.0,VND/USD,dulieukinhte,D,2026-10-07
2021-09-22,23132.0,VND/USD,dulieukinhte,D,2026-10-07
2021-09-23,23139.0,VND/USD,dulieukinhte,D,2026-10-07
2021-09-24,23134.0,VND/USD,dulieukinhte,D,2026-10-07
2021-09-25,23134.0,VND/USD,dulieukinhte,D,2026-10-07
2021-10-02,23160.0,VND/USD,dulieukinhte,D,2026-10-07
2021-10-04,23156.0,VND/USD,dulieukinhte,D,2026-10-07
2021-10-05,23154.0,VND/USD,dulieukinhte,D,2026-10-07
2021-10-06,23158.0,VND/USD,dulieukinhte,D,2026-10-07
2021-10-07,23170.0,VND/USD,dulieukinhte,D,2026-10-07
2021-10-08,23165.0,VND/USD,dulieukinhte,D,2026-10-07
2021-10-09,23165.0,VND/USD,dulieukinhte,D,2026-10-07
2021-10-11,23170.0,VND/USD,dulieukinhte,D,2026-10-07
2021-10-12,23174.0,VND/USD,dulieukinhte,D,2026-10-07
2021-10-13,23181.0,VND/USD,dulieukinhte,D,2026-10-07
2021-10-14,23177.0,VND/USD,dulieukinhte,D,2026-10-07
2021-10-15,23159.0,VND/USD,dulieukinhte,D,2026-10-07
2021-10-16,23159.0,VND/USD,dulieukinhte,D,2026-10-07
2021-10-18,23160.0,VND/USD,dulieukinhte,D,2026-10-07
2021-10-19,23164.0,VND/USD,dulieukinhte,D,2026-10-07
2021-10-20,23147.0,VND/USD,dulieukinhte,D,2026-10-07
2021-10-21,23145.0,VND/USD,dulieukinhte,D,2026-10-07
2021-10-22,23142.0,VND/USD,dulieukinhte,D,2026-10-07
2021-10-23,23142.0,VND/USD,dulieukinhte,D,2026-10-07
2021-11-01,23140.0,VND/USD,dulieukinhte,D,2026-10-07
2021-11-02,23150.0,VND/USD,dulieukinhte,D,2026-10-07
2021-11-03,23140.0,VND/USD,dulieukinhte,D,2026-10-07
2021-11-04,23152.0,VND/USD,dulieukinhte,D,2026-10-07
2021-11-05,23133.0,VND/USD,dulieukinhte,D,2026-10-07
2021-11-06,23133.0,VND/USD,dulieukinhte,D,2026-10-07
2021-11-08,23123.0,VND/USD,dulieukinhte,D,2026-10-07
2021-11-09,23109.0,VND/USD,dulieukinhte,D,2026-10-07
2021-11-10,23100.0,VND/USD,dulieukinhte,D,2026-10-07
2021-11-11,23105.0,VND/USD,dulieukinhte,D,2026-10-07
2021-11-12,23115.0,VND/USD,dulieukinhte,D,2026-10-07
2021-11-13,23115.0,VND/USD,dulieukinhte,D,2026-10-07
2021-11-15,23104.0,VND/USD,dulieukinhte,D,2026-10-07
2021-11-16,23107.0,VND/USD,dulieukinhte,D,2026-10-07
2021-11-17,23114.0,VND/USD,dulieukinhte,D,2026-10-07
2021-11-18,23116.0,VND/USD,dulieukinhte,D,2026-10-07
2021-11-19,23112.0,VND/USD,dulieukinhte,D,2026-10-07
2021-11-20,23112.0,VND/USD,dulieukinhte,D,2026-10-07
2021-11-22,23118.0,VND/USD,dulieukinhte,D,2026-10-07
2021-11-23,23133.0,VND/USD,dulieukinhte,D,2026-10-07
2021-11-24,23141.0,VND/USD,dulieukinhte,D,2026-10-07
2021-12-01,23143.0,VND/USD,dulieukinhte,D,2026-10-07
2021-12-04,23127.0,VND/USD,dulieukinhte,D,2026-10-07
2021-12-06,23165.0,VND/USD,dulieukinhte,D,2026-10-07
2021-12-07,23210.0,VND/USD,dulieukinhte,D,2026-10-07
2021-12-08,23237.0,VND/USD,dulieukinhte,D,2026-10-07
2021-12-09,23196.0,VND/USD,dulieukinhte,D,2026-10-07
2021-12-10,23175.0,VND/USD,dulieukinhte,D,2026-10-07
2021-12-11,23175.0,VND/USD,dulieukinhte,D,2026-10-07
2021-12-13,23207.0,VND/USD,dulieukinhte,D,2026-10-07
2021-12-14,23191.0,VND/USD,dulieukinhte,D,2026-10-07
2021-12-15,23195.0,VND/USD,dulieukinhte,D,2026-10-07
2021-12-16,23222.0,VND/USD,dulieukinhte,D,2026-10-07
2021-12-17,23217.0,VND/USD,dulieukinhte,D,2026-10-07
2021-12-18,23217.0,VND/USD,dulieukinhte,D,2026-10-07
2021-12-20,23184.0,VND/USD,dulieukinhte,D,2026-10-07
2021-12-21,23190.0,VND/USD,dulieukinhte,D,2026-10-07
2021-12-22,23183.0,VND/USD,dulieukinhte,D,2026-10-07
2021-12-23,23193.0,VND/USD,dulieukinhte,D,2026-10-07
2021-12-24,23193.0,VND/USD,dulieukinhte,D,2026-10-07
2021-12-25,23193.0,VND/USD,dulieukinhte,D,2026-10-07
2022-01-03,23145.0,VND/USD,dulieukinhte,D,2026-10-07
2022-01-04,23134.0,VND/USD,dulieukinhte,D,2026-10-07
2022-01-05,23137.0,VND/USD,dulieukinhte,D,2026-10-07
2022-01-06,23128.0,VND/USD,dulieukinhte,D,2026-10-07
2022-01-07,23138.0,VND/USD,dulieukinhte,D,2026-10-07
2022-01-08,23138.0,VND/USD,dulieukinhte,D,2026-10-07
2022-01-10,23125.0,VND/USD,dulieukinhte,D,2026-10-07
2022-01-11,23105.0,VND/USD,dulieukinhte,D,2026-10-07
2022-01-12,23110.0,VND/USD,dulieukinhte,D,2026-10-07
2022-01-13,23096.0,VND/USD,dulieukinhte,D,2026-10-07
2022-01-14,23082.0,VND/USD,dulieukinhte,D,2026-10-07
2022-01-15,23082.0,VND/USD,dulieukinhte,D,2026-10-07
2022-01-17,23085.0,VND/USD,dulieukinhte,D,2026-10-07
2022-01-18,23097.0,VND/USD,dulieukinhte,D,2026-10-07
2022-01-19,23119.0,VND/USD,dulieukinhte,D,2026-10-07
2022-01-20,23100.0,VND/USD,dulieukinhte,D,2026-10-07
2022-01-21,23077.0,VND/USD,dulieukinhte,D,2026-10-07
2022-01-22,23077.0,VND/USD,dulieukinhte,D,2026-10-07
2022-01-24,23062.0,VND/USD,dulieukinhte,D,2026-10-07
2022-01-25,23068.0,VND/USD,dulieukinhte,D,2026-10-07
2022-02-05,23099.0,VND/USD,dulieukinhte,D,2026-10-07
2022-02-09,23104.0,VND/USD,dulieukinhte,D,2026-10-07
2022-02-10,23108.0,VND/USD,dulieukinhte,D,2026-10-07
2022-02-11,23090.0,VND/USD,dulieukinhte,D,2026-10-07
2022-02-12,23090.0,VND/USD,dulieukinhte,D,2026-10-07
2022-02-14,23096.0,VND/USD,dulieukinhte,D,2026-10-07
2022-02-15,23116.0,VND/USD,dulieukinhte,D,2026-10-07
2022-02-16,23119.0,VND/USD,dulieukinhte,D,2026-10-07
2022-02-17,23113.0,VND/USD,dulieukinhte,D,2026-10-07
2022-02-18,23119.0,VND/USD,dulieukinhte,D,2026-10-07
2022-02-19,23119.0,VND/USD,dulieukinhte,D,2026-10-07
2022-02-21,23133.0,VND/USD,dulieukinhte,D,2026-10-07
2022-02-22,23130.0,VND/USD,dulieukinhte,D,2026-10-07
2022-02-23,23130.0,VND/USD,dulieukinhte,D,2026-10-07
2022-02-24,23131.0,VND/USD,dulieukinhte,D,2026-10-07
2022-02-25,23146.0,VND/USD,dulieukinhte,D,2026-10-07
2022-02-26,23146.0,VND/USD,dulieukinhte,D,2026-10-07
2022-03-02,23133.0,VND/USD,dulieukinhte,D,2026-10-07
2022-03-03,23143.0,VND/USD,dulieukinhte,D,2026-10-07
2022-03-04,23151.0,VND/USD,dulieukinhte,D,2026-10-07
2022-03-05,23151.0,VND/USD,dulieukinhte,D,2026-10-07
2022-03-07,23159.0,VND/USD,dulieukinhte,D,2026-10-07
2022-03-10,23162.0,VND/USD,dulieukinhte,D,2026-10-07
2022-03-11,23164.0,VND/USD,dulieukinhte,D,2026-10-07
2022-03-12,23164.0,VND/USD,dulieukinhte,D,2026-10-07
2022-03-14,23178.0,VND/USD,dulieukinhte,D,2026-10-07
2022-03-15,23186.0,VND/USD,dulieukinhte,D,2026-10-07
2022-03-16,23188.0,VND/USD,dulieukinhte,D,2026-10-07
2022-03-17,23167.0,VND/USD,dulieukinhte,D,2026-10-07
2022-03-18,23142.0,VND/USD,dulieukinhte,D,2026-10-07
2022-03-19,23142.0,VND/USD,dulieukinhte,D,2026-10-07
2022-03-21,23146.0,VND/USD,dulieukinhte,D,2026-10-07
2022-03-22,23143.0,VND/USD,dulieukinhte,D,2026-10-07
2022-03-23,23147.0,VND/USD,dulieukinhte,D,2026-10-07
2022-03-24,23148.0,VND/USD,dulieukinhte,D,2026-10-07
2022-03-25,23151.0,VND/USD,dulieukinhte,D,2026-10-07
2022-03-26,23151.0,VND/USD,dulieukinhte,D,2026-10-07
2022-04-02,23095.0,VND/USD,dulieukinhte,D,2026-10-07
2022-04-04,23098.0,VND/USD,dulieukinhte,D,2026-10-07
2022-04-05,23098.0,VND/USD,dulieukinhte,D,2026-10-07
2022-04-06,23100.0,VND/USD,dulieukinhte,D,2026-10-07
2022-04-07,23105.0,VND/USD,dulieukinhte,D,2026-10-07
2022-04-08,23101.0,VND/USD,dulieukinhte,D,2026-10-07
2022-04-09,23101.0,VND/USD,dulieukinhte,D,2026-10-07
2022-04-12,23108.0,VND/USD,dulieukinhte,D,2026-10-07
2022-04-13,23108.0,VND/USD,dulieukinhte,D,2026-10-07
2022-04-14,23106.0,VND/USD,dulieukinhte,D,2026-10-07
2022-04-15,23106.0,VND/USD,dulieukinhte,D,2026-10-07
2022-04-16,23106.0,VND/USD,dulieukinhte,D,2026-10-07
2022-04-18,23107.0,VND/USD,dulieukinhte,D,2026-10-07
2022-04-19,23112.0,VND/USD,dulieukinhte,D,2026-10-07
2022-04-20,23117.0,VND/USD,dulieukinhte,D,2026-10-07
2022-04-21,23123.0,VND/USD,dulieukinhte,D,2026-10-07
2022-04-22,23123.0,VND/USD,dulieukinhte,D,2026-10-07
2022-04-23,23123.0,VND/USD,dulieukinhte,D,2026-10-07
2022-04-25,23128.0,VND/USD,dulieukinhte,D,2026-10-07
2022-05-03,23140.0,VND/USD,dulieukinhte,D,2026-10-07
2022-05-04,23128.0,VND/USD,dulieukinhte,D,2026-10-07
2022-05-05,23128.0,VND/USD,dulieukinhte,D,2026-10-07
2022-05-06,23130.0,VND/USD,dulieukinhte,D,2026-10-07
2022-05-07,23130.0,VND/USD,dulieukinhte,D,2026-10-07
2022-05-11,23141.0,VND/USD,dulieukinhte,D,2026-10-07
2022-05-12,23151.0,VND/USD,dulieukinhte,D,2026-10-07
2022-05-13,23163.0,VND/USD,dulieukinhte,D,2026-10-07
2022-05-14,23163.0,VND/USD,dulieukinhte,D,2026-10-07
2022-05-16,23160.0,VND/USD,dulieukinhte,D,2026-10-07
2022-05-17,23160.0,VND/USD,dulieukinhte,D,2026-10-07
2022-05-18,23140.0,VND/USD,dulieukinhte,D,2026-10-07
2022-05-19,23142.0,VND/USD,dulieukinhte,D,2026-10-07
2022-05-20,23145.0,VND/USD,dulieukinhte,D,2026-10-07
2022-05-21,23145.0,VND/USD,dulieukinhte,D,2026-10-07
2022-05-23,23117.0,VND/USD,dulieukinhte,D,2026-10-07
2022-05-24,23103.0,VND/USD,dulieukinhte,D,2026-10-07
2022-05-25,23103.0,VND/USD,dulieukinhte,D,2026-10-07
2022-05-26,23105.0,VND/USD,dulieukinhte,D,2026-10-07
2022-06-02,23066.0,VND/USD,dulieukinhte,D,2026-10-07
2022-06-03,23069.0,VND/USD,dulieukinhte,D,2026-10-07
2022-06-04,23069.0,VND/USD,dulieukinhte,D,2026-10-07
2022-06-06,23062.0,VND/USD,dulieukinhte,D,2026-10-07
2022-06-07,23057.0,VND/USD,dulieukinhte,D,2026-10-07
2022-06-08,23057.0,VND/USD,dulieukinhte,D,2026-10-07
2022-06-09,23062.0,VND/USD,dulieukinhte,D,2026-10-07
2022-06-10,23065.0,VND/USD,dulieukinhte,D,2026-10-07
2022-06-11,23065.0,VND/USD,dulieukinhte,D,2026-10-07
2022-06-13,23071.0,VND/USD,dulieukinhte,D,2026-10-07
2022-06-14,23089.0,VND/USD,dulieukinhte,D,2026-10-07
2022-06-15,23093.0,VND/USD,dulieukinhte,D,2026-10-07
2022-06-16,23093.0,VND/USD,dulieukinhte,D,2026-10-07
2022-06-17,23089.0,VND/USD,dulieukinhte,D,2026-10-07
2022-06-18,23089.0,VND/USD,dulieukinhte,D,2026-10-07
2022-06-20,23092.0,VND/USD,dulieukinhte,D,2026-10-07
2022-06-21,23087.0,VND/USD,dulieukinhte,D,2026-10-07
2022-06-22,23089.0,VND/USD,dulieukinhte,D,2026-10-07
2022-06-23,23101.0,VND/USD,dulieukinhte,D,2026-10-07
2022-06-24,23105.0,VND/USD,dulieukinhte,D,2026-10-07
2022-07-01,23112.0,VND/USD,dulieukinhte,D,2026-10-07
2022-07-02,23112.0,VND/USD,dulieukinhte,D,2026-10-07
2022-07-04,23121.0,VND/USD,dulieukinhte,D,2026-10-07
2022-07-05,23144.0,VND/USD,dulieukinhte,D,2026-10-07
2022-07-06,23171.0,VND/USD,dulieukinhte,D,2026-10-07
2022-07-07,23178.0,VND/USD,dulieukinhte,D,2026-10-07
2022-07-08,23177.0,VND/USD,dulieukinhte,D,2026-10-07
2022-07-09,23177.0,VND/USD,dulieukinhte,D,2026-10-07
2022-07-11,23170.0,VND/USD,dulieukinhte,D,2026-10-07
2022-07-12,23183.0,VND/USD,dulieukinhte,D,2026-10-07
2022-07-13,23198.0,VND/USD,dulieukinhte,D,2026-10-07
2022-07-14,23201.0,VND/USD,dulieukinhte,D,2026-10-07
2022-07-15,23225.0,VND/USD,dulieukinhte,D,2026-10-07
2022-07-16,23225.0,VND/USD,dulieukinhte,D,2026-10-07
2022-07-18,23245.0,VND/USD,dulieukinhte,D,2026-10-07
2022-07-19,23224.0,VND/USD,dulieukinhte,D,2026-10-07
2022-07-20,23214.0,VND/USD,dulieukinhte,D,2026-10-07
2022-07-21,23213.0,VND/USD,dulieukinhte,D,2026-10-07
2022-07-22,23212.0,VND/USD,dulieukinhte,D,2026-10-07
2022-07-23,23212.0,VND/USD,dulieukinhte,D,2026-10-07
2022-08-01,23161.0,VND/USD,dulieukinhte,D,2026-10-07
2022-08-02,23154.0,VND/USD,dulieukinhte,D,2026-10-07
2022-08-03,23163.0,VND/USD,dulieukinhte,D,2026-10-07
2022-08-06,23182.0,VND/USD,dulieukinhte,D,2026-10-07
2022-08-08,23175.0,VND/USD,dulieukinhte,D,2026-10-07
2022-08-09,23176.0,VND/USD,dulieukinhte,D,2026-10-07
2022-08-10,23174.0,VND/USD,dulieukinhte,D,2026-10-07
2022-08-11,23163.0,VND/USD,dulieukinhte,D,2026-10-07
2022-08-12,23153.0,VND/USD,dulieukinhte,D,2026-10-07
2022-08-13,23153.0,VND/USD,dulieukinhte,D,2026-10-07
2022-08-15,23160.0,VND/USD,dulieukinhte,D,2026-10-07
2022-08-16,23173.0,VND/USD,dulieukinhte,D,2026-10-07
2022-08-17,23192.0,VND/USD,dulieukinhte,D,2026-10-07
2022-08-18,23192.0,VND/USD,dulieukinhte,D,2026-10-07
2022-08-19,23205.0,VND/USD,dulieukinhte,D,2026-10-07
2022-08-20,23205.0,VND/USD,dulieukinhte,D,2026-10-07
2022-08-22,23222.0,VND/USD,dulieukinhte,D,2026-10-07
2022-08-23,23237.0,VND/USD,dulieukinhte,D,2026-10-07
2022-08-24,23232.0,VND/USD,dulieukinhte,D,2026-10-07
2022-08-25,23234.0,VND/USD,dulieukinhte,D,2026-10-07
2022-09-03,23219.0,VND/USD,dulieukinhte,D,2026-10-07
2022-09-07,23261.0,VND/USD,dulieukinhte,D,2026-10-07
2022-09-08,23281.0,VND/USD,dulieukinhte,D,2026-10-07
2022-09-09,23263.0,VND/USD,dulieukinhte,D,2026-10-07
2022-09-10,23263.0,VND/USD,dulieukinhte,D,2026-10-07
2022-09-12,23253.0,VND/USD,dulieukinhte,D,2026-10-07
2022-09-13,23244.0,VND/USD,dulieukinhte,D,2026-10-07
2022-09-14,23257.0,VND/USD,dulieukinhte,D,2026-10-07
2022-09-15,23277.0,VND/USD,dulieukinhte,D,2026-10-07
2022-09-16,23283.0,VND/USD,dulieukinhte,D,2026-10-07
2022-09-17,23283.0,VND/USD,dulieukinhte,D,2026-10-07
2022-09-19,23295.0,VND/USD,dulieukinhte,D,2026-10-07
2022-09-20,23301.0,VND/USD,dulieukinhte,D,2026-10-07
2022-09-21,23301.0,VND/USD,dulieukinhte,D,2026-10-07
2022-09-22,23316.0,VND/USD,dulieukinhte,D,2026-10-07
2022-09-23,23324.0,VND/USD,dulieukinhte,D,2026-10-07
2022-09-24,23324.0,VND/USD,dulieukinhte,D,2026-10-07
2022-09-26,23334.0,VND/USD,dulieukinhte,D,2026-10-07
2022-10-03,23412.0,VND/USD,dulieukinhte,D,2026-10-07
2022-10-06,23417.0,VND/USD,dulieukinhte,D,2026-10-07
2022-10-07,23422.0,VND/USD,dulieukinhte,D,2026-10-07
2022-10-08,23422.0,VND/USD,dulieukinhte,D,2026-10-07
2022-10-10,23432.0,VND/USD,dulieukinhte,D,2026-10-07
2022-10-11,23451.0,VND/USD,dulieukinhte,D,2026-10-07
2022-10-12,23480.0,VND/USD,dulieukinhte,D,2026-10-07
2022-10-13,23497.0,VND/USD,dulieukinhte,D,2026-10-07
2022-10-14,23541.0,VND/USD,dulieukinhte,D,2026-10-07
2022-10-15,23541.0,VND/USD,dulieukinhte,D,2026-10-07
2022-10-17,23586.0,VND/USD,dulieukinhte,D,2026-10-07
2022-10-18,23637.0,VND/USD,dulieukinhte,D,2026-10-07
2022-10-19,23663.0,VND/USD,dulieukinhte,D,2026-10-07
2022-10-20,23682.0,VND/USD,dulieukinhte,D,2026-10-07
2022-10-21,23688.0,VND/USD,dulieukinhte,D,2026-10-07
2022-10-22,23688.0,VND/USD,dulieukinhte,D,2026-10-07
2022-10-24,23700.0,VND/USD,dulieukinhte,D,2026-10-07
2022-10-25,23703.0,VND/USD,dulieukinhte,D,2026-10-07
2022-11-02,23688.0,VND/USD,dulieukinhte,D,2026-10-07
2022-11-03,23687.0,VND/USD,dulieukinhte,D,2026-10-07
2022-11-04,23693.0,VND/USD,dulieukinhte,D,2026-10-07
2022-11-05,23693.0,VND/USD,dulieukinhte,D,2026-10-07
2022-11-07,23690.0,VND/USD,dulieukinhte,D,2026-10-07
2022-11-08,23688.0,VND/USD,dulieukinhte,D,2026-10-07
2022-11-09,23688.0,VND/USD,dulieukinhte,D,2026-10-07
2022-11-10,23686.0,VND/USD,dulieukinhte,D,2026-10-07
2022-11-11,23683.0,VND/USD,dulieukinhte,D,2026-10-07
2022-11-14,23678.0,VND/USD,dulieukinhte,D,2026-10-07
2022-11-15,23677.0,VND/USD,dulieukinhte,D,2026-10-07
2022-11-16,23677.0,VND/USD,dulieukinhte,D,2026-10-07
2022-11-17,23677.0,VND/USD,dulieukinhte,D,2026-10-07
2022-11-18,23675.0,VND/USD,dulieukinhte,D,2026-10-07
2022-11-21,23674.0,VND/USD,dulieukinhte,D,2026-10-07
2022-11-22,23674.0,VND/USD,dulieukinhte,D,2026-10-07
2022-11-23,23672.0,VND/USD,dulieukinhte,D,2026-10-07
2022-11-24,23671.0,VND/USD,dulieukinhte,D,2026-10-07
2022-12-01,23662.0,VND/USD,dulieukinhte,D,2026-10-07
2022-12-02,23660.0,VND/USD,dulieukinhte,D,2026-10-07
2022-12-06,23658.0,VND/USD,dulieukinhte,D,2026-10-07
2022-12-07,23660.0,VND/USD,dulieukinhte,D,2026-10-07
2022-12-08,23659.0,VND/USD,dulieukinhte,D,2026-10-07
2022-12-09,23657.0,VND/USD,dulieukinhte,D,2026-10-07
2022-12-10,23657.0,VND/USD,dulieukinhte,D,2026-10-07
2022-12-12,23655.0,VND/USD,dulieukinhte,D,2026-10-07
2022-12-13,23655.0,VND/USD,dulieukinhte,D,2026-10-07
2022-12-14,23654.0,VND/USD,dulieukinhte,D,2026-10-07
2022-12-15,23652.0,VND/USD,dulieukinhte,D,2026-10-07
2022-12-16,23650.0,VND/USD,dulieukinhte,D,2026-10-07
2022-12-17,23650.0,VND/USD,dulieukinhte,D,2026-10-07
2022-12-19,23645.0,VND/USD,dulieukinhte,D,2026-10-07
2022-12-20,23643.0,VND/USD,dulieukinhte,D,2026-10-07
2022-12-21,23641.0,VND/USD,dulieukinhte,D,2026-10-07
2022-12-22,23636.0,VND/USD,dulieukinhte,D,2026-10-07
2022-12-23,23631.0,VND/USD,dulieukinhte,D,2026-10-07
2022-12-24,23631.0,VND/USD,dulieukinhte,D,2026-10-07
2023-01-04,23603.0,VND/USD,dulieukinhte,D,2026-10-07
2023-01-05,23603.0,VND/USD,dulieukinhte,D,2026-10-07
2023-01-06,23605.0,VND/USD,dulieukinhte,D,2026-10-07
2023-01-07,23605.0,VND/USD,dulieukinhte,D,2026-10-07
2023-01-09,23605.0,VND/USD,dulieukinhte,D,2026-10-07
2023-01-10,23603.0,VND/USD,dulieukinhte,D,2026-10-07
2023-01-11,23604.0,VND/USD,dulieukinhte,D,2026-10-07
2023-01-12,23605.0,VND/USD,dulieukinhte,D,2026-10-07
2023-01-13,23602.0,VND/USD,dulieukinhte,D,2026-10-07
2023-01-14,23602.0,VND/USD,dulieukinhte,D,2026-10-07
2023-01-16,23601.0,VND/USD,dulieukinhte,D,2026-10-07
2023-01-17,23603.0,VND/USD,dulieukinhte,D,2026-10-07
2023-01-18,23606.0,VND/USD,dulieukinhte,D,2026-10-07
2023-01-19,23605.0,VND/USD,dulieukinhte,D,2026-10-07
2023-01-25,23605.0,VND/USD,dulieukinhte,D,2026-10-07
2023-02-01,23610.0,VND/USD,dulieukinhte,D,2026-10-07
2023-02-02,23608.0,VND/USD,dulieukinhte,D,2026-10-07
2023-02-03,23606.0,VND/USD,dulieukinhte,D,2026-10-07
2023-02-04,23606.0,VND/USD,dulieukinhte,D,2026-10-07
2023-02-06,23611.0,VND/USD,dulieukinhte,D,2026-10-07
2023-02-07,23621.0,VND/USD,dulieukinhte,D,2026-10-07
2023-02-08,23624.0,VND/USD,dulieukinhte,D,2026-10-07
2023-02-09,23626.0,VND/USD,dulieukinhte,D,2026-10-07
2023-02-13,23628.0,VND/USD,dulieukinhte,D,2026-10-07
2023-02-14,23630.0,VND/USD,dulieukinhte,D,2026-10-07
2023-02-15,23631.0,VND/USD,dulieukinhte,D,2026-10-07
2023-02-16,23636.0,VND/USD,dulieukinhte,D,2026-10-07
2023-02-17,23639.0,VND/USD,dulieukinhte,D,2026-10-07
2023-02-18,23639.0,VND/USD,dulieukinhte,D,2026-10-07
2023-02-20,23646.0,VND/USD,dulieukinhte,D,2026-10-07
2023-02-21,23643.0,VND/USD,dulieukinhte,D,2026-10-07
2023-02-22,23641.0,VND/USD,dulieukinhte,D,2026-10-07
2023-02-23,23641.0,VND/USD,dulieukinhte,D,2026-10-07
2023-02-24,23642.0,VND/USD,dulieukinhte,D,2026-10-07
2023-02-25,23642.0,VND/USD,dulieukinhte,D,2026-10-07
2023-02-27,23642.0,VND/USD,dulieukinhte,D,2026-10-07
2023-03-02,23638.0,VND/USD,dulieukinhte,D,2026-10-07
2023-03-03,23637.0,VND/USD,dulieukinhte,D,2026-10-07
2023-03-04,23637.0,VND/USD,dulieukinhte,D,2026-10-07
2023-03-06,23636.0,VND/USD,dulieukinhte,D,2026-10-07
2023-03-07,23633.0,VND/USD,dulieukinhte,D,2026-10-07
2023-03-08,23632.0,VND/USD,dulieukinhte,D,2026-10-07
2023-03-09,23640.0,VND/USD,dulieukinhte,D,2026-10-07
2023-03-10,23639.0,VND/USD,dulieukinhte,D,2026-10-07
2023-03-11,23639.0,VND/USD,dulieukinhte,D,2026-10-07
2023-03-13,23638.0,VND/USD,dulieukinhte,D,2026-10-07
2023-03-14,23618.0,VND/USD,dulieukinhte,D,2026-10-07
2023-03-15,23619.0,VND/USD,dulieukinhte,D,2026-10-07
2023-03-16,23622.0,VND/USD,dulieukinhte,D,2026-10-07
2023-03-17,23620.0,VND/USD,dulieukinhte,D,2026-10-07
2023-03-18,23620.0,VND/USD,dulieukinhte,D,2026-10-07
2023-03-20,23619.0,VND/USD,dulieukinhte,D,2026-10-07
2023-03-21,23617.0,VND/USD,dulieukinhte,D,2026-10-07
2023-03-22,23617.0,VND/USD,dulieukinhte,D,2026-10-07
2023-03-23,23615.0,VND/USD,dulieukinhte,D,2026-10-07
2023-03-24,23600.0,VND/USD,dulieukinhte,D,2026-10-07
2023-03-25,23600.0,VND/USD,dulieukinhte,D,2026-10-07
2023-04-01,23600.0,VND/USD,dulieukinhte,D,2026-10-07
2023-04-03,23600.0,VND/USD,dulieukinhte,D,2026-10-07
2023-04-04,23602.0,VND/USD,dulieukinhte,D,2026-10-07
2023-04-05,23602.0,VND/USD,dulieukinhte,D,2026-10-07
2023-04-06,23601.0,VND/USD,dulieukinhte,D,2026-10-07
2023-04-07,23603.0,VND/USD,dulieukinhte,D,2026-10-07
2023-04-08,23603.0,VND/USD,dulieukinhte,D,2026-10-07
2023-04-12,23608.0,VND/USD,dulieukinhte,D,2026-10-07
2023-04-13,23606.0,VND/USD,dulieukinhte,D,2026-10-07
2023-04-14,23588.0,VND/USD,dulieukinhte,D,2026-10-07
2023-04-15,23588.0,VND/USD,dulieukinhte,D,2026-10-07
2023-04-17,23577.0,VND/USD,dulieukinhte,D,2026-10-07
2023-04-18,23615.0,VND/USD,dulieukinhte,D,2026-10-07
2023-04-19,23626.0,VND/USD,dulieukinhte,D,2026-10-07
2023-04-20,23642.0,VND/USD,dulieukinhte,D,2026-10-07
2023-04-21,23634.0,VND/USD,dulieukinhte,D,2026-10-07
2023-04-22,23634.0,VND/USD,dulieukinhte,D,2026-10-07
2023-04-24,23636.0,VND/USD,dulieukinhte,D,2026-10-07
2023-04-25,23638.0,VND/USD,dulieukinhte,D,2026-10-07
2023-04-26,23645.0,VND/USD,dulieukinhte,D,2026-10-07
2023-05-03,23639.0,VND/USD,dulieukinhte,D,2026-10-07
2023-05-04,23635.0,VND/USD,dulieukinhte,D,2026-10-07
2023-05-05,23622.0,VND/USD,dulieukinhte,D,2026-10-07
2023-05-06,23622.0,VND/USD,dulieukinhte,D,2026-10-07
2023-05-08,23618.0,VND/USD,dulieukinhte,D,2026-10-07
2023-05-09,23621.0,VND/USD,dulieukinhte,D,2026-10-07
2023-05-12,23640.0,VND/USD,dulieukinhte,D,2026-10-07
2023-05-13,23640.0,VND/USD,dulieukinhte,D,2026-10-07
2023-05-15,23652.0,VND/USD,dulieukinhte,D,2026-10-07
2023-05-16,23652.0,VND/USD,dulieukinhte,D,2026-10-07
2023-05-17,23656.0,VND/USD,dulieukinhte,D,2026-10-07
2023-05-18,23672.0,VND/USD,dulieukinhte,D,2026-10-07
2023-05-19,23680.0,VND/USD,dulieukinhte,D,2026-10-07
2023-05-20,23680.0,VND/USD,dulieukinhte,D,2026-10-07
2023-05-22,23684.0,VND/USD,dulieukinhte,D,2026-10-07
2023-05-23,23670.0,VND/USD,dulieukinhte,D,2026-10-07
2023-05-24,23684.0,VND/USD,dulieukinhte,D,2026-10-07
2023-05-25,23696.0,VND/USD,dulieukinhte,D,2026-10-07
2023-06-02,23722.0,VND/USD,dulieukinhte,D,2026-10-07
2023-06-03,23722.0,VND/USD,dulieukinhte,D,2026-10-07
2023-06-05,23693.0,VND/USD,dulieukinhte,D,2026-10-07
2023-06-06,23720.0,VND/USD,dulieukinhte,D,2026-10-07
2023-06-07,23713.0,VND/USD,dulieukinhte,D,2026-10-07
2023-06-08,23714.0,VND/USD,dulieukinhte,D,2026-10-07
2023-06-09,23717.0,VND/USD,dulieukinhte,D,2026-10-07
2023-06-10,23717.0,VND/USD,dulieukinhte,D,2026-10-07
2023-06-12,23700.0,VND/USD,dulieukinhte,D,2026-10-07
2023-06-13,23699.0,VND/USD,dulieukinhte,D,2026-10-07
2023-06-14,23700.0,VND/USD,dulieukinhte,D,2026-10-07
2023-06-15,23704.0,VND/USD,dulieukinhte,D,2026-10-07
2023-06-16,23711.0,VND/USD,dulieukinhte,D,2026-10-07
2023-06-17,23711.0,VND/USD,dulieukinhte,D,2026-10-07
2023-06-19,23697.0,VND/USD,dulieukinhte,D,2026-10-07
2023-06-20,23718.0,VND/USD,dulieukinhte,D,2026-10-07
2023-06-21,23727.0,VND/USD,dulieukinhte,D,2026-10-07
2023-06-22,23732.0,VND/USD,dulieukinhte,D,2026-10-07
2023-06-23,23732.0,VND/USD,dulieukinhte,D,2026-10-07
2023-06-24,23732.0,VND/USD,dulieukinhte,D,2026-10-07
2023-07-01,23800.0,VND/USD,dulieukinhte,D,2026-10-07
2023-07-03,23805.0,VND/USD,dulieukinhte,D,2026-10-07
2023-07-04,23804.0,VND/USD,dulieukinhte,D,2026-10-07
2023-07-06,23828.0,VND/USD,dulieukinhte,D,2026-10-07
2023-07-07,23833.0,VND/USD,dulieukinhte,D,2026-10-07
2023-07-08,23833.0,VND/USD,dulieukinhte,D,2026-10-07
2023-07-10,23810.0,VND/USD,dulieukinhte,D,2026-10-07
2023-07-11,23787.0,VND/USD,dulieukinhte,D,2026-10-07
2023-07-12,23772.0,VND/USD,dulieukinhte,D,2026-10-07
2023-07-13,23758.0,VND/USD,dulieukinhte,D,2026-10-07
2023-07-14,23720.0,VND/USD,dulieukinhte,D,2026-10-07
2023-07-15,23720.0,VND/USD,dulieukinhte,D,2026-10-07
2023-07-17,23701.0,VND/USD,dulieukinhte,D,2026-10-07
2023-07-18,23714.0,VND/USD,dulieukinhte,D,2026-10-07
2023-07-19,23704.0,VND/USD,dulieukinhte,D,2026-10-07
2023-07-20,23731.0,VND/USD,dulieukinhte,D,2026-10-07
2023-07-21,23734.0,VND/USD,dulieukinhte,D,2026-10-07
2023-07-22,23734.0,VND/USD,dulieukinhte,D,2026-10-07
2023-07-24,23753.0,VND/USD,dulieukinhte,D,2026-10-07
2023-08-01,23757.0,VND/USD,dulieukinhte,D,2026-10-07
2023-08-02,23773.0,VND/USD,dulieukinhte,D,2026-10-07
2023-08-03,23803.0,VND/USD,dulieukinhte,D,2026-10-07
2023-08-04,23825.0,VND/USD,dulieukinhte,D,2026-10-07
2023-08-08,23802.0,VND/USD,dulieukinhte,D,2026-10-07
2023-08-09,23831.0,VND/USD,dulieukinhte,D,2026-10-07
2023-08-10,23826.0,VND/USD,dulieukinhte,D,2026-10-07
2023-08-11,23837.0,VND/USD,dulieukinhte,D,2026-10-07
2023-08-12,23837.0,VND/USD,dulieukinhte,D,2026-10-07
2023-08-14,23848.0,VND/USD,dulieukinhte,D,2026-10-07
2023-08-15,23881.0,VND/USD,dulieukinhte,D,2026-10-07
2023-08-16,23918.0,VND/USD,dulieukinhte,D,2026-10-07
2023-08-17,23951.0,VND/USD,dulieukinhte,D,2026-10-07
2023-08-18,23946.0,VND/USD,dulieukinhte,D,2026-10-07
2023-08-19,23946.0,VND/USD,dulieukinhte,D,2026-10-07
2023-08-21,23897.0,VND/USD,dulieukinhte,D,2026-10-07
2023-08-22,23886.0,VND/USD,dulieukinhte,D,2026-10-07
2023-08-23,23898.0,VND/USD,dulieukinhte,D,2026-10-07
2023-08-24,23954.0,VND/USD,dulieukinhte,D,2026-10-07
2023-08-25,23942.0,VND/USD,dulieukinhte,D,2026-10-07
2023-09-04,23977.0,VND/USD,dulieukinhte,D,2026-10-07
2023-09-05,23959.0,VND/USD,dulieukinhte,D,2026-10-07
2023-09-06,23991.0,VND/USD,dulieukinhte,D,2026-10-07
2023-09-07,23979.0,VND/USD,dulieukinhte,D,2026-10-07
2023-09-08,23993.0,VND/USD,dulieukinhte,D,2026-10-07
2023-09-09,23993.0,VND/USD,dulieukinhte,D,2026-10-07
2023-09-11,24005.0,VND/USD,dulieukinhte,D,2026-10-07
2023-09-12,23981.0,VND/USD,dulieukinhte,D,2026-10-07
2023-09-13,23995.0,VND/USD,dulieukinhte,D,2026-10-07
2023-09-14,24013.0,VND/USD,dulieukinhte,D,2026-10-07
2023-09-15,24036.0,VND/USD,dulieukinhte,D,2026-10-07
2023-09-16,24036.0,VND/USD,dulieukinhte,D,2026-10-07
2023-09-18,24046.0,VND/USD,dulieukinhte,D,2026-10-07
2023-09-19,24060.0,VND/USD,dulieukinhte,D,2026-10-07
2023-09-20,24079.0,VND/USD,dulieukinhte,D,2026-10-07
2023-09-21,24063.0,VND/USD,dulieukinhte,D,2026-10-07
2023-09-22,24060.0,VND/USD,dulieukinhte,D,2026-10-07
2023-09-23,24060.0,VND/USD,dulieukinhte,D,2026-10-07
2023-10-06,24074.0,VND/USD,dulieukinhte,D,2026-10-07
2023-10-07,24074.0,VND/USD,dulieukinhte,D,2026-10-07
2023-10-09,24069.0,VND/USD,dulieukinhte,D,2026-10-07
2023-10-10,24063.0,VND/USD,dulieukinhte,D,2026-10-07
2023-10-11,24065.0,VND/USD,dulieukinhte,D,2026-10-07
2023-10-12,24067.0,VND/USD,dulieukinhte,D,2026-10-07
2023-10-13,24077.0,VND/USD,dulieukinhte,D,2026-10-07
2023-10-14,24077.0,VND/USD,dulieukinhte,D,2026-10-07
2023-10-16,24089.0,VND/USD,dulieukinhte,D,2026-10-07
2023-10-17,24093.0,VND/USD,dulieukinhte,D,2026-10-07
2023-10-18,24096.0,VND/USD,dulieukinhte,D,2026-10-07
2023-10-19,24100.0,VND/USD,dulieukinhte,D,2026-10-07
2023-10-20,24110.0,VND/USD,dulieukinhte,D,2026-10-07
2023-10-21,24110.0,VND/USD,dulieukinhte,D,2026-10-07
2023-10-23,24090.0,VND/USD,dulieukinhte,D,2026-10-07
2023-10-24,24097.0,VND/USD,dulieukinhte,D,2026-10-07
2023-10-25,24087.0,VND/USD,dulieukinhte,D,2026-10-07
2023-11-02,24099.0,VND/USD,dulieukinhte,D,2026-10-07
2023-11-03,24084.0,VND/USD,dulieukinhte,D,2026-10-07
2023-11-04,24084.0,VND/USD,dulieukinhte,D,2026-10-07
2023-11-06,24064.0,VND/USD,dulieukinhte,D,2026-10-07
2023-11-07,24014.0,VND/USD,dulieukinhte,D,2026-10-07
2023-11-08,23985.0,VND/USD,dulieukinhte,D,2026-10-07
2023-11-09,24002.0,VND/USD,dulieukinhte,D,2026-10-07
2023-11-10,24014.0,VND/USD,dulieukinhte,D,2026-10-07
2023-11-11,24014.0,VND/USD,dulieukinhte,D,2026-10-07
2023-11-13,24015.0,VND/USD,dulieukinhte,D,2026-10-07
2023-11-14,24020.0,VND/USD,dulieukinhte,D,2026-10-07
2023-11-15,24016.0,VND/USD,dulieukinhte,D,2026-10-07
2023-11-16,23971.0,VND/USD,dulieukinhte,D,2026-10-07
2023-11-17,23972.0,VND/USD,dulieukinhte,D,2026-10-07
2023-11-18,23972.0,VND/USD,dulieukinhte,D,2026-10-07
2023-11-20,23954.0,VND/USD,dulieukinhte,D,2026-10-07
2023-11-21,23915.0,VND/USD,dulieukinhte,D,2026-10-07
2023-11-22,23885.0,VND/USD,dulieukinhte,D,2026-10-07
2023-11-23,23915.0,VND/USD,dulieukinhte,D,2026-10-07
2023-11-24,23927.0,VND/USD,dulieukinhte,D,2026-10-07
2023-12-01,23923.0,VND/USD,dulieukinhte,D,2026-10-07
2023-12-02,23923.0,VND/USD,dulieukinhte,D,2026-10-07
2023-12-04,23939.0,VND/USD,dulieukinhte,D,2026-10-07
2023-12-05,23926.0,VND/USD,dulieukinhte,D,2026-10-07
2023-12-06,23951.0,VND/USD,dulieukinhte,D,2026-10-07
2023-12-07,23959.0,VND/USD,dulieukinhte,D,2026-10-07
2023-12-08,23951.0,VND/USD,dulieukinhte,D,2026-10-07
2023-12-09,23951.0,VND/USD,dulieukinhte,D,2026-10-07
2023-12-11,23932.0,VND/USD,dulieukinhte,D,2026-10-07
2023-12-12,23941.0,VND/USD,dulieukinhte,D,2026-10-07
2023-12-13,23954.0,VND/USD,dulieukinhte,D,2026-10-07
2023-12-14,23945.0,VND/USD,dulieukinhte,D,2026-10-07
2023-12-15,23882.0,VND/USD,dulieukinhte,D,2026-10-07
2023-12-16,23882.0,VND/USD,dulieukinhte,D,2026-10-07
2023-12-18,23883.0,VND/USD,dulieukinhte,D,2026-10-07
2023-12-19,23914.0,VND/USD,dulieukinhte,D,2026-10-07
2023-12-20,23938.0,VND/USD,dulieukinhte,D,2026-10-07
2023-12-21,23920.0,VND/USD,dulieukinhte,D,2026-10-07
2023-12-22,23915.0,VND/USD,dulieukinhte,D,2026-10-07
2023-12-23,23915.0,VND/USD,dulieukinhte,D,2026-10-07
2024-01-03,23886.0,VND/USD,dulieukinhte,D,2026-10-07
2024-01-04,23915.0,VND/USD,dulieukinhte,D,2026-10-07
2024-01-05,23932.0,VND/USD,dulieukinhte,D,2026-10-07
2024-01-06,23932.0,VND/USD,dulieukinhte,D,2026-10-07
2024-01-08,23933.0,VND/USD,dulieukinhte,D,2026-10-07
2024-01-09,23931.0,VND/USD,dulieukinhte,D,2026-10-07
2024-01-10,23928.0,VND/USD,dulieukinhte,D,2026-10-07
2024-01-11,23948.0,VND/USD,dulieukinhte,D,2026-10-07
2024-01-12,23976.0,VND/USD,dulieukinhte,D,2026-10-07
2024-01-13,23976.0,VND/USD,dulieukinhte,D,2026-10-07
2024-01-15,23992.0,VND/USD,dulieukinhte,D,2026-10-07
2024-01-16,23987.0,VND/USD,dulieukinhte,D,2026-10-07
2024-01-17,24017.0,VND/USD,dulieukinhte,D,2026-10-07
2024-01-18,24041.0,VND/USD,dulieukinhte,D,2026-10-07
2024-01-19,24037.0,VND/USD,dulieukinhte,D,2026-10-07
2024-01-20,24037.0,VND/USD,dulieukinhte,D,2026-10-07
2024-01-22,24031.0,VND/USD,dulieukinhte,D,2026-10-07
2024-01-23,24030.0,VND/USD,dulieukinhte,D,2026-10-07
2024-01-24,24030.0,VND/USD,dulieukinhte,D,2026-10-07
2024-01-25,24031.0,VND/USD,dulieukinhte,D,2026-10-07
2024-02-01,23960.0,VND/USD,dulieukinhte,D,2026-10-07
2024-02-02,23959.0,VND/USD,dulieukinhte,D,2026-10-07
2024-02-03,23959.0,VND/USD,dulieukinhte,D,2026-10-07
2024-02-05,23954.0,VND/USD,dulieukinhte,D,2026-10-07
2024-02-06,23964.0,VND/USD,dulieukinhte,D,2026-10-07
2024-02-07,23956.0,VND/USD,dulieukinhte,D,2026-10-07
2024-02-08,23956.0,VND/USD,dulieukinhte,D,2026-10-07
2024-02-09,23956.0,VND/USD,dulieukinhte,D,2026-10-07
2024-02-13,23956.0,VND/USD,dulieukinhte,D,2026-10-07
2024-02-14,23956.0,VND/USD,dulieukinhte,D,2026-10-07
2024-02-15,23976.0,VND/USD,dulieukinhte,D,2026-10-07
2024-02-16,23971.0,VND/USD,dulieukinhte,D,2026-10-07
2024-02-17,23971.0,VND/USD,dulieukinhte,D,2026-10-07
2024-02-19,23979.0,VND/USD,dulieukinhte,D,2026-10-07
2024-02-20,23988.0,VND/USD,dulieukinhte,D,2026-10-07
2024-02-21,23993.0,VND/USD,dulieukinhte,D,2026-10-07
2024-02-22,23981.0,VND/USD,dulieukinhte,D,2026-10-07
2024-02-23,23996.0,VND/USD,dulieukinhte,D,2026-10-07
2024-02-24,23996.0,VND/USD,dulieukinhte,D,2026-10-07
2024-03-01,24002.0,VND/USD,dulieukinhte,D,2026-10-07
2024-03-02,24002.0,VND/USD,dulieukinhte,D,2026-10-07
2024-03-04,24004.0,VND/USD,dulieukinhte,D,2026-10-07
2024-03-05,24012.0,VND/USD,dulieukinhte,D,2026-10-07
2024-03-06,24017.0,VND/USD,dulieukinhte,D,2026-10-07
2024-03-07,24017.0,VND/USD,dulieukinhte,D,2026-10-07
2024-03-08,23996.0,VND/USD,dulieukinhte,D,2026-10-07
2024-03-09,23996.0,VND/USD,dulieukinhte,D,2026-10-07
2024-03-13,23957.0,VND/USD,dulieukinhte,D,2026-10-07
2024-03-14,23967.0,VND/USD,dulieukinhte,D,2026-10-07
2024-03-15,23979.0,VND/USD,dulieukinhte,D,2026-10-07
2024-03-16,23979.0,VND/USD,dulieukinhte,D,2026-10-07
2024-03-18,23994.0,VND/USD,dulieukinhte,D,2026-10-07
2024-03-19,23992.0,VND/USD,dulieukinhte,D,2026-10-07
2024-03-20,23999.0,VND/USD,dulieukinhte,D,2026-10-07
2024-03-21,24005.0,VND/USD,dulieukinhte,D,2026-10-07
2024-03-22,24003.0,VND/USD,dulieukinhte,D,2026-10-07
2024-03-23,24003.0,VND/USD,dulieukinhte,D,2026-10-07
2024-03-25,24015.0,VND/USD,dulieukinhte,D,2026-10-07
2024-03-26,23994.0,VND/USD,dulieukinhte,D,2026-10-07
2024-04-02,24005.0,VND/USD,dulieukinhte,D,2026-10-07
2024-04-03,24020.0,VND/USD,dulieukinhte,D,2026-10-07
2024-04-04,24038.0,VND/USD,dulieukinhte,D,2026-10-07
2024-04-05,24038.0,VND/USD,dulieukinhte,D,2026-10-07
2024-04-06,24038.0,VND/USD,dulieukinhte,D,2026-10-07
2024-04-08,24038.0,VND/USD,dulieukinhte,D,2026-10-07
2024-04-09,24037.0,VND/USD,dulieukinhte,D,2026-10-07
2024-04-10,24036.0,VND/USD,dulieukinhte,D,2026-10-07
2024-04-11,24046.0,VND/USD,dulieukinhte,D,2026-10-07
2024-04-12,24082.0,VND/USD,dulieukinhte,D,2026-10-07
2024-04-13,24082.0,VND/USD,dulieukinhte,D,2026-10-07
2024-04-15,24096.0,VND/USD,dulieukinhte,D,2026-10-07
2024-04-16,24141.0,VND/USD,dulieukinhte,D,2026-10-07
2024-04-17,24231.0,VND/USD,dulieukinhte,D,2026-10-07
2024-04-18,24231.0,VND/USD,dulieukinhte,D,2026-10-07
2024-04-19,24260.0,VND/USD,dulieukinhte,D,2026-10-07
2024-04-20,24260.0,VND/USD,dulieukinhte,D,2026-10-07
2024-04-22,24272.0,VND/USD,dulieukinhte,D,2026-10-07
2024-04-23,24275.0,VND/USD,dulieukinhte,D,2026-10-07
2024-04-24,24274.0,VND/USD,dulieukinhte,D,2026-10-07
2024-04-25,24264.0,VND/USD,dulieukinhte,D,2026-10-07
2024-05-02,24242.0,VND/USD,dulieukinhte,D,2026-10-07
2024-05-03,24241.0,VND/USD,dulieukinhte,D,2026-10-07
2024-05-04,24245.0,VND/USD,dulieukinhte,D,2026-10-07
2024-05-06,24245.0,VND/USD,dulieukinhte,D,2026-10-07
2024-05-07,24243.0,VND/USD,dulieukinhte,D,2026-10-07
2024-05-08,24249.0,VND/USD,dulieukinhte,D,2026-10-07
2024-05-09,24265.0,VND/USD,dulieukinhte,D,2026-10-07
2024-05-10,24271.0,VND/USD,dulieukinhte,D,2026-10-07
2024-05-11,24271.0,VND/USD,dulieukinhte,D,2026-10-07
2024-05-13,24266.0,VND/USD,dulieukinhte,D,2026-10-07
2024-05-14,24269.0,VND/USD,dulieukinhte,D,2026-10-07
2024-05-15,24269.0,VND/USD,dulieukinhte,D,2026-10-07
2024-05-16,24240.0,VND/USD,dulieukinhte,D,2026-10-07
2024-05-17,24239.0,VND/USD,dulieukinhte,D,2026-10-07
2024-05-18,24239.0,VND/USD,dulieukinhte,D,2026-10-07
2024-05-20,24247.0,VND/USD,dulieukinhte,D,2026-10-07
2024-05-21,24251.0,VND/USD,dulieukinhte,D,2026-10-07
2024-05-22,24254.0,VND/USD,dulieukinhte,D,2026-10-07
2024-05-23,24258.0,VND/USD,dulieukinhte,D,2026-10-07
2024-05-24,24264.0,VND/USD,dulieukinhte,D,2026-10-07
2024-06-01,24261.0,VND/USD,dulieukinhte,D,2026-10-07
2024-06-03,24261.0,VND/USD,dulieukinhte,D,2026-10-07
2024-06-04,24246.0,VND/USD,dulieukinhte,D,2026-10-07
2024-06-05,24241.0,VND/USD,dulieukinhte,D,2026-10-07
2024-06-06,24241.0,VND/USD,dulieukinhte,D,2026-10-07
2024-06-07,24241.0,VND/USD,dulieukinhte,D,2026-10-07
2024-06-08,24241.0,VND/USD,dulieukinhte,D,2026-10-07
2024-06-10,24242.0,VND/USD,dulieukinhte,D,2026-10-07
2024-06-11,24250.0,VND/USD,dulieukinhte,D,2026-10-07
2024-06-12,24254.0,VND/USD,dulieukinhte,D,2026-10-07
2024-06-13,24245.0,VND/USD,dulieukinhte,D,2026-10-07
2024-06-14,24249.0,VND/USD,dulieukinhte,D,2026-10-07
2024-06-15,24249.0,VND/USD,dulieukinhte,D,2026-10-07
2024-06-17,24259.0,VND/USD,dulieukinhte,D,2026-10-07
2024-06-18,24259.0,VND/USD,dulieukinhte,D,2026-10-07
2024-06-19,24257.0,VND/USD,dulieukinhte,D,2026-10-07
2024-06-20,24255.0,VND/USD,dulieukinhte,D,2026-10-07
2024-06-21,24256.0,VND/USD,dulieukinhte,D,2026-10-07
2024-06-22,24256.0,VND/USD,dulieukinhte,D,2026-10-07
2024-06-24,24262.0,VND/USD,dulieukinhte,D,2026-10-07
2024-07-01,24252.0,VND/USD,dulieukinhte,D,2026-10-07
2024-07-02,24253.0,VND/USD,dulieukinhte,D,2026-10-07
2024-07-03,24258.0,VND/USD,dulieukinhte,D,2026-10-07
2024-07-04,24251.0,VND/USD,dulieukinhte,D,2026-10-07
2024-07-05,24246.0,VND/USD,dulieukinhte,D,2026-10-07
2024-07-06,24246.0,VND/USD,dulieukinhte,D,2026-10-07
2024-07-10,24247.0,VND/USD,dulieukinhte,D,2026-10-07
2024-07-11,24253.0,VND/USD,dulieukinhte,D,2026-10-07
2024-07-12,24248.0,VND/USD,dulieukinhte,D,2026-10-07
2024-07-13,24248.0,VND/USD,dulieukinhte,D,2026-10-07
2024-07-15,24245.0,VND/USD,dulieukinhte,D,2026-10-07
2024-07-16,24245.0,VND/USD,dulieukinhte,D,2026-10-07
2024-07-17,24256.0,VND/USD,dulieukinhte,D,2026-10-07
2024-07-18,24251.0,VND/USD,dulieukinhte,D,2026-10-07
2024-07-19,24246.0,VND/USD,dulieukinhte,D,2026-10-07
2024-07-20,24246.0,VND/USD,dulieukinhte,D,2026-10-07
2024-07-22,24261.0,VND/USD,dulieukinhte,D,2026-10-07
2024-07-23,24264.0,VND/USD,dulieukinhte,D,2026-10-07
2024-07-24,24264.0,VND/USD,dulieukinhte,D,2026-10-07
2024-07-25,24265.0,VND/USD,dulieukinhte,D,2026-10-07
2024-08-02,24242.0,VND/USD,dulieukinhte,D,2026-10-07
2024-08-03,24242.0,VND/USD,dulieukinhte,D,2026-10-07
2024-08-05,24241.0,VND/USD,dulieukinhte,D,2026-10-07
2024-08-06,24240.0,VND/USD,dulieukinhte,D,2026-10-07
2024-08-07,24250.0,VND/USD,dulieukinhte,D,2026-10-07
2024-08-08,24262.0,VND/USD,dulieukinhte,D,2026-10-07
2024-08-09,24260.0,VND/USD,dulieukinhte,D,2026-10-07
2024-08-10,24260.0,VND/USD,dulieukinhte,D,2026-10-07
2024-08-12,24256.0,VND/USD,dulieukinhte,D,2026-10-07
2024-08-13,24256.0,VND/USD,dulieukinhte,D,2026-10-07
2024-08-14,24260.0,VND/USD,dulieukinhte,D,2026-10-07
2024-08-15,24254.0,VND/USD,dulieukinhte,D,2026-10-07
2024-08-16,24254.0,VND/USD,dulieukinhte,D,2026-10-07
2024-08-17,24254.0,VND/USD,dulieukinhte,D,2026-10-07
2024-08-19,24261.0,VND/USD,dulieukinhte,D,2026-10-07
2024-08-20,24251.0,VND/USD,dulieukinhte,D,2026-10-07
2024-08-21,24246.0,VND/USD,dulieukinhte,D,2026-10-07
2024-08-22,24245.0,VND/USD,dulieukinhte,D,2026-10-07
2024-08-23,24250.0,VND/USD,dulieukinhte,D,2026-10-07
2024-08-24,24250.0,VND/USD,dulieukinhte,D,2026-10-07
2024-09-03,24224.0,VND/USD,dulieukinhte,D,2026-10-07
2024-09-04,24229.0,VND/USD,dulieukinhte,D,2026-10-07
2024-09-07,24202.0,VND/USD,dulieukinhte,D,2026-10-07
2024-09-09,24177.0,VND/USD,dulieukinhte,D,2026-10-07
2024-09-10,24194.0,VND/USD,dulieukinhte,D,2026-10-07
2024-09-11,24212.0,VND/USD,dulieukinhte,D,2026-10-07
2024-09-12,24187.0,VND/USD,dulieukinhte,D,2026-10-07
2024-09-13,24172.0,VND/USD,dulieukinhte,D,2026-10-07
2024-09-14,24172.0,VND/USD,dulieukinhte,D,2026-10-07
2024-09-16,24137.0,VND/USD,dulieukinhte,D,2026-10-07
2024-09-17,24141.0,VND/USD,dulieukinhte,D,2026-10-07
2024-09-18,24151.0,VND/USD,dulieukinhte,D,2026-10-07
2024-09-19,24167.0,VND/USD,dulieukinhte,D,2026-10-07
2024-09-20,24148.0,VND/USD,dulieukinhte,D,2026-10-07
2024-09-21,24148.0,VND/USD,dulieukinhte,D,2026-10-07
2024-09-23,24126.0,VND/USD,dulieukinhte,D,2026-10-07
2024-09-24,24146.0,VND/USD,dulieukinhte,D,2026-10-07
2024-09-25,24134.0,VND/USD,dulieukinhte,D,2026-10-07
2024-10-02,24094.0,VND/USD,dulieukinhte,D,2026-10-07
2024-10-03,24115.0,VND/USD,dulieukinhte,D,2026-10-07
2024-10-07,24153.0,VND/USD,dulieukinhte,D,2026-10-07
2024-10-08,24168.0,VND/USD,dulieukinhte,D,2026-10-07
2024-10-09,24168.0,VND/USD,dulieukinhte,D,2026-10-07
2024-10-10,24172.0,VND/USD,dulieukinhte,D,2026-10-07
2024-10-11,24175.0,VND/USD,dulieukinhte,D,2026-10-07
2024-10-12,24175.0,VND/USD,dulieukinhte,D,2026-10-07
2024-10-14,24161.0,VND/USD,dulieukinhte,D,2026-10-07
2024-10-15,24177.0,VND/USD,dulieukinhte,D,2026-10-07
2024-10-16,24187.0,VND/USD,dulieukinhte,D,2026-10-07
2024-10-17,24199.0,VND/USD,dulieukinhte,D,2026-10-07
2024-10-18,24213.0,VND/USD,dulieukinhte,D,2026-10-07
2024-10-19,24213.0,VND/USD,dulieukinhte,D,2026-10-07
2024-10-21,24228.0,VND/USD,dulieukinhte,D,2026-10-07
2024-10-22,24240.0,VND/USD,dulieukinhte,D,2026-10-07
2024-10-23,24250.0,VND/USD,dulieukinhte,D,2026-10-07
2024-10-24,24260.0,VND/USD,dulieukinhte,D,2026-10-07
2024-10-25,24255.0,VND/USD,dulieukinhte,D,2026-10-07
2024-11-01,24242.0,VND/USD,dulieukinhte,D,2026-10-07
2024-11-05,24248.0,VND/USD,dulieukinhte,D,2026-10-07
2024-11-06,24258.0,VND/USD,dulieukinhte,D,2026-10-07
2024-11-07,24283.0,VND/USD,dulieukinhte,D,2026-10-07
2024-11-08,24278.0,VND/USD,dulieukinhte,D,2026-10-07
2024-11-09,24278.0,VND/USD,dulieukinhte,D,2026-10-07
2024-11-11,24263.0,VND/USD,dulieukinhte,D,2026-10-07
2024-11-12,24267.0,VND/USD,dulieukinhte,D,2026-10-07
2024-11-13,24288.0,VND/USD,dulieukinhte,D,2026-10-07
2024-11-14,24290.0,VND/USD,dulieukinhte,D,2026-10-07
2024-11-15,24298.0,VND/USD,dulieukinhte,D,2026-10-07
2024-11-16,24298.0,VND/USD,dulieukinhte,D,2026-10-07
2024-11-18,24288.0,VND/USD,dulieukinhte,D,2026-10-07
2024-11-19,24293.0,VND/USD,dulieukinhte,D,2026-10-07
2024-11-20,24285.0,VND/USD,dulieukinhte,D,2026-10-07
2024-11-21,24290.0,VND/USD,dulieukinhte,D,2026-10-07
2024-11-22,24295.0,VND/USD,dulieukinhte,D,2026-10-07
2024-11-23,24295.0,VND/USD,dulieukinhte,D,2026-10-07
2024-11-25,24292.0,VND/USD,dulieukinhte,D,2026-10-07
2024-12-02,24240.0,VND/USD,dulieukinhte,D,2026-10-07
2024-12-03,24260.0,VND/USD,dulieukinhte,D,2026-10-07
2024-12-04,24262.0,VND/USD,dulieukinhte,D,2026-10-07
2024-12-05,24266.0,VND/USD,dulieukinhte,D,2026-10-07
2024-12-06,24255.0,VND/USD,dulieukinhte,D,2026-10-07
2024-12-07,24255.0,VND/USD,dulieukinhte,D,2026-10-07
2024-12-09,24248.0,VND/USD,dulieukinhte,D,2026-10-07
2024-12-10,24258.0,VND/USD,dulieukinhte,D,2026-10-07
2024-12-11,24253.0,VND/USD,dulieukinhte,D,2026-10-07
2024-12-12,24259.0,VND/USD,dulieukinhte,D,2026-10-07
2024-12-13,24264.0,VND/USD,dulieukinhte,D,2026-10-07
2024-12-14,24264.0,VND/USD,dulieukinhte,D,2026-10-07
2024-12-16,24272.0,VND/USD,dulieukinhte,D,2026-10-07
2024-12-17,24270.0,VND/USD,dulieukinhte,D,2026-10-07
2024-12-18,24278.0,VND/USD,dulieukinhte,D,2026-10-07
2024-12-19,24304.0,VND/USD,dulieukinhte,D,2026-10-07
2024-12-20,24324.0,VND/USD,dulieukinhte,D,2026-10-07
2024-12-21,24324.0,VND/USD,dulieukinhte,D,2026-10-07
2024-12-23,24315.0,VND/USD,dulieukinhte,D,2026-10-07
2024-12-24,24308.0,VND/USD,dulieukinhte,D,2026-10-07
2025-04-24,24928.0,VND/USD,dulieukinhte,D,2026-10-07
2025-04-25,24948.0,VND/USD,dulieukinhte,D,2026-10-07
2025-04-26,24963.0,VND/USD,dulieukinhte,D,2026-10-07
2025-04-28,24960.0,VND/USD,dulieukinhte,D,2026-10-07
2025-05-02,24956.0,VND/USD,dulieukinhte,D,2026-10-07
2025-05-05,24944.0,VND/USD,dulieukinhte,D,2026-10-07
2025-05-06,24938.0,VND/USD,dulieukinhte,D,2026-10-07
2025-05-07,24930.0,VND/USD,dulieukinhte,D,2026-10-07
2025-05-08,24927.0,VND/USD,dulieukinhte,D,2026-10-07
2025-05-09,24951.0,VND/USD,dulieukinhte,D,2026-10-07
2025-05-10,24951.0,VND/USD,dulieukinhte,D,2026-10-07
2025-05-12,24945.0,VND/USD,dulieukinhte,D,2026-10-07
2025-05-13,24973.0,VND/USD,dulieukinhte,D,2026-10-07
2025-05-14,24973.0,VND/USD,dulieukinhte,D,2026-10-07
2025-05-15,24970.0,VND/USD,dulieukinhte,D,2026-10-07
2025-05-16,24960.0,VND/USD,dulieukinhte,D,2026-10-07
2025-05-17,24960.0,VND/USD,dulieukinhte,D,2026-10-07
2025-05-19,24970.0,VND/USD,dulieukinhte,D,2026-10-07
2025-05-20,24968.0,VND/USD,dulieukinhte,D,2026-10-07
2025-05-21,24962.0,VND/USD,dulieukinhte,D,2026-10-07
2025-05-22,24955.0,VND/USD,dulieukinhte,D,2026-10-07
2025-05-23,24960.0,VND/USD,dulieukinhte,D,2026-10-07
2025-05-24,24960.0,VND/USD,dulieukinhte,D,2026-10-07
2025-05-26,24940.0,VND/USD,dulieukinhte,D,2026-10-07
2025-05-27,24935.0,VND/USD,dulieukinhte,D,2026-10-07
2025-05-28,24947.0,VND/USD,dulieukinhte,D,2026-10-07
2025-05-29,24962.0,VND/USD,dulieukinhte,D,2026-10-07
2025-05-30,24978.0,VND/USD,dulieukinhte,D,2026-10-07
2025-05-31,24978.0,VND/USD,dulieukinhte,D,2026-10-07
2025-06-02,24970.0,VND/USD,dulieukinhte,D,2026-10-07
2025-06-03,24982.0,VND/USD,dulieukinhte,D,2026-10-07
2025-06-04,25004.0,VND/USD,dulieukinhte,D,2026-10-07
2025-06-05,24955.0,VND/USD,dulieukinhte,D,2026-10-07
2025-06-06,24992.0,VND/USD,dulieukinhte,D,2026-10-07
2025-06-07,24992.0,VND/USD,dulieukinhte,D,2026-10-07
2025-06-09,24992.0,VND/USD,dulieukinhte,D,2026-10-07
2025-06-10,24985.0,VND/USD,dulieukinhte,D,2026-10-07
2025-06-11,24982.0,VND/USD,dulieukinhte,D,2026-10-07
2025-06-12,24990.0,VND/USD,dulieukinhte,D,2026-10-07
2025-06-13,24975.0,VND/USD,dulieukinhte,D,2026-10-07
2025-06-14,24975.0,VND/USD,dulieukinhte,D,2026-10-07
2025-06-16,24993.0,VND/USD,dulieukinhte,D,2026-10-07
2025-06-17,24998.0,VND/USD,dulieukinhte,D,2026-10-07
2025-06-18,24994.0,VND/USD,dulieukinhte,D,2026-10-07
2025-06-19,25025.0,VND/USD,dulieukinhte,D,2026-10-07
2025-06-20,25031.0,VND/USD,dulieukinhte,D,2026-10-07
2025-06-21,25031.0,VND/USD,dulieukinhte,D,2026-10-07
2025-06-23,25028.0,VND/USD,dulieukinhte,D,2026-10-07
2025-06-24,25058.0,VND/USD,dulieukinhte,D,2026-10-07
2025-06-25,25055.0,VND/USD,dulieukinhte,D,2026-10-07
2025-06-26,25053.0,VND/USD,dulieukinhte,D,2026-10-07
2025-06-27,25048.0,VND/USD,dulieukinhte,D,2026-10-07
2025-06-28,25048.0,VND/USD,dulieukinhte,D,2026-10-07
2025-06-30,25052.0,VND/USD,dulieukinhte,D,2026-10-07
2025-07-01,25058.0,VND/USD,dulieukinhte,D,2026-10-07
2025-07-02,25070.0,VND/USD,dulieukinhte,D,2026-10-07
2025-07-03,25091.0,VND/USD,dulieukinhte,D,2026-10-07
2025-07-04,25116.0,VND/USD,dulieukinhte,D,2026-10-07
2025-07-05,25116.0,VND/USD,dulieukinhte,D,2026-10-07
2025-07-07,25113.0,VND/USD,dulieukinhte,D,2026-10-07
2025-07-08,25121.0,VND/USD,dulieukinhte,D,2026-10-07
2025-07-09,25119.0,VND/USD,dulieukinhte,D,2026-10-07
2025-07-10,25131.0,VND/USD,dulieukinhte,D,2026-10-07
2025-07-11,25128.0,VND/USD,dulieukinhte,D,2026-10-07
2025-07-12,25128.0,VND/USD,dulieukinhte,D,2026-10-07
2025-07-14,25126.0,VND/USD,dulieukinhte,D,2026-10-07
2025-07-15,25148.0,VND/USD,dulieukinhte,D,2026-10-07
2025-07-16,25168.0,VND/USD,dulieukinhte,D,2026-10-07
2025-07-17,25176.0,VND/USD,dulieukinhte,D,2026-10-07
2025-07-18,25185.0,VND/USD,dulieukinhte,D,2026-10-07
2025-07-19,25185.0,VND/USD,dulieukinhte,D,2026-10-07
2025-07-21,25191.0,VND/USD,dulieukinhte,D,2026-10-07
2025-07-22,25179.0,VND/USD,dulieukinhte,D,2026-10-07
2025-07-23,25177.0,VND/USD,dulieukinhte,D,2026-10-07
2025-07-24,25166.0,VND/USD,dulieukinhte,D,2026-10-07
2025-07-25,25164.0,VND/USD,dulieukinhte,D,2026-10-07
2025-07-26,25164.0,VND/USD,dulieukinhte,D,2026-10-07
2025-07-28,25182.0,VND/USD,dulieukinhte,D,2026-10-07
2025-07-29,25206.0,VND/USD,dulieukinhte,D,2026-10-07
2025-07-30,25228.0,VND/USD,dulieukinhte,D,2026-10-07
2025-07-31,25240.0,VND/USD,dulieukinhte,D,2026-10-07
2025-08-01,25249.0,VND/USD,dulieukinhte,D,2026-10-07
2025-08-02,25249.0,VND/USD,dulieukinhte,D,2026-10-07
2025-08-04,25240.0,VND/USD,dulieukinhte,D,2026-10-07
2025-08-05,25219.0,VND/USD,dulieukinhte,D,2026-10-07
2025-08-06,25232.0,VND/USD,dulieukinhte,D,2026-10-07
2025-08-07,25239.0,VND/USD,dulieukinhte,D,2026-10-07
2025-08-08,25228.0,VND/USD,dulieukinhte,D,2026-10-07
2025-08-09,25228.0,VND/USD,dulieukinhte,D,2026-10-07
2025-08-11,25231.0,VND/USD,dulieukinhte,D,2026-10-07
2025-08-12,25243.0,VND/USD,dulieukinhte,D,2026-10-07
2025-08-13,25247.0,VND/USD,dulieukinhte,D,2026-10-07
2025-08-14,25240.0,VND/USD,dulieukinhte,D,2026-10-07
2025-08-15,25249.0,VND/USD,dulieukinhte,D,2026-10-07
2025-08-16,25249.0,VND/USD,dulieukinhte,D,2026-10-07
2025-08-18,25245.0,VND/USD,dulieukinhte,D,2026-10-07
2025-08-19,25255.0,VND/USD,dulieukinhte,D,2026-10-07
2025-08-20,25263.0,VND/USD,dulieukinhte,D,2026-10-07
2025-08-21,25273.0,VND/USD,dulieukinhte,D,2026-10-07
2025-08-22,25298.0,VND/USD,dulieukinhte,D,2026-10-07
2025-08-23,25298.0,VND/USD,dulieukinhte,D,2026-10-07
2025-08-25,25291.0,VND/USD,dulieukinhte,D,2026-10-07
2025-08-26,25273.0,VND/USD,dulieukinhte,D,2026-10-07
2025-08-27,25273.0,VND/USD,dulieukinhte,D,2026-10-07
2025-08-28,25268.0,VND/USD,dulieukinhte,D,2026-10-07
2025-08-29,25240.0,VND/USD,dulieukinhte,D,2026-10-07
2025-08-30,25240.0,VND/USD,dulieukinhte,D,2026-10-07
2025-08-31,25240.0,VND/USD,dulieukinhte,D,2026-10-07
2025-09-01,25240.0,VND/USD,dulieukinhte,D,2026-10-07
2025-09-02,25240.0,VND/USD,dulieukinhte,D,2026-10-07
2025-09-03,25246.0,VND/USD,dulieukinhte,D,2026-10-07
2025-09-04,25248.0,VND/USD,dulieukinhte,D,2026-10-07
2025-09-05,25248.0,VND/USD,dulieukinhte,D,2026-10-07
2025-09-06,25248.0,VND/USD,dulieukinhte,D,2026-10-07
2025-09-08,25236.0,VND/USD,dulieukinhte,D,2026-10-07
2025-09-09,25236.0,VND/USD,dulieukinhte,D,2026-10-07
2025-09-10,25221.0,VND/USD,dulieukinhte,D,2026-10-07
2025-09-11,25221.0,VND/USD,dulieukinhte,D,2026-10-07
2025-09-12,25216.0,VND/USD,dulieukinhte,D,2026-10-07
2025-09-13,25216.0,VND/USD,dulieukinhte,D,2026-10-07
2025-09-15,25216.0,VND/USD,dulieukinhte,D,2026-10-07
2025-09-16,25208.0,VND/USD,dulieukinhte,D,2026-10-07
2025-09-17,25198.0,VND/USD,dulieukinhte,D,2026-10-07
2025-09-18,25186.0,VND/USD,dulieukinhte,D,2026-10-07
2025-09-19,25186.0,VND/USD,dulieukinhte,D,2026-10-07
2025-09-20,25186.0,VND/USD,dulieukinhte,D,2026-10-07
2025-09-22,25189.0,VND/USD,dulieukinhte,D,2026-10-07
2025-09-23,25189.0,VND/USD,dulieukinhte,D,2026-10-07
2025-09-24,25186.0,VND/USD,dulieukinhte,D,2026-10-07
2025-09-25,25191.0,VND/USD,dulieukinhte,D,2026-10-07
2025-09-26,25194.0,VND/USD,dulieukinhte,D,2026-10-07
2025-09-27,25194.0,VND/USD,dulieukinhte,D,2026-10-07
2025-09-29,25192.0,VND/USD,dulieukinhte,D,2026-10-07
2025-09-30,25187.0,VND/USD,dulieukinhte,D,2026-10-07
2025-10-01,25187.0,VND/USD,dulieukinhte,D,2026-10-07
2025-10-02,25177.0,VND/USD,dulieukinhte,D,2026-10-07
2025-10-03,25162.0,VND/USD,dulieukinhte,D,2026-10-07
2025-10-04,25162.0,VND/USD,dulieukinhte,D,2026-10-07
2025-10-06,25146.0,VND/USD,dulieukinhte,D,2026-10-07
2025-10-07,25141.0,VND/USD,dulieukinhte,D,2026-10-07
2025-10-08,25133.0,VND/USD,dulieukinhte,D,2026-10-07
2025-10-09,25130.0,VND/USD,dulieukinhte,D,2026-10-07
2025-10-10,25128.0,VND/USD,dulieukinhte,D,2026-10-07
2025-10-11,25128.0,VND/USD,dulieukinhte,D,2026-10-07
2025-10-13,25112.0,VND/USD,dulieukinhte,D,2026-10-07
2025-10-14,25114.0,VND/USD,dulieukinhte,D,2026-10-07
2025-10-15,25114.0,VND/USD,dulieukinhte,D,2026-10-07
2025-10-16,25109.0,VND/USD,dulieukinhte,D,2026-10-07
2025-10-17,25101.0,VND/USD,dulieukinhte,D,2026-10-07
2025-10-18,25101.0,VND/USD,dulieukinhte,D,2026-10-07
2025-10-20,25101.0,VND/USD,dulieukinhte,D,2026-10-07
2025-10-21,25099.0,VND/USD,dulieukinhte,D,2026-10-07
2025-10-22,25099.0,VND/USD,dulieukinhte,D,2026-10-07
2025-10-23,25098.0,VND/USD,dulieukinhte,D,2026-10-07
2025-10-24,25098.0,VND/USD,dulieukinhte,D,2026-10-07
2025-10-25,25098.0,VND/USD,dulieukinhte,D,2026-10-07
2025-10-27,25097.0,VND/USD,dulieukinhte,D,2026-10-07
2025-10-28,25095.0,VND/USD,dulieukinhte,D,2026-10-07
2025-10-29,25091.0,VND/USD,dulieukinhte,D,2026-10-07
2025-10-30,25091.0,VND/USD,dulieukinhte,D,2026-10-07
2025-10-31,25093.0,VND/USD,dulieukinhte,D,2026-10-07
2025-11-01,25093.0,VND/USD,dulieukinhte,D,2026-10-07
2025-11-03,25093.0,VND/USD,dulieukinhte,D,2026-10-07
2025-11-04,25095.0,VND/USD,dulieukinhte,D,2026-10-07
2025-11-05,25097.0,VND/USD,dulieukinhte,D,2026-10-07
2025-11-06,25100.0,VND/USD,dulieukinhte,D,2026-10-07
2025-11-07,25103.0,VND/USD,dulieukinhte,D,2026-10-07
2025-11-08,25103.0,VND/USD,dulieukinhte,D,2026-10-07
2025-11-10,25106.0,VND/USD,dulieukinhte,D,2026-10-07
2025-11-11,25118.0,VND/USD,dulieukinhte,D,2026-10-07
2025-11-12,25129.0,VND/USD,dulieukinhte,D,2026-10-07
2025-11-13,25125.0,VND/USD,dulieukinhte,D,2026-10-07
2025-11-14,25122.0,VND/USD,dulieukinhte,D,2026-10-07
2025-11-15,25122.0,VND/USD,dulieukinhte,D,2026-10-07
2025-11-17,25120.0,VND/USD,dulieukinhte,D,2026-10-07
2025-11-18,25132.0,VND/USD,dulieukinhte,D,2026-10-07
2025-11-19,25132.0,VND/USD,dulieukinhte,D,2026-10-07
2025-11-20,25130.0,VND/USD,dulieukinhte,D,2026-10-07
2025-11-21,25136.0,VND/USD,dulieukinhte,D,2026-10-07
2025-11-22,25136.0,VND/USD,dulieukinhte,D,2026-10-07
2025-11-24,25144.0,VND/USD,dulieukinhte,D,2026-10-07
2025-11-25,25146.0,VND/USD,dulieukinhte,D,2026-10-07
2025-11-26,25146.0,VND/USD,dulieukinhte,D,2026-10-07
2025-11-27,25152.0,VND/USD,dulieukinhte,D,2026-10-07
2025-11-28,25155.0,VND/USD,dulieukinhte,D,2026-10-07
2025-11-29,25155.0,VND/USD,dulieukinhte,D,2026-10-07
2025-12-01,25156.0,VND/USD,dulieukinhte,D,2026-10-07
2025-12-02,25153.0,VND/USD,dulieukinhte,D,2026-10-07
2025-12-03,25153.0,VND/USD,dulieukinhte,D,2026-10-07
2025-12-04,25152.0,VND/USD,dulieukinhte,D,2026-10-07
2025-12-05,25151.0,VND/USD,dulieukinhte,D,2026-10-07
2025-12-06,25151.0,VND/USD,dulieukinhte,D,2026-10-07
2025-12-08,25152.0,VND/USD,dulieukinhte,D,2026-10-07
2025-12-09,25155.0,VND/USD,dulieukinhte,D,2026-10-07
2025-12-10,25155.0,VND/USD,dulieukinhte,D,2026-10-07
2025-12-11,25154.0,VND/USD,dulieukinhte,D,2026-10-07
2025-12-12,25148.0,VND/USD,dulieukinhte,D,2026-10-07
2025-12-13,25148.0,VND/USD,dulieukinhte,D,2026-10-07
2025-12-15,25144.0,VND/USD,dulieukinhte,D,2026-10-07
2025-12-16,25141.0,VND/USD,dulieukinhte,D,2026-10-07
2025-12-17,25146.0,VND/USD,dulieukinhte,D,2026-10-07
2025-12-18,25151.0,VND/USD,dulieukinhte,D,2026-10-07
2025-12-19,25148.0,VND/USD,dulieukinhte,D,2026-10-07
2025-12-20,25148.0,VND/USD,dulieukinhte,D,2026-10-07
2025-12-22,25149.0,VND/USD,dulieukinhte,D,2026-10-07
2025-12-23,25146.0,VND/USD,dulieukinhte,D,2026-10-07
2025-12-24,25146.0,VND/USD,dulieukinhte,D,2026-10-07
2025-12-25,25133.0,VND/USD,dulieukinhte,D,2026-10-07
2025-12-26,25128.0,VND/USD,dulieukinhte,D,2026-10-07
2025-12-27,25128.0,VND/USD,dulieukinhte,D,2026-10-07
2025-12-29,25125.0,VND/USD,dulieukinhte,D,2026-10-07
2025-12-30,25124.0,VND/USD,dulieukinhte,D,2026-10-07
2025-12-31,25121.0,VND/USD,dulieukinhte,D,2026-10-07
2026-01-02,25121.0,VND/USD,dulieukinhte,D,2026-10-07
2026-01-03,25121.0,VND/USD,dulieukinhte,D,2026-10-07
2026-01-05,25124.0,VND/USD,dulieukinhte,D,2026-10-07
2026-01-06,25122.0,VND/USD,dulieukinhte,D,2026-10-07
2026-01-07,25122.0,VND/USD,dulieukinhte,D,2026-10-07
2026-01-08,25125.0,VND/USD,dulieukinhte,D,2026-10-07
2026-01-09,25127.0,VND/USD,dulieukinhte,D,2026-10-07
2026-01-10,25131.0,VND/USD,dulieukinhte,D,2026-10-07
2026-01-12,25129.0,VND/USD,dulieukinhte,D,2026-10-07
2026-01-13,25129.0,VND/USD,dulieukinhte,D,2026-10-07
2026-01-14,25135.0,VND/USD,dulieukinhte,D,2026-10-07
2026-01-15,25135.0,VND/USD,dulieukinhte,D,2026-10-07
2026-01-16,25131.0,VND/USD,dulieukinhte,D,2026-10-07
2026-01-17,25131.0,VND/USD,dulieukinhte,D,2026-10-07
2026-01-19,25132.0,VND/USD,dulieukinhte,D,2026-10-07
2026-01-20,25130.0,VND/USD,dulieukinhte,D,2026-10-07
2026-01-21,25124.0,VND/USD,dulieukinhte,D,2026-10-07
2026-01-22,25125.0,VND/USD,dulieukinhte,D,2026-10-07
2026-01-23,25125.0,VND/USD,dulieukinhte,D,2026-10-07
2026-01-24,25125.0,VND/USD,dulieukinhte,D,2026-10-07
2026-01-26,25113.0,VND/USD,dulieukinhte,D,2026-10-07
2026-01-27,25098.0,VND/USD,dulieukinhte,D,2026-10-07
2026-01-28,25088.0,VND/USD,dulieukinhte,D,2026-10-07
2026-01-29,25083.0,VND/USD,dulieukinhte,D,2026-10-07
2026-01-30,25074.0,VND/USD,dulieukinhte,D,2026-10-07
2026-01-31,25074.0,VND/USD,dulieukinhte,D,2026-10-07
2026-02-02,25064.0,VND/USD,dulieukinhte,D,2026-10-07
2026-02-03,25069.0,VND/USD,dulieukinhte,D,2026-10-07
2026-02-04,25067.0,VND/USD,dulieukinhte,D,2026-10-07
2026-02-05,25066.0,VND/USD,dulieukinhte,D,2026-10-07
2026-02-06,25065.0,VND/USD,dulieukinhte,D,2026-10-07
2026-02-07,25065.0,VND/USD,dulieukinhte,D,2026-10-07
2026-02-09,25063.0,VND/USD,dulieukinhte,D,2026-10-07
2026-02-10,25055.0,VND/USD,dulieukinhte,D,2026-10-07
2026-02-11,25050.0,VND/USD,dulieukinhte,D,2026-10-07
2026-02-12,25050.0,VND/USD,dulieukinhte,D,2026-10-07
2026-02-13,25049.0,VND/USD,dulieukinhte,D,2026-10-07
2026-02-14,25049.0,VND/USD,dulieukinhte,D,2026-10-07
2026-02-21,25049.0,VND/USD,dulieukinhte,D,2026-10-07
2026-02-23,25051.0,VND/USD,dulieukinhte,D,2026-10-07
2026-02-24,25053.0,VND/USD,dulieukinhte,D,2026-10-07
2026-02-25,25057.0,VND/USD,dulieukinhte,D,2026-10-07
2026-02-26,25051.0,VND/USD,dulieukinhte,D,2026-10-07
2026-02-27,25044.0,VND/USD,dulieukinhte,D,2026-10-07
2026-02-28,25044.0,VND/USD,dulieukinhte,D,2026-10-07
2026-03-02,25038.0,VND/USD,dulieukinhte,D,2026-10-07
2026-03-03,25046.0,VND/USD,dulieukinhte,D,2026-10-07
2026-03-04,25052.0,VND/USD,dulieukinhte,D,2026-10-07
2026-03-05,25055.0,VND/USD,dulieukinhte,D,2026-10-07
2026-03-06,25057.0,VND/USD,dulieukinhte,D,2026-10-07
2026-03-07,25057.0,VND/USD,dulieukinhte,D,2026-10-07
2026-03-09,25059.0,VND/USD,dulieukinhte,D,2026-10-07
2026-03-10,25062.0,VND/USD,dulieukinhte,D,2026-10-07
2026-03-11,25059.0,VND/USD,dulieukinhte,D,2026-10-07
2026-03-12,25061.0,VND/USD,dulieukinhte,D,2026-10-07
2026-03-13,25065.0,VND/USD,dulieukinhte,D,2026-10-07
2026-03-14,25065.0,VND/USD,dulieukinhte,D,2026-10-07
2026-03-16,25068.0,VND/USD,dulieukinhte,D,2026-10-07
2026-03-17,25068.0,VND/USD,dulieukinhte,D,2026-10-07
2026-03-18,25067.0,VND/USD,dulieukinhte,D,2026-10-07
2026-03-19,25072.0,VND/USD,dulieukinhte,D,2026-10-07
2026-03-20,25085.0,VND/USD,dulieukinhte,D,2026-10-07
2026-03-21,25085.0,VND/USD,dulieukinhte,D,2026-10-07
2026-03-23,25090.0,VND/USD,dulieukinhte,D,2026-10-07
2026-03-24,25109.0,VND/USD,dulieukinhte,D,2026-10-07
2026-03-25,25104.0,VND/USD,dulieukinhte,D,2026-10-07
2026-03-26,25102.0,VND/USD,dulieukinhte,D,2026-10-07
2026-03-27,25100.0,VND/USD,dulieukinhte,D,2026-10-07
2026-03-28,25100.0,VND/USD,dulieukinhte,D,2026-10-07
2026-03-30,25100.0,VND/USD,dulieukinhte,D,2026-10-07
2026-03-31,25102.0,VND/USD,dulieukinhte,D,2026-10-07
2026-04-01,25105.0,VND/USD,dulieukinhte,D,2026-10-07
2026-04-02,25107.0,VND/USD,dulieukinhte,D,2026-10-07
2026-04-03,25107.0,VND/USD,dulieukinhte,D,2026-10-07
2026-04-04,25107.0,VND/USD,dulieukinhte,D,2026-10-07
2026-04-06,25106.0,VND/USD,dulieukinhte,D,2026-10-07
2026-04-07,25108.0,VND/USD,dulieukinhte,D,2026-10-07
2026-04-08,25106.0,VND/USD,dulieukinhte,D,2026-10-07
2026-04-09,25102.0,VND/USD,dulieukinhte,D,2026-10-07
2026-04-10,25105.0,VND/USD,dulieukinhte,D,2026-10-07
2026-04-11,25105.0,VND/USD,dulieukinhte,D,2026-10-07
2026-04-13,25106.0,VND/USD,dulieukinhte,D,2026-10-07
2026-04-14,25106.0,VND/USD,dulieukinhte,D,2026-10-07
2026-04-15,25103.0,VND/USD,dulieukinhte,D,2026-10-07
2026-04-16,25102.0,VND/USD,dulieukinhte,D,2026-10-07
2026-04-17,25102.0,VND/USD,dulieukinhte,D,2026-10-07
2026-04-18,25102.0,VND/USD,dulieukinhte,D,2026-10-07
2026-04-20,25103.0,VND/USD,dulieukinhte,D,2026-10-07
2026-04-21,25102.0,VND/USD,dulieukinhte,D,2026-10-07
2026-04-22,25100.0,VND/USD,dulieukinhte,D,2026-10-07
2026-04-23,25105.0,VND/USD,dulieukinhte,D,2026-10-07
2026-04-24,25113.0,VND/USD,dulieukinhte,D,2026-10-07
2026-04-25,25113.0,VND/USD,dulieukinhte,D,2026-10-07
2026-04-27,25113.0,VND/USD,dulieukinhte,D,2026-10-07
2026-04-28,25111.0,VND/USD,dulieukinhte,D,2026-10-07
2026-04-29,25113.0,VND/USD,dulieukinhte,D,2026-10-07
2026-05-02,25113.0,VND/USD,dulieukinhte,D,2026-10-07
2026-05-04,25112.0,VND/USD,dulieukinhte,D,2026-10-07
2026-05-05,25111.0,VND/USD,dulieukinhte,D,2026-10-07
2026-05-06,25113.0,VND/USD,dulieukinhte,D,2026-10-07
2026-05-07,25113.0,VND/USD,dulieukinhte,D,2026-10-07
2026-05-08,25112.0,VND/USD,dulieukinhte,D,2026-10-07
2026-05-09,25112.0,VND/USD,dulieukinhte,D,2026-10-07
2026-05-11,25118.0,VND/USD,dulieukinhte,D,2026-10-07
2026-05-12,25123.0,VND/USD,dulieukinhte,D,2026-10-07
2026-05-13,25123.0,VND/USD,dulieukinhte,D,2026-10-07
2026-05-14,25126.0,VND/USD,dulieukinhte,D,2026-10-07
2026-05-15,25131.0,VND/USD,dulieukinhte,D,2026-10-07
2026-05-16,25131.0,VND/USD,dulieukinhte,D,2026-10-07
2026-05-18,25131.0,VND/USD,dulieukinhte,D,2026-10-07
2026-05-19,25133.0,VND/USD,dulieukinhte,D,2026-10-07
2026-05-20,25135.0,VND/USD,dulieukinhte,D,2026-10-07
2026-05-21,25135.0,VND/USD,dulieukinhte,D,2026-10-07
2026-05-22,25134.0,VND/USD,dulieukinhte,D,2026-10-07
2026-05-23,25134.0,VND/USD,dulieukinhte,D,2026-10-07
2026-05-25,25136.0,VND/USD,dulieukinhte,D,2026-10-07
2026-05-26,25138.0,VND/USD,dulieukinhte,D,2026-10-07
2026-05-27,25137.0,VND/USD,dulieukinhte,D,2026-10-07
2026-05-28,25137.0,VND/USD,dulieukinhte,D,2026-10-07
2026-05-29,25139.0,VND/USD,dulieukinhte,D,2026-10-07
2026-05-30,25139.0,VND/USD,dulieukinhte,D,2026-10-07
2026-06-01,25138.0,VND/USD,dulieukinhte,D,2026-10-07
2026-06-02,25141.0,VND/USD,dulieukinhte,D,2026-10-07
2026-06-03,25145.0,VND/USD,dulieukinhte,D,2026-10-07
2026-06-04,25145.0,VND/USD,dulieukinhte,D,2026-10-07
2026-06-05,25147.0,VND/USD,dulieukinhte,D,2026-10-07
2026-06-06,25147.0,VND/USD,dulieukinhte,D,2026-10-07
2026-06-08,25150.0,VND/USD,dulieukinhte,D,2026-10-07
2026-06-09,25151.0,VND/USD,dulieukinhte,D,2026-10-07
2026-06-10,25153.0,VND/USD,dulieukinhte,D,2026-10-07
2026-06-11,25153.0,VND/USD,dulieukinhte,D,2026-10-07
2026-06-12,25155.0,VND/USD,dulieukinhte,D,2026-10-07
2026-06-13,25155.0,VND/USD,dulieukinhte,D,2026-10-07
2026-06-15,25165.0,VND/USD,dulieukinhte,D,2026-10-07
2026-06-16,25165.0,VND/USD,dulieukinhte,D,2026-10-07
2026-06-17,25175.0,VND/USD,dulieukinhte,D,2026-10-07
2026-06-18,25173.0,VND/USD,dulieukinhte,D,2026-10-07
2026-06-19,25181.0,VND/USD,dulieukinhte,D,2026-10-07
2026-06-20,25181.0,VND/USD,dulieukinhte,D,2026-10-07
2026-06-22,25183.0,VND/USD,dulieukinhte,D,2026-10-07
2026-06-23,25189.0,VND/USD,dulieukinhte,D,2026-10-07
2026-06-24,25192.0,VND/USD,dulieukinhte,D,2026-10-07
2026-06-25,25197.0,VND/USD,dulieukinhte,D,2026-10-07
2026-06-26,25195.0,VND/USD,dulieukinhte,D,2026-10-07
2026-06-27,25195.0,VND/USD,dulieukinhte,D,2026-10-07
2026-06-29,25201.0,VND/USD,dulieukinhte,D,2026-10-07
2026-06-30,25206.0,VND/USD,dulieukinhte,D,2026-10-07
2026-07-01,25206.0,VND/USD,dulieukinhte,D,2026-10-07
2026-07-02,25205.0,VND/USD,dulieukinhte,D,2026-10-07
2026-07-03,25203.0,VND/USD,dulieukinhte,D,2026-10-07
2026-07-04,25203.0,VND/USD,dulieukinhte,D,2026-10-07
2026-07-06,25202.0,VND/USD,dulieukinhte,D,2026-10-07
2026-07-07,25202.0,VND/USD,dulieukinhte,D,2026-10-07
2026-07-08,25206.0,VND/USD,dulieukinhte,D,2026-10-07
2026-07-09,25211.0,VND/USD,dulieukinhte,D,2026-10-07
2026-07-10,25214.0,VND/USD,dulieukinhte,D,2026-10-07
2026-07-11,25214.0,VND/USD,dulieukinhte,D,2026-10-07
2026-07-13,25220.0,VND/USD,dulieukinhte,D,2026-10-07
2026-07-14,25225.0,VND/USD,dulieukinhte,D,2026-10-07
2026-07-15,25233.0,VND/USD,dulieukinhte,D,2026-10-07
2026-07-16,25243.0,VND/USD,dulieukinhte,D,2026-10-07
2026-07-17,25254.0,VND/USD,dulieukinhte,D,2026-10-07
2026-07-18,25254.0,VND/USD,dulieukinhte,D,2026-10-07
2026-07-20,25252.0,VND/USD,dulieukinhte,D,2026-10-07
2026-07-21,25260.0,VND/USD,dulieukinhte,D,2026-10-07
2026-07-22,25260.0,VND/USD,dulieukinhte,D,2026-10-07
2026-07-23,25272.0,VND/USD,dulieukinhte,D,2026-10-07
2026-07-24,25283.0,VND/USD,dulieukinhte,D,2026-10-07
2026-07-25,25283.0,VND/USD,dulieukinhte,D,2026-10-07
2026-07-27,25293.0,VND/USD,dulieukinhte,D,2026-10-07
2026-07-28,25306.0,VND/USD,dulieukinhte,D,2026-10-07
2026-07-29,25306.0,VND/USD,dulieukinhte,D,2026-10-07
2026-07-30,25320.0,VND/USD,dulieukinhte,D,2026-10-07
2026-07-31,25338.0,VND/USD,dulieukinhte,D,2026-10-07
2026-08-01,25338.0,VND/USD,dulieukinhte,D,2026-10-07
2026-08-03,25358.0,VND/USD,dulieukinhte,D,2026-10-07
2026-08-04,25380.0,VND/USD,dulieukinhte,D,2026-10-07
2026-08-05,25405.0,VND/USD,dulieukinhte,D,2026-10-07
2026-08-06,25433.0,VND/USD,dulieukinhte,D,2026-10-07
2026-08-07,25463.0,VND/USD,dulieukinhte,D,2026-10-07
2026-08-08,25463.0,VND/USD,dulieukinhte,D,2026-10-07
2026-08-10,25491.0,VND/USD,dulieukinhte,D,2026-10-07
