date,value,unit,source,frequency,vintage_date
2010-01-02,0.0,%,dulieukinhte,D,2026-10-07
2010-01-06,0.0,%,dulieukinhte,D,2026-10-07
2010-01-07,0.0,%,dulieukinhte,D,2026-10-07
2010-01-08,0.0,%,dulieukinhte,D,2026-10-07
2010-01-13,0.0,%,dulieukinhte,D,2026-10-07
2010-01-14,0.0,%,dulieukinhte,D,2026-10-07
2010-01-15,0.0,%,dulieukinhte,D,2026-10-07
2010-01-16,0.0,%,dulieukinhte,D,2026-10-07
2010-01-18,0.0,%,dulieukinhte,D,2026-10-07
2010-01-19,0.0,%,dulieukinhte,D,2026-10-07
2010-01-20,0.0,%,dulieukinhte,D,2026-10-07
2010-01-21,0.0,%,dulieukinhte,D,2026-10-07
2010-01-22,0.0,%,dulieukinhte,D,2026-10-07
2010-01-23,0.0,%,dulieukinhte,D,2026-10-07
2010-01-25,0.0,%,dulieukinhte,D,2026-10-07
2010-01-26,0.0,%,dulieukinhte,D,2026-10-07
2010-01-27,0.0,%,dulieukinhte,D,2026-10-07
2010-01-28,0.0,%,dulieukinhte,D,2026-10-07
2010-01-29,0.0,%,dulieukinhte,D,2026-10-07
2010-01-30,0.0,%,dulieukinhte,D,2026-10-07
2010-02-01,0.0,%,dulieukinhte,D,2026-10-07
2010-02-04,0.0,%,dulieukinhte,D,2026-10-07
2010-02-05,0.0,%,dulieukinhte,D,2026-10-07
2010-02-06,0.0,%,dulieukinhte,D,2026-10-07
2010-02-08,0.0,%,dulieukinhte,D,2026-10-07
2010-02-09,0.0,%,dulieukinhte,D,2026-10-07
2010-02-10,0.0,%,dulieukinhte,D,2026-10-07
2010-02-11,3.3610166657376928,%,dulieukinhte,D,2026-10-07
2010-02-12,3.3610166657376928,%,dulieukinhte,D,2026-10-07
2010-02-19,3.3610166657376928,%,dulieukinhte,D,2026-10-07
2010-02-22,3.3610166657376928,%,dulieukinhte,D,2026-10-07
2010-02-23,3.3610166657376928,%,dulieukinhte,D,2026-10-07
2010-02-24,3.3610166657376928,%,dulieukinhte,D,2026-10-07
2010-02-25,3.3610166657376928,%,dulieukinhte,D,2026-10-07
2010-02-26,3.3610166657376928,%,dulieukinhte,D,2026-10-07
2010-02-27,3.3610166657376928,%,dulieukinhte,D,2026-10-07
2010-03-01,3.3610166657376928,%,dulieukinhte,D,2026-10-07
2010-03-02,3.3610166657376928,%,dulieukinhte,D,2026-10-07
2010-03-03,3.3610166657376928,%,dulieukinhte,D,2026-10-07
2010-03-04,3.3610166657376928,%,dulieukinhte,D,2026-10-07
2010-03-05,3.3610166657376928,%,dulieukinhte,D,2026-10-07
2010-03-06,3.3610166657376928,%,dulieukinhte,D,2026-10-07
2010-03-08,3.3610166657376928,%,dulieukinhte,D,2026-10-07
2010-03-09,3.3610166657376928,%,dulieukinhte,D,2026-10-07
2010-03-12,3.3610166657376928,%,dulieukinhte,D,2026-10-07
2010-03-13,3.3610166657376928,%,dulieukinhte,D,2026-10-07
2010-03-15,3.3610166657376928,%,dulieukinhte,D,2026-10-07
2010-03-18,3.3610166657376928,%,dulieukinhte,D,2026-10-07
2010-03-19,3.3610166657376928,%,dulieukinhte,D,2026-10-07
2010-03-20,3.3610166657376928,%,dulieukinhte,D,2026-10-07
2010-03-22,3.3610166657376928,%,dulieukinhte,D,2026-10-07
2010-03-23,3.3610166657376928,%,dulieukinhte,D,2026-10-07
2010-03-24,3.3610166657376928,%,dulieukinhte,D,2026-10-07
2010-03-25,3.3610166657376928,%,dulieukinhte,D,2026-10-07
2010-03-26,3.3610166657376928,%,dulieukinhte,D,2026-10-07
2010-03-27,3.3610166657376928,%,dulieukinhte,D,2026-10-07
2010-03-29,3.3610166657376928,%,dulieukinhte,D,2026-10-07
2010-03-30,3.3610166657376928,%,dulieukinhte,D,2026-10-07
2010-03-31,3.3610166657376928,%,dulieukinhte,D,2026-10-07
2010-04-01,3.3610166657376928,%,dulieukinhte,D,2026-10-07
2010-04-02,3.3610166657376928,%,dulieukinhte,D,2026-10-07
2010-04-03,3.3610166657376928,%,dulieukinhte,D,2026-10-07
2010-04-05,3.3610166657376928,%,dulieukinhte,D,2026-10-07
2010-04-07,3.3610166657376928,%,dulieukinhte,D,2026-10-07
2010-04-15,3.3610166657376928,%,dulieukinhte,D,2026-10-07
2010-04-16,3.3610166657376928,%,dulieukinhte,D,2026-10-07
2010-04-17,3.3610166657376928,%,dulieukinhte,D,2026-10-07
2010-04-21,3.3610166657376928,%,dulieukinhte,D,2026-10-07
2010-04-26,3.3610166657376928,%,dulieukinhte,D,2026-10-07
2010-04-27,3.3610166657376928,%,dulieukinhte,D,2026-10-07
2010-04-28,3.3610166657376928,%,dulieukinhte,D,2026-10-07
2010-04-29,3.3610166657376928,%,dulieukinhte,D,2026-10-07
2010-05-05,3.3610166657376928,%,dulieukinhte,D,2026-10-07
2010-05-06,3.3610166657376928,%,dulieukinhte,D,2026-10-07
2010-05-07,3.3610166657376928,%,dulieukinhte,D,2026-10-07
2010-05-08,3.3610166657376928,%,dulieukinhte,D,2026-10-07
2010-05-10,3.3610166657376928,%,dulieukinhte,D,2026-10-07
2010-05-11,3.3610166657376928,%,dulieukinhte,D,2026-10-07
2010-05-12,3.3610166657376928,%,dulieukinhte,D,2026-10-07
2010-05-13,3.3610166657376928,%,dulieukinhte,D,2026-10-07
2010-05-14,3.3610166657376928,%,dulieukinhte,D,2026-10-07
2010-05-17,3.3610166657376928,%,dulieukinhte,D,2026-10-07
2010-05-18,3.3610166657376928,%,dulieukinhte,D,2026-10-07
2010-05-19,3.3610166657376928,%,dulieukinhte,D,2026-10-07
2010-05-20,3.3610166657376928,%,dulieukinhte,D,2026-10-07
2010-05-21,3.3610166657376928,%,dulieukinhte,D,2026-10-07
2010-05-25,3.3610166657376928,%,dulieukinhte,D,2026-10-07
2010-05-26,3.3610166657376928,%,dulieukinhte,D,2026-10-07
2010-05-27,3.3610166657376928,%,dulieukinhte,D,2026-10-07
2010-05-28,3.3610166657376928,%,dulieukinhte,D,2026-10-07
2010-06-01,3.3610166657376928,%,dulieukinhte,D,2026-10-07
2010-06-02,3.3610166657376928,%,dulieukinhte,D,2026-10-07
2010-06-03,3.3610166657376928,%,dulieukinhte,D,2026-10-07
2010-06-04,3.3610166657376928,%,dulieukinhte,D,2026-10-07
2010-06-05,3.3610166657376928,%,dulieukinhte,D,2026-10-07
2010-06-07,3.3610166657376928,%,dulieukinhte,D,2026-10-07
2010-06-08,3.3610166657376928,%,dulieukinhte,D,2026-10-07
2010-06-09,3.3610166657376928,%,dulieukinhte,D,2026-10-07
2010-06-10,3.3610166657376928,%,dulieukinhte,D,2026-10-07
2010-06-11,3.3610166657376928,%,dulieukinhte,D,2026-10-07
2010-06-12,3.3610166657376928,%,dulieukinhte,D,2026-10-07
2010-06-14,3.3610166657376928,%,dulieukinhte,D,2026-10-07
2010-06-15,3.3610166657376928,%,dulieukinhte,D,2026-10-07
2010-06-16,3.3610166657376928,%,dulieukinhte,D,2026-10-07
2010-06-17,3.3610166657376928,%,dulieukinhte,D,2026-10-07
2010-06-18,3.3610166657376928,%,dulieukinhte,D,2026-10-07
2010-06-19,3.3610166657376928,%,dulieukinhte,D,2026-10-07
2010-06-21,3.3610166657376928,%,dulieukinhte,D,2026-10-07
2010-06-22,3.3610166657376928,%,dulieukinhte,D,2026-10-07
2010-06-23,3.3610166657376928,%,dulieukinhte,D,2026-10-07
2010-06-24,3.3610166657376928,%,dulieukinhte,D,2026-10-07
2010-06-25,3.3610166657376928,%,dulieukinhte,D,2026-10-07
2010-06-26,3.3610166657376928,%,dulieukinhte,D,2026-10-07
2010-06-30,3.3610166657376928,%,dulieukinhte,D,2026-10-07
2010-07-01,3.3610166657376928,%,dulieukinhte,D,2026-10-07
2010-07-02,3.3610166657376928,%,dulieukinhte,D,2026-10-07
2010-07-03,3.3610166657376928,%,dulieukinhte,D,2026-10-07
2010-07-05,3.3610166657376928,%,dulieukinhte,D,2026-10-07
2010-07-06,3.3610166657376928,%,dulieukinhte,D,2026-10-07
2010-07-07,3.3610166657376928,%,dulieukinhte,D,2026-10-07
2010-07-08,3.3610166657376928,%,dulieukinhte,D,2026-10-07
2010-07-09,3.3610166657376928,%,dulieukinhte,D,2026-10-07
2010-07-10,3.3610166657376928,%,dulieukinhte,D,2026-10-07
2010-07-12,3.3610166657376928,%,dulieukinhte,D,2026-10-07
2010-07-13,3.3610166657376928,%,dulieukinhte,D,2026-10-07
2010-07-14,3.3610166657376928,%,dulieukinhte,D,2026-10-07
2010-07-15,3.3610166657376928,%,dulieukinhte,D,2026-10-07
2010-07-16,3.3610166657376928,%,dulieukinhte,D,2026-10-07
2010-07-17,3.3610166657376928,%,dulieukinhte,D,2026-10-07
2010-07-19,3.3610166657376928,%,dulieukinhte,D,2026-10-07
2010-07-20,3.3610166657376928,%,dulieukinhte,D,2026-10-07
2010-07-21,3.3610166657376928,%,dulieukinhte,D,2026-10-07
2010-07-22,3.3610166657376928,%,dulieukinhte,D,2026-10-07
2010-07-23,3.3610166657376928,%,dulieukinhte,D,2026-10-07
2010-07-24,3.3610166657376928,%,dulieukinhte,D,2026-10-07
2010-07-26,3.3610166657376928,%,dulieukinhte,D,2026-10-07
2010-07-29,3.3610166657376928,%,dulieukinhte,D,2026-10-07
2010-07-30,3.3610166657376928,%,dulieukinhte,D,2026-10-07
2010-07-31,3.3610166657376928,%,dulieukinhte,D,2026-10-07
2010-08-02,3.3610166657376928,%,dulieukinhte,D,2026-10-07
2010-08-03,3.3610166657376928,%,dulieukinhte,D,2026-10-07
2010-08-04,3.3610166657376928,%,dulieukinhte,D,2026-10-07
2010-08-05,3.3610166657376928,%,dulieukinhte,D,2026-10-07
2010-08-06,3.3610166657376928,%,dulieukinhte,D,2026-10-07
2010-08-09,3.3610166657376928,%,dulieukinhte,D,2026-10-07
2010-08-10,3.3610166657376928,%,dulieukinhte,D,2026-10-07
2010-08-11,3.3610166657376928,%,dulieukinhte,D,2026-10-07
2010-08-12,3.3610166657376928,%,dulieukinhte,D,2026-10-07
2010-08-13,3.3610166657376928,%,dulieukinhte,D,2026-10-07
2010-08-14,3.3610166657376928,%,dulieukinhte,D,2026-10-07
2010-08-16,3.3610166657376928,%,dulieukinhte,D,2026-10-07
2010-08-17,3.3610166657376928,%,dulieukinhte,D,2026-10-07
2010-08-18,5.523660888467763,%,dulieukinhte,D,2026-10-07
2010-08-19,5.523660888467763,%,dulieukinhte,D,2026-10-07
2010-08-20,5.523660888467763,%,dulieukinhte,D,2026-10-07
2010-08-23,5.523660888467763,%,dulieukinhte,D,2026-10-07
2010-08-24,5.523660888467763,%,dulieukinhte,D,2026-10-07
2010-08-25,5.523660888467763,%,dulieukinhte,D,2026-10-07
2010-08-26,5.523660888467763,%,dulieukinhte,D,2026-10-07
2010-08-31,5.523660888467763,%,dulieukinhte,D,2026-10-07
2010-09-01,5.523660888467763,%,dulieukinhte,D,2026-10-07
2010-09-03,5.523660888467763,%,dulieukinhte,D,2026-10-07
2010-09-06,5.523660888467763,%,dulieukinhte,D,2026-10-07
2010-09-07,5.523660888467763,%,dulieukinhte,D,2026-10-07
2010-09-08,5.523660888467763,%,dulieukinhte,D,2026-10-07
2010-09-09,5.523660888467763,%,dulieukinhte,D,2026-10-07
2010-09-10,5.523660888467763,%,dulieukinhte,D,2026-10-07
2010-09-13,5.523660888467763,%,dulieukinhte,D,2026-10-07
2010-09-14,5.523660888467763,%,dulieukinhte,D,2026-10-07
2010-09-15,5.523660888467763,%,dulieukinhte,D,2026-10-07
2010-09-16,5.523660888467763,%,dulieukinhte,D,2026-10-07
2010-09-17,5.523660888467763,%,dulieukinhte,D,2026-10-07
2010-09-18,5.523660888467763,%,dulieukinhte,D,2026-10-07
2010-09-20,5.523660888467763,%,dulieukinhte,D,2026-10-07
2010-09-21,5.523660888467763,%,dulieukinhte,D,2026-10-07
2010-09-22,5.523660888467763,%,dulieukinhte,D,2026-10-07
2010-09-23,5.523660888467763,%,dulieukinhte,D,2026-10-07
2010-09-24,5.523660888467763,%,dulieukinhte,D,2026-10-07
2010-09-25,5.523660888467763,%,dulieukinhte,D,2026-10-07
2010-09-27,5.523660888467763,%,dulieukinhte,D,2026-10-07
2010-09-28,5.523660888467763,%,dulieukinhte,D,2026-10-07
2010-09-29,5.523660888467763,%,dulieukinhte,D,2026-10-07
2010-10-02,5.523660888467763,%,dulieukinhte,D,2026-10-07
2010-10-04,5.523660888467763,%,dulieukinhte,D,2026-10-07
2010-10-05,5.523660888467763,%,dulieukinhte,D,2026-10-07
2010-10-06,5.523660888467763,%,dulieukinhte,D,2026-10-07
2010-10-07,5.523660888467763,%,dulieukinhte,D,2026-10-07
2010-10-08,5.523660888467763,%,dulieukinhte,D,2026-10-07
2010-10-11,5.523660888467763,%,dulieukinhte,D,2026-10-07
2010-10-12,5.523660888467763,%,dulieukinhte,D,2026-10-07
2010-10-13,5.523660888467763,%,dulieukinhte,D,2026-10-07
2010-10-14,5.523660888467763,%,dulieukinhte,D,2026-10-07
2010-10-15,5.523660888467763,%,dulieukinhte,D,2026-10-07
2010-10-18,5.523660888467763,%,dulieukinhte,D,2026-10-07
2010-10-19,5.523660888467763,%,dulieukinhte,D,2026-10-07
2010-10-20,5.523660888467763,%,dulieukinhte,D,2026-10-07
2010-10-21,5.523660888467763,%,dulieukinhte,D,2026-10-07
2010-10-22,5.523660888467763,%,dulieukinhte,D,2026-10-07
2010-10-23,5.523660888467763,%,dulieukinhte,D,2026-10-07
2010-10-25,5.523660888467763,%,dulieukinhte,D,2026-10-07
2010-10-26,5.523660888467763,%,dulieukinhte,D,2026-10-07
2010-10-27,5.523660888467763,%,dulieukinhte,D,2026-10-07
2010-10-28,5.523660888467763,%,dulieukinhte,D,2026-10-07
2010-10-29,5.523660888467763,%,dulieukinhte,D,2026-10-07
2010-10-30,5.523660888467763,%,dulieukinhte,D,2026-10-07
2010-11-03,5.523660888467763,%,dulieukinhte,D,2026-10-07
2010-11-04,5.523660888467763,%,dulieukinhte,D,2026-10-07
2010-11-05,5.523660888467763,%,dulieukinhte,D,2026-10-07
2010-11-06,5.523660888467763,%,dulieukinhte,D,2026-10-07
2010-11-08,5.523660888467763,%,dulieukinhte,D,2026-10-07
2010-11-09,5.523660888467763,%,dulieukinhte,D,2026-10-07
2010-11-10,5.523660888467763,%,dulieukinhte,D,2026-10-07
2010-11-11,5.523660888467763,%,dulieukinhte,D,2026-10-07
2010-11-12,5.523660888467763,%,dulieukinhte,D,2026-10-07
2010-11-13,5.523660888467763,%,dulieukinhte,D,2026-10-07
2010-11-15,5.523660888467763,%,dulieukinhte,D,2026-10-07
2010-11-16,5.523660888467763,%,dulieukinhte,D,2026-10-07
2010-11-17,5.523660888467763,%,dulieukinhte,D,2026-10-07
2010-11-18,5.523660888467763,%,dulieukinhte,D,2026-10-07
2010-11-19,5.523660888467763,%,dulieukinhte,D,2026-10-07
2010-11-20,5.523660888467763,%,dulieukinhte,D,2026-10-07
2010-11-22,5.523660888467763,%,dulieukinhte,D,2026-10-07
2010-11-23,5.523660888467763,%,dulieukinhte,D,2026-10-07
2010-11-24,5.523660888467763,%,dulieukinhte,D,2026-10-07
2010-11-25,5.523660888467763,%,dulieukinhte,D,2026-10-07
2010-11-26,5.523660888467763,%,dulieukinhte,D,2026-10-07
2010-11-27,5.523660888467763,%,dulieukinhte,D,2026-10-07
2010-11-29,5.523660888467763,%,dulieukinhte,D,2026-10-07
2010-12-02,5.523660888467763,%,dulieukinhte,D,2026-10-07
2010-12-03,5.523660888467763,%,dulieukinhte,D,2026-10-07
2010-12-06,5.523660888467763,%,dulieukinhte,D,2026-10-07
2010-12-07,5.523660888467763,%,dulieukinhte,D,2026-10-07
2010-12-08,5.523660888467763,%,dulieukinhte,D,2026-10-07
2010-12-09,5.523660888467763,%,dulieukinhte,D,2026-10-07
2010-12-10,5.523660888467763,%,dulieukinhte,D,2026-10-07
2010-12-11,5.523660888467763,%,dulieukinhte,D,2026-10-07
2010-12-13,5.523660888467763,%,dulieukinhte,D,2026-10-07
2010-12-14,5.523660888467763,%,dulieukinhte,D,2026-10-07
2010-12-15,5.523660888467763,%,dulieukinhte,D,2026-10-07
2010-12-16,5.523660888467763,%,dulieukinhte,D,2026-10-07
2010-12-17,5.523660888467763,%,dulieukinhte,D,2026-10-07
2010-12-18,5.523660888467763,%,dulieukinhte,D,2026-10-07
2010-12-20,5.523660888467763,%,dulieukinhte,D,2026-10-07
2010-12-21,5.523660888467763,%,dulieukinhte,D,2026-10-07
2010-12-23,5.523660888467763,%,dulieukinhte,D,2026-10-07
2010-12-24,5.523660888467763,%,dulieukinhte,D,2026-10-07
2010-12-25,5.523660888467763,%,dulieukinhte,D,2026-10-07
2010-12-28,5.523660888467763,%,dulieukinhte,D,2026-10-07
2010-12-29,5.523660888467763,%,dulieukinhte,D,2026-10-07
2010-12-30,5.523660888467763,%,dulieukinhte,D,2026-10-07
2010-12-31,5.523660888467763,%,dulieukinhte,D,2026-10-07
2011-03-08,9.143249524614404,%,dulieukinhte,D,2026-10-07
2011-03-09,9.169659835199662,%,dulieukinhte,D,2026-10-07
2011-03-10,9.196070145784919,%,dulieukinhte,D,2026-10-07
2011-03-11,9.169659835199662,%,dulieukinhte,D,2026-10-07
2011-03-12,9.143249524614404,%,dulieukinhte,D,2026-10-07
2011-03-14,9.143249524614404,%,dulieukinhte,D,2026-10-07
2011-03-15,9.143249524614404,%,dulieukinhte,D,2026-10-07
2011-03-16,9.116839214029149,%,dulieukinhte,D,2026-10-07
2011-03-17,9.116839214029149,%,dulieukinhte,D,2026-10-07
2011-03-18,9.143249524614404,%,dulieukinhte,D,2026-10-07
2011-03-19,9.196070145784919,%,dulieukinhte,D,2026-10-07
2011-03-21,9.196070145784919,%,dulieukinhte,D,2026-10-07
2011-03-22,9.248890766955409,%,dulieukinhte,D,2026-10-07
2011-03-23,9.275301077540664,%,dulieukinhte,D,2026-10-07
2011-03-24,9.275301077540664,%,dulieukinhte,D,2026-10-07
2011-03-25,9.248890766955409,%,dulieukinhte,D,2026-10-07
2011-03-26,9.301711388125922,%,dulieukinhte,D,2026-10-07
2011-03-28,9.301711388125922,%,dulieukinhte,D,2026-10-07
2011-03-29,9.275301077540664,%,dulieukinhte,D,2026-10-07
2011-03-30,9.328121698711179,%,dulieukinhte,D,2026-10-07
2011-03-31,9.354532009296435,%,dulieukinhte,D,2026-10-07
2011-04-01,9.38094231988169,%,dulieukinhte,D,2026-10-07
2011-04-02,9.354532009296435,%,dulieukinhte,D,2026-10-07
2011-04-04,9.354532009296435,%,dulieukinhte,D,2026-10-07
2011-04-05,9.407352630466924,%,dulieukinhte,D,2026-10-07
2011-04-08,9.433762941052182,%,dulieukinhte,D,2026-10-07
2011-04-09,9.407352630466924,%,dulieukinhte,D,2026-10-07
2011-04-11,9.460173251637439,%,dulieukinhte,D,2026-10-07
2011-04-13,9.460173251637439,%,dulieukinhte,D,2026-10-07
2011-04-14,9.433762941052182,%,dulieukinhte,D,2026-10-07
2011-04-15,9.460173251637439,%,dulieukinhte,D,2026-10-07
2011-04-16,9.486583562222695,%,dulieukinhte,D,2026-10-07
2011-04-18,9.486583562222695,%,dulieukinhte,D,2026-10-07
2011-04-19,9.51299387280795,%,dulieukinhte,D,2026-10-07
2011-04-20,9.486583562222695,%,dulieukinhte,D,2026-10-07
2011-04-21,9.460173251637439,%,dulieukinhte,D,2026-10-07
2011-04-22,9.433762941052182,%,dulieukinhte,D,2026-10-07
2011-04-23,9.38094231988169,%,dulieukinhte,D,2026-10-07
2011-04-25,9.38094231988169,%,dulieukinhte,D,2026-10-07
2011-04-26,9.354532009296435,%,dulieukinhte,D,2026-10-07
2011-04-27,9.328121698711179,%,dulieukinhte,D,2026-10-07
2011-04-28,9.301711388125922,%,dulieukinhte,D,2026-10-07
2011-04-29,9.328121698711179,%,dulieukinhte,D,2026-10-07
2011-05-04,9.354532009296435,%,dulieukinhte,D,2026-10-07
2011-05-05,9.38094231988169,%,dulieukinhte,D,2026-10-07
2011-05-06,9.354532009296435,%,dulieukinhte,D,2026-10-07
2011-05-07,9.38094231988169,%,dulieukinhte,D,2026-10-07
2011-05-09,9.38094231988169,%,dulieukinhte,D,2026-10-07
2011-05-12,9.301711388125922,%,dulieukinhte,D,2026-10-07
2011-05-13,9.275301077540664,%,dulieukinhte,D,2026-10-07
2011-05-14,9.222480456370175,%,dulieukinhte,D,2026-10-07
2011-05-16,9.222480456370175,%,dulieukinhte,D,2026-10-07
2011-05-17,9.196070145784919,%,dulieukinhte,D,2026-10-07
2011-05-18,9.196070145784919,%,dulieukinhte,D,2026-10-07
2011-05-19,9.196070145784919,%,dulieukinhte,D,2026-10-07
2011-05-20,9.196070145784919,%,dulieukinhte,D,2026-10-07
2011-05-21,9.196070145784919,%,dulieukinhte,D,2026-10-07
2011-05-23,9.196070145784919,%,dulieukinhte,D,2026-10-07
2011-05-24,9.169659835199662,%,dulieukinhte,D,2026-10-07
2011-05-25,9.143249524614404,%,dulieukinhte,D,2026-10-07
2011-05-26,9.116839214029149,%,dulieukinhte,D,2026-10-07
2011-05-27,9.090428903443915,%,dulieukinhte,D,2026-10-07
2011-05-28,9.037608282273402,%,dulieukinhte,D,2026-10-07
2011-05-30,9.037608282273402,%,dulieukinhte,D,2026-10-07
2011-05-31,9.037608282273402,%,dulieukinhte,D,2026-10-07
2011-06-01,9.011197971688144,%,dulieukinhte,D,2026-10-07
2011-06-02,9.011197971688144,%,dulieukinhte,D,2026-10-07
2011-06-03,8.984787661102889,%,dulieukinhte,D,2026-10-07
2011-06-04,8.958377350517633,%,dulieukinhte,D,2026-10-07
2011-06-06,8.958377350517633,%,dulieukinhte,D,2026-10-07
2011-06-07,8.958377350517633,%,dulieukinhte,D,2026-10-07
2011-06-10,8.931967039932399,%,dulieukinhte,D,2026-10-07
2011-06-11,8.905556729347142,%,dulieukinhte,D,2026-10-07
2011-06-13,8.905556729347142,%,dulieukinhte,D,2026-10-07
2011-06-14,8.905556729347142,%,dulieukinhte,D,2026-10-07
2011-06-15,8.905556729347142,%,dulieukinhte,D,2026-10-07
2011-06-16,8.905556729347142,%,dulieukinhte,D,2026-10-07
2011-06-17,8.905556729347142,%,dulieukinhte,D,2026-10-07
2011-06-18,8.905556729347142,%,dulieukinhte,D,2026-10-07
2011-06-20,8.905556729347142,%,dulieukinhte,D,2026-10-07
2011-06-21,8.905556729347142,%,dulieukinhte,D,2026-10-07
2011-06-22,8.905556729347142,%,dulieukinhte,D,2026-10-07
2011-06-23,8.905556729347142,%,dulieukinhte,D,2026-10-07
2011-06-24,8.905556729347142,%,dulieukinhte,D,2026-10-07
2011-06-25,8.905556729347142,%,dulieukinhte,D,2026-10-07
2011-06-27,8.905556729347142,%,dulieukinhte,D,2026-10-07
2011-06-28,8.931967039932399,%,dulieukinhte,D,2026-10-07
2011-06-29,8.905556729347142,%,dulieukinhte,D,2026-10-07
2011-06-30,8.905556729347142,%,dulieukinhte,D,2026-10-07
2011-07-01,8.905556729347142,%,dulieukinhte,D,2026-10-07
2011-07-02,8.879146418761884,%,dulieukinhte,D,2026-10-07
2011-07-04,8.879146418761884,%,dulieukinhte,D,2026-10-07
2011-07-05,8.879146418761884,%,dulieukinhte,D,2026-10-07
2011-07-06,8.879146418761884,%,dulieukinhte,D,2026-10-07
2011-07-07,8.879146418761884,%,dulieukinhte,D,2026-10-07
2011-07-08,8.879146418761884,%,dulieukinhte,D,2026-10-07
2011-07-09,8.852736108176629,%,dulieukinhte,D,2026-10-07
2011-07-11,8.852736108176629,%,dulieukinhte,D,2026-10-07
2011-07-12,8.852736108176629,%,dulieukinhte,D,2026-10-07
2011-07-13,8.852736108176629,%,dulieukinhte,D,2026-10-07
2011-07-14,8.852736108176629,%,dulieukinhte,D,2026-10-07
2011-07-15,8.852736108176629,%,dulieukinhte,D,2026-10-07
2011-07-16,8.852736108176629,%,dulieukinhte,D,2026-10-07
2011-07-18,8.852736108176629,%,dulieukinhte,D,2026-10-07
2011-07-19,8.852736108176629,%,dulieukinhte,D,2026-10-07
2011-07-20,8.852736108176629,%,dulieukinhte,D,2026-10-07
2011-07-21,8.852736108176629,%,dulieukinhte,D,2026-10-07
2011-07-22,8.852736108176629,%,dulieukinhte,D,2026-10-07
2011-07-23,8.852736108176629,%,dulieukinhte,D,2026-10-07
2011-07-25,8.852736108176629,%,dulieukinhte,D,2026-10-07
2011-07-26,8.852736108176629,%,dulieukinhte,D,2026-10-07
2011-07-27,8.852736108176629,%,dulieukinhte,D,2026-10-07
2011-07-28,8.852736108176629,%,dulieukinhte,D,2026-10-07
2011-07-29,8.852736108176629,%,dulieukinhte,D,2026-10-07
2011-07-30,8.852736108176629,%,dulieukinhte,D,2026-10-07
2011-08-01,8.852736108176629,%,dulieukinhte,D,2026-10-07
2011-08-02,8.852736108176629,%,dulieukinhte,D,2026-10-07
2011-08-03,8.852736108176629,%,dulieukinhte,D,2026-10-07
2011-08-04,8.852736108176629,%,dulieukinhte,D,2026-10-07
2011-08-05,8.852736108176629,%,dulieukinhte,D,2026-10-07
2011-08-06,8.852736108176629,%,dulieukinhte,D,2026-10-07
2011-08-08,8.852736108176629,%,dulieukinhte,D,2026-10-07
2011-08-09,8.852736108176629,%,dulieukinhte,D,2026-10-07
2011-08-10,8.905556729347142,%,dulieukinhte,D,2026-10-07
2011-08-11,8.905556729347142,%,dulieukinhte,D,2026-10-07
2011-08-12,8.905556729347142,%,dulieukinhte,D,2026-10-07
2011-08-13,8.905556729347142,%,dulieukinhte,D,2026-10-07
2011-08-15,8.905556729347142,%,dulieukinhte,D,2026-10-07
2011-08-16,8.905556729347142,%,dulieukinhte,D,2026-10-07
2011-08-17,8.905556729347142,%,dulieukinhte,D,2026-10-07
2011-08-18,8.905556729347142,%,dulieukinhte,D,2026-10-07
2011-08-19,8.905556729347142,%,dulieukinhte,D,2026-10-07
2011-08-20,8.905556729347142,%,dulieukinhte,D,2026-10-07
2011-08-22,8.905556729347142,%,dulieukinhte,D,2026-10-07
2011-08-23,8.905556729347142,%,dulieukinhte,D,2026-10-07
2011-08-24,8.958377350517633,%,dulieukinhte,D,2026-10-07
2011-08-25,8.958377350517633,%,dulieukinhte,D,2026-10-07
2011-08-26,8.958377350517633,%,dulieukinhte,D,2026-10-07
2011-08-27,8.958377350517633,%,dulieukinhte,D,2026-10-07
2011-08-29,8.958377350517633,%,dulieukinhte,D,2026-10-07
2011-08-30,8.958377350517633,%,dulieukinhte,D,2026-10-07
2011-08-31,8.958377350517633,%,dulieukinhte,D,2026-10-07
2011-09-01,8.958377350517633,%,dulieukinhte,D,2026-10-07
2011-09-05,8.958377350517633,%,dulieukinhte,D,2026-10-07
2011-09-06,8.958377350517633,%,dulieukinhte,D,2026-10-07
2011-09-07,8.958377350517633,%,dulieukinhte,D,2026-10-07
2011-09-08,8.958377350517633,%,dulieukinhte,D,2026-10-07
2011-09-09,8.958377350517633,%,dulieukinhte,D,2026-10-07
2011-09-10,8.958377350517633,%,dulieukinhte,D,2026-10-07
2011-09-12,8.958377350517633,%,dulieukinhte,D,2026-10-07
2011-09-13,8.958377350517633,%,dulieukinhte,D,2026-10-07
2011-09-14,8.958377350517633,%,dulieukinhte,D,2026-10-07
2011-09-15,8.958377350517633,%,dulieukinhte,D,2026-10-07
2011-09-16,8.958377350517633,%,dulieukinhte,D,2026-10-07
2011-09-17,8.958377350517633,%,dulieukinhte,D,2026-10-07
2011-09-19,8.958377350517633,%,dulieukinhte,D,2026-10-07
2011-09-20,8.958377350517633,%,dulieukinhte,D,2026-10-07
2011-09-21,8.958377350517633,%,dulieukinhte,D,2026-10-07
2011-09-22,8.958377350517633,%,dulieukinhte,D,2026-10-07
2011-09-23,8.958377350517633,%,dulieukinhte,D,2026-10-07
2011-09-24,8.958377350517633,%,dulieukinhte,D,2026-10-07
2011-09-26,8.958377350517633,%,dulieukinhte,D,2026-10-07
2011-09-27,8.958377350517633,%,dulieukinhte,D,2026-10-07
2011-09-28,8.958377350517633,%,dulieukinhte,D,2026-10-07
2011-09-29,8.958377350517633,%,dulieukinhte,D,2026-10-07
2011-09-30,8.958377350517633,%,dulieukinhte,D,2026-10-07
2011-10-01,8.958377350517633,%,dulieukinhte,D,2026-10-07
2011-10-03,8.958377350517633,%,dulieukinhte,D,2026-10-07
2011-10-04,8.958377350517633,%,dulieukinhte,D,2026-10-07
2011-10-07,9.090428903443915,%,dulieukinhte,D,2026-10-07
2011-10-08,9.090428903443915,%,dulieukinhte,D,2026-10-07
2011-10-10,9.090428903443915,%,dulieukinhte,D,2026-10-07
2011-10-11,9.169659835199662,%,dulieukinhte,D,2026-10-07
2011-10-12,9.169659835199662,%,dulieukinhte,D,2026-10-07
2011-10-13,9.222480456370175,%,dulieukinhte,D,2026-10-07
2011-10-14,9.275301077540664,%,dulieukinhte,D,2026-10-07
2011-10-15,9.38094231988169,%,dulieukinhte,D,2026-10-07
2011-10-17,9.38094231988169,%,dulieukinhte,D,2026-10-07
2011-10-18,9.460173251637439,%,dulieukinhte,D,2026-10-07
2011-10-19,9.51299387280795,%,dulieukinhte,D,2026-10-07
2011-10-20,9.539404183393208,%,dulieukinhte,D,2026-10-07
2011-10-21,9.592224804563699,%,dulieukinhte,D,2026-10-07
2011-10-22,9.592224804563699,%,dulieukinhte,D,2026-10-07
2011-10-24,9.592224804563699,%,dulieukinhte,D,2026-10-07
2011-10-25,9.592224804563699,%,dulieukinhte,D,2026-10-07
2011-10-26,9.697866046904702,%,dulieukinhte,D,2026-10-07
2011-10-27,9.803507289245728,%,dulieukinhte,D,2026-10-07
2011-10-28,9.882738221001475,%,dulieukinhte,D,2026-10-07
2011-10-29,9.882738221001475,%,dulieukinhte,D,2026-10-07
2011-10-31,9.882738221001475,%,dulieukinhte,D,2026-10-07
2011-11-01,9.882738221001475,%,dulieukinhte,D,2026-10-07
2011-11-02,9.882738221001475,%,dulieukinhte,D,2026-10-07
2011-11-05,9.882738221001475,%,dulieukinhte,D,2026-10-07
2011-11-07,9.882738221001475,%,dulieukinhte,D,2026-10-07
2011-11-08,9.882738221001475,%,dulieukinhte,D,2026-10-07
2011-11-09,9.882738221001475,%,dulieukinhte,D,2026-10-07
2011-11-10,9.882738221001475,%,dulieukinhte,D,2026-10-07
2011-11-11,9.882738221001475,%,dulieukinhte,D,2026-10-07
2011-11-12,9.882738221001475,%,dulieukinhte,D,2026-10-07
2011-11-14,9.882738221001475,%,dulieukinhte,D,2026-10-07
2011-11-15,9.882738221001475,%,dulieukinhte,D,2026-10-07
2011-11-16,9.882738221001475,%,dulieukinhte,D,2026-10-07
2011-11-17,9.882738221001475,%,dulieukinhte,D,2026-10-07
2011-11-18,9.882738221001475,%,dulieukinhte,D,2026-10-07
2011-11-19,9.882738221001475,%,dulieukinhte,D,2026-10-07
2011-11-21,9.882738221001475,%,dulieukinhte,D,2026-10-07
2011-11-22,9.882738221001475,%,dulieukinhte,D,2026-10-07
2011-11-23,9.882738221001475,%,dulieukinhte,D,2026-10-07
2011-11-24,9.882738221001475,%,dulieukinhte,D,2026-10-07
2011-11-25,9.882738221001475,%,dulieukinhte,D,2026-10-07
2011-11-26,9.882738221001475,%,dulieukinhte,D,2026-10-07
2011-11-28,9.882738221001475,%,dulieukinhte,D,2026-10-07
2011-11-29,9.882738221001475,%,dulieukinhte,D,2026-10-07
2011-11-30,9.882738221001475,%,dulieukinhte,D,2026-10-07
2011-12-01,9.882738221001475,%,dulieukinhte,D,2026-10-07
2011-12-05,9.882738221001475,%,dulieukinhte,D,2026-10-07
2011-12-06,9.882738221001475,%,dulieukinhte,D,2026-10-07
2011-12-07,9.882738221001475,%,dulieukinhte,D,2026-10-07
2011-12-08,9.882738221001475,%,dulieukinhte,D,2026-10-07
2011-12-09,9.882738221001475,%,dulieukinhte,D,2026-10-07
2011-12-10,9.882738221001475,%,dulieukinhte,D,2026-10-07
2011-12-12,9.882738221001475,%,dulieukinhte,D,2026-10-07
2011-12-13,9.882738221001475,%,dulieukinhte,D,2026-10-07
2011-12-14,9.935558842171988,%,dulieukinhte,D,2026-10-07
2011-12-15,9.935558842171988,%,dulieukinhte,D,2026-10-07
2011-12-16,9.935558842171988,%,dulieukinhte,D,2026-10-07
2011-12-17,9.935558842171988,%,dulieukinhte,D,2026-10-07
2011-12-19,9.935558842171988,%,dulieukinhte,D,2026-10-07
2011-12-20,9.935558842171988,%,dulieukinhte,D,2026-10-07
2011-12-21,9.935558842171988,%,dulieukinhte,D,2026-10-07
2011-12-22,9.935558842171988,%,dulieukinhte,D,2026-10-07
2011-12-23,9.935558842171988,%,dulieukinhte,D,2026-10-07
2011-12-24,10.014789773927735,%,dulieukinhte,D,2026-10-07
2011-12-26,10.014789773927735,%,dulieukinhte,D,2026-10-07
2011-12-27,10.014789773927735,%,dulieukinhte,D,2026-10-07
2011-12-28,10.014789773927735,%,dulieukinhte,D,2026-10-07
2011-12-29,10.014789773927735,%,dulieukinhte,D,2026-10-07
2011-12-30,10.014789773927735,%,dulieukinhte,D,2026-10-07
2011-12-31,10.014789773927735,%,dulieukinhte,D,2026-10-07
2012-01-03,0.0,%,dulieukinhte,D,2026-10-07
2012-01-04,0.0,%,dulieukinhte,D,2026-10-07
2012-01-05,0.0,%,dulieukinhte,D,2026-10-07
2012-01-06,0.0,%,dulieukinhte,D,2026-10-07
2012-01-10,0.0,%,dulieukinhte,D,2026-10-07
2012-01-11,0.0,%,dulieukinhte,D,2026-10-07
2012-01-12,0.0,%,dulieukinhte,D,2026-10-07
2012-01-13,0.0,%,dulieukinhte,D,2026-10-07
2012-01-14,0.0,%,dulieukinhte,D,2026-10-07
2012-01-16,0.0,%,dulieukinhte,D,2026-10-07
2012-01-17,0.0,%,dulieukinhte,D,2026-10-07
2012-01-18,0.0,%,dulieukinhte,D,2026-10-07
2012-01-19,0.0,%,dulieukinhte,D,2026-10-07
2012-01-20,0.0,%,dulieukinhte,D,2026-10-07
2012-01-21,0.0,%,dulieukinhte,D,2026-10-07
2012-01-27,0.0,%,dulieukinhte,D,2026-10-07
2012-01-28,0.0,%,dulieukinhte,D,2026-10-07
2012-01-30,0.0,%,dulieukinhte,D,2026-10-07
2012-01-31,0.0,%,dulieukinhte,D,2026-10-07
2012-02-01,0.0,%,dulieukinhte,D,2026-10-07
2012-02-02,0.0,%,dulieukinhte,D,2026-10-07
2012-02-03,0.0,%,dulieukinhte,D,2026-10-07
2012-02-04,0.0,%,dulieukinhte,D,2026-10-07
2012-02-06,0.0,%,dulieukinhte,D,2026-10-07
2012-02-07,0.0,%,dulieukinhte,D,2026-10-07
2012-02-08,0.0,%,dulieukinhte,D,2026-10-07
2012-02-09,0.0,%,dulieukinhte,D,2026-10-07
2012-02-10,0.0,%,dulieukinhte,D,2026-10-07
2012-02-11,0.0,%,dulieukinhte,D,2026-10-07
2012-02-13,0.0,%,dulieukinhte,D,2026-10-07
2012-02-14,0.0,%,dulieukinhte,D,2026-10-07
2012-02-15,0.0,%,dulieukinhte,D,2026-10-07
2012-02-16,0.0,%,dulieukinhte,D,2026-10-07
2012-02-17,0.0,%,dulieukinhte,D,2026-10-07
2012-02-18,0.0,%,dulieukinhte,D,2026-10-07
2012-02-20,0.0,%,dulieukinhte,D,2026-10-07
2012-02-21,0.0,%,dulieukinhte,D,2026-10-07
2012-02-22,0.0,%,dulieukinhte,D,2026-10-07
2012-02-23,0.0,%,dulieukinhte,D,2026-10-07
2012-02-24,0.0,%,dulieukinhte,D,2026-10-07
2012-02-25,0.0,%,dulieukinhte,D,2026-10-07
2012-02-27,0.0,%,dulieukinhte,D,2026-10-07
2012-02-28,0.0,%,dulieukinhte,D,2026-10-07
2012-02-29,0.0,%,dulieukinhte,D,2026-10-07
2012-03-01,0.0,%,dulieukinhte,D,2026-10-07
2012-03-02,0.0,%,dulieukinhte,D,2026-10-07
2012-03-03,0.0,%,dulieukinhte,D,2026-10-07
2012-03-05,0.0,%,dulieukinhte,D,2026-10-07
2012-03-06,0.0,%,dulieukinhte,D,2026-10-07
2012-03-07,0.0,%,dulieukinhte,D,2026-10-07
2012-03-08,0.0,%,dulieukinhte,D,2026-10-07
2012-03-09,0.0,%,dulieukinhte,D,2026-10-07
2012-03-10,0.0,%,dulieukinhte,D,2026-10-07
2012-03-12,0.0,%,dulieukinhte,D,2026-10-07
2012-03-13,0.0,%,dulieukinhte,D,2026-10-07
2012-03-14,0.0,%,dulieukinhte,D,2026-10-07
2012-03-15,0.0,%,dulieukinhte,D,2026-10-07
2012-03-16,0.0,%,dulieukinhte,D,2026-10-07
2012-03-17,0.0,%,dulieukinhte,D,2026-10-07
2012-03-19,0.0,%,dulieukinhte,D,2026-10-07
2012-03-20,0.0,%,dulieukinhte,D,2026-10-07
2012-03-21,0.0,%,dulieukinhte,D,2026-10-07
2012-03-22,0.0,%,dulieukinhte,D,2026-10-07
2012-03-23,0.0,%,dulieukinhte,D,2026-10-07
2012-03-24,0.0,%,dulieukinhte,D,2026-10-07
2012-03-26,0.0,%,dulieukinhte,D,2026-10-07
2012-03-27,0.0,%,dulieukinhte,D,2026-10-07
2012-03-28,0.0,%,dulieukinhte,D,2026-10-07
2012-03-29,0.0,%,dulieukinhte,D,2026-10-07
2012-03-30,0.0,%,dulieukinhte,D,2026-10-07
2012-03-31,0.0,%,dulieukinhte,D,2026-10-07
2012-04-02,0.0,%,dulieukinhte,D,2026-10-07
2012-04-03,0.0,%,dulieukinhte,D,2026-10-07
2012-04-04,0.0,%,dulieukinhte,D,2026-10-07
2012-04-05,0.0,%,dulieukinhte,D,2026-10-07
2012-04-06,0.0,%,dulieukinhte,D,2026-10-07
2012-04-07,0.0,%,dulieukinhte,D,2026-10-07
2012-04-11,0.0,%,dulieukinhte,D,2026-10-07
2012-04-12,0.0,%,dulieukinhte,D,2026-10-07
2012-04-13,0.0,%,dulieukinhte,D,2026-10-07
2012-04-14,0.0,%,dulieukinhte,D,2026-10-07
2012-04-16,0.0,%,dulieukinhte,D,2026-10-07
2012-04-17,0.0,%,dulieukinhte,D,2026-10-07
2012-04-18,0.0,%,dulieukinhte,D,2026-10-07
2012-04-19,0.0,%,dulieukinhte,D,2026-10-07
2012-04-20,0.0,%,dulieukinhte,D,2026-10-07
2012-04-21,0.0,%,dulieukinhte,D,2026-10-07
2012-04-23,0.0,%,dulieukinhte,D,2026-10-07
2012-04-24,0.0,%,dulieukinhte,D,2026-10-07
2012-04-25,0.0,%,dulieukinhte,D,2026-10-07
2012-04-26,0.0,%,dulieukinhte,D,2026-10-07
2012-04-27,0.0,%,dulieukinhte,D,2026-10-07
2012-04-28,0.0,%,dulieukinhte,D,2026-10-07
2012-05-02,0.0,%,dulieukinhte,D,2026-10-07
2012-05-03,0.0,%,dulieukinhte,D,2026-10-07
2012-05-04,0.0,%,dulieukinhte,D,2026-10-07
2012-05-05,0.0,%,dulieukinhte,D,2026-10-07
2012-05-07,0.0,%,dulieukinhte,D,2026-10-07
2012-05-08,0.0,%,dulieukinhte,D,2026-10-07
2012-05-09,0.0,%,dulieukinhte,D,2026-10-07
2012-05-10,0.0,%,dulieukinhte,D,2026-10-07
2012-05-11,0.0,%,dulieukinhte,D,2026-10-07
2012-05-12,0.0,%,dulieukinhte,D,2026-10-07
2012-05-14,0.0,%,dulieukinhte,D,2026-10-07
2012-05-15,0.0,%,dulieukinhte,D,2026-10-07
2012-05-16,0.0,%,dulieukinhte,D,2026-10-07
2012-05-17,0.0,%,dulieukinhte,D,2026-10-07
2012-05-18,0.0,%,dulieukinhte,D,2026-10-07
2012-05-19,0.0,%,dulieukinhte,D,2026-10-07
2012-05-21,0.0,%,dulieukinhte,D,2026-10-07
2012-05-22,0.0,%,dulieukinhte,D,2026-10-07
2012-05-23,0.0,%,dulieukinhte,D,2026-10-07
2012-05-24,0.0,%,dulieukinhte,D,2026-10-07
2012-05-25,0.0,%,dulieukinhte,D,2026-10-07
2012-05-26,0.0,%,dulieukinhte,D,2026-10-07
2012-05-28,0.0,%,dulieukinhte,D,2026-10-07
2012-05-29,0.0,%,dulieukinhte,D,2026-10-07
2012-05-30,0.0,%,dulieukinhte,D,2026-10-07
2012-05-31,0.0,%,dulieukinhte,D,2026-10-07
2012-06-01,0.0,%,dulieukinhte,D,2026-10-07
2012-06-02,0.0,%,dulieukinhte,D,2026-10-07
2012-06-04,0.0,%,dulieukinhte,D,2026-10-07
2012-06-05,0.0,%,dulieukinhte,D,2026-10-07
2012-06-06,0.0,%,dulieukinhte,D,2026-10-07
2012-06-07,0.0,%,dulieukinhte,D,2026-10-07
2012-06-11,0.0,%,dulieukinhte,D,2026-10-07
2012-06-12,0.0,%,dulieukinhte,D,2026-10-07
2012-06-13,0.0,%,dulieukinhte,D,2026-10-07
2012-06-14,0.0,%,dulieukinhte,D,2026-10-07
2012-06-15,0.0,%,dulieukinhte,D,2026-10-07
2012-06-16,0.0,%,dulieukinhte,D,2026-10-07
2012-06-18,0.0,%,dulieukinhte,D,2026-10-07
2012-06-19,0.0,%,dulieukinhte,D,2026-10-07
2012-06-20,0.0,%,dulieukinhte,D,2026-10-07
2012-06-21,0.0,%,dulieukinhte,D,2026-10-07
2012-06-22,0.0,%,dulieukinhte,D,2026-10-07
2012-06-23,0.0,%,dulieukinhte,D,2026-10-07
2012-06-25,0.0,%,dulieukinhte,D,2026-10-07
2012-06-26,0.0,%,dulieukinhte,D,2026-10-07
2012-06-27,0.0,%,dulieukinhte,D,2026-10-07
2012-06-28,0.0,%,dulieukinhte,D,2026-10-07
2012-06-29,0.0,%,dulieukinhte,D,2026-10-07
2012-06-30,0.0,%,dulieukinhte,D,2026-10-07
2012-07-02,0.0,%,dulieukinhte,D,2026-10-07
2012-07-03,0.0,%,dulieukinhte,D,2026-10-07
2012-07-04,0.0,%,dulieukinhte,D,2026-10-07
2012-07-05,0.0,%,dulieukinhte,D,2026-10-07
2012-07-06,0.0,%,dulieukinhte,D,2026-10-07
2012-07-10,0.0,%,dulieukinhte,D,2026-10-07
2012-07-11,0.0,%,dulieukinhte,D,2026-10-07
2012-07-12,0.0,%,dulieukinhte,D,2026-10-07
2012-07-13,0.0,%,dulieukinhte,D,2026-10-07
2012-07-14,0.0,%,dulieukinhte,D,2026-10-07
2012-07-16,0.0,%,dulieukinhte,D,2026-10-07
2012-07-17,0.0,%,dulieukinhte,D,2026-10-07
2012-07-18,0.0,%,dulieukinhte,D,2026-10-07
2012-07-19,0.0,%,dulieukinhte,D,2026-10-07
2012-07-20,0.0,%,dulieukinhte,D,2026-10-07
2012-07-21,0.0,%,dulieukinhte,D,2026-10-07
2012-07-23,0.0,%,dulieukinhte,D,2026-10-07
2012-07-24,0.0,%,dulieukinhte,D,2026-10-07
2012-07-25,0.0,%,dulieukinhte,D,2026-10-07
2012-07-26,0.0,%,dulieukinhte,D,2026-10-07
2012-07-27,0.0,%,dulieukinhte,D,2026-10-07
2012-07-28,0.0,%,dulieukinhte,D,2026-10-07
2012-07-30,0.0,%,dulieukinhte,D,2026-10-07
2012-07-31,0.0,%,dulieukinhte,D,2026-10-07
2012-08-01,0.0,%,dulieukinhte,D,2026-10-07
2012-08-02,0.0,%,dulieukinhte,D,2026-10-07
2012-08-03,0.0,%,dulieukinhte,D,2026-10-07
2012-08-04,0.0,%,dulieukinhte,D,2026-10-07
2012-08-06,0.0,%,dulieukinhte,D,2026-10-07
2012-08-07,0.0,%,dulieukinhte,D,2026-10-07
2012-08-08,0.0,%,dulieukinhte,D,2026-10-07
2012-08-09,0.0,%,dulieukinhte,D,2026-10-07
2012-08-10,0.0,%,dulieukinhte,D,2026-10-07
2012-08-11,0.0,%,dulieukinhte,D,2026-10-07
2012-08-13,0.0,%,dulieukinhte,D,2026-10-07
2012-08-14,0.0,%,dulieukinhte,D,2026-10-07
2012-08-15,0.0,%,dulieukinhte,D,2026-10-07
2012-08-16,0.0,%,dulieukinhte,D,2026-10-07
2012-08-17,0.0,%,dulieukinhte,D,2026-10-07
2012-08-18,0.0,%,dulieukinhte,D,2026-10-07
2012-08-20,0.0,%,dulieukinhte,D,2026-10-07
2012-08-21,0.0,%,dulieukinhte,D,2026-10-07
2012-08-22,0.0,%,dulieukinhte,D,2026-10-07
2012-08-23,0.0,%,dulieukinhte,D,2026-10-07
2012-08-24,0.0,%,dulieukinhte,D,2026-10-07
2012-08-25,0.0,%,dulieukinhte,D,2026-10-07
2012-08-27,0.0,%,dulieukinhte,D,2026-10-07
2012-08-28,0.0,%,dulieukinhte,D,2026-10-07
2012-08-29,0.0,%,dulieukinhte,D,2026-10-07
2012-08-30,0.0,%,dulieukinhte,D,2026-10-07
2012-08-31,0.0,%,dulieukinhte,D,2026-10-07
2012-09-01,0.0,%,dulieukinhte,D,2026-10-07
2012-09-04,0.0,%,dulieukinhte,D,2026-10-07
2012-09-05,0.0,%,dulieukinhte,D,2026-10-07
2012-09-06,0.0,%,dulieukinhte,D,2026-10-07
2012-09-07,0.0,%,dulieukinhte,D,2026-10-07
2012-09-08,0.0,%,dulieukinhte,D,2026-10-07
2012-09-10,0.0,%,dulieukinhte,D,2026-10-07
2012-09-11,0.0,%,dulieukinhte,D,2026-10-07
2012-09-12,0.0,%,dulieukinhte,D,2026-10-07
2012-09-13,0.0,%,dulieukinhte,D,2026-10-07
2012-09-14,0.0,%,dulieukinhte,D,2026-10-07
2012-09-15,0.0,%,dulieukinhte,D,2026-10-07
2012-09-17,0.0,%,dulieukinhte,D,2026-10-07
2012-09-18,0.0,%,dulieukinhte,D,2026-10-07
2012-09-19,0.0,%,dulieukinhte,D,2026-10-07
2012-09-20,0.0,%,dulieukinhte,D,2026-10-07
2012-09-21,0.0,%,dulieukinhte,D,2026-10-07
2012-09-22,0.0,%,dulieukinhte,D,2026-10-07
2012-09-24,0.0,%,dulieukinhte,D,2026-10-07
2012-09-25,0.0,%,dulieukinhte,D,2026-10-07
2012-09-26,0.0,%,dulieukinhte,D,2026-10-07
2012-09-27,0.0,%,dulieukinhte,D,2026-10-07
2012-09-28,0.0,%,dulieukinhte,D,2026-10-07
2012-09-29,0.0,%,dulieukinhte,D,2026-10-07
2012-10-01,0.0,%,dulieukinhte,D,2026-10-07
2012-10-02,0.0,%,dulieukinhte,D,2026-10-07
2012-10-03,0.0,%,dulieukinhte,D,2026-10-07
2012-10-04,0.0,%,dulieukinhte,D,2026-10-07
2012-10-05,0.0,%,dulieukinhte,D,2026-10-07
2012-10-06,0.0,%,dulieukinhte,D,2026-10-07
2012-10-08,0.0,%,dulieukinhte,D,2026-10-07
2012-10-09,0.0,%,dulieukinhte,D,2026-10-07
2012-10-10,0.0,%,dulieukinhte,D,2026-10-07
2012-10-11,0.0,%,dulieukinhte,D,2026-10-07
2012-10-12,0.0,%,dulieukinhte,D,2026-10-07
2012-10-13,0.0,%,dulieukinhte,D,2026-10-07
2012-10-15,0.0,%,dulieukinhte,D,2026-10-07
2012-10-16,0.0,%,dulieukinhte,D,2026-10-07
2012-10-17,0.0,%,dulieukinhte,D,2026-10-07
2012-10-18,0.0,%,dulieukinhte,D,2026-10-07
2012-10-19,0.0,%,dulieukinhte,D,2026-10-07
2012-10-20,0.0,%,dulieukinhte,D,2026-10-07
2012-10-22,0.0,%,dulieukinhte,D,2026-10-07
2012-10-23,0.0,%,dulieukinhte,D,2026-10-07
2012-10-24,0.0,%,dulieukinhte,D,2026-10-07
2012-10-25,0.0,%,dulieukinhte,D,2026-10-07
2012-10-26,0.0,%,dulieukinhte,D,2026-10-07
2012-10-27,0.0,%,dulieukinhte,D,2026-10-07
2012-10-29,0.0,%,dulieukinhte,D,2026-10-07
2012-10-30,0.0,%,dulieukinhte,D,2026-10-07
2012-10-31,0.0,%,dulieukinhte,D,2026-10-07
2012-11-01,0.0,%,dulieukinhte,D,2026-10-07
2012-11-02,0.0,%,dulieukinhte,D,2026-10-07
2012-11-03,0.0,%,dulieukinhte,D,2026-10-07
2012-11-05,0.0,%,dulieukinhte,D,2026-10-07
2012-11-06,0.0,%,dulieukinhte,D,2026-10-07
2012-11-07,0.0,%,dulieukinhte,D,2026-10-07
2012-11-08,0.0,%,dulieukinhte,D,2026-10-07
2012-11-09,0.0,%,dulieukinhte,D,2026-10-07
2012-11-10,0.0,%,dulieukinhte,D,2026-10-07
2012-11-12,0.0,%,dulieukinhte,D,2026-10-07
2012-11-13,0.0,%,dulieukinhte,D,2026-10-07
2012-11-14,0.0,%,dulieukinhte,D,2026-10-07
2012-11-15,0.0,%,dulieukinhte,D,2026-10-07
2012-11-16,0.0,%,dulieukinhte,D,2026-10-07
2012-11-17,0.0,%,dulieukinhte,D,2026-10-07
2012-11-19,0.0,%,dulieukinhte,D,2026-10-07
2012-11-20,0.0,%,dulieukinhte,D,2026-10-07
2012-11-21,0.0,%,dulieukinhte,D,2026-10-07
2012-11-22,0.0,%,dulieukinhte,D,2026-10-07
2012-11-23,0.0,%,dulieukinhte,D,2026-10-07
2012-11-24,0.0,%,dulieukinhte,D,2026-10-07
2012-11-26,0.0,%,dulieukinhte,D,2026-10-07
2012-11-27,0.0,%,dulieukinhte,D,2026-10-07
2012-11-28,0.0,%,dulieukinhte,D,2026-10-07
2012-11-29,0.0,%,dulieukinhte,D,2026-10-07
2012-11-30,0.0,%,dulieukinhte,D,2026-10-07
2012-12-01,0.0,%,dulieukinhte,D,2026-10-07
2012-12-03,0.0,%,dulieukinhte,D,2026-10-07
2012-12-04,0.0,%,dulieukinhte,D,2026-10-07
2012-12-06,0.0,%,dulieukinhte,D,2026-10-07
2012-12-07,0.0,%,dulieukinhte,D,2026-10-07
2012-12-08,0.0,%,dulieukinhte,D,2026-10-07
2012-12-10,0.0,%,dulieukinhte,D,2026-10-07
2012-12-11,0.0,%,dulieukinhte,D,2026-10-07
2012-12-12,0.0,%,dulieukinhte,D,2026-10-07
2012-12-13,0.0,%,dulieukinhte,D,2026-10-07
2012-12-14,0.0,%,dulieukinhte,D,2026-10-07
2012-12-15,0.0,%,dulieukinhte,D,2026-10-07
2012-12-17,0.0,%,dulieukinhte,D,2026-10-07
2012-12-18,0.0,%,dulieukinhte,D,2026-10-07
2012-12-19,0.0,%,dulieukinhte,D,2026-10-07
2012-12-20,0.0,%,dulieukinhte,D,2026-10-07
2012-12-21,0.0,%,dulieukinhte,D,2026-10-07
2012-12-22,0.0,%,dulieukinhte,D,2026-10-07
2012-12-24,0.0,%,dulieukinhte,D,2026-10-07
2012-12-25,0.0,%,dulieukinhte,D,2026-10-07
2012-12-26,0.0,%,dulieukinhte,D,2026-10-07
2012-12-27,0.0,%,dulieukinhte,D,2026-10-07
2012-12-28,0.0,%,dulieukinhte,D,2026-10-07
2012-12-29,0.0,%,dulieukinhte,D,2026-10-07
2012-12-30,0.0,%,dulieukinhte,D,2026-10-07
2012-12-31,0.0,%,dulieukinhte,D,2026-10-07
2013-01-03,0.0,%,dulieukinhte,D,2026-10-07
2013-01-07,0.0,%,dulieukinhte,D,2026-10-07
2013-01-08,0.0,%,dulieukinhte,D,2026-10-07
2013-01-09,0.0,%,dulieukinhte,D,2026-10-07
2013-01-10,0.0,%,dulieukinhte,D,2026-10-07
2013-01-12,0.0,%,dulieukinhte,D,2026-10-07
2013-01-14,0.0,%,dulieukinhte,D,2026-10-07
2013-01-15,0.0,%,dulieukinhte,D,2026-10-07
2013-01-16,0.0,%,dulieukinhte,D,2026-10-07
2013-01-17,0.0,%,dulieukinhte,D,2026-10-07
2013-01-18,0.0,%,dulieukinhte,D,2026-10-07
2013-01-19,0.0,%,dulieukinhte,D,2026-10-07
2013-01-21,0.0,%,dulieukinhte,D,2026-10-07
2013-01-22,0.0,%,dulieukinhte,D,2026-10-07
2013-01-23,0.0,%,dulieukinhte,D,2026-10-07
2013-01-24,0.0,%,dulieukinhte,D,2026-10-07
2013-01-25,0.0,%,dulieukinhte,D,2026-10-07
2013-01-26,0.0,%,dulieukinhte,D,2026-10-07
2013-01-28,0.0,%,dulieukinhte,D,2026-10-07
2013-01-29,0.0,%,dulieukinhte,D,2026-10-07
2013-01-30,0.0,%,dulieukinhte,D,2026-10-07
2013-01-31,0.0,%,dulieukinhte,D,2026-10-07
2013-02-01,0.0,%,dulieukinhte,D,2026-10-07
2013-02-02,0.0,%,dulieukinhte,D,2026-10-07
2013-02-06,0.0,%,dulieukinhte,D,2026-10-07
2013-02-07,0.0,%,dulieukinhte,D,2026-10-07
2013-02-08,0.0,%,dulieukinhte,D,2026-10-07
2013-02-13,0.0,%,dulieukinhte,D,2026-10-07
2013-02-14,0.0,%,dulieukinhte,D,2026-10-07
2013-02-15,0.0,%,dulieukinhte,D,2026-10-07
2013-02-16,0.0,%,dulieukinhte,D,2026-10-07
2013-02-18,0.0,%,dulieukinhte,D,2026-10-07
2013-02-19,0.0,%,dulieukinhte,D,2026-10-07
2013-02-20,0.0,%,dulieukinhte,D,2026-10-07
2013-02-21,0.0,%,dulieukinhte,D,2026-10-07
2013-02-22,0.0,%,dulieukinhte,D,2026-10-07
2013-02-23,0.0,%,dulieukinhte,D,2026-10-07
2013-02-25,0.0,%,dulieukinhte,D,2026-10-07
2013-02-26,0.0,%,dulieukinhte,D,2026-10-07
2013-02-27,0.0,%,dulieukinhte,D,2026-10-07
2013-02-28,0.0,%,dulieukinhte,D,2026-10-07
2013-03-01,0.0,%,dulieukinhte,D,2026-10-07
2013-03-02,0.0,%,dulieukinhte,D,2026-10-07
2013-03-04,0.0,%,dulieukinhte,D,2026-10-07
2013-03-05,0.0,%,dulieukinhte,D,2026-10-07
2013-03-06,0.0,%,dulieukinhte,D,2026-10-07
2013-03-07,0.0,%,dulieukinhte,D,2026-10-07
2013-03-11,0.0,%,dulieukinhte,D,2026-10-07
2013-03-12,0.0,%,dulieukinhte,D,2026-10-07
2013-03-13,0.0,%,dulieukinhte,D,2026-10-07
2013-03-14,0.0,%,dulieukinhte,D,2026-10-07
2013-03-15,0.0,%,dulieukinhte,D,2026-10-07
2013-03-16,0.0,%,dulieukinhte,D,2026-10-07
2013-03-18,0.0,%,dulieukinhte,D,2026-10-07
2013-03-19,0.0,%,dulieukinhte,D,2026-10-07
2013-03-20,0.0,%,dulieukinhte,D,2026-10-07
2013-03-21,0.0,%,dulieukinhte,D,2026-10-07
2013-03-22,0.0,%,dulieukinhte,D,2026-10-07
2013-03-23,0.0,%,dulieukinhte,D,2026-10-07
2013-03-26,0.0,%,dulieukinhte,D,2026-10-07
2013-03-27,0.0,%,dulieukinhte,D,2026-10-07
2013-03-28,0.0,%,dulieukinhte,D,2026-10-07
2013-03-29,0.0,%,dulieukinhte,D,2026-10-07
2013-03-30,0.0,%,dulieukinhte,D,2026-10-07
2013-04-01,0.0,%,dulieukinhte,D,2026-10-07
2013-04-02,0.0,%,dulieukinhte,D,2026-10-07
2013-04-03,0.0,%,dulieukinhte,D,2026-10-07
2013-04-04,0.0,%,dulieukinhte,D,2026-10-07
2013-04-05,0.0,%,dulieukinhte,D,2026-10-07
2013-04-06,0.0,%,dulieukinhte,D,2026-10-07
2013-04-10,0.0,%,dulieukinhte,D,2026-10-07
2013-04-11,0.0,%,dulieukinhte,D,2026-10-07
2013-04-12,0.0,%,dulieukinhte,D,2026-10-07
2013-04-13,0.0,%,dulieukinhte,D,2026-10-07
2013-04-15,0.0,%,dulieukinhte,D,2026-10-07
2013-04-16,0.0,%,dulieukinhte,D,2026-10-07
2013-04-17,0.0,%,dulieukinhte,D,2026-10-07
2013-04-18,0.0,%,dulieukinhte,D,2026-10-07
2013-04-19,0.0,%,dulieukinhte,D,2026-10-07
2013-04-20,0.0,%,dulieukinhte,D,2026-10-07
2013-04-22,0.0,%,dulieukinhte,D,2026-10-07
2013-04-23,0.0,%,dulieukinhte,D,2026-10-07
2013-04-24,0.0,%,dulieukinhte,D,2026-10-07
2013-04-25,0.0,%,dulieukinhte,D,2026-10-07
2013-04-26,0.0,%,dulieukinhte,D,2026-10-07
2013-04-27,0.0,%,dulieukinhte,D,2026-10-07
2013-04-29,0.0,%,dulieukinhte,D,2026-10-07
2013-04-30,0.0,%,dulieukinhte,D,2026-10-07
2013-05-02,0.0,%,dulieukinhte,D,2026-10-07
2013-05-03,0.0,%,dulieukinhte,D,2026-10-07
2013-05-04,0.0,%,dulieukinhte,D,2026-10-07
2013-05-06,0.0,%,dulieukinhte,D,2026-10-07
2013-05-07,0.0,%,dulieukinhte,D,2026-10-07
2013-05-10,0.0,%,dulieukinhte,D,2026-10-07
2013-05-11,0.0,%,dulieukinhte,D,2026-10-07
2013-05-13,0.0,%,dulieukinhte,D,2026-10-07
2013-05-14,0.0,%,dulieukinhte,D,2026-10-07
2013-05-15,0.0,%,dulieukinhte,D,2026-10-07
2013-05-16,0.0,%,dulieukinhte,D,2026-10-07
2013-05-17,0.0,%,dulieukinhte,D,2026-10-07
2013-05-18,0.0,%,dulieukinhte,D,2026-10-07
2013-05-20,0.0,%,dulieukinhte,D,2026-10-07
2013-05-21,0.0,%,dulieukinhte,D,2026-10-07
2013-05-22,0.0,%,dulieukinhte,D,2026-10-07
2013-05-23,0.0,%,dulieukinhte,D,2026-10-07
2013-05-24,0.0,%,dulieukinhte,D,2026-10-07
2013-05-25,0.0,%,dulieukinhte,D,2026-10-07
2013-05-27,0.0,%,dulieukinhte,D,2026-10-07
2013-05-28,0.0,%,dulieukinhte,D,2026-10-07
2013-05-29,0.0,%,dulieukinhte,D,2026-10-07
2013-05-30,0.0,%,dulieukinhte,D,2026-10-07
2013-05-31,0.0,%,dulieukinhte,D,2026-10-07
2013-06-03,0.0,%,dulieukinhte,D,2026-10-07
2013-06-04,0.0,%,dulieukinhte,D,2026-10-07
2013-06-05,0.0,%,dulieukinhte,D,2026-10-07
2013-06-06,0.0,%,dulieukinhte,D,2026-10-07
2013-06-10,0.0,%,dulieukinhte,D,2026-10-07
2013-06-11,0.0,%,dulieukinhte,D,2026-10-07
2013-06-12,0.0,%,dulieukinhte,D,2026-10-07
2013-06-13,0.0,%,dulieukinhte,D,2026-10-07
2013-06-14,0.0,%,dulieukinhte,D,2026-10-07
2013-06-15,0.0,%,dulieukinhte,D,2026-10-07
2013-06-17,0.0,%,dulieukinhte,D,2026-10-07
2013-06-18,0.0,%,dulieukinhte,D,2026-10-07
2013-06-19,0.0,%,dulieukinhte,D,2026-10-07
2013-06-20,0.0,%,dulieukinhte,D,2026-10-07
2013-06-21,0.0,%,dulieukinhte,D,2026-10-07
2013-06-22,0.0,%,dulieukinhte,D,2026-10-07
2013-06-24,0.0,%,dulieukinhte,D,2026-10-07
2013-06-25,0.0,%,dulieukinhte,D,2026-10-07
2013-06-26,0.0,%,dulieukinhte,D,2026-10-07
2013-06-27,0.0,%,dulieukinhte,D,2026-10-07
2013-06-28,0.998655655847891,%,dulieukinhte,D,2026-10-07
2013-06-29,0.998655655847891,%,dulieukinhte,D,2026-10-07
2013-07-01,0.998655655847891,%,dulieukinhte,D,2026-10-07
2013-07-02,0.998655655847891,%,dulieukinhte,D,2026-10-07
2013-07-03,0.998655655847891,%,dulieukinhte,D,2026-10-07
2013-07-04,0.998655655847891,%,dulieukinhte,D,2026-10-07
2013-07-05,0.998655655847891,%,dulieukinhte,D,2026-10-07
2013-07-09,0.998655655847891,%,dulieukinhte,D,2026-10-07
2013-07-10,0.998655655847891,%,dulieukinhte,D,2026-10-07
2013-07-11,0.998655655847891,%,dulieukinhte,D,2026-10-07
2013-07-12,0.998655655847891,%,dulieukinhte,D,2026-10-07
2013-07-13,0.998655655847891,%,dulieukinhte,D,2026-10-07
2013-07-15,0.998655655847891,%,dulieukinhte,D,2026-10-07
2013-07-16,0.998655655847891,%,dulieukinhte,D,2026-10-07
2013-07-17,0.998655655847891,%,dulieukinhte,D,2026-10-07
2013-07-18,0.998655655847891,%,dulieukinhte,D,2026-10-07
2013-07-19,0.998655655847891,%,dulieukinhte,D,2026-10-07
2013-07-20,0.998655655847891,%,dulieukinhte,D,2026-10-07
2013-07-22,0.998655655847891,%,dulieukinhte,D,2026-10-07
2013-07-23,0.998655655847891,%,dulieukinhte,D,2026-10-07
2013-07-24,0.998655655847891,%,dulieukinhte,D,2026-10-07
2013-07-25,0.998655655847891,%,dulieukinhte,D,2026-10-07
2013-07-26,0.998655655847891,%,dulieukinhte,D,2026-10-07
2013-07-27,0.998655655847891,%,dulieukinhte,D,2026-10-07
2013-07-29,0.998655655847891,%,dulieukinhte,D,2026-10-07
2013-07-30,0.998655655847891,%,dulieukinhte,D,2026-10-07
2013-07-31,0.998655655847891,%,dulieukinhte,D,2026-10-07
2013-08-01,0.998655655847891,%,dulieukinhte,D,2026-10-07
2013-08-02,0.998655655847891,%,dulieukinhte,D,2026-10-07
2013-08-03,0.998655655847891,%,dulieukinhte,D,2026-10-07
2013-08-07,0.998655655847891,%,dulieukinhte,D,2026-10-07
2013-08-08,0.998655655847891,%,dulieukinhte,D,2026-10-07
2013-08-09,0.998655655847891,%,dulieukinhte,D,2026-10-07
2013-08-10,0.998655655847891,%,dulieukinhte,D,2026-10-07
2013-08-12,0.998655655847891,%,dulieukinhte,D,2026-10-07
2013-08-13,0.998655655847891,%,dulieukinhte,D,2026-10-07
2013-08-15,0.998655655847891,%,dulieukinhte,D,2026-10-07
2013-08-16,0.998655655847891,%,dulieukinhte,D,2026-10-07
2013-08-17,0.998655655847891,%,dulieukinhte,D,2026-10-07
2013-08-19,0.998655655847891,%,dulieukinhte,D,2026-10-07
2013-08-20,0.998655655847891,%,dulieukinhte,D,2026-10-07
2013-08-21,0.998655655847891,%,dulieukinhte,D,2026-10-07
2013-08-22,0.998655655847891,%,dulieukinhte,D,2026-10-07
2013-08-23,0.998655655847891,%,dulieukinhte,D,2026-10-07
2013-08-24,0.998655655847891,%,dulieukinhte,D,2026-10-07
2013-08-26,0.998655655847891,%,dulieukinhte,D,2026-10-07
2013-08-27,0.998655655847891,%,dulieukinhte,D,2026-10-07
2013-08-28,0.998655655847891,%,dulieukinhte,D,2026-10-07
2013-08-29,0.998655655847891,%,dulieukinhte,D,2026-10-07
2013-08-30,0.998655655847891,%,dulieukinhte,D,2026-10-07
2013-08-31,0.998655655847891,%,dulieukinhte,D,2026-10-07
2013-09-02,0.998655655847891,%,dulieukinhte,D,2026-10-07
2013-09-03,0.998655655847891,%,dulieukinhte,D,2026-10-07
2013-09-06,0.998655655847891,%,dulieukinhte,D,2026-10-07
2013-09-07,0.998655655847891,%,dulieukinhte,D,2026-10-07
2013-09-09,0.998655655847891,%,dulieukinhte,D,2026-10-07
2013-09-10,0.998655655847891,%,dulieukinhte,D,2026-10-07
2013-09-11,0.998655655847891,%,dulieukinhte,D,2026-10-07
2013-09-12,0.998655655847891,%,dulieukinhte,D,2026-10-07
2013-09-13,0.998655655847891,%,dulieukinhte,D,2026-10-07
2013-09-14,0.998655655847891,%,dulieukinhte,D,2026-10-07
2013-09-16,0.998655655847891,%,dulieukinhte,D,2026-10-07
2013-09-17,0.998655655847891,%,dulieukinhte,D,2026-10-07
2013-09-18,0.998655655847891,%,dulieukinhte,D,2026-10-07
2013-09-19,0.998655655847891,%,dulieukinhte,D,2026-10-07
2013-09-20,0.998655655847891,%,dulieukinhte,D,2026-10-07
2013-09-21,0.998655655847891,%,dulieukinhte,D,2026-10-07
2013-09-23,0.998655655847891,%,dulieukinhte,D,2026-10-07
2013-09-24,0.998655655847891,%,dulieukinhte,D,2026-10-07
2013-09-25,0.998655655847891,%,dulieukinhte,D,2026-10-07
2013-09-26,0.998655655847891,%,dulieukinhte,D,2026-10-07
2013-09-27,0.998655655847891,%,dulieukinhte,D,2026-10-07
2013-09-28,0.998655655847891,%,dulieukinhte,D,2026-10-07
2013-09-30,0.998655655847891,%,dulieukinhte,D,2026-10-07
2013-10-01,0.998655655847891,%,dulieukinhte,D,2026-10-07
2013-10-02,0.998655655847891,%,dulieukinhte,D,2026-10-07
2013-10-05,0.998655655847891,%,dulieukinhte,D,2026-10-07
2013-10-07,0.998655655847891,%,dulieukinhte,D,2026-10-07
2013-10-08,0.998655655847891,%,dulieukinhte,D,2026-10-07
2013-10-09,0.998655655847891,%,dulieukinhte,D,2026-10-07
2013-10-10,0.998655655847891,%,dulieukinhte,D,2026-10-07
2013-10-11,0.998655655847891,%,dulieukinhte,D,2026-10-07
2013-10-12,0.998655655847891,%,dulieukinhte,D,2026-10-07
2013-10-14,0.998655655847891,%,dulieukinhte,D,2026-10-07
2013-10-15,0.998655655847891,%,dulieukinhte,D,2026-10-07
2013-10-16,0.998655655847891,%,dulieukinhte,D,2026-10-07
2013-10-17,0.998655655847891,%,dulieukinhte,D,2026-10-07
2013-10-18,0.998655655847891,%,dulieukinhte,D,2026-10-07
2013-10-19,0.998655655847891,%,dulieukinhte,D,2026-10-07
2013-10-21,0.998655655847891,%,dulieukinhte,D,2026-10-07
2013-10-22,0.998655655847891,%,dulieukinhte,D,2026-10-07
2013-10-23,0.998655655847891,%,dulieukinhte,D,2026-10-07
2013-10-24,0.998655655847891,%,dulieukinhte,D,2026-10-07
2013-10-25,0.998655655847891,%,dulieukinhte,D,2026-10-07
2013-10-26,0.998655655847891,%,dulieukinhte,D,2026-10-07
2013-10-28,0.998655655847891,%,dulieukinhte,D,2026-10-07
2013-10-29,0.998655655847891,%,dulieukinhte,D,2026-10-07
2013-10-30,0.998655655847891,%,dulieukinhte,D,2026-10-07
2013-10-31,0.998655655847891,%,dulieukinhte,D,2026-10-07
2013-11-04,0.998655655847891,%,dulieukinhte,D,2026-10-07
2013-11-05,0.998655655847891,%,dulieukinhte,D,2026-10-07
2013-11-06,0.998655655847891,%,dulieukinhte,D,2026-10-07
2013-11-07,0.998655655847891,%,dulieukinhte,D,2026-10-07
2013-11-08,0.998655655847891,%,dulieukinhte,D,2026-10-07
2013-11-09,0.998655655847891,%,dulieukinhte,D,2026-10-07
2013-11-11,0.998655655847891,%,dulieukinhte,D,2026-10-07
2013-11-12,0.998655655847891,%,dulieukinhte,D,2026-10-07
2013-11-13,0.998655655847891,%,dulieukinhte,D,2026-10-07
2013-11-14,0.998655655847891,%,dulieukinhte,D,2026-10-07
2013-11-15,0.998655655847891,%,dulieukinhte,D,2026-10-07
2013-11-16,0.998655655847891,%,dulieukinhte,D,2026-10-07
2013-11-18,0.998655655847891,%,dulieukinhte,D,2026-10-07
2013-11-19,0.998655655847891,%,dulieukinhte,D,2026-10-07
2013-11-20,0.998655655847891,%,dulieukinhte,D,2026-10-07
2013-11-21,0.998655655847891,%,dulieukinhte,D,2026-10-07
2013-11-22,0.998655655847891,%,dulieukinhte,D,2026-10-07
2013-11-23,0.998655655847891,%,dulieukinhte,D,2026-10-07
2013-11-25,0.998655655847891,%,dulieukinhte,D,2026-10-07
2013-11-26,0.998655655847891,%,dulieukinhte,D,2026-10-07
2013-11-27,0.998655655847891,%,dulieukinhte,D,2026-10-07
2013-11-28,0.998655655847891,%,dulieukinhte,D,2026-10-07
2013-11-29,0.998655655847891,%,dulieukinhte,D,2026-10-07
2013-12-03,0.998655655847891,%,dulieukinhte,D,2026-10-07
2013-12-04,0.998655655847891,%,dulieukinhte,D,2026-10-07
2013-12-05,0.998655655847891,%,dulieukinhte,D,2026-10-07
2013-12-06,0.998655655847891,%,dulieukinhte,D,2026-10-07
2013-12-07,0.998655655847891,%,dulieukinhte,D,2026-10-07
2013-12-09,0.998655655847891,%,dulieukinhte,D,2026-10-07
2013-12-10,0.998655655847891,%,dulieukinhte,D,2026-10-07
2013-12-11,0.998655655847891,%,dulieukinhte,D,2026-10-07
2013-12-12,0.998655655847891,%,dulieukinhte,D,2026-10-07
2013-12-13,0.998655655847891,%,dulieukinhte,D,2026-10-07
2013-12-14,0.998655655847891,%,dulieukinhte,D,2026-10-07
2013-12-16,0.998655655847891,%,dulieukinhte,D,2026-10-07
2013-12-17,0.998655655847891,%,dulieukinhte,D,2026-10-07
2013-12-18,0.998655655847891,%,dulieukinhte,D,2026-10-07
2013-12-19,0.998655655847891,%,dulieukinhte,D,2026-10-07
2013-12-20,0.998655655847891,%,dulieukinhte,D,2026-10-07
2013-12-21,0.998655655847891,%,dulieukinhte,D,2026-10-07
2013-12-23,0.998655655847891,%,dulieukinhte,D,2026-10-07
2013-12-24,0.998655655847891,%,dulieukinhte,D,2026-10-07
2013-12-25,0.998655655847891,%,dulieukinhte,D,2026-10-07
2013-12-26,0.998655655847891,%,dulieukinhte,D,2026-10-07
2013-12-28,0.998655655847891,%,dulieukinhte,D,2026-10-07
2013-12-30,0.998655655847891,%,dulieukinhte,D,2026-10-07
2013-12-31,0.998655655847891,%,dulieukinhte,D,2026-10-07
2014-01-03,0.0,%,dulieukinhte,D,2026-10-07
2014-01-04,0.0,%,dulieukinhte,D,2026-10-07
2014-01-06,0.0,%,dulieukinhte,D,2026-10-07
2014-01-07,0.0,%,dulieukinhte,D,2026-10-07
2014-01-08,0.0,%,dulieukinhte,D,2026-10-07
2014-01-09,0.0,%,dulieukinhte,D,2026-10-07
2014-01-10,0.0,%,dulieukinhte,D,2026-10-07
2014-01-11,0.0,%,dulieukinhte,D,2026-10-07
2014-01-13,0.0,%,dulieukinhte,D,2026-10-07
2014-01-14,0.0,%,dulieukinhte,D,2026-10-07
2014-01-15,0.0,%,dulieukinhte,D,2026-10-07
2014-01-16,0.0,%,dulieukinhte,D,2026-10-07
2014-01-17,0.0,%,dulieukinhte,D,2026-10-07
2014-01-18,0.0,%,dulieukinhte,D,2026-10-07
2014-01-20,0.0,%,dulieukinhte,D,2026-10-07
2014-01-21,0.0,%,dulieukinhte,D,2026-10-07
2014-01-22,0.0,%,dulieukinhte,D,2026-10-07
2014-01-23,0.0,%,dulieukinhte,D,2026-10-07
2014-01-24,0.0,%,dulieukinhte,D,2026-10-07
2014-01-25,0.0,%,dulieukinhte,D,2026-10-07
2014-01-27,0.0,%,dulieukinhte,D,2026-10-07
2014-01-28,0.0,%,dulieukinhte,D,2026-10-07
2014-01-29,0.0,%,dulieukinhte,D,2026-10-07
2014-02-05,0.0,%,dulieukinhte,D,2026-10-07
2014-02-06,0.0,%,dulieukinhte,D,2026-10-07
2014-02-07,0.0,%,dulieukinhte,D,2026-10-07
2014-02-08,0.0,%,dulieukinhte,D,2026-10-07
2014-02-10,0.0,%,dulieukinhte,D,2026-10-07
2014-02-11,0.0,%,dulieukinhte,D,2026-10-07
2014-02-12,0.0,%,dulieukinhte,D,2026-10-07
2014-02-13,0.0,%,dulieukinhte,D,2026-10-07
2014-02-14,0.0,%,dulieukinhte,D,2026-10-07
2014-02-15,0.0,%,dulieukinhte,D,2026-10-07
2014-02-17,0.0,%,dulieukinhte,D,2026-10-07
2014-02-18,0.0,%,dulieukinhte,D,2026-10-07
2014-02-19,0.0,%,dulieukinhte,D,2026-10-07
2014-02-20,0.0,%,dulieukinhte,D,2026-10-07
2014-02-21,0.0,%,dulieukinhte,D,2026-10-07
2014-02-22,0.0,%,dulieukinhte,D,2026-10-07
2014-02-24,0.0,%,dulieukinhte,D,2026-10-07
2014-02-25,0.0,%,dulieukinhte,D,2026-10-07
2014-02-26,0.0,%,dulieukinhte,D,2026-10-07
2014-02-27,0.0,%,dulieukinhte,D,2026-10-07
2014-02-28,0.0,%,dulieukinhte,D,2026-10-07
2014-03-01,0.0,%,dulieukinhte,D,2026-10-07
2014-03-03,0.0,%,dulieukinhte,D,2026-10-07
2014-03-04,0.0,%,dulieukinhte,D,2026-10-07
2014-03-05,0.0,%,dulieukinhte,D,2026-10-07
2014-03-06,0.0,%,dulieukinhte,D,2026-10-07
2014-03-07,0.0,%,dulieukinhte,D,2026-10-07
2014-03-08,0.0,%,dulieukinhte,D,2026-10-07
2014-03-10,0.0,%,dulieukinhte,D,2026-10-07
2014-03-11,0.0,%,dulieukinhte,D,2026-10-07
2014-03-14,0.0,%,dulieukinhte,D,2026-10-07
2014-03-15,0.0,%,dulieukinhte,D,2026-10-07
2014-03-17,0.0,%,dulieukinhte,D,2026-10-07
2014-03-18,0.0,%,dulieukinhte,D,2026-10-07
2014-03-19,0.0,%,dulieukinhte,D,2026-10-07
2014-03-20,0.0,%,dulieukinhte,D,2026-10-07
2014-03-21,0.0,%,dulieukinhte,D,2026-10-07
2014-03-22,0.0,%,dulieukinhte,D,2026-10-07
2014-03-24,0.0,%,dulieukinhte,D,2026-10-07
2014-03-25,0.0,%,dulieukinhte,D,2026-10-07
2014-03-26,0.0,%,dulieukinhte,D,2026-10-07
2014-03-27,0.0,%,dulieukinhte,D,2026-10-07
2014-03-28,0.0,%,dulieukinhte,D,2026-10-07
2014-03-29,0.0,%,dulieukinhte,D,2026-10-07
2014-03-31,0.0,%,dulieukinhte,D,2026-10-07
2014-04-01,0.0,%,dulieukinhte,D,2026-10-07
2014-04-02,0.0,%,dulieukinhte,D,2026-10-07
2014-04-03,0.0,%,dulieukinhte,D,2026-10-07
2014-04-04,0.0,%,dulieukinhte,D,2026-10-07
2014-04-05,0.0,%,dulieukinhte,D,2026-10-07
2014-04-07,0.0,%,dulieukinhte,D,2026-10-07
2014-04-08,0.0,%,dulieukinhte,D,2026-10-07
2014-04-09,0.0,%,dulieukinhte,D,2026-10-07
2014-04-12,0.0,%,dulieukinhte,D,2026-10-07
2014-04-14,0.0,%,dulieukinhte,D,2026-10-07
2014-04-15,0.0,%,dulieukinhte,D,2026-10-07
2014-04-16,0.0,%,dulieukinhte,D,2026-10-07
2014-04-17,0.0,%,dulieukinhte,D,2026-10-07
2014-04-18,0.0,%,dulieukinhte,D,2026-10-07
2014-04-19,0.0,%,dulieukinhte,D,2026-10-07
2014-04-21,0.0,%,dulieukinhte,D,2026-10-07
2014-04-22,0.0,%,dulieukinhte,D,2026-10-07
2014-04-23,0.0,%,dulieukinhte,D,2026-10-07
2014-04-24,0.0,%,dulieukinhte,D,2026-10-07
2014-04-25,0.0,%,dulieukinhte,D,2026-10-07
2014-04-26,0.0,%,dulieukinhte,D,2026-10-07
2014-04-28,0.0,%,dulieukinhte,D,2026-10-07
2014-04-29,0.0,%,dulieukinhte,D,2026-10-07
2014-04-30,0.0,%,dulieukinhte,D,2026-10-07
2014-05-02,0.0,%,dulieukinhte,D,2026-10-07
2014-05-03,0.0,%,dulieukinhte,D,2026-10-07
2014-05-05,0.0,%,dulieukinhte,D,2026-10-07
2014-05-06,0.0,%,dulieukinhte,D,2026-10-07
2014-05-07,0.0,%,dulieukinhte,D,2026-10-07
2014-05-08,0.0,%,dulieukinhte,D,2026-10-07
2014-05-09,0.0,%,dulieukinhte,D,2026-10-07
2014-05-13,0.0,%,dulieukinhte,D,2026-10-07
2014-05-14,0.0,%,dulieukinhte,D,2026-10-07
2014-05-15,0.0,%,dulieukinhte,D,2026-10-07
2014-05-16,0.0,%,dulieukinhte,D,2026-10-07
2014-05-17,0.0,%,dulieukinhte,D,2026-10-07
2014-05-19,0.0,%,dulieukinhte,D,2026-10-07
2014-05-20,0.0,%,dulieukinhte,D,2026-10-07
2014-05-21,0.0,%,dulieukinhte,D,2026-10-07
2014-05-22,0.0,%,dulieukinhte,D,2026-10-07
2014-05-23,0.0,%,dulieukinhte,D,2026-10-07
2014-05-24,0.0,%,dulieukinhte,D,2026-10-07
2014-05-26,0.0,%,dulieukinhte,D,2026-10-07
2014-05-27,0.0,%,dulieukinhte,D,2026-10-07
2014-05-28,0.0,%,dulieukinhte,D,2026-10-07
2014-05-29,0.0,%,dulieukinhte,D,2026-10-07
2014-05-30,0.0,%,dulieukinhte,D,2026-10-07
2014-05-31,0.0,%,dulieukinhte,D,2026-10-07
2014-06-02,0.0,%,dulieukinhte,D,2026-10-07
2014-06-03,0.0,%,dulieukinhte,D,2026-10-07
2014-06-04,0.0,%,dulieukinhte,D,2026-10-07
2014-06-05,0.0,%,dulieukinhte,D,2026-10-07
2014-06-06,0.0,%,dulieukinhte,D,2026-10-07
2014-06-07,0.0,%,dulieukinhte,D,2026-10-07
2014-06-11,0.0,%,dulieukinhte,D,2026-10-07
2014-06-12,0.0,%,dulieukinhte,D,2026-10-07
2014-06-13,0.0,%,dulieukinhte,D,2026-10-07
2014-06-14,0.0,%,dulieukinhte,D,2026-10-07
2014-06-16,0.0,%,dulieukinhte,D,2026-10-07
2014-06-17,0.0,%,dulieukinhte,D,2026-10-07
2014-06-18,0.0,%,dulieukinhte,D,2026-10-07
2014-06-19,0.998288648031953,%,dulieukinhte,D,2026-10-07
2014-06-20,0.998288648031953,%,dulieukinhte,D,2026-10-07
2014-06-21,0.998288648031953,%,dulieukinhte,D,2026-10-07
2014-06-23,0.998288648031953,%,dulieukinhte,D,2026-10-07
2014-06-24,0.998288648031953,%,dulieukinhte,D,2026-10-07
2014-06-25,0.998288648031953,%,dulieukinhte,D,2026-10-07
2014-06-26,0.998288648031953,%,dulieukinhte,D,2026-10-07
2014-06-27,0.998288648031953,%,dulieukinhte,D,2026-10-07
2014-06-28,0.998288648031953,%,dulieukinhte,D,2026-10-07
2014-06-30,0.998288648031953,%,dulieukinhte,D,2026-10-07
2014-07-01,0.998288648031953,%,dulieukinhte,D,2026-10-07
2014-07-02,0.998288648031953,%,dulieukinhte,D,2026-10-07
2014-07-03,0.998288648031953,%,dulieukinhte,D,2026-10-07
2014-07-04,0.998288648031953,%,dulieukinhte,D,2026-10-07
2014-07-05,0.998288648031953,%,dulieukinhte,D,2026-10-07
2014-07-07,0.998288648031953,%,dulieukinhte,D,2026-10-07
2014-07-10,0.998288648031953,%,dulieukinhte,D,2026-10-07
2014-07-11,0.998288648031953,%,dulieukinhte,D,2026-10-07
2014-07-12,0.998288648031953,%,dulieukinhte,D,2026-10-07
2014-07-14,0.998288648031953,%,dulieukinhte,D,2026-10-07
2014-07-15,0.998288648031953,%,dulieukinhte,D,2026-10-07
2014-07-16,0.998288648031953,%,dulieukinhte,D,2026-10-07
2014-07-17,0.998288648031953,%,dulieukinhte,D,2026-10-07
2014-07-18,0.998288648031953,%,dulieukinhte,D,2026-10-07
2014-07-19,0.998288648031953,%,dulieukinhte,D,2026-10-07
2014-07-21,0.998288648031953,%,dulieukinhte,D,2026-10-07
2014-07-22,0.998288648031953,%,dulieukinhte,D,2026-10-07
2014-07-23,0.998288648031953,%,dulieukinhte,D,2026-10-07
2014-07-24,0.998288648031953,%,dulieukinhte,D,2026-10-07
2014-07-25,0.998288648031953,%,dulieukinhte,D,2026-10-07
2014-07-26,0.998288648031953,%,dulieukinhte,D,2026-10-07
2014-07-28,0.998288648031953,%,dulieukinhte,D,2026-10-07
2014-07-29,0.998288648031953,%,dulieukinhte,D,2026-10-07
2014-07-30,0.998288648031953,%,dulieukinhte,D,2026-10-07
2014-07-31,0.998288648031953,%,dulieukinhte,D,2026-10-07
2014-08-01,0.998288648031953,%,dulieukinhte,D,2026-10-07
2014-08-02,0.998288648031953,%,dulieukinhte,D,2026-10-07
2014-08-04,0.998288648031953,%,dulieukinhte,D,2026-10-07
2014-08-05,0.998288648031953,%,dulieukinhte,D,2026-10-07
2014-08-08,0.998288648031953,%,dulieukinhte,D,2026-10-07
2014-08-09,0.998288648031953,%,dulieukinhte,D,2026-10-07
2014-08-11,0.998288648031953,%,dulieukinhte,D,2026-10-07
2014-08-12,0.998288648031953,%,dulieukinhte,D,2026-10-07
2014-08-13,0.998288648031953,%,dulieukinhte,D,2026-10-07
2014-08-14,0.998288648031953,%,dulieukinhte,D,2026-10-07
2014-08-15,0.998288648031953,%,dulieukinhte,D,2026-10-07
2014-08-16,0.998288648031953,%,dulieukinhte,D,2026-10-07
2014-08-18,0.998288648031953,%,dulieukinhte,D,2026-10-07
2014-08-19,0.998288648031953,%,dulieukinhte,D,2026-10-07
2014-08-20,0.998288648031953,%,dulieukinhte,D,2026-10-07
2014-08-21,0.998288648031953,%,dulieukinhte,D,2026-10-07
2014-08-22,0.998288648031953,%,dulieukinhte,D,2026-10-07
2014-08-23,0.998288648031953,%,dulieukinhte,D,2026-10-07
2014-08-25,0.998288648031953,%,dulieukinhte,D,2026-10-07
2014-08-26,0.998288648031953,%,dulieukinhte,D,2026-10-07
2014-08-27,0.998288648031953,%,dulieukinhte,D,2026-10-07
2014-08-28,0.998288648031953,%,dulieukinhte,D,2026-10-07
2014-08-29,0.998288648031953,%,dulieukinhte,D,2026-10-07
2014-08-30,0.998288648031953,%,dulieukinhte,D,2026-10-07
2014-09-01,0.998288648031953,%,dulieukinhte,D,2026-10-07
2014-09-02,0.998288648031953,%,dulieukinhte,D,2026-10-07
2014-09-03,0.998288648031953,%,dulieukinhte,D,2026-10-07
2014-09-06,0.998288648031953,%,dulieukinhte,D,2026-10-07
2014-09-08,0.998288648031953,%,dulieukinhte,D,2026-10-07
2014-09-09,0.998288648031953,%,dulieukinhte,D,2026-10-07
2014-09-10,0.998288648031953,%,dulieukinhte,D,2026-10-07
2014-09-11,0.998288648031953,%,dulieukinhte,D,2026-10-07
2014-09-12,0.998288648031953,%,dulieukinhte,D,2026-10-07
2014-09-13,0.998288648031953,%,dulieukinhte,D,2026-10-07
2014-09-15,0.998288648031953,%,dulieukinhte,D,2026-10-07
2014-09-16,0.998288648031953,%,dulieukinhte,D,2026-10-07
2014-09-17,0.998288648031953,%,dulieukinhte,D,2026-10-07
2014-09-18,0.998288648031953,%,dulieukinhte,D,2026-10-07
2014-09-19,0.998288648031953,%,dulieukinhte,D,2026-10-07
2014-09-20,0.998288648031953,%,dulieukinhte,D,2026-10-07
2014-09-22,0.998288648031953,%,dulieukinhte,D,2026-10-07
2014-09-23,0.998288648031953,%,dulieukinhte,D,2026-10-07
2014-09-24,0.998288648031953,%,dulieukinhte,D,2026-10-07
2014-09-26,0.998288648031953,%,dulieukinhte,D,2026-10-07
2014-09-27,0.998288648031953,%,dulieukinhte,D,2026-10-07
2014-09-29,0.998288648031953,%,dulieukinhte,D,2026-10-07
2014-09-30,0.998288648031953,%,dulieukinhte,D,2026-10-07
2014-10-01,0.998288648031953,%,dulieukinhte,D,2026-10-07
2014-10-02,0.998288648031953,%,dulieukinhte,D,2026-10-07
2014-10-03,0.998288648031953,%,dulieukinhte,D,2026-10-07
2014-10-07,0.998288648031953,%,dulieukinhte,D,2026-10-07
2014-10-08,0.998288648031953,%,dulieukinhte,D,2026-10-07
2014-10-09,0.998288648031953,%,dulieukinhte,D,2026-10-07
2014-10-10,0.998288648031953,%,dulieukinhte,D,2026-10-07
2014-10-11,0.998288648031953,%,dulieukinhte,D,2026-10-07
2014-10-13,0.998288648031953,%,dulieukinhte,D,2026-10-07
2014-10-14,0.998288648031953,%,dulieukinhte,D,2026-10-07
2014-10-15,0.998288648031953,%,dulieukinhte,D,2026-10-07
2014-10-16,0.998288648031953,%,dulieukinhte,D,2026-10-07
2014-10-17,0.998288648031953,%,dulieukinhte,D,2026-10-07
2014-10-18,0.998288648031953,%,dulieukinhte,D,2026-10-07
2014-10-20,0.998288648031953,%,dulieukinhte,D,2026-10-07
2014-10-21,0.998288648031953,%,dulieukinhte,D,2026-10-07
2014-10-22,0.998288648031953,%,dulieukinhte,D,2026-10-07
2014-10-23,0.998288648031953,%,dulieukinhte,D,2026-10-07
2014-10-24,0.998288648031953,%,dulieukinhte,D,2026-10-07
2014-10-25,0.998288648031953,%,dulieukinhte,D,2026-10-07
2014-10-27,0.998288648031953,%,dulieukinhte,D,2026-10-07
2014-10-28,0.998288648031953,%,dulieukinhte,D,2026-10-07
2014-10-29,0.998288648031953,%,dulieukinhte,D,2026-10-07
2014-10-30,0.998288648031953,%,dulieukinhte,D,2026-10-07
2014-10-31,0.998288648031953,%,dulieukinhte,D,2026-10-07
2014-11-01,0.998288648031953,%,dulieukinhte,D,2026-10-07
2014-11-05,0.998288648031953,%,dulieukinhte,D,2026-10-07
2014-11-06,0.998288648031953,%,dulieukinhte,D,2026-10-07
2014-11-07,0.998288648031953,%,dulieukinhte,D,2026-10-07
2014-11-08,0.998288648031953,%,dulieukinhte,D,2026-10-07
2014-11-10,0.998288648031953,%,dulieukinhte,D,2026-10-07
2014-11-11,0.998288648031953,%,dulieukinhte,D,2026-10-07
2014-11-12,0.998288648031953,%,dulieukinhte,D,2026-10-07
2014-11-13,0.998288648031953,%,dulieukinhte,D,2026-10-07
2014-11-14,0.998288648031953,%,dulieukinhte,D,2026-10-07
2014-11-15,0.998288648031953,%,dulieukinhte,D,2026-10-07
2014-11-17,0.998288648031953,%,dulieukinhte,D,2026-10-07
2014-11-18,0.998288648031953,%,dulieukinhte,D,2026-10-07
2014-11-19,0.998288648031953,%,dulieukinhte,D,2026-10-07
2014-11-20,0.998288648031953,%,dulieukinhte,D,2026-10-07
2014-11-21,0.998288648031953,%,dulieukinhte,D,2026-10-07
2014-11-22,0.998288648031953,%,dulieukinhte,D,2026-10-07
2014-11-24,0.998288648031953,%,dulieukinhte,D,2026-10-07
2014-11-25,0.998288648031953,%,dulieukinhte,D,2026-10-07
2014-11-26,0.998288648031953,%,dulieukinhte,D,2026-10-07
2014-11-27,0.998288648031953,%,dulieukinhte,D,2026-10-07
2014-11-28,0.998288648031953,%,dulieukinhte,D,2026-10-07
2014-11-29,0.998288648031953,%,dulieukinhte,D,2026-10-07
2014-12-01,0.998288648031953,%,dulieukinhte,D,2026-10-07
2014-12-04,0.998288648031953,%,dulieukinhte,D,2026-10-07
2014-12-05,0.998288648031953,%,dulieukinhte,D,2026-10-07
2014-12-06,0.998288648031953,%,dulieukinhte,D,2026-10-07
2014-12-08,0.998288648031953,%,dulieukinhte,D,2026-10-07
2014-12-09,0.998288648031953,%,dulieukinhte,D,2026-10-07
2014-12-10,0.998288648031953,%,dulieukinhte,D,2026-10-07
2014-12-11,0.998288648031953,%,dulieukinhte,D,2026-10-07
2014-12-12,0.998288648031953,%,dulieukinhte,D,2026-10-07
2014-12-13,0.998288648031953,%,dulieukinhte,D,2026-10-07
2014-12-15,0.998288648031953,%,dulieukinhte,D,2026-10-07
2014-12-16,0.998288648031953,%,dulieukinhte,D,2026-10-07
2014-12-17,0.998288648031953,%,dulieukinhte,D,2026-10-07
2014-12-18,0.998288648031953,%,dulieukinhte,D,2026-10-07
2014-12-19,0.998288648031953,%,dulieukinhte,D,2026-10-07
2014-12-20,0.998288648031953,%,dulieukinhte,D,2026-10-07
2014-12-22,0.998288648031953,%,dulieukinhte,D,2026-10-07
2014-12-23,0.998288648031953,%,dulieukinhte,D,2026-10-07
2014-12-24,0.998288648031953,%,dulieukinhte,D,2026-10-07
2014-12-25,0.998288648031953,%,dulieukinhte,D,2026-10-07
2014-12-26,0.998288648031953,%,dulieukinhte,D,2026-10-07
2014-12-27,0.998288648031953,%,dulieukinhte,D,2026-10-07
2014-12-29,0.998288648031953,%,dulieukinhte,D,2026-10-07
2014-12-30,0.998288648031953,%,dulieukinhte,D,2026-10-07
2014-12-31,0.998288648031953,%,dulieukinhte,D,2026-10-07
2015-01-02,0.0,%,dulieukinhte,D,2026-10-07
2015-01-03,0.0,%,dulieukinhte,D,2026-10-07
2015-01-05,0.0,%,dulieukinhte,D,2026-10-07
2015-01-08,0.997834886566884,%,dulieukinhte,D,2026-10-07
2015-01-09,0.997834886566884,%,dulieukinhte,D,2026-10-07
2015-01-10,0.997834886566884,%,dulieukinhte,D,2026-10-07
2015-01-12,0.997834886566884,%,dulieukinhte,D,2026-10-07
2015-01-13,0.997834886566884,%,dulieukinhte,D,2026-10-07
2015-01-14,0.997834886566884,%,dulieukinhte,D,2026-10-07
2015-01-15,0.997834886566884,%,dulieukinhte,D,2026-10-07
2015-01-16,0.997834886566884,%,dulieukinhte,D,2026-10-07
2015-01-17,0.997834886566884,%,dulieukinhte,D,2026-10-07
2015-01-19,0.997834886566884,%,dulieukinhte,D,2026-10-07
2015-01-20,0.997834886566884,%,dulieukinhte,D,2026-10-07
2015-01-21,0.997834886566884,%,dulieukinhte,D,2026-10-07
2015-01-22,0.997834886566884,%,dulieukinhte,D,2026-10-07
2015-01-23,0.997834886566884,%,dulieukinhte,D,2026-10-07
2015-01-24,0.997834886566884,%,dulieukinhte,D,2026-10-07
2015-01-26,0.997834886566884,%,dulieukinhte,D,2026-10-07
2015-01-27,0.997834886566884,%,dulieukinhte,D,2026-10-07
2015-01-28,0.997834886566884,%,dulieukinhte,D,2026-10-07
2015-01-29,0.997834886566884,%,dulieukinhte,D,2026-10-07
2015-01-30,0.997834886566884,%,dulieukinhte,D,2026-10-07
2015-01-31,0.997834886566884,%,dulieukinhte,D,2026-10-07
2015-02-02,0.997834886566884,%,dulieukinhte,D,2026-10-07
2015-02-03,0.997834886566884,%,dulieukinhte,D,2026-10-07
2015-02-06,0.997834886566884,%,dulieukinhte,D,2026-10-07
2015-02-07,0.997834886566884,%,dulieukinhte,D,2026-10-07
2015-02-09,0.997834886566884,%,dulieukinhte,D,2026-10-07
2015-02-10,0.997834886566884,%,dulieukinhte,D,2026-10-07
2015-02-11,0.997834886566884,%,dulieukinhte,D,2026-10-07
2015-02-12,0.997834886566884,%,dulieukinhte,D,2026-10-07
2015-02-13,0.997834886566884,%,dulieukinhte,D,2026-10-07
2015-02-14,0.997834886566884,%,dulieukinhte,D,2026-10-07
2015-02-16,0.997834886566884,%,dulieukinhte,D,2026-10-07
2015-02-23,0.997834886566884,%,dulieukinhte,D,2026-10-07
2015-02-24,0.997834886566884,%,dulieukinhte,D,2026-10-07
2015-02-25,0.997834886566884,%,dulieukinhte,D,2026-10-07
2015-02-26,0.997834886566884,%,dulieukinhte,D,2026-10-07
2015-02-27,0.997834886566884,%,dulieukinhte,D,2026-10-07
2015-02-28,0.997834886566884,%,dulieukinhte,D,2026-10-07
2015-03-02,0.997834886566884,%,dulieukinhte,D,2026-10-07
2015-03-03,0.997834886566884,%,dulieukinhte,D,2026-10-07
2015-03-04,0.997834886566884,%,dulieukinhte,D,2026-10-07
2015-03-05,0.997834886566884,%,dulieukinhte,D,2026-10-07
2015-03-06,0.997834886566884,%,dulieukinhte,D,2026-10-07
2015-03-07,0.997834886566884,%,dulieukinhte,D,2026-10-07
2015-03-09,0.997834886566884,%,dulieukinhte,D,2026-10-07
2015-03-10,0.997834886566884,%,dulieukinhte,D,2026-10-07
2015-03-13,0.997834886566884,%,dulieukinhte,D,2026-10-07
2015-03-14,0.997834886566884,%,dulieukinhte,D,2026-10-07
2015-03-16,0.997834886566884,%,dulieukinhte,D,2026-10-07
2015-03-17,0.997834886566884,%,dulieukinhte,D,2026-10-07
2015-03-18,0.997834886566884,%,dulieukinhte,D,2026-10-07
2015-03-19,0.997834886566884,%,dulieukinhte,D,2026-10-07
2015-03-20,0.997834886566884,%,dulieukinhte,D,2026-10-07
2015-03-21,0.997834886566884,%,dulieukinhte,D,2026-10-07
2015-03-23,0.997834886566884,%,dulieukinhte,D,2026-10-07
2015-03-24,0.997834886566884,%,dulieukinhte,D,2026-10-07
2015-03-25,0.997834886566884,%,dulieukinhte,D,2026-10-07
2015-03-26,0.997834886566884,%,dulieukinhte,D,2026-10-07
2015-03-27,0.997834886566884,%,dulieukinhte,D,2026-10-07
2015-03-28,0.997834886566884,%,dulieukinhte,D,2026-10-07
2015-03-30,0.997834886566884,%,dulieukinhte,D,2026-10-07
2015-03-31,0.997834886566884,%,dulieukinhte,D,2026-10-07
2015-04-01,0.997834886566884,%,dulieukinhte,D,2026-10-07
2015-04-02,0.997834886566884,%,dulieukinhte,D,2026-10-07
2015-04-03,0.997834886566884,%,dulieukinhte,D,2026-10-07
2015-04-04,0.997834886566884,%,dulieukinhte,D,2026-10-07
2015-04-06,0.997834886566884,%,dulieukinhte,D,2026-10-07
2015-04-07,0.997834886566884,%,dulieukinhte,D,2026-10-07
2015-04-08,0.997834886566884,%,dulieukinhte,D,2026-10-07
2015-04-11,0.997834886566884,%,dulieukinhte,D,2026-10-07
2015-04-13,0.997834886566884,%,dulieukinhte,D,2026-10-07
2015-04-14,0.997834886566884,%,dulieukinhte,D,2026-10-07
2015-04-15,0.997834886566884,%,dulieukinhte,D,2026-10-07
2015-04-16,0.997834886566884,%,dulieukinhte,D,2026-10-07
2015-04-17,0.997834886566884,%,dulieukinhte,D,2026-10-07
2015-04-18,0.997834886566884,%,dulieukinhte,D,2026-10-07
2015-04-20,0.997834886566884,%,dulieukinhte,D,2026-10-07
2015-04-21,0.997834886566884,%,dulieukinhte,D,2026-10-07
2015-04-22,0.997834886566884,%,dulieukinhte,D,2026-10-07
2015-04-23,0.997834886566884,%,dulieukinhte,D,2026-10-07
2015-04-24,0.997834886566884,%,dulieukinhte,D,2026-10-07
2015-04-25,0.997834886566884,%,dulieukinhte,D,2026-10-07
2015-04-27,0.997834886566884,%,dulieukinhte,D,2026-10-07
2015-04-29,0.997834886566884,%,dulieukinhte,D,2026-10-07
2015-05-02,0.997834886566884,%,dulieukinhte,D,2026-10-07
2015-05-04,0.997834886566884,%,dulieukinhte,D,2026-10-07
2015-05-05,0.997834886566884,%,dulieukinhte,D,2026-10-07
2015-05-06,0.997834886566884,%,dulieukinhte,D,2026-10-07
2015-05-07,2.0097900781323563,%,dulieukinhte,D,2026-10-07
2015-05-08,2.0097900781323563,%,dulieukinhte,D,2026-10-07
2015-05-09,2.0097900781323563,%,dulieukinhte,D,2026-10-07
2015-05-11,2.0097900781323563,%,dulieukinhte,D,2026-10-07
2015-05-14,2.0097900781323563,%,dulieukinhte,D,2026-10-07
2015-05-15,2.0097900781323563,%,dulieukinhte,D,2026-10-07
2015-05-16,2.0097900781323563,%,dulieukinhte,D,2026-10-07
2015-05-18,2.0097900781323563,%,dulieukinhte,D,2026-10-07
2015-05-19,2.0097900781323563,%,dulieukinhte,D,2026-10-07
2015-05-20,2.0097900781323563,%,dulieukinhte,D,2026-10-07
2015-05-21,2.0097900781323563,%,dulieukinhte,D,2026-10-07
2015-05-22,2.0097900781323563,%,dulieukinhte,D,2026-10-07
2015-05-23,2.0097900781323563,%,dulieukinhte,D,2026-10-07
2015-05-25,2.0097900781323563,%,dulieukinhte,D,2026-10-07
2015-05-26,2.0097900781323563,%,dulieukinhte,D,2026-10-07
2015-05-27,2.0097900781323563,%,dulieukinhte,D,2026-10-07
2015-05-28,2.0097900781323563,%,dulieukinhte,D,2026-10-07
2015-05-29,2.0097900781323563,%,dulieukinhte,D,2026-10-07
2015-05-30,2.0097900781323563,%,dulieukinhte,D,2026-10-07
2015-06-01,2.0097900781323563,%,dulieukinhte,D,2026-10-07
2015-06-02,2.0097900781323563,%,dulieukinhte,D,2026-10-07
2015-06-03,2.0097900781323563,%,dulieukinhte,D,2026-10-07
2015-06-04,2.0097900781323563,%,dulieukinhte,D,2026-10-07
2015-06-05,2.0097900781323563,%,dulieukinhte,D,2026-10-07
2015-06-06,2.0097900781323563,%,dulieukinhte,D,2026-10-07
2015-06-08,2.0097900781323563,%,dulieukinhte,D,2026-10-07
2015-06-09,2.0097900781323563,%,dulieukinhte,D,2026-10-07
2015-06-12,2.0097900781323563,%,dulieukinhte,D,2026-10-07
2015-06-13,2.0097900781323563,%,dulieukinhte,D,2026-10-07
2015-06-15,2.0097900781323563,%,dulieukinhte,D,2026-10-07
2015-06-16,2.0097900781323563,%,dulieukinhte,D,2026-10-07
2015-06-17,2.0097900781323563,%,dulieukinhte,D,2026-10-07
2015-06-18,2.0097900781323563,%,dulieukinhte,D,2026-10-07
2015-06-19,2.0097900781323563,%,dulieukinhte,D,2026-10-07
2015-06-20,2.0097900781323563,%,dulieukinhte,D,2026-10-07
2015-06-22,2.0097900781323563,%,dulieukinhte,D,2026-10-07
2015-06-23,2.0097900781323563,%,dulieukinhte,D,2026-10-07
2015-06-24,2.0097900781323563,%,dulieukinhte,D,2026-10-07
2015-06-25,2.0097900781323563,%,dulieukinhte,D,2026-10-07
2015-06-26,2.0097900781323563,%,dulieukinhte,D,2026-10-07
2015-06-27,2.0097900781323563,%,dulieukinhte,D,2026-10-07
2015-06-29,2.0097900781323563,%,dulieukinhte,D,2026-10-07
2015-06-30,2.0097900781323563,%,dulieukinhte,D,2026-10-07
2015-07-01,2.0097900781323563,%,dulieukinhte,D,2026-10-07
2015-07-02,2.0097900781323563,%,dulieukinhte,D,2026-10-07
2015-07-03,2.0097900781323563,%,dulieukinhte,D,2026-10-07
2015-07-04,2.0097900781323563,%,dulieukinhte,D,2026-10-07
2015-07-06,2.0097900781323563,%,dulieukinhte,D,2026-10-07
2015-07-07,2.0097900781323563,%,dulieukinhte,D,2026-10-07
2015-07-08,2.0097900781323563,%,dulieukinhte,D,2026-10-07
2015-07-11,2.0097900781323563,%,dulieukinhte,D,2026-10-07
2015-07-13,2.0097900781323563,%,dulieukinhte,D,2026-10-07
2015-07-14,2.0097900781323563,%,dulieukinhte,D,2026-10-07
2015-07-15,2.0097900781323563,%,dulieukinhte,D,2026-10-07
2015-07-16,2.0097900781323563,%,dulieukinhte,D,2026-10-07
2015-07-17,2.0097900781323563,%,dulieukinhte,D,2026-10-07
2015-07-18,2.0097900781323563,%,dulieukinhte,D,2026-10-07
2015-07-20,2.0097900781323563,%,dulieukinhte,D,2026-10-07
2015-07-21,2.0097900781323563,%,dulieukinhte,D,2026-10-07
2015-07-22,2.0097900781323563,%,dulieukinhte,D,2026-10-07
2015-07-23,2.0097900781323563,%,dulieukinhte,D,2026-10-07
2015-07-24,2.0097900781323563,%,dulieukinhte,D,2026-10-07
2015-07-25,2.0097900781323563,%,dulieukinhte,D,2026-10-07
2015-07-27,2.0097900781323563,%,dulieukinhte,D,2026-10-07
2015-07-28,2.0097900781323563,%,dulieukinhte,D,2026-10-07
2015-07-29,2.0097900781323563,%,dulieukinhte,D,2026-10-07
2015-07-30,2.0097900781323563,%,dulieukinhte,D,2026-10-07
2015-07-31,2.0097900781323563,%,dulieukinhte,D,2026-10-07
2015-08-01,2.0097900781323563,%,dulieukinhte,D,2026-10-07
2015-08-03,2.0097900781323563,%,dulieukinhte,D,2026-10-07
2015-08-04,2.0097900781323563,%,dulieukinhte,D,2026-10-07
2015-08-05,2.0097900781323563,%,dulieukinhte,D,2026-10-07
2015-08-06,2.0097900781323563,%,dulieukinhte,D,2026-10-07
2015-08-07,2.0097900781323563,%,dulieukinhte,D,2026-10-07
2015-08-08,2.0097900781323563,%,dulieukinhte,D,2026-10-07
2015-08-10,2.0097900781323563,%,dulieukinhte,D,2026-10-07
2015-08-11,2.0097900781323563,%,dulieukinhte,D,2026-10-07
2015-08-12,2.0097900781323563,%,dulieukinhte,D,2026-10-07
2015-08-13,2.0097900781323563,%,dulieukinhte,D,2026-10-07
2015-08-14,2.0097900781323563,%,dulieukinhte,D,2026-10-07
2015-08-15,2.0097900781323563,%,dulieukinhte,D,2026-10-07
2015-08-17,2.0097900781323563,%,dulieukinhte,D,2026-10-07
2015-08-18,2.0097900781323563,%,dulieukinhte,D,2026-10-07
2015-08-19,3.031158806363554,%,dulieukinhte,D,2026-10-07
2015-08-20,3.031158806363554,%,dulieukinhte,D,2026-10-07
2015-08-21,3.031158806363554,%,dulieukinhte,D,2026-10-07
2015-08-22,3.031158806363554,%,dulieukinhte,D,2026-10-07
2015-08-24,3.031158806363554,%,dulieukinhte,D,2026-10-07
2015-08-25,3.031158806363554,%,dulieukinhte,D,2026-10-07
2015-08-26,3.031158806363554,%,dulieukinhte,D,2026-10-07
2015-08-27,3.031158806363554,%,dulieukinhte,D,2026-10-07
2015-08-28,3.031158806363554,%,dulieukinhte,D,2026-10-07
2015-08-29,3.031158806363554,%,dulieukinhte,D,2026-10-07
2015-08-31,3.031158806363554,%,dulieukinhte,D,2026-10-07
2015-09-01,3.031158806363554,%,dulieukinhte,D,2026-10-07
2015-09-02,3.031158806363554,%,dulieukinhte,D,2026-10-07
2015-09-03,3.031158806363554,%,dulieukinhte,D,2026-10-07
2015-09-04,3.031158806363554,%,dulieukinhte,D,2026-10-07
2015-09-08,3.031158806363554,%,dulieukinhte,D,2026-10-07
2015-09-09,3.031158806363554,%,dulieukinhte,D,2026-10-07
2015-09-10,3.031158806363554,%,dulieukinhte,D,2026-10-07
2015-09-11,3.031158806363554,%,dulieukinhte,D,2026-10-07
2015-09-12,3.031158806363554,%,dulieukinhte,D,2026-10-07
2015-09-14,3.031158806363554,%,dulieukinhte,D,2026-10-07
2015-09-15,3.031158806363554,%,dulieukinhte,D,2026-10-07
2015-09-16,3.031158806363554,%,dulieukinhte,D,2026-10-07
2015-09-17,3.031158806363554,%,dulieukinhte,D,2026-10-07
2015-09-18,3.031158806363554,%,dulieukinhte,D,2026-10-07
2015-09-19,3.031158806363554,%,dulieukinhte,D,2026-10-07
2015-09-21,3.031158806363554,%,dulieukinhte,D,2026-10-07
2015-09-22,3.031158806363554,%,dulieukinhte,D,2026-10-07
2015-09-23,3.031158806363554,%,dulieukinhte,D,2026-10-07
2015-09-24,3.031158806363554,%,dulieukinhte,D,2026-10-07
2015-09-25,3.031158806363554,%,dulieukinhte,D,2026-10-07
2015-09-26,3.031158806363554,%,dulieukinhte,D,2026-10-07
2015-09-28,3.031158806363554,%,dulieukinhte,D,2026-10-07
2015-09-29,3.031158806363554,%,dulieukinhte,D,2026-10-07
2015-09-30,3.031158806363554,%,dulieukinhte,D,2026-10-07
2015-10-01,3.031158806363554,%,dulieukinhte,D,2026-10-07
2015-10-02,3.031158806363554,%,dulieukinhte,D,2026-10-07
2015-10-03,3.031158806363554,%,dulieukinhte,D,2026-10-07
2015-10-07,3.031158806363554,%,dulieukinhte,D,2026-10-07
2015-10-08,3.031158806363554,%,dulieukinhte,D,2026-10-07
2015-10-09,3.031158806363554,%,dulieukinhte,D,2026-10-07
2015-10-10,3.031158806363554,%,dulieukinhte,D,2026-10-07
2015-10-12,3.031158806363554,%,dulieukinhte,D,2026-10-07
2015-10-13,3.031158806363554,%,dulieukinhte,D,2026-10-07
2015-10-14,3.031158806363554,%,dulieukinhte,D,2026-10-07
2015-10-15,3.031158806363554,%,dulieukinhte,D,2026-10-07
2015-10-16,3.031158806363554,%,dulieukinhte,D,2026-10-07
2015-10-17,3.031158806363554,%,dulieukinhte,D,2026-10-07
2015-10-19,3.031158806363554,%,dulieukinhte,D,2026-10-07
2015-10-20,3.031158806363554,%,dulieukinhte,D,2026-10-07
2015-10-21,3.031158806363554,%,dulieukinhte,D,2026-10-07
2015-10-22,3.031158806363554,%,dulieukinhte,D,2026-10-07
2015-10-23,3.031158806363554,%,dulieukinhte,D,2026-10-07
2015-10-24,3.031158806363554,%,dulieukinhte,D,2026-10-07
2015-10-26,3.031158806363554,%,dulieukinhte,D,2026-10-07
2015-10-27,3.031158806363554,%,dulieukinhte,D,2026-10-07
2015-10-28,3.031158806363554,%,dulieukinhte,D,2026-10-07
2015-10-29,3.031158806363554,%,dulieukinhte,D,2026-10-07
2015-10-30,3.031158806363554,%,dulieukinhte,D,2026-10-07
2015-10-31,3.031158806363554,%,dulieukinhte,D,2026-10-07
2015-11-02,3.031158806363554,%,dulieukinhte,D,2026-10-07
2015-11-05,3.031158806363554,%,dulieukinhte,D,2026-10-07
2015-11-06,3.031158806363554,%,dulieukinhte,D,2026-10-07
2015-11-07,3.031158806363554,%,dulieukinhte,D,2026-10-07
2015-11-09,3.031158806363554,%,dulieukinhte,D,2026-10-07
2015-11-10,3.031158806363554,%,dulieukinhte,D,2026-10-07
2015-11-11,3.031158806363554,%,dulieukinhte,D,2026-10-07
2015-11-12,3.031158806363554,%,dulieukinhte,D,2026-10-07
2015-11-13,3.031158806363554,%,dulieukinhte,D,2026-10-07
2015-11-14,3.031158806363554,%,dulieukinhte,D,2026-10-07
2015-11-16,3.031158806363554,%,dulieukinhte,D,2026-10-07
2015-11-17,3.031158806363554,%,dulieukinhte,D,2026-10-07
2015-11-18,3.031158806363554,%,dulieukinhte,D,2026-10-07
2015-11-19,3.031158806363554,%,dulieukinhte,D,2026-10-07
2015-11-20,3.031158806363554,%,dulieukinhte,D,2026-10-07
2015-11-21,3.031158806363554,%,dulieukinhte,D,2026-10-07
2015-11-23,3.031158806363554,%,dulieukinhte,D,2026-10-07
2015-11-24,3.031158806363554,%,dulieukinhte,D,2026-10-07
2015-11-25,3.031158806363554,%,dulieukinhte,D,2026-10-07
2015-11-26,3.031158806363554,%,dulieukinhte,D,2026-10-07
2015-11-27,3.031158806363554,%,dulieukinhte,D,2026-10-07
2015-11-28,3.031158806363554,%,dulieukinhte,D,2026-10-07
2015-11-30,3.031158806363554,%,dulieukinhte,D,2026-10-07
2015-12-01,3.031158806363554,%,dulieukinhte,D,2026-10-07
2015-12-04,3.031158806363554,%,dulieukinhte,D,2026-10-07
2015-12-05,3.031158806363554,%,dulieukinhte,D,2026-10-07
2015-12-07,3.031158806363554,%,dulieukinhte,D,2026-10-07
2015-12-08,3.031158806363554,%,dulieukinhte,D,2026-10-07
2015-12-09,3.031158806363554,%,dulieukinhte,D,2026-10-07
2015-12-10,3.031158806363554,%,dulieukinhte,D,2026-10-07
2015-12-11,3.031158806363554,%,dulieukinhte,D,2026-10-07
2015-12-12,3.031158806363554,%,dulieukinhte,D,2026-10-07
2015-12-14,3.031158806363554,%,dulieukinhte,D,2026-10-07
2015-12-15,3.031158806363554,%,dulieukinhte,D,2026-10-07
2015-12-16,3.031158806363554,%,dulieukinhte,D,2026-10-07
2015-12-17,3.031158806363554,%,dulieukinhte,D,2026-10-07
2015-12-18,3.031158806363554,%,dulieukinhte,D,2026-10-07
2015-12-19,3.031158806363554,%,dulieukinhte,D,2026-10-07
2015-12-21,3.031158806363554,%,dulieukinhte,D,2026-10-07
2015-12-22,3.031158806363554,%,dulieukinhte,D,2026-10-07
2015-12-23,3.031158806363554,%,dulieukinhte,D,2026-10-07
2015-12-24,3.031158806363554,%,dulieukinhte,D,2026-10-07
2015-12-25,3.031158806363554,%,dulieukinhte,D,2026-10-07
2015-12-26,3.031158806363554,%,dulieukinhte,D,2026-10-07
2015-12-28,3.031158806363554,%,dulieukinhte,D,2026-10-07
2015-12-29,3.031158806363554,%,dulieukinhte,D,2026-10-07
2015-12-30,3.031158806363554,%,dulieukinhte,D,2026-10-07
2015-12-31,3.031158806363554,%,dulieukinhte,D,2026-10-07
2016-01-02,0.0,%,dulieukinhte,D,2026-10-07
2016-01-06,0.07766103243489475,%,dulieukinhte,D,2026-10-07
2016-01-07,0.13248058474188973,%,dulieukinhte,D,2026-10-07
2016-01-08,0.08679762448606798,%,dulieukinhte,D,2026-10-07
2016-01-09,0.08679762448606798,%,dulieukinhte,D,2026-10-07
2016-01-11,0.09593421653724121,%,dulieukinhte,D,2026-10-07
2016-01-12,0.10507080858839224,%,dulieukinhte,D,2026-10-07
2016-01-13,0.08679762448606798,%,dulieukinhte,D,2026-10-07
2016-01-14,0.07766103243489475,%,dulieukinhte,D,2026-10-07
2016-01-15,0.1233439926907165,%,dulieukinhte,D,2026-10-07
2016-01-16,0.1233439926907165,%,dulieukinhte,D,2026-10-07
2016-01-18,0.10507080858839224,%,dulieukinhte,D,2026-10-07
2016-01-19,0.07309273640931924,%,dulieukinhte,D,2026-10-07
2016-01-20,0.05025125628139726,%,dulieukinhte,D,2026-10-07
2016-01-21,0.0913659205116435,%,dulieukinhte,D,2026-10-07
2016-01-22,0.08222932846049247,%,dulieukinhte,D,2026-10-07
2016-01-23,0.08222932846049247,%,dulieukinhte,D,2026-10-07
2016-01-25,0.0913659205116435,%,dulieukinhte,D,2026-10-07
2016-01-26,0.03654636820467072,%,dulieukinhte,D,2026-10-07
2016-01-27,0.013704888076748745,%,dulieukinhte,D,2026-10-07
2016-01-28,-0.01827318410233536,%,dulieukinhte,D,2026-10-07
2016-01-29,-0.041114664230246234,%,dulieukinhte,D,2026-10-07
2016-01-30,-0.041114664230246234,%,dulieukinhte,D,2026-10-07
2016-02-01,0.009136592051173231,%,dulieukinhte,D,2026-10-07
2016-02-04,-0.06395614435815711,%,dulieukinhte,D,2026-10-07
2016-02-05,-0.13248058474188973,%,dulieukinhte,D,2026-10-07
2016-02-06,-0.13248058474188973,%,dulieukinhte,D,2026-10-07
2016-02-12,-0.13248058474188973,%,dulieukinhte,D,2026-10-07
2016-02-13,-0.13248058474188973,%,dulieukinhte,D,2026-10-07
2016-02-15,-0.07766103243490585,%,dulieukinhte,D,2026-10-07
2016-02-16,-0.02740977615349749,%,dulieukinhte,D,2026-10-07
2016-02-17,0.022841480127921976,%,dulieukinhte,D,2026-10-07
2016-02-18,0.05025125628139726,%,dulieukinhte,D,2026-10-07
2016-02-19,0.04568296025582175,%,dulieukinhte,D,2026-10-07
2016-02-20,0.04568296025582175,%,dulieukinhte,D,2026-10-07
2016-02-22,0.018273184102324258,%,dulieukinhte,D,2026-10-07
2016-02-23,0.041114664230246234,%,dulieukinhte,D,2026-10-07
2016-02-24,0.05025125628139726,%,dulieukinhte,D,2026-10-07
2016-02-25,0.05938784833257049,%,dulieukinhte,D,2026-10-07
2016-02-26,0.041114664230246234,%,dulieukinhte,D,2026-10-07
2016-02-27,0.041114664230246234,%,dulieukinhte,D,2026-10-07
2016-02-29,0.10963910461398996,%,dulieukinhte,D,2026-10-07
2016-03-01,0.07766103243489475,%,dulieukinhte,D,2026-10-07
2016-03-02,0.06852444038374372,%,dulieukinhte,D,2026-10-07
2016-03-03,0.063956144358146,%,dulieukinhte,D,2026-10-07
2016-03-04,-0.004568296025586616,%,dulieukinhte,D,2026-10-07
2016-03-05,-0.004568296025586616,%,dulieukinhte,D,2026-10-07
2016-03-07,-0.07766103243490585,%,dulieukinhte,D,2026-10-07
2016-03-08,-0.05481955230699498,%,dulieukinhte,D,2026-10-07
2016-03-09,-0.05938784833257049,%,dulieukinhte,D,2026-10-07
2016-03-10,-0.02740977615349749,%,dulieukinhte,D,2026-10-07
2016-03-11,-0.07309273640931924,%,dulieukinhte,D,2026-10-07
2016-03-12,-0.07309273640931924,%,dulieukinhte,D,2026-10-07
2016-03-14,-0.14161717679305186,%,dulieukinhte,D,2026-10-07
2016-03-15,-0.08222932846048137,%,dulieukinhte,D,2026-10-07
2016-03-16,-0.05481955230699498,%,dulieukinhte,D,2026-10-07
2016-03-17,-0.1233439926907276,%,dulieukinhte,D,2026-10-07
2016-03-18,-0.23755139333029307,%,dulieukinhte,D,2026-10-07
2016-03-19,-0.23755139333029307,%,dulieukinhte,D,2026-10-07
2016-03-21,-0.19186843307446022,%,dulieukinhte,D,2026-10-07
2016-03-22,-0.16902695294654935,%,dulieukinhte,D,2026-10-07
2016-03-23,-0.13248058474188973,%,dulieukinhte,D,2026-10-07
2016-03-24,-0.03654636820465962,%,dulieukinhte,D,2026-10-07
2016-03-25,-0.05025125628140836,%,dulieukinhte,D,2026-10-07
2016-03-26,-0.05025125628140836,%,dulieukinhte,D,2026-10-07
2016-03-28,0.004568296025575513,%,dulieukinhte,D,2026-10-07
2016-03-29,-0.004568296025586616,%,dulieukinhte,D,2026-10-07
2016-03-30,-0.05481955230699498,%,dulieukinhte,D,2026-10-07
2016-03-31,-0.1507537688442251,%,dulieukinhte,D,2026-10-07
2016-04-01,-0.1827318410232981,%,dulieukinhte,D,2026-10-07
2016-04-02,-0.1827318410232981,%,dulieukinhte,D,2026-10-07
2016-04-04,-0.17359524897213596,%,dulieukinhte,D,2026-10-07
2016-04-07,-0.17359524897213596,%,dulieukinhte,D,2026-10-07
2016-04-08,-0.20100502512563345,%,dulieukinhte,D,2026-10-07
2016-04-09,-0.20100502512563345,%,dulieukinhte,D,2026-10-07
2016-04-11,-0.2192782092279577,%,dulieukinhte,D,2026-10-07
2016-04-12,-0.25582457743261733,%,dulieukinhte,D,2026-10-07
2016-04-13,-0.23755139333029307,%,dulieukinhte,D,2026-10-07
2016-04-14,-0.17816354499771148,%,dulieukinhte,D,2026-10-07
2016-04-15,-0.12791228871631422,%,dulieukinhte,D,2026-10-07
2016-04-16,-0.12791228871631422,%,dulieukinhte,D,2026-10-07
2016-04-18,-0.12791228871631422,%,dulieukinhte,D,2026-10-07
2016-04-19,-0.15989036089538722,%,dulieukinhte,D,2026-10-07
2016-04-20,-0.23755139333029307,%,dulieukinhte,D,2026-10-07
2016-04-21,-0.19186843307446022,%,dulieukinhte,D,2026-10-07
2016-04-22,-0.17816354499771148,%,dulieukinhte,D,2026-10-07
2016-04-23,-0.17816354499771148,%,dulieukinhte,D,2026-10-07
2016-04-25,-0.0913659205116546,%,dulieukinhte,D,2026-10-07
2016-04-26,-0.06852444038373262,%,dulieukinhte,D,2026-10-07
2016-04-27,-0.07766103243490585,%,dulieukinhte,D,2026-10-07
2016-04-28,-0.08222932846048137,%,dulieukinhte,D,2026-10-07
2016-04-29,-0.2192782092279577,%,dulieukinhte,D,2026-10-07
2016-05-02,-0.2192782092279577,%,dulieukinhte,D,2026-10-07
2016-05-03,-0.2192782092279577,%,dulieukinhte,D,2026-10-07
2016-05-04,-0.2832343535861148,%,dulieukinhte,D,2026-10-07
2016-05-07,-0.1507537688442251,%,dulieukinhte,D,2026-10-07
2016-05-09,-0.14618547281863847,%,dulieukinhte,D,2026-10-07
2016-05-10,-0.07309273640931924,%,dulieukinhte,D,2026-10-07
2016-05-11,-0.04568296025582175,%,dulieukinhte,D,2026-10-07
2016-05-12,-0.0913659205116546,%,dulieukinhte,D,2026-10-07
2016-05-13,-0.05938784833257049,%,dulieukinhte,D,2026-10-07
2016-05-14,-0.05938784833257049,%,dulieukinhte,D,2026-10-07
2016-05-16,-0.004568296025586616,%,dulieukinhte,D,2026-10-07
2016-05-17,0.009136592051173231,%,dulieukinhte,D,2026-10-07
2016-05-18,0.0,%,dulieukinhte,D,2026-10-07
2016-05-19,0.09593421653724121,%,dulieukinhte,D,2026-10-07
2016-05-20,0.12791228871631422,%,dulieukinhte,D,2026-10-07
2016-05-21,0.12791228871631422,%,dulieukinhte,D,2026-10-07
2016-05-23,0.10507080858839224,%,dulieukinhte,D,2026-10-07
2016-05-24,0.0913659205116435,%,dulieukinhte,D,2026-10-07
2016-05-25,0.14161717679306296,%,dulieukinhte,D,2026-10-07
2016-05-26,0.1553220648698117,%,dulieukinhte,D,2026-10-07
2016-05-27,0.11420740063956547,%,dulieukinhte,D,2026-10-07
2016-05-28,0.11420740063956547,%,dulieukinhte,D,2026-10-07
2016-05-30,0.16902695294656045,%,dulieukinhte,D,2026-10-07
2016-05-31,0.22384650525353322,%,dulieukinhte,D,2026-10-07
2016-06-01,0.25582457743262843,%,dulieukinhte,D,2026-10-07
2016-06-02,0.22384650525353322,%,dulieukinhte,D,2026-10-07
2016-06-06,0.10963910461398996,%,dulieukinhte,D,2026-10-07
2016-06-07,0.02740977615349749,%,dulieukinhte,D,2026-10-07
2016-06-08,-0.06395614435815711,%,dulieukinhte,D,2026-10-07
2016-06-09,-0.09593421653723011,%,dulieukinhte,D,2026-10-07
2016-06-10,-0.07309273640931924,%,dulieukinhte,D,2026-10-07
2016-06-11,-0.07309273640931924,%,dulieukinhte,D,2026-10-07
2016-06-13,-0.022841480127910874,%,dulieukinhte,D,2026-10-07
2016-06-14,-0.05938784833257049,%,dulieukinhte,D,2026-10-07
2016-06-15,-0.013704888076748745,%,dulieukinhte,D,2026-10-07
2016-06-16,-0.05481955230699498,%,dulieukinhte,D,2026-10-07
2016-06-17,-0.12791228871631422,%,dulieukinhte,D,2026-10-07
2016-06-18,-0.12791228871631422,%,dulieukinhte,D,2026-10-07
2016-06-20,-0.1233439926907276,%,dulieukinhte,D,2026-10-07
2016-06-21,-0.19186843307446022,%,dulieukinhte,D,2026-10-07
2016-06-22,-0.1827318410232981,%,dulieukinhte,D,2026-10-07
2016-06-23,-0.19643672910004684,%,dulieukinhte,D,2026-10-07
2016-06-24,-0.20557332115120897,%,dulieukinhte,D,2026-10-07
2016-06-25,-0.20557332115120897,%,dulieukinhte,D,2026-10-07
2016-06-27,-0.10963910461397885,%,dulieukinhte,D,2026-10-07
2016-06-28,-0.009136592051162129,%,dulieukinhte,D,2026-10-07
2016-06-29,-0.03654636820465962,%,dulieukinhte,D,2026-10-07
2016-06-30,-0.07766103243490585,%,dulieukinhte,D,2026-10-07
2016-07-01,-0.11420740063956547,%,dulieukinhte,D,2026-10-07
2016-07-05,-0.14618547281863847,%,dulieukinhte,D,2026-10-07
2016-07-06,-0.10963910461397885,%,dulieukinhte,D,2026-10-07
2016-07-07,-0.09593421653723011,%,dulieukinhte,D,2026-10-07
2016-07-08,-0.12791228871631422,%,dulieukinhte,D,2026-10-07
2016-07-09,-0.12791228871631422,%,dulieukinhte,D,2026-10-07
2016-07-11,-0.15989036089538722,%,dulieukinhte,D,2026-10-07
2016-07-12,-0.09593421653723011,%,dulieukinhte,D,2026-10-07
2016-07-13,-0.05025125628140836,%,dulieukinhte,D,2026-10-07
2016-07-14,-0.06852444038373262,%,dulieukinhte,D,2026-10-07
2016-07-15,-0.11877569666514098,%,dulieukinhte,D,2026-10-07
2016-07-16,-0.11877569666514098,%,dulieukinhte,D,2026-10-07
2016-07-18,-0.07766103243490585,%,dulieukinhte,D,2026-10-07
2016-07-19,-0.031978072179073,%,dulieukinhte,D,2026-10-07
2016-07-20,-0.009136592051162129,%,dulieukinhte,D,2026-10-07
2016-07-21,0.022841480127921976,%,dulieukinhte,D,2026-10-07
2016-07-22,-0.041114664230246234,%,dulieukinhte,D,2026-10-07
2016-07-23,-0.041114664230246234,%,dulieukinhte,D,2026-10-07
2016-07-25,-0.009136592051162129,%,dulieukinhte,D,2026-10-07
2016-07-26,0.0,%,dulieukinhte,D,2026-10-07
2016-07-27,-0.05481955230699498,%,dulieukinhte,D,2026-10-07
2016-07-28,-0.06852444038373262,%,dulieukinhte,D,2026-10-07
2016-07-29,-0.12791228871631422,%,dulieukinhte,D,2026-10-07
2016-07-30,-0.12791228871631422,%,dulieukinhte,D,2026-10-07
2016-08-03,-0.2740977615349527,%,dulieukinhte,D,2026-10-07
2016-08-04,-0.26039287345820394,%,dulieukinhte,D,2026-10-07
2016-08-05,-0.2832343535861148,%,dulieukinhte,D,2026-10-07
2016-08-06,-0.2832343535861148,%,dulieukinhte,D,2026-10-07
2016-08-08,-0.26039287345820394,%,dulieukinhte,D,2026-10-07
2016-08-09,-0.22841480127911984,%,dulieukinhte,D,2026-10-07
2016-08-10,-0.23755139333029307,%,dulieukinhte,D,2026-10-07
2016-08-11,-0.26039287345820394,%,dulieukinhte,D,2026-10-07
2016-08-12,-0.1873001370488847,%,dulieukinhte,D,2026-10-07
2016-08-13,-0.1873001370488847,%,dulieukinhte,D,2026-10-07
2016-08-15,-0.19643672910004684,%,dulieukinhte,D,2026-10-07
2016-08-16,-0.20100502512563345,%,dulieukinhte,D,2026-10-07
2016-08-17,-0.2192782092279577,%,dulieukinhte,D,2026-10-07
2016-08-18,-0.1507537688442251,%,dulieukinhte,D,2026-10-07
2016-08-19,-0.1553220648698006,%,dulieukinhte,D,2026-10-07
2016-08-22,-0.06852444038373262,%,dulieukinhte,D,2026-10-07
2016-08-23,-0.01827318410233536,%,dulieukinhte,D,2026-10-07
2016-08-24,-0.02740977615349749,%,dulieukinhte,D,2026-10-07
2016-08-25,0.03654636820467072,%,dulieukinhte,D,2026-10-07
2016-08-26,0.022841480127921976,%,dulieukinhte,D,2026-10-07
2016-08-27,0.022841480127921976,%,dulieukinhte,D,2026-10-07
2016-08-29,0.10963910461398996,%,dulieukinhte,D,2026-10-07
2016-08-30,0.10050251256281673,%,dulieukinhte,D,2026-10-07
2016-09-03,0.13704888076746524,%,dulieukinhte,D,2026-10-07
2016-09-05,0.15989036089538722,%,dulieukinhte,D,2026-10-07
2016-09-06,0.14618547281863847,%,dulieukinhte,D,2026-10-07
2016-09-07,0.1233439926907165,%,dulieukinhte,D,2026-10-07
2016-09-08,0.10963910461398996,%,dulieukinhte,D,2026-10-07
2016-09-09,0.19186843307446022,%,dulieukinhte,D,2026-10-07
2016-09-10,0.19186843307446022,%,dulieukinhte,D,2026-10-07
2016-09-12,0.2512562814070307,%,dulieukinhte,D,2026-10-07
2016-09-13,0.29237094563727695,%,dulieukinhte,D,2026-10-07
2016-09-14,0.3426222019186742,%,dulieukinhte,D,2026-10-07
2016-09-15,0.3106441297396012,%,dulieukinhte,D,2026-10-07
2016-09-16,0.3015075376884502,%,dulieukinhte,D,2026-10-07
2016-09-17,0.3015075376884502,%,dulieukinhte,D,2026-10-07
2016-09-19,0.3152124257651989,%,dulieukinhte,D,2026-10-07
2016-09-20,0.28780264961170143,%,dulieukinhte,D,2026-10-07
2016-09-21,0.28780264961170143,%,dulieukinhte,D,2026-10-07
2016-09-22,0.2466879853814552,%,dulieukinhte,D,2026-10-07
2016-09-23,0.23755139333028197,%,dulieukinhte,D,2026-10-07
2016-09-26,0.25582457743262843,%,dulieukinhte,D,2026-10-07
2016-09-27,0.24211968935587969,%,dulieukinhte,D,2026-10-07
2016-09-28,0.22841480127913094,%,dulieukinhte,D,2026-10-07
2016-09-29,0.22841480127913094,%,dulieukinhte,D,2026-10-07
2016-09-30,0.26952946550935497,%,dulieukinhte,D,2026-10-07
2016-10-01,0.26952946550935497,%,dulieukinhte,D,2026-10-07
2016-10-03,0.26496116948377946,%,dulieukinhte,D,2026-10-07
2016-10-04,0.2832343535861037,%,dulieukinhte,D,2026-10-07
2016-10-05,0.3380539058930987,%,dulieukinhte,D,2026-10-07
2016-10-06,0.3700319780721717,%,dulieukinhte,D,2026-10-07
2016-10-07,0.41114664230241793,%,dulieukinhte,D,2026-10-07
2016-10-08,0.41114664230241793,%,dulieukinhte,D,2026-10-07
2016-10-10,0.3654636820465962,%,dulieukinhte,D,2026-10-07
2016-10-11,0.44312471448149093,%,dulieukinhte,D,2026-10-07
2016-10-12,0.4888076747373127,%,dulieukinhte,D,2026-10-07
2016-10-13,0.5573321151210564,%,dulieukinhte,D,2026-10-07
2016-10-14,0.5527638190954809,%,dulieukinhte,D,2026-10-07
2016-10-15,0.5527638190954809,%,dulieukinhte,D,2026-10-07
2016-10-17,0.5756052992233807,%,dulieukinhte,D,2026-10-07
2016-10-18,0.5938784833257271,%,dulieukinhte,D,2026-10-07
2016-10-19,0.5527638190954809,%,dulieukinhte,D,2026-10-07
2016-10-20,0.5253540429419834,%,dulieukinhte,D,2026-10-07
2016-10-21,0.5893101873001294,%,dulieukinhte,D,2026-10-07
2016-10-24,0.6486980356326999,%,dulieukinhte,D,2026-10-07
2016-10-25,0.6532663316582976,%,dulieukinhte,D,2026-10-07
2016-10-26,0.6395614435815489,%,dulieukinhte,D,2026-10-07
2016-10-27,0.6486980356326999,%,dulieukinhte,D,2026-10-07
2016-10-28,0.7080858839652704,%,dulieukinhte,D,2026-10-07
2016-10-29,0.7080858839652704,%,dulieukinhte,D,2026-10-07
2016-10-31,0.6806761078117951,%,dulieukinhte,D,2026-10-07
2016-11-01,0.6532663316582976,%,dulieukinhte,D,2026-10-07
2016-11-02,0.6258565555048001,%,dulieukinhte,D,2026-10-07
2016-11-03,0.5847418912745539,%,dulieukinhte,D,2026-10-07
2016-11-04,0.5573321151210564,%,dulieukinhte,D,2026-10-07
2016-11-05,0.5573321151210564,%,dulieukinhte,D,2026-10-07
2016-11-07,0.5710370031978051,%,dulieukinhte,D,2026-10-07
2016-11-08,0.6349931475559512,%,dulieukinhte,D,2026-10-07
2016-11-09,0.6167199634536269,%,dulieukinhte,D,2026-10-07
2016-11-10,0.6989492919141194,%,dulieukinhte,D,2026-10-07
2016-11-11,0.7583371402466899,%,dulieukinhte,D,2026-10-07
2016-11-14,0.8085883965280871,%,dulieukinhte,D,2026-10-07
2016-11-15,0.8953860210141551,%,dulieukinhte,D,2026-10-07
2016-11-16,0.9273640931932281,%,dulieukinhte,D,2026-10-07
2016-11-17,0.9639104613978988,%,dulieukinhte,D,2026-10-07
2016-11-18,1.014161717679296,%,dulieukinhte,D,2026-10-07
2016-11-19,1.014161717679296,%,dulieukinhte,D,2026-10-07
2016-11-21,1.068981269986291,%,dulieukinhte,D,2026-10-07
2016-11-22,1.0507080858839668,%,dulieukinhte,D,2026-10-07
2016-11-23,1.0415714938327936,%,dulieukinhte,D,2026-10-07
2016-11-24,1.100959342165364,%,dulieukinhte,D,2026-10-07
2016-11-25,1.1283691183188616,%,dulieukinhte,D,2026-10-07
2016-11-28,1.1055276381909618,%,dulieukinhte,D,2026-10-07
2016-11-29,1.0552763819095423,%,dulieukinhte,D,2026-10-07
2016-11-30,1.0415714938327936,%,dulieukinhte,D,2026-10-07
2016-12-01,1.0826861580630398,%,dulieukinhte,D,2026-10-07
2016-12-02,1.068981269986291,%,dulieukinhte,D,2026-10-07
2016-12-03,1.068981269986291,%,dulieukinhte,D,2026-10-07
2016-12-05,1.0415714938327936,%,dulieukinhte,D,2026-10-07
2016-12-06,1.0507080858839668,%,dulieukinhte,D,2026-10-07
2016-12-07,1.068981269986291,%,dulieukinhte,D,2026-10-07
2016-12-08,1.0278666057560448,%,dulieukinhte,D,2026-10-07
2016-12-09,1.037003197807218,%,dulieukinhte,D,2026-10-07
2016-12-10,1.037003197807218,%,dulieukinhte,D,2026-10-07
2016-12-12,1.0735495660118666,%,dulieukinhte,D,2026-10-07
2016-12-13,1.0507080858839668,%,dulieukinhte,D,2026-10-07
2016-12-14,1.068981269986291,%,dulieukinhte,D,2026-10-07
2016-12-15,1.1192325262677105,%,dulieukinhte,D,2026-10-07
2016-12-16,1.1603471904979346,%,dulieukinhte,D,2026-10-07
2016-12-17,1.1603471904979346,%,dulieukinhte,D,2026-10-07
2016-12-19,1.178620374600281,%,dulieukinhte,D,2026-10-07
2016-12-20,1.178620374600281,%,dulieukinhte,D,2026-10-07
2016-12-21,1.2060301507537785,%,dulieukinhte,D,2026-10-07
2016-12-22,1.1968935587026053,%,dulieukinhte,D,2026-10-07
2016-12-23,1.210598446779354,%,dulieukinhte,D,2026-10-07
2016-12-24,1.210598446779354,%,dulieukinhte,D,2026-10-07
2016-12-26,1.2014618547281808,%,dulieukinhte,D,2026-10-07
2016-12-27,1.1968935587026053,%,dulieukinhte,D,2026-10-07
2016-12-28,1.2151667428049295,%,dulieukinhte,D,2026-10-07
2016-12-29,1.242576518958427,%,dulieukinhte,D,2026-10-07
2016-12-30,1.2288716308816783,%,dulieukinhte,D,2026-10-07
2016-12-31,1.2288716308816783,%,dulieukinhte,D,2026-10-07
2017-01-03,-0.004512839027026594,%,dulieukinhte,D,2026-10-07
2017-01-04,0.013538517081101986,%,dulieukinhte,D,2026-10-07
2017-01-05,0.0,%,dulieukinhte,D,2026-10-07
2017-01-06,-0.022564195135155174,%,dulieukinhte,D,2026-10-07
2017-01-07,-0.022564195135155174,%,dulieukinhte,D,2026-10-07
2017-01-10,0.03610271221625716,%,dulieukinhte,D,2026-10-07
2017-01-11,0.031589873189230566,%,dulieukinhte,D,2026-10-07
2017-01-12,0.022564195135155174,%,dulieukinhte,D,2026-10-07
2017-01-13,0.009025678054053188,%,dulieukinhte,D,2026-10-07
2017-01-14,0.009025678054053188,%,dulieukinhte,D,2026-10-07
2017-01-16,0.009025678054053188,%,dulieukinhte,D,2026-10-07
2017-01-17,0.040615551243283754,%,dulieukinhte,D,2026-10-07
2017-01-18,0.022564195135155174,%,dulieukinhte,D,2026-10-07
2017-01-19,0.0947696195676695,%,dulieukinhte,D,2026-10-07
2017-01-20,0.15343652691908183,%,dulieukinhte,D,2026-10-07
2017-01-21,0.15343652691908183,%,dulieukinhte,D,2026-10-07
2017-01-23,0.14441084886502864,%,dulieukinhte,D,2026-10-07
2017-01-24,0.12635949275690006,%,dulieukinhte,D,2026-10-07
2017-01-25,0.19405207816236558,%,dulieukinhte,D,2026-10-07
2017-01-26,0.19405207816236558,%,dulieukinhte,D,2026-10-07
2017-02-01,0.19405207816236558,%,dulieukinhte,D,2026-10-07
2017-02-02,0.1805135610812858,%,dulieukinhte,D,2026-10-07
2017-02-03,0.176000722054237,%,dulieukinhte,D,2026-10-07
2017-02-04,0.176000722054237,%,dulieukinhte,D,2026-10-07
2017-02-06,0.1714878830272104,%,dulieukinhte,D,2026-10-07
2017-02-07,0.16697504400018381,%,dulieukinhte,D,2026-10-07
2017-02-08,0.22112911232456955,%,dulieukinhte,D,2026-10-07
2017-02-09,0.2572318245408267,%,dulieukinhte,D,2026-10-07
2017-02-13,0.3384629270273942,%,dulieukinhte,D,2026-10-07
2017-02-14,0.3429757660544208,%,dulieukinhte,D,2026-10-07
2017-02-15,0.3474886050814474,%,dulieukinhte,D,2026-10-07
2017-02-16,0.3384629270273942,%,dulieukinhte,D,2026-10-07
2017-02-17,0.31589873189223905,%,dulieukinhte,D,2026-10-07
2017-02-18,0.31589873189223905,%,dulieukinhte,D,2026-10-07
2017-02-20,0.32492440994629224,%,dulieukinhte,D,2026-10-07
2017-02-21,0.32492440994629224,%,dulieukinhte,D,2026-10-07
2017-02-22,0.3429757660544208,%,dulieukinhte,D,2026-10-07
2017-02-23,0.32492440994629224,%,dulieukinhte,D,2026-10-07
2017-02-24,0.31138589286521245,%,dulieukinhte,D,2026-10-07
2017-02-25,0.31138589286521245,%,dulieukinhte,D,2026-10-07
2017-02-27,0.31138589286521245,%,dulieukinhte,D,2026-10-07
2017-02-28,0.32943724897331883,%,dulieukinhte,D,2026-10-07
2017-03-01,0.32943724897331883,%,dulieukinhte,D,2026-10-07
2017-03-02,0.3700528002166248,%,dulieukinhte,D,2026-10-07
2017-03-03,0.39261699535177996,%,dulieukinhte,D,2026-10-07
2017-03-04,0.39261699535177996,%,dulieukinhte,D,2026-10-07
2017-03-06,0.39261699535177996,%,dulieukinhte,D,2026-10-07
2017-03-07,0.39261699535177996,%,dulieukinhte,D,2026-10-07
2017-03-08,0.39261699535177996,%,dulieukinhte,D,2026-10-07
2017-03-09,0.4467710636761657,%,dulieukinhte,D,2026-10-07
2017-03-10,0.4693352588113209,%,dulieukinhte,D,2026-10-07
2017-03-14,0.4648224197842943,%,dulieukinhte,D,2026-10-07
2017-03-15,0.4648224197842943,%,dulieukinhte,D,2026-10-07
2017-03-16,0.41969402951396173,%,dulieukinhte,D,2026-10-07
2017-03-17,0.41518119048693514,%,dulieukinhte,D,2026-10-07
2017-03-18,0.41518119048693514,%,dulieukinhte,D,2026-10-07
2017-03-20,0.4287197075680371,%,dulieukinhte,D,2026-10-07
2017-03-21,0.4287197075680371,%,dulieukinhte,D,2026-10-07
2017-03-22,0.4242068685409883,%,dulieukinhte,D,2026-10-07
2017-03-23,0.4242068685409883,%,dulieukinhte,D,2026-10-07
2017-03-24,0.4377453856220903,%,dulieukinhte,D,2026-10-07
2017-03-25,0.4377453856220903,%,dulieukinhte,D,2026-10-07
2017-03-27,0.4377453856220903,%,dulieukinhte,D,2026-10-07
2017-03-28,0.4242068685409883,%,dulieukinhte,D,2026-10-07
2017-03-29,0.4557967417302189,%,dulieukinhte,D,2026-10-07
2017-03-30,0.47836093686537406,%,dulieukinhte,D,2026-10-07
2017-03-31,0.5280021661627332,%,dulieukinhte,D,2026-10-07
2017-04-01,0.5280021661627332,%,dulieukinhte,D,2026-10-07
2017-04-03,0.5505663612978884,%,dulieukinhte,D,2026-10-07
2017-04-04,0.582156234487119,%,dulieukinhte,D,2026-10-07
2017-04-05,0.6227717857304027,%,dulieukinhte,D,2026-10-07
2017-04-06,0.6227717857304027,%,dulieukinhte,D,2026-10-07
2017-04-07,0.6859515321088416,%,dulieukinhte,D,2026-10-07
2017-04-08,0.6859515321088416,%,dulieukinhte,D,2026-10-07
2017-04-10,0.708515727244019,%,dulieukinhte,D,2026-10-07
2017-04-11,0.7310799223791742,%,dulieukinhte,D,2026-10-07
2017-04-12,0.7310799223791742,%,dulieukinhte,D,2026-10-07
2017-04-13,0.7265670833521476,%,dulieukinhte,D,2026-10-07
2017-04-14,0.7265670833521476,%,dulieukinhte,D,2026-10-07
2017-04-15,0.7265670833521476,%,dulieukinhte,D,2026-10-07
2017-04-17,0.7401056004332274,%,dulieukinhte,D,2026-10-07
2017-04-18,0.7401056004332274,%,dulieukinhte,D,2026-10-07
2017-04-19,0.7355927614062008,%,dulieukinhte,D,2026-10-07
2017-04-20,0.7716954736224579,%,dulieukinhte,D,2026-10-07
2017-04-21,0.7942596687576131,%,dulieukinhte,D,2026-10-07
2017-04-22,0.7942596687576131,%,dulieukinhte,D,2026-10-07
2017-04-24,0.8123110248657417,%,dulieukinhte,D,2026-10-07
2017-04-25,0.8348752200008969,%,dulieukinhte,D,2026-10-07
2017-04-26,0.8303623809738703,%,dulieukinhte,D,2026-10-07
2017-04-27,0.8484137370819989,%,dulieukinhte,D,2026-10-07
2017-04-28,0.8619522541631008,%,dulieukinhte,D,2026-10-07
2017-04-29,0.8619522541631008,%,dulieukinhte,D,2026-10-07
2017-05-03,0.857439415136052,%,dulieukinhte,D,2026-10-07
2017-05-04,0.884516449298256,%,dulieukinhte,D,2026-10-07
2017-05-05,0.8754907712441806,%,dulieukinhte,D,2026-10-07
2017-05-06,0.8754907712441806,%,dulieukinhte,D,2026-10-07
2017-05-08,0.898054966379358,%,dulieukinhte,D,2026-10-07
2017-05-09,0.9251320005415398,%,dulieukinhte,D,2026-10-07
2017-05-10,0.9657475517848235,%,dulieukinhte,D,2026-10-07
2017-05-11,0.9837989078929521,%,dulieukinhte,D,2026-10-07
2017-05-12,0.9747732298388989,%,dulieukinhte,D,2026-10-07
2017-05-13,0.9747732298388989,%,dulieukinhte,D,2026-10-07
2017-05-15,0.9657475517848235,%,dulieukinhte,D,2026-10-07
2017-05-16,0.9612347127577969,%,dulieukinhte,D,2026-10-07
2017-05-17,0.9522090347037215,%,dulieukinhte,D,2026-10-07
2017-05-18,0.9431833566496683,%,dulieukinhte,D,2026-10-07
2017-05-19,0.9837989078929521,%,dulieukinhte,D,2026-10-07
2017-05-20,0.9837989078929521,%,dulieukinhte,D,2026-10-07
2017-05-22,0.9747732298388989,%,dulieukinhte,D,2026-10-07
2017-05-23,0.9747732298388989,%,dulieukinhte,D,2026-10-07
2017-05-24,1.0153887810821827,%,dulieukinhte,D,2026-10-07
2017-05-25,1.0153887810821827,%,dulieukinhte,D,2026-10-07
2017-05-26,1.0153887810821827,%,dulieukinhte,D,2026-10-07
2017-05-27,1.0153887810821827,%,dulieukinhte,D,2026-10-07
2017-05-29,1.0153887810821827,%,dulieukinhte,D,2026-10-07
2017-05-30,1.0469786542714132,%,dulieukinhte,D,2026-10-07
2017-05-31,1.0695428494065684,%,dulieukinhte,D,2026-10-07
2017-06-01,1.0695428494065684,%,dulieukinhte,D,2026-10-07
2017-06-02,1.1011327225957768,%,dulieukinhte,D,2026-10-07
2017-06-03,1.1011327225957768,%,dulieukinhte,D,2026-10-07
2017-06-05,1.1011327225957768,%,dulieukinhte,D,2026-10-07
2017-06-06,1.1011327225957768,%,dulieukinhte,D,2026-10-07
2017-06-07,1.0921070445417236,%,dulieukinhte,D,2026-10-07
2017-06-08,1.1146712396768788,%,dulieukinhte,D,2026-10-07
2017-06-12,1.1236969177309541,%,dulieukinhte,D,2026-10-07
2017-06-13,1.1236969177309541,%,dulieukinhte,D,2026-10-07
2017-06-14,1.1236969177309541,%,dulieukinhte,D,2026-10-07
2017-06-15,1.1101584006498522,%,dulieukinhte,D,2026-10-07
2017-06-16,1.1327225957850073,%,dulieukinhte,D,2026-10-07
2017-06-17,1.1327225957850073,%,dulieukinhte,D,2026-10-07
2017-06-19,1.164312468974238,%,dulieukinhte,D,2026-10-07
2017-06-20,1.186876664109393,%,dulieukinhte,D,2026-10-07
2017-06-21,1.2139536982715748,%,dulieukinhte,D,2026-10-07
2017-06-22,1.2365178934067522,%,dulieukinhte,D,2026-10-07
2017-06-23,1.2320050543797034,%,dulieukinhte,D,2026-10-07
2017-06-24,1.2320050543797034,%,dulieukinhte,D,2026-10-07
2017-06-26,1.2274922153526768,%,dulieukinhte,D,2026-10-07
2017-06-27,1.250056410487832,%,dulieukinhte,D,2026-10-07
2017-06-28,1.2365178934067522,%,dulieukinhte,D,2026-10-07
2017-06-29,1.2320050543797034,%,dulieukinhte,D,2026-10-07
2017-06-30,1.2274922153526768,%,dulieukinhte,D,2026-10-07
2017-07-01,1.2274922153526768,%,dulieukinhte,D,2026-10-07
2017-07-03,1.2274922153526768,%,dulieukinhte,D,2026-10-07
2017-07-04,1.2681077665959606,%,dulieukinhte,D,2026-10-07
2017-07-05,1.2861591227040892,%,dulieukinhte,D,2026-10-07
2017-07-06,1.2996976397851911,%,dulieukinhte,D,2026-10-07
2017-07-07,1.2996976397851911,%,dulieukinhte,D,2026-10-07
2017-07-08,1.2996976397851911,%,dulieukinhte,D,2026-10-07
2017-07-10,1.3087233178392443,%,dulieukinhte,D,2026-10-07
2017-07-11,1.3087233178392443,%,dulieukinhte,D,2026-10-07
2017-07-12,1.3042104788122177,%,dulieukinhte,D,2026-10-07
2017-07-13,1.3042104788122177,%,dulieukinhte,D,2026-10-07
2017-07-14,1.2906719617311158,%,dulieukinhte,D,2026-10-07
2017-07-15,1.2906719617311158,%,dulieukinhte,D,2026-10-07
2017-07-17,1.2545692495148808,%,dulieukinhte,D,2026-10-07
2017-07-18,1.250056410487832,%,dulieukinhte,D,2026-10-07
2017-07-19,1.2365178934067522,%,dulieukinhte,D,2026-10-07
2017-07-20,1.2365178934067522,%,dulieukinhte,D,2026-10-07
2017-07-21,1.2320050543797034,%,dulieukinhte,D,2026-10-07
2017-07-22,1.2320050543797034,%,dulieukinhte,D,2026-10-07
2017-07-24,1.2184665372986236,%,dulieukinhte,D,2026-10-07
2017-07-25,1.2184665372986236,%,dulieukinhte,D,2026-10-07
2017-07-26,1.2365178934067522,%,dulieukinhte,D,2026-10-07
2017-07-27,1.2229793763256502,%,dulieukinhte,D,2026-10-07
2017-07-28,1.2365178934067522,%,dulieukinhte,D,2026-10-07
2017-07-29,1.2365178934067522,%,dulieukinhte,D,2026-10-07
2017-07-31,1.2320050543797034,%,dulieukinhte,D,2026-10-07
2017-08-01,1.2184665372986236,%,dulieukinhte,D,2026-10-07
2017-08-02,1.2229793763256502,%,dulieukinhte,D,2026-10-07
2017-08-03,1.2410307324337788,%,dulieukinhte,D,2026-10-07
2017-08-04,1.2410307324337788,%,dulieukinhte,D,2026-10-07
2017-08-05,1.2410307324337788,%,dulieukinhte,D,2026-10-07
2017-08-07,1.2681077665959606,%,dulieukinhte,D,2026-10-07
2017-08-08,1.2681077665959606,%,dulieukinhte,D,2026-10-07
2017-08-09,1.2681077665959606,%,dulieukinhte,D,2026-10-07
2017-08-10,1.2816462836770626,%,dulieukinhte,D,2026-10-07
2017-08-11,1.277133444650036,%,dulieukinhte,D,2026-10-07
2017-08-12,1.277133444650036,%,dulieukinhte,D,2026-10-07
2017-08-14,1.2726206056229872,%,dulieukinhte,D,2026-10-07
2017-08-15,1.2861591227040892,%,dulieukinhte,D,2026-10-07
2017-08-16,1.3132361568662931,%,dulieukinhte,D,2026-10-07
2017-08-17,1.3132361568662931,%,dulieukinhte,D,2026-10-07
2017-08-18,1.3132361568662931,%,dulieukinhte,D,2026-10-07
2017-08-19,1.3132361568662931,%,dulieukinhte,D,2026-10-07
2017-08-21,1.3132361568662931,%,dulieukinhte,D,2026-10-07
2017-08-22,1.3042104788122177,%,dulieukinhte,D,2026-10-07
2017-08-23,1.2996976397851911,%,dulieukinhte,D,2026-10-07
2017-08-24,1.2996976397851911,%,dulieukinhte,D,2026-10-07
2017-08-25,1.2951848007581646,%,dulieukinhte,D,2026-10-07
2017-08-26,1.2951848007581646,%,dulieukinhte,D,2026-10-07
2017-08-28,1.2816462836770626,%,dulieukinhte,D,2026-10-07
2017-08-29,1.2590820885419074,%,dulieukinhte,D,2026-10-07
2017-08-30,1.2590820885419074,%,dulieukinhte,D,2026-10-07
2017-08-31,1.2816462836770626,%,dulieukinhte,D,2026-10-07
2017-09-01,1.2816462836770626,%,dulieukinhte,D,2026-10-07
2017-09-04,1.2816462836770626,%,dulieukinhte,D,2026-10-07
2017-09-05,1.263594927568934,%,dulieukinhte,D,2026-10-07
2017-09-08,1.2320050543797034,%,dulieukinhte,D,2026-10-07
2017-09-09,1.2320050543797034,%,dulieukinhte,D,2026-10-07
2017-09-11,1.2139536982715748,%,dulieukinhte,D,2026-10-07
2017-09-12,1.2410307324337788,%,dulieukinhte,D,2026-10-07
2017-09-13,1.2590820885419074,%,dulieukinhte,D,2026-10-07
2017-09-14,1.2726206056229872,%,dulieukinhte,D,2026-10-07
2017-09-15,1.2726206056229872,%,dulieukinhte,D,2026-10-07
2017-09-16,1.2726206056229872,%,dulieukinhte,D,2026-10-07
2017-09-18,1.263594927568934,%,dulieukinhte,D,2026-10-07
2017-09-19,1.2816462836770626,%,dulieukinhte,D,2026-10-07
2017-09-20,1.2951848007581646,%,dulieukinhte,D,2026-10-07
2017-09-21,1.2951848007581646,%,dulieukinhte,D,2026-10-07
2017-09-22,1.3132361568662931,%,dulieukinhte,D,2026-10-07
2017-09-23,1.3132361568662931,%,dulieukinhte,D,2026-10-07
2017-09-25,1.3042104788122177,%,dulieukinhte,D,2026-10-07
2017-09-26,1.340313191028475,%,dulieukinhte,D,2026-10-07
2017-09-27,1.376415903244732,%,dulieukinhte,D,2026-10-07
2017-09-28,1.4034929374069138,%,dulieukinhte,D,2026-10-07
2017-09-29,1.4034929374069138,%,dulieukinhte,D,2026-10-07
2017-09-30,1.4034929374069138,%,dulieukinhte,D,2026-10-07
2017-10-02,1.3944672593528606,%,dulieukinhte,D,2026-10-07
2017-10-03,1.4170314544880158,%,dulieukinhte,D,2026-10-07
2017-10-04,1.4170314544880158,%,dulieukinhte,D,2026-10-07
2017-10-05,1.3944672593528606,%,dulieukinhte,D,2026-10-07
2017-10-06,1.4034929374069138,%,dulieukinhte,D,2026-10-07
2017-10-07,1.4034929374069138,%,dulieukinhte,D,2026-10-07
2017-10-09,1.3989800983798872,%,dulieukinhte,D,2026-10-07
2017-10-10,1.389954420325834,%,dulieukinhte,D,2026-10-07
2017-10-11,1.353851708109577,%,dulieukinhte,D,2026-10-07
2017-10-12,1.326774673947373,%,dulieukinhte,D,2026-10-07
2017-10-13,1.326774673947373,%,dulieukinhte,D,2026-10-07
2017-10-14,1.326774673947373,%,dulieukinhte,D,2026-10-07
2017-10-16,1.3177489958933197,%,dulieukinhte,D,2026-10-07
2017-10-17,1.3222618349203463,%,dulieukinhte,D,2026-10-07
2017-10-18,1.3583645471366035,%,dulieukinhte,D,2026-10-07
2017-10-19,1.3673902251906567,%,dulieukinhte,D,2026-10-07
2017-10-20,1.353851708109577,%,dulieukinhte,D,2026-10-07
2017-10-21,1.353851708109577,%,dulieukinhte,D,2026-10-07
2017-10-23,1.3809287422717587,%,dulieukinhte,D,2026-10-07
2017-10-24,1.3989800983798872,%,dulieukinhte,D,2026-10-07
2017-10-25,1.4034929374069138,%,dulieukinhte,D,2026-10-07
2017-10-26,1.389954420325834,%,dulieukinhte,D,2026-10-07
2017-10-27,1.4215442935150424,%,dulieukinhte,D,2026-10-07
2017-10-28,1.4215442935150424,%,dulieukinhte,D,2026-10-07
2017-10-30,1.4350828105961444,%,dulieukinhte,D,2026-10-07
2017-10-31,1.4080057764339626,%,dulieukinhte,D,2026-10-07
2017-11-01,1.3944672593528606,%,dulieukinhte,D,2026-10-07
2017-11-02,1.3854415812987853,%,dulieukinhte,D,2026-10-07
2017-11-03,1.3673902251906567,%,dulieukinhte,D,2026-10-07
2017-11-04,1.3673902251906567,%,dulieukinhte,D,2026-10-07
2017-11-06,1.3989800983798872,%,dulieukinhte,D,2026-10-07
2017-11-07,1.3854415812987853,%,dulieukinhte,D,2026-10-07
2017-11-08,1.4034929374069138,%,dulieukinhte,D,2026-10-07
2017-11-09,1.3989800983798872,%,dulieukinhte,D,2026-10-07
2017-11-10,1.3809287422717587,%,dulieukinhte,D,2026-10-07
2017-11-11,1.3809287422717587,%,dulieukinhte,D,2026-10-07
2017-11-13,1.3673902251906567,%,dulieukinhte,D,2026-10-07
2017-11-14,1.3854415812987853,%,dulieukinhte,D,2026-10-07
2017-11-15,1.340313191028475,%,dulieukinhte,D,2026-10-07
2017-11-16,1.3087233178392443,%,dulieukinhte,D,2026-10-07
2017-11-17,1.2951848007581646,%,dulieukinhte,D,2026-10-07
2017-11-18,1.2951848007581646,%,dulieukinhte,D,2026-10-07
2017-11-20,1.277133444650036,%,dulieukinhte,D,2026-10-07
2017-11-21,1.2951848007581646,%,dulieukinhte,D,2026-10-07
2017-11-22,1.2726206056229872,%,dulieukinhte,D,2026-10-07
2017-11-23,1.2274922153526768,%,dulieukinhte,D,2026-10-07
2017-11-24,1.2229793763256502,%,dulieukinhte,D,2026-10-07
2017-11-25,1.2229793763256502,%,dulieukinhte,D,2026-10-07
2017-11-27,1.2274922153526768,%,dulieukinhte,D,2026-10-07
2017-11-28,1.2139536982715748,%,dulieukinhte,D,2026-10-07
2017-11-29,1.2139536982715748,%,dulieukinhte,D,2026-10-07
2017-11-30,1.2365178934067522,%,dulieukinhte,D,2026-10-07
2017-12-04,1.2184665372986236,%,dulieukinhte,D,2026-10-07
2017-12-05,1.263594927568934,%,dulieukinhte,D,2026-10-07
2017-12-06,1.2816462836770626,%,dulieukinhte,D,2026-10-07
2017-12-07,1.2906719617311158,%,dulieukinhte,D,2026-10-07
2017-12-08,1.3222618349203463,%,dulieukinhte,D,2026-10-07
2017-12-09,1.3222618349203463,%,dulieukinhte,D,2026-10-07
2017-12-11,1.3312875129744217,%,dulieukinhte,D,2026-10-07
2017-12-12,1.3132361568662931,%,dulieukinhte,D,2026-10-07
2017-12-13,1.3132361568662931,%,dulieukinhte,D,2026-10-07
2017-12-14,1.2816462836770626,%,dulieukinhte,D,2026-10-07
2017-12-15,1.2726206056229872,%,dulieukinhte,D,2026-10-07
2017-12-16,1.2726206056229872,%,dulieukinhte,D,2026-10-07
2017-12-18,1.263594927568934,%,dulieukinhte,D,2026-10-07
2017-12-19,1.2906719617311158,%,dulieukinhte,D,2026-10-07
2017-12-20,1.2545692495148808,%,dulieukinhte,D,2026-10-07
2017-12-21,1.2229793763256502,%,dulieukinhte,D,2026-10-07
2017-12-22,1.2365178934067522,%,dulieukinhte,D,2026-10-07
2017-12-23,1.2365178934067522,%,dulieukinhte,D,2026-10-07
2017-12-25,1.2229793763256502,%,dulieukinhte,D,2026-10-07
2017-12-26,1.200415181190495,%,dulieukinhte,D,2026-10-07
2017-12-27,1.173338147028291,%,dulieukinhte,D,2026-10-07
2017-12-28,1.2049280202175217,%,dulieukinhte,D,2026-10-07
2017-12-29,1.200415181190495,%,dulieukinhte,D,2026-10-07
2017-12-31,1.200415181190495,%,dulieukinhte,D,2026-10-07
2018-01-02,-0.04459308807135409,%,dulieukinhte,D,2026-10-07
2018-01-03,-0.08918617614269708,%,dulieukinhte,D,2026-10-07
2018-01-04,-0.06243032329988907,%,dulieukinhte,D,2026-10-07
2018-01-05,-0.08026755852842404,%,dulieukinhte,D,2026-10-07
2018-01-06,-0.08026755852842404,%,dulieukinhte,D,2026-10-07
2018-01-08,-0.10702341137123206,%,dulieukinhte,D,2026-10-07
2018-01-09,-0.04013377926421757,%,dulieukinhte,D,2026-10-07
2018-01-10,0.0,%,dulieukinhte,D,2026-10-07
2018-01-11,-0.05351170568561603,%,dulieukinhte,D,2026-10-07
2018-01-12,-0.08472686733556056,%,dulieukinhte,D,2026-10-07
2018-01-13,-0.08472686733556056,%,dulieukinhte,D,2026-10-07
2018-01-15,-0.12931995540691466,%,dulieukinhte,D,2026-10-07
2018-01-16,-0.17391304347825765,%,dulieukinhte,D,2026-10-07
2018-01-17,-0.15161649944258615,%,dulieukinhte,D,2026-10-07
2018-01-18,-0.08472686733556056,%,dulieukinhte,D,2026-10-07
2018-01-19,-0.08472686733556056,%,dulieukinhte,D,2026-10-07
2018-01-20,-0.08472686733556056,%,dulieukinhte,D,2026-10-07
2018-01-22,-0.10702341137123206,%,dulieukinhte,D,2026-10-07
2018-01-23,-0.06243032329988907,%,dulieukinhte,D,2026-10-07
2018-01-24,-0.04013377926421757,%,dulieukinhte,D,2026-10-07
2018-01-25,-0.08472686733556056,%,dulieukinhte,D,2026-10-07
2018-01-26,-0.04013377926421757,%,dulieukinhte,D,2026-10-07
2018-01-27,-0.04013377926421757,%,dulieukinhte,D,2026-10-07
2018-01-29,0.004459308807125417,%,dulieukinhte,D,2026-10-07
2018-01-30,0.0713489409141621,%,dulieukinhte,D,2026-10-07
2018-01-31,0.0713489409141621,%,dulieukinhte,D,2026-10-07
2018-02-01,0.026755852842819117,%,dulieukinhte,D,2026-10-07
2018-02-02,0.004459308807125417,%,dulieukinhte,D,2026-10-07
2018-02-03,0.004459308807125417,%,dulieukinhte,D,2026-10-07
2018-02-05,0.08472686733556056,%,dulieukinhte,D,2026-10-07
2018-02-06,0.11148272017837968,%,dulieukinhte,D,2026-10-07
2018-02-07,0.08918617614270818,%,dulieukinhte,D,2026-10-07
2018-02-08,0.04459308807134299,%,dulieukinhte,D,2026-10-07
2018-02-09,0.06688963210701449,%,dulieukinhte,D,2026-10-07
2018-02-10,0.06688963210701449,%,dulieukinhte,D,2026-10-07
2018-02-12,0.022296544035671495,%,dulieukinhte,D,2026-10-07
2018-02-13,0.05797101449276365,%,dulieukinhte,D,2026-10-07
2018-02-14,0.05797101449276365,%,dulieukinhte,D,2026-10-07
2018-02-19,0.05797101449276365,%,dulieukinhte,D,2026-10-07
2018-02-20,0.05797101449276365,%,dulieukinhte,D,2026-10-07
2018-02-21,-0.008918617614273039,%,dulieukinhte,D,2026-10-07
2018-02-22,0.03567447045706995,%,dulieukinhte,D,2026-10-07
2018-02-23,0.08026755852843515,%,dulieukinhte,D,2026-10-07
2018-02-24,0.08026755852843515,%,dulieukinhte,D,2026-10-07
2018-02-26,0.10256410256410664,%,dulieukinhte,D,2026-10-07
2018-02-27,0.10256410256410664,%,dulieukinhte,D,2026-10-07
2018-02-28,0.16945373467112113,%,dulieukinhte,D,2026-10-07
2018-03-01,0.21404682274246412,%,dulieukinhte,D,2026-10-07
2018-03-02,0.19175027870679262,%,dulieukinhte,D,2026-10-07
2018-03-03,0.19175027870679262,%,dulieukinhte,D,2026-10-07
2018-03-05,0.14715719063544963,%,dulieukinhte,D,2026-10-07
2018-03-06,0.14715719063544963,%,dulieukinhte,D,2026-10-07
2018-03-07,0.12486064659977814,%,dulieukinhte,D,2026-10-07
2018-03-08,0.08026755852843515,%,dulieukinhte,D,2026-10-07
2018-03-09,0.1382385730211766,%,dulieukinhte,D,2026-10-07
2018-03-10,0.1382385730211766,%,dulieukinhte,D,2026-10-07
2018-03-12,0.1605351170568481,%,dulieukinhte,D,2026-10-07
2018-03-13,0.11148272017837968,%,dulieukinhte,D,2026-10-07
2018-03-14,0.06688963210701449,%,dulieukinhte,D,2026-10-07
2018-03-15,0.06688963210701449,%,dulieukinhte,D,2026-10-07
2018-03-16,0.08918617614270818,%,dulieukinhte,D,2026-10-07
2018-03-17,0.08918617614270818,%,dulieukinhte,D,2026-10-07
2018-03-19,0.13377926421405117,%,dulieukinhte,D,2026-10-07
2018-03-20,0.11148272017837968,%,dulieukinhte,D,2026-10-07
2018-03-21,0.15161649944259725,%,dulieukinhte,D,2026-10-07
2018-03-22,0.12040133779265272,%,dulieukinhte,D,2026-10-07
2018-03-23,0.13377926421405117,%,dulieukinhte,D,2026-10-07
2018-03-24,0.13377926421405117,%,dulieukinhte,D,2026-10-07
2018-03-26,0.13377926421405117,%,dulieukinhte,D,2026-10-07
2018-03-27,0.08026755852843515,%,dulieukinhte,D,2026-10-07
2018-03-28,0.12486064659977814,%,dulieukinhte,D,2026-10-07
2018-03-29,0.16945373467112113,%,dulieukinhte,D,2026-10-07
2018-03-30,0.14715719063544963,%,dulieukinhte,D,2026-10-07
2018-03-31,0.14715719063544963,%,dulieukinhte,D,2026-10-07
2018-04-02,0.10256410256410664,%,dulieukinhte,D,2026-10-07
2018-04-03,0.07580824972128752,%,dulieukinhte,D,2026-10-07
2018-04-04,0.1426978818283242,%,dulieukinhte,D,2026-10-07
2018-04-05,0.1872909698996672,%,dulieukinhte,D,2026-10-07
2018-04-06,0.2318840579710102,%,dulieukinhte,D,2026-10-07
2018-04-07,0.2318840579710102,%,dulieukinhte,D,2026-10-07
2018-04-11,0.2318840579710102,%,dulieukinhte,D,2026-10-07
2018-04-12,0.2318840579710102,%,dulieukinhte,D,2026-10-07
2018-04-13,0.2987736900780469,%,dulieukinhte,D,2026-10-07
2018-04-14,0.2987736900780469,%,dulieukinhte,D,2026-10-07
2018-04-16,0.2764771460423532,%,dulieukinhte,D,2026-10-07
2018-04-17,0.2318840579710102,%,dulieukinhte,D,2026-10-07
2018-04-18,0.2541806020066817,%,dulieukinhte,D,2026-10-07
2018-04-19,0.2987736900780469,%,dulieukinhte,D,2026-10-07
2018-04-20,0.3255295429208438,%,dulieukinhte,D,2026-10-07
2018-04-21,0.3255295429208438,%,dulieukinhte,D,2026-10-07
2018-04-23,0.36566332218506137,%,dulieukinhte,D,2026-10-07
2018-04-24,0.43255295429207585,%,dulieukinhte,D,2026-10-07
2018-04-26,0.49944258639911254,%,dulieukinhte,D,2026-10-07
2018-04-27,0.5083612040133856,%,dulieukinhte,D,2026-10-07
2018-04-28,0.5083612040133856,%,dulieukinhte,D,2026-10-07
2018-05-02,0.548494983277581,%,dulieukinhte,D,2026-10-07
2018-05-03,0.5886287625417985,%,dulieukinhte,D,2026-10-07
2018-05-04,0.566332218506127,%,dulieukinhte,D,2026-10-07
2018-05-05,0.566332218506127,%,dulieukinhte,D,2026-10-07
2018-05-07,0.5930880713489461,%,dulieukinhte,D,2026-10-07
2018-05-08,0.6287625418060161,%,dulieukinhte,D,2026-10-07
2018-05-09,0.6376811594202891,%,dulieukinhte,D,2026-10-07
2018-05-10,0.6822742474916321,%,dulieukinhte,D,2026-10-07
2018-05-14,0.557413600891854,%,dulieukinhte,D,2026-10-07
2018-05-15,0.548494983277581,%,dulieukinhte,D,2026-10-07
2018-05-16,0.6376811594202891,%,dulieukinhte,D,2026-10-07
2018-05-17,0.7090301003344512,%,dulieukinhte,D,2026-10-07
2018-05-18,0.7357859531772482,%,dulieukinhte,D,2026-10-07
2018-05-19,0.7357859531772482,%,dulieukinhte,D,2026-10-07
2018-05-21,0.7357859531772482,%,dulieukinhte,D,2026-10-07
2018-05-22,0.7580824972129419,%,dulieukinhte,D,2026-10-07
2018-05-23,0.7090301003344512,%,dulieukinhte,D,2026-10-07
2018-05-24,0.7313266443701227,%,dulieukinhte,D,2026-10-07
2018-05-25,0.7313266443701227,%,dulieukinhte,D,2026-10-07
2018-05-26,0.7313266443701227,%,dulieukinhte,D,2026-10-07
2018-05-28,0.7625418060200673,%,dulieukinhte,D,2026-10-07
2018-05-29,0.8026755852842848,%,dulieukinhte,D,2026-10-07
2018-05-30,0.7357859531772482,%,dulieukinhte,D,2026-10-07
2018-05-31,0.7580824972129419,%,dulieukinhte,D,2026-10-07
2018-06-01,0.6287625418060161,%,dulieukinhte,D,2026-10-07
2018-06-02,0.6287625418060161,%,dulieukinhte,D,2026-10-07
2018-06-04,0.6510590858416876,%,dulieukinhte,D,2026-10-07
2018-06-05,0.6510590858416876,%,dulieukinhte,D,2026-10-07
2018-06-06,0.6332218506131637,%,dulieukinhte,D,2026-10-07
2018-06-07,0.61092530657747,%,dulieukinhte,D,2026-10-07
2018-06-08,0.5930880713489461,%,dulieukinhte,D,2026-10-07
2018-06-12,0.6688963210702337,%,dulieukinhte,D,2026-10-07
2018-06-13,0.6822742474916321,%,dulieukinhte,D,2026-10-07
2018-06-14,0.7045707915273036,%,dulieukinhte,D,2026-10-07
2018-06-15,0.7580824972129419,%,dulieukinhte,D,2026-10-07
2018-06-16,0.7580824972129419,%,dulieukinhte,D,2026-10-07
2018-06-18,0.7892976588628864,%,dulieukinhte,D,2026-10-07
2018-06-19,0.7892976588628864,%,dulieukinhte,D,2026-10-07
2018-06-20,0.8561872909699009,%,dulieukinhte,D,2026-10-07
2018-06-21,0.8784838350055724,%,dulieukinhte,D,2026-10-07
2018-06-22,0.8695652173912993,%,dulieukinhte,D,2026-10-07
2018-06-23,0.8695652173912993,%,dulieukinhte,D,2026-10-07
2018-06-25,0.8472686733556278,%,dulieukinhte,D,2026-10-07
2018-06-26,0.8918617614269708,%,dulieukinhte,D,2026-10-07
2018-06-27,0.9587513935340075,%,dulieukinhte,D,2026-10-07
2018-06-28,1.025641025641022,%,dulieukinhte,D,2026-10-07
2018-06-29,1.0033444816053505,%,dulieukinhte,D,2026-10-07
2018-06-30,1.0033444816053505,%,dulieukinhte,D,2026-10-07
2018-07-02,0.936454849498336,%,dulieukinhte,D,2026-10-07
2018-07-03,0.936454849498336,%,dulieukinhte,D,2026-10-07
2018-07-04,0.9141583054626423,%,dulieukinhte,D,2026-10-07
2018-07-05,0.9498327759197345,%,dulieukinhte,D,2026-10-07
2018-07-06,0.9498327759197345,%,dulieukinhte,D,2026-10-07
2018-07-07,0.9498327759197345,%,dulieukinhte,D,2026-10-07
2018-07-11,0.989966555183952,%,dulieukinhte,D,2026-10-07
2018-07-12,1.0122630992196235,%,dulieukinhte,D,2026-10-07
2018-07-13,0.9944258639910775,%,dulieukinhte,D,2026-10-07
2018-07-14,0.9944258639910775,%,dulieukinhte,D,2026-10-07
2018-07-16,1.016722408026749,%,dulieukinhte,D,2026-10-07
2018-07-17,0.972129319955406,%,dulieukinhte,D,2026-10-07
2018-07-18,0.9988851727982251,%,dulieukinhte,D,2026-10-07
2018-07-19,1.0568561872909665,%,dulieukinhte,D,2026-10-07
2018-07-20,1.0479375696766935,%,dulieukinhte,D,2026-10-07
2018-07-21,1.0479375696766935,%,dulieukinhte,D,2026-10-07
2018-07-23,0.9765886287625314,%,dulieukinhte,D,2026-10-07
2018-07-24,1.0211817168338966,%,dulieukinhte,D,2026-10-07
2018-07-25,1.0211817168338966,%,dulieukinhte,D,2026-10-07
2018-07-26,0.9988851727982251,%,dulieukinhte,D,2026-10-07
2018-07-27,0.9988851727982251,%,dulieukinhte,D,2026-10-07
2018-07-28,0.9988851727982251,%,dulieukinhte,D,2026-10-07
2018-07-30,1.043478260869568,%,dulieukinhte,D,2026-10-07
2018-07-31,1.088071348940911,%,dulieukinhte,D,2026-10-07
2018-08-01,1.088071348940911,%,dulieukinhte,D,2026-10-07
2018-08-02,1.0746934225195126,%,dulieukinhte,D,2026-10-07
2018-08-03,1.1192865105908556,%,dulieukinhte,D,2026-10-07
2018-08-04,1.1192865105908556,%,dulieukinhte,D,2026-10-07
2018-08-06,1.1192865105908556,%,dulieukinhte,D,2026-10-07
2018-08-07,1.1192865105908556,%,dulieukinhte,D,2026-10-07
2018-08-08,1.096989966555184,%,dulieukinhte,D,2026-10-07
2018-08-09,1.0746934225195126,%,dulieukinhte,D,2026-10-07
2018-08-10,1.1192865105908556,%,dulieukinhte,D,2026-10-07
2018-08-11,1.1192865105908556,%,dulieukinhte,D,2026-10-07
2018-08-13,1.1638795986621986,%,dulieukinhte,D,2026-10-07
2018-08-14,1.1638795986621986,%,dulieukinhte,D,2026-10-07
2018-08-15,1.1594202898550732,%,dulieukinhte,D,2026-10-07
2018-08-16,1.1861761426978923,%,dulieukinhte,D,2026-10-07
2018-08-17,1.1772575250836192,%,dulieukinhte,D,2026-10-07
2018-08-18,1.1772575250836192,%,dulieukinhte,D,2026-10-07
2018-08-20,1.1549609810479478,%,dulieukinhte,D,2026-10-07
2018-08-21,1.132664437012254,%,dulieukinhte,D,2026-10-07
2018-08-22,1.1103678929765826,%,dulieukinhte,D,2026-10-07
2018-08-23,1.1282051282051286,%,dulieukinhte,D,2026-10-07
2018-08-24,1.1727982162764716,%,dulieukinhte,D,2026-10-07
2018-08-25,1.1727982162764716,%,dulieukinhte,D,2026-10-07
2018-08-27,1.1505016722408001,%,dulieukinhte,D,2026-10-07
2018-08-28,1.1282051282051286,%,dulieukinhte,D,2026-10-07
2018-08-29,1.1059085841694571,%,dulieukinhte,D,2026-10-07
2018-08-30,1.1505016722408001,%,dulieukinhte,D,2026-10-07
2018-08-31,1.1282051282051286,%,dulieukinhte,D,2026-10-07
2018-09-01,1.1282051282051286,%,dulieukinhte,D,2026-10-07
2018-09-04,1.1727982162764716,%,dulieukinhte,D,2026-10-07
2018-09-05,1.1727982162764716,%,dulieukinhte,D,2026-10-07
2018-09-08,1.1638795986621986,%,dulieukinhte,D,2026-10-07
2018-09-10,1.1995540691192907,%,dulieukinhte,D,2026-10-07
2018-09-11,1.2396878483835083,%,dulieukinhte,D,2026-10-07
2018-09-12,1.2173913043478368,%,dulieukinhte,D,2026-10-07
2018-09-13,1.2040133779264162,%,dulieukinhte,D,2026-10-07
2018-09-14,1.1817168338907447,%,dulieukinhte,D,2026-10-07
2018-09-15,1.1817168338907447,%,dulieukinhte,D,2026-10-07
2018-09-17,1.1817168338907447,%,dulieukinhte,D,2026-10-07
2018-09-18,1.2263099219620877,%,dulieukinhte,D,2026-10-07
2018-09-19,1.2709030100334529,%,dulieukinhte,D,2026-10-07
2018-09-20,1.2486064659977814,%,dulieukinhte,D,2026-10-07
2018-09-21,1.2798216276477037,%,dulieukinhte,D,2026-10-07
2018-09-22,1.2798216276477037,%,dulieukinhte,D,2026-10-07
2018-09-24,1.2664437012263052,%,dulieukinhte,D,2026-10-07
2018-09-25,1.2931995540691243,%,dulieukinhte,D,2026-10-07
2018-09-26,1.3021181716833974,%,dulieukinhte,D,2026-10-07
2018-09-27,1.2931995540691243,%,dulieukinhte,D,2026-10-07
2018-09-28,1.2887402452619767,%,dulieukinhte,D,2026-10-07
2018-09-29,1.2887402452619767,%,dulieukinhte,D,2026-10-07
2018-10-01,1.2842809364548513,%,dulieukinhte,D,2026-10-07
2018-10-02,1.2976588628762498,%,dulieukinhte,D,2026-10-07
2018-10-03,1.3065774804905228,%,dulieukinhte,D,2026-10-07
2018-10-04,1.3154960981047958,%,dulieukinhte,D,2026-10-07
2018-10-05,1.3154960981047958,%,dulieukinhte,D,2026-10-07
2018-10-06,1.3154960981047958,%,dulieukinhte,D,2026-10-07
2018-10-08,1.3199554069119213,%,dulieukinhte,D,2026-10-07
2018-10-09,1.3288740245261943,%,dulieukinhte,D,2026-10-07
2018-10-10,1.3199554069119213,%,dulieukinhte,D,2026-10-07
2018-10-11,1.3110367892976482,%,dulieukinhte,D,2026-10-07
2018-10-12,1.3199554069119213,%,dulieukinhte,D,2026-10-07
2018-10-13,1.3199554069119213,%,dulieukinhte,D,2026-10-07
2018-10-15,1.3110367892976482,%,dulieukinhte,D,2026-10-07
2018-10-16,1.3021181716833974,%,dulieukinhte,D,2026-10-07
2018-10-17,1.2931995540691243,%,dulieukinhte,D,2026-10-07
2018-10-18,1.3021181716833974,%,dulieukinhte,D,2026-10-07
2018-10-19,1.3110367892976482,%,dulieukinhte,D,2026-10-07
2018-10-20,1.3110367892976482,%,dulieukinhte,D,2026-10-07
2018-10-22,1.3021181716833974,%,dulieukinhte,D,2026-10-07
2018-10-23,1.3110367892976482,%,dulieukinhte,D,2026-10-07
2018-10-24,1.3199554069119213,%,dulieukinhte,D,2026-10-07
2018-10-25,1.3199554069119213,%,dulieukinhte,D,2026-10-07
2018-10-26,1.3288740245261943,%,dulieukinhte,D,2026-10-07
2018-10-27,1.3288740245261943,%,dulieukinhte,D,2026-10-07
2018-10-29,1.3244147157190689,%,dulieukinhte,D,2026-10-07
2018-10-30,1.333333333333342,%,dulieukinhte,D,2026-10-07
2018-10-31,1.3422519509475928,%,dulieukinhte,D,2026-10-07
2018-11-01,1.3467112597547404,%,dulieukinhte,D,2026-10-07
2018-11-02,1.3377926421404673,%,dulieukinhte,D,2026-10-07
2018-11-06,1.3377926421404673,%,dulieukinhte,D,2026-10-07
2018-11-07,1.3467112597547404,%,dulieukinhte,D,2026-10-07
2018-11-08,1.3377926421404673,%,dulieukinhte,D,2026-10-07
2018-11-09,1.3288740245261943,%,dulieukinhte,D,2026-10-07
2018-11-10,1.3288740245261943,%,dulieukinhte,D,2026-10-07
2018-11-12,1.3377926421404673,%,dulieukinhte,D,2026-10-07
2018-11-13,1.3467112597547404,%,dulieukinhte,D,2026-10-07
2018-11-14,1.3377926421404673,%,dulieukinhte,D,2026-10-07
2018-11-15,1.3288740245261943,%,dulieukinhte,D,2026-10-07
2018-11-16,1.3199554069119213,%,dulieukinhte,D,2026-10-07
2018-11-17,1.3199554069119213,%,dulieukinhte,D,2026-10-07
2018-11-19,1.3199554069119213,%,dulieukinhte,D,2026-10-07
2018-11-20,1.3422519509475928,%,dulieukinhte,D,2026-10-07
2018-11-21,1.3645484949832865,%,dulieukinhte,D,2026-10-07
2018-11-22,1.3734671125975373,%,dulieukinhte,D,2026-10-07
2018-11-23,1.4180602006689025,%,dulieukinhte,D,2026-10-07
2018-11-24,1.4180602006689025,%,dulieukinhte,D,2026-10-07
2018-11-26,1.4180602006689025,%,dulieukinhte,D,2026-10-07
2018-11-27,1.4358974358974264,%,dulieukinhte,D,2026-10-07
2018-11-28,1.4358974358974264,%,dulieukinhte,D,2026-10-07
2018-11-29,1.4358974358974264,%,dulieukinhte,D,2026-10-07
2018-11-30,1.449275362318847,%,dulieukinhte,D,2026-10-07
2018-12-01,1.449275362318847,%,dulieukinhte,D,2026-10-07
2018-12-05,1.4804905239687915,%,dulieukinhte,D,2026-10-07
2018-12-06,1.502787068004463,%,dulieukinhte,D,2026-10-07
2018-12-07,1.511705685618736,%,dulieukinhte,D,2026-10-07
2018-12-08,1.511705685618736,%,dulieukinhte,D,2026-10-07
2018-12-10,1.5206243032330091,%,dulieukinhte,D,2026-10-07
2018-12-11,1.5607580824972045,%,dulieukinhte,D,2026-10-07
2018-12-12,1.5607580824972045,%,dulieukinhte,D,2026-10-07
2018-12-13,1.5518394648829537,%,dulieukinhte,D,2026-10-07
2018-12-14,1.5741360089186252,%,dulieukinhte,D,2026-10-07
2018-12-15,1.5741360089186252,%,dulieukinhte,D,2026-10-07
2018-12-17,1.5964325529542966,%,dulieukinhte,D,2026-10-07
2018-12-18,1.6142697881828427,%,dulieukinhte,D,2026-10-07
2018-12-19,1.6053511705685697,%,dulieukinhte,D,2026-10-07
2018-12-20,1.6053511705685697,%,dulieukinhte,D,2026-10-07
2018-12-21,1.6053511705685697,%,dulieukinhte,D,2026-10-07
2018-12-22,1.6053511705685697,%,dulieukinhte,D,2026-10-07
2018-12-24,1.6276477146042412,%,dulieukinhte,D,2026-10-07
2018-12-25,1.6276477146042412,%,dulieukinhte,D,2026-10-07
2018-12-26,1.6499442586399127,%,dulieukinhte,D,2026-10-07
2018-12-27,1.6945373467112557,%,dulieukinhte,D,2026-10-07
2018-12-28,1.7837235228539638,%,dulieukinhte,D,2026-10-07
2018-12-29,1.7837235228539638,%,dulieukinhte,D,2026-10-07
2018-12-30,1.7837235228539638,%,dulieukinhte,D,2026-10-07
2018-12-31,1.7837235228539638,%,dulieukinhte,D,2026-10-07
2019-01-02,0.0,%,dulieukinhte,D,2026-10-07
2019-01-05,0.017524644030664227,%,dulieukinhte,D,2026-10-07
2019-01-07,0.017524644030664227,%,dulieukinhte,D,2026-10-07
2019-01-08,0.008762322015343216,%,dulieukinhte,D,2026-10-07
2019-01-09,0.04381161007667167,%,dulieukinhte,D,2026-10-07
2019-01-10,0.021905805038335835,%,dulieukinhte,D,2026-10-07
2019-01-11,0.04381161007667167,%,dulieukinhte,D,2026-10-07
2019-01-12,0.04381161007667167,%,dulieukinhte,D,2026-10-07
2019-01-14,0.052573932092014886,%,dulieukinhte,D,2026-10-07
2019-01-15,0.10952902519167917,%,dulieukinhte,D,2026-10-07
2019-01-16,0.14019715224533602,%,dulieukinhte,D,2026-10-07
2019-01-17,0.131434830230015,%,dulieukinhte,D,2026-10-07
2019-01-18,0.16210295728367186,%,dulieukinhte,D,2026-10-07
2019-01-19,0.16210295728367186,%,dulieukinhte,D,2026-10-07
2019-01-21,0.19715224534502251,%,dulieukinhte,D,2026-10-07
2019-01-22,0.23658269441402258,%,dulieukinhte,D,2026-10-07
2019-01-23,0.23658269441402258,%,dulieukinhte,D,2026-10-07
2019-01-24,0.21905805038335835,%,dulieukinhte,D,2026-10-07
2019-01-25,0.24096385542169418,%,dulieukinhte,D,2026-10-07
2019-01-26,0.24096385542169418,%,dulieukinhte,D,2026-10-07
2019-01-28,0.14457831325300763,%,dulieukinhte,D,2026-10-07
2019-01-29,0.14457831325300763,%,dulieukinhte,D,2026-10-07
2019-01-30,0.1883899233296793,%,dulieukinhte,D,2026-10-07
2019-01-31,0.1883899233296793,%,dulieukinhte,D,2026-10-07
2019-02-01,0.1840087623220077,%,dulieukinhte,D,2026-10-07
2019-02-11,0.3066812705367017,%,dulieukinhte,D,2026-10-07
2019-02-12,0.35049288061337336,%,dulieukinhte,D,2026-10-07
2019-02-13,0.3329682365826869,%,dulieukinhte,D,2026-10-07
2019-02-14,0.3329682365826869,%,dulieukinhte,D,2026-10-07
2019-02-15,0.3943044906900228,%,dulieukinhte,D,2026-10-07
2019-02-16,0.3943044906900228,%,dulieukinhte,D,2026-10-07
2019-02-18,0.3855421686747018,%,dulieukinhte,D,2026-10-07
2019-02-19,0.35925520262869437,%,dulieukinhte,D,2026-10-07
2019-02-20,0.35049288061337336,%,dulieukinhte,D,2026-10-07
2019-02-21,0.34173055859803014,%,dulieukinhte,D,2026-10-07
2019-02-22,0.35487404162102276,%,dulieukinhte,D,2026-10-07
2019-02-23,0.35487404162102276,%,dulieukinhte,D,2026-10-07
2019-02-25,0.3767798466593586,%,dulieukinhte,D,2026-10-07
2019-02-26,0.372398685651687,%,dulieukinhte,D,2026-10-07
2019-02-27,0.363636363636366,%,dulieukinhte,D,2026-10-07
2019-02-28,0.3943044906900228,%,dulieukinhte,D,2026-10-07
2019-03-01,0.4293537787513735,%,dulieukinhte,D,2026-10-07
2019-03-02,0.4293537787513735,%,dulieukinhte,D,2026-10-07
2019-03-04,0.46002190580503033,%,dulieukinhte,D,2026-10-07
2019-03-05,0.495071193866381,%,dulieukinhte,D,2026-10-07
2019-03-06,0.503833515881702,%,dulieukinhte,D,2026-10-07
2019-03-07,0.503833515881702,%,dulieukinhte,D,2026-10-07
2019-03-08,0.5301204819277094,%,dulieukinhte,D,2026-10-07
2019-03-09,0.5301204819277094,%,dulieukinhte,D,2026-10-07
2019-03-13,0.534501642935381,%,dulieukinhte,D,2026-10-07
2019-03-14,0.5564074479737169,%,dulieukinhte,D,2026-10-07
2019-03-15,0.5783132530120527,%,dulieukinhte,D,2026-10-07
2019-03-16,0.5783132530120527,%,dulieukinhte,D,2026-10-07
2019-03-18,0.5564074479737169,%,dulieukinhte,D,2026-10-07
2019-03-19,0.5914567360350453,%,dulieukinhte,D,2026-10-07
2019-03-20,0.5826944140197243,%,dulieukinhte,D,2026-10-07
2019-03-21,0.5607886089813885,%,dulieukinhte,D,2026-10-07
2019-03-22,0.5783132530120527,%,dulieukinhte,D,2026-10-07
2019-03-23,0.5783132530120527,%,dulieukinhte,D,2026-10-07
2019-03-25,0.6089813800657096,%,dulieukinhte,D,2026-10-07
2019-03-26,0.595837897042717,%,dulieukinhte,D,2026-10-07
2019-03-27,0.6484118291347096,%,dulieukinhte,D,2026-10-07
2019-03-28,0.6703176341730455,%,dulieukinhte,D,2026-10-07
2019-03-29,0.6790799561883887,%,dulieukinhte,D,2026-10-07
2019-03-30,0.6790799561883887,%,dulieukinhte,D,2026-10-07
2019-04-01,0.6615553121577245,%,dulieukinhte,D,2026-10-07
2019-04-02,0.6615553121577245,%,dulieukinhte,D,2026-10-07
2019-04-03,0.6922234392113813,%,dulieukinhte,D,2026-10-07
2019-04-04,0.6703176341730455,%,dulieukinhte,D,2026-10-07
2019-04-05,0.7141292442497171,%,dulieukinhte,D,2026-10-07
2019-04-06,0.7141292442497171,%,dulieukinhte,D,2026-10-07
2019-04-08,0.7141292442497171,%,dulieukinhte,D,2026-10-07
2019-04-09,0.736035049288053,%,dulieukinhte,D,2026-10-07
2019-04-10,0.7185104052573887,%,dulieukinhte,D,2026-10-07
2019-04-11,0.727272727272732,%,dulieukinhte,D,2026-10-07
2019-04-12,0.7491785323110678,%,dulieukinhte,D,2026-10-07
2019-04-13,0.7491785323110678,%,dulieukinhte,D,2026-10-07
2019-04-16,0.7228915662650603,%,dulieukinhte,D,2026-10-07
2019-04-17,0.727272727272732,%,dulieukinhte,D,2026-10-07
2019-04-18,0.7141292442497171,%,dulieukinhte,D,2026-10-07
2019-04-19,0.7579408543263888,%,dulieukinhte,D,2026-10-07
2019-04-20,0.7579408543263888,%,dulieukinhte,D,2026-10-07
2019-04-22,0.7491785323110678,%,dulieukinhte,D,2026-10-07
2019-04-23,0.7842278203723962,%,dulieukinhte,D,2026-10-07
2019-04-24,0.8236582694413963,%,dulieukinhte,D,2026-10-07
2019-04-25,0.8455640744797321,%,dulieukinhte,D,2026-10-07
2019-04-26,0.8893756845564038,%,dulieukinhte,D,2026-10-07
2019-04-27,0.8893756845564038,%,dulieukinhte,D,2026-10-07
2019-04-29,0.8893756845564038,%,dulieukinhte,D,2026-10-07
2019-05-02,0.9112814895947396,%,dulieukinhte,D,2026-10-07
2019-05-03,0.898138006571747,%,dulieukinhte,D,2026-10-07
2019-05-04,0.898138006571747,%,dulieukinhte,D,2026-10-07
2019-05-06,0.898138006571747,%,dulieukinhte,D,2026-10-07
2019-05-07,0.9419496166484187,%,dulieukinhte,D,2026-10-07
2019-05-08,0.9682365826944039,%,dulieukinhte,D,2026-10-07
2019-05-09,0.9901423877327398,%,dulieukinhte,D,2026-10-07
2019-05-10,1.0164293537787472,%,dulieukinhte,D,2026-10-07
2019-05-14,1.0032858707557546,%,dulieukinhte,D,2026-10-07
2019-05-15,1.0470974808324263,%,dulieukinhte,D,2026-10-07
2019-05-16,1.0120481927710756,%,dulieukinhte,D,2026-10-07
2019-05-17,1.0032858707557546,%,dulieukinhte,D,2026-10-07
2019-05-18,1.0032858707557546,%,dulieukinhte,D,2026-10-07
2019-05-20,1.069003285870762,%,dulieukinhte,D,2026-10-07
2019-05-21,1.069003285870762,%,dulieukinhte,D,2026-10-07
2019-05-22,1.0558598028477473,%,dulieukinhte,D,2026-10-07
2019-05-23,1.0427163198247547,%,dulieukinhte,D,2026-10-07
2019-05-24,1.0558598028477473,%,dulieukinhte,D,2026-10-07
2019-05-25,1.0558598028477473,%,dulieukinhte,D,2026-10-07
2019-05-27,1.0339539978094114,%,dulieukinhte,D,2026-10-07
2019-05-28,1.0251916757940904,%,dulieukinhte,D,2026-10-07
2019-05-29,1.0470974808324263,%,dulieukinhte,D,2026-10-07
2019-05-30,1.0602409638554189,%,dulieukinhte,D,2026-10-07
2019-05-31,1.0514786418400979,%,dulieukinhte,D,2026-10-07
2019-06-01,1.0514786418400979,%,dulieukinhte,D,2026-10-07
2019-06-03,1.029572836801762,%,dulieukinhte,D,2026-10-07
2019-06-04,0.9945235487404114,%,dulieukinhte,D,2026-10-07
2019-06-05,0.9945235487404114,%,dulieukinhte,D,2026-10-07
2019-06-06,1.029572836801762,%,dulieukinhte,D,2026-10-07
2019-06-07,1.0208105147864188,%,dulieukinhte,D,2026-10-07
2019-06-08,1.0208105147864188,%,dulieukinhte,D,2026-10-07
2019-06-12,1.0120481927710756,%,dulieukinhte,D,2026-10-07
2019-06-13,1.029572836801762,%,dulieukinhte,D,2026-10-07
2019-06-14,1.0251916757940904,%,dulieukinhte,D,2026-10-07
2019-06-15,1.0251916757940904,%,dulieukinhte,D,2026-10-07
2019-06-17,1.069003285870762,%,dulieukinhte,D,2026-10-07
2019-06-18,1.090909090909098,%,dulieukinhte,D,2026-10-07
2019-06-19,1.0733844468784337,%,dulieukinhte,D,2026-10-07
2019-06-20,1.0514786418400979,%,dulieukinhte,D,2026-10-07
2019-06-21,1.0076670317634262,%,dulieukinhte,D,2026-10-07
2019-06-22,1.0076670317634262,%,dulieukinhte,D,2026-10-07
2019-06-24,0.998904709748083,%,dulieukinhte,D,2026-10-07
2019-06-25,0.9857612267250904,%,dulieukinhte,D,2026-10-07
2019-06-26,1.0076670317634262,%,dulieukinhte,D,2026-10-07
2019-06-27,1.0514786418400979,%,dulieukinhte,D,2026-10-07
2019-06-28,1.0558598028477473,%,dulieukinhte,D,2026-10-07
2019-06-29,1.0558598028477473,%,dulieukinhte,D,2026-10-07
2019-07-01,1.0032858707557546,%,dulieukinhte,D,2026-10-07
2019-07-02,0.9901423877327398,%,dulieukinhte,D,2026-10-07
2019-07-04,1.0339539978094114,%,dulieukinhte,D,2026-10-07
2019-07-05,1.0339539978094114,%,dulieukinhte,D,2026-10-07
2019-07-06,1.0339539978094114,%,dulieukinhte,D,2026-10-07
2019-07-08,1.0865279299014263,%,dulieukinhte,D,2026-10-07
2019-07-11,1.0470974808324263,%,dulieukinhte,D,2026-10-07
2019-07-12,1.0251916757940904,%,dulieukinhte,D,2026-10-07
2019-07-13,1.0251916757940904,%,dulieukinhte,D,2026-10-07
2019-07-15,1.0427163198247547,%,dulieukinhte,D,2026-10-07
2019-07-16,1.038335158817083,%,dulieukinhte,D,2026-10-07
2019-07-17,1.0646221248630905,%,dulieukinhte,D,2026-10-07
2019-07-18,1.0821467688937547,%,dulieukinhte,D,2026-10-07
2019-07-19,1.0602409638554189,%,dulieukinhte,D,2026-10-07
2019-07-20,1.0602409638554189,%,dulieukinhte,D,2026-10-07
2019-07-22,1.1040525739320906,%,dulieukinhte,D,2026-10-07
2019-07-23,1.1040525739320906,%,dulieukinhte,D,2026-10-07
2019-07-24,1.099671412924419,%,dulieukinhte,D,2026-10-07
2019-07-25,1.0821467688937547,%,dulieukinhte,D,2026-10-07
2019-07-26,1.1128148959474338,%,dulieukinhte,D,2026-10-07
2019-07-27,1.1128148959474338,%,dulieukinhte,D,2026-10-07
2019-07-29,1.139101861993419,%,dulieukinhte,D,2026-10-07
2019-07-30,1.139101861993419,%,dulieukinhte,D,2026-10-07
2019-07-31,1.0865279299014263,%,dulieukinhte,D,2026-10-07
2019-08-01,1.1128148959474338,%,dulieukinhte,D,2026-10-07
2019-08-02,1.1610076670317548,%,dulieukinhte,D,2026-10-07
2019-08-03,1.1610076670317548,%,dulieukinhte,D,2026-10-07
2019-08-05,1.2048192771084265,%,dulieukinhte,D,2026-10-07
2019-08-06,1.270536692223434,%,dulieukinhte,D,2026-10-07
2019-08-09,1.2135815991237697,%,dulieukinhte,D,2026-10-07
2019-08-10,1.2135815991237697,%,dulieukinhte,D,2026-10-07
2019-08-12,1.2048192771084265,%,dulieukinhte,D,2026-10-07
2019-08-13,1.2530120481927698,%,dulieukinhte,D,2026-10-07
2019-08-14,1.2968236582694415,%,dulieukinhte,D,2026-10-07
2019-08-15,1.270536692223434,%,dulieukinhte,D,2026-10-07
2019-08-16,1.2924424972617699,%,dulieukinhte,D,2026-10-07
2019-08-17,1.2924424972617699,%,dulieukinhte,D,2026-10-07
2019-08-19,1.301204819277113,%,dulieukinhte,D,2026-10-07
2019-08-20,1.2924424972617699,%,dulieukinhte,D,2026-10-07
2019-08-21,1.2924424972617699,%,dulieukinhte,D,2026-10-07
2019-08-22,1.2749178532311056,%,dulieukinhte,D,2026-10-07
2019-08-23,1.323110624315449,%,dulieukinhte,D,2026-10-07
2019-08-24,1.323110624315449,%,dulieukinhte,D,2026-10-07
2019-08-26,1.2661555312157624,%,dulieukinhte,D,2026-10-07
2019-08-27,1.3362541073384415,%,dulieukinhte,D,2026-10-07
2019-08-28,1.33187294633077,%,dulieukinhte,D,2026-10-07
2019-08-29,1.3493975903614563,%,dulieukinhte,D,2026-10-07
2019-08-30,1.3493975903614563,%,dulieukinhte,D,2026-10-07
2019-08-31,1.3493975903614563,%,dulieukinhte,D,2026-10-07
2019-09-03,1.3756845564074416,%,dulieukinhte,D,2026-10-07
2019-09-04,1.4063526834611206,%,dulieukinhte,D,2026-10-07
2019-09-05,1.3800657174151132,%,dulieukinhte,D,2026-10-07
2019-09-09,1.3450164293537847,%,dulieukinhte,D,2026-10-07
2019-09-10,1.3581599123767774,%,dulieukinhte,D,2026-10-07
2019-09-11,1.3362541073384415,%,dulieukinhte,D,2026-10-07
2019-09-12,1.37130339539977,%,dulieukinhte,D,2026-10-07
2019-09-13,1.3493975903614563,%,dulieukinhte,D,2026-10-07
2019-09-14,1.3493975903614563,%,dulieukinhte,D,2026-10-07
2019-09-16,1.3362541073384415,%,dulieukinhte,D,2026-10-07
2019-09-17,1.3581599123767774,%,dulieukinhte,D,2026-10-07
2019-09-18,1.3932092004381058,%,dulieukinhte,D,2026-10-07
2019-09-19,1.4107338444687922,%,dulieukinhte,D,2026-10-07
2019-09-20,1.3888280394304564,%,dulieukinhte,D,2026-10-07
2019-09-21,1.3888280394304564,%,dulieukinhte,D,2026-10-07
2019-09-23,1.3669222343921206,%,dulieukinhte,D,2026-10-07
2019-09-24,1.4238773274917849,%,dulieukinhte,D,2026-10-07
2019-09-25,1.401971522453449,%,dulieukinhte,D,2026-10-07
2019-09-26,1.4457831325301207,%,dulieukinhte,D,2026-10-07
2019-09-27,1.4676889375684565,%,dulieukinhte,D,2026-10-07
2019-09-28,1.4676889375684565,%,dulieukinhte,D,2026-10-07
2019-09-30,1.4720700985761281,%,dulieukinhte,D,2026-10-07
2019-10-01,1.4895947426067924,%,dulieukinhte,D,2026-10-07
2019-10-02,1.4808324205914492,%,dulieukinhte,D,2026-10-07
2019-10-03,1.4720700985761281,%,dulieukinhte,D,2026-10-07
2019-10-04,1.463307776560785,%,dulieukinhte,D,2026-10-07
2019-10-08,1.454545454545464,%,dulieukinhte,D,2026-10-07
2019-10-09,1.4501642935377923,%,dulieukinhte,D,2026-10-07
2019-10-10,1.454545454545464,%,dulieukinhte,D,2026-10-07
2019-10-11,1.441401971522449,%,dulieukinhte,D,2026-10-07
2019-10-12,1.441401971522449,%,dulieukinhte,D,2026-10-07
2019-10-14,1.4238773274917849,%,dulieukinhte,D,2026-10-07
2019-10-15,1.4238773274917849,%,dulieukinhte,D,2026-10-07
2019-10-16,1.454545454545464,%,dulieukinhte,D,2026-10-07
2019-10-17,1.463307776560785,%,dulieukinhte,D,2026-10-07
2019-10-18,1.441401971522449,%,dulieukinhte,D,2026-10-07
2019-10-19,1.441401971522449,%,dulieukinhte,D,2026-10-07
2019-10-21,1.4370208105147775,%,dulieukinhte,D,2026-10-07
2019-10-22,1.4151150054764416,%,dulieukinhte,D,2026-10-07
2019-10-23,1.441401971522449,%,dulieukinhte,D,2026-10-07
2019-10-24,1.4457831325301207,%,dulieukinhte,D,2026-10-07
2019-10-25,1.4457831325301207,%,dulieukinhte,D,2026-10-07
2019-10-26,1.4457831325301207,%,dulieukinhte,D,2026-10-07
2019-10-28,1.432639649507128,%,dulieukinhte,D,2026-10-07
2019-10-29,1.4194961664841133,%,dulieukinhte,D,2026-10-07
2019-10-30,1.401971522453449,%,dulieukinhte,D,2026-10-07
2019-10-31,1.401971522453449,%,dulieukinhte,D,2026-10-07
2019-11-01,1.37130339539977,%,dulieukinhte,D,2026-10-07
2019-11-02,1.37130339539977,%,dulieukinhte,D,2026-10-07
2019-11-04,1.3581599123767774,%,dulieukinhte,D,2026-10-07
2019-11-05,1.3581599123767774,%,dulieukinhte,D,2026-10-07
2019-11-06,1.33187294633077,%,dulieukinhte,D,2026-10-07
2019-11-07,1.3537787513691057,%,dulieukinhte,D,2026-10-07
2019-11-08,1.3493975903614563,%,dulieukinhte,D,2026-10-07
2019-11-09,1.3493975903614563,%,dulieukinhte,D,2026-10-07
2019-11-11,1.3362541073384415,%,dulieukinhte,D,2026-10-07
2019-11-12,1.3756845564074416,%,dulieukinhte,D,2026-10-07
2019-11-13,1.3756845564074416,%,dulieukinhte,D,2026-10-07
2019-11-14,1.401971522453449,%,dulieukinhte,D,2026-10-07
2019-11-15,1.3975903614457774,%,dulieukinhte,D,2026-10-07
2019-11-16,1.3975903614457774,%,dulieukinhte,D,2026-10-07
2019-11-18,1.3800657174151132,%,dulieukinhte,D,2026-10-07
2019-11-19,1.3581599123767774,%,dulieukinhte,D,2026-10-07
2019-11-20,1.3756845564074416,%,dulieukinhte,D,2026-10-07
2019-11-21,1.4151150054764416,%,dulieukinhte,D,2026-10-07
2019-11-22,1.4282584884994565,%,dulieukinhte,D,2026-10-07
2019-11-23,1.4282584884994565,%,dulieukinhte,D,2026-10-07
2019-11-25,1.441401971522449,%,dulieukinhte,D,2026-10-07
2019-11-26,1.454545454545464,%,dulieukinhte,D,2026-10-07
2019-11-27,1.454545454545464,%,dulieukinhte,D,2026-10-07
2019-11-28,1.4589266155531133,%,dulieukinhte,D,2026-10-07
2019-11-29,1.4764512595837997,%,dulieukinhte,D,2026-10-07
2019-11-30,1.4764512595837997,%,dulieukinhte,D,2026-10-07
2019-12-02,1.454545454545464,%,dulieukinhte,D,2026-10-07
2019-12-05,1.4983570646221356,%,dulieukinhte,D,2026-10-07
2019-12-06,1.4852135815991208,%,dulieukinhte,D,2026-10-07
2019-12-07,1.4852135815991208,%,dulieukinhte,D,2026-10-07
2019-12-09,1.4983570646221356,%,dulieukinhte,D,2026-10-07
2019-12-10,1.4808324205914492,%,dulieukinhte,D,2026-10-07
2019-12-11,1.4808324205914492,%,dulieukinhte,D,2026-10-07
2019-12-12,1.4895947426067924,%,dulieukinhte,D,2026-10-07
2019-12-13,1.4676889375684565,%,dulieukinhte,D,2026-10-07
2019-12-14,1.4676889375684565,%,dulieukinhte,D,2026-10-07
2019-12-16,1.4457831325301207,%,dulieukinhte,D,2026-10-07
2019-12-17,1.4764512595837997,%,dulieukinhte,D,2026-10-07
2019-12-18,1.4589266155531133,%,dulieukinhte,D,2026-10-07
2019-12-19,1.4808324205914492,%,dulieukinhte,D,2026-10-07
2019-12-20,1.4676889375684565,%,dulieukinhte,D,2026-10-07
2019-12-21,1.4676889375684565,%,dulieukinhte,D,2026-10-07
2019-12-23,1.463307776560785,%,dulieukinhte,D,2026-10-07
2019-12-24,1.4852135815991208,%,dulieukinhte,D,2026-10-07
2019-12-25,1.4808324205914492,%,dulieukinhte,D,2026-10-07
2019-12-26,1.4764512595837997,%,dulieukinhte,D,2026-10-07
2019-12-27,1.5071193866374566,%,dulieukinhte,D,2026-10-07
2019-12-28,1.5071193866374566,%,dulieukinhte,D,2026-10-07
2019-12-29,1.5071193866374566,%,dulieukinhte,D,2026-10-07
2019-12-30,1.4983570646221356,%,dulieukinhte,D,2026-10-07
2019-12-31,1.4457831325301207,%,dulieukinhte,D,2026-10-07
2020-01-02,-0.021593608291947675,%,dulieukinhte,D,2026-10-07
2020-01-03,0.00863744331678351,%,dulieukinhte,D,2026-10-07
2020-01-04,0.00863744331678351,%,dulieukinhte,D,2026-10-07
2020-01-06,0.05182465990067886,%,dulieukinhte,D,2026-10-07
2020-01-07,0.08205571150938784,%,dulieukinhte,D,2026-10-07
2020-01-08,0.04318721658389535,%,dulieukinhte,D,2026-10-07
2020-01-09,0.07773698985100719,%,dulieukinhte,D,2026-10-07
2020-01-10,0.047505938242276,%,dulieukinhte,D,2026-10-07
2020-01-11,0.047505938242276,%,dulieukinhte,D,2026-10-07
2020-01-13,0.030231051608731185,%,dulieukinhte,D,2026-10-07
2020-01-14,0.00863744331678351,%,dulieukinhte,D,2026-10-07
2020-01-15,0.012956164975164164,%,dulieukinhte,D,2026-10-07
2020-01-16,0.004318721658380653,%,dulieukinhte,D,2026-10-07
2020-01-17,0.00863744331678351,%,dulieukinhte,D,2026-10-07
2020-01-18,0.00863744331678351,%,dulieukinhte,D,2026-10-07
2020-01-19,0.00863744331678351,%,dulieukinhte,D,2026-10-07
2020-01-20,0.0,%,dulieukinhte,D,2026-10-07
2020-01-21,0.012956164975164164,%,dulieukinhte,D,2026-10-07
2020-01-22,0.06478082487584302,%,dulieukinhte,D,2026-10-07
2020-02-01,0.17706758799396205,%,dulieukinhte,D,2026-10-07
2020-02-03,0.19866119628590972,%,dulieukinhte,D,2026-10-07
2020-02-04,0.2202548045778352,%,dulieukinhte,D,2026-10-07
2020-02-05,0.17706758799396205,%,dulieukinhte,D,2026-10-07
2020-02-06,0.19866119628590972,%,dulieukinhte,D,2026-10-07
2020-02-07,0.19866119628590972,%,dulieukinhte,D,2026-10-07
2020-02-08,0.19866119628590972,%,dulieukinhte,D,2026-10-07
2020-02-10,0.24184841286978287,%,dulieukinhte,D,2026-10-07
2020-02-13,0.2202548045778352,%,dulieukinhte,D,2026-10-07
2020-02-14,0.2591232995033499,%,dulieukinhte,D,2026-10-07
2020-02-15,0.2591232995033499,%,dulieukinhte,D,2026-10-07
2020-02-17,0.27207946447851405,%,dulieukinhte,D,2026-10-07
2020-02-18,0.25480457784494703,%,dulieukinhte,D,2026-10-07
2020-02-19,0.3152666810624094,%,dulieukinhte,D,2026-10-07
2020-02-20,0.34117901101273773,%,dulieukinhte,D,2026-10-07
2020-02-21,0.3627726193046854,%,dulieukinhte,D,2026-10-07
2020-02-22,0.3627726193046854,%,dulieukinhte,D,2026-10-07
2020-02-24,0.38004750593825243,%,dulieukinhte,D,2026-10-07
2020-02-25,0.38868494925501373,%,dulieukinhte,D,2026-10-07
2020-02-26,0.3627726193046854,%,dulieukinhte,D,2026-10-07
2020-03-03,0.23321096955302156,%,dulieukinhte,D,2026-10-07
2020-03-04,0.2116173612610739,%,dulieukinhte,D,2026-10-07
2020-03-05,0.20729863960267103,%,dulieukinhte,D,2026-10-07
2020-03-06,0.1813863096523427,%,dulieukinhte,D,2026-10-07
2020-03-07,0.1813863096523427,%,dulieukinhte,D,2026-10-07
2020-03-09,0.1727488663355592,%,dulieukinhte,D,2026-10-07
2020-03-10,0.15115525804361152,%,dulieukinhte,D,2026-10-07
2020-03-11,0.18570503131072336,%,dulieukinhte,D,2026-10-07
2020-03-12,0.1813863096523427,%,dulieukinhte,D,2026-10-07
2020-03-13,0.24616713452818573,%,dulieukinhte,D,2026-10-07
2020-03-14,0.24616713452818573,%,dulieukinhte,D,2026-10-07
2020-03-16,0.2893543511120811,%,dulieukinhte,D,2026-10-07
2020-03-17,0.31094795940400655,%,dulieukinhte,D,2026-10-07
2020-03-18,0.3325415676959542,%,dulieukinhte,D,2026-10-07
2020-03-19,0.37572878427984957,%,dulieukinhte,D,2026-10-07
2020-03-20,0.4189160008637449,%,dulieukinhte,D,2026-10-07
2020-03-21,0.4189160008637449,%,dulieukinhte,D,2026-10-07
2020-03-23,0.4491470524724761,%,dulieukinhte,D,2026-10-07
2020-03-24,0.45346577413085676,%,dulieukinhte,D,2026-10-07
2020-03-25,0.4102785575469614,%,dulieukinhte,D,2026-10-07
2020-04-01,0.3325415676959542,%,dulieukinhte,D,2026-10-07
2020-04-03,0.3627726193046854,%,dulieukinhte,D,2026-10-07
2020-04-04,0.3627726193046854,%,dulieukinhte,D,2026-10-07
2020-04-06,0.34117901101273773,%,dulieukinhte,D,2026-10-07
2020-04-07,0.3239041243791929,%,dulieukinhte,D,2026-10-07
2020-04-08,0.30231051608724524,%,dulieukinhte,D,2026-10-07
2020-04-09,0.3454977326711184,%,dulieukinhte,D,2026-10-07
2020-04-13,0.26344202116173054,%,dulieukinhte,D,2026-10-07
2020-04-14,0.29367307277046173,%,dulieukinhte,D,2026-10-07
2020-04-15,0.31094795940400655,%,dulieukinhte,D,2026-10-07
2020-04-16,0.34981645432952124,%,dulieukinhte,D,2026-10-07
2020-04-17,0.3714100626214689,%,dulieukinhte,D,2026-10-07
2020-04-18,0.3714100626214689,%,dulieukinhte,D,2026-10-07
2020-04-20,0.35845389764630475,%,dulieukinhte,D,2026-10-07
2020-04-21,0.3930036709134166,%,dulieukinhte,D,2026-10-07
2020-04-22,0.43619088749728974,%,dulieukinhte,D,2026-10-07
2020-04-23,0.4577844957892374,%,dulieukinhte,D,2026-10-07
2020-04-24,0.5052904340315356,%,dulieukinhte,D,2026-10-07
2020-04-25,0.5052904340315356,%,dulieukinhte,D,2026-10-07
2020-04-27,0.5052904340315356,%,dulieukinhte,D,2026-10-07
2020-05-04,0.39732239257179724,%,dulieukinhte,D,2026-10-07
2020-05-05,0.46210321744764027,%,dulieukinhte,D,2026-10-07
2020-05-06,0.42755344418052843,%,dulieukinhte,D,2026-10-07
2020-05-07,0.47505938242280443,%,dulieukinhte,D,2026-10-07
2020-05-08,0.46210321744764027,%,dulieukinhte,D,2026-10-07
2020-05-09,0.46210321744764027,%,dulieukinhte,D,2026-10-07
2020-05-11,0.4189160008637449,%,dulieukinhte,D,2026-10-07
2020-05-12,0.38868494925501373,%,dulieukinhte,D,2026-10-07
2020-05-13,0.3843662275966331,%,dulieukinhte,D,2026-10-07
2020-05-14,0.4232347225221256,%,dulieukinhte,D,2026-10-07
2020-05-15,0.4664219391060209,%,dulieukinhte,D,2026-10-07
2020-05-16,0.4664219391060209,%,dulieukinhte,D,2026-10-07
2020-05-18,0.47505938242280443,%,dulieukinhte,D,2026-10-07
2020-05-19,0.4491470524724761,%,dulieukinhte,D,2026-10-07
2020-05-20,0.40595983588858076,%,dulieukinhte,D,2026-10-07
2020-05-21,0.39732239257179724,%,dulieukinhte,D,2026-10-07
2020-05-22,0.37572878427984957,%,dulieukinhte,D,2026-10-07
2020-05-23,0.37572878427984957,%,dulieukinhte,D,2026-10-07
2020-05-25,0.4405096091556926,%,dulieukinhte,D,2026-10-07
2020-06-01,0.43619088749728974,%,dulieukinhte,D,2026-10-07
2020-06-02,0.41459727920536427,%,dulieukinhte,D,2026-10-07
2020-06-03,0.3930036709134166,%,dulieukinhte,D,2026-10-07
2020-06-04,0.3843662275966331,%,dulieukinhte,D,2026-10-07
2020-06-05,0.38868494925501373,%,dulieukinhte,D,2026-10-07
2020-06-06,0.38868494925501373,%,dulieukinhte,D,2026-10-07
2020-06-08,0.36709134096306606,%,dulieukinhte,D,2026-10-07
2020-06-09,0.3325415676959542,%,dulieukinhte,D,2026-10-07
2020-06-12,0.2893543511120811,%,dulieukinhte,D,2026-10-07
2020-06-13,0.2893543511120811,%,dulieukinhte,D,2026-10-07
2020-06-15,0.3627726193046854,%,dulieukinhte,D,2026-10-07
2020-06-16,0.40595983588858076,%,dulieukinhte,D,2026-10-07
2020-06-17,0.36709134096306606,%,dulieukinhte,D,2026-10-07
2020-06-18,0.3627726193046854,%,dulieukinhte,D,2026-10-07
2020-06-19,0.34117901101273773,%,dulieukinhte,D,2026-10-07
2020-06-20,0.34117901101273773,%,dulieukinhte,D,2026-10-07
2020-06-22,0.3714100626214689,%,dulieukinhte,D,2026-10-07
2020-06-23,0.3714100626214689,%,dulieukinhte,D,2026-10-07
2020-06-24,0.3152666810624094,%,dulieukinhte,D,2026-10-07
2020-06-25,0.3239041243791929,%,dulieukinhte,D,2026-10-07
2020-07-02,0.30231051608724524,%,dulieukinhte,D,2026-10-07
2020-07-03,0.3239041243791929,%,dulieukinhte,D,2026-10-07
2020-07-04,0.3239041243791929,%,dulieukinhte,D,2026-10-07
2020-07-06,0.31094795940400655,%,dulieukinhte,D,2026-10-07
2020-07-07,0.2893543511120811,%,dulieukinhte,D,2026-10-07
2020-07-08,0.27207946447851405,%,dulieukinhte,D,2026-10-07
2020-07-11,0.26344202116173054,%,dulieukinhte,D,2026-10-07
2020-07-13,0.28071690779529757,%,dulieukinhte,D,2026-10-07
2020-07-14,0.26344202116173054,%,dulieukinhte,D,2026-10-07
2020-07-15,0.3066292377456259,%,dulieukinhte,D,2026-10-07
2020-07-16,0.2850356294536782,%,dulieukinhte,D,2026-10-07
2020-07-17,0.3454977326711184,%,dulieukinhte,D,2026-10-07
2020-07-18,0.3454977326711184,%,dulieukinhte,D,2026-10-07
2020-07-20,0.34117901101273773,%,dulieukinhte,D,2026-10-07
2020-07-21,0.32822284603757357,%,dulieukinhte,D,2026-10-07
2020-07-22,0.2850356294536782,%,dulieukinhte,D,2026-10-07
2020-07-23,0.28071690779529757,%,dulieukinhte,D,2026-10-07
2020-07-24,0.2850356294536782,%,dulieukinhte,D,2026-10-07
2020-07-25,0.2850356294536782,%,dulieukinhte,D,2026-10-07
2020-08-03,0.22457352623623805,%,dulieukinhte,D,2026-10-07
2020-08-04,0.25480457784494703,%,dulieukinhte,D,2026-10-07
2020-08-05,0.2288922478946187,%,dulieukinhte,D,2026-10-07
2020-08-06,0.20729863960267103,%,dulieukinhte,D,2026-10-07
2020-08-10,0.2591232995033499,%,dulieukinhte,D,2026-10-07
2020-08-11,0.2677607428201334,%,dulieukinhte,D,2026-10-07
2020-08-12,0.2677607428201334,%,dulieukinhte,D,2026-10-07
2020-08-13,0.2591232995033499,%,dulieukinhte,D,2026-10-07
2020-08-14,0.24616713452818573,%,dulieukinhte,D,2026-10-07
2020-08-15,0.24616713452818573,%,dulieukinhte,D,2026-10-07
2020-08-17,0.25480457784494703,%,dulieukinhte,D,2026-10-07
2020-08-18,0.23321096955302156,%,dulieukinhte,D,2026-10-07
2020-08-19,0.2116173612610739,%,dulieukinhte,D,2026-10-07
2020-08-20,0.19434247462750687,%,dulieukinhte,D,2026-10-07
2020-08-21,0.23752969121140222,%,dulieukinhte,D,2026-10-07
2020-08-22,0.23752969121140222,%,dulieukinhte,D,2026-10-07
2020-08-24,0.24616713452818573,%,dulieukinhte,D,2026-10-07
2020-08-25,0.24184841286978287,%,dulieukinhte,D,2026-10-07
2020-09-03,0.20729863960267103,%,dulieukinhte,D,2026-10-07
2020-09-04,0.2202548045778352,%,dulieukinhte,D,2026-10-07
2020-09-05,0.2202548045778352,%,dulieukinhte,D,2026-10-07
2020-09-09,0.20729863960267103,%,dulieukinhte,D,2026-10-07
2020-09-10,0.24184841286978287,%,dulieukinhte,D,2026-10-07
2020-09-11,0.2202548045778352,%,dulieukinhte,D,2026-10-07
2020-09-12,0.2202548045778352,%,dulieukinhte,D,2026-10-07
2020-09-14,0.2288922478946187,%,dulieukinhte,D,2026-10-07
2020-09-15,0.20729863960267103,%,dulieukinhte,D,2026-10-07
2020-09-16,0.18570503131072336,%,dulieukinhte,D,2026-10-07
2020-09-17,0.16411142301877568,%,dulieukinhte,D,2026-10-07
2020-09-18,0.17706758799396205,%,dulieukinhte,D,2026-10-07
2020-09-19,0.17706758799396205,%,dulieukinhte,D,2026-10-07
2020-09-21,0.15547397970201438,%,dulieukinhte,D,2026-10-07
2020-09-22,0.19434247462750687,%,dulieukinhte,D,2026-10-07
2020-09-23,0.2504858561865664,%,dulieukinhte,D,2026-10-07
2020-09-24,0.27207946447851405,%,dulieukinhte,D,2026-10-07
2020-09-25,0.29367307277046173,%,dulieukinhte,D,2026-10-07
2020-10-02,0.25480457784494703,%,dulieukinhte,D,2026-10-07
2020-10-03,0.25480457784494703,%,dulieukinhte,D,2026-10-07
2020-10-05,0.24616713452818573,%,dulieukinhte,D,2026-10-07
2020-10-06,0.2288922478946187,%,dulieukinhte,D,2026-10-07
2020-10-07,0.21593608291945454,%,dulieukinhte,D,2026-10-07
2020-10-08,0.20729863960267103,%,dulieukinhte,D,2026-10-07
2020-10-09,0.18570503131072336,%,dulieukinhte,D,2026-10-07
2020-10-10,0.18570503131072336,%,dulieukinhte,D,2026-10-07
2020-10-12,0.16411142301877568,%,dulieukinhte,D,2026-10-07
2020-10-13,0.1727488663355592,%,dulieukinhte,D,2026-10-07
2020-10-14,0.1813863096523427,%,dulieukinhte,D,2026-10-07
2020-10-15,0.15979270136039503,%,dulieukinhte,D,2026-10-07
2020-10-16,0.19866119628590972,%,dulieukinhte,D,2026-10-07
2020-10-17,0.19866119628590972,%,dulieukinhte,D,2026-10-07
2020-10-19,0.17706758799396205,%,dulieukinhte,D,2026-10-07
2020-10-20,0.15547397970201438,%,dulieukinhte,D,2026-10-07
2020-10-21,0.12956164975166384,%,dulieukinhte,D,2026-10-07
2020-10-22,0.10796804145973837,%,dulieukinhte,D,2026-10-07
2020-10-23,0.12956164975166384,%,dulieukinhte,D,2026-10-07
2020-10-24,0.12956164975166384,%,dulieukinhte,D,2026-10-07
2020-11-02,0.19866119628590972,%,dulieukinhte,D,2026-10-07
2020-11-03,0.18570503131072336,%,dulieukinhte,D,2026-10-07
2020-11-04,0.15115525804361152,%,dulieukinhte,D,2026-10-07
2020-11-05,0.19434247462750687,%,dulieukinhte,D,2026-10-07
2020-11-06,0.12956164975166384,%,dulieukinhte,D,2026-10-07
2020-11-07,0.12956164975166384,%,dulieukinhte,D,2026-10-07
2020-11-09,0.10796804145973837,%,dulieukinhte,D,2026-10-07
2020-11-10,0.11660548477649968,%,dulieukinhte,D,2026-10-07
2020-11-11,0.13819909306844735,%,dulieukinhte,D,2026-10-07
2020-11-12,0.13819909306844735,%,dulieukinhte,D,2026-10-07
2020-11-13,0.15979270136039503,%,dulieukinhte,D,2026-10-07
2020-11-14,0.15979270136039503,%,dulieukinhte,D,2026-10-07
2020-11-16,0.1252429280932832,%,dulieukinhte,D,2026-10-07
2020-11-17,0.08205571150938784,%,dulieukinhte,D,2026-10-07
2020-11-18,0.03886849492549249,%,dulieukinhte,D,2026-10-07
2020-11-19,0.03886849492549249,%,dulieukinhte,D,2026-10-07
2020-11-20,0.10364931980133552,%,dulieukinhte,D,2026-10-07
2020-11-21,0.10364931980133552,%,dulieukinhte,D,2026-10-07
2020-11-23,0.0863744331677907,%,dulieukinhte,D,2026-10-07
2020-11-24,0.05614338155905951,%,dulieukinhte,D,2026-10-07
2020-12-01,-0.012956164975164164,%,dulieukinhte,D,2026-10-07
2020-12-02,-0.012956164975164164,%,dulieukinhte,D,2026-10-07
2020-12-03,-0.03454977326711184,%,dulieukinhte,D,2026-10-07
2020-12-04,-0.05614338155905951,%,dulieukinhte,D,2026-10-07
2020-12-05,-0.05614338155905951,%,dulieukinhte,D,2026-10-07
2020-12-07,-0.07773698985100719,%,dulieukinhte,D,2026-10-07
2020-12-08,-0.047505938242276,%,dulieukinhte,D,2026-10-07
2020-12-09,-0.06478082487583192,%,dulieukinhte,D,2026-10-07
2020-12-10,-0.038868494925503594,%,dulieukinhte,D,2026-10-07
2020-12-11,-0.038868494925503594,%,dulieukinhte,D,2026-10-07
2020-12-12,-0.038868494925503594,%,dulieukinhte,D,2026-10-07
2020-12-14,-0.05182465990066776,%,dulieukinhte,D,2026-10-07
2020-12-15,-0.047505938242276,%,dulieukinhte,D,2026-10-07
2020-12-16,-0.030231051608720083,%,dulieukinhte,D,2026-10-07
2020-12-17,-0.05182465990066776,%,dulieukinhte,D,2026-10-07
2020-12-18,-0.07341826819261543,%,dulieukinhte,D,2026-10-07
2020-12-19,-0.07341826819261543,%,dulieukinhte,D,2026-10-07
2020-12-21,-0.02591232995033943,%,dulieukinhte,D,2026-10-07
2020-12-22,-0.004318721658391755,%,dulieukinhte,D,2026-10-07
2020-12-23,0.05182465990067886,%,dulieukinhte,D,2026-10-07
2020-12-24,0.030231051608731185,%,dulieukinhte,D,2026-10-07
2021-01-02,-0.13383991019774166,%,dulieukinhte,D,2026-10-07
2021-01-04,-0.13383991019774166,%,dulieukinhte,D,2026-10-07
2021-01-05,-0.1770140747776483,%,dulieukinhte,D,2026-10-07
2021-01-06,-0.1683792418616714,%,dulieukinhte,D,2026-10-07
2021-01-07,-0.19428374060962428,%,dulieukinhte,D,2026-10-07
2021-01-08,-0.1770140747776483,%,dulieukinhte,D,2026-10-07
2021-01-09,-0.1770140747776483,%,dulieukinhte,D,2026-10-07
2021-01-11,-0.15110957602970654,%,dulieukinhte,D,2026-10-07
2021-01-12,-0.09498316207581237,%,dulieukinhte,D,2026-10-07
2021-01-13,-0.12088766082376523,%,dulieukinhte,D,2026-10-07
2021-01-14,-0.12952249373974212,%,dulieukinhte,D,2026-10-07
2021-01-15,-0.11225282790777724,%,dulieukinhte,D,2026-10-07
2021-01-16,-0.11225282790777724,%,dulieukinhte,D,2026-10-07
2021-01-18,-0.09066574561782392,%,dulieukinhte,D,2026-10-07
2021-01-19,-0.04317416457991774,%,dulieukinhte,D,2026-10-07
2021-01-20,-0.060443830411882615,%,dulieukinhte,D,2026-10-07
2021-01-21,-0.07771349624384749,%,dulieukinhte,D,2026-10-07
2021-01-22,-0.1079354114497888,%,dulieukinhte,D,2026-10-07
2021-01-23,-0.1079354114497888,%,dulieukinhte,D,2026-10-07
2021-01-25,-0.06476124686987106,%,dulieukinhte,D,2026-10-07
2021-02-02,-0.04317416457991774,%,dulieukinhte,D,2026-10-07
2021-02-03,-0.07339607978585905,%,dulieukinhte,D,2026-10-07
2021-02-04,-0.07771349624384749,%,dulieukinhte,D,2026-10-07
2021-02-05,-0.03453933166392975,%,dulieukinhte,D,2026-10-07
2021-02-06,-0.03453933166392975,%,dulieukinhte,D,2026-10-07
2021-02-08,-0.05612641395389417,%,dulieukinhte,D,2026-10-07
2021-02-09,-0.1079354114497888,%,dulieukinhte,D,2026-10-07
2021-02-17,-0.17269665831965986,%,dulieukinhte,D,2026-10-07
2021-02-18,-0.12952249373974212,%,dulieukinhte,D,2026-10-07
2021-02-19,-0.12088766082376523,%,dulieukinhte,D,2026-10-07
2021-02-20,-0.12088766082376523,%,dulieukinhte,D,2026-10-07
2021-02-22,-0.15974440894568342,%,dulieukinhte,D,2026-10-07
2021-02-23,-0.09498316207581237,%,dulieukinhte,D,2026-10-07
2021-02-24,-0.12952249373974212,%,dulieukinhte,D,2026-10-07
2021-02-25,-0.1381573266557301,%,dulieukinhte,D,2026-10-07
2021-02-26,-0.1381573266557301,%,dulieukinhte,D,2026-10-07
2021-03-02,-0.04749158103790618,%,dulieukinhte,D,2026-10-07
2021-03-03,-0.004317416457988443,%,dulieukinhte,D,2026-10-07
2021-03-04,-0.04317416457991774,%,dulieukinhte,D,2026-10-07
2021-03-05,0.017269665831975978,%,dulieukinhte,D,2026-10-07
2021-03-06,0.017269665831975978,%,dulieukinhte,D,2026-10-07
2021-03-08,0.09930057853380081,%,dulieukinhte,D,2026-10-07
2021-03-09,0.16406182540367187,%,dulieukinhte,D,2026-10-07
2021-03-10,0.1770140747776594,%,dulieukinhte,D,2026-10-07
2021-03-11,0.18133149123564785,%,dulieukinhte,D,2026-10-07
2021-03-12,0.09066574561782392,%,dulieukinhte,D,2026-10-07
2021-03-13,0.09066574561782392,%,dulieukinhte,D,2026-10-07
2021-03-15,0.16406182540367187,%,dulieukinhte,D,2026-10-07
2021-03-16,0.18133149123564785,%,dulieukinhte,D,2026-10-07
2021-03-17,0.18133149123564785,%,dulieukinhte,D,2026-10-07
2021-03-18,0.15974440894568342,%,dulieukinhte,D,2026-10-07
2021-03-19,0.138157326655719,%,dulieukinhte,D,2026-10-07
2021-03-20,0.138157326655719,%,dulieukinhte,D,2026-10-07
2021-03-22,0.18133149123564785,%,dulieukinhte,D,2026-10-07
2021-03-23,0.15110957602970654,%,dulieukinhte,D,2026-10-07
2021-03-24,0.18996632415162473,%,dulieukinhte,D,2026-10-07
2021-03-25,0.24177532164753046,%,dulieukinhte,D,2026-10-07
2021-04-01,0.3453933166393197,%,dulieukinhte,D,2026-10-07
2021-04-02,0.34107590018133127,%,dulieukinhte,D,2026-10-07
2021-04-03,0.34107590018133127,%,dulieukinhte,D,2026-10-07
2021-04-05,0.31948881789136685,%,dulieukinhte,D,2026-10-07
2021-04-08,0.2547275710214958,%,dulieukinhte,D,2026-10-07
2021-04-09,0.22450565581555448,%,dulieukinhte,D,2026-10-07
2021-04-10,0.22450565581555448,%,dulieukinhte,D,2026-10-07
2021-04-12,0.24177532164753046,%,dulieukinhte,D,2026-10-07
2021-04-13,0.22450565581555448,%,dulieukinhte,D,2026-10-07
2021-04-14,0.23745790518954202,%,dulieukinhte,D,2026-10-07
2021-04-15,0.16406182540367187,%,dulieukinhte,D,2026-10-07
2021-04-16,0.1467921595717181,%,dulieukinhte,D,2026-10-07
2021-04-17,0.1467921595717181,%,dulieukinhte,D,2026-10-07
2021-04-19,0.12088766082376523,%,dulieukinhte,D,2026-10-07
2021-04-20,0.08634832915983548,%,dulieukinhte,D,2026-10-07
2021-04-22,0.09066574561782392,%,dulieukinhte,D,2026-10-07
2021-04-23,0.07339607978584795,%,dulieukinhte,D,2026-10-07
2021-04-24,0.07339607978584795,%,dulieukinhte,D,2026-10-07
2021-04-26,0.02158708228996442,%,dulieukinhte,D,2026-10-07
2021-05-05,0.060443830411882615,%,dulieukinhte,D,2026-10-07
2021-05-06,0.0690786633278595,%,dulieukinhte,D,2026-10-07
2021-05-07,0.07339607978584795,%,dulieukinhte,D,2026-10-07
2021-05-08,0.07339607978584795,%,dulieukinhte,D,2026-10-07
2021-05-12,-0.05612641395389417,%,dulieukinhte,D,2026-10-07
2021-05-13,0.025904498747952864,%,dulieukinhte,D,2026-10-07
2021-05-14,0.060443830411882615,%,dulieukinhte,D,2026-10-07
2021-05-15,0.060443830411882615,%,dulieukinhte,D,2026-10-07
2021-05-17,-0.008634832915987989,%,dulieukinhte,D,2026-10-07
2021-05-18,0.03453933166392975,%,dulieukinhte,D,2026-10-07
2021-05-19,-0.04749158103790618,%,dulieukinhte,D,2026-10-07
2021-05-20,-0.03453933166392975,%,dulieukinhte,D,2026-10-07
2021-05-21,-0.008634832915987989,%,dulieukinhte,D,2026-10-07
2021-05-22,-0.008634832915987989,%,dulieukinhte,D,2026-10-07
2021-05-24,-0.008634832915987989,%,dulieukinhte,D,2026-10-07
2021-05-25,-0.017269665831964875,%,dulieukinhte,D,2026-10-07
2021-05-26,-0.0690786633278595,%,dulieukinhte,D,2026-10-07
2021-06-02,-0.1770140747776483,%,dulieukinhte,D,2026-10-07
2021-06-03,-0.13383991019774166,%,dulieukinhte,D,2026-10-07
2021-06-04,-0.10361799499180036,%,dulieukinhte,D,2026-10-07
2021-06-05,-0.10361799499180036,%,dulieukinhte,D,2026-10-07
2021-06-07,-0.09498316207581237,%,dulieukinhte,D,2026-10-07
2021-06-10,-0.25041015456350735,%,dulieukinhte,D,2026-10-07
2021-06-11,-0.2633624039374838,%,dulieukinhte,D,2026-10-07
2021-06-12,-0.2633624039374838,%,dulieukinhte,D,2026-10-07
2021-06-14,-0.27199723685347177,%,dulieukinhte,D,2026-10-07
2021-06-15,-0.2547275710214958,%,dulieukinhte,D,2026-10-07
2021-06-16,-0.22882307227355403,%,dulieukinhte,D,2026-10-07
2021-06-17,-0.2072359899835896,%,dulieukinhte,D,2026-10-07
2021-06-18,-0.060443830411882615,%,dulieukinhte,D,2026-10-07
2021-06-19,-0.060443830411882615,%,dulieukinhte,D,2026-10-07
2021-06-21,0.02158708228996442,%,dulieukinhte,D,2026-10-07
2021-06-22,0.09498316207581237,%,dulieukinhte,D,2026-10-07
2021-06-23,0.12520507728175367,%,dulieukinhte,D,2026-10-07
2021-06-24,0.12520507728175367,%,dulieukinhte,D,2026-10-07
2021-06-25,0.07339607978584795,%,dulieukinhte,D,2026-10-07
2021-07-02,0.09498316207581237,%,dulieukinhte,D,2026-10-07
2021-07-03,0.09498316207581237,%,dulieukinhte,D,2026-10-07
2021-07-05,0.12088766082376523,%,dulieukinhte,D,2026-10-07
2021-07-06,0.05612641395389417,%,dulieukinhte,D,2026-10-07
2021-07-09,0.1683792418616603,%,dulieukinhte,D,2026-10-07
2021-07-10,0.1683792418616603,%,dulieukinhte,D,2026-10-07
2021-07-12,0.15542699248769498,%,dulieukinhte,D,2026-10-07
2021-07-13,0.1683792418616603,%,dulieukinhte,D,2026-10-07
2021-07-14,0.18133149123564785,%,dulieukinhte,D,2026-10-07
2021-07-15,0.1770140747776594,%,dulieukinhte,D,2026-10-07
2021-07-16,0.12952249373974212,%,dulieukinhte,D,2026-10-07
2021-07-17,0.12952249373974212,%,dulieukinhte,D,2026-10-07
2021-07-19,0.14247474311372965,%,dulieukinhte,D,2026-10-07
2021-07-20,0.19428374060961318,%,dulieukinhte,D,2026-10-07
2021-07-21,0.21155340644158915,%,dulieukinhte,D,2026-10-07
2021-07-22,0.22882307227354293,%,dulieukinhte,D,2026-10-07
2021-07-23,0.20291857352561227,%,dulieukinhte,D,2026-10-07
2021-07-24,0.20291857352561227,%,dulieukinhte,D,2026-10-07
2021-07-26,0.22018823935756604,%,dulieukinhte,D,2026-10-07
2021-08-03,0.060443830411882615,%,dulieukinhte,D,2026-10-07
2021-08-04,0.017269665831975978,%,dulieukinhte,D,2026-10-07
2021-08-07,0.02158708228996442,%,dulieukinhte,D,2026-10-07
2021-08-09,0.047491581037917285,%,dulieukinhte,D,2026-10-07
2021-08-10,0.1079354114497777,%,dulieukinhte,D,2026-10-07
2021-08-11,0.0690786633278595,%,dulieukinhte,D,2026-10-07
2021-08-12,-0.04317416457991774,%,dulieukinhte,D,2026-10-07
2021-08-13,-0.07339607978585905,%,dulieukinhte,D,2026-10-07
2021-08-14,-0.07339607978585905,%,dulieukinhte,D,2026-10-07
2021-08-16,-0.038856748121929297,%,dulieukinhte,D,2026-10-07
2021-08-17,-0.017269665831964875,%,dulieukinhte,D,2026-10-07
2021-08-18,0.008634832915976887,%,dulieukinhte,D,2026-10-07
2021-08-19,-0.03453933166392975,%,dulieukinhte,D,2026-10-07
2021-08-20,0.017269665831975978,%,dulieukinhte,D,2026-10-07
2021-08-21,0.017269665831975978,%,dulieukinhte,D,2026-10-07
2021-08-23,0.06476124686987106,%,dulieukinhte,D,2026-10-07
2021-08-24,0.01295224937396533,%,dulieukinhte,D,2026-10-07
2021-08-25,-0.04749158103790618,%,dulieukinhte,D,2026-10-07
2021-09-04,-0.22882307227355403,%,dulieukinhte,D,2026-10-07
2021-09-08,-0.22882307227355403,%,dulieukinhte,D,2026-10-07
2021-09-09,-0.17269665831965986,%,dulieukinhte,D,2026-10-07
2021-09-10,-0.18996632415162473,%,dulieukinhte,D,2026-10-07
2021-09-11,-0.18996632415162473,%,dulieukinhte,D,2026-10-07
2021-09-13,-0.21155340644158915,%,dulieukinhte,D,2026-10-07
2021-09-14,-0.1381573266557301,%,dulieukinhte,D,2026-10-07
2021-09-15,-0.19428374060962428,%,dulieukinhte,D,2026-10-07
2021-09-16,-0.22450565581555448,%,dulieukinhte,D,2026-10-07
2021-09-17,-0.1856489076936363,%,dulieukinhte,D,2026-10-07
2021-09-18,-0.1856489076936363,%,dulieukinhte,D,2026-10-07
2021-09-20,-0.12952249373974212,%,dulieukinhte,D,2026-10-07
2021-09-21,-0.12088766082376523,%,dulieukinhte,D,2026-10-07
2021-09-22,-0.12952249373974212,%,dulieukinhte,D,2026-10-07
2021-09-23,-0.09930057853380081,%,dulieukinhte,D,2026-10-07
2021-09-24,-0.12088766082376523,%,dulieukinhte,D,2026-10-07
2021-09-25,-0.12088766082376523,%,dulieukinhte,D,2026-10-07
2021-10-02,-0.008634832915987989,%,dulieukinhte,D,2026-10-07
2021-10-04,-0.025904498747952864,%,dulieukinhte,D,2026-10-07
2021-10-05,-0.03453933166392975,%,dulieukinhte,D,2026-10-07
2021-10-06,-0.017269665831964875,%,dulieukinhte,D,2026-10-07
2021-10-07,0.03453933166392975,%,dulieukinhte,D,2026-10-07
2021-10-08,0.01295224937396533,%,dulieukinhte,D,2026-10-07
2021-10-09,0.01295224937396533,%,dulieukinhte,D,2026-10-07
2021-10-11,0.03453933166392975,%,dulieukinhte,D,2026-10-07
2021-10-12,0.05180899749590573,%,dulieukinhte,D,2026-10-07
2021-10-13,0.08203091270184704,%,dulieukinhte,D,2026-10-07
2021-10-14,0.06476124686987106,%,dulieukinhte,D,2026-10-07
2021-10-15,-0.012952249373976432,%,dulieukinhte,D,2026-10-07
2021-10-16,-0.012952249373976432,%,dulieukinhte,D,2026-10-07
2021-10-18,-0.008634832915987989,%,dulieukinhte,D,2026-10-07
2021-10-19,0.008634832915976887,%,dulieukinhte,D,2026-10-07
2021-10-20,-0.06476124686987106,%,dulieukinhte,D,2026-10-07
2021-10-21,-0.07339607978585905,%,dulieukinhte,D,2026-10-07
2021-10-22,-0.08634832915983548,%,dulieukinhte,D,2026-10-07
2021-10-23,-0.08634832915983548,%,dulieukinhte,D,2026-10-07
2021-11-01,-0.09498316207581237,%,dulieukinhte,D,2026-10-07
2021-11-02,-0.051808997495894626,%,dulieukinhte,D,2026-10-07
2021-11-03,-0.09498316207581237,%,dulieukinhte,D,2026-10-07
2021-11-04,-0.04317416457991774,%,dulieukinhte,D,2026-10-07
2021-11-05,-0.12520507728175367,%,dulieukinhte,D,2026-10-07
2021-11-06,-0.12520507728175367,%,dulieukinhte,D,2026-10-07
2021-11-08,-0.1683792418616714,%,dulieukinhte,D,2026-10-07
2021-11-09,-0.22882307227355403,%,dulieukinhte,D,2026-10-07
2021-11-10,-0.2676798203954722,%,dulieukinhte,D,2026-10-07
2021-11-11,-0.2460927381055189,%,dulieukinhte,D,2026-10-07
2021-11-12,-0.20291857352560116,%,dulieukinhte,D,2026-10-07
2021-11-13,-0.20291857352560116,%,dulieukinhte,D,2026-10-07
2021-11-15,-0.25041015456350735,%,dulieukinhte,D,2026-10-07
2021-11-16,-0.23745790518953092,%,dulieukinhte,D,2026-10-07
2021-11-17,-0.2072359899835896,%,dulieukinhte,D,2026-10-07
2021-11-18,-0.19860115706761272,%,dulieukinhte,D,2026-10-07
2021-11-19,-0.2158708228995776,%,dulieukinhte,D,2026-10-07
2021-11-20,-0.2158708228995776,%,dulieukinhte,D,2026-10-07
2021-11-22,-0.18996632415162473,%,dulieukinhte,D,2026-10-07
2021-11-23,-0.12520507728175367,%,dulieukinhte,D,2026-10-07
2021-11-24,-0.09066574561782392,%,dulieukinhte,D,2026-10-07
2021-12-01,-0.08203091270183593,%,dulieukinhte,D,2026-10-07
2021-12-04,-0.15110957602970654,%,dulieukinhte,D,2026-10-07
2021-12-06,0.01295224937396533,%,dulieukinhte,D,2026-10-07
2021-12-07,0.2072359899836007,%,dulieukinhte,D,2026-10-07
2021-12-08,0.3238062343493553,%,dulieukinhte,D,2026-10-07
2021-12-09,0.1467921595717181,%,dulieukinhte,D,2026-10-07
2021-12-10,0.05612641395389417,%,dulieukinhte,D,2026-10-07
2021-12-11,0.05612641395389417,%,dulieukinhte,D,2026-10-07
2021-12-13,0.19428374060961318,%,dulieukinhte,D,2026-10-07
2021-12-14,0.12520507728175367,%,dulieukinhte,D,2026-10-07
2021-12-15,0.14247474311372965,%,dulieukinhte,D,2026-10-07
2021-12-16,0.25904498747948423,%,dulieukinhte,D,2026-10-07
2021-12-17,0.23745790518954202,%,dulieukinhte,D,2026-10-07
2021-12-18,0.23745790518954202,%,dulieukinhte,D,2026-10-07
2021-12-20,0.09498316207581237,%,dulieukinhte,D,2026-10-07
2021-12-21,0.12088766082376523,%,dulieukinhte,D,2026-10-07
2021-12-22,0.09066574561782392,%,dulieukinhte,D,2026-10-07
2021-12-23,0.13383991019773056,%,dulieukinhte,D,2026-10-07
2021-12-24,0.13383991019773056,%,dulieukinhte,D,2026-10-07
2021-12-25,0.13383991019773056,%,dulieukinhte,D,2026-10-07
2022-01-03,-0.20695899624886271,%,dulieukinhte,D,2026-10-07
2022-01-04,-0.2543870995558972,%,dulieukinhte,D,2026-10-07
2022-01-05,-0.24145216229034538,%,dulieukinhte,D,2026-10-07
2022-01-06,-0.280256974087012,%,dulieukinhte,D,2026-10-07
2022-01-07,-0.23714051653516144,%,dulieukinhte,D,2026-10-07
2022-01-08,-0.23714051653516144,%,dulieukinhte,D,2026-10-07
2022-01-10,-0.29319191135256384,%,dulieukinhte,D,2026-10-07
2022-01-11,-0.37942482645625386,%,dulieukinhte,D,2026-10-07
2022-01-12,-0.35786659768033413,%,dulieukinhte,D,2026-10-07
2022-01-13,-0.4182296382529205,%,dulieukinhte,D,2026-10-07
2022-01-14,-0.4785926788255068,%,dulieukinhte,D,2026-10-07
2022-01-15,-0.4785926788255068,%,dulieukinhte,D,2026-10-07
2022-01-17,-0.465657741559955,%,dulieukinhte,D,2026-10-07
2022-01-18,-0.41391799249773653,%,dulieukinhte,D,2026-10-07
2022-01-19,-0.3190617858836675,%,dulieukinhte,D,2026-10-07
2022-01-20,-0.4009830552321847,%,dulieukinhte,D,2026-10-07
2022-01-21,-0.5001509076014266,%,dulieukinhte,D,2026-10-07
2022-01-22,-0.5001509076014266,%,dulieukinhte,D,2026-10-07
2022-01-24,-0.564825593929208,%,dulieukinhte,D,2026-10-07
2022-01-25,-0.5389557193980932,%,dulieukinhte,D,2026-10-07
2022-02-05,-0.40529470098736864,%,dulieukinhte,D,2026-10-07
2022-02-09,-0.3837364722114378,%,dulieukinhte,D,2026-10-07
2022-02-10,-0.366489889190702,%,dulieukinhte,D,2026-10-07
2022-02-11,-0.44409951278402415,%,dulieukinhte,D,2026-10-07
2022-02-12,-0.44409951278402415,%,dulieukinhte,D,2026-10-07
2022-02-14,-0.4182296382529205,%,dulieukinhte,D,2026-10-07
2022-02-15,-0.33199672314923045,%,dulieukinhte,D,2026-10-07
2022-02-16,-0.3190617858836675,%,dulieukinhte,D,2026-10-07
2022-02-17,-0.3449316604147823,%,dulieukinhte,D,2026-10-07
2022-02-18,-0.3190617858836675,%,dulieukinhte,D,2026-10-07
2022-02-19,-0.3190617858836675,%,dulieukinhte,D,2026-10-07
2022-02-21,-0.25869874531108117,%,dulieukinhte,D,2026-10-07
2022-02-22,-0.2716336825766441,%,dulieukinhte,D,2026-10-07
2022-02-23,-0.2716336825766441,%,dulieukinhte,D,2026-10-07
2022-02-24,-0.26732203682146016,%,dulieukinhte,D,2026-10-07
2022-02-25,-0.20264735049367877,%,dulieukinhte,D,2026-10-07
2022-02-26,-0.20264735049367877,%,dulieukinhte,D,2026-10-07
2022-03-02,-0.25869874531108117,%,dulieukinhte,D,2026-10-07
2022-03-03,-0.2155822877592417,%,dulieukinhte,D,2026-10-07
2022-03-04,-0.18108912171775904,%,dulieukinhte,D,2026-10-07
2022-03-05,-0.18108912171775904,%,dulieukinhte,D,2026-10-07
2022-03-07,-0.14659595567627637,%,dulieukinhte,D,2026-10-07
2022-03-10,-0.13366101841072453,%,dulieukinhte,D,2026-10-07
2022-03-11,-0.12503772690035664,%,dulieukinhte,D,2026-10-07
2022-03-12,-0.12503772690035664,%,dulieukinhte,D,2026-10-07
2022-03-14,-0.06467468632777029,%,dulieukinhte,D,2026-10-07
2022-03-15,-0.030181520286298724,%,dulieukinhte,D,2026-10-07
2022-03-16,-0.02155822877591973,%,dulieukinhte,D,2026-10-07
2022-03-17,-0.1121027896348048,%,dulieukinhte,D,2026-10-07
2022-03-18,-0.21989393351442565,%,dulieukinhte,D,2026-10-07
2022-03-19,-0.21989393351442565,%,dulieukinhte,D,2026-10-07
2022-03-21,-0.20264735049367877,%,dulieukinhte,D,2026-10-07
2022-03-22,-0.2155822877592417,%,dulieukinhte,D,2026-10-07
2022-03-23,-0.19833570473849482,%,dulieukinhte,D,2026-10-07
2022-03-24,-0.19402405898331088,%,dulieukinhte,D,2026-10-07
2022-03-25,-0.18108912171775904,%,dulieukinhte,D,2026-10-07
2022-03-26,-0.18108912171775904,%,dulieukinhte,D,2026-10-07
2022-04-02,-0.4225412840081044,%,dulieukinhte,D,2026-10-07
2022-04-04,-0.4096063467425526,%,dulieukinhte,D,2026-10-07
2022-04-05,-0.4096063467425526,%,dulieukinhte,D,2026-10-07
2022-04-06,-0.4009830552321847,%,dulieukinhte,D,2026-10-07
2022-04-07,-0.37942482645625386,%,dulieukinhte,D,2026-10-07
2022-04-08,-0.39667140947700075,%,dulieukinhte,D,2026-10-07
2022-04-09,-0.39667140947700075,%,dulieukinhte,D,2026-10-07
2022-04-12,-0.366489889190702,%,dulieukinhte,D,2026-10-07
2022-04-13,-0.366489889190702,%,dulieukinhte,D,2026-10-07
2022-04-14,-0.3751131807010699,%,dulieukinhte,D,2026-10-07
2022-04-15,-0.3751131807010699,%,dulieukinhte,D,2026-10-07
2022-04-16,-0.3751131807010699,%,dulieukinhte,D,2026-10-07
2022-04-18,-0.37080153494588597,%,dulieukinhte,D,2026-10-07
2022-04-19,-0.34924330616996624,%,dulieukinhte,D,2026-10-07
2022-04-20,-0.3276850773940465,%,dulieukinhte,D,2026-10-07
2022-04-21,-0.30181520286293173,%,dulieukinhte,D,2026-10-07
2022-04-22,-0.30181520286293173,%,dulieukinhte,D,2026-10-07
2022-04-23,-0.30181520286293173,%,dulieukinhte,D,2026-10-07
2022-04-25,-0.280256974087012,%,dulieukinhte,D,2026-10-07
2022-05-03,-0.22851722502479355,%,dulieukinhte,D,2026-10-07
2022-05-04,-0.280256974087012,%,dulieukinhte,D,2026-10-07
2022-05-05,-0.280256974087012,%,dulieukinhte,D,2026-10-07
2022-05-06,-0.2716336825766441,%,dulieukinhte,D,2026-10-07
2022-05-07,-0.2716336825766441,%,dulieukinhte,D,2026-10-07
2022-05-11,-0.2242055792696096,%,dulieukinhte,D,2026-10-07
2022-05-12,-0.18108912171775904,%,dulieukinhte,D,2026-10-07
2022-05-13,-0.12934937265554058,%,dulieukinhte,D,2026-10-07
2022-05-14,-0.12934937265554058,%,dulieukinhte,D,2026-10-07
2022-05-16,-0.14228430992109242,%,dulieukinhte,D,2026-10-07
2022-05-17,-0.14228430992109242,%,dulieukinhte,D,2026-10-07
2022-05-18,-0.22851722502479355,%,dulieukinhte,D,2026-10-07
2022-05-19,-0.21989393351442565,%,dulieukinhte,D,2026-10-07
2022-05-20,-0.20695899624886271,%,dulieukinhte,D,2026-10-07
2022-05-21,-0.20695899624886271,%,dulieukinhte,D,2026-10-07
2022-05-23,-0.3276850773940465,%,dulieukinhte,D,2026-10-07
2022-05-24,-0.38804811796663286,%,dulieukinhte,D,2026-10-07
2022-05-25,-0.38804811796663286,%,dulieukinhte,D,2026-10-07
2022-05-26,-0.37942482645625386,%,dulieukinhte,D,2026-10-07
2022-06-02,-0.5475790109084611,%,dulieukinhte,D,2026-10-07
2022-06-03,-0.5346440736429092,%,dulieukinhte,D,2026-10-07
2022-06-04,-0.5346440736429092,%,dulieukinhte,D,2026-10-07
2022-06-06,-0.564825593929208,%,dulieukinhte,D,2026-10-07
2022-06-07,-0.5863838227051277,%,dulieukinhte,D,2026-10-07
2022-06-08,-0.5863838227051277,%,dulieukinhte,D,2026-10-07
2022-06-09,-0.564825593929208,%,dulieukinhte,D,2026-10-07
2022-06-10,-0.551890656663645,%,dulieukinhte,D,2026-10-07
2022-06-11,-0.551890656663645,%,dulieukinhte,D,2026-10-07
2022-06-13,-0.5260207821325413,%,dulieukinhte,D,2026-10-07
2022-06-14,-0.4484111585392192,%,dulieukinhte,D,2026-10-07
2022-06-15,-0.4311645755184723,%,dulieukinhte,D,2026-10-07
2022-06-16,-0.4311645755184723,%,dulieukinhte,D,2026-10-07
2022-06-17,-0.4484111585392192,%,dulieukinhte,D,2026-10-07
2022-06-18,-0.4484111585392192,%,dulieukinhte,D,2026-10-07
2022-06-20,-0.43547622127365626,%,dulieukinhte,D,2026-10-07
2022-06-21,-0.4570344500495871,%,dulieukinhte,D,2026-10-07
2022-06-22,-0.4484111585392192,%,dulieukinhte,D,2026-10-07
2022-06-23,-0.39667140947700075,%,dulieukinhte,D,2026-10-07
2022-06-24,-0.37942482645625386,%,dulieukinhte,D,2026-10-07
2022-07-01,-0.34924330616996624,%,dulieukinhte,D,2026-10-07
2022-07-02,-0.34924330616996624,%,dulieukinhte,D,2026-10-07
2022-07-04,-0.3104384943732996,%,dulieukinhte,D,2026-10-07
2022-07-05,-0.21127064200405776,%,dulieukinhte,D,2026-10-07
2022-07-06,-0.09485620661406902,%,dulieukinhte,D,2026-10-07
2022-07-07,-0.06467468632777029,%,dulieukinhte,D,2026-10-07
2022-07-08,-0.06898633208295424,%,dulieukinhte,D,2026-10-07
2022-07-09,-0.06898633208295424,%,dulieukinhte,D,2026-10-07
2022-07-11,-0.09916785236925296,%,dulieukinhte,D,2026-10-07
2022-07-12,-0.04311645755185056,%,dulieukinhte,D,2026-10-07
2022-07-13,0.02155822877591973,%,dulieukinhte,D,2026-10-07
2022-07-14,0.03449316604147157,%,dulieukinhte,D,2026-10-07
2022-07-15,0.13797266416590848,%,dulieukinhte,D,2026-10-07
2022-07-16,0.13797266416590848,%,dulieukinhte,D,2026-10-07
2022-07-18,0.2242055792696096,%,dulieukinhte,D,2026-10-07
2022-07-19,0.13366101841072453,%,dulieukinhte,D,2026-10-07
2022-07-20,0.09054456085888507,%,dulieukinhte,D,2026-10-07
2022-07-21,0.08623291510370112,%,dulieukinhte,D,2026-10-07
2022-07-22,0.08192126934851718,%,dulieukinhte,D,2026-10-07
2022-07-23,0.08192126934851718,%,dulieukinhte,D,2026-10-07
2022-08-01,-0.13797266416590848,%,dulieukinhte,D,2026-10-07
2022-08-02,-0.1681541844522072,%,dulieukinhte,D,2026-10-07
2022-08-03,-0.12934937265554058,%,dulieukinhte,D,2026-10-07
2022-08-06,-0.04742810330703451,%,dulieukinhte,D,2026-10-07
2022-08-08,-0.07760962359332213,%,dulieukinhte,D,2026-10-07
2022-08-09,-0.07329797783813818,%,dulieukinhte,D,2026-10-07
2022-08-10,-0.08192126934850608,%,dulieukinhte,D,2026-10-07
2022-08-11,-0.12934937265554058,%,dulieukinhte,D,2026-10-07
2022-08-12,-0.17246583020739115,%,dulieukinhte,D,2026-10-07
2022-08-13,-0.17246583020739115,%,dulieukinhte,D,2026-10-07
2022-08-15,-0.14228430992109242,%,dulieukinhte,D,2026-10-07
2022-08-16,-0.08623291510369002,%,dulieukinhte,D,2026-10-07
2022-08-17,-0.004311645755183946,%,dulieukinhte,D,2026-10-07
2022-08-18,-0.004311645755183946,%,dulieukinhte,D,2026-10-07
2022-08-19,0.05173974906220735,%,dulieukinhte,D,2026-10-07
2022-08-20,0.05173974906220735,%,dulieukinhte,D,2026-10-07
2022-08-22,0.12503772690035664,%,dulieukinhte,D,2026-10-07
2022-08-23,0.18971241322813803,%,dulieukinhte,D,2026-10-07
2022-08-24,0.1681541844521961,%,dulieukinhte,D,2026-10-07
2022-08-25,0.176777475962564,%,dulieukinhte,D,2026-10-07
2022-09-03,0.1121027896348048,%,dulieukinhte,D,2026-10-07
2022-09-07,0.29319191135255274,%,dulieukinhte,D,2026-10-07
2022-09-08,0.37942482645625386,%,dulieukinhte,D,2026-10-07
2022-09-09,0.30181520286294283,%,dulieukinhte,D,2026-10-07
2022-09-10,0.30181520286294283,%,dulieukinhte,D,2026-10-07
2022-09-12,0.25869874531108117,%,dulieukinhte,D,2026-10-07
2022-09-13,0.21989393351442565,%,dulieukinhte,D,2026-10-07
2022-09-14,0.27594532833181695,%,dulieukinhte,D,2026-10-07
2022-09-15,0.3621782434355181,%,dulieukinhte,D,2026-10-07
2022-09-16,0.38804811796662175,%,dulieukinhte,D,2026-10-07
2022-09-17,0.38804811796662175,%,dulieukinhte,D,2026-10-07
2022-09-19,0.4397878670288513,%,dulieukinhte,D,2026-10-07
2022-09-20,0.465657741559955,%,dulieukinhte,D,2026-10-07
2022-09-21,0.465657741559955,%,dulieukinhte,D,2026-10-07
2022-09-22,0.5303324278877142,%,dulieukinhte,D,2026-10-07
2022-09-23,0.564825593929208,%,dulieukinhte,D,2026-10-07
2022-09-24,0.564825593929208,%,dulieukinhte,D,2026-10-07
2022-09-26,0.6079420514810474,%,dulieukinhte,D,2026-10-07
2022-10-03,0.9442504203854618,%,dulieukinhte,D,2026-10-07
2022-10-06,0.9658086491613815,%,dulieukinhte,D,2026-10-07
2022-10-07,0.9873668779373013,%,dulieukinhte,D,2026-10-07
2022-10-08,0.9873668779373013,%,dulieukinhte,D,2026-10-07
2022-10-10,1.030483335489163,%,dulieukinhte,D,2026-10-07
2022-10-11,1.112404604837658,%,dulieukinhte,D,2026-10-07
2022-10-12,1.2374423317380145,%,dulieukinhte,D,2026-10-07
2022-10-13,1.3107403095761638,%,dulieukinhte,D,2026-10-07
2022-10-14,1.5004527228043019,%,dulieukinhte,D,2026-10-07
2022-10-15,1.5004527228043019,%,dulieukinhte,D,2026-10-07
2022-10-17,1.6944767817876016,%,dulieukinhte,D,2026-10-07
2022-10-18,1.9143707153020273,%,dulieukinhte,D,2026-10-07
2022-10-19,2.026473504936832,%,dulieukinhte,D,2026-10-07
2022-10-20,2.1083947742853493,%,dulieukinhte,D,2026-10-07
2022-10-21,2.134264648816453,%,dulieukinhte,D,2026-10-07
2022-10-22,2.134264648816453,%,dulieukinhte,D,2026-10-07
2022-10-24,2.1860043978786603,%,dulieukinhte,D,2026-10-07
2022-10-25,2.1989393351442343,%,dulieukinhte,D,2026-10-07
2022-11-02,2.134264648816453,%,dulieukinhte,D,2026-10-07
2022-11-03,2.129953003061269,%,dulieukinhte,D,2026-10-07
2022-11-04,2.1558228775923727,%,dulieukinhte,D,2026-10-07
2022-11-05,2.1558228775923727,%,dulieukinhte,D,2026-10-07
2022-11-07,2.142887940326821,%,dulieukinhte,D,2026-10-07
2022-11-08,2.134264648816453,%,dulieukinhte,D,2026-10-07
2022-11-09,2.134264648816453,%,dulieukinhte,D,2026-10-07
2022-11-10,2.125641357306085,%,dulieukinhte,D,2026-10-07
2022-11-11,2.112706420040533,%,dulieukinhte,D,2026-10-07
2022-11-14,2.0911481912646135,%,dulieukinhte,D,2026-10-07
2022-11-15,2.0868365455094295,%,dulieukinhte,D,2026-10-07
2022-11-16,2.0868365455094295,%,dulieukinhte,D,2026-10-07
2022-11-17,2.0868365455094295,%,dulieukinhte,D,2026-10-07
2022-11-18,2.0782132539990616,%,dulieukinhte,D,2026-10-07
2022-11-21,2.0739016082438777,%,dulieukinhte,D,2026-10-07
2022-11-22,2.0739016082438777,%,dulieukinhte,D,2026-10-07
2022-11-23,2.0652783167334876,%,dulieukinhte,D,2026-10-07
2022-11-24,2.0609666709783037,%,dulieukinhte,D,2026-10-07
2022-12-01,2.022161859181648,%,dulieukinhte,D,2026-10-07
2022-12-02,2.0135385676712803,%,dulieukinhte,D,2026-10-07
2022-12-06,2.0049152761609124,%,dulieukinhte,D,2026-10-07
2022-12-07,2.0135385676712803,%,dulieukinhte,D,2026-10-07
2022-12-08,2.0092269219160963,%,dulieukinhte,D,2026-10-07
2022-12-09,2.0006036304057284,%,dulieukinhte,D,2026-10-07
2022-12-10,2.0006036304057284,%,dulieukinhte,D,2026-10-07
2022-12-12,1.9919803388953605,%,dulieukinhte,D,2026-10-07
2022-12-13,1.9919803388953605,%,dulieukinhte,D,2026-10-07
2022-12-14,1.9876686931401766,%,dulieukinhte,D,2026-10-07
2022-12-15,1.9790454016298087,%,dulieukinhte,D,2026-10-07
2022-12-16,1.9704221101194408,%,dulieukinhte,D,2026-10-07
2022-12-17,1.9704221101194408,%,dulieukinhte,D,2026-10-07
2022-12-19,1.9488638813434989,%,dulieukinhte,D,2026-10-07
2022-12-20,1.940240589833131,%,dulieukinhte,D,2026-10-07
2022-12-21,1.931617298322763,%,dulieukinhte,D,2026-10-07
2022-12-22,1.9100590695468433,%,dulieukinhte,D,2026-10-07
2022-12-23,1.8885008407709236,%,dulieukinhte,D,2026-10-07
2022-12-24,1.8885008407709236,%,dulieukinhte,D,2026-10-07
2023-01-04,-0.11848842621979827,%,dulieukinhte,D,2026-10-07
2023-01-05,-0.11848842621979827,%,dulieukinhte,D,2026-10-07
2023-01-06,-0.11002496720409205,%,dulieukinhte,D,2026-10-07
2023-01-07,-0.11002496720409205,%,dulieukinhte,D,2026-10-07
2023-01-09,-0.11002496720409205,%,dulieukinhte,D,2026-10-07
2023-01-10,-0.11848842621979827,%,dulieukinhte,D,2026-10-07
2023-01-11,-0.11425669671194516,%,dulieukinhte,D,2026-10-07
2023-01-12,-0.11002496720409205,%,dulieukinhte,D,2026-10-07
2023-01-13,-0.12272015572765138,%,dulieukinhte,D,2026-10-07
2023-01-14,-0.12272015572765138,%,dulieukinhte,D,2026-10-07
2023-01-16,-0.1269518852354934,%,dulieukinhte,D,2026-10-07
2023-01-17,-0.11848842621979827,%,dulieukinhte,D,2026-10-07
2023-01-18,-0.10579323769625004,%,dulieukinhte,D,2026-10-07
2023-01-19,-0.11002496720409205,%,dulieukinhte,D,2026-10-07
2023-01-25,-0.11002496720409205,%,dulieukinhte,D,2026-10-07
2023-02-01,-0.0888663196648487,%,dulieukinhte,D,2026-10-07
2023-02-02,-0.09732977868054382,%,dulieukinhte,D,2026-10-07
2023-02-03,-0.10579323769625004,%,dulieukinhte,D,2026-10-07
2023-02-04,-0.10579323769625004,%,dulieukinhte,D,2026-10-07
2023-02-06,-0.08463459015699559,%,dulieukinhte,D,2026-10-07
2023-02-07,-0.042317295078497796,%,dulieukinhte,D,2026-10-07
2023-02-08,-0.029622106554949568,%,dulieukinhte,D,2026-10-07
2023-02-09,-0.02115864753925445,%,dulieukinhte,D,2026-10-07
2023-02-13,-0.012695188523548229,%,dulieukinhte,D,2026-10-07
2023-02-14,-0.00423172950785311,%,dulieukinhte,D,2026-10-07
2023-02-15,0.0,%,dulieukinhte,D,2026-10-07
2023-02-16,0.021158647539243347,%,dulieukinhte,D,2026-10-07
2023-02-17,0.03385383606280268,%,dulieukinhte,D,2026-10-07
2023-02-18,0.03385383606280268,%,dulieukinhte,D,2026-10-07
2023-02-20,0.06347594261775225,%,dulieukinhte,D,2026-10-07
2023-02-21,0.050780754094192915,%,dulieukinhte,D,2026-10-07
2023-02-22,0.0423172950785089,%,dulieukinhte,D,2026-10-07
2023-02-23,0.0423172950785089,%,dulieukinhte,D,2026-10-07
2023-02-24,0.046549024586339804,%,dulieukinhte,D,2026-10-07
2023-02-25,0.046549024586339804,%,dulieukinhte,D,2026-10-07
2023-02-27,0.046549024586339804,%,dulieukinhte,D,2026-10-07
2023-03-02,0.029622106554949568,%,dulieukinhte,D,2026-10-07
2023-03-03,0.025390377047096457,%,dulieukinhte,D,2026-10-07
2023-03-04,0.025390377047096457,%,dulieukinhte,D,2026-10-07
2023-03-06,0.021158647539243347,%,dulieukinhte,D,2026-10-07
2023-03-07,0.00846345901570622,%,dulieukinhte,D,2026-10-07
2023-03-08,0.00423172950785311,%,dulieukinhte,D,2026-10-07
2023-03-09,0.03808556557065579,%,dulieukinhte,D,2026-10-07
2023-03-10,0.03385383606280268,%,dulieukinhte,D,2026-10-07
2023-03-11,0.03385383606280268,%,dulieukinhte,D,2026-10-07
2023-03-13,0.029622106554949568,%,dulieukinhte,D,2026-10-07
2023-03-14,-0.055012483602046025,%,dulieukinhte,D,2026-10-07
2023-03-15,-0.050780754094192915,%,dulieukinhte,D,2026-10-07
2023-03-16,-0.038085565570644686,%,dulieukinhte,D,2026-10-07
2023-03-17,-0.04654902458635091,%,dulieukinhte,D,2026-10-07
2023-03-18,-0.04654902458635091,%,dulieukinhte,D,2026-10-07
2023-03-20,-0.050780754094192915,%,dulieukinhte,D,2026-10-07
2023-03-21,-0.059244213109899135,%,dulieukinhte,D,2026-10-07
2023-03-22,-0.059244213109899135,%,dulieukinhte,D,2026-10-07
2023-03-23,-0.06770767212559425,%,dulieukinhte,D,2026-10-07
2023-03-24,-0.1311836147433465,%,dulieukinhte,D,2026-10-07
2023-03-25,-0.1311836147433465,%,dulieukinhte,D,2026-10-07
2023-04-01,-0.1311836147433465,%,dulieukinhte,D,2026-10-07
2023-04-03,-0.1311836147433465,%,dulieukinhte,D,2026-10-07
2023-04-04,-0.12272015572765138,%,dulieukinhte,D,2026-10-07
2023-04-05,-0.12272015572765138,%,dulieukinhte,D,2026-10-07
2023-04-06,-0.1269518852354934,%,dulieukinhte,D,2026-10-07
2023-04-07,-0.11848842621979827,%,dulieukinhte,D,2026-10-07
2023-04-08,-0.11848842621979827,%,dulieukinhte,D,2026-10-07
2023-04-12,-0.09732977868054382,%,dulieukinhte,D,2026-10-07
2023-04-13,-0.10579323769625004,%,dulieukinhte,D,2026-10-07
2023-04-14,-0.18196436883753941,%,dulieukinhte,D,2026-10-07
2023-04-15,-0.18196436883753941,%,dulieukinhte,D,2026-10-07
2023-04-17,-0.22851339342389032,%,dulieukinhte,D,2026-10-07
2023-04-18,-0.06770767212559425,%,dulieukinhte,D,2026-10-07
2023-04-19,-0.02115864753925445,%,dulieukinhte,D,2026-10-07
2023-04-20,0.046549024586339804,%,dulieukinhte,D,2026-10-07
2023-04-21,0.012695188523559331,%,dulieukinhte,D,2026-10-07
2023-04-22,0.012695188523559331,%,dulieukinhte,D,2026-10-07
2023-04-24,0.021158647539243347,%,dulieukinhte,D,2026-10-07
2023-04-25,0.029622106554949568,%,dulieukinhte,D,2026-10-07
2023-04-26,0.059244213109899135,%,dulieukinhte,D,2026-10-07
2023-05-03,0.03385383606280268,%,dulieukinhte,D,2026-10-07
2023-05-04,0.016926918031390237,%,dulieukinhte,D,2026-10-07
2023-05-05,-0.038085565570644686,%,dulieukinhte,D,2026-10-07
2023-05-06,-0.038085565570644686,%,dulieukinhte,D,2026-10-07
2023-05-08,-0.055012483602046025,%,dulieukinhte,D,2026-10-07
2023-05-09,-0.042317295078497796,%,dulieukinhte,D,2026-10-07
2023-05-12,0.03808556557065579,%,dulieukinhte,D,2026-10-07
2023-05-13,0.03808556557065579,%,dulieukinhte,D,2026-10-07
2023-05-15,0.0888663196648487,%,dulieukinhte,D,2026-10-07
2023-05-16,0.0888663196648487,%,dulieukinhte,D,2026-10-07
2023-05-17,0.10579323769623894,%,dulieukinhte,D,2026-10-07
2023-05-18,0.1735009098218443,%,dulieukinhte,D,2026-10-07
2023-05-19,0.20735474588464697,%,dulieukinhte,D,2026-10-07
2023-05-20,0.20735474588464697,%,dulieukinhte,D,2026-10-07
2023-05-22,0.2242816639160372,%,dulieukinhte,D,2026-10-07
2023-05-23,0.16503745080613808,%,dulieukinhte,D,2026-10-07
2023-05-24,0.2242816639160372,%,dulieukinhte,D,2026-10-07
2023-05-25,0.2750624180102301,%,dulieukinhte,D,2026-10-07
2023-06-02,0.3850873852143444,%,dulieukinhte,D,2026-10-07
2023-06-03,0.3850873852143444,%,dulieukinhte,D,2026-10-07
2023-06-05,0.262367229486693,%,dulieukinhte,D,2026-10-07
2023-06-06,0.37662392619863816,%,dulieukinhte,D,2026-10-07
2023-06-07,0.3470018196436886,%,dulieukinhte,D,2026-10-07
2023-06-08,0.3512335491515417,%,dulieukinhte,D,2026-10-07
2023-06-09,0.36392873767507883,%,dulieukinhte,D,2026-10-07
2023-06-10,0.36392873767507883,%,dulieukinhte,D,2026-10-07
2023-06-12,0.29198933604164257,%,dulieukinhte,D,2026-10-07
2023-06-13,0.28775760653378946,%,dulieukinhte,D,2026-10-07
2023-06-14,0.29198933604164257,%,dulieukinhte,D,2026-10-07
2023-06-15,0.3089162540730328,%,dulieukinhte,D,2026-10-07
2023-06-16,0.33853836062798237,%,dulieukinhte,D,2026-10-07
2023-06-17,0.33853836062798237,%,dulieukinhte,D,2026-10-07
2023-06-19,0.27929414751808324,%,dulieukinhte,D,2026-10-07
2023-06-20,0.36816046718293194,%,dulieukinhte,D,2026-10-07
2023-06-21,0.4062460327535877,%,dulieukinhte,D,2026-10-07
2023-06-22,0.4274046802928311,%,dulieukinhte,D,2026-10-07
2023-06-23,0.4274046802928311,%,dulieukinhte,D,2026-10-07
2023-06-24,0.4274046802928311,%,dulieukinhte,D,2026-10-07
2023-07-01,0.7151622868266205,%,dulieukinhte,D,2026-10-07
2023-07-03,0.7363209343658861,%,dulieukinhte,D,2026-10-07
2023-07-04,0.732089204858033,%,dulieukinhte,D,2026-10-07
2023-07-06,0.8336507130464188,%,dulieukinhte,D,2026-10-07
2023-07-07,0.8548093605856621,%,dulieukinhte,D,2026-10-07
2023-07-08,0.8548093605856621,%,dulieukinhte,D,2026-10-07
2023-07-10,0.7574795819051294,%,dulieukinhte,D,2026-10-07
2023-07-11,0.6601498032245745,%,dulieukinhte,D,2026-10-07
2023-07-12,0.5966738606068223,%,dulieukinhte,D,2026-10-07
2023-07-13,0.5374296474969231,%,dulieukinhte,D,2026-10-07
2023-07-14,0.37662392619863816,%,dulieukinhte,D,2026-10-07
2023-07-15,0.37662392619863816,%,dulieukinhte,D,2026-10-07
2023-07-17,0.2962210655494957,%,dulieukinhte,D,2026-10-07
2023-07-18,0.3512335491515417,%,dulieukinhte,D,2026-10-07
2023-07-19,0.3089162540730328,%,dulieukinhte,D,2026-10-07
2023-07-20,0.42317295078497796,%,dulieukinhte,D,2026-10-07
2023-07-21,0.4358681393085373,%,dulieukinhte,D,2026-10-07
2023-07-22,0.4358681393085373,%,dulieukinhte,D,2026-10-07
2023-07-24,0.5162709999576798,%,dulieukinhte,D,2026-10-07
2023-08-01,0.5331979179890922,%,dulieukinhte,D,2026-10-07
2023-08-02,0.6009055901146754,%,dulieukinhte,D,2026-10-07
2023-08-03,0.7278574753501799,%,dulieukinhte,D,2026-10-07
2023-08-04,0.8209555245228817,%,dulieukinhte,D,2026-10-07
2023-08-08,0.7236257458423268,%,dulieukinhte,D,2026-10-07
2023-08-09,0.8463459015699781,%,dulieukinhte,D,2026-10-07
2023-08-10,0.8251872540307126,%,dulieukinhte,D,2026-10-07
2023-08-11,0.8717362786170746,%,dulieukinhte,D,2026-10-07
2023-08-12,0.8717362786170746,%,dulieukinhte,D,2026-10-07
2023-08-14,0.9182853032034144,%,dulieukinhte,D,2026-10-07
2023-08-15,1.057932376962456,%,dulieukinhte,D,2026-10-07
2023-08-16,1.21450636875291,%,dulieukinhte,D,2026-10-07
2023-08-17,1.3541534425119517,%,dulieukinhte,D,2026-10-07
2023-08-18,1.3329947949727083,%,dulieukinhte,D,2026-10-07
2023-08-19,1.3329947949727083,%,dulieukinhte,D,2026-10-07
2023-08-21,1.1256400490880614,%,dulieukinhte,D,2026-10-07
2023-08-22,1.0790910245017216,%,dulieukinhte,D,2026-10-07
2023-08-23,1.1298717785959145,%,dulieukinhte,D,2026-10-07
2023-08-24,1.366848631035511,%,dulieukinhte,D,2026-10-07
2023-08-25,1.316067876941296,%,dulieukinhte,D,2026-10-07
2023-09-04,1.4641784097160437,%,dulieukinhte,D,2026-10-07
2023-09-05,1.3880072785747544,%,dulieukinhte,D,2026-10-07
2023-09-06,1.5234226228259429,%,dulieukinhte,D,2026-10-07
2023-09-07,1.47264186873175,%,dulieukinhte,D,2026-10-07
2023-09-08,1.531886081841649,%,dulieukinhte,D,2026-10-07
2023-09-09,1.531886081841649,%,dulieukinhte,D,2026-10-07
2023-09-11,1.582666835935842,%,dulieukinhte,D,2026-10-07
2023-09-12,1.4811053277474562,%,dulieukinhte,D,2026-10-07
2023-09-13,1.5403495408573553,%,dulieukinhte,D,2026-10-07
2023-09-14,1.6165206719986447,%,dulieukinhte,D,2026-10-07
2023-09-15,1.7138504506791996,%,dulieukinhte,D,2026-10-07
2023-09-16,1.7138504506791996,%,dulieukinhte,D,2026-10-07
2023-09-18,1.7561677457576863,%,dulieukinhte,D,2026-10-07
2023-09-19,1.8154119588675854,%,dulieukinhte,D,2026-10-07
2023-09-20,1.895814819516728,%,dulieukinhte,D,2026-10-07
2023-09-21,1.8281071473911448,%,dulieukinhte,D,2026-10-07
2023-09-22,1.8154119588675854,%,dulieukinhte,D,2026-10-07
2023-09-23,1.8154119588675854,%,dulieukinhte,D,2026-10-07
2023-10-06,1.8746561719774846,%,dulieukinhte,D,2026-10-07
2023-10-07,1.8746561719774846,%,dulieukinhte,D,2026-10-07
2023-10-09,1.8534975244382412,%,dulieukinhte,D,2026-10-07
2023-10-10,1.8281071473911448,%,dulieukinhte,D,2026-10-07
2023-10-11,1.8365706064068288,%,dulieukinhte,D,2026-10-07
2023-10-12,1.845034065422535,%,dulieukinhte,D,2026-10-07
2023-10-13,1.887351360501044,%,dulieukinhte,D,2026-10-07
2023-10-14,1.887351360501044,%,dulieukinhte,D,2026-10-07
2023-10-16,1.9381321145952368,%,dulieukinhte,D,2026-10-07
2023-10-17,1.955059032626627,%,dulieukinhte,D,2026-10-07
2023-10-18,1.9677542211501864,%,dulieukinhte,D,2026-10-07
2023-10-19,1.9846811391815766,%,dulieukinhte,D,2026-10-07
2023-10-20,2.0269984342600855,%,dulieukinhte,D,2026-10-07
2023-10-21,2.0269984342600855,%,dulieukinhte,D,2026-10-07
2023-10-23,1.94236384410309,%,dulieukinhte,D,2026-10-07
2023-10-24,1.9719859506580395,%,dulieukinhte,D,2026-10-07
2023-10-25,1.9296686555795306,%,dulieukinhte,D,2026-10-07
2023-11-02,1.9804494096737235,%,dulieukinhte,D,2026-10-07
2023-11-03,1.9169734670559935,%,dulieukinhte,D,2026-10-07
2023-11-04,1.9169734670559935,%,dulieukinhte,D,2026-10-07
2023-11-06,1.8323388768989979,%,dulieukinhte,D,2026-10-07
2023-11-07,1.6207524015064978,%,dulieukinhte,D,2026-10-07
2023-11-08,1.4980322457788464,%,dulieukinhte,D,2026-10-07
2023-11-09,1.5699716474123049,%,dulieukinhte,D,2026-10-07
2023-11-10,1.6207524015064978,%,dulieukinhte,D,2026-10-07
2023-11-11,1.6207524015064978,%,dulieukinhte,D,2026-10-07
2023-11-13,1.624984131014351,%,dulieukinhte,D,2026-10-07
2023-11-14,1.6461427785535943,%,dulieukinhte,D,2026-10-07
2023-11-15,1.629215860522204,%,dulieukinhte,D,2026-10-07
2023-11-16,1.4387880326689473,%,dulieukinhte,D,2026-10-07
2023-11-17,1.4430197621768004,%,dulieukinhte,D,2026-10-07
2023-11-18,1.4430197621768004,%,dulieukinhte,D,2026-10-07
2023-11-20,1.366848631035511,%,dulieukinhte,D,2026-10-07
2023-11-21,1.2018111802293507,%,dulieukinhte,D,2026-10-07
2023-11-22,1.0748592949938685,%,dulieukinhte,D,2026-10-07
2023-11-23,1.2018111802293507,%,dulieukinhte,D,2026-10-07
2023-11-24,1.2525919343235659,%,dulieukinhte,D,2026-10-07
2023-12-01,1.2356650162921534,%,dulieukinhte,D,2026-10-07
2023-12-02,1.2356650162921534,%,dulieukinhte,D,2026-10-07
2023-12-04,1.3033726884177588,%,dulieukinhte,D,2026-10-07
2023-12-05,1.2483602048157127,%,dulieukinhte,D,2026-10-07
2023-12-06,1.3541534425119517,%,dulieukinhte,D,2026-10-07
2023-12-07,1.3880072785747544,%,dulieukinhte,D,2026-10-07
2023-12-08,1.3541534425119517,%,dulieukinhte,D,2026-10-07
2023-12-09,1.3541534425119517,%,dulieukinhte,D,2026-10-07
2023-12-11,1.2737505818628092,%,dulieukinhte,D,2026-10-07
2023-12-12,1.311836147433465,%,dulieukinhte,D,2026-10-07
2023-12-13,1.366848631035511,%,dulieukinhte,D,2026-10-07
2023-12-14,1.3287630654648552,%,dulieukinhte,D,2026-10-07
2023-12-15,1.0621641064703091,%,dulieukinhte,D,2026-10-07
2023-12-16,1.0621641064703091,%,dulieukinhte,D,2026-10-07
2023-12-18,1.0663958359781622,%,dulieukinhte,D,2026-10-07
2023-12-19,1.1975794507215198,%,dulieukinhte,D,2026-10-07
2023-12-20,1.2991409589099057,%,dulieukinhte,D,2026-10-07
2023-12-21,1.2229698277686163,%,dulieukinhte,D,2026-10-07
2023-12-22,1.2018111802293507,%,dulieukinhte,D,2026-10-07
2023-12-23,1.2018111802293507,%,dulieukinhte,D,2026-10-07
2024-01-03,-0.12126280577043902,%,dulieukinhte,D,2026-10-07
2024-01-04,0.0,%,dulieukinhte,D,2026-10-07
2024-01-05,0.07108509303783705,%,dulieukinhte,D,2026-10-07
2024-01-06,0.07108509303783705,%,dulieukinhte,D,2026-10-07
2024-01-08,0.0752665690988863,%,dulieukinhte,D,2026-10-07
2024-01-09,0.06690361697678782,%,dulieukinhte,D,2026-10-07
2024-01-10,0.0543591887936401,%,dulieukinhte,D,2026-10-07
2024-01-11,0.13798871001462487,%,dulieukinhte,D,2026-10-07
2024-01-12,0.25507003972402575,%,dulieukinhte,D,2026-10-07
2024-01-13,0.25507003972402575,%,dulieukinhte,D,2026-10-07
2024-01-15,0.32197365670081357,%,dulieukinhte,D,2026-10-07
2024-01-16,0.3010662763955674,%,dulieukinhte,D,2026-10-07
2024-01-17,0.42651055822704453,%,dulieukinhte,D,2026-10-07
2024-01-18,0.5268659836922485,%,dulieukinhte,D,2026-10-07
2024-01-19,0.5101400794480515,%,dulieukinhte,D,2026-10-07
2024-01-20,0.5101400794480515,%,dulieukinhte,D,2026-10-07
2024-01-22,0.4850512230817561,%,dulieukinhte,D,2026-10-07
2024-01-23,0.48086974702070684,%,dulieukinhte,D,2026-10-07
2024-01-24,0.48086974702070684,%,dulieukinhte,D,2026-10-07
2024-01-25,0.4850512230817561,%,dulieukinhte,D,2026-10-07
2024-02-01,0.18816642274723794,%,dulieukinhte,D,2026-10-07
2024-02-02,0.1839849466861887,%,dulieukinhte,D,2026-10-07
2024-02-03,0.1839849466861887,%,dulieukinhte,D,2026-10-07
2024-02-05,0.1630775663809425,%,dulieukinhte,D,2026-10-07
2024-02-06,0.2048923269914349,%,dulieukinhte,D,2026-10-07
2024-02-07,0.17144051850304098,%,dulieukinhte,D,2026-10-07
2024-02-08,0.17144051850304098,%,dulieukinhte,D,2026-10-07
2024-02-09,0.17144051850304098,%,dulieukinhte,D,2026-10-07
2024-02-13,0.17144051850304098,%,dulieukinhte,D,2026-10-07
2024-02-14,0.17144051850304098,%,dulieukinhte,D,2026-10-07
2024-02-15,0.25507003972402575,%,dulieukinhte,D,2026-10-07
2024-02-16,0.23416265941877956,%,dulieukinhte,D,2026-10-07
2024-02-17,0.23416265941877956,%,dulieukinhte,D,2026-10-07
2024-02-19,0.26761446790717347,%,dulieukinhte,D,2026-10-07
2024-02-20,0.3052477524566166,%,dulieukinhte,D,2026-10-07
2024-02-21,0.3261551327618628,%,dulieukinhte,D,2026-10-07
2024-02-22,0.27597742002927195,%,dulieukinhte,D,2026-10-07
2024-02-23,0.3386995609450105,%,dulieukinhte,D,2026-10-07
2024-02-24,0.3386995609450105,%,dulieukinhte,D,2026-10-07
2024-03-01,0.36378841731130596,%,dulieukinhte,D,2026-10-07
2024-03-02,0.36378841731130596,%,dulieukinhte,D,2026-10-07
2024-03-04,0.37215136943340443,%,dulieukinhte,D,2026-10-07
2024-03-05,0.40560317792179834,%,dulieukinhte,D,2026-10-07
2024-03-06,0.42651055822704453,%,dulieukinhte,D,2026-10-07
2024-03-07,0.42651055822704453,%,dulieukinhte,D,2026-10-07
2024-03-08,0.3386995609450105,%,dulieukinhte,D,2026-10-07
2024-03-09,0.3386995609450105,%,dulieukinhte,D,2026-10-07
2024-03-13,0.17562199456409022,%,dulieukinhte,D,2026-10-07
2024-03-14,0.2174367551745826,%,dulieukinhte,D,2026-10-07
2024-03-15,0.26761446790717347,%,dulieukinhte,D,2026-10-07
2024-03-16,0.26761446790717347,%,dulieukinhte,D,2026-10-07
2024-03-18,0.33033660882291205,%,dulieukinhte,D,2026-10-07
2024-03-19,0.32197365670081357,%,dulieukinhte,D,2026-10-07
2024-03-20,0.35124398912815824,%,dulieukinhte,D,2026-10-07
2024-03-21,0.37633284549445367,%,dulieukinhte,D,2026-10-07
2024-03-22,0.3679698933723552,%,dulieukinhte,D,2026-10-07
2024-03-23,0.3679698933723552,%,dulieukinhte,D,2026-10-07
2024-03-25,0.41814760610494606,%,dulieukinhte,D,2026-10-07
2024-03-26,0.33033660882291205,%,dulieukinhte,D,2026-10-07
2024-04-02,0.37633284549445367,%,dulieukinhte,D,2026-10-07
2024-04-03,0.43905498641019225,%,dulieukinhte,D,2026-10-07
2024-04-04,0.5143215555091007,%,dulieukinhte,D,2026-10-07
2024-04-05,0.5143215555091007,%,dulieukinhte,D,2026-10-07
2024-04-06,0.5143215555091007,%,dulieukinhte,D,2026-10-07
2024-04-08,0.5143215555091007,%,dulieukinhte,D,2026-10-07
2024-04-09,0.5101400794480515,%,dulieukinhte,D,2026-10-07
2024-04-10,0.5059586033870023,%,dulieukinhte,D,2026-10-07
2024-04-11,0.5477733639974947,%,dulieukinhte,D,2026-10-07
2024-04-12,0.6983065021952672,%,dulieukinhte,D,2026-10-07
2024-04-13,0.6983065021952672,%,dulieukinhte,D,2026-10-07
2024-04-15,0.7568471670499788,%,dulieukinhte,D,2026-10-07
2024-04-16,0.9450135897971945,%,dulieukinhte,D,2026-10-07
2024-04-17,1.3213464352916482,%,dulieukinhte,D,2026-10-07
2024-04-18,1.3213464352916482,%,dulieukinhte,D,2026-10-07
2024-04-19,1.4426092410620983,%,dulieukinhte,D,2026-10-07
2024-04-20,1.4426092410620983,%,dulieukinhte,D,2026-10-07
2024-04-22,1.4927869537946892,%,dulieukinhte,D,2026-10-07
2024-04-23,1.505331381977837,%,dulieukinhte,D,2026-10-07
2024-04-24,1.5011499059167877,%,dulieukinhte,D,2026-10-07
2024-04-25,1.4593351453062953,%,dulieukinhte,D,2026-10-07
2024-05-02,1.367342671963212,%,dulieukinhte,D,2026-10-07
2024-05-03,1.3631611959021628,%,dulieukinhte,D,2026-10-07
2024-05-04,1.3798871001463597,%,dulieukinhte,D,2026-10-07
2024-05-06,1.3798871001463597,%,dulieukinhte,D,2026-10-07
2024-05-07,1.3715241480242613,%,dulieukinhte,D,2026-10-07
2024-05-08,1.3966130043905567,%,dulieukinhte,D,2026-10-07
2024-05-09,1.4635166213673445,%,dulieukinhte,D,2026-10-07
2024-05-10,1.48860547773364,%,dulieukinhte,D,2026-10-07
2024-05-11,1.48860547773364,%,dulieukinhte,D,2026-10-07
2024-05-13,1.4676980974283937,%,dulieukinhte,D,2026-10-07
2024-05-14,1.4802425256115415,%,dulieukinhte,D,2026-10-07
2024-05-15,1.4802425256115415,%,dulieukinhte,D,2026-10-07
2024-05-16,1.3589797198411135,%,dulieukinhte,D,2026-10-07
2024-05-17,1.3547982437800643,%,dulieukinhte,D,2026-10-07
2024-05-18,1.3547982437800643,%,dulieukinhte,D,2026-10-07
2024-05-20,1.3882500522684582,%,dulieukinhte,D,2026-10-07
2024-05-21,1.4049759565126552,%,dulieukinhte,D,2026-10-07
2024-05-22,1.4175203846958029,%,dulieukinhte,D,2026-10-07
2024-05-23,1.4342462889399998,%,dulieukinhte,D,2026-10-07
2024-05-24,1.4593351453062953,%,dulieukinhte,D,2026-10-07
2024-06-01,1.4467907171231476,%,dulieukinhte,D,2026-10-07
2024-06-03,1.4467907171231476,%,dulieukinhte,D,2026-10-07
2024-06-04,1.384068576207409,%,dulieukinhte,D,2026-10-07
2024-06-05,1.3631611959021628,%,dulieukinhte,D,2026-10-07
2024-06-06,1.3631611959021628,%,dulieukinhte,D,2026-10-07
2024-06-07,1.3631611959021628,%,dulieukinhte,D,2026-10-07
2024-06-08,1.3631611959021628,%,dulieukinhte,D,2026-10-07
2024-06-10,1.367342671963212,%,dulieukinhte,D,2026-10-07
2024-06-11,1.400794480451606,%,dulieukinhte,D,2026-10-07
2024-06-12,1.4175203846958029,%,dulieukinhte,D,2026-10-07
2024-06-13,1.3798871001463597,%,dulieukinhte,D,2026-10-07
2024-06-14,1.3966130043905567,%,dulieukinhte,D,2026-10-07
2024-06-15,1.3966130043905567,%,dulieukinhte,D,2026-10-07
2024-06-17,1.438427765001049,%,dulieukinhte,D,2026-10-07
2024-06-18,1.438427765001049,%,dulieukinhte,D,2026-10-07
2024-06-19,1.4300648128789506,%,dulieukinhte,D,2026-10-07
2024-06-20,1.4217018607568521,%,dulieukinhte,D,2026-10-07
2024-06-21,1.4258833368179014,%,dulieukinhte,D,2026-10-07
2024-06-22,1.4258833368179014,%,dulieukinhte,D,2026-10-07
2024-06-24,1.4509721931841968,%,dulieukinhte,D,2026-10-07
2024-07-01,1.4091574325737044,%,dulieukinhte,D,2026-10-07
2024-07-02,1.4133389086347536,%,dulieukinhte,D,2026-10-07
2024-07-03,1.4342462889399998,%,dulieukinhte,D,2026-10-07
2024-07-04,1.4049759565126552,%,dulieukinhte,D,2026-10-07
2024-07-05,1.384068576207409,%,dulieukinhte,D,2026-10-07
2024-07-06,1.384068576207409,%,dulieukinhte,D,2026-10-07
2024-07-10,1.3882500522684582,%,dulieukinhte,D,2026-10-07
2024-07-11,1.4133389086347536,%,dulieukinhte,D,2026-10-07
2024-07-12,1.3924315283295075,%,dulieukinhte,D,2026-10-07
2024-07-13,1.3924315283295075,%,dulieukinhte,D,2026-10-07
2024-07-15,1.3798871001463597,%,dulieukinhte,D,2026-10-07
2024-07-16,1.3798871001463597,%,dulieukinhte,D,2026-10-07
2024-07-17,1.4258833368179014,%,dulieukinhte,D,2026-10-07
2024-07-18,1.4049759565126552,%,dulieukinhte,D,2026-10-07
2024-07-19,1.384068576207409,%,dulieukinhte,D,2026-10-07
2024-07-20,1.384068576207409,%,dulieukinhte,D,2026-10-07
2024-07-22,1.4467907171231476,%,dulieukinhte,D,2026-10-07
2024-07-23,1.4593351453062953,%,dulieukinhte,D,2026-10-07
2024-07-24,1.4593351453062953,%,dulieukinhte,D,2026-10-07
2024-07-25,1.4635166213673445,%,dulieukinhte,D,2026-10-07
2024-08-02,1.367342671963212,%,dulieukinhte,D,2026-10-07
2024-08-03,1.367342671963212,%,dulieukinhte,D,2026-10-07
2024-08-05,1.3631611959021628,%,dulieukinhte,D,2026-10-07
2024-08-06,1.3589797198411135,%,dulieukinhte,D,2026-10-07
2024-08-07,1.400794480451606,%,dulieukinhte,D,2026-10-07
2024-08-08,1.4509721931841968,%,dulieukinhte,D,2026-10-07
2024-08-09,1.4426092410620983,%,dulieukinhte,D,2026-10-07
2024-08-10,1.4426092410620983,%,dulieukinhte,D,2026-10-07
2024-08-12,1.4258833368179014,%,dulieukinhte,D,2026-10-07
2024-08-13,1.4258833368179014,%,dulieukinhte,D,2026-10-07
2024-08-14,1.4426092410620983,%,dulieukinhte,D,2026-10-07
2024-08-15,1.4175203846958029,%,dulieukinhte,D,2026-10-07
2024-08-16,1.4175203846958029,%,dulieukinhte,D,2026-10-07
2024-08-17,1.4175203846958029,%,dulieukinhte,D,2026-10-07
2024-08-19,1.4467907171231476,%,dulieukinhte,D,2026-10-07
2024-08-20,1.4049759565126552,%,dulieukinhte,D,2026-10-07
2024-08-21,1.384068576207409,%,dulieukinhte,D,2026-10-07
2024-08-22,1.3798871001463597,%,dulieukinhte,D,2026-10-07
2024-08-23,1.400794480451606,%,dulieukinhte,D,2026-10-07
2024-08-24,1.400794480451606,%,dulieukinhte,D,2026-10-07
2024-09-03,1.2920761028643035,%,dulieukinhte,D,2026-10-07
2024-09-04,1.3129834831695497,%,dulieukinhte,D,2026-10-07
2024-09-07,1.2000836295212203,%,dulieukinhte,D,2026-10-07
2024-09-09,1.0955467279949893,%,dulieukinhte,D,2026-10-07
2024-09-10,1.1666318210328264,%,dulieukinhte,D,2026-10-07
2024-09-11,1.2418983901317127,%,dulieukinhte,D,2026-10-07
2024-09-12,1.1373614886054817,%,dulieukinhte,D,2026-10-07
2024-09-13,1.0746393476897431,%,dulieukinhte,D,2026-10-07
2024-09-14,1.0746393476897431,%,dulieukinhte,D,2026-10-07
2024-09-16,0.9282876855529976,%,dulieukinhte,D,2026-10-07
2024-09-17,0.9450135897971945,%,dulieukinhte,D,2026-10-07
2024-09-18,0.9868283504076869,%,dulieukinhte,D,2026-10-07
2024-09-19,1.053731967384497,%,dulieukinhte,D,2026-10-07
2024-09-20,0.9742839222245392,%,dulieukinhte,D,2026-10-07
2024-09-21,0.9742839222245392,%,dulieukinhte,D,2026-10-07
2024-09-23,0.8822914488814559,%,dulieukinhte,D,2026-10-07
2024-09-24,0.9659209701024407,%,dulieukinhte,D,2026-10-07
2024-09-25,0.9157432573698499,%,dulieukinhte,D,2026-10-07
2024-10-02,0.7484842149278803,%,dulieukinhte,D,2026-10-07
2024-10-03,0.8362952122099143,%,dulieukinhte,D,2026-10-07
2024-10-07,0.9951913025297854,%,dulieukinhte,D,2026-10-07
2024-10-08,1.0579134434455462,%,dulieukinhte,D,2026-10-07
2024-10-09,1.0579134434455462,%,dulieukinhte,D,2026-10-07
2024-10-10,1.0746393476897431,%,dulieukinhte,D,2026-10-07
2024-10-11,1.0871837758728908,%,dulieukinhte,D,2026-10-07
2024-10-12,1.0871837758728908,%,dulieukinhte,D,2026-10-07
2024-10-14,1.0286431110181793,%,dulieukinhte,D,2026-10-07
2024-10-15,1.0955467279949893,%,dulieukinhte,D,2026-10-07
2024-10-16,1.1373614886054817,%,dulieukinhte,D,2026-10-07
2024-10-17,1.1875392013380726,%,dulieukinhte,D,2026-10-07
2024-10-18,1.246079866192762,%,dulieukinhte,D,2026-10-07
2024-10-19,1.246079866192762,%,dulieukinhte,D,2026-10-07
2024-10-21,1.3088020071085005,%,dulieukinhte,D,2026-10-07
2024-10-22,1.3589797198411135,%,dulieukinhte,D,2026-10-07
2024-10-23,1.400794480451606,%,dulieukinhte,D,2026-10-07
2024-10-24,1.4426092410620983,%,dulieukinhte,D,2026-10-07
2024-10-25,1.4217018607568521,%,dulieukinhte,D,2026-10-07
2024-11-01,1.367342671963212,%,dulieukinhte,D,2026-10-07
2024-11-05,1.3924315283295075,%,dulieukinhte,D,2026-10-07
2024-11-06,1.4342462889399998,%,dulieukinhte,D,2026-10-07
2024-11-07,1.5387831904662308,%,dulieukinhte,D,2026-10-07
2024-11-08,1.5178758101609846,%,dulieukinhte,D,2026-10-07
2024-11-09,1.5178758101609846,%,dulieukinhte,D,2026-10-07
2024-11-11,1.455153669245246,%,dulieukinhte,D,2026-10-07
2024-11-12,1.471879573489443,%,dulieukinhte,D,2026-10-07
2024-11-13,1.559690570771477,%,dulieukinhte,D,2026-10-07
2024-11-14,1.5680535228935755,%,dulieukinhte,D,2026-10-07
2024-11-15,1.6015053313819694,%,dulieukinhte,D,2026-10-07
2024-11-16,1.6015053313819694,%,dulieukinhte,D,2026-10-07
2024-11-18,1.559690570771477,%,dulieukinhte,D,2026-10-07
2024-11-19,1.5805979510767232,%,dulieukinhte,D,2026-10-07
2024-11-20,1.5471461425883293,%,dulieukinhte,D,2026-10-07
2024-11-21,1.5680535228935755,%,dulieukinhte,D,2026-10-07
2024-11-22,1.5889609031988217,%,dulieukinhte,D,2026-10-07
2024-11-23,1.5889609031988217,%,dulieukinhte,D,2026-10-07
2024-11-25,1.576416475015674,%,dulieukinhte,D,2026-10-07
2024-12-02,1.3589797198411135,%,dulieukinhte,D,2026-10-07
2024-12-03,1.4426092410620983,%,dulieukinhte,D,2026-10-07
2024-12-04,1.4509721931841968,%,dulieukinhte,D,2026-10-07
2024-12-05,1.4676980974283937,%,dulieukinhte,D,2026-10-07
2024-12-06,1.4217018607568521,%,dulieukinhte,D,2026-10-07
2024-12-07,1.4217018607568521,%,dulieukinhte,D,2026-10-07
2024-12-09,1.3924315283295075,%,dulieukinhte,D,2026-10-07
2024-12-10,1.4342462889399998,%,dulieukinhte,D,2026-10-07
2024-12-11,1.4133389086347536,%,dulieukinhte,D,2026-10-07
2024-12-12,1.438427765001049,%,dulieukinhte,D,2026-10-07
2024-12-13,1.4593351453062953,%,dulieukinhte,D,2026-10-07
2024-12-14,1.4593351453062953,%,dulieukinhte,D,2026-10-07
2024-12-16,1.4927869537946892,%,dulieukinhte,D,2026-10-07
2024-12-17,1.4844240016725907,%,dulieukinhte,D,2026-10-07
2024-12-18,1.5178758101609846,%,dulieukinhte,D,2026-10-07
2024-12-19,1.6265941877482648,%,dulieukinhte,D,2026-10-07
2024-12-20,1.7102237089692718,%,dulieukinhte,D,2026-10-07
2024-12-21,1.7102237089692718,%,dulieukinhte,D,2026-10-07
2024-12-23,1.6725904244198286,%,dulieukinhte,D,2026-10-07
2024-12-24,1.643320091992484,%,dulieukinhte,D,2026-10-07
2025-04-24,2.550600625308541,%,dulieukinhte,D,2026-10-07
2025-04-25,2.6328780648346317,%,dulieukinhte,D,2026-10-07
2025-04-26,2.694586144479194,%,dulieukinhte,D,2026-10-07
2025-04-28,2.6822445285502816,%,dulieukinhte,D,2026-10-07
2025-05-02,2.66578904064505,%,dulieukinhte,D,2026-10-07
2025-05-05,2.6164225769294003,%,dulieukinhte,D,2026-10-07
2025-05-06,2.5917393450715753,%,dulieukinhte,D,2026-10-07
2025-05-07,2.558828369261157,%,dulieukinhte,D,2026-10-07
2025-05-08,2.5464867533322444,%,dulieukinhte,D,2026-10-07
2025-05-09,2.645219680763544,%,dulieukinhte,D,2026-10-07
2025-05-10,2.645219680763544,%,dulieukinhte,D,2026-10-07
2025-05-12,2.6205364489057192,%,dulieukinhte,D,2026-10-07
2025-05-13,2.7357248642422283,%,dulieukinhte,D,2026-10-07
2025-05-14,2.7357248642422283,%,dulieukinhte,D,2026-10-07
2025-05-15,2.723383248313316,%,dulieukinhte,D,2026-10-07
2025-05-16,2.6822445285502816,%,dulieukinhte,D,2026-10-07
2025-05-17,2.6822445285502816,%,dulieukinhte,D,2026-10-07
2025-05-19,2.723383248313316,%,dulieukinhte,D,2026-10-07
2025-05-20,2.7151555043607,%,dulieukinhte,D,2026-10-07
2025-05-21,2.690472272502875,%,dulieukinhte,D,2026-10-07
2025-05-22,2.6616751686687534,%,dulieukinhte,D,2026-10-07
2025-05-23,2.6822445285502816,%,dulieukinhte,D,2026-10-07
2025-05-24,2.6822445285502816,%,dulieukinhte,D,2026-10-07
2025-05-26,2.599967089024191,%,dulieukinhte,D,2026-10-07
2025-05-27,2.579397729142663,%,dulieukinhte,D,2026-10-07
2025-05-28,2.6287641928583128,%,dulieukinhte,D,2026-10-07
2025-05-29,2.690472272502875,%,dulieukinhte,D,2026-10-07
2025-05-30,2.7562942241237343,%,dulieukinhte,D,2026-10-07
2025-05-31,2.7562942241237343,%,dulieukinhte,D,2026-10-07
2025-06-02,2.723383248313316,%,dulieukinhte,D,2026-10-07
2025-06-03,2.7727497120289657,%,dulieukinhte,D,2026-10-07
2025-06-04,2.8632548955076498,%,dulieukinhte,D,2026-10-07
2025-06-05,2.6616751686687534,%,dulieukinhte,D,2026-10-07
2025-06-06,2.813888431792,%,dulieukinhte,D,2026-10-07
2025-06-07,2.813888431792,%,dulieukinhte,D,2026-10-07
2025-06-09,2.813888431792,%,dulieukinhte,D,2026-10-07
2025-06-10,2.785091327957878,%,dulieukinhte,D,2026-10-07
2025-06-11,2.7727497120289657,%,dulieukinhte,D,2026-10-07
2025-06-12,2.805660687839384,%,dulieukinhte,D,2026-10-07
2025-06-13,2.743952608194844,%,dulieukinhte,D,2026-10-07
2025-06-14,2.743952608194844,%,dulieukinhte,D,2026-10-07
2025-06-16,2.8180023037682966,%,dulieukinhte,D,2026-10-07
2025-06-17,2.838571663649825,%,dulieukinhte,D,2026-10-07
2025-06-18,2.8221161757446156,%,dulieukinhte,D,2026-10-07
2025-06-19,2.949646207010037,%,dulieukinhte,D,2026-10-07
2025-06-20,2.974329438867862,%,dulieukinhte,D,2026-10-07
2025-06-21,2.974329438867862,%,dulieukinhte,D,2026-10-07
2025-06-23,2.9619878229389496,%,dulieukinhte,D,2026-10-07
2025-06-24,3.0854039822280743,%,dulieukinhte,D,2026-10-07
2025-06-25,3.073062366299162,%,dulieukinhte,D,2026-10-07
2025-06-26,3.064834622346546,%,dulieukinhte,D,2026-10-07
2025-06-27,3.04426526246504,%,dulieukinhte,D,2026-10-07
2025-06-28,3.04426526246504,%,dulieukinhte,D,2026-10-07
2025-06-30,3.0607207503702494,%,dulieukinhte,D,2026-10-07
2025-07-01,3.0854039822280743,%,dulieukinhte,D,2026-10-07
2025-07-02,3.1347704459437242,%,dulieukinhte,D,2026-10-07
2025-07-03,3.2211617574461116,%,dulieukinhte,D,2026-10-07
2025-07-04,3.324008556853708,%,dulieukinhte,D,2026-10-07
2025-07-05,3.324008556853708,%,dulieukinhte,D,2026-10-07
2025-07-07,3.3116669409247956,%,dulieukinhte,D,2026-10-07
2025-07-08,3.3445779167352363,%,dulieukinhte,D,2026-10-07
2025-07-09,3.3363501727826206,%,dulieukinhte,D,2026-10-07
2025-07-10,3.3857166364982705,%,dulieukinhte,D,2026-10-07
2025-07-11,3.373375020569358,%,dulieukinhte,D,2026-10-07
2025-07-12,3.373375020569358,%,dulieukinhte,D,2026-10-07
2025-07-14,3.3651472766167423,%,dulieukinhte,D,2026-10-07
2025-07-15,3.4556524600954486,%,dulieukinhte,D,2026-10-07
2025-07-16,3.537929899621517,%,dulieukinhte,D,2026-10-07
2025-07-17,3.5708408754319576,%,dulieukinhte,D,2026-10-07
2025-07-18,3.607865723218695,%,dulieukinhte,D,2026-10-07
2025-07-19,3.607865723218695,%,dulieukinhte,D,2026-10-07
2025-07-21,3.63254895507652,%,dulieukinhte,D,2026-10-07
2025-07-22,3.58318249136087,%,dulieukinhte,D,2026-10-07
2025-07-23,3.5749547474082544,%,dulieukinhte,D,2026-10-07
2025-07-24,3.5297021556689234,%,dulieukinhte,D,2026-10-07
2025-07-25,3.5214744117163077,%,dulieukinhte,D,2026-10-07
2025-07-26,3.5214744117163077,%,dulieukinhte,D,2026-10-07
2025-07-28,3.5955241072897826,%,dulieukinhte,D,2026-10-07
2025-07-29,3.6942570347210824,%,dulieukinhte,D,2026-10-07
2025-07-30,3.7847622181997664,%,dulieukinhte,D,2026-10-07
2025-07-31,3.8341286819154163,%,dulieukinhte,D,2026-10-07
2025-08-01,3.8711535297021538,%,dulieukinhte,D,2026-10-07
2025-08-02,3.8711535297021538,%,dulieukinhte,D,2026-10-07
2025-08-04,3.8341286819154163,%,dulieukinhte,D,2026-10-07
2025-08-05,3.747737370413029,%,dulieukinhte,D,2026-10-07
2025-08-06,3.8012177061049757,%,dulieukinhte,D,2026-10-07
2025-08-07,3.8300148099391196,%,dulieukinhte,D,2026-10-07
2025-08-08,3.7847622181997664,%,dulieukinhte,D,2026-10-07
2025-08-09,3.7847622181997664,%,dulieukinhte,D,2026-10-07
2025-08-11,3.797103834128679,%,dulieukinhte,D,2026-10-07
2025-08-12,3.846470297844329,%,dulieukinhte,D,2026-10-07
2025-08-13,3.862925785749538,%,dulieukinhte,D,2026-10-07
2025-08-14,3.8341286819154163,%,dulieukinhte,D,2026-10-07
2025-08-15,3.8711535297021538,%,dulieukinhte,D,2026-10-07
2025-08-16,3.8711535297021538,%,dulieukinhte,D,2026-10-07
2025-08-18,3.8546980417969445,%,dulieukinhte,D,2026-10-07
2025-08-19,3.8958367615599787,%,dulieukinhte,D,2026-10-07
2025-08-20,3.9287477373704194,%,dulieukinhte,D,2026-10-07
2025-08-21,3.9698864571334536,%,dulieukinhte,D,2026-10-07
2025-08-22,4.07273325654105,%,dulieukinhte,D,2026-10-07
2025-08-23,4.07273325654105,%,dulieukinhte,D,2026-10-07
2025-08-25,4.043936152706928,%,dulieukinhte,D,2026-10-07
2025-08-26,3.9698864571334536,%,dulieukinhte,D,2026-10-07
2025-08-27,3.9698864571334536,%,dulieukinhte,D,2026-10-07
2025-08-28,3.9493170972519254,%,dulieukinhte,D,2026-10-07
2025-08-29,3.8341286819154163,%,dulieukinhte,D,2026-10-07
2025-08-30,3.8341286819154163,%,dulieukinhte,D,2026-10-07
2025-08-31,3.8341286819154163,%,dulieukinhte,D,2026-10-07
2025-09-01,3.8341286819154163,%,dulieukinhte,D,2026-10-07
2025-09-02,3.8341286819154163,%,dulieukinhte,D,2026-10-07
2025-09-03,3.8588119137732413,%,dulieukinhte,D,2026-10-07
2025-09-04,3.867039657725857,%,dulieukinhte,D,2026-10-07
2025-09-05,3.867039657725857,%,dulieukinhte,D,2026-10-07
2025-09-06,3.867039657725857,%,dulieukinhte,D,2026-10-07
2025-09-08,3.817673194010207,%,dulieukinhte,D,2026-10-07
2025-09-09,3.817673194010207,%,dulieukinhte,D,2026-10-07
2025-09-10,3.7559651143656447,%,dulieukinhte,D,2026-10-07
2025-09-11,3.7559651143656447,%,dulieukinhte,D,2026-10-07
2025-09-12,3.7353957544841165,%,dulieukinhte,D,2026-10-07
2025-09-13,3.7353957544841165,%,dulieukinhte,D,2026-10-07
2025-09-15,3.7353957544841165,%,dulieukinhte,D,2026-10-07
2025-09-16,3.702484778673698,%,dulieukinhte,D,2026-10-07
2025-09-17,3.6613460589106417,%,dulieukinhte,D,2026-10-07
2025-09-18,3.611979595194992,%,dulieukinhte,D,2026-10-07
2025-09-19,3.611979595194992,%,dulieukinhte,D,2026-10-07
2025-09-20,3.611979595194992,%,dulieukinhte,D,2026-10-07
2025-09-22,3.6243212111239043,%,dulieukinhte,D,2026-10-07
2025-09-23,3.6243212111239043,%,dulieukinhte,D,2026-10-07
2025-09-24,3.611979595194992,%,dulieukinhte,D,2026-10-07
2025-09-25,3.63254895507652,%,dulieukinhte,D,2026-10-07
2025-09-26,3.6448905710054325,%,dulieukinhte,D,2026-10-07
2025-09-27,3.6448905710054325,%,dulieukinhte,D,2026-10-07
2025-09-29,3.6366628270528167,%,dulieukinhte,D,2026-10-07
2025-09-30,3.6160934671713107,%,dulieukinhte,D,2026-10-07
2025-10-01,3.6160934671713107,%,dulieukinhte,D,2026-10-07
2025-10-02,3.5749547474082544,%,dulieukinhte,D,2026-10-07
2025-10-03,3.513246667763692,%,dulieukinhte,D,2026-10-07
2025-10-04,3.513246667763692,%,dulieukinhte,D,2026-10-07
2025-10-06,3.447424716142833,%,dulieukinhte,D,2026-10-07
2025-10-07,3.4268553562613047,%,dulieukinhte,D,2026-10-07
2025-10-08,3.393944380450886,%,dulieukinhte,D,2026-10-07
2025-10-09,3.3816027645219737,%,dulieukinhte,D,2026-10-07
2025-10-10,3.373375020569358,%,dulieukinhte,D,2026-10-07
2025-10-11,3.373375020569358,%,dulieukinhte,D,2026-10-07
2025-10-13,3.307553068948499,%,dulieukinhte,D,2026-10-07
2025-10-14,3.3157808129010924,%,dulieukinhte,D,2026-10-07
2025-10-15,3.3157808129010924,%,dulieukinhte,D,2026-10-07
2025-10-16,3.2952114530195864,%,dulieukinhte,D,2026-10-07
2025-10-17,3.2623004772091457,%,dulieukinhte,D,2026-10-07
2025-10-18,3.2623004772091457,%,dulieukinhte,D,2026-10-07
2025-10-20,3.2623004772091457,%,dulieukinhte,D,2026-10-07
2025-10-21,3.25407273325653,%,dulieukinhte,D,2026-10-07
2025-10-22,3.25407273325653,%,dulieukinhte,D,2026-10-07
2025-10-23,3.2499588612802333,%,dulieukinhte,D,2026-10-07
2025-10-24,3.2499588612802333,%,dulieukinhte,D,2026-10-07
2025-10-25,3.2499588612802333,%,dulieukinhte,D,2026-10-07
2025-10-27,3.2458449893039365,%,dulieukinhte,D,2026-10-07
2025-10-28,3.237617245351321,%,dulieukinhte,D,2026-10-07
2025-10-29,3.2211617574461116,%,dulieukinhte,D,2026-10-07
2025-10-30,3.2211617574461116,%,dulieukinhte,D,2026-10-07
2025-10-31,3.2293895013987273,%,dulieukinhte,D,2026-10-07
2025-11-01,3.2293895013987273,%,dulieukinhte,D,2026-10-07
2025-11-03,3.2293895013987273,%,dulieukinhte,D,2026-10-07
2025-11-04,3.237617245351321,%,dulieukinhte,D,2026-10-07
2025-11-05,3.2458449893039365,%,dulieukinhte,D,2026-10-07
2025-11-06,3.258186605232849,%,dulieukinhte,D,2026-10-07
2025-11-07,3.2705282211617615,%,dulieukinhte,D,2026-10-07
2025-11-08,3.2705282211617615,%,dulieukinhte,D,2026-10-07
2025-11-10,3.282869837090674,%,dulieukinhte,D,2026-10-07
2025-11-11,3.332236300806324,%,dulieukinhte,D,2026-10-07
2025-11-12,3.3774888925456548,%,dulieukinhte,D,2026-10-07
2025-11-13,3.3610334046404455,%,dulieukinhte,D,2026-10-07
2025-11-14,3.348691788711533,%,dulieukinhte,D,2026-10-07
2025-11-15,3.348691788711533,%,dulieukinhte,D,2026-10-07
2025-11-17,3.3404640447589173,%,dulieukinhte,D,2026-10-07
2025-11-18,3.3898305084745672,%,dulieukinhte,D,2026-10-07
2025-11-19,3.3898305084745672,%,dulieukinhte,D,2026-10-07
2025-11-20,3.3816027645219737,%,dulieukinhte,D,2026-10-07
2025-11-21,3.4062859963797987,%,dulieukinhte,D,2026-10-07
2025-11-22,3.4062859963797987,%,dulieukinhte,D,2026-10-07
2025-11-24,3.439196972190217,%,dulieukinhte,D,2026-10-07
2025-11-25,3.447424716142833,%,dulieukinhte,D,2026-10-07
2025-11-26,3.447424716142833,%,dulieukinhte,D,2026-10-07
2025-11-27,3.472107948000658,%,dulieukinhte,D,2026-10-07
2025-11-28,3.4844495639295703,%,dulieukinhte,D,2026-10-07
2025-11-29,3.4844495639295703,%,dulieukinhte,D,2026-10-07
2025-12-01,3.488563435905867,%,dulieukinhte,D,2026-10-07
2025-12-02,3.4762218199769546,%,dulieukinhte,D,2026-10-07
2025-12-03,3.4762218199769546,%,dulieukinhte,D,2026-10-07
2025-12-04,3.472107948000658,%,dulieukinhte,D,2026-10-07
2025-12-05,3.467994076024361,%,dulieukinhte,D,2026-10-07
2025-12-06,3.467994076024361,%,dulieukinhte,D,2026-10-07
2025-12-08,3.472107948000658,%,dulieukinhte,D,2026-10-07
2025-12-09,3.4844495639295703,%,dulieukinhte,D,2026-10-07
2025-12-10,3.4844495639295703,%,dulieukinhte,D,2026-10-07
2025-12-11,3.4803356919532735,%,dulieukinhte,D,2026-10-07
2025-12-12,3.4556524600954486,%,dulieukinhte,D,2026-10-07
2025-12-13,3.4556524600954486,%,dulieukinhte,D,2026-10-07
2025-12-15,3.439196972190217,%,dulieukinhte,D,2026-10-07
2025-12-16,3.4268553562613047,%,dulieukinhte,D,2026-10-07
2025-12-17,3.447424716142833,%,dulieukinhte,D,2026-10-07
2025-12-18,3.467994076024361,%,dulieukinhte,D,2026-10-07
2025-12-19,3.4556524600954486,%,dulieukinhte,D,2026-10-07
2025-12-20,3.4556524600954486,%,dulieukinhte,D,2026-10-07
2025-12-22,3.4597663320717453,%,dulieukinhte,D,2026-10-07
2025-12-23,3.447424716142833,%,dulieukinhte,D,2026-10-07
2025-12-24,3.447424716142833,%,dulieukinhte,D,2026-10-07
2025-12-25,3.393944380450886,%,dulieukinhte,D,2026-10-07
2025-12-26,3.373375020569358,%,dulieukinhte,D,2026-10-07
2025-12-27,3.373375020569358,%,dulieukinhte,D,2026-10-07
2025-12-29,3.3610334046404455,%,dulieukinhte,D,2026-10-07
2025-12-30,3.3569195326641488,%,dulieukinhte,D,2026-10-07
2025-12-31,3.3445779167352363,%,dulieukinhte,D,2026-10-07
2026-01-02,0.0,%,dulieukinhte,D,2026-10-07
2026-01-03,0.0,%,dulieukinhte,D,2026-10-07
2026-01-05,0.011942199753200988,%,dulieukinhte,D,2026-10-07
2026-01-06,0.003980733251074398,%,dulieukinhte,D,2026-10-07
2026-01-07,0.003980733251074398,%,dulieukinhte,D,2026-10-07
2026-01-08,0.01592293300425318,%,dulieukinhte,D,2026-10-07
2026-01-09,0.023884399506379772,%,dulieukinhte,D,2026-10-07
2026-01-10,0.03980733251065516,%,dulieukinhte,D,2026-10-07
2026-01-12,0.03184586600852857,%,dulieukinhte,D,2026-10-07
2026-01-13,0.03184586600852857,%,dulieukinhte,D,2026-10-07
2026-01-14,0.05573026551490834,%,dulieukinhte,D,2026-10-07
2026-01-15,0.05573026551490834,%,dulieukinhte,D,2026-10-07
2026-01-16,0.03980733251065516,%,dulieukinhte,D,2026-10-07
2026-01-17,0.03980733251065516,%,dulieukinhte,D,2026-10-07
2026-01-19,0.04378806576170735,%,dulieukinhte,D,2026-10-07
2026-01-20,0.03582659925958076,%,dulieukinhte,D,2026-10-07
2026-01-21,0.011942199753200988,%,dulieukinhte,D,2026-10-07
2026-01-22,0.01592293300425318,%,dulieukinhte,D,2026-10-07
2026-01-23,0.01592293300425318,%,dulieukinhte,D,2026-10-07
2026-01-24,0.01592293300425318,%,dulieukinhte,D,2026-10-07
2026-01-26,-0.031845866008517465,%,dulieukinhte,D,2026-10-07
2026-01-27,-0.0915568647744891,%,dulieukinhte,D,2026-10-07
2026-01-28,-0.13136419728514426,%,dulieukinhte,D,2026-10-07
2026-01-29,-0.15126786354046073,%,dulieukinhte,D,2026-10-07
2026-01-30,-0.1870944628000526,%,dulieukinhte,D,2026-10-07
2026-01-31,-0.1870944628000526,%,dulieukinhte,D,2026-10-07
2026-02-02,-0.22690179531069665,%,dulieukinhte,D,2026-10-07
2026-02-03,-0.20699812905536907,%,dulieukinhte,D,2026-10-07
2026-02-04,-0.21495959555750677,%,dulieukinhte,D,2026-10-07
2026-02-05,-0.21894032880857006,%,dulieukinhte,D,2026-10-07
2026-02-06,-0.22292106205963336,%,dulieukinhte,D,2026-10-07
2026-02-07,-0.22292106205963336,%,dulieukinhte,D,2026-10-07
2026-02-09,-0.23088252856175995,%,dulieukinhte,D,2026-10-07
2026-02-10,-0.2627283945702774,%,dulieukinhte,D,2026-10-07
2026-02-11,-0.282632060825605,%,dulieukinhte,D,2026-10-07
2026-02-12,-0.282632060825605,%,dulieukinhte,D,2026-10-07
2026-02-13,-0.2866127940766683,%,dulieukinhte,D,2026-10-07
2026-02-14,-0.2866127940766683,%,dulieukinhte,D,2026-10-07
2026-02-21,-0.2866127940766683,%,dulieukinhte,D,2026-10-07
2026-02-23,-0.2786513275745417,%,dulieukinhte,D,2026-10-07
2026-02-24,-0.270689861072404,%,dulieukinhte,D,2026-10-07
2026-02-25,-0.2547669280681508,%,dulieukinhte,D,2026-10-07
2026-02-26,-0.2786513275745417,%,dulieukinhte,D,2026-10-07
2026-02-27,-0.30651646033199587,%,dulieukinhte,D,2026-10-07
2026-02-28,-0.30651646033199587,%,dulieukinhte,D,2026-10-07
2026-03-02,-0.33040085983838674,%,dulieukinhte,D,2026-10-07
2026-03-03,-0.2985549938298582,%,dulieukinhte,D,2026-10-07
2026-03-04,-0.2746705943234784,%,dulieukinhte,D,2026-10-07
2026-03-05,-0.2627283945702774,%,dulieukinhte,D,2026-10-07
2026-03-06,-0.2547669280681508,%,dulieukinhte,D,2026-10-07
2026-03-07,-0.2547669280681508,%,dulieukinhte,D,2026-10-07
2026-03-09,-0.24680546156602423,%,dulieukinhte,D,2026-10-07
2026-03-10,-0.23486326181282324,%,dulieukinhte,D,2026-10-07
2026-03-11,-0.24680546156602423,%,dulieukinhte,D,2026-10-07
2026-03-12,-0.23884399506388654,%,dulieukinhte,D,2026-10-07
2026-03-13,-0.22292106205963336,%,dulieukinhte,D,2026-10-07
2026-03-14,-0.22292106205963336,%,dulieukinhte,D,2026-10-07
2026-03-16,-0.21097886230643237,%,dulieukinhte,D,2026-10-07
2026-03-17,-0.21097886230643237,%,dulieukinhte,D,2026-10-07
2026-03-18,-0.21495959555750677,%,dulieukinhte,D,2026-10-07
2026-03-19,-0.1950559293021792,%,dulieukinhte,D,2026-10-07
2026-03-20,-0.14330639703833414,%,dulieukinhte,D,2026-10-07
2026-03-21,-0.14330639703833414,%,dulieukinhte,D,2026-10-07
2026-03-23,-0.12340273078300656,%,dulieukinhte,D,2026-10-07
2026-03-24,-0.04776879901278175,%,dulieukinhte,D,2026-10-07
2026-03-25,-0.06767246526809823,%,dulieukinhte,D,2026-10-07
2026-03-26,-0.07563393177023592,%,dulieukinhte,D,2026-10-07
2026-03-27,-0.08359539827236251,%,dulieukinhte,D,2026-10-07
2026-03-28,-0.08359539827236251,%,dulieukinhte,D,2026-10-07
2026-03-30,-0.08359539827236251,%,dulieukinhte,D,2026-10-07
2026-03-31,-0.07563393177023592,%,dulieukinhte,D,2026-10-07
2026-04-01,-0.06369173201703493,%,dulieukinhte,D,2026-10-07
2026-04-02,-0.05573026551490834,%,dulieukinhte,D,2026-10-07
2026-04-03,-0.05573026551490834,%,dulieukinhte,D,2026-10-07
2026-04-04,-0.05573026551490834,%,dulieukinhte,D,2026-10-07
2026-04-06,-0.059710998765971635,%,dulieukinhte,D,2026-10-07
2026-04-07,-0.051749532263845044,%,dulieukinhte,D,2026-10-07
2026-04-08,-0.059710998765971635,%,dulieukinhte,D,2026-10-07
2026-04-09,-0.07563393177023592,%,dulieukinhte,D,2026-10-07
2026-04-10,-0.06369173201703493,%,dulieukinhte,D,2026-10-07
2026-04-11,-0.06369173201703493,%,dulieukinhte,D,2026-10-07
2026-04-13,-0.059710998765971635,%,dulieukinhte,D,2026-10-07
2026-04-14,-0.059710998765971635,%,dulieukinhte,D,2026-10-07
2026-04-15,-0.07165319851917262,%,dulieukinhte,D,2026-10-07
2026-04-16,-0.07563393177023592,%,dulieukinhte,D,2026-10-07
2026-04-17,-0.07563393177023592,%,dulieukinhte,D,2026-10-07
2026-04-18,-0.07563393177023592,%,dulieukinhte,D,2026-10-07
2026-04-20,-0.07165319851917262,%,dulieukinhte,D,2026-10-07
2026-04-21,-0.07563393177023592,%,dulieukinhte,D,2026-10-07
2026-04-22,-0.08359539827236251,%,dulieukinhte,D,2026-10-07
2026-04-23,-0.06369173201703493,%,dulieukinhte,D,2026-10-07
2026-04-24,-0.031845866008517465,%,dulieukinhte,D,2026-10-07
2026-04-25,-0.031845866008517465,%,dulieukinhte,D,2026-10-07
2026-04-27,-0.031845866008517465,%,dulieukinhte,D,2026-10-07
2026-04-28,-0.039807332510644056,%,dulieukinhte,D,2026-10-07
2026-04-29,-0.031845866008517465,%,dulieukinhte,D,2026-10-07
2026-05-02,-0.031845866008517465,%,dulieukinhte,D,2026-10-07
2026-05-04,-0.03582659925958076,%,dulieukinhte,D,2026-10-07
2026-05-05,-0.039807332510644056,%,dulieukinhte,D,2026-10-07
2026-05-06,-0.031845866008517465,%,dulieukinhte,D,2026-10-07
2026-05-07,-0.031845866008517465,%,dulieukinhte,D,2026-10-07
2026-05-08,-0.03582659925958076,%,dulieukinhte,D,2026-10-07
2026-05-09,-0.03582659925958076,%,dulieukinhte,D,2026-10-07
2026-05-11,-0.011942199753189886,%,dulieukinhte,D,2026-10-07
2026-05-12,0.00796146650212659,%,dulieukinhte,D,2026-10-07
2026-05-13,0.00796146650212659,%,dulieukinhte,D,2026-10-07
2026-05-14,0.01990366625532758,%,dulieukinhte,D,2026-10-07
2026-05-15,0.03980733251065516,%,dulieukinhte,D,2026-10-07
2026-05-16,0.03980733251065516,%,dulieukinhte,D,2026-10-07
2026-05-18,0.03980733251065516,%,dulieukinhte,D,2026-10-07
2026-05-19,0.04776879901278175,%,dulieukinhte,D,2026-10-07
2026-05-20,0.05573026551490834,%,dulieukinhte,D,2026-10-07
2026-05-21,0.05573026551490834,%,dulieukinhte,D,2026-10-07
2026-05-22,0.05174953226383394,%,dulieukinhte,D,2026-10-07
2026-05-23,0.05174953226383394,%,dulieukinhte,D,2026-10-07
2026-05-25,0.05971099876598274,%,dulieukinhte,D,2026-10-07
2026-05-26,0.06767246526810933,%,dulieukinhte,D,2026-10-07
2026-05-27,0.06369173201703493,%,dulieukinhte,D,2026-10-07
2026-05-28,0.06369173201703493,%,dulieukinhte,D,2026-10-07
2026-05-29,0.07165319851916152,%,dulieukinhte,D,2026-10-07
2026-05-30,0.07165319851916152,%,dulieukinhte,D,2026-10-07
2026-06-01,0.06767246526810933,%,dulieukinhte,D,2026-10-07
2026-06-02,0.07961466502128811,%,dulieukinhte,D,2026-10-07
2026-06-03,0.0955375980255635,%,dulieukinhte,D,2026-10-07
2026-06-04,0.0955375980255635,%,dulieukinhte,D,2026-10-07
2026-06-05,0.10349906452769009,%,dulieukinhte,D,2026-10-07
2026-06-06,0.10349906452769009,%,dulieukinhte,D,2026-10-07
2026-06-08,0.11544126428089108,%,dulieukinhte,D,2026-10-07
2026-06-09,0.11942199753194327,%,dulieukinhte,D,2026-10-07
2026-06-10,0.12738346403406986,%,dulieukinhte,D,2026-10-07
2026-06-11,0.12738346403406986,%,dulieukinhte,D,2026-10-07
2026-06-12,0.13534493053619645,%,dulieukinhte,D,2026-10-07
2026-06-13,0.13534493053619645,%,dulieukinhte,D,2026-10-07
2026-06-15,0.1751522630468516,%,dulieukinhte,D,2026-10-07
2026-06-16,0.1751522630468516,%,dulieukinhte,D,2026-10-07
2026-06-17,0.21495959555750677,%,dulieukinhte,D,2026-10-07
2026-06-18,0.20699812905538018,%,dulieukinhte,D,2026-10-07
2026-06-19,0.23884399506388654,%,dulieukinhte,D,2026-10-07
2026-06-20,0.23884399506388654,%,dulieukinhte,D,2026-10-07
2026-06-22,0.24680546156601313,%,dulieukinhte,D,2026-10-07
2026-06-23,0.2706898610724151,%,dulieukinhte,D,2026-10-07
2026-06-24,0.2826320608255939,%,dulieukinhte,D,2026-10-07
2026-06-25,0.30253572708092147,%,dulieukinhte,D,2026-10-07
2026-06-26,0.2945742605787949,%,dulieukinhte,D,2026-10-07
2026-06-27,0.2945742605787949,%,dulieukinhte,D,2026-10-07
2026-06-29,0.31845866008519685,%,dulieukinhte,D,2026-10-07
2026-06-30,0.33836232634050223,%,dulieukinhte,D,2026-10-07
2026-07-01,0.33836232634050223,%,dulieukinhte,D,2026-10-07
2026-07-02,0.33438159308945004,%,dulieukinhte,D,2026-10-07
2026-07-03,0.32642012658732344,%,dulieukinhte,D,2026-10-07
2026-07-04,0.32642012658732344,%,dulieukinhte,D,2026-10-07
2026-07-06,0.32243939333624905,%,dulieukinhte,D,2026-10-07
2026-07-07,0.32243939333624905,%,dulieukinhte,D,2026-10-07
2026-07-08,0.33836232634050223,%,dulieukinhte,D,2026-10-07
2026-07-09,0.3582659925958298,%,dulieukinhte,D,2026-10-07
2026-07-10,0.3702081923490308,%,dulieukinhte,D,2026-10-07
2026-07-11,0.3702081923490308,%,dulieukinhte,D,2026-10-07
2026-07-13,0.39409259185541057,%,dulieukinhte,D,2026-10-07
2026-07-14,0.41399625811073815,%,dulieukinhte,D,2026-10-07
2026-07-15,0.4458421241192667,%,dulieukinhte,D,2026-10-07
2026-07-16,0.48564945662992187,%,dulieukinhte,D,2026-10-07
2026-07-17,0.5294375223916292,%,dulieukinhte,D,2026-10-07
2026-07-18,0.5294375223916292,%,dulieukinhte,D,2026-10-07
2026-07-20,0.5214760558895026,%,dulieukinhte,D,2026-10-07
2026-07-21,0.553321921898009,%,dulieukinhte,D,2026-10-07
2026-07-22,0.553321921898009,%,dulieukinhte,D,2026-10-07
2026-07-23,0.6010907209107907,%,dulieukinhte,D,2026-10-07
2026-07-24,0.6448787866724981,%,dulieukinhte,D,2026-10-07
2026-07-25,0.6448787866724981,%,dulieukinhte,D,2026-10-07
2026-07-27,0.6846861191831533,%,dulieukinhte,D,2026-10-07
2026-07-28,0.7364356514469872,%,dulieukinhte,D,2026-10-07
2026-07-29,0.7364356514469872,%,dulieukinhte,D,2026-10-07
2026-07-30,0.7921659169618955,%,dulieukinhte,D,2026-10-07
2026-07-31,0.8638191154810793,%,dulieukinhte,D,2026-10-07
2026-08-01,0.8638191154810793,%,dulieukinhte,D,2026-10-07
2026-08-03,0.9434337805023674,%,dulieukinhte,D,2026-10-07
2026-08-04,1.0310099120258043,%,dulieukinhte,D,2026-10-07
2026-08-05,1.13052824330242,%,dulieukinhte,D,2026-10-07
2026-08-06,1.2419887743322366,%,dulieukinhte,D,2026-10-07
2026-08-07,1.36141077186418,%,dulieukinhte,D,2026-10-07
2026-08-08,1.36141077186418,%,dulieukinhte,D,2026-10-07
2026-08-10,1.4728713028939966,%,dulieukinhte,D,2026-10-07
