date,value,unit,source,frequency,vintage_date
2013-03-19,8.934222,%,dulieukinhte,D,2026-10-10
2013-03-20,9.409198,%,dulieukinhte,D,2026-10-10
2013-03-21,9.527319,%,dulieukinhte,D,2026-10-10
2013-03-22,9.999152,%,dulieukinhte,D,2026-10-10
2013-03-25,10.927657,%,dulieukinhte,D,2026-10-10
2013-03-26,10.041469,%,dulieukinhte,D,2026-10-10
2013-03-27,9.913952,%,dulieukinhte,D,2026-10-10
2013-03-28,10.861922,%,dulieukinhte,D,2026-10-10
2013-03-29,11.005812,%,dulieukinhte,D,2026-10-10
2013-04-01,9.26424,%,dulieukinhte,D,2026-10-10
2013-04-02,9.394838,%,dulieukinhte,D,2026-10-10
2013-04-03,10.150841,%,dulieukinhte,D,2026-10-10
2013-04-04,9.349011,%,dulieukinhte,D,2026-10-10
2013-04-05,10.408329,%,dulieukinhte,D,2026-10-10
2013-04-08,9.221338,%,dulieukinhte,D,2026-10-10
2013-04-09,9.202245,%,dulieukinhte,D,2026-10-10
2013-04-10,10.409788,%,dulieukinhte,D,2026-10-10
2013-04-11,9.354698,%,dulieukinhte,D,2026-10-10
2013-04-12,10.14072,%,dulieukinhte,D,2026-10-10
2013-04-15,9.385743,%,dulieukinhte,D,2026-10-10
2013-04-16,9.306973,%,dulieukinhte,D,2026-10-10
2013-04-17,10.633632,%,dulieukinhte,D,2026-10-10
2013-04-18,9.854906,%,dulieukinhte,D,2026-10-10
2013-04-22,9.437361,%,dulieukinhte,D,2026-10-10
2013-04-23,9.725486,%,dulieukinhte,D,2026-10-10
2013-04-24,10.440948,%,dulieukinhte,D,2026-10-10
2013-04-25,9.924758,%,dulieukinhte,D,2026-10-10
2013-04-26,10.326676,%,dulieukinhte,D,2026-10-10
2013-05-02,10.122973,%,dulieukinhte,D,2026-10-10
2013-05-03,9.478973,%,dulieukinhte,D,2026-10-10
2013-05-06,9.419186,%,dulieukinhte,D,2026-10-10
2013-05-07,9.446887,%,dulieukinhte,D,2026-10-10
2013-05-08,10.320542,%,dulieukinhte,D,2026-10-10
2013-05-09,9.521084,%,dulieukinhte,D,2026-10-10
2013-05-10,10.132713,%,dulieukinhte,D,2026-10-10
2013-05-13,9.174127,%,dulieukinhte,D,2026-10-10
2013-05-14,9.233516,%,dulieukinhte,D,2026-10-10
2013-05-15,10.50402,%,dulieukinhte,D,2026-10-10
2013-05-16,10.422753,%,dulieukinhte,D,2026-10-10
2013-05-17,10.412224,%,dulieukinhte,D,2026-10-10
2013-05-20,9.456595,%,dulieukinhte,D,2026-10-10
2013-05-21,10.697939,%,dulieukinhte,D,2026-10-10
2013-05-22,9.728893,%,dulieukinhte,D,2026-10-10
2013-05-23,9.539754,%,dulieukinhte,D,2026-10-10
2013-05-24,10.875009,%,dulieukinhte,D,2026-10-10
2013-05-27,9.455285,%,dulieukinhte,D,2026-10-10
2013-05-28,10.831652,%,dulieukinhte,D,2026-10-10
2013-05-29,10.484308,%,dulieukinhte,D,2026-10-10
2013-05-30,9.870812,%,dulieukinhte,D,2026-10-10
2013-05-31,11.112645,%,dulieukinhte,D,2026-10-10
2013-06-03,9.50799,%,dulieukinhte,D,2026-10-10
2013-06-04,9.461037,%,dulieukinhte,D,2026-10-10
2013-06-05,9.597583,%,dulieukinhte,D,2026-10-10
2013-06-06,10.357009,%,dulieukinhte,D,2026-10-10
2013-06-07,9.552301,%,dulieukinhte,D,2026-10-10
2013-06-10,9.648736,%,dulieukinhte,D,2026-10-10
2013-06-11,10.629422,%,dulieukinhte,D,2026-10-10
2013-06-12,10.24082,%,dulieukinhte,D,2026-10-10
2013-06-13,9.768524,%,dulieukinhte,D,2026-10-10
2013-06-14,10.375366,%,dulieukinhte,D,2026-10-10
2013-06-17,10.433471,%,dulieukinhte,D,2026-10-10
2013-06-18,9.653569,%,dulieukinhte,D,2026-10-10
2013-06-19,9.6859,%,dulieukinhte,D,2026-10-10
2013-06-20,10.483671,%,dulieukinhte,D,2026-10-10
2013-06-21,9.452549,%,dulieukinhte,D,2026-10-10
2013-06-24,9.210788,%,dulieukinhte,D,2026-10-10
2013-06-25,9.666774,%,dulieukinhte,D,2026-10-10
2013-06-26,10.785411,%,dulieukinhte,D,2026-10-10
2013-06-27,8.519478,%,dulieukinhte,D,2026-10-10
2013-06-28,9.323061,%,dulieukinhte,D,2026-10-10
2013-07-01,9.315169,%,dulieukinhte,D,2026-10-10
2013-07-02,8.945812,%,dulieukinhte,D,2026-10-10
2013-07-03,9.293615,%,dulieukinhte,D,2026-10-10
2013-07-04,9.292683,%,dulieukinhte,D,2026-10-10
2013-07-05,9.400131,%,dulieukinhte,D,2026-10-10
2013-07-08,7.965248,%,dulieukinhte,D,2026-10-10
2013-07-09,9.470816,%,dulieukinhte,D,2026-10-10
2013-07-10,9.336327,%,dulieukinhte,D,2026-10-10
2013-07-11,9.404827,%,dulieukinhte,D,2026-10-10
2013-07-12,7.941444,%,dulieukinhte,D,2026-10-10
2013-07-15,8.762083,%,dulieukinhte,D,2026-10-10
2013-07-16,9.726218,%,dulieukinhte,D,2026-10-10
2013-07-17,8.483361,%,dulieukinhte,D,2026-10-10
2013-07-18,9.237373,%,dulieukinhte,D,2026-10-10
2013-07-19,11.113991,%,dulieukinhte,D,2026-10-10
2013-07-22,9.235522,%,dulieukinhte,D,2026-10-10
2013-07-23,11.324581,%,dulieukinhte,D,2026-10-10
2013-07-24,9.574629,%,dulieukinhte,D,2026-10-10
2013-07-25,9.481937,%,dulieukinhte,D,2026-10-10
2013-07-26,8.664431,%,dulieukinhte,D,2026-10-10
2013-07-29,9.467046,%,dulieukinhte,D,2026-10-10
2013-07-30,11.065823,%,dulieukinhte,D,2026-10-10
2013-07-31,9.546645,%,dulieukinhte,D,2026-10-10
2013-08-01,9.493964,%,dulieukinhte,D,2026-10-10
2013-08-02,10.302864,%,dulieukinhte,D,2026-10-10
2013-08-05,11.107232,%,dulieukinhte,D,2026-10-10
2013-08-06,9.465464,%,dulieukinhte,D,2026-10-10
2013-08-07,9.507154,%,dulieukinhte,D,2026-10-10
2013-08-08,9.615087,%,dulieukinhte,D,2026-10-10
2013-08-09,11.256375,%,dulieukinhte,D,2026-10-10
2013-08-12,11.037101,%,dulieukinhte,D,2026-10-10
2013-08-13,9.096972,%,dulieukinhte,D,2026-10-10
2013-08-14,8.532178,%,dulieukinhte,D,2026-10-10
2013-08-15,11.003232,%,dulieukinhte,D,2026-10-10
2013-08-16,9.736127,%,dulieukinhte,D,2026-10-10
2013-08-19,9.473486,%,dulieukinhte,D,2026-10-10
2013-08-20,11.201397,%,dulieukinhte,D,2026-10-10
2013-08-21,11.132147,%,dulieukinhte,D,2026-10-10
2013-08-22,10.925082,%,dulieukinhte,D,2026-10-10
2013-08-23,9.197509,%,dulieukinhte,D,2026-10-10
2013-08-26,8.478611,%,dulieukinhte,D,2026-10-10
2013-08-27,9.314516,%,dulieukinhte,D,2026-10-10
2013-08-28,9.265327,%,dulieukinhte,D,2026-10-10
2013-08-29,8.567968,%,dulieukinhte,D,2026-10-10
2013-08-30,11.174811,%,dulieukinhte,D,2026-10-10
2013-09-03,8.372463,%,dulieukinhte,D,2026-10-10
2013-09-04,11.440474,%,dulieukinhte,D,2026-10-10
2013-09-05,9.729106,%,dulieukinhte,D,2026-10-10
2013-09-06,11.091576,%,dulieukinhte,D,2026-10-10
2013-09-09,9.774821,%,dulieukinhte,D,2026-10-10
2013-09-10,11.038394,%,dulieukinhte,D,2026-10-10
2013-09-11,9.731598,%,dulieukinhte,D,2026-10-10
2013-09-12,9.216627,%,dulieukinhte,D,2026-10-10
2013-09-13,9.511632,%,dulieukinhte,D,2026-10-10
2013-09-16,9.15809,%,dulieukinhte,D,2026-10-10
2013-09-17,9.211866,%,dulieukinhte,D,2026-10-10
2013-09-18,11.137014,%,dulieukinhte,D,2026-10-10
2013-09-19,9.166254,%,dulieukinhte,D,2026-10-10
2013-09-20,11.974592,%,dulieukinhte,D,2026-10-10
2013-09-23,11.121601,%,dulieukinhte,D,2026-10-10
2013-09-24,9.310433,%,dulieukinhte,D,2026-10-10
2013-09-25,9.344908,%,dulieukinhte,D,2026-10-10
2013-09-26,9.615067,%,dulieukinhte,D,2026-10-10
2013-09-27,9.187296,%,dulieukinhte,D,2026-10-10
2013-09-30,9.370214,%,dulieukinhte,D,2026-10-10
2013-10-01,8.510055,%,dulieukinhte,D,2026-10-10
2013-10-02,8.763974,%,dulieukinhte,D,2026-10-10
2013-10-03,9.439811,%,dulieukinhte,D,2026-10-10
2013-10-04,9.412695,%,dulieukinhte,D,2026-10-10
2013-10-07,9.393387,%,dulieukinhte,D,2026-10-10
2013-10-08,9.369761,%,dulieukinhte,D,2026-10-10
2013-10-09,9.038749,%,dulieukinhte,D,2026-10-10
2013-10-10,9.395758,%,dulieukinhte,D,2026-10-10
2013-10-11,9.019098,%,dulieukinhte,D,2026-10-10
2013-10-14,9.075799,%,dulieukinhte,D,2026-10-10
2013-10-15,9.111451,%,dulieukinhte,D,2026-10-10
2013-10-16,9.166678,%,dulieukinhte,D,2026-10-10
2013-10-17,9.176231,%,dulieukinhte,D,2026-10-10
2013-10-18,9.40073,%,dulieukinhte,D,2026-10-10
2013-10-21,9.259203,%,dulieukinhte,D,2026-10-10
2013-10-22,8.807987,%,dulieukinhte,D,2026-10-10
2013-10-23,9.250316,%,dulieukinhte,D,2026-10-10
2013-10-24,9.174433,%,dulieukinhte,D,2026-10-10
2013-10-25,9.162196,%,dulieukinhte,D,2026-10-10
2013-10-28,9.288443,%,dulieukinhte,D,2026-10-10
2013-10-29,9.013135,%,dulieukinhte,D,2026-10-10
2013-10-30,9.123479,%,dulieukinhte,D,2026-10-10
2013-10-31,9.097524,%,dulieukinhte,D,2026-10-10
2013-11-01,9.078821,%,dulieukinhte,D,2026-10-10
2013-11-04,9.378092,%,dulieukinhte,D,2026-10-10
2013-11-05,9.091797,%,dulieukinhte,D,2026-10-10
2013-11-06,9.109478,%,dulieukinhte,D,2026-10-10
2013-11-07,9.021685,%,dulieukinhte,D,2026-10-10
2013-11-08,9.206563,%,dulieukinhte,D,2026-10-10
2013-11-11,9.090849,%,dulieukinhte,D,2026-10-10
2013-11-12,9.24123,%,dulieukinhte,D,2026-10-10
2013-11-13,9.29532,%,dulieukinhte,D,2026-10-10
2013-11-14,9.126201,%,dulieukinhte,D,2026-10-10
2013-11-15,9.252753,%,dulieukinhte,D,2026-10-10
2013-11-18,9.160679,%,dulieukinhte,D,2026-10-10
2013-11-19,9.091288,%,dulieukinhte,D,2026-10-10
2013-11-20,9.119043,%,dulieukinhte,D,2026-10-10
2013-11-21,9.021827,%,dulieukinhte,D,2026-10-10
2013-11-22,9.029732,%,dulieukinhte,D,2026-10-10
2013-11-25,9.142591,%,dulieukinhte,D,2026-10-10
2013-11-26,9.105104,%,dulieukinhte,D,2026-10-10
2013-11-27,9.245358,%,dulieukinhte,D,2026-10-10
2013-11-28,9.180802,%,dulieukinhte,D,2026-10-10
2013-11-29,9.208968,%,dulieukinhte,D,2026-10-10
2013-12-02,9.157105,%,dulieukinhte,D,2026-10-10
2013-12-03,9.240382,%,dulieukinhte,D,2026-10-10
2013-12-04,9.173889,%,dulieukinhte,D,2026-10-10
2013-12-05,9.113877,%,dulieukinhte,D,2026-10-10
2013-12-06,9.079213,%,dulieukinhte,D,2026-10-10
2013-12-09,9.005576,%,dulieukinhte,D,2026-10-10
2013-12-10,8.985458,%,dulieukinhte,D,2026-10-10
2013-12-11,8.8857,%,dulieukinhte,D,2026-10-10
2013-12-12,9.229248,%,dulieukinhte,D,2026-10-10
2013-12-13,9.164234,%,dulieukinhte,D,2026-10-10
2013-12-16,9.078119,%,dulieukinhte,D,2026-10-10
2013-12-17,9.087559,%,dulieukinhte,D,2026-10-10
2013-12-18,9.179296,%,dulieukinhte,D,2026-10-10
2013-12-19,9.139024,%,dulieukinhte,D,2026-10-10
2013-12-20,9.133974,%,dulieukinhte,D,2026-10-10
2013-12-23,9.164387,%,dulieukinhte,D,2026-10-10
2013-12-24,9.175805,%,dulieukinhte,D,2026-10-10
2013-12-25,9.189323,%,dulieukinhte,D,2026-10-10
2013-12-26,8.975072,%,dulieukinhte,D,2026-10-10
2013-12-27,9.166059,%,dulieukinhte,D,2026-10-10
2013-12-30,9.496742,%,dulieukinhte,D,2026-10-10
2013-12-31,9.194843,%,dulieukinhte,D,2026-10-10
2014-01-02,9.148422,%,dulieukinhte,D,2026-10-10
2014-01-03,9.219398,%,dulieukinhte,D,2026-10-10
2014-01-06,9.263347,%,dulieukinhte,D,2026-10-10
2014-01-07,9.261465,%,dulieukinhte,D,2026-10-10
2014-01-08,9.197626,%,dulieukinhte,D,2026-10-10
2014-01-09,9.32691,%,dulieukinhte,D,2026-10-10
2014-01-10,9.260151,%,dulieukinhte,D,2026-10-10
2014-01-13,9.320457,%,dulieukinhte,D,2026-10-10
2014-01-14,9.292818,%,dulieukinhte,D,2026-10-10
2014-01-15,9.275816,%,dulieukinhte,D,2026-10-10
2014-01-16,9.245851,%,dulieukinhte,D,2026-10-10
2014-01-17,9.307959,%,dulieukinhte,D,2026-10-10
2014-01-20,9.323957,%,dulieukinhte,D,2026-10-10
2014-01-21,9.257069,%,dulieukinhte,D,2026-10-10
2014-01-22,9.424262,%,dulieukinhte,D,2026-10-10
2014-01-23,9.280519,%,dulieukinhte,D,2026-10-10
2014-01-24,9.306204,%,dulieukinhte,D,2026-10-10
2014-01-27,9.270887,%,dulieukinhte,D,2026-10-10
2014-02-06,9.327646,%,dulieukinhte,D,2026-10-10
2014-02-07,9.402522,%,dulieukinhte,D,2026-10-10
2014-02-10,9.305884,%,dulieukinhte,D,2026-10-10
2014-02-11,9.510258,%,dulieukinhte,D,2026-10-10
2014-02-12,9.344486,%,dulieukinhte,D,2026-10-10
2014-02-13,9.347407,%,dulieukinhte,D,2026-10-10
2014-02-14,9.34786,%,dulieukinhte,D,2026-10-10
2014-02-17,9.122241,%,dulieukinhte,D,2026-10-10
2014-02-18,9.287143,%,dulieukinhte,D,2026-10-10
2014-02-19,9.03241,%,dulieukinhte,D,2026-10-10
2014-02-20,9.193761,%,dulieukinhte,D,2026-10-10
2014-02-21,9.211824,%,dulieukinhte,D,2026-10-10
2014-02-24,9.258124,%,dulieukinhte,D,2026-10-10
2014-02-25,9.195861,%,dulieukinhte,D,2026-10-10
2014-02-26,9.287988,%,dulieukinhte,D,2026-10-10
2014-02-27,9.246621,%,dulieukinhte,D,2026-10-10
2014-02-28,9.218887,%,dulieukinhte,D,2026-10-10
2014-03-03,9.245459,%,dulieukinhte,D,2026-10-10
2014-03-04,9.281682,%,dulieukinhte,D,2026-10-10
2014-03-05,9.083991,%,dulieukinhte,D,2026-10-10
2014-03-06,9.282011,%,dulieukinhte,D,2026-10-10
2014-03-07,9.251388,%,dulieukinhte,D,2026-10-10
2014-03-10,9.382378,%,dulieukinhte,D,2026-10-10
2014-03-11,9.349749,%,dulieukinhte,D,2026-10-10
2014-03-12,9.24039,%,dulieukinhte,D,2026-10-10
2014-03-13,9.385274,%,dulieukinhte,D,2026-10-10
2014-03-14,9.404486,%,dulieukinhte,D,2026-10-10
2014-03-17,9.323798,%,dulieukinhte,D,2026-10-10
2014-03-18,9.319917,%,dulieukinhte,D,2026-10-10
2014-03-19,9.421665,%,dulieukinhte,D,2026-10-10
2014-03-20,9.257138,%,dulieukinhte,D,2026-10-10
2014-03-21,9.2844,%,dulieukinhte,D,2026-10-10
2014-03-24,9.307789,%,dulieukinhte,D,2026-10-10
2014-03-25,9.350232,%,dulieukinhte,D,2026-10-10
2014-03-26,9.336544,%,dulieukinhte,D,2026-10-10
2014-03-27,9.390225,%,dulieukinhte,D,2026-10-10
2014-03-28,9.405383,%,dulieukinhte,D,2026-10-10
2014-03-31,9.30592,%,dulieukinhte,D,2026-10-10
2014-04-01,9.335754,%,dulieukinhte,D,2026-10-10
2014-04-02,9.284281,%,dulieukinhte,D,2026-10-10
2014-04-03,9.296372,%,dulieukinhte,D,2026-10-10
2014-04-04,9.332804,%,dulieukinhte,D,2026-10-10
2014-04-07,9.229204,%,dulieukinhte,D,2026-10-10
2014-04-08,9.231303,%,dulieukinhte,D,2026-10-10
2014-04-10,9.296226,%,dulieukinhte,D,2026-10-10
2014-04-11,9.278132,%,dulieukinhte,D,2026-10-10
2014-04-14,9.313086,%,dulieukinhte,D,2026-10-10
2014-04-15,9.266281,%,dulieukinhte,D,2026-10-10
2014-04-16,9.230893,%,dulieukinhte,D,2026-10-10
2014-04-17,9.250096,%,dulieukinhte,D,2026-10-10
2014-04-18,9.302445,%,dulieukinhte,D,2026-10-10
2014-04-21,9.347957,%,dulieukinhte,D,2026-10-10
2014-04-22,9.286401,%,dulieukinhte,D,2026-10-10
2014-04-23,9.295912,%,dulieukinhte,D,2026-10-10
2014-04-24,9.277933,%,dulieukinhte,D,2026-10-10
2014-04-25,9.302679,%,dulieukinhte,D,2026-10-10
2014-04-28,9.253502,%,dulieukinhte,D,2026-10-10
2014-04-29,9.218287,%,dulieukinhte,D,2026-10-10
2014-05-05,9.305052,%,dulieukinhte,D,2026-10-10
2014-05-06,9.257218,%,dulieukinhte,D,2026-10-10
2014-05-07,9.162578,%,dulieukinhte,D,2026-10-10
2014-05-08,9.227679,%,dulieukinhte,D,2026-10-10
2014-05-09,9.349464,%,dulieukinhte,D,2026-10-10
2014-05-12,9.169569,%,dulieukinhte,D,2026-10-10
2014-05-13,9.266178,%,dulieukinhte,D,2026-10-10
2014-05-14,9.261995,%,dulieukinhte,D,2026-10-10
2014-05-15,9.284572,%,dulieukinhte,D,2026-10-10
2014-05-16,9.230988,%,dulieukinhte,D,2026-10-10
2014-05-19,9.379806,%,dulieukinhte,D,2026-10-10
2014-05-20,9.31637,%,dulieukinhte,D,2026-10-10
2014-05-21,9.215916,%,dulieukinhte,D,2026-10-10
2014-05-22,9.260635,%,dulieukinhte,D,2026-10-10
2014-05-23,9.264085,%,dulieukinhte,D,2026-10-10
2014-05-26,9.157315,%,dulieukinhte,D,2026-10-10
2014-05-27,9.043256,%,dulieukinhte,D,2026-10-10
2014-05-28,9.144772,%,dulieukinhte,D,2026-10-10
2014-05-29,9.174832,%,dulieukinhte,D,2026-10-10
2014-05-30,9.080764,%,dulieukinhte,D,2026-10-10
2014-06-02,9.165038,%,dulieukinhte,D,2026-10-10
2014-06-03,9.119455,%,dulieukinhte,D,2026-10-10
2014-06-04,9.273339,%,dulieukinhte,D,2026-10-10
2014-06-05,9.231964,%,dulieukinhte,D,2026-10-10
2014-06-06,9.218235,%,dulieukinhte,D,2026-10-10
2014-06-09,9.268838,%,dulieukinhte,D,2026-10-10
2014-06-10,9.251253,%,dulieukinhte,D,2026-10-10
2014-06-11,9.258725,%,dulieukinhte,D,2026-10-10
2014-06-12,9.230386,%,dulieukinhte,D,2026-10-10
2014-06-13,9.23771,%,dulieukinhte,D,2026-10-10
2014-06-16,9.283153,%,dulieukinhte,D,2026-10-10
2014-06-17,9.267914,%,dulieukinhte,D,2026-10-10
2014-06-18,9.245002,%,dulieukinhte,D,2026-10-10
2014-06-19,9.199468,%,dulieukinhte,D,2026-10-10
2014-06-20,9.222302,%,dulieukinhte,D,2026-10-10
2014-06-23,9.202085,%,dulieukinhte,D,2026-10-10
2014-06-24,9.267136,%,dulieukinhte,D,2026-10-10
2014-06-25,9.25114,%,dulieukinhte,D,2026-10-10
2014-06-26,9.282312,%,dulieukinhte,D,2026-10-10
2014-06-27,9.344884,%,dulieukinhte,D,2026-10-10
2014-06-30,9.178584,%,dulieukinhte,D,2026-10-10
2014-07-01,9.240983,%,dulieukinhte,D,2026-10-10
2014-07-02,9.184034,%,dulieukinhte,D,2026-10-10
2014-07-03,9.193026,%,dulieukinhte,D,2026-10-10
2014-07-04,9.128558,%,dulieukinhte,D,2026-10-10
2014-07-07,9.127432,%,dulieukinhte,D,2026-10-10
2014-07-08,9.174812,%,dulieukinhte,D,2026-10-10
2014-07-09,9.050684,%,dulieukinhte,D,2026-10-10
2014-07-10,9.105164,%,dulieukinhte,D,2026-10-10
2014-07-11,9.135179,%,dulieukinhte,D,2026-10-10
2014-07-14,9.124585,%,dulieukinhte,D,2026-10-10
2014-07-15,9.089273,%,dulieukinhte,D,2026-10-10
2014-07-16,9.093214,%,dulieukinhte,D,2026-10-10
2014-07-17,9.20733,%,dulieukinhte,D,2026-10-10
2014-07-18,9.114426,%,dulieukinhte,D,2026-10-10
2014-07-21,9.089882,%,dulieukinhte,D,2026-10-10
2014-07-22,9.173874,%,dulieukinhte,D,2026-10-10
2014-07-23,9.446861,%,dulieukinhte,D,2026-10-10
2014-07-24,9.173111,%,dulieukinhte,D,2026-10-10
2014-07-25,9.101825,%,dulieukinhte,D,2026-10-10
2014-07-28,9.114285,%,dulieukinhte,D,2026-10-10
2014-07-29,9.125372,%,dulieukinhte,D,2026-10-10
2014-07-30,9.138509,%,dulieukinhte,D,2026-10-10
2014-07-31,8.945871,%,dulieukinhte,D,2026-10-10
2014-08-01,8.938202,%,dulieukinhte,D,2026-10-10
2014-08-04,9.001365,%,dulieukinhte,D,2026-10-10
2014-08-05,9.045516,%,dulieukinhte,D,2026-10-10
2014-08-06,8.815743,%,dulieukinhte,D,2026-10-10
2014-08-07,8.856606,%,dulieukinhte,D,2026-10-10
2014-08-08,8.747525,%,dulieukinhte,D,2026-10-10
2014-08-11,8.600897,%,dulieukinhte,D,2026-10-10
2014-08-12,8.515346,%,dulieukinhte,D,2026-10-10
2014-08-13,8.563837,%,dulieukinhte,D,2026-10-10
2014-08-14,8.572919,%,dulieukinhte,D,2026-10-10
2014-08-15,8.608142,%,dulieukinhte,D,2026-10-10
2014-08-18,8.553486,%,dulieukinhte,D,2026-10-10
2014-08-19,8.510607,%,dulieukinhte,D,2026-10-10
2014-08-20,8.590972,%,dulieukinhte,D,2026-10-10
2014-08-21,8.816376,%,dulieukinhte,D,2026-10-10
2014-08-22,8.589115,%,dulieukinhte,D,2026-10-10
2014-08-25,8.567394,%,dulieukinhte,D,2026-10-10
2014-08-26,8.465972,%,dulieukinhte,D,2026-10-10
2014-08-27,8.417573,%,dulieukinhte,D,2026-10-10
2014-08-28,8.388781,%,dulieukinhte,D,2026-10-10
2014-08-29,8.538538,%,dulieukinhte,D,2026-10-10
2014-09-03,8.41212,%,dulieukinhte,D,2026-10-10
2014-09-04,8.38789,%,dulieukinhte,D,2026-10-10
2014-09-05,8.284295,%,dulieukinhte,D,2026-10-10
2014-09-08,8.194304,%,dulieukinhte,D,2026-10-10
2014-09-09,8.271065,%,dulieukinhte,D,2026-10-10
2014-09-10,8.213083,%,dulieukinhte,D,2026-10-10
2014-09-11,7.98763,%,dulieukinhte,D,2026-10-10
2014-09-12,7.943311,%,dulieukinhte,D,2026-10-10
2014-09-15,7.613214,%,dulieukinhte,D,2026-10-10
2014-09-16,7.57019,%,dulieukinhte,D,2026-10-10
2014-09-17,7.674783,%,dulieukinhte,D,2026-10-10
2014-09-18,7.616455,%,dulieukinhte,D,2026-10-10
2014-09-19,7.708543,%,dulieukinhte,D,2026-10-10
2014-09-22,7.610072,%,dulieukinhte,D,2026-10-10
2014-09-23,7.471889,%,dulieukinhte,D,2026-10-10
2014-09-24,7.283184,%,dulieukinhte,D,2026-10-10
2014-09-25,7.162089,%,dulieukinhte,D,2026-10-10
2014-09-26,7.331579,%,dulieukinhte,D,2026-10-10
2014-09-29,7.139,%,dulieukinhte,D,2026-10-10
2014-09-30,7.002353,%,dulieukinhte,D,2026-10-10
2014-10-01,6.964578,%,dulieukinhte,D,2026-10-10
2014-10-02,6.922974,%,dulieukinhte,D,2026-10-10
2014-10-03,6.805308,%,dulieukinhte,D,2026-10-10
2014-10-06,6.492761,%,dulieukinhte,D,2026-10-10
2014-10-07,6.404627,%,dulieukinhte,D,2026-10-10
2014-10-08,6.385925,%,dulieukinhte,D,2026-10-10
2014-10-09,6.395704,%,dulieukinhte,D,2026-10-10
2014-10-10,6.366453,%,dulieukinhte,D,2026-10-10
2014-10-13,6.35436,%,dulieukinhte,D,2026-10-10
2014-10-14,6.439792,%,dulieukinhte,D,2026-10-10
2014-10-15,6.532015,%,dulieukinhte,D,2026-10-10
2014-10-16,6.484356,%,dulieukinhte,D,2026-10-10
2014-10-17,6.603068,%,dulieukinhte,D,2026-10-10
2014-10-20,6.629492,%,dulieukinhte,D,2026-10-10
2014-10-21,6.656604,%,dulieukinhte,D,2026-10-10
2014-10-22,6.64868,%,dulieukinhte,D,2026-10-10
2014-10-23,6.697994,%,dulieukinhte,D,2026-10-10
2014-10-24,6.665926,%,dulieukinhte,D,2026-10-10
2014-10-27,6.704052,%,dulieukinhte,D,2026-10-10
2014-10-28,6.773425,%,dulieukinhte,D,2026-10-10
2014-10-29,6.781996,%,dulieukinhte,D,2026-10-10
2014-10-30,6.753079,%,dulieukinhte,D,2026-10-10
2014-10-31,6.737235,%,dulieukinhte,D,2026-10-10
2014-11-03,6.716942,%,dulieukinhte,D,2026-10-10
2014-11-04,6.748108,%,dulieukinhte,D,2026-10-10
2014-11-05,6.758432,%,dulieukinhte,D,2026-10-10
2014-11-06,6.743937,%,dulieukinhte,D,2026-10-10
2014-11-07,6.759962,%,dulieukinhte,D,2026-10-10
2014-11-10,6.824877,%,dulieukinhte,D,2026-10-10
2014-11-11,6.843231,%,dulieukinhte,D,2026-10-10
2014-11-12,6.824458,%,dulieukinhte,D,2026-10-10
2014-11-13,6.811018,%,dulieukinhte,D,2026-10-10
2014-11-14,6.915503,%,dulieukinhte,D,2026-10-10
2014-11-17,6.954655,%,dulieukinhte,D,2026-10-10
2014-11-18,7.077005,%,dulieukinhte,D,2026-10-10
2014-11-19,7.142225,%,dulieukinhte,D,2026-10-10
2014-11-20,7.215223,%,dulieukinhte,D,2026-10-10
2014-11-21,7.199152,%,dulieukinhte,D,2026-10-10
2014-11-24,7.194726,%,dulieukinhte,D,2026-10-10
2014-11-25,7.192144,%,dulieukinhte,D,2026-10-10
2014-11-26,7.263314,%,dulieukinhte,D,2026-10-10
2014-11-27,7.324847,%,dulieukinhte,D,2026-10-10
2014-11-28,7.342094,%,dulieukinhte,D,2026-10-10
2014-12-01,7.3476,%,dulieukinhte,D,2026-10-10
2014-12-02,7.417971,%,dulieukinhte,D,2026-10-10
2014-12-03,7.470443,%,dulieukinhte,D,2026-10-10
2014-12-04,7.502132,%,dulieukinhte,D,2026-10-10
2014-12-05,7.449447,%,dulieukinhte,D,2026-10-10
2014-12-08,7.498228,%,dulieukinhte,D,2026-10-10
2014-12-09,7.53142,%,dulieukinhte,D,2026-10-10
2014-12-10,7.521975,%,dulieukinhte,D,2026-10-10
2014-12-11,7.574882,%,dulieukinhte,D,2026-10-10
2014-12-12,7.457782,%,dulieukinhte,D,2026-10-10
2014-12-15,7.552611,%,dulieukinhte,D,2026-10-10
2014-12-16,7.564823,%,dulieukinhte,D,2026-10-10
2014-12-17,7.609141,%,dulieukinhte,D,2026-10-10
2014-12-18,7.598001,%,dulieukinhte,D,2026-10-10
2014-12-19,7.676159,%,dulieukinhte,D,2026-10-10
2014-12-22,7.615836,%,dulieukinhte,D,2026-10-10
2014-12-23,7.605028,%,dulieukinhte,D,2026-10-10
2014-12-24,7.598949,%,dulieukinhte,D,2026-10-10
2014-12-25,7.618696,%,dulieukinhte,D,2026-10-10
2014-12-26,7.622069,%,dulieukinhte,D,2026-10-10
2014-12-29,7.691275,%,dulieukinhte,D,2026-10-10
2014-12-30,7.577986,%,dulieukinhte,D,2026-10-10
2014-12-31,7.631272,%,dulieukinhte,D,2026-10-10
2015-01-05,7.582585,%,dulieukinhte,D,2026-10-10
2015-01-06,7.634037,%,dulieukinhte,D,2026-10-10
2015-01-07,7.566137,%,dulieukinhte,D,2026-10-10
2015-01-08,7.537199,%,dulieukinhte,D,2026-10-10
2015-01-09,7.564062,%,dulieukinhte,D,2026-10-10
2015-01-12,7.537464,%,dulieukinhte,D,2026-10-10
2015-01-13,7.603437,%,dulieukinhte,D,2026-10-10
2015-01-14,7.4915,%,dulieukinhte,D,2026-10-10
2015-01-15,7.453952,%,dulieukinhte,D,2026-10-10
2015-01-16,7.591165,%,dulieukinhte,D,2026-10-10
2015-01-19,7.443882,%,dulieukinhte,D,2026-10-10
2015-01-20,7.501399,%,dulieukinhte,D,2026-10-10
2015-01-21,7.476248,%,dulieukinhte,D,2026-10-10
2015-01-22,7.58834,%,dulieukinhte,D,2026-10-10
2015-01-23,7.57975,%,dulieukinhte,D,2026-10-10
2015-01-26,7.57717,%,dulieukinhte,D,2026-10-10
2015-01-27,7.474754,%,dulieukinhte,D,2026-10-10
2015-01-28,7.422288,%,dulieukinhte,D,2026-10-10
2015-01-29,7.369029,%,dulieukinhte,D,2026-10-10
2015-01-30,7.171969,%,dulieukinhte,D,2026-10-10
2015-02-02,7.199401,%,dulieukinhte,D,2026-10-10
2015-02-03,7.118174,%,dulieukinhte,D,2026-10-10
2015-02-04,7.049835,%,dulieukinhte,D,2026-10-10
2015-02-05,7.168282,%,dulieukinhte,D,2026-10-10
2015-02-06,7.084602,%,dulieukinhte,D,2026-10-10
2015-02-09,7.206399,%,dulieukinhte,D,2026-10-10
2015-02-10,7.183467,%,dulieukinhte,D,2026-10-10
2015-02-11,7.022582,%,dulieukinhte,D,2026-10-10
2015-02-12,7.169499,%,dulieukinhte,D,2026-10-10
2015-02-13,6.993215,%,dulieukinhte,D,2026-10-10
2015-02-24,6.972693,%,dulieukinhte,D,2026-10-10
2015-02-25,6.974895,%,dulieukinhte,D,2026-10-10
2015-02-26,7.039411,%,dulieukinhte,D,2026-10-10
2015-02-27,6.932774,%,dulieukinhte,D,2026-10-10
2015-03-02,7.002264,%,dulieukinhte,D,2026-10-10
2015-03-03,6.968566,%,dulieukinhte,D,2026-10-10
2015-03-04,6.85544,%,dulieukinhte,D,2026-10-10
2015-03-05,6.864241,%,dulieukinhte,D,2026-10-10
2015-03-06,6.981084,%,dulieukinhte,D,2026-10-10
2015-03-09,6.941118,%,dulieukinhte,D,2026-10-10
2015-03-10,6.842146,%,dulieukinhte,D,2026-10-10
2015-03-11,6.821757,%,dulieukinhte,D,2026-10-10
2015-03-12,6.838898,%,dulieukinhte,D,2026-10-10
2015-03-13,6.802375,%,dulieukinhte,D,2026-10-10
2015-03-16,6.850101,%,dulieukinhte,D,2026-10-10
2015-03-17,6.766354,%,dulieukinhte,D,2026-10-10
2015-03-18,6.991161,%,dulieukinhte,D,2026-10-10
2015-03-19,6.868763,%,dulieukinhte,D,2026-10-10
2015-03-20,6.883755,%,dulieukinhte,D,2026-10-10
2015-03-23,6.863889,%,dulieukinhte,D,2026-10-10
2015-03-24,6.816615,%,dulieukinhte,D,2026-10-10
2015-03-25,6.846573,%,dulieukinhte,D,2026-10-10
2015-03-26,6.845347,%,dulieukinhte,D,2026-10-10
2015-03-27,6.854311,%,dulieukinhte,D,2026-10-10
2015-03-30,6.980094,%,dulieukinhte,D,2026-10-10
2015-03-31,6.845129,%,dulieukinhte,D,2026-10-10
2015-04-01,6.879524,%,dulieukinhte,D,2026-10-10
2015-04-02,6.856803,%,dulieukinhte,D,2026-10-10
2015-04-03,6.824762,%,dulieukinhte,D,2026-10-10
2015-04-06,6.853902,%,dulieukinhte,D,2026-10-10
2015-04-07,6.837077,%,dulieukinhte,D,2026-10-10
2015-04-08,6.848519,%,dulieukinhte,D,2026-10-10
2015-04-09,6.823839,%,dulieukinhte,D,2026-10-10
2015-04-10,6.887488,%,dulieukinhte,D,2026-10-10
2015-04-13,6.928033,%,dulieukinhte,D,2026-10-10
2015-04-14,6.984448,%,dulieukinhte,D,2026-10-10
2015-04-15,6.968933,%,dulieukinhte,D,2026-10-10
2015-04-16,6.896385,%,dulieukinhte,D,2026-10-10
2015-04-17,6.995075,%,dulieukinhte,D,2026-10-10
2015-04-20,6.898701,%,dulieukinhte,D,2026-10-10
2015-04-21,7.05187,%,dulieukinhte,D,2026-10-10
2015-04-22,7.08988,%,dulieukinhte,D,2026-10-10
2015-04-23,6.972823,%,dulieukinhte,D,2026-10-10
2015-04-24,6.988306,%,dulieukinhte,D,2026-10-10
2015-04-27,6.928753,%,dulieukinhte,D,2026-10-10
2015-05-04,6.862422,%,dulieukinhte,D,2026-10-10
2015-05-05,6.907407,%,dulieukinhte,D,2026-10-10
2015-05-06,6.976536,%,dulieukinhte,D,2026-10-10
2015-05-07,6.997637,%,dulieukinhte,D,2026-10-10
2015-05-08,6.985345,%,dulieukinhte,D,2026-10-10
2015-05-11,6.990461,%,dulieukinhte,D,2026-10-10
2015-05-12,6.919602,%,dulieukinhte,D,2026-10-10
2015-05-13,6.83407,%,dulieukinhte,D,2026-10-10
2015-05-14,6.888057,%,dulieukinhte,D,2026-10-10
2015-05-15,6.916626,%,dulieukinhte,D,2026-10-10
2015-05-18,6.930898,%,dulieukinhte,D,2026-10-10
2015-05-19,7.110099,%,dulieukinhte,D,2026-10-10
2015-05-20,7.127817,%,dulieukinhte,D,2026-10-10
2015-05-21,7.122837,%,dulieukinhte,D,2026-10-10
2015-05-22,7.144098,%,dulieukinhte,D,2026-10-10
2015-05-25,6.895278,%,dulieukinhte,D,2026-10-10
2015-05-26,6.974758,%,dulieukinhte,D,2026-10-10
2015-05-27,7.148374,%,dulieukinhte,D,2026-10-10
2015-05-28,7.176713,%,dulieukinhte,D,2026-10-10
2015-05-29,7.200254,%,dulieukinhte,D,2026-10-10
2015-06-01,7.110882,%,dulieukinhte,D,2026-10-10
2015-06-02,7.156323,%,dulieukinhte,D,2026-10-10
2015-06-03,6.97251,%,dulieukinhte,D,2026-10-10
2015-06-04,7.24027,%,dulieukinhte,D,2026-10-10
2015-06-05,7.205493,%,dulieukinhte,D,2026-10-10
2015-06-08,6.977137,%,dulieukinhte,D,2026-10-10
2015-06-09,7.233174,%,dulieukinhte,D,2026-10-10
2015-06-10,7.252286,%,dulieukinhte,D,2026-10-10
2015-06-11,7.216801,%,dulieukinhte,D,2026-10-10
2015-06-12,7.07314,%,dulieukinhte,D,2026-10-10
2015-06-15,7.343402,%,dulieukinhte,D,2026-10-10
2015-06-16,7.12979,%,dulieukinhte,D,2026-10-10
2015-06-17,7.167292,%,dulieukinhte,D,2026-10-10
2015-06-18,7.188347,%,dulieukinhte,D,2026-10-10
2015-06-19,7.143102,%,dulieukinhte,D,2026-10-10
2015-06-22,7.179943,%,dulieukinhte,D,2026-10-10
2015-06-23,7.197591,%,dulieukinhte,D,2026-10-10
2015-06-24,7.473226,%,dulieukinhte,D,2026-10-10
2015-06-25,7.444261,%,dulieukinhte,D,2026-10-10
2015-06-26,7.144136,%,dulieukinhte,D,2026-10-10
2015-06-29,7.161766,%,dulieukinhte,D,2026-10-10
2015-06-30,7.451142,%,dulieukinhte,D,2026-10-10
2015-07-01,7.156713,%,dulieukinhte,D,2026-10-10
2015-07-02,7.213107,%,dulieukinhte,D,2026-10-10
2015-07-03,7.427305,%,dulieukinhte,D,2026-10-10
2015-07-06,7.463615,%,dulieukinhte,D,2026-10-10
2015-07-07,7.242639,%,dulieukinhte,D,2026-10-10
2015-07-08,7.202135,%,dulieukinhte,D,2026-10-10
2015-07-09,7.191756,%,dulieukinhte,D,2026-10-10
2015-07-10,7.268775,%,dulieukinhte,D,2026-10-10
2015-07-13,7.25489,%,dulieukinhte,D,2026-10-10
2015-07-14,7.25697,%,dulieukinhte,D,2026-10-10
2015-07-15,7.292963,%,dulieukinhte,D,2026-10-10
2015-07-16,7.217039,%,dulieukinhte,D,2026-10-10
2015-07-17,7.206177,%,dulieukinhte,D,2026-10-10
2015-07-20,7.40543,%,dulieukinhte,D,2026-10-10
2015-07-21,7.188385,%,dulieukinhte,D,2026-10-10
2015-07-22,7.289104,%,dulieukinhte,D,2026-10-10
2015-07-23,7.279146,%,dulieukinhte,D,2026-10-10
2015-07-24,7.215669,%,dulieukinhte,D,2026-10-10
2015-07-27,7.245714,%,dulieukinhte,D,2026-10-10
2015-07-28,7.215653,%,dulieukinhte,D,2026-10-10
2015-07-29,7.338011,%,dulieukinhte,D,2026-10-10
2015-07-30,7.245023,%,dulieukinhte,D,2026-10-10
2015-07-31,7.279321,%,dulieukinhte,D,2026-10-10
2015-08-03,7.225583,%,dulieukinhte,D,2026-10-10
2015-08-04,7.303121,%,dulieukinhte,D,2026-10-10
2015-08-05,7.124281,%,dulieukinhte,D,2026-10-10
2015-08-06,7.237481,%,dulieukinhte,D,2026-10-10
2015-08-07,7.23391,%,dulieukinhte,D,2026-10-10
2015-08-10,7.296398,%,dulieukinhte,D,2026-10-10
2015-08-11,7.234614,%,dulieukinhte,D,2026-10-10
2015-08-12,7.309345,%,dulieukinhte,D,2026-10-10
2015-08-13,7.54492,%,dulieukinhte,D,2026-10-10
2015-08-14,7.299209,%,dulieukinhte,D,2026-10-10
2015-08-17,7.387633,%,dulieukinhte,D,2026-10-10
2015-08-18,7.584759,%,dulieukinhte,D,2026-10-10
2015-08-19,7.570187,%,dulieukinhte,D,2026-10-10
2015-08-20,7.583051,%,dulieukinhte,D,2026-10-10
2015-08-21,7.648145,%,dulieukinhte,D,2026-10-10
2015-08-24,7.596275,%,dulieukinhte,D,2026-10-10
2015-08-25,7.628226,%,dulieukinhte,D,2026-10-10
2015-08-26,7.607638,%,dulieukinhte,D,2026-10-10
2015-08-27,7.560038,%,dulieukinhte,D,2026-10-10
2015-08-28,7.521412,%,dulieukinhte,D,2026-10-10
2015-08-31,7.587664,%,dulieukinhte,D,2026-10-10
2015-09-01,7.614705,%,dulieukinhte,D,2026-10-10
2015-09-03,7.550964,%,dulieukinhte,D,2026-10-10
2015-09-04,7.665599,%,dulieukinhte,D,2026-10-10
2015-09-07,7.488072,%,dulieukinhte,D,2026-10-10
2015-09-08,7.592886,%,dulieukinhte,D,2026-10-10
2015-09-09,7.56375,%,dulieukinhte,D,2026-10-10
2015-09-10,7.585596,%,dulieukinhte,D,2026-10-10
2015-09-11,7.545857,%,dulieukinhte,D,2026-10-10
2015-09-14,7.59173,%,dulieukinhte,D,2026-10-10
2015-09-15,7.54855,%,dulieukinhte,D,2026-10-10
2015-09-16,7.563541,%,dulieukinhte,D,2026-10-10
2015-09-17,7.544997,%,dulieukinhte,D,2026-10-10
2015-09-18,7.386491,%,dulieukinhte,D,2026-10-10
2015-09-21,7.655722,%,dulieukinhte,D,2026-10-10
2015-09-22,7.513969,%,dulieukinhte,D,2026-10-10
2015-09-23,7.619626,%,dulieukinhte,D,2026-10-10
2015-09-24,7.626182,%,dulieukinhte,D,2026-10-10
2015-09-25,7.637728,%,dulieukinhte,D,2026-10-10
2015-09-28,7.672041,%,dulieukinhte,D,2026-10-10
2015-09-29,7.612405,%,dulieukinhte,D,2026-10-10
2015-09-30,7.690562,%,dulieukinhte,D,2026-10-10
2015-10-01,7.661378,%,dulieukinhte,D,2026-10-10
2015-10-02,7.65702,%,dulieukinhte,D,2026-10-10
2015-10-05,7.537874,%,dulieukinhte,D,2026-10-10
2015-10-06,7.621262,%,dulieukinhte,D,2026-10-10
2015-10-07,7.628247,%,dulieukinhte,D,2026-10-10
2015-10-08,7.637041,%,dulieukinhte,D,2026-10-10
2015-10-09,7.411626,%,dulieukinhte,D,2026-10-10
2015-10-12,7.605526,%,dulieukinhte,D,2026-10-10
2015-10-13,7.563822,%,dulieukinhte,D,2026-10-10
2015-10-14,7.594574,%,dulieukinhte,D,2026-10-10
2015-10-15,7.660296,%,dulieukinhte,D,2026-10-10
2015-10-16,7.557152,%,dulieukinhte,D,2026-10-10
2015-10-19,7.715956,%,dulieukinhte,D,2026-10-10
2015-10-20,7.644923,%,dulieukinhte,D,2026-10-10
2015-10-21,7.608124,%,dulieukinhte,D,2026-10-10
2015-10-22,7.646594,%,dulieukinhte,D,2026-10-10
2015-10-23,7.596489,%,dulieukinhte,D,2026-10-10
2015-10-26,7.458655,%,dulieukinhte,D,2026-10-10
2015-10-27,7.555439,%,dulieukinhte,D,2026-10-10
2015-10-28,7.650671,%,dulieukinhte,D,2026-10-10
2015-10-29,7.552549,%,dulieukinhte,D,2026-10-10
2015-10-30,7.678384,%,dulieukinhte,D,2026-10-10
2015-11-02,7.696719,%,dulieukinhte,D,2026-10-10
2015-11-03,7.623557,%,dulieukinhte,D,2026-10-10
2015-11-04,7.655326,%,dulieukinhte,D,2026-10-10
2015-11-05,7.575122,%,dulieukinhte,D,2026-10-10
2015-11-06,7.70883,%,dulieukinhte,D,2026-10-10
2015-11-09,7.68034,%,dulieukinhte,D,2026-10-10
2015-11-10,7.680648,%,dulieukinhte,D,2026-10-10
2015-11-11,7.314215,%,dulieukinhte,D,2026-10-10
2015-11-12,7.606487,%,dulieukinhte,D,2026-10-10
2015-11-13,7.587478,%,dulieukinhte,D,2026-10-10
2015-11-16,7.628164,%,dulieukinhte,D,2026-10-10
2015-11-17,7.719874,%,dulieukinhte,D,2026-10-10
2015-11-18,7.703899,%,dulieukinhte,D,2026-10-10
2015-11-19,7.561835,%,dulieukinhte,D,2026-10-10
2015-11-20,7.651857,%,dulieukinhte,D,2026-10-10
2015-11-23,7.672861,%,dulieukinhte,D,2026-10-10
2015-11-24,7.621084,%,dulieukinhte,D,2026-10-10
2015-11-25,7.687882,%,dulieukinhte,D,2026-10-10
2015-11-26,7.4907,%,dulieukinhte,D,2026-10-10
2015-11-27,7.577459,%,dulieukinhte,D,2026-10-10
2015-11-30,7.506535,%,dulieukinhte,D,2026-10-10
2015-12-01,7.679525,%,dulieukinhte,D,2026-10-10
2015-12-02,7.549044,%,dulieukinhte,D,2026-10-10
2015-12-03,7.599961,%,dulieukinhte,D,2026-10-10
2015-12-04,7.704833,%,dulieukinhte,D,2026-10-10
2015-12-07,7.671978,%,dulieukinhte,D,2026-10-10
2015-12-08,7.691805,%,dulieukinhte,D,2026-10-10
2015-12-09,7.538935,%,dulieukinhte,D,2026-10-10
2015-12-10,7.591067,%,dulieukinhte,D,2026-10-10
2015-12-11,7.585354,%,dulieukinhte,D,2026-10-10
2015-12-14,7.6776,%,dulieukinhte,D,2026-10-10
2015-12-15,7.489217,%,dulieukinhte,D,2026-10-10
2015-12-16,7.514249,%,dulieukinhte,D,2026-10-10
2015-12-17,7.802819,%,dulieukinhte,D,2026-10-10
2015-12-18,7.63885,%,dulieukinhte,D,2026-10-10
2015-12-21,7.506419,%,dulieukinhte,D,2026-10-10
2015-12-22,7.559751,%,dulieukinhte,D,2026-10-10
2015-12-23,7.56728,%,dulieukinhte,D,2026-10-10
2015-12-24,7.67216,%,dulieukinhte,D,2026-10-10
2015-12-25,7.544821,%,dulieukinhte,D,2026-10-10
2015-12-28,7.531036,%,dulieukinhte,D,2026-10-10
2015-12-29,7.591975,%,dulieukinhte,D,2026-10-10
2015-12-30,7.523351,%,dulieukinhte,D,2026-10-10
2015-12-31,7.567403,%,dulieukinhte,D,2026-10-10
2016-01-04,7.602358,%,dulieukinhte,D,2026-10-10
2016-01-05,7.528766,%,dulieukinhte,D,2026-10-10
2016-01-06,7.630364,%,dulieukinhte,D,2026-10-10
2016-01-07,7.53607,%,dulieukinhte,D,2026-10-10
2016-01-08,7.543223,%,dulieukinhte,D,2026-10-10
2016-01-11,7.535044,%,dulieukinhte,D,2026-10-10
2016-01-12,7.597877,%,dulieukinhte,D,2026-10-10
2016-01-13,7.588894,%,dulieukinhte,D,2026-10-10
2016-01-14,7.701694,%,dulieukinhte,D,2026-10-10
2016-01-15,7.643943,%,dulieukinhte,D,2026-10-10
2016-01-18,7.705979,%,dulieukinhte,D,2026-10-10
2016-01-19,7.655457,%,dulieukinhte,D,2026-10-10
2016-01-20,7.602437,%,dulieukinhte,D,2026-10-10
2016-01-21,7.526536,%,dulieukinhte,D,2026-10-10
2016-01-22,7.570007,%,dulieukinhte,D,2026-10-10
2016-01-25,7.58921,%,dulieukinhte,D,2026-10-10
2016-01-26,7.517252,%,dulieukinhte,D,2026-10-10
2016-01-27,7.54825,%,dulieukinhte,D,2026-10-10
2016-01-28,7.564111,%,dulieukinhte,D,2026-10-10
2016-01-29,7.671024,%,dulieukinhte,D,2026-10-10
2016-02-01,7.603593,%,dulieukinhte,D,2026-10-10
2016-02-02,7.546563,%,dulieukinhte,D,2026-10-10
2016-02-03,7.591971,%,dulieukinhte,D,2026-10-10
2016-02-04,7.529024,%,dulieukinhte,D,2026-10-10
2016-02-05,7.541844,%,dulieukinhte,D,2026-10-10
2016-02-15,7.394828,%,dulieukinhte,D,2026-10-10
2016-02-16,7.607273,%,dulieukinhte,D,2026-10-10
2016-02-17,7.62937,%,dulieukinhte,D,2026-10-10
2016-02-18,7.564871,%,dulieukinhte,D,2026-10-10
2016-02-19,7.653907,%,dulieukinhte,D,2026-10-10
2016-02-22,7.602385,%,dulieukinhte,D,2026-10-10
2016-02-23,7.598232,%,dulieukinhte,D,2026-10-10
2016-02-24,7.47465,%,dulieukinhte,D,2026-10-10
2016-02-25,7.516238,%,dulieukinhte,D,2026-10-10
2016-02-26,7.523761,%,dulieukinhte,D,2026-10-10
2016-02-29,7.443517,%,dulieukinhte,D,2026-10-10
2016-03-01,7.465014,%,dulieukinhte,D,2026-10-10
2016-03-02,7.430178,%,dulieukinhte,D,2026-10-10
2016-03-03,7.535122,%,dulieukinhte,D,2026-10-10
2016-03-04,7.544867,%,dulieukinhte,D,2026-10-10
2016-03-07,7.413968,%,dulieukinhte,D,2026-10-10
2016-03-08,7.47237,%,dulieukinhte,D,2026-10-10
2016-03-09,7.515964,%,dulieukinhte,D,2026-10-10
2016-03-10,7.502052,%,dulieukinhte,D,2026-10-10
2016-03-11,7.437601,%,dulieukinhte,D,2026-10-10
2016-03-14,7.565933,%,dulieukinhte,D,2026-10-10
2016-03-15,7.457832,%,dulieukinhte,D,2026-10-10
2016-03-16,7.423984,%,dulieukinhte,D,2026-10-10
2016-03-17,7.448686,%,dulieukinhte,D,2026-10-10
2016-03-18,7.460503,%,dulieukinhte,D,2026-10-10
2016-03-21,7.446072,%,dulieukinhte,D,2026-10-10
2016-03-22,7.474693,%,dulieukinhte,D,2026-10-10
2016-03-23,7.478949,%,dulieukinhte,D,2026-10-10
2016-03-24,7.482551,%,dulieukinhte,D,2026-10-10
2016-03-25,7.488942,%,dulieukinhte,D,2026-10-10
2016-03-28,7.378378,%,dulieukinhte,D,2026-10-10
2016-03-29,7.28418,%,dulieukinhte,D,2026-10-10
2016-03-30,7.476797,%,dulieukinhte,D,2026-10-10
2016-03-31,7.485084,%,dulieukinhte,D,2026-10-10
2016-04-01,7.438585,%,dulieukinhte,D,2026-10-10
2016-04-04,7.641203,%,dulieukinhte,D,2026-10-10
2016-04-05,7.522017,%,dulieukinhte,D,2026-10-10
2016-04-06,7.533983,%,dulieukinhte,D,2026-10-10
2016-04-07,7.494905,%,dulieukinhte,D,2026-10-10
2016-04-08,7.431226,%,dulieukinhte,D,2026-10-10
2016-04-11,7.209493,%,dulieukinhte,D,2026-10-10
2016-04-12,7.509642,%,dulieukinhte,D,2026-10-10
2016-04-13,7.462143,%,dulieukinhte,D,2026-10-10
2016-04-14,7.115557,%,dulieukinhte,D,2026-10-10
2016-04-15,7.401111,%,dulieukinhte,D,2026-10-10
2016-04-19,7.44413,%,dulieukinhte,D,2026-10-10
2016-04-20,7.496789,%,dulieukinhte,D,2026-10-10
2016-04-21,7.425616,%,dulieukinhte,D,2026-10-10
2016-04-22,7.592944,%,dulieukinhte,D,2026-10-10
2016-04-25,7.235583,%,dulieukinhte,D,2026-10-10
2016-04-26,7.468234,%,dulieukinhte,D,2026-10-10
2016-04-27,7.46545,%,dulieukinhte,D,2026-10-10
2016-04-28,7.496958,%,dulieukinhte,D,2026-10-10
2016-04-29,7.478876,%,dulieukinhte,D,2026-10-10
2016-05-04,7.431278,%,dulieukinhte,D,2026-10-10
2016-05-05,7.500747,%,dulieukinhte,D,2026-10-10
2016-05-06,7.265446,%,dulieukinhte,D,2026-10-10
2016-05-09,7.428652,%,dulieukinhte,D,2026-10-10
2016-05-10,7.360394,%,dulieukinhte,D,2026-10-10
2016-05-11,7.477246,%,dulieukinhte,D,2026-10-10
2016-05-12,7.419387,%,dulieukinhte,D,2026-10-10
2016-05-13,7.394914,%,dulieukinhte,D,2026-10-10
2016-05-16,7.605712,%,dulieukinhte,D,2026-10-10
2016-05-17,7.266831,%,dulieukinhte,D,2026-10-10
2016-05-18,7.355607,%,dulieukinhte,D,2026-10-10
2016-05-19,7.427253,%,dulieukinhte,D,2026-10-10
2016-05-20,7.461507,%,dulieukinhte,D,2026-10-10
2016-05-23,7.464997,%,dulieukinhte,D,2026-10-10
2016-05-24,7.350639,%,dulieukinhte,D,2026-10-10
2016-05-25,7.385191,%,dulieukinhte,D,2026-10-10
2016-05-26,7.436914,%,dulieukinhte,D,2026-10-10
2016-05-27,7.458,%,dulieukinhte,D,2026-10-10
2016-05-30,7.415642,%,dulieukinhte,D,2026-10-10
2016-05-31,7.4268,%,dulieukinhte,D,2026-10-10
2016-06-01,7.478687,%,dulieukinhte,D,2026-10-10
2016-06-02,7.452418,%,dulieukinhte,D,2026-10-10
2016-06-03,7.489222,%,dulieukinhte,D,2026-10-10
2016-06-06,7.528756,%,dulieukinhte,D,2026-10-10
2016-06-07,7.401348,%,dulieukinhte,D,2026-10-10
2016-06-08,7.451748,%,dulieukinhte,D,2026-10-10
2016-06-09,7.459435,%,dulieukinhte,D,2026-10-10
2016-06-10,7.474772,%,dulieukinhte,D,2026-10-10
2016-06-13,7.478281,%,dulieukinhte,D,2026-10-10
2016-06-14,7.417853,%,dulieukinhte,D,2026-10-10
2016-06-15,7.487782,%,dulieukinhte,D,2026-10-10
2016-06-16,7.371084,%,dulieukinhte,D,2026-10-10
2016-06-17,7.265553,%,dulieukinhte,D,2026-10-10
2016-06-20,7.522473,%,dulieukinhte,D,2026-10-10
2016-06-21,7.507094,%,dulieukinhte,D,2026-10-10
2016-06-22,7.439532,%,dulieukinhte,D,2026-10-10
2016-06-23,7.545516,%,dulieukinhte,D,2026-10-10
2016-06-24,7.557034,%,dulieukinhte,D,2026-10-10
2016-06-27,7.518464,%,dulieukinhte,D,2026-10-10
2016-06-28,7.389322,%,dulieukinhte,D,2026-10-10
2016-06-29,7.433421,%,dulieukinhte,D,2026-10-10
2016-06-30,7.562411,%,dulieukinhte,D,2026-10-10
2016-07-01,7.510249,%,dulieukinhte,D,2026-10-10
2016-07-04,7.554407,%,dulieukinhte,D,2026-10-10
2016-07-05,7.540752,%,dulieukinhte,D,2026-10-10
2016-07-06,7.536066,%,dulieukinhte,D,2026-10-10
2016-07-07,7.53531,%,dulieukinhte,D,2026-10-10
2016-07-08,7.554426,%,dulieukinhte,D,2026-10-10
2016-07-11,7.545181,%,dulieukinhte,D,2026-10-10
2016-07-12,7.588157,%,dulieukinhte,D,2026-10-10
2016-07-13,7.477296,%,dulieukinhte,D,2026-10-10
2016-07-14,7.515801,%,dulieukinhte,D,2026-10-10
2016-07-15,7.506522,%,dulieukinhte,D,2026-10-10
2016-07-18,7.525712,%,dulieukinhte,D,2026-10-10
2016-07-19,7.445399,%,dulieukinhte,D,2026-10-10
2016-07-20,7.548996,%,dulieukinhte,D,2026-10-10
2016-07-21,7.588162,%,dulieukinhte,D,2026-10-10
2016-07-22,7.492343,%,dulieukinhte,D,2026-10-10
2016-07-25,7.566873,%,dulieukinhte,D,2026-10-10
2016-07-26,7.549758,%,dulieukinhte,D,2026-10-10
2016-07-27,7.617878,%,dulieukinhte,D,2026-10-10
2016-07-28,7.544334,%,dulieukinhte,D,2026-10-10
2016-07-29,7.641602,%,dulieukinhte,D,2026-10-10
2016-08-01,7.545053,%,dulieukinhte,D,2026-10-10
2016-08-02,7.602442,%,dulieukinhte,D,2026-10-10
2016-08-03,7.639926,%,dulieukinhte,D,2026-10-10
2016-08-04,7.187953,%,dulieukinhte,D,2026-10-10
2016-08-05,7.529115,%,dulieukinhte,D,2026-10-10
2016-08-08,7.679432,%,dulieukinhte,D,2026-10-10
2016-08-09,7.509972,%,dulieukinhte,D,2026-10-10
2016-08-10,7.534165,%,dulieukinhte,D,2026-10-10
2016-08-11,7.52615,%,dulieukinhte,D,2026-10-10
2016-08-12,7.498523,%,dulieukinhte,D,2026-10-10
2016-08-15,7.448777,%,dulieukinhte,D,2026-10-10
2016-08-16,7.498659,%,dulieukinhte,D,2026-10-10
2016-08-17,7.540626,%,dulieukinhte,D,2026-10-10
2016-08-18,7.509151,%,dulieukinhte,D,2026-10-10
2016-08-19,7.433644,%,dulieukinhte,D,2026-10-10
2016-08-22,7.551406,%,dulieukinhte,D,2026-10-10
2016-08-23,7.498893,%,dulieukinhte,D,2026-10-10
2016-08-24,7.312156,%,dulieukinhte,D,2026-10-10
2016-08-25,7.435955,%,dulieukinhte,D,2026-10-10
2016-08-26,7.385218,%,dulieukinhte,D,2026-10-10
2016-08-29,7.376365,%,dulieukinhte,D,2026-10-10
2016-08-30,7.291415,%,dulieukinhte,D,2026-10-10
2016-08-31,7.328509,%,dulieukinhte,D,2026-10-10
2016-09-01,7.245656,%,dulieukinhte,D,2026-10-10
2016-09-05,7.269233,%,dulieukinhte,D,2026-10-10
2016-09-06,7.370741,%,dulieukinhte,D,2026-10-10
2016-09-07,7.355219,%,dulieukinhte,D,2026-10-10
2016-09-08,7.217723,%,dulieukinhte,D,2026-10-10
2016-09-09,7.278501,%,dulieukinhte,D,2026-10-10
2016-09-12,7.17832,%,dulieukinhte,D,2026-10-10
2016-09-13,7.146944,%,dulieukinhte,D,2026-10-10
2016-09-14,7.261346,%,dulieukinhte,D,2026-10-10
2016-09-15,7.282745,%,dulieukinhte,D,2026-10-10
2016-09-16,7.061002,%,dulieukinhte,D,2026-10-10
2016-09-19,7.090299,%,dulieukinhte,D,2026-10-10
2016-09-20,7.159309,%,dulieukinhte,D,2026-10-10
2016-09-21,7.232964,%,dulieukinhte,D,2026-10-10
2016-09-22,6.927972,%,dulieukinhte,D,2026-10-10
2016-09-23,6.895874,%,dulieukinhte,D,2026-10-10
2016-09-26,6.938152,%,dulieukinhte,D,2026-10-10
2016-09-27,6.83892,%,dulieukinhte,D,2026-10-10
2016-09-28,6.909067,%,dulieukinhte,D,2026-10-10
2016-09-29,6.862898,%,dulieukinhte,D,2026-10-10
2016-09-30,6.832646,%,dulieukinhte,D,2026-10-10
2016-10-03,6.873362,%,dulieukinhte,D,2026-10-10
2016-10-04,6.906133,%,dulieukinhte,D,2026-10-10
2016-10-05,6.873379,%,dulieukinhte,D,2026-10-10
2016-10-06,6.723605,%,dulieukinhte,D,2026-10-10
2016-10-07,6.625776,%,dulieukinhte,D,2026-10-10
2016-10-10,6.628775,%,dulieukinhte,D,2026-10-10
2016-10-11,6.567561,%,dulieukinhte,D,2026-10-10
2016-10-12,6.582242,%,dulieukinhte,D,2026-10-10
2016-10-13,6.572841,%,dulieukinhte,D,2026-10-10
2016-10-14,6.61357,%,dulieukinhte,D,2026-10-10
2016-10-17,6.649149,%,dulieukinhte,D,2026-10-10
2016-10-18,6.728272,%,dulieukinhte,D,2026-10-10
2016-10-19,6.677344,%,dulieukinhte,D,2026-10-10
2016-10-20,6.655531,%,dulieukinhte,D,2026-10-10
2016-10-21,6.719384,%,dulieukinhte,D,2026-10-10
2016-10-24,6.66183,%,dulieukinhte,D,2026-10-10
2016-10-25,6.685209,%,dulieukinhte,D,2026-10-10
2016-10-26,6.712928,%,dulieukinhte,D,2026-10-10
2016-10-27,6.714089,%,dulieukinhte,D,2026-10-10
2016-10-28,6.730922,%,dulieukinhte,D,2026-10-10
2016-10-31,6.681629,%,dulieukinhte,D,2026-10-10
2016-11-01,6.732661,%,dulieukinhte,D,2026-10-10
2016-11-02,6.676689,%,dulieukinhte,D,2026-10-10
2016-11-03,6.727547,%,dulieukinhte,D,2026-10-10
2016-11-04,6.777603,%,dulieukinhte,D,2026-10-10
2016-11-07,6.78798,%,dulieukinhte,D,2026-10-10
2016-11-08,6.701647,%,dulieukinhte,D,2026-10-10
2016-11-09,6.72917,%,dulieukinhte,D,2026-10-10
2016-11-10,6.673393,%,dulieukinhte,D,2026-10-10
2016-11-11,6.675138,%,dulieukinhte,D,2026-10-10
2016-11-14,6.738021,%,dulieukinhte,D,2026-10-10
2016-11-15,6.718163,%,dulieukinhte,D,2026-10-10
2016-11-16,6.816575,%,dulieukinhte,D,2026-10-10
2016-11-17,6.828452,%,dulieukinhte,D,2026-10-10
2016-11-18,6.700062,%,dulieukinhte,D,2026-10-10
2016-11-21,6.727983,%,dulieukinhte,D,2026-10-10
2016-11-22,6.712823,%,dulieukinhte,D,2026-10-10
2016-11-23,6.716334,%,dulieukinhte,D,2026-10-10
2016-11-24,6.659047,%,dulieukinhte,D,2026-10-10
2016-11-25,6.675645,%,dulieukinhte,D,2026-10-10
2016-11-28,6.810272,%,dulieukinhte,D,2026-10-10
2016-11-29,6.821668,%,dulieukinhte,D,2026-10-10
2016-11-30,6.791967,%,dulieukinhte,D,2026-10-10
2016-12-01,6.653166,%,dulieukinhte,D,2026-10-10
2016-12-02,6.643481,%,dulieukinhte,D,2026-10-10
2016-12-05,6.639661,%,dulieukinhte,D,2026-10-10
2016-12-06,6.637451,%,dulieukinhte,D,2026-10-10
2016-12-07,6.683751,%,dulieukinhte,D,2026-10-10
2016-12-08,6.772303,%,dulieukinhte,D,2026-10-10
2016-12-09,6.688947,%,dulieukinhte,D,2026-10-10
2016-12-12,6.774765,%,dulieukinhte,D,2026-10-10
2016-12-13,6.662075,%,dulieukinhte,D,2026-10-10
2016-12-14,6.747211,%,dulieukinhte,D,2026-10-10
2016-12-15,6.658505,%,dulieukinhte,D,2026-10-10
2016-12-16,6.783108,%,dulieukinhte,D,2026-10-10
2016-12-19,6.78843,%,dulieukinhte,D,2026-10-10
2016-12-20,6.827536,%,dulieukinhte,D,2026-10-10
2016-12-21,6.626964,%,dulieukinhte,D,2026-10-10
2016-12-22,6.859639,%,dulieukinhte,D,2026-10-10
2016-12-23,6.710031,%,dulieukinhte,D,2026-10-10
2016-12-26,6.934044,%,dulieukinhte,D,2026-10-10
2016-12-27,6.815514,%,dulieukinhte,D,2026-10-10
2016-12-28,6.692192,%,dulieukinhte,D,2026-10-10
2016-12-29,6.66118,%,dulieukinhte,D,2026-10-10
2016-12-30,6.733818,%,dulieukinhte,D,2026-10-10
2017-01-03,6.837992,%,dulieukinhte,D,2026-10-10
2017-01-04,6.779101,%,dulieukinhte,D,2026-10-10
2017-01-05,6.649532,%,dulieukinhte,D,2026-10-10
2017-01-06,6.817591,%,dulieukinhte,D,2026-10-10
2017-01-09,6.677142,%,dulieukinhte,D,2026-10-10
2017-01-10,6.667538,%,dulieukinhte,D,2026-10-10
2017-01-11,6.630905,%,dulieukinhte,D,2026-10-10
2017-01-12,6.570599,%,dulieukinhte,D,2026-10-10
2017-01-13,6.6366,%,dulieukinhte,D,2026-10-10
2017-01-16,6.534437,%,dulieukinhte,D,2026-10-10
2017-01-17,6.749565,%,dulieukinhte,D,2026-10-10
2017-01-18,6.603506,%,dulieukinhte,D,2026-10-10
2017-01-19,6.683457,%,dulieukinhte,D,2026-10-10
2017-01-20,6.692134,%,dulieukinhte,D,2026-10-10
2017-01-23,6.742179,%,dulieukinhte,D,2026-10-10
2017-01-24,6.715572,%,dulieukinhte,D,2026-10-10
2017-01-25,6.701243,%,dulieukinhte,D,2026-10-10
2017-02-02,6.733411,%,dulieukinhte,D,2026-10-10
2017-02-03,6.660142,%,dulieukinhte,D,2026-10-10
2017-02-06,6.595785,%,dulieukinhte,D,2026-10-10
2017-02-07,6.548049,%,dulieukinhte,D,2026-10-10
2017-02-08,6.767818,%,dulieukinhte,D,2026-10-10
2017-02-09,6.555865,%,dulieukinhte,D,2026-10-10
2017-02-10,6.613196,%,dulieukinhte,D,2026-10-10
2017-02-13,6.57825,%,dulieukinhte,D,2026-10-10
2017-02-14,6.624534,%,dulieukinhte,D,2026-10-10
2017-02-15,6.641331,%,dulieukinhte,D,2026-10-10
2017-02-16,6.489552,%,dulieukinhte,D,2026-10-10
2017-02-17,6.729508,%,dulieukinhte,D,2026-10-10
2017-02-20,6.633075,%,dulieukinhte,D,2026-10-10
2017-02-21,6.68572,%,dulieukinhte,D,2026-10-10
2017-02-22,6.591084,%,dulieukinhte,D,2026-10-10
2017-02-23,6.69695,%,dulieukinhte,D,2026-10-10
2017-02-24,6.5569,%,dulieukinhte,D,2026-10-10
2017-02-27,6.533811,%,dulieukinhte,D,2026-10-10
2017-02-28,6.643549,%,dulieukinhte,D,2026-10-10
2017-03-01,6.586267,%,dulieukinhte,D,2026-10-10
2017-03-02,6.532683,%,dulieukinhte,D,2026-10-10
2017-03-03,6.445374,%,dulieukinhte,D,2026-10-10
2017-03-06,6.584084,%,dulieukinhte,D,2026-10-10
2017-03-07,6.48223,%,dulieukinhte,D,2026-10-10
2017-03-08,6.591669,%,dulieukinhte,D,2026-10-10
2017-03-09,6.553678,%,dulieukinhte,D,2026-10-10
2017-03-10,6.539266,%,dulieukinhte,D,2026-10-10
2017-03-13,6.530706,%,dulieukinhte,D,2026-10-10
2017-03-14,6.518048,%,dulieukinhte,D,2026-10-10
2017-03-15,6.487954,%,dulieukinhte,D,2026-10-10
2017-03-16,6.505536,%,dulieukinhte,D,2026-10-10
2017-03-17,6.371859,%,dulieukinhte,D,2026-10-10
2017-03-20,6.456894,%,dulieukinhte,D,2026-10-10
2017-03-21,6.462616,%,dulieukinhte,D,2026-10-10
2017-03-22,6.503574,%,dulieukinhte,D,2026-10-10
2017-03-23,6.492485,%,dulieukinhte,D,2026-10-10
2017-03-24,6.540521,%,dulieukinhte,D,2026-10-10
2017-03-27,6.58133,%,dulieukinhte,D,2026-10-10
2017-03-28,6.460443,%,dulieukinhte,D,2026-10-10
2017-03-29,6.350891,%,dulieukinhte,D,2026-10-10
2017-03-30,6.448383,%,dulieukinhte,D,2026-10-10
2017-03-31,6.335412,%,dulieukinhte,D,2026-10-10
2017-04-03,6.442176,%,dulieukinhte,D,2026-10-10
2017-04-04,6.399394,%,dulieukinhte,D,2026-10-10
2017-04-05,6.436573,%,dulieukinhte,D,2026-10-10
2017-04-07,6.477282,%,dulieukinhte,D,2026-10-10
2017-04-10,6.411616,%,dulieukinhte,D,2026-10-10
2017-04-11,6.444131,%,dulieukinhte,D,2026-10-10
2017-04-12,6.375721,%,dulieukinhte,D,2026-10-10
2017-04-13,6.432896,%,dulieukinhte,D,2026-10-10
2017-04-14,6.388865,%,dulieukinhte,D,2026-10-10
2017-04-17,6.322164,%,dulieukinhte,D,2026-10-10
2017-04-18,6.310886,%,dulieukinhte,D,2026-10-10
2017-04-19,6.355726,%,dulieukinhte,D,2026-10-10
2017-04-20,6.412915,%,dulieukinhte,D,2026-10-10
2017-04-21,6.456877,%,dulieukinhte,D,2026-10-10
2017-04-24,6.291737,%,dulieukinhte,D,2026-10-10
2017-04-25,6.294806,%,dulieukinhte,D,2026-10-10
2017-04-26,6.310193,%,dulieukinhte,D,2026-10-10
2017-04-27,6.397284,%,dulieukinhte,D,2026-10-10
2017-04-28,6.31163,%,dulieukinhte,D,2026-10-10
2017-05-03,6.428638,%,dulieukinhte,D,2026-10-10
2017-05-04,6.384739,%,dulieukinhte,D,2026-10-10
2017-05-05,6.435531,%,dulieukinhte,D,2026-10-10
2017-05-08,6.36842,%,dulieukinhte,D,2026-10-10
2017-05-09,6.410549,%,dulieukinhte,D,2026-10-10
2017-05-10,6.365466,%,dulieukinhte,D,2026-10-10
2017-05-11,6.286724,%,dulieukinhte,D,2026-10-10
2017-05-12,6.308137,%,dulieukinhte,D,2026-10-10
2017-05-15,6.401528,%,dulieukinhte,D,2026-10-10
2017-05-16,6.348252,%,dulieukinhte,D,2026-10-10
2017-05-17,6.392315,%,dulieukinhte,D,2026-10-10
2017-05-18,6.311112,%,dulieukinhte,D,2026-10-10
2017-05-19,6.356034,%,dulieukinhte,D,2026-10-10
2017-05-22,6.329169,%,dulieukinhte,D,2026-10-10
2017-05-23,6.254815,%,dulieukinhte,D,2026-10-10
2017-05-24,6.349069,%,dulieukinhte,D,2026-10-10
2017-05-25,6.279846,%,dulieukinhte,D,2026-10-10
2017-05-26,6.200678,%,dulieukinhte,D,2026-10-10
2017-05-29,6.314501,%,dulieukinhte,D,2026-10-10
2017-05-30,6.404156,%,dulieukinhte,D,2026-10-10
2017-05-31,6.32676,%,dulieukinhte,D,2026-10-10
2017-06-01,6.358466,%,dulieukinhte,D,2026-10-10
2017-06-02,6.386964,%,dulieukinhte,D,2026-10-10
2017-06-05,6.450875,%,dulieukinhte,D,2026-10-10
2017-06-06,6.232156,%,dulieukinhte,D,2026-10-10
2017-06-07,6.327514,%,dulieukinhte,D,2026-10-10
2017-06-08,6.364031,%,dulieukinhte,D,2026-10-10
2017-06-09,6.354126,%,dulieukinhte,D,2026-10-10
2017-06-12,6.354821,%,dulieukinhte,D,2026-10-10
2017-06-13,6.155732,%,dulieukinhte,D,2026-10-10
2017-06-14,6.338337,%,dulieukinhte,D,2026-10-10
2017-06-15,6.335785,%,dulieukinhte,D,2026-10-10
2017-06-16,6.310041,%,dulieukinhte,D,2026-10-10
2017-06-19,6.059409,%,dulieukinhte,D,2026-10-10
2017-06-20,6.211259,%,dulieukinhte,D,2026-10-10
2017-06-21,6.161973,%,dulieukinhte,D,2026-10-10
2017-06-22,6.054043,%,dulieukinhte,D,2026-10-10
2017-06-23,6.02154,%,dulieukinhte,D,2026-10-10
2017-06-26,6.027743,%,dulieukinhte,D,2026-10-10
2017-06-27,5.833846,%,dulieukinhte,D,2026-10-10
2017-06-28,6.009329,%,dulieukinhte,D,2026-10-10
2017-06-29,6.013928,%,dulieukinhte,D,2026-10-10
2017-06-30,6.077019,%,dulieukinhte,D,2026-10-10
2017-07-03,5.992528,%,dulieukinhte,D,2026-10-10
2017-07-04,6.043752,%,dulieukinhte,D,2026-10-10
2017-07-05,6.059866,%,dulieukinhte,D,2026-10-10
2017-07-06,6.042805,%,dulieukinhte,D,2026-10-10
2017-07-07,6.03137,%,dulieukinhte,D,2026-10-10
2017-07-10,6.004591,%,dulieukinhte,D,2026-10-10
2017-07-11,5.908679,%,dulieukinhte,D,2026-10-10
2017-07-12,5.903026,%,dulieukinhte,D,2026-10-10
2017-07-13,5.866633,%,dulieukinhte,D,2026-10-10
2017-07-14,5.728449,%,dulieukinhte,D,2026-10-10
2017-07-17,5.707642,%,dulieukinhte,D,2026-10-10
2017-07-18,5.714958,%,dulieukinhte,D,2026-10-10
2017-07-19,5.678564,%,dulieukinhte,D,2026-10-10
2017-07-20,5.579648,%,dulieukinhte,D,2026-10-10
2017-07-21,5.514069,%,dulieukinhte,D,2026-10-10
2017-07-24,5.548232,%,dulieukinhte,D,2026-10-10
2017-07-25,5.541823,%,dulieukinhte,D,2026-10-10
2017-07-26,5.508762,%,dulieukinhte,D,2026-10-10
2017-07-27,5.623322,%,dulieukinhte,D,2026-10-10
2017-07-28,5.574115,%,dulieukinhte,D,2026-10-10
2017-07-31,5.524209,%,dulieukinhte,D,2026-10-10
2017-08-01,5.524404,%,dulieukinhte,D,2026-10-10
2017-08-02,5.565804,%,dulieukinhte,D,2026-10-10
2017-08-03,5.568149,%,dulieukinhte,D,2026-10-10
2017-08-04,5.496092,%,dulieukinhte,D,2026-10-10
2017-08-07,5.59813,%,dulieukinhte,D,2026-10-10
2017-08-08,5.513097,%,dulieukinhte,D,2026-10-10
2017-08-09,5.5985,%,dulieukinhte,D,2026-10-10
2017-08-10,5.606912,%,dulieukinhte,D,2026-10-10
2017-08-11,5.683413,%,dulieukinhte,D,2026-10-10
2017-08-14,5.651213,%,dulieukinhte,D,2026-10-10
2017-08-15,5.68039,%,dulieukinhte,D,2026-10-10
2017-08-16,5.687239,%,dulieukinhte,D,2026-10-10
2017-08-17,5.617497,%,dulieukinhte,D,2026-10-10
2017-08-18,5.604593,%,dulieukinhte,D,2026-10-10
2017-08-21,5.685984,%,dulieukinhte,D,2026-10-10
2017-08-22,5.725804,%,dulieukinhte,D,2026-10-10
2017-08-23,5.754828,%,dulieukinhte,D,2026-10-10
2017-08-24,5.673804,%,dulieukinhte,D,2026-10-10
2017-08-25,5.777673,%,dulieukinhte,D,2026-10-10
2017-08-28,5.767448,%,dulieukinhte,D,2026-10-10
2017-08-29,5.853536,%,dulieukinhte,D,2026-10-10
2017-08-30,5.821846,%,dulieukinhte,D,2026-10-10
2017-08-31,5.802433,%,dulieukinhte,D,2026-10-10
2017-09-01,5.871878,%,dulieukinhte,D,2026-10-10
2017-09-05,5.771553,%,dulieukinhte,D,2026-10-10
2017-09-06,5.741846,%,dulieukinhte,D,2026-10-10
2017-09-07,5.686666,%,dulieukinhte,D,2026-10-10
2017-09-08,5.674476,%,dulieukinhte,D,2026-10-10
2017-09-11,5.70497,%,dulieukinhte,D,2026-10-10
2017-09-12,5.696192,%,dulieukinhte,D,2026-10-10
2017-09-13,5.768724,%,dulieukinhte,D,2026-10-10
2017-09-14,5.652589,%,dulieukinhte,D,2026-10-10
2017-09-15,5.679514,%,dulieukinhte,D,2026-10-10
2017-09-18,5.655866,%,dulieukinhte,D,2026-10-10
2017-09-19,5.671458,%,dulieukinhte,D,2026-10-10
2017-09-20,5.67617,%,dulieukinhte,D,2026-10-10
2017-09-21,5.668625,%,dulieukinhte,D,2026-10-10
2017-09-22,5.641902,%,dulieukinhte,D,2026-10-10
2017-09-25,5.633566,%,dulieukinhte,D,2026-10-10
2017-09-26,5.640655,%,dulieukinhte,D,2026-10-10
2017-09-27,5.653214,%,dulieukinhte,D,2026-10-10
2017-09-28,5.668673,%,dulieukinhte,D,2026-10-10
2017-09-29,5.586064,%,dulieukinhte,D,2026-10-10
2017-10-02,5.652779,%,dulieukinhte,D,2026-10-10
2017-10-03,5.456343,%,dulieukinhte,D,2026-10-10
2017-10-04,5.660343,%,dulieukinhte,D,2026-10-10
2017-10-05,5.422494,%,dulieukinhte,D,2026-10-10
2017-10-06,5.617193,%,dulieukinhte,D,2026-10-10
2017-10-09,5.625786,%,dulieukinhte,D,2026-10-10
2017-10-10,5.634343,%,dulieukinhte,D,2026-10-10
2017-10-11,5.620135,%,dulieukinhte,D,2026-10-10
2017-10-12,5.612449,%,dulieukinhte,D,2026-10-10
2017-10-13,5.590807,%,dulieukinhte,D,2026-10-10
2017-10-16,5.592217,%,dulieukinhte,D,2026-10-10
2017-10-17,5.600948,%,dulieukinhte,D,2026-10-10
2017-10-18,5.565096,%,dulieukinhte,D,2026-10-10
2017-10-19,5.555811,%,dulieukinhte,D,2026-10-10
2017-10-20,5.62032,%,dulieukinhte,D,2026-10-10
2017-10-23,5.609657,%,dulieukinhte,D,2026-10-10
2017-10-24,5.577125,%,dulieukinhte,D,2026-10-10
2017-10-25,5.606033,%,dulieukinhte,D,2026-10-10
2017-10-26,5.609631,%,dulieukinhte,D,2026-10-10
2017-10-27,5.588792,%,dulieukinhte,D,2026-10-10
2017-10-30,5.547967,%,dulieukinhte,D,2026-10-10
2017-10-31,5.624288,%,dulieukinhte,D,2026-10-10
2017-11-01,5.598061,%,dulieukinhte,D,2026-10-10
2017-11-02,5.568576,%,dulieukinhte,D,2026-10-10
2017-11-03,5.527544,%,dulieukinhte,D,2026-10-10
2017-11-06,5.587076,%,dulieukinhte,D,2026-10-10
2017-11-07,5.57377,%,dulieukinhte,D,2026-10-10
2017-11-08,5.569625,%,dulieukinhte,D,2026-10-10
2017-11-09,5.583487,%,dulieukinhte,D,2026-10-10
2017-11-10,5.654577,%,dulieukinhte,D,2026-10-10
2017-11-13,5.607479,%,dulieukinhte,D,2026-10-10
2017-11-14,5.618864,%,dulieukinhte,D,2026-10-10
2017-11-15,5.608959,%,dulieukinhte,D,2026-10-10
2017-11-16,5.512963,%,dulieukinhte,D,2026-10-10
2017-11-17,5.586995,%,dulieukinhte,D,2026-10-10
2017-11-20,5.600448,%,dulieukinhte,D,2026-10-10
2017-11-21,5.637565,%,dulieukinhte,D,2026-10-10
2017-11-22,5.607709,%,dulieukinhte,D,2026-10-10
2017-11-23,5.579695,%,dulieukinhte,D,2026-10-10
2017-11-24,5.693206,%,dulieukinhte,D,2026-10-10
2017-11-27,5.657614,%,dulieukinhte,D,2026-10-10
2017-11-28,5.643703,%,dulieukinhte,D,2026-10-10
2017-11-29,5.467259,%,dulieukinhte,D,2026-10-10
2017-11-30,5.617492,%,dulieukinhte,D,2026-10-10
2017-12-01,5.621794,%,dulieukinhte,D,2026-10-10
2017-12-04,5.615799,%,dulieukinhte,D,2026-10-10
2017-12-05,5.637905,%,dulieukinhte,D,2026-10-10
2017-12-06,5.607929,%,dulieukinhte,D,2026-10-10
2017-12-07,5.630173,%,dulieukinhte,D,2026-10-10
2017-12-08,5.63628,%,dulieukinhte,D,2026-10-10
2017-12-11,5.589182,%,dulieukinhte,D,2026-10-10
2017-12-12,5.619933,%,dulieukinhte,D,2026-10-10
2017-12-13,5.522054,%,dulieukinhte,D,2026-10-10
2017-12-14,5.469366,%,dulieukinhte,D,2026-10-10
2017-12-15,5.552578,%,dulieukinhte,D,2026-10-10
2017-12-18,5.436978,%,dulieukinhte,D,2026-10-10
2017-12-19,5.444677,%,dulieukinhte,D,2026-10-10
2017-12-20,5.393936,%,dulieukinhte,D,2026-10-10
2017-12-21,5.37453,%,dulieukinhte,D,2026-10-10
2017-12-22,5.405976,%,dulieukinhte,D,2026-10-10
2017-12-25,5.286969,%,dulieukinhte,D,2026-10-10
2017-12-26,5.342588,%,dulieukinhte,D,2026-10-10
2017-12-27,5.266134,%,dulieukinhte,D,2026-10-10
2017-12-28,5.301633,%,dulieukinhte,D,2026-10-10
2017-12-29,5.226085,%,dulieukinhte,D,2026-10-10
2018-01-02,5.281158,%,dulieukinhte,D,2026-10-10
2018-01-03,5.110788,%,dulieukinhte,D,2026-10-10
2018-01-04,5.247345,%,dulieukinhte,D,2026-10-10
2018-01-05,5.26569,%,dulieukinhte,D,2026-10-10
2018-01-08,5.297048,%,dulieukinhte,D,2026-10-10
2018-01-09,5.290455,%,dulieukinhte,D,2026-10-10
2018-01-10,5.195408,%,dulieukinhte,D,2026-10-10
2018-01-11,5.146513,%,dulieukinhte,D,2026-10-10
2018-01-12,5.012953,%,dulieukinhte,D,2026-10-10
2018-01-15,5.014677,%,dulieukinhte,D,2026-10-10
2018-01-16,4.916328,%,dulieukinhte,D,2026-10-10
2018-01-17,4.904538,%,dulieukinhte,D,2026-10-10
2018-01-18,4.847553,%,dulieukinhte,D,2026-10-10
2018-01-19,4.742901,%,dulieukinhte,D,2026-10-10
2018-01-22,4.713869,%,dulieukinhte,D,2026-10-10
2018-01-23,4.721631,%,dulieukinhte,D,2026-10-10
2018-01-24,4.695883,%,dulieukinhte,D,2026-10-10
2018-01-25,4.638117,%,dulieukinhte,D,2026-10-10
2018-01-26,4.419189,%,dulieukinhte,D,2026-10-10
2018-01-29,4.218158,%,dulieukinhte,D,2026-10-10
2018-01-30,4.157105,%,dulieukinhte,D,2026-10-10
2018-01-31,4.209285,%,dulieukinhte,D,2026-10-10
2018-02-01,4.208232,%,dulieukinhte,D,2026-10-10
2018-02-02,4.279726,%,dulieukinhte,D,2026-10-10
2018-02-05,4.299438,%,dulieukinhte,D,2026-10-10
2018-02-06,4.267208,%,dulieukinhte,D,2026-10-10
2018-02-07,4.287872,%,dulieukinhte,D,2026-10-10
2018-02-08,4.301639,%,dulieukinhte,D,2026-10-10
2018-02-09,4.276859,%,dulieukinhte,D,2026-10-10
2018-02-12,4.306233,%,dulieukinhte,D,2026-10-10
2018-02-13,4.295764,%,dulieukinhte,D,2026-10-10
2018-02-21,4.266995,%,dulieukinhte,D,2026-10-10
2018-02-22,4.311512,%,dulieukinhte,D,2026-10-10
2018-02-23,4.318242,%,dulieukinhte,D,2026-10-10
2018-02-26,4.301519,%,dulieukinhte,D,2026-10-10
2018-02-27,4.215435,%,dulieukinhte,D,2026-10-10
2018-02-28,4.160064,%,dulieukinhte,D,2026-10-10
2018-03-01,4.166112,%,dulieukinhte,D,2026-10-10
2018-03-02,4.156357,%,dulieukinhte,D,2026-10-10
2018-03-05,4.096895,%,dulieukinhte,D,2026-10-10
2018-03-06,4.102593,%,dulieukinhte,D,2026-10-10
2018-03-07,4.121257,%,dulieukinhte,D,2026-10-10
2018-03-08,4.305396,%,dulieukinhte,D,2026-10-10
2018-03-09,4.129013,%,dulieukinhte,D,2026-10-10
2018-03-12,4.11909,%,dulieukinhte,D,2026-10-10
2018-03-13,4.172344,%,dulieukinhte,D,2026-10-10
2018-03-14,4.128383,%,dulieukinhte,D,2026-10-10
2018-03-15,4.110012,%,dulieukinhte,D,2026-10-10
2018-03-16,4.209523,%,dulieukinhte,D,2026-10-10
2018-03-19,4.166072,%,dulieukinhte,D,2026-10-10
2018-03-20,4.140845,%,dulieukinhte,D,2026-10-10
2018-03-21,4.186185,%,dulieukinhte,D,2026-10-10
2018-03-22,4.150902,%,dulieukinhte,D,2026-10-10
2018-03-23,4.151827,%,dulieukinhte,D,2026-10-10
2018-03-26,4.118973,%,dulieukinhte,D,2026-10-10
2018-03-27,4.19458,%,dulieukinhte,D,2026-10-10
2018-03-28,4.204232,%,dulieukinhte,D,2026-10-10
2018-03-29,4.149762,%,dulieukinhte,D,2026-10-10
2018-03-30,4.218306,%,dulieukinhte,D,2026-10-10
2018-04-02,4.249701,%,dulieukinhte,D,2026-10-10
2018-04-03,4.228356,%,dulieukinhte,D,2026-10-10
2018-04-04,4.239799,%,dulieukinhte,D,2026-10-10
2018-04-05,4.242283,%,dulieukinhte,D,2026-10-10
2018-04-06,4.331368,%,dulieukinhte,D,2026-10-10
2018-04-09,4.291012,%,dulieukinhte,D,2026-10-10
2018-04-10,4.318944,%,dulieukinhte,D,2026-10-10
2018-04-11,4.422464,%,dulieukinhte,D,2026-10-10
2018-04-12,4.469071,%,dulieukinhte,D,2026-10-10
2018-04-13,4.362337,%,dulieukinhte,D,2026-10-10
2018-04-16,4.493412,%,dulieukinhte,D,2026-10-10
2018-04-17,4.5085,%,dulieukinhte,D,2026-10-10
2018-04-18,4.504116,%,dulieukinhte,D,2026-10-10
2018-04-19,4.491051,%,dulieukinhte,D,2026-10-10
2018-04-20,4.515406,%,dulieukinhte,D,2026-10-10
2018-04-23,4.522494,%,dulieukinhte,D,2026-10-10
2018-04-24,4.533276,%,dulieukinhte,D,2026-10-10
2018-04-26,4.556331,%,dulieukinhte,D,2026-10-10
2018-04-27,4.533037,%,dulieukinhte,D,2026-10-10
2018-05-02,4.726626,%,dulieukinhte,D,2026-10-10
2018-05-03,4.759956,%,dulieukinhte,D,2026-10-10
2018-05-04,4.689163,%,dulieukinhte,D,2026-10-10
2018-05-07,4.731673,%,dulieukinhte,D,2026-10-10
2018-05-08,4.707799,%,dulieukinhte,D,2026-10-10
2018-05-09,4.683618,%,dulieukinhte,D,2026-10-10
2018-05-10,4.738482,%,dulieukinhte,D,2026-10-10
2018-05-11,4.646765,%,dulieukinhte,D,2026-10-10
2018-05-14,4.683981,%,dulieukinhte,D,2026-10-10
2018-05-15,4.757958,%,dulieukinhte,D,2026-10-10
2018-05-16,4.770357,%,dulieukinhte,D,2026-10-10
2018-05-17,4.774542,%,dulieukinhte,D,2026-10-10
2018-05-18,4.744485,%,dulieukinhte,D,2026-10-10
2018-05-21,4.730258,%,dulieukinhte,D,2026-10-10
2018-05-22,4.475257,%,dulieukinhte,D,2026-10-10
2018-05-23,4.699623,%,dulieukinhte,D,2026-10-10
2018-05-24,4.752542,%,dulieukinhte,D,2026-10-10
2018-05-25,4.742503,%,dulieukinhte,D,2026-10-10
2018-05-28,4.73634,%,dulieukinhte,D,2026-10-10
2018-05-29,4.771287,%,dulieukinhte,D,2026-10-10
2018-05-30,4.789011,%,dulieukinhte,D,2026-10-10
2018-05-31,4.819332,%,dulieukinhte,D,2026-10-10
2018-06-01,4.821534,%,dulieukinhte,D,2026-10-10
2018-06-04,4.843211,%,dulieukinhte,D,2026-10-10
2018-06-05,4.839021,%,dulieukinhte,D,2026-10-10
2018-06-06,4.856897,%,dulieukinhte,D,2026-10-10
2018-06-07,4.83756,%,dulieukinhte,D,2026-10-10
2018-06-08,4.85824,%,dulieukinhte,D,2026-10-10
2018-06-11,4.870586,%,dulieukinhte,D,2026-10-10
2018-06-12,4.841836,%,dulieukinhte,D,2026-10-10
2018-06-13,4.885842,%,dulieukinhte,D,2026-10-10
2018-06-14,4.871532,%,dulieukinhte,D,2026-10-10
2018-06-15,4.922171,%,dulieukinhte,D,2026-10-10
2018-06-18,4.899124,%,dulieukinhte,D,2026-10-10
2018-06-19,4.880837,%,dulieukinhte,D,2026-10-10
2018-06-20,4.914623,%,dulieukinhte,D,2026-10-10
2018-06-21,4.719799,%,dulieukinhte,D,2026-10-10
2018-06-22,4.91755,%,dulieukinhte,D,2026-10-10
2018-06-25,4.906038,%,dulieukinhte,D,2026-10-10
2018-06-26,4.891017,%,dulieukinhte,D,2026-10-10
2018-06-27,4.896399,%,dulieukinhte,D,2026-10-10
2018-06-28,4.888882,%,dulieukinhte,D,2026-10-10
2018-06-29,4.868011,%,dulieukinhte,D,2026-10-10
2018-07-02,4.870898,%,dulieukinhte,D,2026-10-10
2018-07-03,4.921468,%,dulieukinhte,D,2026-10-10
2018-07-04,4.940318,%,dulieukinhte,D,2026-10-10
2018-07-05,4.960232,%,dulieukinhte,D,2026-10-10
2018-07-06,4.958469,%,dulieukinhte,D,2026-10-10
2018-07-09,4.941151,%,dulieukinhte,D,2026-10-10
2018-07-10,4.963814,%,dulieukinhte,D,2026-10-10
2018-07-11,4.953904,%,dulieukinhte,D,2026-10-10
2018-07-12,4.967548,%,dulieukinhte,D,2026-10-10
2018-07-13,4.912899,%,dulieukinhte,D,2026-10-10
2018-07-16,4.910857,%,dulieukinhte,D,2026-10-10
2018-07-17,4.943784,%,dulieukinhte,D,2026-10-10
2018-07-18,4.885178,%,dulieukinhte,D,2026-10-10
2018-07-19,4.91105,%,dulieukinhte,D,2026-10-10
2018-07-20,4.909815,%,dulieukinhte,D,2026-10-10
2018-07-23,4.975148,%,dulieukinhte,D,2026-10-10
2018-07-24,5.036984,%,dulieukinhte,D,2026-10-10
2018-07-25,4.946957,%,dulieukinhte,D,2026-10-10
2018-07-26,4.916728,%,dulieukinhte,D,2026-10-10
2018-07-27,4.879863,%,dulieukinhte,D,2026-10-10
2018-07-30,4.888183,%,dulieukinhte,D,2026-10-10
2018-07-31,4.971223,%,dulieukinhte,D,2026-10-10
2018-08-01,4.928729,%,dulieukinhte,D,2026-10-10
2018-08-02,5.027554,%,dulieukinhte,D,2026-10-10
2018-08-03,4.977096,%,dulieukinhte,D,2026-10-10
2018-08-06,5.04483,%,dulieukinhte,D,2026-10-10
2018-08-07,5.07465,%,dulieukinhte,D,2026-10-10
2018-08-08,5.09588,%,dulieukinhte,D,2026-10-10
2018-08-09,5.020293,%,dulieukinhte,D,2026-10-10
2018-08-10,5.06154,%,dulieukinhte,D,2026-10-10
2018-08-13,5.020411,%,dulieukinhte,D,2026-10-10
2018-08-14,4.983451,%,dulieukinhte,D,2026-10-10
2018-08-15,5.018578,%,dulieukinhte,D,2026-10-10
2018-08-16,5.037842,%,dulieukinhte,D,2026-10-10
2018-08-17,5.090058,%,dulieukinhte,D,2026-10-10
2018-08-20,5.13141,%,dulieukinhte,D,2026-10-10
2018-08-21,5.201974,%,dulieukinhte,D,2026-10-10
2018-08-22,5.174133,%,dulieukinhte,D,2026-10-10
2018-08-23,5.209256,%,dulieukinhte,D,2026-10-10
2018-08-24,5.131072,%,dulieukinhte,D,2026-10-10
2018-08-27,5.256576,%,dulieukinhte,D,2026-10-10
2018-08-28,5.263211,%,dulieukinhte,D,2026-10-10
2018-08-29,5.295502,%,dulieukinhte,D,2026-10-10
2018-08-30,5.263538,%,dulieukinhte,D,2026-10-10
2018-08-31,5.270751,%,dulieukinhte,D,2026-10-10
2018-09-04,5.28546,%,dulieukinhte,D,2026-10-10
2018-09-05,5.316727,%,dulieukinhte,D,2026-10-10
2018-09-06,5.391373,%,dulieukinhte,D,2026-10-10
2018-09-07,5.350744,%,dulieukinhte,D,2026-10-10
2018-09-10,5.294871,%,dulieukinhte,D,2026-10-10
2018-09-11,5.292751,%,dulieukinhte,D,2026-10-10
2018-09-12,5.169902,%,dulieukinhte,D,2026-10-10
2018-09-13,5.221278,%,dulieukinhte,D,2026-10-10
2018-09-14,5.131719,%,dulieukinhte,D,2026-10-10
2018-09-17,5.078831,%,dulieukinhte,D,2026-10-10
2018-09-18,5.142294,%,dulieukinhte,D,2026-10-10
2018-09-19,4.979434,%,dulieukinhte,D,2026-10-10
2018-09-20,5.043974,%,dulieukinhte,D,2026-10-10
2018-09-21,5.081235,%,dulieukinhte,D,2026-10-10
2018-09-24,5.068077,%,dulieukinhte,D,2026-10-10
2018-09-25,5.040603,%,dulieukinhte,D,2026-10-10
2018-09-26,5.065493,%,dulieukinhte,D,2026-10-10
2018-09-27,5.082489,%,dulieukinhte,D,2026-10-10
2018-09-28,5.073844,%,dulieukinhte,D,2026-10-10
2018-10-01,5.00514,%,dulieukinhte,D,2026-10-10
2018-10-02,5.102808,%,dulieukinhte,D,2026-10-10
2018-10-03,5.062942,%,dulieukinhte,D,2026-10-10
2018-10-04,5.057657,%,dulieukinhte,D,2026-10-10
2018-10-05,5.078246,%,dulieukinhte,D,2026-10-10
2018-10-08,5.066727,%,dulieukinhte,D,2026-10-10
2018-10-09,5.04718,%,dulieukinhte,D,2026-10-10
2018-10-10,5.077116,%,dulieukinhte,D,2026-10-10
2018-10-11,5.129739,%,dulieukinhte,D,2026-10-10
2018-10-12,5.131773,%,dulieukinhte,D,2026-10-10
2018-10-15,5.131993,%,dulieukinhte,D,2026-10-10
2018-10-16,5.119055,%,dulieukinhte,D,2026-10-10
2018-10-17,5.113225,%,dulieukinhte,D,2026-10-10
2018-10-18,5.155668,%,dulieukinhte,D,2026-10-10
2018-10-19,5.16417,%,dulieukinhte,D,2026-10-10
2018-10-22,5.150262,%,dulieukinhte,D,2026-10-10
2018-10-23,5.05544,%,dulieukinhte,D,2026-10-10
2018-10-24,5.117509,%,dulieukinhte,D,2026-10-10
2018-10-25,5.219369,%,dulieukinhte,D,2026-10-10
2018-10-26,5.1766,%,dulieukinhte,D,2026-10-10
2018-10-29,5.138543,%,dulieukinhte,D,2026-10-10
2018-10-30,5.19506,%,dulieukinhte,D,2026-10-10
2018-10-31,5.216221,%,dulieukinhte,D,2026-10-10
2018-11-01,5.226731,%,dulieukinhte,D,2026-10-10
2018-11-02,5.156425,%,dulieukinhte,D,2026-10-10
2018-11-05,5.237885,%,dulieukinhte,D,2026-10-10
2018-11-06,5.232938,%,dulieukinhte,D,2026-10-10
2018-11-07,5.146838,%,dulieukinhte,D,2026-10-10
2018-11-08,5.20172,%,dulieukinhte,D,2026-10-10
2018-11-09,5.198137,%,dulieukinhte,D,2026-10-10
2018-11-12,5.156492,%,dulieukinhte,D,2026-10-10
2018-11-13,5.159493,%,dulieukinhte,D,2026-10-10
2018-11-14,5.19479,%,dulieukinhte,D,2026-10-10
2018-11-15,5.185616,%,dulieukinhte,D,2026-10-10
2018-11-16,5.189006,%,dulieukinhte,D,2026-10-10
2018-11-19,5.228869,%,dulieukinhte,D,2026-10-10
2018-11-20,5.206524,%,dulieukinhte,D,2026-10-10
2018-11-21,5.141656,%,dulieukinhte,D,2026-10-10
2018-11-22,5.195876,%,dulieukinhte,D,2026-10-10
2018-11-23,5.176025,%,dulieukinhte,D,2026-10-10
2018-11-26,5.18475,%,dulieukinhte,D,2026-10-10
2018-11-27,5.18127,%,dulieukinhte,D,2026-10-10
2018-11-28,5.218773,%,dulieukinhte,D,2026-10-10
2018-11-29,5.162693,%,dulieukinhte,D,2026-10-10
2018-11-30,5.137281,%,dulieukinhte,D,2026-10-10
2018-12-03,5.124325,%,dulieukinhte,D,2026-10-10
2018-12-04,5.135266,%,dulieukinhte,D,2026-10-10
2018-12-05,5.164316,%,dulieukinhte,D,2026-10-10
2018-12-06,5.139658,%,dulieukinhte,D,2026-10-10
2018-12-07,5.117524,%,dulieukinhte,D,2026-10-10
2018-12-10,5.164236,%,dulieukinhte,D,2026-10-10
2018-12-11,5.185631,%,dulieukinhte,D,2026-10-10
2018-12-12,5.166582,%,dulieukinhte,D,2026-10-10
2018-12-13,5.040815,%,dulieukinhte,D,2026-10-10
2018-12-14,5.178154,%,dulieukinhte,D,2026-10-10
2018-12-17,5.11068,%,dulieukinhte,D,2026-10-10
2018-12-18,5.105053,%,dulieukinhte,D,2026-10-10
2018-12-19,5.10023,%,dulieukinhte,D,2026-10-10
2018-12-20,5.093538,%,dulieukinhte,D,2026-10-10
2018-12-21,5.18164,%,dulieukinhte,D,2026-10-10
2018-12-24,5.164891,%,dulieukinhte,D,2026-10-10
2018-12-25,5.078881,%,dulieukinhte,D,2026-10-10
2018-12-26,5.041867,%,dulieukinhte,D,2026-10-10
2018-12-27,5.069057,%,dulieukinhte,D,2026-10-10
2018-12-28,5.063025,%,dulieukinhte,D,2026-10-10
2019-01-02,5.136544,%,dulieukinhte,D,2026-10-10
2019-01-03,5.14819,%,dulieukinhte,D,2026-10-10
2019-01-04,5.158857,%,dulieukinhte,D,2026-10-10
2019-01-07,4.967457,%,dulieukinhte,D,2026-10-10
2019-01-08,5.054483,%,dulieukinhte,D,2026-10-10
2019-01-09,5.041988,%,dulieukinhte,D,2026-10-10
2019-01-10,4.979684,%,dulieukinhte,D,2026-10-10
2019-01-11,4.904384,%,dulieukinhte,D,2026-10-10
2019-01-14,4.883584,%,dulieukinhte,D,2026-10-10
2019-01-15,4.899528,%,dulieukinhte,D,2026-10-10
2019-01-16,4.865142,%,dulieukinhte,D,2026-10-10
2019-01-17,4.939569,%,dulieukinhte,D,2026-10-10
2019-01-18,4.929074,%,dulieukinhte,D,2026-10-10
2019-01-21,4.815013,%,dulieukinhte,D,2026-10-10
2019-01-22,4.900742,%,dulieukinhte,D,2026-10-10
2019-01-23,4.896384,%,dulieukinhte,D,2026-10-10
2019-01-24,4.891363,%,dulieukinhte,D,2026-10-10
2019-01-25,4.809811,%,dulieukinhte,D,2026-10-10
2019-01-28,4.903515,%,dulieukinhte,D,2026-10-10
2019-01-29,4.900494,%,dulieukinhte,D,2026-10-10
2019-01-30,4.783583,%,dulieukinhte,D,2026-10-10
2019-01-31,4.861632,%,dulieukinhte,D,2026-10-10
2019-02-01,4.791331,%,dulieukinhte,D,2026-10-10
2019-02-11,4.794878,%,dulieukinhte,D,2026-10-10
2019-02-12,4.683711,%,dulieukinhte,D,2026-10-10
2019-02-13,4.777461,%,dulieukinhte,D,2026-10-10
2019-02-14,4.740817,%,dulieukinhte,D,2026-10-10
2019-02-15,4.757999,%,dulieukinhte,D,2026-10-10
2019-02-18,4.683239,%,dulieukinhte,D,2026-10-10
2019-02-19,4.722577,%,dulieukinhte,D,2026-10-10
2019-02-20,4.763184,%,dulieukinhte,D,2026-10-10
2019-02-21,4.748374,%,dulieukinhte,D,2026-10-10
2019-02-22,4.751905,%,dulieukinhte,D,2026-10-10
2019-02-25,4.714335,%,dulieukinhte,D,2026-10-10
2019-02-26,4.794465,%,dulieukinhte,D,2026-10-10
2019-02-27,4.725893,%,dulieukinhte,D,2026-10-10
2019-02-28,4.71737,%,dulieukinhte,D,2026-10-10
2019-03-01,4.743457,%,dulieukinhte,D,2026-10-10
2019-03-04,4.796099,%,dulieukinhte,D,2026-10-10
2019-03-05,4.724621,%,dulieukinhte,D,2026-10-10
2019-03-06,4.677215,%,dulieukinhte,D,2026-10-10
2019-03-07,4.723897,%,dulieukinhte,D,2026-10-10
2019-03-08,4.809489,%,dulieukinhte,D,2026-10-10
2019-03-11,4.749032,%,dulieukinhte,D,2026-10-10
2019-03-12,4.769302,%,dulieukinhte,D,2026-10-10
2019-03-13,4.801684,%,dulieukinhte,D,2026-10-10
2019-03-14,4.769577,%,dulieukinhte,D,2026-10-10
2019-03-15,4.842321,%,dulieukinhte,D,2026-10-10
2019-03-18,4.762495,%,dulieukinhte,D,2026-10-10
2019-03-19,4.764426,%,dulieukinhte,D,2026-10-10
2019-03-20,4.727252,%,dulieukinhte,D,2026-10-10
2019-03-21,4.763387,%,dulieukinhte,D,2026-10-10
2019-03-22,4.786411,%,dulieukinhte,D,2026-10-10
2019-03-25,4.794138,%,dulieukinhte,D,2026-10-10
2019-03-26,4.871508,%,dulieukinhte,D,2026-10-10
2019-03-27,4.808187,%,dulieukinhte,D,2026-10-10
2019-03-28,4.875634,%,dulieukinhte,D,2026-10-10
2019-03-29,4.811072,%,dulieukinhte,D,2026-10-10
2019-04-01,4.898329,%,dulieukinhte,D,2026-10-10
2019-04-02,4.784496,%,dulieukinhte,D,2026-10-10
2019-04-03,4.881118,%,dulieukinhte,D,2026-10-10
2019-04-04,4.769884,%,dulieukinhte,D,2026-10-10
2019-04-05,4.767229,%,dulieukinhte,D,2026-10-10
2019-04-08,4.761466,%,dulieukinhte,D,2026-10-10
2019-04-09,4.862074,%,dulieukinhte,D,2026-10-10
2019-04-10,4.780361,%,dulieukinhte,D,2026-10-10
2019-04-11,4.755039,%,dulieukinhte,D,2026-10-10
2019-04-12,4.70378,%,dulieukinhte,D,2026-10-10
2019-04-16,4.742556,%,dulieukinhte,D,2026-10-10
2019-04-17,4.801599,%,dulieukinhte,D,2026-10-10
2019-04-18,4.850419,%,dulieukinhte,D,2026-10-10
2019-04-19,4.854994,%,dulieukinhte,D,2026-10-10
2019-04-22,4.692824,%,dulieukinhte,D,2026-10-10
2019-04-23,4.775325,%,dulieukinhte,D,2026-10-10
2019-04-24,4.769442,%,dulieukinhte,D,2026-10-10
2019-04-25,4.777528,%,dulieukinhte,D,2026-10-10
2019-04-26,4.780855,%,dulieukinhte,D,2026-10-10
2019-05-02,4.662386,%,dulieukinhte,D,2026-10-10
2019-05-03,4.764246,%,dulieukinhte,D,2026-10-10
2019-05-06,4.774831,%,dulieukinhte,D,2026-10-10
2019-05-07,4.781569,%,dulieukinhte,D,2026-10-10
2019-05-08,4.838592,%,dulieukinhte,D,2026-10-10
2019-05-09,4.776997,%,dulieukinhte,D,2026-10-10
2019-05-10,4.76539,%,dulieukinhte,D,2026-10-10
2019-05-13,4.874177,%,dulieukinhte,D,2026-10-10
2019-05-14,4.789523,%,dulieukinhte,D,2026-10-10
2019-05-15,4.799351,%,dulieukinhte,D,2026-10-10
2019-05-16,4.813096,%,dulieukinhte,D,2026-10-10
2019-05-17,4.750484,%,dulieukinhte,D,2026-10-10
2019-05-20,4.772809,%,dulieukinhte,D,2026-10-10
2019-05-21,4.767452,%,dulieukinhte,D,2026-10-10
2019-05-22,4.773278,%,dulieukinhte,D,2026-10-10
2019-05-23,4.759092,%,dulieukinhte,D,2026-10-10
2019-05-24,4.789,%,dulieukinhte,D,2026-10-10
2019-05-27,4.738632,%,dulieukinhte,D,2026-10-10
2019-05-28,4.777382,%,dulieukinhte,D,2026-10-10
2019-05-29,4.751416,%,dulieukinhte,D,2026-10-10
2019-05-30,4.798045,%,dulieukinhte,D,2026-10-10
2019-05-31,4.753644,%,dulieukinhte,D,2026-10-10
2019-06-03,4.728367,%,dulieukinhte,D,2026-10-10
2019-06-04,4.728479,%,dulieukinhte,D,2026-10-10
2019-06-05,4.716452,%,dulieukinhte,D,2026-10-10
2019-06-06,4.739241,%,dulieukinhte,D,2026-10-10
2019-06-07,4.735266,%,dulieukinhte,D,2026-10-10
2019-06-10,4.740356,%,dulieukinhte,D,2026-10-10
2019-06-11,4.739739,%,dulieukinhte,D,2026-10-10
2019-06-12,4.754214,%,dulieukinhte,D,2026-10-10
2019-06-13,4.7725,%,dulieukinhte,D,2026-10-10
2019-06-14,4.752904,%,dulieukinhte,D,2026-10-10
2019-06-17,4.727933,%,dulieukinhte,D,2026-10-10
2019-06-18,4.787035,%,dulieukinhte,D,2026-10-10
2019-06-19,4.71728,%,dulieukinhte,D,2026-10-10
2019-06-20,4.71488,%,dulieukinhte,D,2026-10-10
2019-06-21,4.710851,%,dulieukinhte,D,2026-10-10
2019-06-24,4.716887,%,dulieukinhte,D,2026-10-10
2019-06-25,4.725602,%,dulieukinhte,D,2026-10-10
2019-06-26,4.709727,%,dulieukinhte,D,2026-10-10
2019-06-27,4.73237,%,dulieukinhte,D,2026-10-10
2019-06-28,4.723181,%,dulieukinhte,D,2026-10-10
2019-07-01,4.711183,%,dulieukinhte,D,2026-10-10
2019-07-02,4.714112,%,dulieukinhte,D,2026-10-10
2019-07-03,4.708444,%,dulieukinhte,D,2026-10-10
2019-07-04,4.68509,%,dulieukinhte,D,2026-10-10
2019-07-05,4.670188,%,dulieukinhte,D,2026-10-10
2019-07-08,4.699888,%,dulieukinhte,D,2026-10-10
2019-07-09,4.671748,%,dulieukinhte,D,2026-10-10
2019-07-10,4.726742,%,dulieukinhte,D,2026-10-10
2019-07-11,4.676637,%,dulieukinhte,D,2026-10-10
2019-07-12,4.632403,%,dulieukinhte,D,2026-10-10
2019-07-15,4.576363,%,dulieukinhte,D,2026-10-10
2019-07-16,4.565695,%,dulieukinhte,D,2026-10-10
2019-07-17,4.551144,%,dulieukinhte,D,2026-10-10
2019-07-18,4.571769,%,dulieukinhte,D,2026-10-10
2019-07-19,4.621287,%,dulieukinhte,D,2026-10-10
2019-07-22,4.526512,%,dulieukinhte,D,2026-10-10
2019-07-23,4.485029,%,dulieukinhte,D,2026-10-10
2019-07-24,4.535059,%,dulieukinhte,D,2026-10-10
2019-07-25,4.524547,%,dulieukinhte,D,2026-10-10
2019-07-26,4.501145,%,dulieukinhte,D,2026-10-10
2019-07-29,4.490327,%,dulieukinhte,D,2026-10-10
2019-07-30,4.460944,%,dulieukinhte,D,2026-10-10
2019-07-31,4.47403,%,dulieukinhte,D,2026-10-10
2019-08-01,4.430735,%,dulieukinhte,D,2026-10-10
2019-08-02,4.281789,%,dulieukinhte,D,2026-10-10
2019-08-05,4.399945,%,dulieukinhte,D,2026-10-10
2019-08-06,4.424326,%,dulieukinhte,D,2026-10-10
2019-08-07,4.528638,%,dulieukinhte,D,2026-10-10
2019-08-08,4.517615,%,dulieukinhte,D,2026-10-10
2019-08-09,4.423305,%,dulieukinhte,D,2026-10-10
2019-08-12,4.452897,%,dulieukinhte,D,2026-10-10
2019-08-13,4.443661,%,dulieukinhte,D,2026-10-10
2019-08-14,4.430804,%,dulieukinhte,D,2026-10-10
2019-08-15,4.387591,%,dulieukinhte,D,2026-10-10
2019-08-16,4.359511,%,dulieukinhte,D,2026-10-10
2019-08-19,4.338497,%,dulieukinhte,D,2026-10-10
2019-08-20,4.306083,%,dulieukinhte,D,2026-10-10
2019-08-21,4.287346,%,dulieukinhte,D,2026-10-10
2019-08-22,4.193506,%,dulieukinhte,D,2026-10-10
2019-08-23,4.230409,%,dulieukinhte,D,2026-10-10
2019-08-26,4.208591,%,dulieukinhte,D,2026-10-10
2019-08-27,4.287177,%,dulieukinhte,D,2026-10-10
2019-08-28,4.284612,%,dulieukinhte,D,2026-10-10
2019-08-29,4.23074,%,dulieukinhte,D,2026-10-10
2019-08-30,4.291034,%,dulieukinhte,D,2026-10-10
2019-09-03,4.155598,%,dulieukinhte,D,2026-10-10
2019-09-04,4.245018,%,dulieukinhte,D,2026-10-10
2019-09-05,4.155304,%,dulieukinhte,D,2026-10-10
2019-09-06,4.084575,%,dulieukinhte,D,2026-10-10
2019-09-09,4.111221,%,dulieukinhte,D,2026-10-10
2019-09-10,4.095551,%,dulieukinhte,D,2026-10-10
2019-09-11,4.139227,%,dulieukinhte,D,2026-10-10
2019-09-12,4.132511,%,dulieukinhte,D,2026-10-10
2019-09-13,4.189924,%,dulieukinhte,D,2026-10-10
2019-09-16,4.01163,%,dulieukinhte,D,2026-10-10
2019-09-17,3.992368,%,dulieukinhte,D,2026-10-10
2019-09-18,3.972438,%,dulieukinhte,D,2026-10-10
2019-09-19,4.018531,%,dulieukinhte,D,2026-10-10
2019-09-20,3.996513,%,dulieukinhte,D,2026-10-10
2019-09-23,4.064086,%,dulieukinhte,D,2026-10-10
2019-09-24,4.024139,%,dulieukinhte,D,2026-10-10
2019-09-25,3.896965,%,dulieukinhte,D,2026-10-10
2019-09-26,4.010458,%,dulieukinhte,D,2026-10-10
2019-09-27,3.95027,%,dulieukinhte,D,2026-10-10
2019-09-30,4.100992,%,dulieukinhte,D,2026-10-10
2019-10-01,4.086347,%,dulieukinhte,D,2026-10-10
2019-10-02,3.986871,%,dulieukinhte,D,2026-10-10
2019-10-03,4.03862,%,dulieukinhte,D,2026-10-10
2019-10-04,3.954868,%,dulieukinhte,D,2026-10-10
2019-10-07,3.991873,%,dulieukinhte,D,2026-10-10
2019-10-08,3.941415,%,dulieukinhte,D,2026-10-10
2019-10-09,3.989758,%,dulieukinhte,D,2026-10-10
2019-10-10,4.017318,%,dulieukinhte,D,2026-10-10
2019-10-11,4.022457,%,dulieukinhte,D,2026-10-10
2019-10-14,3.947687,%,dulieukinhte,D,2026-10-10
2019-10-15,4.003105,%,dulieukinhte,D,2026-10-10
2019-10-16,3.982014,%,dulieukinhte,D,2026-10-10
2019-10-17,3.847019,%,dulieukinhte,D,2026-10-10
2019-10-18,3.757478,%,dulieukinhte,D,2026-10-10
2019-10-21,3.709637,%,dulieukinhte,D,2026-10-10
2019-10-22,3.621947,%,dulieukinhte,D,2026-10-10
2019-10-23,3.600543,%,dulieukinhte,D,2026-10-10
2019-10-24,3.497376,%,dulieukinhte,D,2026-10-10
2019-10-25,3.58504,%,dulieukinhte,D,2026-10-10
2019-10-28,3.56166,%,dulieukinhte,D,2026-10-10
2019-10-29,3.589555,%,dulieukinhte,D,2026-10-10
2019-10-30,3.570549,%,dulieukinhte,D,2026-10-10
2019-10-31,3.547868,%,dulieukinhte,D,2026-10-10
2019-11-01,3.546516,%,dulieukinhte,D,2026-10-10
2019-11-04,3.565447,%,dulieukinhte,D,2026-10-10
2019-11-05,3.645294,%,dulieukinhte,D,2026-10-10
2019-11-06,3.4957,%,dulieukinhte,D,2026-10-10
2019-11-07,3.570969,%,dulieukinhte,D,2026-10-10
2019-11-08,3.538809,%,dulieukinhte,D,2026-10-10
2019-11-11,3.64091,%,dulieukinhte,D,2026-10-10
2019-11-12,3.780373,%,dulieukinhte,D,2026-10-10
2019-11-13,3.567237,%,dulieukinhte,D,2026-10-10
2019-11-14,3.611051,%,dulieukinhte,D,2026-10-10
2019-11-15,3.64004,%,dulieukinhte,D,2026-10-10
2019-11-18,3.771361,%,dulieukinhte,D,2026-10-10
2019-11-19,3.695105,%,dulieukinhte,D,2026-10-10
2019-11-20,3.707775,%,dulieukinhte,D,2026-10-10
2019-11-21,3.585731,%,dulieukinhte,D,2026-10-10
2019-11-22,3.703166,%,dulieukinhte,D,2026-10-10
2019-11-25,3.719282,%,dulieukinhte,D,2026-10-10
2019-11-26,3.557337,%,dulieukinhte,D,2026-10-10
2019-11-27,3.770134,%,dulieukinhte,D,2026-10-10
2019-11-28,3.641509,%,dulieukinhte,D,2026-10-10
2019-11-29,3.469154,%,dulieukinhte,D,2026-10-10
2019-12-02,3.524123,%,dulieukinhte,D,2026-10-10
2019-12-03,3.461388,%,dulieukinhte,D,2026-10-10
2019-12-04,3.47407,%,dulieukinhte,D,2026-10-10
2019-12-05,3.653833,%,dulieukinhte,D,2026-10-10
2019-12-06,3.49149,%,dulieukinhte,D,2026-10-10
2019-12-09,3.388357,%,dulieukinhte,D,2026-10-10
2019-12-10,3.528656,%,dulieukinhte,D,2026-10-10
2019-12-11,3.539375,%,dulieukinhte,D,2026-10-10
2019-12-12,3.571608,%,dulieukinhte,D,2026-10-10
2019-12-13,3.567308,%,dulieukinhte,D,2026-10-10
2019-12-16,3.737398,%,dulieukinhte,D,2026-10-10
2019-12-17,3.535647,%,dulieukinhte,D,2026-10-10
2019-12-18,3.50407,%,dulieukinhte,D,2026-10-10
2019-12-19,3.435885,%,dulieukinhte,D,2026-10-10
2019-12-20,3.471022,%,dulieukinhte,D,2026-10-10
2019-12-23,3.671834,%,dulieukinhte,D,2026-10-10
2019-12-24,3.713616,%,dulieukinhte,D,2026-10-10
2019-12-25,3.326619,%,dulieukinhte,D,2026-10-10
2019-12-26,3.438795,%,dulieukinhte,D,2026-10-10
2019-12-27,3.46591,%,dulieukinhte,D,2026-10-10
2019-12-30,3.202718,%,dulieukinhte,D,2026-10-10
2019-12-31,3.274899,%,dulieukinhte,D,2026-10-10
2020-01-02,3.426771,%,dulieukinhte,D,2026-10-10
2020-01-03,3.302804,%,dulieukinhte,D,2026-10-10
2020-01-06,3.248626,%,dulieukinhte,D,2026-10-10
2020-01-07,3.098751,%,dulieukinhte,D,2026-10-10
2020-01-08,3.115249,%,dulieukinhte,D,2026-10-10
2020-01-09,3.090945,%,dulieukinhte,D,2026-10-10
2020-01-10,2.936884,%,dulieukinhte,D,2026-10-10
2020-01-13,3.157316,%,dulieukinhte,D,2026-10-10
2020-01-14,2.919824,%,dulieukinhte,D,2026-10-10
2020-01-15,3.165649,%,dulieukinhte,D,2026-10-10
2020-01-16,2.977858,%,dulieukinhte,D,2026-10-10
2020-01-17,2.854611,%,dulieukinhte,D,2026-10-10
2020-01-20,2.576838,%,dulieukinhte,D,2026-10-10
2020-01-21,2.91461,%,dulieukinhte,D,2026-10-10
2020-01-22,2.893537,%,dulieukinhte,D,2026-10-10
2020-01-30,2.845665,%,dulieukinhte,D,2026-10-10
2020-01-31,2.916334,%,dulieukinhte,D,2026-10-10
2020-02-03,3.102193,%,dulieukinhte,D,2026-10-10
2020-02-04,3.042702,%,dulieukinhte,D,2026-10-10
2020-02-05,3.060384,%,dulieukinhte,D,2026-10-10
2020-02-06,3.010349,%,dulieukinhte,D,2026-10-10
2020-02-07,2.942524,%,dulieukinhte,D,2026-10-10
2020-02-10,2.863285,%,dulieukinhte,D,2026-10-10
2020-02-11,2.925284,%,dulieukinhte,D,2026-10-10
2020-02-12,3.002927,%,dulieukinhte,D,2026-10-10
2020-02-13,2.921517,%,dulieukinhte,D,2026-10-10
2020-02-14,2.929845,%,dulieukinhte,D,2026-10-10
2020-02-17,2.931417,%,dulieukinhte,D,2026-10-10
2020-02-18,2.839979,%,dulieukinhte,D,2026-10-10
2020-02-19,2.801976,%,dulieukinhte,D,2026-10-10
2020-02-20,2.714176,%,dulieukinhte,D,2026-10-10
2020-02-21,2.718978,%,dulieukinhte,D,2026-10-10
2020-02-24,2.677871,%,dulieukinhte,D,2026-10-10
2020-02-25,2.762785,%,dulieukinhte,D,2026-10-10
2020-02-26,2.730025,%,dulieukinhte,D,2026-10-10
2020-02-27,2.700078,%,dulieukinhte,D,2026-10-10
2020-02-28,2.808964,%,dulieukinhte,D,2026-10-10
2020-03-02,2.84587,%,dulieukinhte,D,2026-10-10
2020-03-03,2.694261,%,dulieukinhte,D,2026-10-10
2020-03-04,2.675165,%,dulieukinhte,D,2026-10-10
2020-03-05,2.554273,%,dulieukinhte,D,2026-10-10
2020-03-06,2.36803,%,dulieukinhte,D,2026-10-10
2020-03-09,2.254871,%,dulieukinhte,D,2026-10-10
2020-03-10,2.117301,%,dulieukinhte,D,2026-10-10
2020-03-11,2.139746,%,dulieukinhte,D,2026-10-10
2020-03-12,2.198457,%,dulieukinhte,D,2026-10-10
2020-03-13,2.196371,%,dulieukinhte,D,2026-10-10
2020-03-16,2.290827,%,dulieukinhte,D,2026-10-10
2020-03-17,2.250307,%,dulieukinhte,D,2026-10-10
2020-03-18,2.346018,%,dulieukinhte,D,2026-10-10
2020-03-19,2.388011,%,dulieukinhte,D,2026-10-10
2020-03-20,2.717378,%,dulieukinhte,D,2026-10-10
2020-03-23,2.622928,%,dulieukinhte,D,2026-10-10
2020-03-24,2.906404,%,dulieukinhte,D,2026-10-10
2020-03-25,2.777459,%,dulieukinhte,D,2026-10-10
2020-03-26,2.899558,%,dulieukinhte,D,2026-10-10
2020-03-27,2.919977,%,dulieukinhte,D,2026-10-10
2020-03-30,3.120147,%,dulieukinhte,D,2026-10-10
2020-03-31,3.32476,%,dulieukinhte,D,2026-10-10
2020-04-01,3.296866,%,dulieukinhte,D,2026-10-10
2020-04-03,3.336175,%,dulieukinhte,D,2026-10-10
2020-04-06,3.366507,%,dulieukinhte,D,2026-10-10
2020-04-07,3.362203,%,dulieukinhte,D,2026-10-10
2020-04-08,3.135182,%,dulieukinhte,D,2026-10-10
2020-04-09,3.05607,%,dulieukinhte,D,2026-10-10
2020-04-10,3.043694,%,dulieukinhte,D,2026-10-10
2020-04-13,3.01897,%,dulieukinhte,D,2026-10-10
2020-04-14,3.038223,%,dulieukinhte,D,2026-10-10
2020-04-15,3.07033,%,dulieukinhte,D,2026-10-10
2020-04-16,3.105231,%,dulieukinhte,D,2026-10-10
2020-04-17,3.083005,%,dulieukinhte,D,2026-10-10
2020-04-20,3.143898,%,dulieukinhte,D,2026-10-10
2020-04-21,3.066588,%,dulieukinhte,D,2026-10-10
2020-04-22,3.147653,%,dulieukinhte,D,2026-10-10
2020-04-23,3.109905,%,dulieukinhte,D,2026-10-10
2020-04-24,3.112562,%,dulieukinhte,D,2026-10-10
2020-04-27,3.001023,%,dulieukinhte,D,2026-10-10
2020-04-28,3.006422,%,dulieukinhte,D,2026-10-10
2020-04-29,2.993434,%,dulieukinhte,D,2026-10-10
2020-05-04,2.946644,%,dulieukinhte,D,2026-10-10
2020-05-05,2.934325,%,dulieukinhte,D,2026-10-10
2020-05-06,2.933012,%,dulieukinhte,D,2026-10-10
2020-05-07,2.896275,%,dulieukinhte,D,2026-10-10
2020-05-08,2.866855,%,dulieukinhte,D,2026-10-10
2020-05-11,2.930553,%,dulieukinhte,D,2026-10-10
2020-05-12,2.929616,%,dulieukinhte,D,2026-10-10
2020-05-13,2.945016,%,dulieukinhte,D,2026-10-10
2020-05-14,3.000451,%,dulieukinhte,D,2026-10-10
2020-05-15,2.870871,%,dulieukinhte,D,2026-10-10
2020-05-18,2.870631,%,dulieukinhte,D,2026-10-10
2020-05-19,2.895369,%,dulieukinhte,D,2026-10-10
2020-05-20,2.913503,%,dulieukinhte,D,2026-10-10
2020-05-21,2.910888,%,dulieukinhte,D,2026-10-10
2020-05-22,2.863212,%,dulieukinhte,D,2026-10-10
2020-05-25,2.961409,%,dulieukinhte,D,2026-10-10
2020-05-26,2.952142,%,dulieukinhte,D,2026-10-10
2020-05-27,2.988183,%,dulieukinhte,D,2026-10-10
2020-05-28,3.059262,%,dulieukinhte,D,2026-10-10
2020-05-29,3.099271,%,dulieukinhte,D,2026-10-10
2020-06-01,3.121398,%,dulieukinhte,D,2026-10-10
2020-06-02,3.124589,%,dulieukinhte,D,2026-10-10
2020-06-03,3.056067,%,dulieukinhte,D,2026-10-10
2020-06-04,3.093164,%,dulieukinhte,D,2026-10-10
2020-06-05,3.102445,%,dulieukinhte,D,2026-10-10
2020-06-08,3.028008,%,dulieukinhte,D,2026-10-10
2020-06-09,3.003814,%,dulieukinhte,D,2026-10-10
2020-06-10,3.064685,%,dulieukinhte,D,2026-10-10
2020-06-11,3.061885,%,dulieukinhte,D,2026-10-10
2020-06-12,3.088602,%,dulieukinhte,D,2026-10-10
2020-06-15,3.03273,%,dulieukinhte,D,2026-10-10
2020-06-16,3.090445,%,dulieukinhte,D,2026-10-10
2020-06-17,2.984833,%,dulieukinhte,D,2026-10-10
2020-06-18,2.977323,%,dulieukinhte,D,2026-10-10
2020-06-19,3.069549,%,dulieukinhte,D,2026-10-10
2020-06-22,3.038991,%,dulieukinhte,D,2026-10-10
2020-06-23,3.01428,%,dulieukinhte,D,2026-10-10
2020-06-24,3.04355,%,dulieukinhte,D,2026-10-10
2020-06-25,3.003745,%,dulieukinhte,D,2026-10-10
2020-06-26,2.936081,%,dulieukinhte,D,2026-10-10
2020-06-29,3.038258,%,dulieukinhte,D,2026-10-10
2020-06-30,2.970297,%,dulieukinhte,D,2026-10-10
2020-07-01,3.121287,%,dulieukinhte,D,2026-10-10
2020-07-02,2.989644,%,dulieukinhte,D,2026-10-10
2020-07-03,2.941978,%,dulieukinhte,D,2026-10-10
2020-07-06,3.030575,%,dulieukinhte,D,2026-10-10
2020-07-07,2.970194,%,dulieukinhte,D,2026-10-10
2020-07-08,2.904931,%,dulieukinhte,D,2026-10-10
2020-07-09,2.983379,%,dulieukinhte,D,2026-10-10
2020-07-10,2.947863,%,dulieukinhte,D,2026-10-10
2020-07-13,3.039924,%,dulieukinhte,D,2026-10-10
2020-07-14,3.023888,%,dulieukinhte,D,2026-10-10
2020-07-15,2.931302,%,dulieukinhte,D,2026-10-10
2020-07-16,2.94001,%,dulieukinhte,D,2026-10-10
2020-07-17,2.947917,%,dulieukinhte,D,2026-10-10
2020-07-20,2.945132,%,dulieukinhte,D,2026-10-10
2020-07-21,2.999014,%,dulieukinhte,D,2026-10-10
2020-07-22,2.793678,%,dulieukinhte,D,2026-10-10
2020-07-23,2.819596,%,dulieukinhte,D,2026-10-10
2020-07-24,2.792993,%,dulieukinhte,D,2026-10-10
2020-07-27,2.753945,%,dulieukinhte,D,2026-10-10
2020-07-28,2.765474,%,dulieukinhte,D,2026-10-10
2020-07-29,2.810138,%,dulieukinhte,D,2026-10-10
2020-07-30,2.835966,%,dulieukinhte,D,2026-10-10
2020-07-31,2.943917,%,dulieukinhte,D,2026-10-10
2020-08-03,2.924678,%,dulieukinhte,D,2026-10-10
2020-08-04,2.781737,%,dulieukinhte,D,2026-10-10
2020-08-05,2.905063,%,dulieukinhte,D,2026-10-10
2020-08-06,2.870999,%,dulieukinhte,D,2026-10-10
2020-08-07,2.884821,%,dulieukinhte,D,2026-10-10
2020-08-10,2.71724,%,dulieukinhte,D,2026-10-10
2020-08-11,2.729575,%,dulieukinhte,D,2026-10-10
2020-08-12,2.741219,%,dulieukinhte,D,2026-10-10
2020-08-13,2.75074,%,dulieukinhte,D,2026-10-10
2020-08-14,2.775898,%,dulieukinhte,D,2026-10-10
2020-08-17,2.904439,%,dulieukinhte,D,2026-10-10
2020-08-18,2.786831,%,dulieukinhte,D,2026-10-10
2020-08-19,2.766366,%,dulieukinhte,D,2026-10-10
2020-08-20,3.013218,%,dulieukinhte,D,2026-10-10
2020-08-21,2.80791,%,dulieukinhte,D,2026-10-10
2020-08-24,2.7751,%,dulieukinhte,D,2026-10-10
2020-08-25,2.866978,%,dulieukinhte,D,2026-10-10
2020-08-26,2.775584,%,dulieukinhte,D,2026-10-10
2020-08-27,2.804729,%,dulieukinhte,D,2026-10-10
2020-08-28,2.774907,%,dulieukinhte,D,2026-10-10
2020-08-31,2.836033,%,dulieukinhte,D,2026-10-10
2020-09-01,2.923553,%,dulieukinhte,D,2026-10-10
2020-09-03,2.792461,%,dulieukinhte,D,2026-10-10
2020-09-04,2.800979,%,dulieukinhte,D,2026-10-10
2020-09-07,2.905692,%,dulieukinhte,D,2026-10-10
2020-09-08,2.759581,%,dulieukinhte,D,2026-10-10
2020-09-09,2.805863,%,dulieukinhte,D,2026-10-10
2020-09-10,2.81414,%,dulieukinhte,D,2026-10-10
2020-09-11,2.989012,%,dulieukinhte,D,2026-10-10
2020-09-14,2.839362,%,dulieukinhte,D,2026-10-10
2020-09-15,2.783406,%,dulieukinhte,D,2026-10-10
2020-09-16,2.75873,%,dulieukinhte,D,2026-10-10
2020-09-17,2.731924,%,dulieukinhte,D,2026-10-10
2020-09-18,2.627266,%,dulieukinhte,D,2026-10-10
2020-09-21,2.565152,%,dulieukinhte,D,2026-10-10
2020-09-22,2.467048,%,dulieukinhte,D,2026-10-10
2020-09-23,2.423388,%,dulieukinhte,D,2026-10-10
2020-09-24,2.688315,%,dulieukinhte,D,2026-10-10
2020-09-25,2.429793,%,dulieukinhte,D,2026-10-10
2020-09-28,2.466155,%,dulieukinhte,D,2026-10-10
2020-09-29,2.553625,%,dulieukinhte,D,2026-10-10
2020-09-30,2.452399,%,dulieukinhte,D,2026-10-10
2020-10-01,2.688743,%,dulieukinhte,D,2026-10-10
2020-10-02,2.605973,%,dulieukinhte,D,2026-10-10
2020-10-05,2.355109,%,dulieukinhte,D,2026-10-10
2020-10-06,2.278604,%,dulieukinhte,D,2026-10-10
2020-10-07,2.346582,%,dulieukinhte,D,2026-10-10
2020-10-08,2.146823,%,dulieukinhte,D,2026-10-10
2020-10-09,2.351755,%,dulieukinhte,D,2026-10-10
2020-10-12,2.204466,%,dulieukinhte,D,2026-10-10
2020-10-13,2.170886,%,dulieukinhte,D,2026-10-10
2020-10-14,2.521943,%,dulieukinhte,D,2026-10-10
2020-10-15,2.537895,%,dulieukinhte,D,2026-10-10
2020-10-16,2.324848,%,dulieukinhte,D,2026-10-10
2020-10-19,2.342144,%,dulieukinhte,D,2026-10-10
2020-10-20,2.324011,%,dulieukinhte,D,2026-10-10
2020-10-21,2.535319,%,dulieukinhte,D,2026-10-10
2020-10-22,2.170338,%,dulieukinhte,D,2026-10-10
2020-10-23,2.252198,%,dulieukinhte,D,2026-10-10
2020-10-26,2.311769,%,dulieukinhte,D,2026-10-10
2020-10-27,2.218816,%,dulieukinhte,D,2026-10-10
2020-10-28,2.321048,%,dulieukinhte,D,2026-10-10
2020-10-29,2.232492,%,dulieukinhte,D,2026-10-10
2020-10-30,2.444648,%,dulieukinhte,D,2026-10-10
2020-11-02,2.259636,%,dulieukinhte,D,2026-10-10
2020-11-03,2.354543,%,dulieukinhte,D,2026-10-10
2020-11-04,2.324161,%,dulieukinhte,D,2026-10-10
2020-11-05,2.53281,%,dulieukinhte,D,2026-10-10
2020-11-06,2.502714,%,dulieukinhte,D,2026-10-10
2020-11-09,2.358404,%,dulieukinhte,D,2026-10-10
2020-11-10,2.348882,%,dulieukinhte,D,2026-10-10
2020-11-11,2.292858,%,dulieukinhte,D,2026-10-10
2020-11-12,2.260575,%,dulieukinhte,D,2026-10-10
2020-11-13,2.260881,%,dulieukinhte,D,2026-10-10
2020-11-16,2.498782,%,dulieukinhte,D,2026-10-10
2020-11-17,2.463728,%,dulieukinhte,D,2026-10-10
2020-11-18,2.224459,%,dulieukinhte,D,2026-10-10
2020-11-19,2.256777,%,dulieukinhte,D,2026-10-10
2020-11-20,2.219111,%,dulieukinhte,D,2026-10-10
2020-11-23,2.480542,%,dulieukinhte,D,2026-10-10
2020-11-24,2.298197,%,dulieukinhte,D,2026-10-10
2020-11-25,2.269485,%,dulieukinhte,D,2026-10-10
2020-11-26,2.256123,%,dulieukinhte,D,2026-10-10
2020-11-27,2.207181,%,dulieukinhte,D,2026-10-10
2020-11-30,2.288041,%,dulieukinhte,D,2026-10-10
2020-12-01,2.205661,%,dulieukinhte,D,2026-10-10
2020-12-02,2.2879,%,dulieukinhte,D,2026-10-10
2020-12-03,2.113805,%,dulieukinhte,D,2026-10-10
2020-12-04,2.247945,%,dulieukinhte,D,2026-10-10
2020-12-07,2.056919,%,dulieukinhte,D,2026-10-10
2020-12-08,2.051234,%,dulieukinhte,D,2026-10-10
2020-12-09,2.067301,%,dulieukinhte,D,2026-10-10
2020-12-10,2.057368,%,dulieukinhte,D,2026-10-10
2020-12-11,2.067165,%,dulieukinhte,D,2026-10-10
2020-12-14,2.031501,%,dulieukinhte,D,2026-10-10
2020-12-15,2.098383,%,dulieukinhte,D,2026-10-10
2020-12-16,2.071312,%,dulieukinhte,D,2026-10-10
2020-12-17,2.045661,%,dulieukinhte,D,2026-10-10
2020-12-18,2.00993,%,dulieukinhte,D,2026-10-10
2020-12-21,2.169287,%,dulieukinhte,D,2026-10-10
2020-12-22,2.090348,%,dulieukinhte,D,2026-10-10
2020-12-23,2.045099,%,dulieukinhte,D,2026-10-10
2020-12-24,2.048505,%,dulieukinhte,D,2026-10-10
2020-12-25,2.036029,%,dulieukinhte,D,2026-10-10
2020-12-28,2.103803,%,dulieukinhte,D,2026-10-10
2020-12-29,2.026145,%,dulieukinhte,D,2026-10-10
2020-12-30,2.030574,%,dulieukinhte,D,2026-10-10
2020-12-31,2.032801,%,dulieukinhte,D,2026-10-10
2021-01-04,2.086832,%,dulieukinhte,D,2026-10-10
2021-01-05,2.041813,%,dulieukinhte,D,2026-10-10
2021-01-06,2.083536,%,dulieukinhte,D,2026-10-10
2021-01-07,2.056432,%,dulieukinhte,D,2026-10-10
2021-01-08,2.122943,%,dulieukinhte,D,2026-10-10
2021-01-11,2.285017,%,dulieukinhte,D,2026-10-10
2021-01-12,2.120283,%,dulieukinhte,D,2026-10-10
2021-01-13,2.186958,%,dulieukinhte,D,2026-10-10
2021-01-14,2.059879,%,dulieukinhte,D,2026-10-10
2021-01-15,2.02742,%,dulieukinhte,D,2026-10-10
2021-01-18,1.969204,%,dulieukinhte,D,2026-10-10
2021-01-19,1.957085,%,dulieukinhte,D,2026-10-10
2021-01-20,2.014493,%,dulieukinhte,D,2026-10-10
2021-01-21,2.0244,%,dulieukinhte,D,2026-10-10
2021-01-22,2.073926,%,dulieukinhte,D,2026-10-10
2021-01-25,1.935947,%,dulieukinhte,D,2026-10-10
2021-01-26,2.061852,%,dulieukinhte,D,2026-10-10
2021-01-27,2.092996,%,dulieukinhte,D,2026-10-10
2021-01-28,1.956573,%,dulieukinhte,D,2026-10-10
2021-01-29,2.269943,%,dulieukinhte,D,2026-10-10
2021-02-01,2.054435,%,dulieukinhte,D,2026-10-10
2021-02-02,2.187622,%,dulieukinhte,D,2026-10-10
2021-02-03,2.201484,%,dulieukinhte,D,2026-10-10
2021-02-04,2.110228,%,dulieukinhte,D,2026-10-10
2021-02-05,2.064591,%,dulieukinhte,D,2026-10-10
2021-02-08,2.18282,%,dulieukinhte,D,2026-10-10
2021-02-09,2.138737,%,dulieukinhte,D,2026-10-10
2021-02-17,2.046255,%,dulieukinhte,D,2026-10-10
2021-02-18,2.037202,%,dulieukinhte,D,2026-10-10
2021-02-19,2.039498,%,dulieukinhte,D,2026-10-10
2021-02-22,2.017121,%,dulieukinhte,D,2026-10-10
2021-02-23,2.038493,%,dulieukinhte,D,2026-10-10
2021-02-24,2.256126,%,dulieukinhte,D,2026-10-10
2021-02-25,2.197363,%,dulieukinhte,D,2026-10-10
2021-02-26,2.095213,%,dulieukinhte,D,2026-10-10
2021-03-01,2.156467,%,dulieukinhte,D,2026-10-10
2021-03-02,2.129133,%,dulieukinhte,D,2026-10-10
2021-03-03,2.13696,%,dulieukinhte,D,2026-10-10
2021-03-04,2.1047,%,dulieukinhte,D,2026-10-10
2021-03-05,2.117972,%,dulieukinhte,D,2026-10-10
2021-03-08,2.330487,%,dulieukinhte,D,2026-10-10
2021-03-09,2.159015,%,dulieukinhte,D,2026-10-10
2021-03-10,2.192577,%,dulieukinhte,D,2026-10-10
2021-03-11,2.279978,%,dulieukinhte,D,2026-10-10
2021-03-12,2.308057,%,dulieukinhte,D,2026-10-10
2021-03-15,2.289196,%,dulieukinhte,D,2026-10-10
2021-03-16,2.315611,%,dulieukinhte,D,2026-10-10
2021-03-17,2.363149,%,dulieukinhte,D,2026-10-10
2021-03-18,2.459926,%,dulieukinhte,D,2026-10-10
2021-03-19,2.216705,%,dulieukinhte,D,2026-10-10
2021-03-22,2.3744,%,dulieukinhte,D,2026-10-10
2021-03-23,2.166244,%,dulieukinhte,D,2026-10-10
2021-03-24,2.232523,%,dulieukinhte,D,2026-10-10
2021-03-25,2.184612,%,dulieukinhte,D,2026-10-10
2021-03-26,2.16638,%,dulieukinhte,D,2026-10-10
2021-03-29,2.158614,%,dulieukinhte,D,2026-10-10
2021-03-30,2.269591,%,dulieukinhte,D,2026-10-10
2021-03-31,2.402911,%,dulieukinhte,D,2026-10-10
2021-04-01,2.145092,%,dulieukinhte,D,2026-10-10
2021-04-02,2.154479,%,dulieukinhte,D,2026-10-10
2021-04-05,2.203042,%,dulieukinhte,D,2026-10-10
2021-04-06,2.298168,%,dulieukinhte,D,2026-10-10
2021-04-07,2.177472,%,dulieukinhte,D,2026-10-10
2021-04-08,2.234795,%,dulieukinhte,D,2026-10-10
2021-04-09,2.210293,%,dulieukinhte,D,2026-10-10
2021-04-12,2.283955,%,dulieukinhte,D,2026-10-10
2021-04-13,2.141902,%,dulieukinhte,D,2026-10-10
2021-04-14,2.338873,%,dulieukinhte,D,2026-10-10
2021-04-15,2.238925,%,dulieukinhte,D,2026-10-10
2021-04-16,2.228628,%,dulieukinhte,D,2026-10-10
2021-04-19,2.226899,%,dulieukinhte,D,2026-10-10
2021-04-20,2.182531,%,dulieukinhte,D,2026-10-10
2021-04-22,2.343705,%,dulieukinhte,D,2026-10-10
2021-04-23,2.339361,%,dulieukinhte,D,2026-10-10
2021-04-26,2.158862,%,dulieukinhte,D,2026-10-10
2021-04-27,2.134101,%,dulieukinhte,D,2026-10-10
2021-04-28,2.277691,%,dulieukinhte,D,2026-10-10
2021-04-29,2.339054,%,dulieukinhte,D,2026-10-10
2021-05-04,2.361031,%,dulieukinhte,D,2026-10-10
2021-05-05,2.196117,%,dulieukinhte,D,2026-10-10
2021-05-06,2.140782,%,dulieukinhte,D,2026-10-10
2021-05-07,2.217152,%,dulieukinhte,D,2026-10-10
2021-05-10,2.237481,%,dulieukinhte,D,2026-10-10
2021-05-11,2.242066,%,dulieukinhte,D,2026-10-10
2021-05-12,2.206778,%,dulieukinhte,D,2026-10-10
2021-05-13,2.316455,%,dulieukinhte,D,2026-10-10
2021-05-14,2.274069,%,dulieukinhte,D,2026-10-10
2021-05-17,2.300828,%,dulieukinhte,D,2026-10-10
2021-05-18,2.117171,%,dulieukinhte,D,2026-10-10
2021-05-19,2.17776,%,dulieukinhte,D,2026-10-10
2021-05-20,2.20305,%,dulieukinhte,D,2026-10-10
2021-05-21,2.21578,%,dulieukinhte,D,2026-10-10
2021-05-24,2.074883,%,dulieukinhte,D,2026-10-10
2021-05-25,2.123929,%,dulieukinhte,D,2026-10-10
2021-05-26,2.259144,%,dulieukinhte,D,2026-10-10
2021-05-27,2.285022,%,dulieukinhte,D,2026-10-10
2021-05-28,2.154685,%,dulieukinhte,D,2026-10-10
2021-05-31,2.164311,%,dulieukinhte,D,2026-10-10
2021-06-01,2.14944,%,dulieukinhte,D,2026-10-10
2021-06-02,2.261785,%,dulieukinhte,D,2026-10-10
2021-06-03,2.206492,%,dulieukinhte,D,2026-10-10
2021-06-04,2.096234,%,dulieukinhte,D,2026-10-10
2021-06-07,2.061607,%,dulieukinhte,D,2026-10-10
2021-06-08,2.060061,%,dulieukinhte,D,2026-10-10
2021-06-09,2.057351,%,dulieukinhte,D,2026-10-10
2021-06-10,2.223294,%,dulieukinhte,D,2026-10-10
2021-06-11,2.103069,%,dulieukinhte,D,2026-10-10
2021-06-14,2.229796,%,dulieukinhte,D,2026-10-10
2021-06-15,2.028496,%,dulieukinhte,D,2026-10-10
2021-06-16,2.172896,%,dulieukinhte,D,2026-10-10
2021-06-17,2.063286,%,dulieukinhte,D,2026-10-10
2021-06-18,2.08038,%,dulieukinhte,D,2026-10-10
2021-06-21,2.128676,%,dulieukinhte,D,2026-10-10
2021-06-22,2.127501,%,dulieukinhte,D,2026-10-10
2021-06-23,1.999129,%,dulieukinhte,D,2026-10-10
2021-06-24,2.093689,%,dulieukinhte,D,2026-10-10
2021-06-25,2.08175,%,dulieukinhte,D,2026-10-10
2021-06-28,2.064908,%,dulieukinhte,D,2026-10-10
2021-06-29,2.047156,%,dulieukinhte,D,2026-10-10
2021-06-30,2.064076,%,dulieukinhte,D,2026-10-10
2021-07-01,2.121676,%,dulieukinhte,D,2026-10-10
2021-07-02,2.010695,%,dulieukinhte,D,2026-10-10
2021-07-05,2.052418,%,dulieukinhte,D,2026-10-10
2021-07-06,2.076831,%,dulieukinhte,D,2026-10-10
2021-07-07,2.018864,%,dulieukinhte,D,2026-10-10
2021-07-08,2.113295,%,dulieukinhte,D,2026-10-10
2021-07-09,1.994337,%,dulieukinhte,D,2026-10-10
2021-07-12,2.127417,%,dulieukinhte,D,2026-10-10
2021-07-13,2.130159,%,dulieukinhte,D,2026-10-10
2021-07-14,2.160401,%,dulieukinhte,D,2026-10-10
2021-07-15,2.102299,%,dulieukinhte,D,2026-10-10
2021-07-16,2.094758,%,dulieukinhte,D,2026-10-10
2021-07-19,1.982448,%,dulieukinhte,D,2026-10-10
2021-07-20,1.998355,%,dulieukinhte,D,2026-10-10
2021-07-21,2.055862,%,dulieukinhte,D,2026-10-10
2021-07-22,2.116774,%,dulieukinhte,D,2026-10-10
2021-07-23,2.061294,%,dulieukinhte,D,2026-10-10
2021-07-26,2.065195,%,dulieukinhte,D,2026-10-10
2021-07-27,2.038251,%,dulieukinhte,D,2026-10-10
2021-07-28,2.029391,%,dulieukinhte,D,2026-10-10
2021-07-29,1.924814,%,dulieukinhte,D,2026-10-10
2021-07-30,2.07454,%,dulieukinhte,D,2026-10-10
2021-08-02,2.083777,%,dulieukinhte,D,2026-10-10
2021-08-03,2.048284,%,dulieukinhte,D,2026-10-10
2021-08-04,1.961102,%,dulieukinhte,D,2026-10-10
2021-08-05,1.934839,%,dulieukinhte,D,2026-10-10
2021-08-06,1.985865,%,dulieukinhte,D,2026-10-10
2021-08-09,1.917242,%,dulieukinhte,D,2026-10-10
2021-08-10,1.971468,%,dulieukinhte,D,2026-10-10
2021-08-11,2.050058,%,dulieukinhte,D,2026-10-10
2021-08-12,1.992553,%,dulieukinhte,D,2026-10-10
2021-08-13,1.955863,%,dulieukinhte,D,2026-10-10
2021-08-16,1.865639,%,dulieukinhte,D,2026-10-10
2021-08-17,1.91549,%,dulieukinhte,D,2026-10-10
2021-08-18,1.898135,%,dulieukinhte,D,2026-10-10
2021-08-19,1.859375,%,dulieukinhte,D,2026-10-10
2021-08-20,1.866945,%,dulieukinhte,D,2026-10-10
2021-08-23,1.948393,%,dulieukinhte,D,2026-10-10
2021-08-24,1.998907,%,dulieukinhte,D,2026-10-10
2021-08-25,1.935665,%,dulieukinhte,D,2026-10-10
2021-08-26,1.849029,%,dulieukinhte,D,2026-10-10
2021-08-27,1.932156,%,dulieukinhte,D,2026-10-10
2021-08-30,1.926371,%,dulieukinhte,D,2026-10-10
2021-08-31,1.974478,%,dulieukinhte,D,2026-10-10
2021-09-01,1.900272,%,dulieukinhte,D,2026-10-10
2021-09-06,1.885853,%,dulieukinhte,D,2026-10-10
2021-09-07,1.906136,%,dulieukinhte,D,2026-10-10
2021-09-08,1.941439,%,dulieukinhte,D,2026-10-10
2021-09-09,1.821965,%,dulieukinhte,D,2026-10-10
2021-09-10,1.91427,%,dulieukinhte,D,2026-10-10
2021-09-13,1.887062,%,dulieukinhte,D,2026-10-10
2021-09-14,1.816247,%,dulieukinhte,D,2026-10-10
2021-09-15,1.907707,%,dulieukinhte,D,2026-10-10
2021-09-16,1.808581,%,dulieukinhte,D,2026-10-10
2021-09-17,1.725118,%,dulieukinhte,D,2026-10-10
2021-09-20,1.859238,%,dulieukinhte,D,2026-10-10
2021-09-21,1.855848,%,dulieukinhte,D,2026-10-10
2021-09-22,1.838913,%,dulieukinhte,D,2026-10-10
2021-09-23,1.867614,%,dulieukinhte,D,2026-10-10
2021-09-24,1.925525,%,dulieukinhte,D,2026-10-10
2021-09-27,1.873634,%,dulieukinhte,D,2026-10-10
2021-09-28,1.879534,%,dulieukinhte,D,2026-10-10
2021-09-29,1.937762,%,dulieukinhte,D,2026-10-10
2021-09-30,1.920073,%,dulieukinhte,D,2026-10-10
2021-10-01,1.904673,%,dulieukinhte,D,2026-10-10
2021-10-04,2.007997,%,dulieukinhte,D,2026-10-10
2021-10-05,1.994522,%,dulieukinhte,D,2026-10-10
2021-10-06,1.948397,%,dulieukinhte,D,2026-10-10
2021-10-07,1.94286,%,dulieukinhte,D,2026-10-10
2021-10-08,1.941997,%,dulieukinhte,D,2026-10-10
2021-10-11,1.993718,%,dulieukinhte (API),D,2026-10-10
2021-10-12,1.920511,%,dulieukinhte (API),D,2026-10-10
2021-10-13,2.028854,%,dulieukinhte (API),D,2026-10-10
2021-10-14,2.049542,%,dulieukinhte (API),D,2026-10-10
2021-10-15,1.916161,%,dulieukinhte (API),D,2026-10-10
2021-10-18,1.94225,%,dulieukinhte (API),D,2026-10-10
2021-10-19,2.012052,%,dulieukinhte (API),D,2026-10-10
2021-10-20,1.94165,%,dulieukinhte (API),D,2026-10-10
2021-10-21,1.94786,%,dulieukinhte (API),D,2026-10-10
2021-10-22,1.949644,%,dulieukinhte (API),D,2026-10-10
2021-10-25,2.053419,%,dulieukinhte (API),D,2026-10-10
2021-10-26,2.007632,%,dulieukinhte (API),D,2026-10-10
2021-10-27,1.986172,%,dulieukinhte (API),D,2026-10-10
2021-10-28,1.983341,%,dulieukinhte (API),D,2026-10-10
2021-10-29,1.952764,%,dulieukinhte (API),D,2026-10-10
2021-11-01,1.957689,%,dulieukinhte (API),D,2026-10-10
2021-11-02,1.981143,%,dulieukinhte (API),D,2026-10-10
2021-11-03,1.945765,%,dulieukinhte (API),D,2026-10-10
2021-11-04,1.868395,%,dulieukinhte (API),D,2026-10-10
2021-11-05,1.938775,%,dulieukinhte (API),D,2026-10-10
2021-11-08,1.849892,%,dulieukinhte (API),D,2026-10-10
2021-11-09,1.935269,%,dulieukinhte (API),D,2026-10-10
2021-11-10,1.967539,%,dulieukinhte (API),D,2026-10-10
2021-11-11,1.982931,%,dulieukinhte (API),D,2026-10-10
2021-11-12,1.895008,%,dulieukinhte (API),D,2026-10-10
2021-11-15,1.913332,%,dulieukinhte (API),D,2026-10-10
2021-11-16,1.954127,%,dulieukinhte (API),D,2026-10-10
2021-11-17,1.851119,%,dulieukinhte (API),D,2026-10-10
2021-11-18,1.917834,%,dulieukinhte (API),D,2026-10-10
2021-11-19,1.871744,%,dulieukinhte (API),D,2026-10-10
2021-11-22,1.963527,%,dulieukinhte (API),D,2026-10-10
2021-11-23,1.881426,%,dulieukinhte (API),D,2026-10-10
2021-11-24,1.940228,%,dulieukinhte (API),D,2026-10-10
2021-11-25,1.928382,%,dulieukinhte (API),D,2026-10-10
2021-11-26,1.931707,%,dulieukinhte (API),D,2026-10-10
2021-11-29,1.963849,%,dulieukinhte (API),D,2026-10-10
2021-11-30,1.960601,%,dulieukinhte (API),D,2026-10-10
2021-12-01,1.929778,%,dulieukinhte (API),D,2026-10-10
2021-12-02,1.887748,%,dulieukinhte (API),D,2026-10-10
2021-12-03,1.917198,%,dulieukinhte (API),D,2026-10-10
2021-12-06,1.953002,%,dulieukinhte (API),D,2026-10-10
2021-12-07,1.903903,%,dulieukinhte (API),D,2026-10-10
2021-12-08,1.899725,%,dulieukinhte (API),D,2026-10-10
2021-12-09,1.886315,%,dulieukinhte (API),D,2026-10-10
2021-12-10,1.891858,%,dulieukinhte (API),D,2026-10-10
2021-12-13,1.960927,%,dulieukinhte (API),D,2026-10-10
2021-12-14,1.763959,%,dulieukinhte (API),D,2026-10-10
2021-12-15,1.954759,%,dulieukinhte (API),D,2026-10-10
2021-12-16,1.947063,%,dulieukinhte (API),D,2026-10-10
2021-12-17,1.949088,%,dulieukinhte (API),D,2026-10-10
2021-12-20,1.757007,%,dulieukinhte (API),D,2026-10-10
2021-12-21,1.797111,%,dulieukinhte (API),D,2026-10-10
2021-12-22,1.854067,%,dulieukinhte (API),D,2026-10-10
2021-12-23,1.922649,%,dulieukinhte (API),D,2026-10-10
2021-12-24,1.910733,%,dulieukinhte (API),D,2026-10-10
2021-12-27,1.995087,%,dulieukinhte (API),D,2026-10-10
2021-12-28,1.966799,%,dulieukinhte (API),D,2026-10-10
2021-12-29,1.906105,%,dulieukinhte (API),D,2026-10-10
2021-12-30,2.02446,%,dulieukinhte (API),D,2026-10-10
2021-12-31,2.032232,%,dulieukinhte (API),D,2026-10-10
2022-01-04,1.997275,%,dulieukinhte (API),D,2026-10-10
2022-01-05,1.863768,%,dulieukinhte (API),D,2026-10-10
2022-01-06,1.996462,%,dulieukinhte (API),D,2026-10-10
2022-01-07,1.899583,%,dulieukinhte (API),D,2026-10-10
2022-01-10,1.90753,%,dulieukinhte (API),D,2026-10-10
2022-01-11,1.865287,%,dulieukinhte (API),D,2026-10-10
2022-01-12,1.962667,%,dulieukinhte (API),D,2026-10-10
2022-01-13,1.946664,%,dulieukinhte (API),D,2026-10-10
2022-01-14,2.013479,%,dulieukinhte (API),D,2026-10-10
2022-01-17,1.896703,%,dulieukinhte (API),D,2026-10-10
2022-01-18,1.902634,%,dulieukinhte (API),D,2026-10-10
2022-01-19,1.922613,%,dulieukinhte (API),D,2026-10-10
2022-01-20,1.90342,%,dulieukinhte (API),D,2026-10-10
2022-01-21,1.879107,%,dulieukinhte (API),D,2026-10-10
2022-01-24,1.875078,%,dulieukinhte (API),D,2026-10-10
2022-01-25,1.992518,%,dulieukinhte (API),D,2026-10-10
2022-01-26,1.922653,%,dulieukinhte (API),D,2026-10-10
2022-01-27,1.910211,%,dulieukinhte (API),D,2026-10-10
2022-01-28,1.902758,%,dulieukinhte (API),D,2026-10-10
2022-02-07,1.917941,%,dulieukinhte (API),D,2026-10-10
2022-02-08,1.909076,%,dulieukinhte (API),D,2026-10-10
2022-02-09,2.015838,%,dulieukinhte (API),D,2026-10-10
2022-02-10,1.910008,%,dulieukinhte (API),D,2026-10-10
2022-02-11,2.015478,%,dulieukinhte (API),D,2026-10-10
2022-02-14,2.031169,%,dulieukinhte (API),D,2026-10-10
2022-02-15,1.979907,%,dulieukinhte (API),D,2026-10-10
2022-02-16,1.972385,%,dulieukinhte (API),D,2026-10-10
2022-02-17,1.976418,%,dulieukinhte (API),D,2026-10-10
2022-02-18,2.124845,%,dulieukinhte (API),D,2026-10-10
2022-02-21,2.181428,%,dulieukinhte (API),D,2026-10-10
2022-02-22,2.11407,%,dulieukinhte (API),D,2026-10-10
2022-02-23,2.161272,%,dulieukinhte (API),D,2026-10-10
2022-02-24,2.183429,%,dulieukinhte (API),D,2026-10-10
2022-02-25,2.030369,%,dulieukinhte (API),D,2026-10-10
2022-02-28,2.113128,%,dulieukinhte (API),D,2026-10-10
2022-03-01,2.154927,%,dulieukinhte (API),D,2026-10-10
2022-03-02,2.21511,%,dulieukinhte (API),D,2026-10-10
2022-03-03,2.229749,%,dulieukinhte (API),D,2026-10-10
2022-03-04,2.246261,%,dulieukinhte (API),D,2026-10-10
2022-03-07,2.292703,%,dulieukinhte (API),D,2026-10-10
2022-03-08,2.268577,%,dulieukinhte (API),D,2026-10-10
2022-03-09,2.295477,%,dulieukinhte (API),D,2026-10-10
2022-03-10,2.273553,%,dulieukinhte (API),D,2026-10-10
2022-03-11,2.2716,%,dulieukinhte (API),D,2026-10-10
2022-03-14,2.255081,%,dulieukinhte (API),D,2026-10-10
2022-03-15,2.300268,%,dulieukinhte (API),D,2026-10-10
2022-03-16,2.252683,%,dulieukinhte (API),D,2026-10-10
2022-03-17,2.271657,%,dulieukinhte (API),D,2026-10-10
2022-03-18,2.274475,%,dulieukinhte (API),D,2026-10-10
2022-03-21,2.308468,%,dulieukinhte (API),D,2026-10-10
2022-03-22,2.357939,%,dulieukinhte (API),D,2026-10-10
2022-03-23,2.426525,%,dulieukinhte (API),D,2026-10-10
2022-03-24,2.411832,%,dulieukinhte (API),D,2026-10-10
2022-03-25,2.40725,%,dulieukinhte (API),D,2026-10-10
2022-03-28,2.376985,%,dulieukinhte (API),D,2026-10-10
2022-03-29,2.426175,%,dulieukinhte (API),D,2026-10-10
2022-03-30,2.42818,%,dulieukinhte (API),D,2026-10-10
2022-03-31,2.43919,%,dulieukinhte (API),D,2026-10-10
2022-04-01,2.425172,%,dulieukinhte (API),D,2026-10-10
2022-04-04,2.403377,%,dulieukinhte (API),D,2026-10-10
2022-04-05,2.426016,%,dulieukinhte (API),D,2026-10-10
2022-04-06,2.434781,%,dulieukinhte (API),D,2026-10-10
2022-04-07,2.509548,%,dulieukinhte (API),D,2026-10-10
2022-04-08,2.657869,%,dulieukinhte (API),D,2026-10-10
2022-04-12,2.637945,%,dulieukinhte (API),D,2026-10-10
2022-04-13,2.82057,%,dulieukinhte (API),D,2026-10-10
2022-04-14,2.877534,%,dulieukinhte (API),D,2026-10-10
2022-04-15,2.978901,%,dulieukinhte (API),D,2026-10-10
2022-04-18,2.934731,%,dulieukinhte (API),D,2026-10-10
2022-04-19,3.002919,%,dulieukinhte (API),D,2026-10-10
2022-04-20,2.979407,%,dulieukinhte (API),D,2026-10-10
2022-04-21,2.974965,%,dulieukinhte (API),D,2026-10-10
2022-04-22,2.976354,%,dulieukinhte (API),D,2026-10-10
2022-04-25,2.979693,%,dulieukinhte (API),D,2026-10-10
2022-04-26,2.9443,%,dulieukinhte (API),D,2026-10-10
2022-04-27,2.975839,%,dulieukinhte (API),D,2026-10-10
2022-04-28,2.93688,%,dulieukinhte (API),D,2026-10-10
2022-04-29,3.002484,%,dulieukinhte (API),D,2026-10-10
2022-05-04,2.97107,%,dulieukinhte (API),D,2026-10-10
2022-05-05,2.980324,%,dulieukinhte (API),D,2026-10-10
2022-05-06,3.033718,%,dulieukinhte (API),D,2026-10-10
2022-05-09,2.992667,%,dulieukinhte (API),D,2026-10-10
2022-05-10,2.952097,%,dulieukinhte (API),D,2026-10-10
2022-05-11,2.964433,%,dulieukinhte (API),D,2026-10-10
2022-05-12,3.04283,%,dulieukinhte (API),D,2026-10-10
2022-05-13,3.13399,%,dulieukinhte (API),D,2026-10-10
2022-05-16,3.121208,%,dulieukinhte (API),D,2026-10-10
2022-05-17,3.124953,%,dulieukinhte (API),D,2026-10-10
2022-05-18,3.1176,%,dulieukinhte (API),D,2026-10-10
2022-05-19,3.086416,%,dulieukinhte (API),D,2026-10-10
2022-05-20,3.019245,%,dulieukinhte (API),D,2026-10-10
2022-05-23,3.069459,%,dulieukinhte (API),D,2026-10-10
2022-05-24,3.092213,%,dulieukinhte (API),D,2026-10-10
2022-05-25,3.093641,%,dulieukinhte (API),D,2026-10-10
2022-05-26,3.068517,%,dulieukinhte (API),D,2026-10-10
2022-05-27,3.031924,%,dulieukinhte (API),D,2026-10-10
2022-05-30,3.093905,%,dulieukinhte (API),D,2026-10-10
2022-05-31,3.072903,%,dulieukinhte (API),D,2026-10-10
2022-06-01,3.092876,%,dulieukinhte (API),D,2026-10-10
2022-06-02,3.064489,%,dulieukinhte (API),D,2026-10-10
2022-06-03,3.130496,%,dulieukinhte (API),D,2026-10-10
2022-06-06,3.073727,%,dulieukinhte (API),D,2026-10-10
2022-06-07,3.082466,%,dulieukinhte (API),D,2026-10-10
2022-06-08,3.13918,%,dulieukinhte (API),D,2026-10-10
2022-06-09,3.208898,%,dulieukinhte (API),D,2026-10-10
2022-06-10,3.116984,%,dulieukinhte (API),D,2026-10-10
2022-06-13,3.109966,%,dulieukinhte (API),D,2026-10-10
2022-06-14,3.116735,%,dulieukinhte (API),D,2026-10-10
2022-06-15,3.196417,%,dulieukinhte (API),D,2026-10-10
2022-06-16,3.255277,%,dulieukinhte (API),D,2026-10-10
2022-06-17,3.15051,%,dulieukinhte (API),D,2026-10-10
2022-06-20,3.117085,%,dulieukinhte (API),D,2026-10-10
2022-06-21,3.174462,%,dulieukinhte (API),D,2026-10-10
2022-06-22,3.217712,%,dulieukinhte (API),D,2026-10-10
2022-06-23,3.245173,%,dulieukinhte (API),D,2026-10-10
2022-06-24,3.165328,%,dulieukinhte (API),D,2026-10-10
2022-06-27,3.272067,%,dulieukinhte (API),D,2026-10-10
2022-06-28,3.264078,%,dulieukinhte (API),D,2026-10-10
2022-06-29,3.240865,%,dulieukinhte (API),D,2026-10-10
2022-06-30,3.252084,%,dulieukinhte (API),D,2026-10-10
2022-07-01,3.191267,%,dulieukinhte (API),D,2026-10-10
2022-07-04,3.226193,%,dulieukinhte (API),D,2026-10-10
2022-07-05,3.222252,%,dulieukinhte (API),D,2026-10-10
2022-07-06,3.253063,%,dulieukinhte (API),D,2026-10-10
2022-07-07,3.241995,%,dulieukinhte (API),D,2026-10-10
2022-07-08,3.33034,%,dulieukinhte (API),D,2026-10-10
2022-07-11,3.320602,%,dulieukinhte (API),D,2026-10-10
2022-07-12,3.319551,%,dulieukinhte (API),D,2026-10-10
2022-07-13,3.303539,%,dulieukinhte (API),D,2026-10-10
2022-07-14,3.270629,%,dulieukinhte (API),D,2026-10-10
2022-07-15,3.269313,%,dulieukinhte (API),D,2026-10-10
2022-07-18,3.304202,%,dulieukinhte (API),D,2026-10-10
2022-07-19,3.294435,%,dulieukinhte (API),D,2026-10-10
2022-07-20,3.335378,%,dulieukinhte (API),D,2026-10-10
2022-07-21,3.331029,%,dulieukinhte (API),D,2026-10-10
2022-07-22,3.273778,%,dulieukinhte (API),D,2026-10-10
2022-07-25,3.347337,%,dulieukinhte (API),D,2026-10-10
2022-07-26,3.355501,%,dulieukinhte (API),D,2026-10-10
2022-07-27,3.410546,%,dulieukinhte (API),D,2026-10-10
2022-07-28,3.73502,%,dulieukinhte (API),D,2026-10-10
2022-07-29,3.655395,%,dulieukinhte (API),D,2026-10-10
2022-08-01,3.575365,%,dulieukinhte (API),D,2026-10-10
2022-08-02,3.620616,%,dulieukinhte (API),D,2026-10-10
2022-08-03,3.595039,%,dulieukinhte (API),D,2026-10-10
2022-08-04,3.554808,%,dulieukinhte (API),D,2026-10-10
2022-08-05,3.515153,%,dulieukinhte (API),D,2026-10-10
2022-08-08,3.601925,%,dulieukinhte (API),D,2026-10-10
2022-08-09,3.608409,%,dulieukinhte (API),D,2026-10-10
2022-08-10,3.613133,%,dulieukinhte (API),D,2026-10-10
2022-08-11,3.619984,%,dulieukinhte (API),D,2026-10-10
2022-08-12,3.454422,%,dulieukinhte (API),D,2026-10-10
2022-08-15,3.598595,%,dulieukinhte (API),D,2026-10-10
2022-08-16,3.597212,%,dulieukinhte (API),D,2026-10-10
2022-08-17,3.56694,%,dulieukinhte (API),D,2026-10-10
2022-08-18,3.560261,%,dulieukinhte (API),D,2026-10-10
2022-08-19,3.33715,%,dulieukinhte (API),D,2026-10-10
2022-08-22,3.502727,%,dulieukinhte (API),D,2026-10-10
2022-08-23,3.518587,%,dulieukinhte (API),D,2026-10-10
2022-08-24,3.566999,%,dulieukinhte (API),D,2026-10-10
2022-08-25,3.576496,%,dulieukinhte (API),D,2026-10-10
2022-08-26,3.562878,%,dulieukinhte (API),D,2026-10-10
2022-08-29,3.599058,%,dulieukinhte (API),D,2026-10-10
2022-08-30,3.588918,%,dulieukinhte (API),D,2026-10-10
2022-08-31,3.601109,%,dulieukinhte (API),D,2026-10-10
2022-09-05,3.495897,%,dulieukinhte (API),D,2026-10-10
2022-09-06,3.593718,%,dulieukinhte (API),D,2026-10-10
2022-09-07,3.626188,%,dulieukinhte (API),D,2026-10-10
2022-09-08,3.764525,%,dulieukinhte (API),D,2026-10-10
2022-09-09,3.725312,%,dulieukinhte (API),D,2026-10-10
2022-09-12,3.70631,%,dulieukinhte (API),D,2026-10-10
2022-09-13,3.713425,%,dulieukinhte (API),D,2026-10-10
2022-09-14,3.681651,%,dulieukinhte (API),D,2026-10-10
2022-09-15,3.675736,%,dulieukinhte (API),D,2026-10-10
2022-09-16,3.619168,%,dulieukinhte (API),D,2026-10-10
2022-09-19,3.686079,%,dulieukinhte (API),D,2026-10-10
2022-09-20,3.709891,%,dulieukinhte (API),D,2026-10-10
2022-09-21,3.744411,%,dulieukinhte (API),D,2026-10-10
2022-09-22,3.900514,%,dulieukinhte (API),D,2026-10-10
2022-09-23,4.141871,%,dulieukinhte (API),D,2026-10-10
2022-09-26,4.242282,%,dulieukinhte (API),D,2026-10-10
2022-09-27,4.3592,%,dulieukinhte (API),D,2026-10-10
2022-09-28,4.564755,%,dulieukinhte (API),D,2026-10-10
2022-09-29,4.711515,%,dulieukinhte (API),D,2026-10-10
2022-09-30,4.733181,%,dulieukinhte (API),D,2026-10-10
2022-10-03,4.752641,%,dulieukinhte (API),D,2026-10-10
2022-10-04,4.759967,%,dulieukinhte (API),D,2026-10-10
2022-10-05,4.854882,%,dulieukinhte (API),D,2026-10-10
2022-10-06,4.872399,%,dulieukinhte (API),D,2026-10-10
2022-10-07,4.853947,%,dulieukinhte (API),D,2026-10-10
2022-10-10,4.892442,%,dulieukinhte (API),D,2026-10-10
2022-10-11,4.854365,%,dulieukinhte (API),D,2026-10-10
2022-10-12,4.879389,%,dulieukinhte (API),D,2026-10-10
2022-10-13,4.86041,%,dulieukinhte (API),D,2026-10-10
2022-10-14,4.742214,%,dulieukinhte (API),D,2026-10-10
2022-10-17,4.887221,%,dulieukinhte (API),D,2026-10-10
2022-10-18,4.682741,%,dulieukinhte (API),D,2026-10-10
2022-10-19,4.88169,%,dulieukinhte (API),D,2026-10-10
2022-10-20,4.818189,%,dulieukinhte (API),D,2026-10-10
2022-10-21,4.780949,%,dulieukinhte (API),D,2026-10-10
2022-10-24,4.713603,%,dulieukinhte (API),D,2026-10-10
2022-10-25,4.800037,%,dulieukinhte (API),D,2026-10-10
2022-10-26,4.786246,%,dulieukinhte (API),D,2026-10-10
2022-10-27,4.758337,%,dulieukinhte (API),D,2026-10-10
2022-10-28,4.778179,%,dulieukinhte (API),D,2026-10-10
2022-10-31,4.77825,%,dulieukinhte (API),D,2026-10-10
2022-11-01,4.784296,%,dulieukinhte (API),D,2026-10-10
2022-11-02,4.90234,%,dulieukinhte (API),D,2026-10-10
2022-11-03,4.869746,%,dulieukinhte (API),D,2026-10-10
2022-11-04,4.876176,%,dulieukinhte (API),D,2026-10-10
2022-11-07,4.906152,%,dulieukinhte (API),D,2026-10-10
2022-11-08,4.979444,%,dulieukinhte (API),D,2026-10-10
2022-11-09,4.932337,%,dulieukinhte (API),D,2026-10-10
2022-11-10,4.958542,%,dulieukinhte (API),D,2026-10-10
2022-11-11,4.935983,%,dulieukinhte (API),D,2026-10-10
2022-11-14,4.94405,%,dulieukinhte (API),D,2026-10-10
2022-11-15,4.988778,%,dulieukinhte (API),D,2026-10-10
2022-11-16,5.005902,%,dulieukinhte (API),D,2026-10-10
2022-11-17,4.929761,%,dulieukinhte (API),D,2026-10-10
2022-11-18,4.903525,%,dulieukinhte (API),D,2026-10-10
2022-11-21,4.917974,%,dulieukinhte (API),D,2026-10-10
2022-11-22,4.917656,%,dulieukinhte (API),D,2026-10-10
2022-11-23,4.944082,%,dulieukinhte (API),D,2026-10-10
2022-11-24,4.95952,%,dulieukinhte (API),D,2026-10-10
2022-11-25,4.98525,%,dulieukinhte (API),D,2026-10-10
2022-11-28,4.911237,%,dulieukinhte (API),D,2026-10-10
2022-11-29,4.839087,%,dulieukinhte (API),D,2026-10-10
2022-11-30,4.827204,%,dulieukinhte (API),D,2026-10-10
2022-12-01,4.818382,%,dulieukinhte (API),D,2026-10-10
2022-12-02,4.931907,%,dulieukinhte (API),D,2026-10-10
2022-12-05,4.885221,%,dulieukinhte (API),D,2026-10-10
2022-12-06,4.991565,%,dulieukinhte (API),D,2026-10-10
2022-12-07,4.970303,%,dulieukinhte (API),D,2026-10-10
2022-12-08,4.950128,%,dulieukinhte (API),D,2026-10-10
2022-12-09,4.982754,%,dulieukinhte (API),D,2026-10-10
2022-12-12,4.982108,%,dulieukinhte (API),D,2026-10-10
2022-12-13,4.953849,%,dulieukinhte (API),D,2026-10-10
2022-12-14,4.89854,%,dulieukinhte (API),D,2026-10-10
2022-12-15,4.948497,%,dulieukinhte (API),D,2026-10-10
2022-12-16,4.873897,%,dulieukinhte (API),D,2026-10-10
2022-12-19,4.886202,%,dulieukinhte (API),D,2026-10-10
2022-12-20,4.933685,%,dulieukinhte (API),D,2026-10-10
2022-12-21,4.932741,%,dulieukinhte (API),D,2026-10-10
2022-12-22,4.93466,%,dulieukinhte (API),D,2026-10-10
2022-12-23,4.863947,%,dulieukinhte (API),D,2026-10-10
2022-12-26,4.922808,%,dulieukinhte (API),D,2026-10-10
2022-12-27,4.908879,%,dulieukinhte (API),D,2026-10-10
2022-12-28,4.89778,%,dulieukinhte (API),D,2026-10-10
2022-12-29,4.904845,%,dulieukinhte (API),D,2026-10-10
2022-12-30,4.865194,%,dulieukinhte (API),D,2026-10-10
2023-01-03,4.9045,%,dulieukinhte (API),D,2026-10-10
2023-01-04,4.882396,%,dulieukinhte (API),D,2026-10-10
2023-01-05,4.827348,%,dulieukinhte (API),D,2026-10-10
2023-01-06,4.746616,%,dulieukinhte (API),D,2026-10-10
2023-01-09,4.711343,%,dulieukinhte (API),D,2026-10-10
2023-01-10,4.723723,%,dulieukinhte (API),D,2026-10-10
2023-01-11,4.704636,%,dulieukinhte (API),D,2026-10-10
2023-01-12,4.701369,%,dulieukinhte (API),D,2026-10-10
2023-01-13,4.648549,%,dulieukinhte (API),D,2026-10-10
2023-01-16,4.658509,%,dulieukinhte (API),D,2026-10-10
2023-01-17,4.624268,%,dulieukinhte (API),D,2026-10-10
2023-01-18,4.605296,%,dulieukinhte (API),D,2026-10-10
2023-01-19,4.589615,%,dulieukinhte (API),D,2026-10-10
2023-01-27,4.581855,%,dulieukinhte (API),D,2026-10-10
2023-01-30,4.577668,%,dulieukinhte (API),D,2026-10-10
2023-01-31,4.578673,%,dulieukinhte (API),D,2026-10-10
2023-02-01,4.469262,%,dulieukinhte (API),D,2026-10-10
2023-02-02,4.359243,%,dulieukinhte (API),D,2026-10-10
2023-02-03,4.379324,%,dulieukinhte (API),D,2026-10-10
2023-02-06,4.262616,%,dulieukinhte (API),D,2026-10-10
2023-02-07,4.208733,%,dulieukinhte (API),D,2026-10-10
2023-02-08,4.192501,%,dulieukinhte (API),D,2026-10-10
2023-02-09,4.179929,%,dulieukinhte (API),D,2026-10-10
2023-02-10,4.161687,%,dulieukinhte (API),D,2026-10-10
2023-02-13,4.109179,%,dulieukinhte (API),D,2026-10-10
2023-02-14,4.124396,%,dulieukinhte (API),D,2026-10-10
2023-02-15,4.11134,%,dulieukinhte (API),D,2026-10-10
2023-02-16,4.099146,%,dulieukinhte (API),D,2026-10-10
2023-02-17,4.082275,%,dulieukinhte (API),D,2026-10-10
2023-02-20,4.136178,%,dulieukinhte (API),D,2026-10-10
2023-02-21,4.126866,%,dulieukinhte (API),D,2026-10-10
2023-02-22,4.173201,%,dulieukinhte (API),D,2026-10-10
2023-02-23,4.2243,%,dulieukinhte (API),D,2026-10-10
2023-02-24,4.236926,%,dulieukinhte (API),D,2026-10-10
2023-02-27,4.294275,%,dulieukinhte (API),D,2026-10-10
2023-02-28,4.251781,%,dulieukinhte (API),D,2026-10-10
2023-03-01,4.26772,%,dulieukinhte (API),D,2026-10-10
2023-03-02,4.257979,%,dulieukinhte (API),D,2026-10-10
2023-03-03,4.235673,%,dulieukinhte (API),D,2026-10-10
2023-03-06,4.233267,%,dulieukinhte (API),D,2026-10-10
2023-03-07,4.233728,%,dulieukinhte (API),D,2026-10-10
2023-03-08,4.214302,%,dulieukinhte (API),D,2026-10-10
2023-03-09,4.258157,%,dulieukinhte (API),D,2026-10-10
2023-03-10,4.271865,%,dulieukinhte (API),D,2026-10-10
2023-03-13,4.201177,%,dulieukinhte (API),D,2026-10-10
2023-03-14,4.150483,%,dulieukinhte (API),D,2026-10-10
2023-03-15,4.137592,%,dulieukinhte (API),D,2026-10-10
2023-03-16,4.109433,%,dulieukinhte (API),D,2026-10-10
2023-03-17,4.001305,%,dulieukinhte (API),D,2026-10-10
2023-03-20,3.937656,%,dulieukinhte (API),D,2026-10-10
2023-03-21,3.944455,%,dulieukinhte (API),D,2026-10-10
2023-03-22,3.92523,%,dulieukinhte (API),D,2026-10-10
2023-03-23,3.895217,%,dulieukinhte (API),D,2026-10-10
2023-03-24,3.821193,%,dulieukinhte (API),D,2026-10-10
2023-03-27,3.765782,%,dulieukinhte (API),D,2026-10-10
2023-03-28,3.72813,%,dulieukinhte (API),D,2026-10-10
2023-03-29,3.706952,%,dulieukinhte (API),D,2026-10-10
2023-03-30,3.679002,%,dulieukinhte (API),D,2026-10-10
2023-03-31,3.577776,%,dulieukinhte (API),D,2026-10-10
2023-04-03,3.505985,%,dulieukinhte (API),D,2026-10-10
2023-04-04,3.349692,%,dulieukinhte (API),D,2026-10-10
2023-04-05,3.354741,%,dulieukinhte (API),D,2026-10-10
2023-04-06,3.346424,%,dulieukinhte (API),D,2026-10-10
2023-04-07,3.304499,%,dulieukinhte (API),D,2026-10-10
2023-04-10,3.343904,%,dulieukinhte (API),D,2026-10-10
2023-04-11,3.311765,%,dulieukinhte (API),D,2026-10-10
2023-04-12,3.225976,%,dulieukinhte (API),D,2026-10-10
2023-04-13,3.224456,%,dulieukinhte (API),D,2026-10-10
2023-04-14,3.264467,%,dulieukinhte (API),D,2026-10-10
2023-04-17,3.324539,%,dulieukinhte (API),D,2026-10-10
2023-04-18,3.243314,%,dulieukinhte (API),D,2026-10-10
2023-04-19,3.284572,%,dulieukinhte (API),D,2026-10-10
2023-04-20,3.284124,%,dulieukinhte (API),D,2026-10-10
2023-04-21,3.346158,%,dulieukinhte (API),D,2026-10-10
2023-04-24,3.178475,%,dulieukinhte (API),D,2026-10-10
2023-04-25,3.235097,%,dulieukinhte (API),D,2026-10-10
2023-04-26,3.183085,%,dulieukinhte (API),D,2026-10-10
2023-04-27,3.23534,%,dulieukinhte (API),D,2026-10-10
2023-04-28,3.142148,%,dulieukinhte (API),D,2026-10-10
2023-05-04,3.15829,%,dulieukinhte (API),D,2026-10-10
2023-05-05,3.171339,%,dulieukinhte (API),D,2026-10-10
2023-05-08,3.120797,%,dulieukinhte (API),D,2026-10-10
2023-05-09,3.116686,%,dulieukinhte (API),D,2026-10-10
2023-05-10,3.010976,%,dulieukinhte (API),D,2026-10-10
2023-05-11,3.060331,%,dulieukinhte (API),D,2026-10-10
2023-05-12,3.102728,%,dulieukinhte (API),D,2026-10-10
2023-05-15,3.042625,%,dulieukinhte (API),D,2026-10-10
2023-05-16,3.078664,%,dulieukinhte (API),D,2026-10-10
2023-05-17,3.028518,%,dulieukinhte (API),D,2026-10-10
2023-05-18,3.032657,%,dulieukinhte (API),D,2026-10-10
2023-05-19,3.007898,%,dulieukinhte (API),D,2026-10-10
2023-05-22,3.028772,%,dulieukinhte (API),D,2026-10-10
2023-05-23,3.004867,%,dulieukinhte (API),D,2026-10-10
2023-05-24,3.03097,%,dulieukinhte (API),D,2026-10-10
2023-05-25,3.024444,%,dulieukinhte (API),D,2026-10-10
2023-05-26,3.020229,%,dulieukinhte (API),D,2026-10-10
2023-05-29,3.068461,%,dulieukinhte (API),D,2026-10-10
2023-05-30,3.0595,%,dulieukinhte (API),D,2026-10-10
2023-05-31,3.059985,%,dulieukinhte (API),D,2026-10-10
2023-06-01,3.054969,%,dulieukinhte (API),D,2026-10-10
2023-06-02,3.099714,%,dulieukinhte (API),D,2026-10-10
2023-06-05,2.990138,%,dulieukinhte (API),D,2026-10-10
2023-06-06,2.986379,%,dulieukinhte (API),D,2026-10-10
2023-06-07,3.018019,%,dulieukinhte (API),D,2026-10-10
2023-06-08,3.002025,%,dulieukinhte (API),D,2026-10-10
2023-06-09,2.953918,%,dulieukinhte (API),D,2026-10-10
2023-06-12,2.944212,%,dulieukinhte (API),D,2026-10-10
2023-06-13,2.99054,%,dulieukinhte (API),D,2026-10-10
2023-06-14,2.934223,%,dulieukinhte (API),D,2026-10-10
2023-06-15,2.909643,%,dulieukinhte (API),D,2026-10-10
2023-06-16,2.895452,%,dulieukinhte (API),D,2026-10-10
2023-06-19,2.871065,%,dulieukinhte (API),D,2026-10-10
2023-06-20,2.838887,%,dulieukinhte (API),D,2026-10-10
2023-06-21,2.807068,%,dulieukinhte (API),D,2026-10-10
2023-06-22,2.709748,%,dulieukinhte (API),D,2026-10-10
2023-06-23,2.651535,%,dulieukinhte (API),D,2026-10-10
2023-06-26,2.649766,%,dulieukinhte (API),D,2026-10-10
2023-06-27,2.613219,%,dulieukinhte (API),D,2026-10-10
2023-06-28,2.60693,%,dulieukinhte (API),D,2026-10-10
2023-06-29,2.567761,%,dulieukinhte (API),D,2026-10-10
2023-06-30,2.576753,%,dulieukinhte (API),D,2026-10-10
2023-07-03,2.626387,%,dulieukinhte (API),D,2026-10-10
2023-07-04,2.669738,%,dulieukinhte (API),D,2026-10-10
2023-07-05,2.766178,%,dulieukinhte (API),D,2026-10-10
2023-07-06,2.777513,%,dulieukinhte (API),D,2026-10-10
2023-07-07,2.612408,%,dulieukinhte (API),D,2026-10-10
2023-07-10,2.610146,%,dulieukinhte (API),D,2026-10-10
2023-07-11,2.651996,%,dulieukinhte (API),D,2026-10-10
2023-07-12,2.612001,%,dulieukinhte (API),D,2026-10-10
2023-07-13,2.6128,%,dulieukinhte (API),D,2026-10-10
2023-07-14,2.563438,%,dulieukinhte (API),D,2026-10-10
2023-07-17,2.656826,%,dulieukinhte (API),D,2026-10-10
2023-07-18,2.703412,%,dulieukinhte (API),D,2026-10-10
2023-07-19,2.680823,%,dulieukinhte (API),D,2026-10-10
2023-07-20,2.717346,%,dulieukinhte (API),D,2026-10-10
2023-07-21,2.484831,%,dulieukinhte (API),D,2026-10-10
2023-07-24,2.481763,%,dulieukinhte (API),D,2026-10-10
2023-07-25,2.449405,%,dulieukinhte (API),D,2026-10-10
2023-07-26,2.472171,%,dulieukinhte (API),D,2026-10-10
2023-07-27,2.467774,%,dulieukinhte (API),D,2026-10-10
2023-07-28,2.472708,%,dulieukinhte (API),D,2026-10-10
2023-07-31,2.427713,%,dulieukinhte (API),D,2026-10-10
2023-08-01,2.429369,%,dulieukinhte (API),D,2026-10-10
2023-08-02,2.435577,%,dulieukinhte (API),D,2026-10-10
2023-08-03,2.437981,%,dulieukinhte (API),D,2026-10-10
2023-08-04,2.420522,%,dulieukinhte (API),D,2026-10-10
2023-08-07,2.404269,%,dulieukinhte (API),D,2026-10-10
2023-08-08,2.530617,%,dulieukinhte (API),D,2026-10-10
2023-08-09,2.501455,%,dulieukinhte (API),D,2026-10-10
2023-08-10,2.52251,%,dulieukinhte (API),D,2026-10-10
2023-08-11,2.518537,%,dulieukinhte (API),D,2026-10-10
2023-08-14,2.499914,%,dulieukinhte (API),D,2026-10-10
2023-08-15,2.558273,%,dulieukinhte (API),D,2026-10-10
2023-08-16,2.530414,%,dulieukinhte (API),D,2026-10-10
2023-08-17,2.492753,%,dulieukinhte (API),D,2026-10-10
2023-08-18,2.400137,%,dulieukinhte (API),D,2026-10-10
2023-08-21,2.416233,%,dulieukinhte (API),D,2026-10-10
2023-08-22,2.478856,%,dulieukinhte (API),D,2026-10-10
2023-08-23,2.481782,%,dulieukinhte (API),D,2026-10-10
2023-08-24,2.504687,%,dulieukinhte (API),D,2026-10-10
2023-08-25,2.466848,%,dulieukinhte (API),D,2026-10-10
2023-08-28,2.476116,%,dulieukinhte (API),D,2026-10-10
2023-08-29,2.547061,%,dulieukinhte (API),D,2026-10-10
2023-08-30,2.579945,%,dulieukinhte (API),D,2026-10-10
2023-08-31,2.535298,%,dulieukinhte (API),D,2026-10-10
2023-09-05,2.513524,%,dulieukinhte (API),D,2026-10-10
2023-09-06,2.577602,%,dulieukinhte (API),D,2026-10-10
2023-09-07,2.555697,%,dulieukinhte (API),D,2026-10-10
2023-09-08,2.475957,%,dulieukinhte (API),D,2026-10-10
2023-09-11,2.502148,%,dulieukinhte (API),D,2026-10-10
2023-09-12,2.591304,%,dulieukinhte (API),D,2026-10-10
2023-09-13,2.558322,%,dulieukinhte (API),D,2026-10-10
2023-09-14,2.541195,%,dulieukinhte (API),D,2026-10-10
2023-09-15,2.449514,%,dulieukinhte (API),D,2026-10-10
2023-09-18,2.549005,%,dulieukinhte (API),D,2026-10-10
2023-09-19,2.572113,%,dulieukinhte (API),D,2026-10-10
2023-09-20,2.637265,%,dulieukinhte (API),D,2026-10-10
2023-09-21,2.450021,%,dulieukinhte (API),D,2026-10-10
2023-09-22,2.513106,%,dulieukinhte (API),D,2026-10-10
2023-09-25,2.568706,%,dulieukinhte (API),D,2026-10-10
2023-09-26,2.541211,%,dulieukinhte (API),D,2026-10-10
2023-09-27,2.507677,%,dulieukinhte (API),D,2026-10-10
2023-09-28,2.539485,%,dulieukinhte (API),D,2026-10-10
2023-09-29,2.488822,%,dulieukinhte (API),D,2026-10-10
2023-10-02,2.590369,%,dulieukinhte (API),D,2026-10-10
2023-10-03,2.619928,%,dulieukinhte (API),D,2026-10-10
2023-10-04,2.688426,%,dulieukinhte (API),D,2026-10-10
2023-10-05,2.619314,%,dulieukinhte (API),D,2026-10-10
2023-10-06,2.663645,%,dulieukinhte (API),D,2026-10-10
2023-10-09,2.670045,%,dulieukinhte (API),D,2026-10-10
2023-10-10,2.793965,%,dulieukinhte (API),D,2026-10-10
2023-10-11,2.861704,%,dulieukinhte (API),D,2026-10-10
2023-10-12,2.856495,%,dulieukinhte (API),D,2026-10-10
2023-10-13,2.764959,%,dulieukinhte (API),D,2026-10-10
2023-10-16,2.800894,%,dulieukinhte (API),D,2026-10-10
2023-10-17,2.800494,%,dulieukinhte (API),D,2026-10-10
2023-10-18,2.866819,%,dulieukinhte (API),D,2026-10-10
2023-10-19,2.756702,%,dulieukinhte (API),D,2026-10-10
2023-10-20,2.944785,%,dulieukinhte (API),D,2026-10-10
2023-10-23,3.0236,%,dulieukinhte (API),D,2026-10-10
2023-10-24,2.895717,%,dulieukinhte (API),D,2026-10-10
2023-10-25,3.032417,%,dulieukinhte (API),D,2026-10-10
2023-10-26,2.923852,%,dulieukinhte (API),D,2026-10-10
2023-10-27,2.917453,%,dulieukinhte (API),D,2026-10-10
2023-10-30,2.716352,%,dulieukinhte (API),D,2026-10-10
2023-10-31,2.711642,%,dulieukinhte (API),D,2026-10-10
2023-11-01,2.79207,%,dulieukinhte (API),D,2026-10-10
2023-11-02,2.691138,%,dulieukinhte (API),D,2026-10-10
2023-11-03,2.657023,%,dulieukinhte (API),D,2026-10-10
2023-11-06,2.671631,%,dulieukinhte (API),D,2026-10-10
2023-11-07,2.734433,%,dulieukinhte (API),D,2026-10-10
2023-11-08,2.71044,%,dulieukinhte (API),D,2026-10-10
2023-11-09,2.726667,%,dulieukinhte (API),D,2026-10-10
2023-11-10,2.60792,%,dulieukinhte (API),D,2026-10-10
2023-11-13,2.643604,%,dulieukinhte (API),D,2026-10-10
2023-11-14,2.439164,%,dulieukinhte (API),D,2026-10-10
2023-11-15,2.490576,%,dulieukinhte (API),D,2026-10-10
2023-11-16,2.638182,%,dulieukinhte (API),D,2026-10-10
2023-11-17,2.481765,%,dulieukinhte (API),D,2026-10-10
2023-11-20,2.546434,%,dulieukinhte (API),D,2026-10-10
2023-11-21,2.528202,%,dulieukinhte (API),D,2026-10-10
2023-11-22,2.527359,%,dulieukinhte (API),D,2026-10-10
2023-11-23,2.550397,%,dulieukinhte (API),D,2026-10-10
2023-11-24,2.629034,%,dulieukinhte (API),D,2026-10-10
2023-11-27,2.480242,%,dulieukinhte (API),D,2026-10-10
2023-11-28,2.426341,%,dulieukinhte (API),D,2026-10-10
2023-11-29,2.343833,%,dulieukinhte (API),D,2026-10-10
2023-11-30,2.361379,%,dulieukinhte (API),D,2026-10-10
2023-12-01,2.283546,%,dulieukinhte (API),D,2026-10-10
2023-12-04,2.348721,%,dulieukinhte (API),D,2026-10-10
2023-12-05,2.252417,%,dulieukinhte (API),D,2026-10-10
2023-12-06,2.263691,%,dulieukinhte (API),D,2026-10-10
2023-12-07,2.34741,%,dulieukinhte (API),D,2026-10-10
2023-12-08,2.497711,%,dulieukinhte (API),D,2026-10-10
2023-12-11,2.497609,%,dulieukinhte (API),D,2026-10-10
2023-12-12,2.462321,%,dulieukinhte (API),D,2026-10-10
2023-12-13,2.346926,%,dulieukinhte (API),D,2026-10-10
2023-12-14,2.342733,%,dulieukinhte (API),D,2026-10-10
2023-12-15,2.339691,%,dulieukinhte (API),D,2026-10-10
2023-12-18,2.242,%,dulieukinhte (API),D,2026-10-10
2023-12-19,2.264929,%,dulieukinhte (API),D,2026-10-10
2023-12-20,2.31203,%,dulieukinhte (API),D,2026-10-10
2023-12-21,2.218497,%,dulieukinhte (API),D,2026-10-10
2023-12-22,2.232135,%,dulieukinhte (API),D,2026-10-10
2023-12-25,2.214587,%,dulieukinhte (API),D,2026-10-10
2023-12-26,2.196265,%,dulieukinhte (API),D,2026-10-10
2023-12-27,2.188333,%,dulieukinhte (API),D,2026-10-10
2023-12-28,2.204693,%,dulieukinhte (API),D,2026-10-10
2023-12-29,2.2244,%,dulieukinhte (API),D,2026-10-10
2024-01-02,2.186728,%,dulieukinhte (API),D,2026-10-10
2024-01-03,2.177078,%,dulieukinhte (API),D,2026-10-10
2024-01-04,2.225643,%,dulieukinhte (API),D,2026-10-10
2024-01-05,2.248005,%,dulieukinhte (API),D,2026-10-10
2024-01-08,2.2438,%,dulieukinhte (API),D,2026-10-10
2024-01-09,2.207894,%,dulieukinhte (API),D,2026-10-10
2024-01-10,2.169726,%,dulieukinhte (API),D,2026-10-10
2024-01-11,2.170184,%,dulieukinhte (API),D,2026-10-10
2024-01-12,2.061119,%,dulieukinhte (API),D,2026-10-10
2024-01-15,2.159119,%,dulieukinhte (API),D,2026-10-10
2024-01-16,2.186966,%,dulieukinhte (API),D,2026-10-10
2024-01-17,2.166688,%,dulieukinhte (API),D,2026-10-10
2024-01-18,2.160996,%,dulieukinhte (API),D,2026-10-10
2024-01-19,2.135132,%,dulieukinhte (API),D,2026-10-10
2024-01-22,2.152956,%,dulieukinhte (API),D,2026-10-10
2024-01-23,2.161607,%,dulieukinhte (API),D,2026-10-10
2024-01-24,2.187144,%,dulieukinhte (API),D,2026-10-10
2024-01-25,2.171893,%,dulieukinhte (API),D,2026-10-10
2024-01-26,2.244423,%,dulieukinhte (API),D,2026-10-10
2024-01-29,2.224628,%,dulieukinhte (API),D,2026-10-10
2024-01-30,2.330605,%,dulieukinhte (API),D,2026-10-10
2024-01-31,2.373467,%,dulieukinhte (API),D,2026-10-10
2024-02-01,2.177301,%,dulieukinhte (API),D,2026-10-10
2024-02-02,2.201713,%,dulieukinhte (API),D,2026-10-10
2024-02-05,2.286826,%,dulieukinhte (API),D,2026-10-10
2024-02-06,2.215541,%,dulieukinhte (API),D,2026-10-10
2024-02-07,2.213123,%,dulieukinhte (API),D,2026-10-10
2024-02-15,2.23554,%,dulieukinhte (API),D,2026-10-10
2024-02-16,2.232801,%,dulieukinhte (API),D,2026-10-10
2024-02-19,2.228868,%,dulieukinhte (API),D,2026-10-10
2024-02-20,2.176225,%,dulieukinhte (API),D,2026-10-10
2024-02-21,2.111663,%,dulieukinhte (API),D,2026-10-10
2024-02-22,2.238262,%,dulieukinhte (API),D,2026-10-10
2024-02-23,2.200031,%,dulieukinhte (API),D,2026-10-10
2024-02-26,2.202445,%,dulieukinhte (API),D,2026-10-10
2024-02-27,2.150327,%,dulieukinhte (API),D,2026-10-10
2024-02-28,2.278602,%,dulieukinhte (API),D,2026-10-10
2024-02-29,2.161023,%,dulieukinhte (API),D,2026-10-10
2024-03-01,2.187419,%,dulieukinhte (API),D,2026-10-10
2024-03-04,2.218035,%,dulieukinhte (API),D,2026-10-10
2024-03-05,2.31666,%,dulieukinhte (API),D,2026-10-10
2024-03-06,2.210832,%,dulieukinhte (API),D,2026-10-10
2024-03-07,2.218085,%,dulieukinhte (API),D,2026-10-10
2024-03-08,2.244184,%,dulieukinhte (API),D,2026-10-10
2024-03-11,2.311196,%,dulieukinhte (API),D,2026-10-10
2024-03-12,2.359719,%,dulieukinhte (API),D,2026-10-10
2024-03-13,2.325066,%,dulieukinhte (API),D,2026-10-10
2024-03-14,2.37368,%,dulieukinhte (API),D,2026-10-10
2024-03-15,2.333624,%,dulieukinhte (API),D,2026-10-10
2024-03-18,2.285889,%,dulieukinhte (API),D,2026-10-10
2024-03-19,2.401329,%,dulieukinhte (API),D,2026-10-10
2024-03-20,2.490316,%,dulieukinhte (API),D,2026-10-10
2024-03-21,2.432351,%,dulieukinhte (API),D,2026-10-10
2024-03-22,2.333706,%,dulieukinhte (API),D,2026-10-10
2024-03-25,2.4523,%,dulieukinhte (API),D,2026-10-10
2024-03-26,2.503617,%,dulieukinhte (API),D,2026-10-10
2024-03-27,2.322338,%,dulieukinhte (API),D,2026-10-10
2024-03-28,2.404139,%,dulieukinhte (API),D,2026-10-10
2024-03-29,2.480649,%,dulieukinhte (API),D,2026-10-10
2024-04-01,2.585832,%,dulieukinhte (API),D,2026-10-10
2024-04-02,2.622001,%,dulieukinhte (API),D,2026-10-10
2024-04-03,2.722604,%,dulieukinhte (API),D,2026-10-10
2024-04-04,2.643673,%,dulieukinhte (API),D,2026-10-10
2024-04-05,2.675909,%,dulieukinhte (API),D,2026-10-10
2024-04-08,2.783042,%,dulieukinhte (API),D,2026-10-10
2024-04-09,2.766974,%,dulieukinhte (API),D,2026-10-10
2024-04-10,2.640199,%,dulieukinhte (API),D,2026-10-10
2024-04-11,2.637316,%,dulieukinhte (API),D,2026-10-10
2024-04-12,2.624011,%,dulieukinhte (API),D,2026-10-10
2024-04-15,2.635638,%,dulieukinhte (API),D,2026-10-10
2024-04-16,2.702988,%,dulieukinhte (API),D,2026-10-10
2024-04-17,2.787624,%,dulieukinhte (API),D,2026-10-10
2024-04-19,2.87307,%,dulieukinhte (API),D,2026-10-10
2024-04-22,2.835596,%,dulieukinhte (API),D,2026-10-10
2024-04-23,2.831642,%,dulieukinhte (API),D,2026-10-10
2024-04-24,2.693609,%,dulieukinhte (API),D,2026-10-10
2024-04-25,2.725504,%,dulieukinhte (API),D,2026-10-10
2024-04-26,2.668054,%,dulieukinhte (API),D,2026-10-10
2024-05-02,2.760162,%,dulieukinhte (API),D,2026-10-10
2024-05-03,2.721124,%,dulieukinhte (API),D,2026-10-10
2024-05-06,2.786588,%,dulieukinhte (API),D,2026-10-10
2024-05-07,2.681118,%,dulieukinhte (API),D,2026-10-10
2024-05-08,2.723257,%,dulieukinhte (API),D,2026-10-10
2024-05-09,2.667112,%,dulieukinhte (API),D,2026-10-10
2024-05-10,2.676785,%,dulieukinhte (API),D,2026-10-10
2024-05-13,2.692684,%,dulieukinhte (API),D,2026-10-10
2024-05-14,2.713922,%,dulieukinhte (API),D,2026-10-10
2024-05-15,2.713033,%,dulieukinhte (API),D,2026-10-10
2024-05-16,2.725135,%,dulieukinhte (API),D,2026-10-10
2024-05-17,2.678782,%,dulieukinhte (API),D,2026-10-10
2024-05-20,2.702413,%,dulieukinhte (API),D,2026-10-10
2024-05-21,2.754547,%,dulieukinhte (API),D,2026-10-10
2024-05-22,2.730137,%,dulieukinhte (API),D,2026-10-10
2024-05-23,2.835509,%,dulieukinhte (API),D,2026-10-10
2024-05-24,2.809337,%,dulieukinhte (API),D,2026-10-10
2024-05-27,2.841268,%,dulieukinhte (API),D,2026-10-10
2024-05-28,2.809439,%,dulieukinhte (API),D,2026-10-10
2024-05-29,2.840215,%,dulieukinhte (API),D,2026-10-10
2024-05-30,2.841934,%,dulieukinhte (API),D,2026-10-10
2024-05-31,2.863867,%,dulieukinhte (API),D,2026-10-10
2024-06-03,2.824982,%,dulieukinhte (API),D,2026-10-10
2024-06-04,2.823109,%,dulieukinhte (API),D,2026-10-10
2024-06-05,2.819541,%,dulieukinhte (API),D,2026-10-10
2024-06-06,2.836623,%,dulieukinhte (API),D,2026-10-10
2024-06-07,2.755035,%,dulieukinhte (API),D,2026-10-10
2024-06-10,2.708754,%,dulieukinhte (API),D,2026-10-10
2024-06-11,2.7752,%,dulieukinhte (API),D,2026-10-10
2024-06-12,2.773182,%,dulieukinhte (API),D,2026-10-10
2024-06-13,2.788036,%,dulieukinhte (API),D,2026-10-10
2024-06-14,2.70161,%,dulieukinhte (API),D,2026-10-10
2024-06-17,2.754903,%,dulieukinhte (API),D,2026-10-10
2024-06-18,2.852498,%,dulieukinhte (API),D,2026-10-10
2024-06-19,2.747905,%,dulieukinhte (API),D,2026-10-10
2024-06-20,2.784818,%,dulieukinhte (API),D,2026-10-10
2024-06-21,2.784301,%,dulieukinhte (API),D,2026-10-10
2024-06-24,2.78271,%,dulieukinhte (API),D,2026-10-10
2024-06-25,2.729302,%,dulieukinhte (API),D,2026-10-10
2024-06-26,2.723639,%,dulieukinhte (API),D,2026-10-10
2024-06-27,2.820363,%,dulieukinhte (API),D,2026-10-10
2024-06-28,2.792602,%,dulieukinhte (API),D,2026-10-10
2024-07-01,2.713868,%,dulieukinhte (API),D,2026-10-10
2024-07-02,2.774878,%,dulieukinhte (API),D,2026-10-10
2024-07-03,2.738128,%,dulieukinhte (API),D,2026-10-10
2024-07-04,2.765929,%,dulieukinhte (API),D,2026-10-10
2024-07-05,2.74227,%,dulieukinhte (API),D,2026-10-10
2024-07-08,2.721158,%,dulieukinhte (API),D,2026-10-10
2024-07-09,2.698774,%,dulieukinhte (API),D,2026-10-10
2024-07-10,2.715567,%,dulieukinhte (API),D,2026-10-10
2024-07-11,2.764234,%,dulieukinhte (API),D,2026-10-10
2024-07-12,2.737734,%,dulieukinhte (API),D,2026-10-10
2024-07-15,2.727809,%,dulieukinhte (API),D,2026-10-10
2024-07-16,2.736992,%,dulieukinhte (API),D,2026-10-10
2024-07-17,2.747511,%,dulieukinhte (API),D,2026-10-10
2024-07-18,2.734845,%,dulieukinhte (API),D,2026-10-10
2024-07-19,2.751923,%,dulieukinhte (API),D,2026-10-10
2024-07-22,2.722649,%,dulieukinhte (API),D,2026-10-10
2024-07-23,2.72704,%,dulieukinhte (API),D,2026-10-10
2024-07-24,2.728432,%,dulieukinhte (API),D,2026-10-10
2024-07-25,2.772009,%,dulieukinhte (API),D,2026-10-10
2024-07-26,2.766537,%,dulieukinhte (API),D,2026-10-10
2024-07-29,2.744724,%,dulieukinhte (API),D,2026-10-10
2024-07-30,2.748929,%,dulieukinhte (API),D,2026-10-10
2024-07-31,2.682478,%,dulieukinhte (API),D,2026-10-10
2024-08-01,2.705785,%,dulieukinhte (API),D,2026-10-10
2024-08-02,2.738011,%,dulieukinhte (API),D,2026-10-10
2024-08-05,2.694925,%,dulieukinhte (API),D,2026-10-10
2024-08-06,2.718339,%,dulieukinhte (API),D,2026-10-10
2024-08-07,2.722823,%,dulieukinhte (API),D,2026-10-10
2024-08-08,2.678088,%,dulieukinhte (API),D,2026-10-10
2024-08-09,2.690214,%,dulieukinhte (API),D,2026-10-10
2024-08-12,2.65502,%,dulieukinhte (API),D,2026-10-10
2024-08-13,2.682852,%,dulieukinhte (API),D,2026-10-10
2024-08-14,2.708444,%,dulieukinhte (API),D,2026-10-10
2024-08-15,2.681072,%,dulieukinhte (API),D,2026-10-10
2024-08-16,2.709237,%,dulieukinhte (API),D,2026-10-10
2024-08-19,2.720027,%,dulieukinhte (API),D,2026-10-10
2024-08-20,2.686343,%,dulieukinhte (API),D,2026-10-10
2024-08-21,2.681961,%,dulieukinhte (API),D,2026-10-10
2024-08-22,2.744515,%,dulieukinhte (API),D,2026-10-10
2024-08-23,2.709324,%,dulieukinhte (API),D,2026-10-10
2024-08-26,2.733742,%,dulieukinhte (API),D,2026-10-10
2024-08-27,2.734681,%,dulieukinhte (API),D,2026-10-10
2024-08-28,2.688611,%,dulieukinhte (API),D,2026-10-10
2024-08-29,2.66161,%,dulieukinhte (API),D,2026-10-10
2024-08-30,2.640181,%,dulieukinhte (API),D,2026-10-10
2024-09-04,2.635421,%,dulieukinhte (API),D,2026-10-10
2024-09-05,2.623836,%,dulieukinhte (API),D,2026-10-10
2024-09-06,2.627309,%,dulieukinhte (API),D,2026-10-10
2024-09-09,2.670446,%,dulieukinhte (API),D,2026-10-10
2024-09-10,2.650452,%,dulieukinhte (API),D,2026-10-10
2024-09-11,2.641363,%,dulieukinhte (API),D,2026-10-10
2024-09-12,2.645475,%,dulieukinhte (API),D,2026-10-10
2024-09-13,2.680373,%,dulieukinhte (API),D,2026-10-10
2024-09-16,2.671046,%,dulieukinhte (API),D,2026-10-10
2024-09-17,2.691166,%,dulieukinhte (API),D,2026-10-10
2024-09-18,2.629303,%,dulieukinhte (API),D,2026-10-10
2024-09-19,2.668922,%,dulieukinhte (API),D,2026-10-10
2024-09-20,2.672642,%,dulieukinhte (API),D,2026-10-10
2024-09-23,2.753679,%,dulieukinhte (API),D,2026-10-10
2024-09-24,2.793734,%,dulieukinhte (API),D,2026-10-10
2024-09-25,2.77957,%,dulieukinhte (API),D,2026-10-10
2024-09-26,2.869256,%,dulieukinhte (API),D,2026-10-10
2024-09-27,2.850853,%,dulieukinhte (API),D,2026-10-10
2024-09-30,2.866222,%,dulieukinhte (API),D,2026-10-10
2024-10-01,2.96054,%,dulieukinhte (API),D,2026-10-10
2024-10-02,2.967223,%,dulieukinhte (API),D,2026-10-10
2024-10-03,3.163443,%,dulieukinhte (API),D,2026-10-10
2024-10-04,3.102122,%,dulieukinhte (API),D,2026-10-10
2024-10-07,3.081731,%,dulieukinhte (API),D,2026-10-10
2024-10-08,3.238591,%,dulieukinhte (API),D,2026-10-10
2024-10-09,3.39101,%,dulieukinhte (API),D,2026-10-10
2024-10-10,3.484695,%,dulieukinhte (API),D,2026-10-10
2024-10-11,3.540722,%,dulieukinhte (API),D,2026-10-10
2024-10-14,3.636988,%,dulieukinhte (API),D,2026-10-10
2024-10-15,3.807833,%,dulieukinhte (API),D,2026-10-10
2024-10-16,3.799607,%,dulieukinhte (API),D,2026-10-10
2024-10-17,3.795731,%,dulieukinhte (API),D,2026-10-10
2024-10-18,3.991217,%,dulieukinhte (API),D,2026-10-10
2024-10-21,3.925161,%,dulieukinhte (API),D,2026-10-10
2024-10-22,2.640076,%,dulieukinhte (API),D,2026-10-10
2024-10-23,2.678256,%,dulieukinhte (API),D,2026-10-10
2024-10-24,2.683088,%,dulieukinhte (API),D,2026-10-10
2024-10-25,2.606459,%,dulieukinhte (API),D,2026-10-10
2024-10-28,2.607293,%,dulieukinhte (API),D,2026-10-10
2024-10-29,2.625549,%,dulieukinhte (API),D,2026-10-10
2024-10-30,2.615997,%,dulieukinhte (API),D,2026-10-10
2024-10-31,2.639314,%,dulieukinhte (API),D,2026-10-10
2024-11-01,2.633759,%,dulieukinhte (API),D,2026-10-10
2024-11-04,2.604313,%,dulieukinhte (API),D,2026-10-10
2024-11-05,2.571294,%,dulieukinhte (API),D,2026-10-10
2024-11-06,2.638045,%,dulieukinhte (API),D,2026-10-10
2024-11-07,2.620406,%,dulieukinhte (API),D,2026-10-10
2024-11-08,2.62606,%,dulieukinhte (API),D,2026-10-10
2024-11-11,2.68019,%,dulieukinhte (API),D,2026-10-10
2024-11-12,2.69137,%,dulieukinhte (API),D,2026-10-10
2024-11-13,2.66999,%,dulieukinhte (API),D,2026-10-10
2024-11-14,2.626352,%,dulieukinhte (API),D,2026-10-10
2024-11-15,2.611448,%,dulieukinhte (API),D,2026-10-10
2024-11-18,2.611937,%,dulieukinhte (API),D,2026-10-10
2024-11-19,2.697585,%,dulieukinhte (API),D,2026-10-10
2024-11-20,2.673727,%,dulieukinhte (API),D,2026-10-10
2024-11-21,2.640544,%,dulieukinhte (API),D,2026-10-10
2024-11-22,2.584458,%,dulieukinhte (API),D,2026-10-10
2024-11-25,2.63463,%,dulieukinhte (API),D,2026-10-10
2024-11-26,2.650636,%,dulieukinhte (API),D,2026-10-10
2024-11-27,2.619226,%,dulieukinhte (API),D,2026-10-10
2024-11-28,2.575555,%,dulieukinhte (API),D,2026-10-10
2024-11-29,2.743427,%,dulieukinhte (API),D,2026-10-10
2024-12-02,2.657181,%,dulieukinhte (API),D,2026-10-10
2024-12-03,2.748313,%,dulieukinhte (API),D,2026-10-10
2024-12-04,2.548707,%,dulieukinhte (API),D,2026-10-10
2024-12-05,2.710884,%,dulieukinhte (API),D,2026-10-10
2024-12-06,2.71342,%,dulieukinhte (API),D,2026-10-10
2024-12-09,2.7146,%,dulieukinhte (API),D,2026-10-10
2024-12-10,2.609085,%,dulieukinhte (API),D,2026-10-10
2024-12-11,2.671953,%,dulieukinhte (API),D,2026-10-10
2024-12-12,2.703585,%,dulieukinhte (API),D,2026-10-10
2024-12-13,2.700302,%,dulieukinhte (API),D,2026-10-10
2024-12-16,2.703701,%,dulieukinhte (API),D,2026-10-10
2024-12-17,2.648884,%,dulieukinhte (API),D,2026-10-10
2024-12-18,2.778273,%,dulieukinhte (API),D,2026-10-10
2024-12-19,2.706661,%,dulieukinhte (API),D,2026-10-10
2024-12-20,2.769623,%,dulieukinhte (API),D,2026-10-10
2024-12-23,2.824333,%,dulieukinhte (API),D,2026-10-10
2024-12-24,2.854446,%,dulieukinhte (API),D,2026-10-10
2024-12-25,2.84969,%,dulieukinhte (API),D,2026-10-10
2024-12-26,2.81278,%,dulieukinhte (API),D,2026-10-10
2024-12-27,2.92965,%,dulieukinhte (API),D,2026-10-10
2024-12-30,2.824486,%,dulieukinhte (API),D,2026-10-10
2024-12-31,2.836886,%,dulieukinhte (API),D,2026-10-10
2025-01-02,2.848937,%,dulieukinhte (API),D,2026-10-10
2025-01-03,2.767804,%,dulieukinhte (API),D,2026-10-10
2025-01-06,2.794791,%,dulieukinhte (API),D,2026-10-10
2025-01-07,2.896676,%,dulieukinhte (API),D,2026-10-10
2025-01-08,2.807428,%,dulieukinhte (API),D,2026-10-10
2025-01-09,2.840806,%,dulieukinhte (API),D,2026-10-10
2025-01-10,2.823296,%,dulieukinhte (API),D,2026-10-10
2025-01-13,2.833752,%,dulieukinhte (API),D,2026-10-10
2025-01-14,2.79794,%,dulieukinhte (API),D,2026-10-10
2025-01-15,2.945826,%,dulieukinhte (API),D,2026-10-10
2025-01-16,2.888224,%,dulieukinhte (API),D,2026-10-10
2025-01-17,2.853739,%,dulieukinhte (API),D,2026-10-10
2025-01-20,2.906767,%,dulieukinhte (API),D,2026-10-10
2025-01-21,2.931248,%,dulieukinhte (API),D,2026-10-10
2025-01-22,2.934029,%,dulieukinhte (API),D,2026-10-10
2025-01-23,2.932738,%,dulieukinhte (API),D,2026-10-10
2025-01-24,2.923366,%,dulieukinhte (API),D,2026-10-10
2025-02-03,3.043399,%,dulieukinhte (API),D,2026-10-10
2025-02-04,2.986221,%,dulieukinhte (API),D,2026-10-10
2025-02-05,2.949537,%,dulieukinhte (API),D,2026-10-10
2025-02-06,2.91183,%,dulieukinhte (API),D,2026-10-10
2025-02-07,2.872579,%,dulieukinhte (API),D,2026-10-10
2025-02-10,2.976022,%,dulieukinhte (API),D,2026-10-10
2025-02-11,3.020735,%,dulieukinhte (API),D,2026-10-10
2025-02-12,2.980505,%,dulieukinhte (API),D,2026-10-10
2025-02-13,2.917937,%,dulieukinhte (API),D,2026-10-10
2025-02-14,2.948198,%,dulieukinhte (API),D,2026-10-10
2025-02-17,2.982804,%,dulieukinhte (API),D,2026-10-10
2025-02-18,2.975412,%,dulieukinhte (API),D,2026-10-10
2025-02-19,3.116318,%,dulieukinhte (API),D,2026-10-10
2025-02-20,3.016261,%,dulieukinhte (API),D,2026-10-10
2025-02-21,3.003219,%,dulieukinhte (API),D,2026-10-10
2025-02-24,3.070894,%,dulieukinhte (API),D,2026-10-10
2025-02-25,3.004308,%,dulieukinhte (API),D,2026-10-10
2025-02-26,3.009496,%,dulieukinhte (API),D,2026-10-10
2025-02-27,3.043592,%,dulieukinhte (API),D,2026-10-10
2025-02-28,2.989945,%,dulieukinhte (API),D,2026-10-10
2025-03-03,3.062934,%,dulieukinhte (API),D,2026-10-10
2025-03-04,2.975388,%,dulieukinhte (API),D,2026-10-10
2025-03-05,2.975612,%,dulieukinhte (API),D,2026-10-10
2025-03-06,2.980185,%,dulieukinhte (API),D,2026-10-10
2025-03-07,2.903459,%,dulieukinhte (API),D,2026-10-10
2025-03-10,2.900814,%,dulieukinhte (API),D,2026-10-10
2025-03-11,2.926718,%,dulieukinhte (API),D,2026-10-10
2025-03-12,2.977564,%,dulieukinhte (API),D,2026-10-10
2025-03-13,2.951566,%,dulieukinhte (API),D,2026-10-10
2025-03-14,2.9153,%,dulieukinhte (API),D,2026-10-10
2025-03-17,2.952979,%,dulieukinhte (API),D,2026-10-10
2025-03-18,2.924672,%,dulieukinhte (API),D,2026-10-10
2025-03-19,2.916376,%,dulieukinhte (API),D,2026-10-10
2025-03-20,2.934804,%,dulieukinhte (API),D,2026-10-10
2025-03-21,2.947672,%,dulieukinhte (API),D,2026-10-10
2025-03-24,2.924177,%,dulieukinhte (API),D,2026-10-10
2025-03-25,2.978922,%,dulieukinhte (API),D,2026-10-10
2025-03-26,2.991611,%,dulieukinhte (API),D,2026-10-10
2025-03-27,2.938892,%,dulieukinhte (API),D,2026-10-10
2025-03-28,2.97071,%,dulieukinhte (API),D,2026-10-10
2025-03-31,2.896838,%,dulieukinhte (API),D,2026-10-10
2025-04-01,2.920178,%,dulieukinhte (API),D,2026-10-10
2025-04-02,2.990517,%,dulieukinhte (API),D,2026-10-10
2025-04-03,2.926096,%,dulieukinhte (API),D,2026-10-10
2025-04-04,2.928275,%,dulieukinhte (API),D,2026-10-10
2025-04-08,2.943,%,dulieukinhte (API),D,2026-10-10
2025-04-09,2.936061,%,dulieukinhte (API),D,2026-10-10
2025-04-10,2.920376,%,dulieukinhte (API),D,2026-10-10
2025-04-11,2.966614,%,dulieukinhte (API),D,2026-10-10
2025-04-14,2.944566,%,dulieukinhte (API),D,2026-10-10
2025-04-15,3.015094,%,dulieukinhte (API),D,2026-10-10
2025-04-16,2.991289,%,dulieukinhte (API),D,2026-10-10
2025-04-17,2.955317,%,dulieukinhte (API),D,2026-10-10
2025-04-18,2.972315,%,dulieukinhte (API),D,2026-10-10
2025-04-21,2.917927,%,dulieukinhte (API),D,2026-10-10
2025-04-22,2.953041,%,dulieukinhte (API),D,2026-10-10
2025-04-23,2.954093,%,dulieukinhte (API),D,2026-10-10
2025-04-24,3.019592,%,dulieukinhte (API),D,2026-10-10
2025-04-25,2.921824,%,dulieukinhte (API),D,2026-10-10
2025-04-28,2.981158,%,dulieukinhte (API),D,2026-10-10
2025-04-29,2.99257,%,dulieukinhte (API),D,2026-10-10
2025-05-05,2.931201,%,dulieukinhte (API),D,2026-10-10
2025-05-06,2.952626,%,dulieukinhte (API),D,2026-10-10
2025-05-07,2.9682,%,dulieukinhte (API),D,2026-10-10
2025-05-08,2.980609,%,dulieukinhte (API),D,2026-10-10
2025-05-09,2.93179,%,dulieukinhte (API),D,2026-10-10
2025-05-12,2.957155,%,dulieukinhte (API),D,2026-10-10
2025-05-13,3.032564,%,dulieukinhte (API),D,2026-10-10
2025-05-14,2.972713,%,dulieukinhte (API),D,2026-10-10
2025-05-15,2.946817,%,dulieukinhte (API),D,2026-10-10
2025-05-16,2.979469,%,dulieukinhte (API),D,2026-10-10
2025-05-19,2.979999,%,dulieukinhte (API),D,2026-10-10
2025-05-20,2.979348,%,dulieukinhte (API),D,2026-10-10
2025-05-21,2.933661,%,dulieukinhte (API),D,2026-10-10
2025-05-22,2.950306,%,dulieukinhte (API),D,2026-10-10
2025-05-23,3.00793,%,dulieukinhte (API),D,2026-10-10
2025-05-26,2.820869,%,dulieukinhte (API),D,2026-10-10
2025-05-27,3.092827,%,dulieukinhte (API),D,2026-10-10
2025-05-28,2.97863,%,dulieukinhte (API),D,2026-10-10
2025-05-29,3.013284,%,dulieukinhte (API),D,2026-10-10
2025-05-30,2.987259,%,dulieukinhte (API),D,2026-10-10
2025-06-02,3.027121,%,dulieukinhte (API),D,2026-10-10
2025-06-03,3.090569,%,dulieukinhte (API),D,2026-10-10
2025-06-04,3.007151,%,dulieukinhte (API),D,2026-10-10
2025-06-05,3.096639,%,dulieukinhte (API),D,2026-10-10
2025-06-06,3.046864,%,dulieukinhte (API),D,2026-10-10
2025-06-09,2.984892,%,dulieukinhte (API),D,2026-10-10
2025-06-10,3.010392,%,dulieukinhte (API),D,2026-10-10
2025-06-11,3.02613,%,dulieukinhte (API),D,2026-10-10
2025-06-12,3.099892,%,dulieukinhte (API),D,2026-10-10
2025-06-13,3.022442,%,dulieukinhte (API),D,2026-10-10
2025-06-16,3.023977,%,dulieukinhte (API),D,2026-10-10
2025-06-17,3.033116,%,dulieukinhte (API),D,2026-10-10
2025-06-18,3.034901,%,dulieukinhte (API),D,2026-10-10
2025-06-19,3.067214,%,dulieukinhte (API),D,2026-10-10
2025-06-20,3.068788,%,dulieukinhte (API),D,2026-10-10
2025-06-23,3.094058,%,dulieukinhte (API),D,2026-10-10
2025-06-24,3.14504,%,dulieukinhte (API),D,2026-10-10
2025-06-25,3.127225,%,dulieukinhte (API),D,2026-10-10
2025-06-26,3.137219,%,dulieukinhte (API),D,2026-10-10
2025-06-27,3.085393,%,dulieukinhte (API),D,2026-10-10
2025-06-30,2.970922,%,dulieukinhte (API),D,2026-10-10
2025-07-01,3.105079,%,dulieukinhte (API),D,2026-10-10
2025-07-02,3.117005,%,dulieukinhte (API),D,2026-10-10
2025-07-03,3.102683,%,dulieukinhte (API),D,2026-10-10
2025-07-04,3.151067,%,dulieukinhte (API),D,2026-10-10
2025-07-07,3.148123,%,dulieukinhte (API),D,2026-10-10
2025-07-08,3.164727,%,dulieukinhte (API),D,2026-10-10
2025-07-09,3.156814,%,dulieukinhte (API),D,2026-10-10
2025-07-10,3.159473,%,dulieukinhte (API),D,2026-10-10
2025-07-11,3.145291,%,dulieukinhte (API),D,2026-10-10
2025-07-14,3.152289,%,dulieukinhte (API),D,2026-10-10
2025-07-15,3.199483,%,dulieukinhte (API),D,2026-10-10
2025-07-16,3.158094,%,dulieukinhte (API),D,2026-10-10
2025-07-17,3.202982,%,dulieukinhte (API),D,2026-10-10
2025-07-18,3.241027,%,dulieukinhte (API),D,2026-10-10
2025-07-21,3.177438,%,dulieukinhte (API),D,2026-10-10
2025-07-22,3.200695,%,dulieukinhte (API),D,2026-10-10
2025-07-23,3.257215,%,dulieukinhte (API),D,2026-10-10
2025-07-24,3.230957,%,dulieukinhte (API),D,2026-10-10
2025-07-25,3.200878,%,dulieukinhte (API),D,2026-10-10
2025-07-28,3.257319,%,dulieukinhte (API),D,2026-10-10
2025-07-29,3.21313,%,dulieukinhte (API),D,2026-10-10
2025-07-30,3.218979,%,dulieukinhte (API),D,2026-10-10
2025-07-31,3.24096,%,dulieukinhte (API),D,2026-10-10
2025-08-01,3.295516,%,dulieukinhte (API),D,2026-10-10
2025-08-04,3.294864,%,dulieukinhte (API),D,2026-10-10
2025-08-05,3.326589,%,dulieukinhte (API),D,2026-10-10
2025-08-06,3.287786,%,dulieukinhte (API),D,2026-10-10
2025-08-07,3.275183,%,dulieukinhte (API),D,2026-10-10
2025-08-08,3.252645,%,dulieukinhte (API),D,2026-10-10
2025-08-11,3.284264,%,dulieukinhte (API),D,2026-10-10
2025-08-12,3.277292,%,dulieukinhte (API),D,2026-10-10
2025-08-13,3.297633,%,dulieukinhte (API),D,2026-10-10
2025-08-14,3.373051,%,dulieukinhte (API),D,2026-10-10
2025-08-15,3.288594,%,dulieukinhte (API),D,2026-10-10
2025-08-18,3.316164,%,dulieukinhte (API),D,2026-10-10
2025-08-19,3.395662,%,dulieukinhte (API),D,2026-10-10
2025-08-20,3.31649,%,dulieukinhte (API),D,2026-10-10
2025-08-21,3.332268,%,dulieukinhte (API),D,2026-10-10
2025-08-22,3.36752,%,dulieukinhte (API),D,2026-10-10
2025-08-25,3.347138,%,dulieukinhte (API),D,2026-10-10
2025-08-26,3.425169,%,dulieukinhte (API),D,2026-10-10
2025-08-27,3.40492,%,dulieukinhte (API),D,2026-10-10
2025-08-28,3.436499,%,dulieukinhte (API),D,2026-10-10
2025-08-29,3.479927,%,dulieukinhte (API),D,2026-10-10
2025-09-03,3.594196,%,dulieukinhte (API),D,2026-10-10
2025-09-04,3.468611,%,dulieukinhte (API),D,2026-10-10
2025-09-05,3.527404,%,dulieukinhte (API),D,2026-10-10
2025-09-08,3.502331,%,dulieukinhte (API),D,2026-10-10
2025-09-09,3.614204,%,dulieukinhte (API),D,2026-10-10
2025-09-10,3.480009,%,dulieukinhte (API),D,2026-10-10
2025-09-11,3.461997,%,dulieukinhte (API),D,2026-10-10
2025-09-12,3.461904,%,dulieukinhte (API),D,2026-10-10
2025-09-15,3.554916,%,dulieukinhte (API),D,2026-10-10
2025-09-16,3.603882,%,dulieukinhte (API),D,2026-10-10
2025-09-17,3.552907,%,dulieukinhte (API),D,2026-10-10
2025-09-18,3.462843,%,dulieukinhte (API),D,2026-10-10
2025-09-19,3.49655,%,dulieukinhte (API),D,2026-10-10
2025-09-22,3.300577,%,dulieukinhte (API),D,2026-10-10
2025-09-23,3.503119,%,dulieukinhte (API),D,2026-10-10
2025-09-24,3.607979,%,dulieukinhte (API),D,2026-10-10
2025-09-25,3.480665,%,dulieukinhte (API),D,2026-10-10
2025-09-26,3.50292,%,dulieukinhte (API),D,2026-10-10
2025-09-29,3.483039,%,dulieukinhte (API),D,2026-10-10
2025-09-30,3.486595,%,dulieukinhte (API),D,2026-10-10
2025-10-01,3.488383,%,dulieukinhte (API),D,2026-10-10
2025-10-02,3.512778,%,dulieukinhte (API),D,2026-10-10
2025-10-03,3.485339,%,dulieukinhte (API),D,2026-10-10
2025-10-06,3.506861,%,dulieukinhte (API),D,2026-10-10
2025-10-07,3.502007,%,dulieukinhte (API),D,2026-10-10
2025-10-08,3.534929,%,dulieukinhte (API),D,2026-10-10
2025-10-09,3.592752,%,dulieukinhte (API),D,2026-10-10
2025-10-10,3.595982,%,dulieukinhte (API),D,2026-10-10
2025-10-13,3.624489,%,dulieukinhte (API),D,2026-10-10
2025-10-14,3.519683,%,dulieukinhte (API),D,2026-10-10
2025-10-15,3.648815,%,dulieukinhte (API),D,2026-10-10
2025-10-16,3.489819,%,dulieukinhte (API),D,2026-10-10
2025-10-17,3.565816,%,dulieukinhte (API),D,2026-10-10
2025-10-20,3.59931,%,dulieukinhte (API),D,2026-10-10
2025-10-21,3.661179,%,dulieukinhte (API),D,2026-10-10
2025-10-22,3.684954,%,dulieukinhte (API),D,2026-10-10
2025-10-23,3.587118,%,dulieukinhte (API),D,2026-10-10
2025-10-24,3.678584,%,dulieukinhte (API),D,2026-10-10
2025-10-27,3.540562,%,dulieukinhte (API),D,2026-10-10
2025-10-28,3.621517,%,dulieukinhte (API),D,2026-10-10
2025-10-29,3.654301,%,dulieukinhte (API),D,2026-10-10
2025-10-30,3.752545,%,dulieukinhte (API),D,2026-10-10
2025-10-31,3.751863,%,dulieukinhte (API),D,2026-10-10
2025-11-03,3.742375,%,dulieukinhte (API),D,2026-10-10
2025-11-04,3.686573,%,dulieukinhte (API),D,2026-10-10
2025-11-05,3.688354,%,dulieukinhte (API),D,2026-10-10
2025-11-06,3.804736,%,dulieukinhte (API),D,2026-10-10
2025-11-07,3.6862,%,dulieukinhte (API),D,2026-10-10
2025-11-10,3.700846,%,dulieukinhte (API),D,2026-10-10
2025-11-11,3.571286,%,dulieukinhte (API),D,2026-10-10
2025-11-12,3.686822,%,dulieukinhte (API),D,2026-10-10
2025-11-13,3.696148,%,dulieukinhte (API),D,2026-10-10
2025-11-14,3.597706,%,dulieukinhte (API),D,2026-10-10
2025-11-17,3.667026,%,dulieukinhte (API),D,2026-10-10
2025-11-18,3.56307,%,dulieukinhte (API),D,2026-10-10
2025-11-19,3.686134,%,dulieukinhte (API),D,2026-10-10
2025-11-20,3.634606,%,dulieukinhte (API),D,2026-10-10
2025-11-21,3.720591,%,dulieukinhte (API),D,2026-10-10
2025-11-24,3.708192,%,dulieukinhte (API),D,2026-10-10
2025-11-25,3.730559,%,dulieukinhte (API),D,2026-10-10
2025-11-26,3.697222,%,dulieukinhte (API),D,2026-10-10
2025-11-27,3.731901,%,dulieukinhte (API),D,2026-10-10
2025-11-28,3.831863,%,dulieukinhte (API),D,2026-10-10
2025-12-01,3.651638,%,dulieukinhte (API),D,2026-10-10
2025-12-02,3.762474,%,dulieukinhte (API),D,2026-10-10
2025-12-03,3.826858,%,dulieukinhte (API),D,2026-10-10
2025-12-04,3.831162,%,dulieukinhte (API),D,2026-10-10
2025-12-05,3.767024,%,dulieukinhte (API),D,2026-10-10
2025-12-08,3.792323,%,dulieukinhte (API),D,2026-10-10
2025-12-09,3.785851,%,dulieukinhte (API),D,2026-10-10
2025-12-10,3.776691,%,dulieukinhte (API),D,2026-10-10
2025-12-11,3.655248,%,dulieukinhte (API),D,2026-10-10
2025-12-12,3.890832,%,dulieukinhte (API),D,2026-10-10
2025-12-15,3.885155,%,dulieukinhte (API),D,2026-10-10
2025-12-16,3.875557,%,dulieukinhte (API),D,2026-10-10
2025-12-17,3.874054,%,dulieukinhte (API),D,2026-10-10
2025-12-18,3.877912,%,dulieukinhte (API),D,2026-10-10
2025-12-19,3.755192,%,dulieukinhte (API),D,2026-10-10
2025-12-22,3.852312,%,dulieukinhte (API),D,2026-10-10
2025-12-23,3.845388,%,dulieukinhte (API),D,2026-10-10
2025-12-24,3.880201,%,dulieukinhte (API),D,2026-10-10
2025-12-25,3.83469,%,dulieukinhte (API),D,2026-10-10
2025-12-26,3.87154,%,dulieukinhte (API),D,2026-10-10
2025-12-29,3.854522,%,dulieukinhte (API),D,2026-10-10
2025-12-30,3.91679,%,dulieukinhte (API),D,2026-10-10
2025-12-31,3.918531,%,dulieukinhte (API),D,2026-10-10
2026-01-05,3.912211,%,dulieukinhte (API),D,2026-10-10
2026-01-06,3.834166,%,dulieukinhte (API),D,2026-10-10
2026-01-07,3.946359,%,dulieukinhte (API),D,2026-10-10
2026-01-08,3.964203,%,dulieukinhte (API),D,2026-10-10
2026-01-09,4.009242,%,dulieukinhte (API),D,2026-10-10
2026-01-12,4.053388,%,dulieukinhte (API),D,2026-10-10
2026-01-13,3.932942,%,dulieukinhte (API),D,2026-10-10
2026-01-14,3.966479,%,dulieukinhte (API),D,2026-10-10
2026-01-15,3.990249,%,dulieukinhte (API),D,2026-10-10
2026-01-16,4.019828,%,dulieukinhte (API),D,2026-10-10
2026-01-19,4.01346,%,dulieukinhte (API),D,2026-10-10
2026-01-20,4.006923,%,dulieukinhte (API),D,2026-10-10
2026-01-21,3.997374,%,dulieukinhte (API),D,2026-10-10
2026-01-22,3.980933,%,dulieukinhte (API),D,2026-10-10
2026-01-23,3.973588,%,dulieukinhte (API),D,2026-10-10
2026-01-26,3.978743,%,dulieukinhte (API),D,2026-10-10
2026-01-27,4.002836,%,dulieukinhte (API),D,2026-10-10
2026-01-28,3.998433,%,dulieukinhte (API),D,2026-10-10
2026-01-29,3.980588,%,dulieukinhte (API),D,2026-10-10
2026-01-30,4.073418,%,dulieukinhte (API),D,2026-10-10
2026-02-02,4.082577,%,dulieukinhte (API),D,2026-10-10
2026-02-03,4.078033,%,dulieukinhte (API),D,2026-10-10
2026-02-04,3.987008,%,dulieukinhte (API),D,2026-10-10
2026-02-05,4.006603,%,dulieukinhte (API),D,2026-10-10
2026-02-06,4.089115,%,dulieukinhte (API),D,2026-10-10
2026-02-09,4.103692,%,dulieukinhte (API),D,2026-10-10
2026-02-10,4.09342,%,dulieukinhte (API),D,2026-10-10
2026-02-11,4.062907,%,dulieukinhte (API),D,2026-10-10
2026-02-12,4.03121,%,dulieukinhte (API),D,2026-10-10
2026-02-13,4.033029,%,dulieukinhte (API),D,2026-10-10
2026-02-23,4.066829,%,dulieukinhte (API),D,2026-10-10
2026-02-24,4.079157,%,dulieukinhte (API),D,2026-10-10
2026-02-25,4.068049,%,dulieukinhte (API),D,2026-10-10
2026-02-26,4.063398,%,dulieukinhte (API),D,2026-10-10
2026-02-27,4.1131,%,dulieukinhte (API),D,2026-10-10
2026-03-02,4.113047,%,dulieukinhte (API),D,2026-10-10
2026-03-03,4.074556,%,dulieukinhte (API),D,2026-10-10
2026-03-04,4.071936,%,dulieukinhte (API),D,2026-10-10
2026-03-05,4.108481,%,dulieukinhte (API),D,2026-10-10
2026-03-06,4.106964,%,dulieukinhte (API),D,2026-10-10
2026-03-09,4.125672,%,dulieukinhte (API),D,2026-10-10
2026-03-10,4.080869,%,dulieukinhte (API),D,2026-10-10
2026-03-11,4.077586,%,dulieukinhte (API),D,2026-10-10
2026-03-12,4.07578,%,dulieukinhte (API),D,2026-10-10
2026-03-13,4.116109,%,dulieukinhte (API),D,2026-10-10
2026-03-16,4.118996,%,dulieukinhte (API),D,2026-10-10
2026-03-17,4.145515,%,dulieukinhte (API),D,2026-10-10
2026-03-18,4.144454,%,dulieukinhte (API),D,2026-10-10
2026-03-19,4.174743,%,dulieukinhte (API),D,2026-10-10
2026-03-20,4.184725,%,dulieukinhte (API),D,2026-10-10
2026-03-23,4.17897,%,dulieukinhte (API),D,2026-10-10
2026-03-24,4.187977,%,dulieukinhte (API),D,2026-10-10
2026-03-25,4.168537,%,dulieukinhte (API),D,2026-10-10
2026-03-26,4.196054,%,dulieukinhte (API),D,2026-10-10
2026-03-27,4.207741,%,dulieukinhte (API),D,2026-10-10
2026-03-30,4.214,%,dulieukinhte (API),D,2026-10-10
2026-03-31,4.064004,%,dulieukinhte (API),D,2026-10-10
2026-04-01,4.1803,%,dulieukinhte (API),D,2026-10-10
2026-04-02,4.180338,%,dulieukinhte (API),D,2026-10-10
2026-04-03,4.17763,%,dulieukinhte (API),D,2026-10-10
2026-04-06,4.072271,%,dulieukinhte (API),D,2026-10-10
2026-04-07,4.200885,%,dulieukinhte (API),D,2026-10-10
2026-04-08,4.16098,%,dulieukinhte (API),D,2026-10-10
2026-04-09,4.17649,%,dulieukinhte (API),D,2026-10-10
2026-04-10,4.119659,%,dulieukinhte (API),D,2026-10-10
2026-04-13,4.175974,%,dulieukinhte (API),D,2026-10-10
2026-04-14,4.194824,%,dulieukinhte (API),D,2026-10-10
2026-04-15,4.252415,%,dulieukinhte (API),D,2026-10-10
2026-04-16,4.257672,%,dulieukinhte (API),D,2026-10-10
2026-04-17,4.263747,%,dulieukinhte (API),D,2026-10-10
2026-04-20,4.259541,%,dulieukinhte (API),D,2026-10-10
2026-04-21,4.140352,%,dulieukinhte (API),D,2026-10-10
2026-04-22,4.281304,%,dulieukinhte (API),D,2026-10-10
2026-04-23,4.312534,%,dulieukinhte (API),D,2026-10-10
2026-04-24,4.249666,%,dulieukinhte (API),D,2026-10-10
2026-04-28,4.249148,%,dulieukinhte (API),D,2026-10-10
2026-04-29,4.230584,%,dulieukinhte (API),D,2026-10-10
2026-05-04,4.275966,%,dulieukinhte (API),D,2026-10-10
2026-05-05,4.283793,%,dulieukinhte (API),D,2026-10-10
2026-05-06,4.275129,%,dulieukinhte (API),D,2026-10-10
2026-05-07,4.279429,%,dulieukinhte (API),D,2026-10-10
2026-05-08,4.285061,%,dulieukinhte (API),D,2026-10-10
2026-05-11,4.28369,%,dulieukinhte (API),D,2026-10-10
2026-05-12,4.305034,%,dulieukinhte (API),D,2026-10-10
2026-05-13,4.302455,%,dulieukinhte (API),D,2026-10-10
2026-05-14,4.290176,%,dulieukinhte (API),D,2026-10-10
2026-05-15,4.290876,%,dulieukinhte (API),D,2026-10-10
2026-05-18,4.278865,%,dulieukinhte (API),D,2026-10-10
2026-05-19,4.295502,%,dulieukinhte (API),D,2026-10-10
2026-05-20,4.35072,%,dulieukinhte (API),D,2026-10-10
2026-05-21,4.314645,%,dulieukinhte (API),D,2026-10-10
2026-05-22,4.269818,%,dulieukinhte (API),D,2026-10-10
2026-05-25,4.270621,%,dulieukinhte (API),D,2026-10-10
2026-05-26,4.302418,%,dulieukinhte (API),D,2026-10-10
2026-05-27,4.288406,%,dulieukinhte (API),D,2026-10-10
2026-05-28,4.279274,%,dulieukinhte (API),D,2026-10-10
2026-05-29,4.333076,%,dulieukinhte (API),D,2026-10-10
2026-06-01,4.197863,%,dulieukinhte (API),D,2026-10-10
2026-06-02,4.370314,%,dulieukinhte (API),D,2026-10-10
2026-06-03,4.345522,%,dulieukinhte (API),D,2026-10-10
2026-06-04,4.362871,%,dulieukinhte (API),D,2026-10-10
2026-06-05,4.37928,%,dulieukinhte (API),D,2026-10-10
2026-06-08,4.385449,%,dulieukinhte (API),D,2026-10-10
2026-06-09,4.392004,%,dulieukinhte (API),D,2026-10-10
2026-06-10,4.410351,%,dulieukinhte (API),D,2026-10-10
2026-06-11,4.409843,%,dulieukinhte (API),D,2026-10-10
2026-06-12,4.415078,%,dulieukinhte (API),D,2026-10-10
2026-06-15,4.436346,%,dulieukinhte (API),D,2026-10-10
2026-06-16,4.424574,%,dulieukinhte (API),D,2026-10-10
2026-06-17,4.415208,%,dulieukinhte (API),D,2026-10-10
2026-06-18,4.410683,%,dulieukinhte (API),D,2026-10-10
2026-06-19,4.448217,%,dulieukinhte (API),D,2026-10-10
2026-06-22,4.462617,%,dulieukinhte (API),D,2026-10-10
2026-06-23,4.439652,%,dulieukinhte (API),D,2026-10-10
2026-06-24,4.448724,%,dulieukinhte (API),D,2026-10-10
2026-06-25,4.451271,%,dulieukinhte (API),D,2026-10-10
2026-06-26,4.454122,%,dulieukinhte (API),D,2026-10-10
2026-06-29,4.52076,%,dulieukinhte (API),D,2026-10-10
2026-06-30,4.446492,%,dulieukinhte (API),D,2026-10-10
2026-07-01,4.447392,%,dulieukinhte (API),D,2026-10-10
2026-07-02,4.42312,%,dulieukinhte (API),D,2026-10-10
2026-07-03,4.436363,%,dulieukinhte (API),D,2026-10-10
2026-07-06,4.438523,%,dulieukinhte (API),D,2026-10-10
2026-07-07,4.449759,%,dulieukinhte (API),D,2026-10-10
2026-07-08,4.477986,%,dulieukinhte (API),D,2026-10-10
2026-07-09,4.457126,%,dulieukinhte (API),D,2026-10-10
2026-07-10,4.463456,%,dulieukinhte (API),D,2026-10-10
2026-07-13,4.439811,%,dulieukinhte (API),D,2026-10-10
2026-07-14,4.467271,%,dulieukinhte (API),D,2026-10-10
2026-07-15,4.455269,%,dulieukinhte (API),D,2026-10-10
2026-07-16,4.443005,%,dulieukinhte (API),D,2026-10-10
2026-07-17,4.373087,%,dulieukinhte (API),D,2026-10-10
2026-07-20,4.48881,%,dulieukinhte (API),D,2026-10-10
2026-07-21,4.485295,%,dulieukinhte (API),D,2026-10-10
2026-07-22,4.497052,%,dulieukinhte (API),D,2026-10-10
2026-07-23,4.490279,%,dulieukinhte (API),D,2026-10-10
2026-07-24,4.463041,%,dulieukinhte (API),D,2026-10-10
2026-07-27,4.463454,%,dulieukinhte (API),D,2026-10-10
2026-07-28,4.349789,%,dulieukinhte (API),D,2026-10-10
2026-07-29,4.411277,%,dulieukinhte (API),D,2026-10-10
2026-07-30,4.446407,%,dulieukinhte (API),D,2026-10-10
2026-07-31,4.464118,%,dulieukinhte (API),D,2026-10-10
2026-08-03,4.456825,%,dulieukinhte (API),D,2026-10-10
2026-08-04,4.454408,%,dulieukinhte (API),D,2026-10-10
2026-08-05,4.48672,%,dulieukinhte (API),D,2026-10-10
2026-08-06,4.436516,%,dulieukinhte (API),D,2026-10-10
2026-08-07,4.369336,%,dulieukinhte (API),D,2026-10-10
2026-08-10,4.493311,%,dulieukinhte (API),D,2026-10-10
2026-08-11,4.459608,%,dulieukinhte (API),D,2026-10-10
2026-08-12,4.493759,%,dulieukinhte (API),D,2026-10-10
2026-08-13,4.469192,%,dulieukinhte (API),D,2026-10-10
2026-08-14,4.491636,%,dulieukinhte (API),D,2026-10-10
2026-08-17,4.464763,%,dulieukinhte (API),D,2026-10-10
2026-08-18,4.494602,%,dulieukinhte (API),D,2026-10-10
2026-08-19,4.465704,%,dulieukinhte (API),D,2026-10-10
2026-08-20,4.464445,%,dulieukinhte (API),D,2026-10-10
2026-08-21,4.436982,%,dulieukinhte (API),D,2026-10-10
2026-08-24,4.447767,%,dulieukinhte (API),D,2026-10-10
2026-08-25,4.459917,%,dulieukinhte (API),D,2026-10-10
2026-08-26,4.431171,%,dulieukinhte (API),D,2026-10-10
2026-08-27,4.532831,%,dulieukinhte (API),D,2026-10-10
2026-08-28,4.450067,%,dulieukinhte (API),D,2026-10-10
2026-09-03,4.490818,%,dulieukinhte (API),D,2026-10-10
2026-09-04,4.463892,%,dulieukinhte (API),D,2026-10-10
2026-09-07,4.475389,%,dulieukinhte (API),D,2026-10-10
2026-09-08,4.497319,%,dulieukinhte (API),D,2026-10-10
2026-09-09,4.462711,%,dulieukinhte (API),D,2026-10-10
2026-09-10,4.476401,%,dulieukinhte (API),D,2026-10-10
2026-09-11,4.528689,%,dulieukinhte (API),D,2026-10-10
2026-09-14,4.523781,%,dulieukinhte (API),D,2026-10-10
2026-09-15,4.463758,%,dulieukinhte (API),D,2026-10-10
2026-09-16,4.355552,%,dulieukinhte (API),D,2026-10-10
2026-09-17,4.460441,%,dulieukinhte (API),D,2026-10-10
2026-09-18,4.50354,%,dulieukinhte (API),D,2026-10-10
2026-09-21,4.490534,%,dulieukinhte (API),D,2026-10-10
2026-09-22,4.527196,%,dulieukinhte (API),D,2026-10-10
2026-09-23,4.534963,%,dulieukinhte (API),D,2026-10-10
2026-09-24,4.502998,%,dulieukinhte (API),D,2026-10-10
2026-09-25,4.525856,%,dulieukinhte (API),D,2026-10-10
2026-09-28,4.530151,%,dulieukinhte (API),D,2026-10-10
2026-09-29,4.534733,%,dulieukinhte (API),D,2026-10-10
2026-09-30,4.54812,%,dulieukinhte (API),D,2026-10-10
2026-10-01,4.534316,%,dulieukinhte (API),D,2026-10-10
2026-10-02,4.534978,%,dulieukinhte (API),D,2026-10-10
2026-10-05,4.531317,%,dulieukinhte (API),D,2026-10-10
2026-10-06,4.538404,%,dulieukinhte (API),D,2026-10-10
2026-10-07,4.537848,%,dulieukinhte (API),D,2026-10-10
2026-10-08,4.535355,%,dulieukinhte (API),D,2026-10-10
2026-10-09,4.506492,%,dulieukinhte (API),D,2026-10-10
