date,value,unit,source,frequency,vintage_date
2016-01-04,4.91,%,dulieukinhte,D,2026-10-08
2016-01-05,4.81,%,dulieukinhte,D,2026-10-08
2016-01-06,4.87,%,dulieukinhte,D,2026-10-08
2016-01-07,4.84,%,dulieukinhte,D,2026-10-08
2016-01-08,4.71,%,dulieukinhte,D,2026-10-08
2016-01-11,4.66,%,dulieukinhte,D,2026-10-08
2016-01-12,4.68,%,dulieukinhte,D,2026-10-08
2016-01-13,4.65,%,dulieukinhte,D,2026-10-08
2016-01-14,4.71,%,dulieukinhte,D,2026-10-08
2016-01-18,4.64,%,dulieukinhte,D,2026-10-08
2016-01-19,4.73,%,dulieukinhte,D,2026-10-08
2016-01-20,4.77,%,dulieukinhte,D,2026-10-08
2016-01-21,4.75,%,dulieukinhte,D,2026-10-08
2016-01-22,4.82,%,dulieukinhte,D,2026-10-08
2016-01-25,4.97,%,dulieukinhte,D,2026-10-08
2016-01-26,5.04,%,dulieukinhte,D,2026-10-08
2016-01-27,5.04,%,dulieukinhte,D,2026-10-08
2016-01-28,5.09,%,dulieukinhte,D,2026-10-08
2016-01-29,5.35,%,dulieukinhte,D,2026-10-08
2016-02-01,5.38,%,dulieukinhte,D,2026-10-08
2016-02-02,5.67,%,dulieukinhte,D,2026-10-08
2016-02-03,5.56,%,dulieukinhte,D,2026-10-08
2016-02-04,5.609999999999999,%,dulieukinhte,D,2026-10-08
2016-02-16,4.72,%,dulieukinhte,D,2026-10-08
2016-02-17,3.88,%,dulieukinhte,D,2026-10-08
2016-02-18,3.2399999999999998,%,dulieukinhte,D,2026-10-08
2016-02-19,2.3800000000000003,%,dulieukinhte,D,2026-10-08
2016-02-22,2.1399999999999997,%,dulieukinhte,D,2026-10-08
2016-02-23,1.7999999999999998,%,dulieukinhte,D,2026-10-08
2016-02-24,1.7999999999999998,%,dulieukinhte,D,2026-10-08
2016-02-25,1.59,%,dulieukinhte,D,2026-10-08
2016-02-26,1.31,%,dulieukinhte,D,2026-10-08
2016-02-29,1.22,%,dulieukinhte,D,2026-10-08
2016-03-01,2.4,%,dulieukinhte,D,2026-10-08
2016-03-02,2.8400000000000003,%,dulieukinhte,D,2026-10-08
2016-03-03,3.25,%,dulieukinhte,D,2026-10-08
2016-03-04,4.06,%,dulieukinhte,D,2026-10-08
2016-03-07,4.61,%,dulieukinhte,D,2026-10-08
2016-03-08,4.760000000000001,%,dulieukinhte,D,2026-10-08
2016-03-09,4.67,%,dulieukinhte,D,2026-10-08
2016-03-10,4.43,%,dulieukinhte,D,2026-10-08
2016-03-11,4.19,%,dulieukinhte,D,2026-10-08
2016-03-14,4.2299999999999995,%,dulieukinhte,D,2026-10-08
2016-03-15,4.29,%,dulieukinhte,D,2026-10-08
2016-03-16,4.3,%,dulieukinhte,D,2026-10-08
2016-03-17,3.6999999999999997,%,dulieukinhte,D,2026-10-08
2016-03-18,3.6900000000000004,%,dulieukinhte,D,2026-10-08
2016-03-21,3.63,%,dulieukinhte,D,2026-10-08
2016-03-22,3.71,%,dulieukinhte,D,2026-10-08
2016-03-23,3.3300000000000005,%,dulieukinhte,D,2026-10-08
2016-03-24,2.96,%,dulieukinhte,D,2026-10-08
2016-03-25,2.88,%,dulieukinhte,D,2026-10-08
2016-03-28,2.86,%,dulieukinhte,D,2026-10-08
2016-03-29,2.97,%,dulieukinhte,D,2026-10-08
2016-03-30,3.0700000000000003,%,dulieukinhte,D,2026-10-08
2016-03-31,3.6999999999999997,%,dulieukinhte,D,2026-10-08
2016-04-01,4.03,%,dulieukinhte,D,2026-10-08
2016-04-04,4.35,%,dulieukinhte,D,2026-10-08
2016-04-05,4.33,%,dulieukinhte,D,2026-10-08
2016-04-06,4.47,%,dulieukinhte,D,2026-10-08
2016-04-08,4.74,%,dulieukinhte,D,2026-10-08
2016-04-12,4.859999999999999,%,dulieukinhte,D,2026-10-08
2016-04-15,4.65,%,dulieukinhte,D,2026-10-08
2016-04-19,4.7,%,dulieukinhte,D,2026-10-08
2016-04-21,4.859999999999999,%,dulieukinhte,D,2026-10-08
2016-04-22,4.8,%,dulieukinhte,D,2026-10-08
2016-04-25,4.49,%,dulieukinhte,D,2026-10-08
2016-04-28,2.09,%,dulieukinhte,D,2026-10-08
2016-04-29,3.8,%,dulieukinhte,D,2026-10-08
2016-05-05,4.17,%,dulieukinhte,D,2026-10-08
2016-05-06,4.04,%,dulieukinhte,D,2026-10-08
2016-05-09,3.61,%,dulieukinhte,D,2026-10-08
2016-05-10,3.0700000000000003,%,dulieukinhte,D,2026-10-08
2016-05-11,2.9000000000000004,%,dulieukinhte,D,2026-10-08
2016-05-13,2.45,%,dulieukinhte,D,2026-10-08
2016-05-19,0.97,%,dulieukinhte,D,2026-10-08
2016-05-20,0.83,%,dulieukinhte,D,2026-10-08
2016-05-23,0.8200000000000001,%,dulieukinhte,D,2026-10-08
2016-05-24,0.74,%,dulieukinhte,D,2026-10-08
2016-05-26,0.6,%,dulieukinhte,D,2026-10-08
2016-05-27,0.51,%,dulieukinhte,D,2026-10-08
2016-05-30,0.73,%,dulieukinhte,D,2026-10-08
2016-05-31,0.7799999999999999,%,dulieukinhte,D,2026-10-08
2016-06-02,1.6099999999999999,%,dulieukinhte,D,2026-10-08
2016-06-03,2.01,%,dulieukinhte,D,2026-10-08
2016-06-06,2.15,%,dulieukinhte,D,2026-10-08
2016-06-07,1.71,%,dulieukinhte,D,2026-10-08
2016-06-08,1.16,%,dulieukinhte,D,2026-10-08
2016-06-09,0.7799999999999999,%,dulieukinhte,D,2026-10-08
2016-06-10,1.29,%,dulieukinhte,D,2026-10-08
2016-06-13,1.43,%,dulieukinhte,D,2026-10-08
2016-06-14,1.3599999999999999,%,dulieukinhte,D,2026-10-08
2016-06-15,1.27,%,dulieukinhte,D,2026-10-08
2016-06-16,1.01,%,dulieukinhte,D,2026-10-08
2016-06-17,0.9199999999999999,%,dulieukinhte,D,2026-10-08
2016-06-20,1.18,%,dulieukinhte,D,2026-10-08
2016-06-21,1.05,%,dulieukinhte,D,2026-10-08
2016-06-22,0.96,%,dulieukinhte,D,2026-10-08
2016-06-23,0.88,%,dulieukinhte,D,2026-10-08
2016-06-24,0.83,%,dulieukinhte,D,2026-10-08
2016-06-27,1.26,%,dulieukinhte,D,2026-10-08
2016-06-28,1.31,%,dulieukinhte,D,2026-10-08
2016-06-30,1.22,%,dulieukinhte,D,2026-10-08
2016-07-01,1.5699999999999998,%,dulieukinhte,D,2026-10-08
2016-07-04,1.4500000000000002,%,dulieukinhte,D,2026-10-08
2016-07-05,1.35,%,dulieukinhte,D,2026-10-08
2016-07-06,1.13,%,dulieukinhte,D,2026-10-08
2016-07-07,0.95,%,dulieukinhte,D,2026-10-08
2016-07-08,0.98,%,dulieukinhte,D,2026-10-08
2016-07-11,0.97,%,dulieukinhte,D,2026-10-08
2016-07-12,1.02,%,dulieukinhte,D,2026-10-08
2016-07-13,0.98,%,dulieukinhte,D,2026-10-08
2016-07-14,1.03,%,dulieukinhte,D,2026-10-08
2016-07-15,1.03,%,dulieukinhte,D,2026-10-08
2016-07-18,1.04,%,dulieukinhte,D,2026-10-08
2016-07-19,1.09,%,dulieukinhte,D,2026-10-08
2016-07-20,1.13,%,dulieukinhte,D,2026-10-08
2016-07-21,1.15,%,dulieukinhte,D,2026-10-08
2016-07-22,1.15,%,dulieukinhte,D,2026-10-08
2016-07-25,1.2,%,dulieukinhte,D,2026-10-08
2016-07-26,1.17,%,dulieukinhte,D,2026-10-08
2016-07-27,1.1400000000000001,%,dulieukinhte,D,2026-10-08
2016-07-28,1.0699999999999998,%,dulieukinhte,D,2026-10-08
2016-07-29,1.28,%,dulieukinhte,D,2026-10-08
2016-08-01,1.49,%,dulieukinhte,D,2026-10-08
2016-08-02,1.37,%,dulieukinhte,D,2026-10-08
2016-08-03,1.24,%,dulieukinhte,D,2026-10-08
2016-08-04,1.1900000000000002,%,dulieukinhte,D,2026-10-08
2016-08-05,1.15,%,dulieukinhte,D,2026-10-08
2016-08-08,1.1400000000000001,%,dulieukinhte,D,2026-10-08
2016-08-09,1.0699999999999998,%,dulieukinhte,D,2026-10-08
2016-08-10,1.0999999999999999,%,dulieukinhte,D,2026-10-08
2016-08-11,1.08,%,dulieukinhte,D,2026-10-08
2016-08-12,1.02,%,dulieukinhte,D,2026-10-08
2016-08-15,1.0,%,dulieukinhte,D,2026-10-08
2016-08-16,1.05,%,dulieukinhte,D,2026-10-08
2016-08-17,0.89,%,dulieukinhte,D,2026-10-08
2016-08-18,0.8500000000000001,%,dulieukinhte,D,2026-10-08
2016-08-19,0.72,%,dulieukinhte,D,2026-10-08
2016-08-22,0.73,%,dulieukinhte,D,2026-10-08
2016-08-23,0.66,%,dulieukinhte,D,2026-10-08
2016-08-24,0.5499999999999999,%,dulieukinhte,D,2026-10-08
2016-08-25,0.49,%,dulieukinhte,D,2026-10-08
2016-08-26,0.48,%,dulieukinhte,D,2026-10-08
2016-08-29,0.54,%,dulieukinhte,D,2026-10-08
2016-08-30,0.43,%,dulieukinhte,D,2026-10-08
2016-08-31,0.38999999999999996,%,dulieukinhte,D,2026-10-08
2016-09-01,0.45999999999999996,%,dulieukinhte,D,2026-10-08
2016-09-05,0.59,%,dulieukinhte,D,2026-10-08
2016-09-06,0.58,%,dulieukinhte,D,2026-10-08
2016-09-07,0.51,%,dulieukinhte,D,2026-10-08
2016-09-08,0.52,%,dulieukinhte,D,2026-10-08
2016-09-09,0.54,%,dulieukinhte,D,2026-10-08
2016-09-12,0.51,%,dulieukinhte,D,2026-10-08
2016-09-13,0.51,%,dulieukinhte,D,2026-10-08
2016-09-14,0.43,%,dulieukinhte,D,2026-10-08
2016-09-15,0.38999999999999996,%,dulieukinhte,D,2026-10-08
2016-09-16,0.52,%,dulieukinhte,D,2026-10-08
2016-09-19,0.36,%,dulieukinhte,D,2026-10-08
2016-09-20,0.37,%,dulieukinhte,D,2026-10-08
2016-09-21,0.37,%,dulieukinhte,D,2026-10-08
2016-09-23,0.45999999999999996,%,dulieukinhte,D,2026-10-08
2016-09-26,0.42,%,dulieukinhte,D,2026-10-08
2016-09-27,0.43,%,dulieukinhte,D,2026-10-08
2016-09-28,0.44999999999999996,%,dulieukinhte,D,2026-10-08
2016-09-29,0.41000000000000003,%,dulieukinhte,D,2026-10-08
2016-09-30,0.59,%,dulieukinhte,D,2026-10-08
2016-10-03,0.7799999999999999,%,dulieukinhte,D,2026-10-08
2016-10-04,0.8,%,dulieukinhte,D,2026-10-08
2016-10-05,0.5499999999999999,%,dulieukinhte,D,2026-10-08
2016-10-06,0.48,%,dulieukinhte,D,2026-10-08
2016-10-07,0.42,%,dulieukinhte,D,2026-10-08
2016-10-10,0.4,%,dulieukinhte,D,2026-10-08
2016-10-11,0.38,%,dulieukinhte,D,2026-10-08
2016-10-14,0.38,%,dulieukinhte,D,2026-10-08
2016-10-17,0.38,%,dulieukinhte,D,2026-10-08
2016-10-18,0.38,%,dulieukinhte,D,2026-10-08
2016-10-19,0.37,%,dulieukinhte,D,2026-10-08
2016-10-20,0.38,%,dulieukinhte,D,2026-10-08
2016-10-21,0.44,%,dulieukinhte,D,2026-10-08
2016-10-24,0.38,%,dulieukinhte,D,2026-10-08
2016-10-25,0.43,%,dulieukinhte,D,2026-10-08
2016-10-26,0.53,%,dulieukinhte,D,2026-10-08
2016-10-27,0.51,%,dulieukinhte,D,2026-10-08
2016-10-28,0.5599999999999999,%,dulieukinhte,D,2026-10-08
2016-10-31,0.8200000000000001,%,dulieukinhte,D,2026-10-08
2016-11-02,0.83,%,dulieukinhte,D,2026-10-08
2016-11-03,0.77,%,dulieukinhte,D,2026-10-08
2016-11-04,0.69,%,dulieukinhte,D,2026-10-08
2016-11-07,0.69,%,dulieukinhte,D,2026-10-08
2016-11-08,0.74,%,dulieukinhte,D,2026-10-08
2016-11-09,0.9199999999999999,%,dulieukinhte,D,2026-10-08
2016-11-10,1.1400000000000001,%,dulieukinhte,D,2026-10-08
2016-11-11,1.24,%,dulieukinhte,D,2026-10-08
2016-11-14,1.51,%,dulieukinhte,D,2026-10-08
2016-11-15,1.68,%,dulieukinhte,D,2026-10-08
2016-11-16,1.94,%,dulieukinhte,D,2026-10-08
2016-11-17,2.02,%,dulieukinhte,D,2026-10-08
2016-11-18,1.68,%,dulieukinhte,D,2026-10-08
2016-11-21,1.51,%,dulieukinhte,D,2026-10-08
2016-11-22,1.48,%,dulieukinhte,D,2026-10-08
2016-11-23,1.5,%,dulieukinhte,D,2026-10-08
2016-11-24,1.43,%,dulieukinhte,D,2026-10-08
2016-11-25,2.07,%,dulieukinhte,D,2026-10-08
2016-11-28,2.79,%,dulieukinhte,D,2026-10-08
2016-11-29,2.7199999999999998,%,dulieukinhte,D,2026-10-08
2016-11-30,2.31,%,dulieukinhte,D,2026-10-08
2016-12-01,2.77,%,dulieukinhte,D,2026-10-08
2016-12-02,2.56,%,dulieukinhte,D,2026-10-08
2016-12-05,2.8000000000000003,%,dulieukinhte,D,2026-10-08
2016-12-06,3.1300000000000003,%,dulieukinhte,D,2026-10-08
2016-12-07,2.98,%,dulieukinhte,D,2026-10-08
2016-12-08,3.1199999999999997,%,dulieukinhte,D,2026-10-08
2016-12-09,3.2800000000000002,%,dulieukinhte,D,2026-10-08
2016-12-12,4.73,%,dulieukinhte,D,2026-10-08
2016-12-13,4.73,%,dulieukinhte,D,2026-10-08
2016-12-14,4.35,%,dulieukinhte,D,2026-10-08
2016-12-15,4.42,%,dulieukinhte,D,2026-10-08
2016-12-16,4.42,%,dulieukinhte,D,2026-10-08
2016-12-19,4.34,%,dulieukinhte,D,2026-10-08
2016-12-20,4.14,%,dulieukinhte,D,2026-10-08
2016-12-21,3.8600000000000003,%,dulieukinhte,D,2026-10-08
2016-12-22,3.4299999999999997,%,dulieukinhte,D,2026-10-08
2016-12-23,3.17,%,dulieukinhte,D,2026-10-08
2016-12-26,3.29,%,dulieukinhte,D,2026-10-08
2016-12-27,3.3300000000000005,%,dulieukinhte,D,2026-10-08
2016-12-28,3.4099999999999997,%,dulieukinhte,D,2026-10-08
2016-12-29,3.2399999999999998,%,dulieukinhte,D,2026-10-08
2016-12-30,3.2300000000000004,%,dulieukinhte,D,2026-10-08
2017-01-03,4.130000000000001,%,dulieukinhte,D,2026-10-08
2017-01-04,3.82,%,dulieukinhte,D,2026-10-08
2017-01-05,3.6999999999999997,%,dulieukinhte,D,2026-10-08
2017-01-06,4.18,%,dulieukinhte,D,2026-10-08
2017-01-10,4.84,%,dulieukinhte,D,2026-10-08
2017-01-11,4.73,%,dulieukinhte,D,2026-10-08
2017-01-12,4.63,%,dulieukinhte,D,2026-10-08
2017-01-13,4.72,%,dulieukinhte,D,2026-10-08
2017-01-16,4.6899999999999995,%,dulieukinhte,D,2026-10-08
2017-01-17,4.72,%,dulieukinhte,D,2026-10-08
2017-01-18,4.81,%,dulieukinhte,D,2026-10-08
2017-01-19,4.84,%,dulieukinhte,D,2026-10-08
2017-01-20,4.9399999999999995,%,dulieukinhte,D,2026-10-08
2017-01-23,5.21,%,dulieukinhte,D,2026-10-08
2017-01-24,5.3100000000000005,%,dulieukinhte,D,2026-10-08
2017-01-25,5.3100000000000005,%,dulieukinhte,D,2026-10-08
2017-02-02,4.12,%,dulieukinhte,D,2026-10-08
2017-02-03,3.8699999999999997,%,dulieukinhte,D,2026-10-08
2017-02-06,3.7800000000000002,%,dulieukinhte,D,2026-10-08
2017-02-07,2.82,%,dulieukinhte,D,2026-10-08
2017-02-08,2.11,%,dulieukinhte,D,2026-10-08
2017-02-09,1.76,%,dulieukinhte,D,2026-10-08
2017-02-10,1.55,%,dulieukinhte,D,2026-10-08
2017-02-13,2.18,%,dulieukinhte,D,2026-10-08
2017-02-14,2.9000000000000004,%,dulieukinhte,D,2026-10-08
2017-02-15,3.6900000000000004,%,dulieukinhte,D,2026-10-08
2017-02-16,4.14,%,dulieukinhte,D,2026-10-08
2017-02-17,4.8500000000000005,%,dulieukinhte,D,2026-10-08
2017-02-20,4.91,%,dulieukinhte,D,2026-10-08
2017-02-21,4.74,%,dulieukinhte,D,2026-10-08
2017-02-22,3.8699999999999997,%,dulieukinhte,D,2026-10-08
2017-02-23,3.0,%,dulieukinhte,D,2026-10-08
2017-02-24,2.67,%,dulieukinhte,D,2026-10-08
2017-02-27,3.15,%,dulieukinhte,D,2026-10-08
2017-02-28,3.37,%,dulieukinhte,D,2026-10-08
2017-03-01,3.65,%,dulieukinhte,D,2026-10-08
2017-03-02,3.64,%,dulieukinhte,D,2026-10-08
2017-03-06,3.56,%,dulieukinhte,D,2026-10-08
2017-03-07,4.0,%,dulieukinhte,D,2026-10-08
2017-03-08,4.43,%,dulieukinhte,D,2026-10-08
2017-03-09,4.44,%,dulieukinhte,D,2026-10-08
2017-03-10,4.63,%,dulieukinhte,D,2026-10-08
2017-03-13,4.760000000000001,%,dulieukinhte,D,2026-10-08
2017-03-14,4.84,%,dulieukinhte,D,2026-10-08
2017-03-15,4.77,%,dulieukinhte,D,2026-10-08
2017-03-17,4.24,%,dulieukinhte,D,2026-10-08
2017-03-20,4.79,%,dulieukinhte,D,2026-10-08
2017-03-21,5.07,%,dulieukinhte,D,2026-10-08
2017-03-22,4.96,%,dulieukinhte,D,2026-10-08
2017-03-23,4.5600000000000005,%,dulieukinhte,D,2026-10-08
2017-03-24,4.37,%,dulieukinhte,D,2026-10-08
2017-03-27,4.7,%,dulieukinhte,D,2026-10-08
2017-03-28,4.77,%,dulieukinhte,D,2026-10-08
2017-03-29,4.87,%,dulieukinhte,D,2026-10-08
2017-03-30,4.81,%,dulieukinhte,D,2026-10-08
2017-03-31,4.71,%,dulieukinhte,D,2026-10-08
2017-04-03,4.87,%,dulieukinhte,D,2026-10-08
2017-04-04,4.71,%,dulieukinhte,D,2026-10-08
2017-04-05,4.42,%,dulieukinhte,D,2026-10-08
2017-04-07,4.3999999999999995,%,dulieukinhte,D,2026-10-08
2017-04-10,4.49,%,dulieukinhte,D,2026-10-08
2017-04-13,4.32,%,dulieukinhte,D,2026-10-08
2017-04-14,4.279999999999999,%,dulieukinhte,D,2026-10-08
2017-04-17,4.36,%,dulieukinhte,D,2026-10-08
2017-04-18,4.37,%,dulieukinhte,D,2026-10-08
2017-04-19,4.31,%,dulieukinhte,D,2026-10-08
2017-04-20,4.66,%,dulieukinhte,D,2026-10-08
2017-04-21,4.83,%,dulieukinhte,D,2026-10-08
2017-04-24,4.9,%,dulieukinhte,D,2026-10-08
2017-04-25,4.859999999999999,%,dulieukinhte,D,2026-10-08
2017-04-26,4.6899999999999995,%,dulieukinhte,D,2026-10-08
2017-04-27,4.51,%,dulieukinhte,D,2026-10-08
2017-04-28,4.3999999999999995,%,dulieukinhte,D,2026-10-08
2017-05-03,4.4799999999999995,%,dulieukinhte,D,2026-10-08
2017-05-04,4.42,%,dulieukinhte,D,2026-10-08
2017-05-05,4.46,%,dulieukinhte,D,2026-10-08
2017-05-08,4.45,%,dulieukinhte,D,2026-10-08
2017-05-09,4.33,%,dulieukinhte,D,2026-10-08
2017-05-10,4.2,%,dulieukinhte,D,2026-10-08
2017-05-11,4.19,%,dulieukinhte,D,2026-10-08
2017-05-12,4.22,%,dulieukinhte,D,2026-10-08
2017-05-15,4.2,%,dulieukinhte,D,2026-10-08
2017-05-16,4.18,%,dulieukinhte,D,2026-10-08
2017-05-17,4.1000000000000005,%,dulieukinhte,D,2026-10-08
2017-05-18,3.88,%,dulieukinhte,D,2026-10-08
2017-05-19,3.7900000000000005,%,dulieukinhte,D,2026-10-08
2017-05-22,3.83,%,dulieukinhte,D,2026-10-08
2017-05-23,3.6700000000000004,%,dulieukinhte,D,2026-10-08
2017-05-24,3.39,%,dulieukinhte,D,2026-10-08
2017-05-25,3.18,%,dulieukinhte,D,2026-10-08
2017-05-26,2.8400000000000003,%,dulieukinhte,D,2026-10-08
2017-05-29,2.62,%,dulieukinhte,D,2026-10-08
2017-05-30,2.32,%,dulieukinhte,D,2026-10-08
2017-05-31,2.04,%,dulieukinhte,D,2026-10-08
2017-06-01,2.13,%,dulieukinhte,D,2026-10-08
2017-06-02,2.1399999999999997,%,dulieukinhte,D,2026-10-08
2017-06-05,2.26,%,dulieukinhte,D,2026-10-08
2017-06-06,2.19,%,dulieukinhte,D,2026-10-08
2017-06-09,2.13,%,dulieukinhte,D,2026-10-08
2017-06-12,2.18,%,dulieukinhte,D,2026-10-08
2017-06-13,2.15,%,dulieukinhte,D,2026-10-08
2017-06-14,2.09,%,dulieukinhte,D,2026-10-08
2017-06-15,2.15,%,dulieukinhte,D,2026-10-08
2017-06-16,2.1399999999999997,%,dulieukinhte,D,2026-10-08
2017-06-19,2.22,%,dulieukinhte,D,2026-10-08
2017-06-20,2.31,%,dulieukinhte,D,2026-10-08
2017-06-21,2.45,%,dulieukinhte,D,2026-10-08
2017-06-22,2.59,%,dulieukinhte,D,2026-10-08
2017-06-23,2.59,%,dulieukinhte,D,2026-10-08
2017-06-26,2.5,%,dulieukinhte,D,2026-10-08
2017-06-27,2.3,%,dulieukinhte,D,2026-10-08
2017-06-28,2.07,%,dulieukinhte,D,2026-10-08
2017-06-29,1.51,%,dulieukinhte,D,2026-10-08
2017-06-30,1.47,%,dulieukinhte,D,2026-10-08
2017-07-03,1.9900000000000002,%,dulieukinhte,D,2026-10-08
2017-07-04,1.8800000000000001,%,dulieukinhte,D,2026-10-08
2017-07-05,1.7999999999999998,%,dulieukinhte,D,2026-10-08
2017-07-06,1.7000000000000002,%,dulieukinhte,D,2026-10-08
2017-07-07,1.72,%,dulieukinhte,D,2026-10-08
2017-07-10,1.68,%,dulieukinhte,D,2026-10-08
2017-07-11,1.59,%,dulieukinhte,D,2026-10-08
2017-07-12,1.51,%,dulieukinhte,D,2026-10-08
2017-07-14,1.44,%,dulieukinhte,D,2026-10-08
2017-07-17,1.39,%,dulieukinhte,D,2026-10-08
2017-07-18,1.31,%,dulieukinhte,D,2026-10-08
2017-07-19,1.13,%,dulieukinhte,D,2026-10-08
2017-07-20,0.86,%,dulieukinhte,D,2026-10-08
2017-07-21,0.63,%,dulieukinhte,D,2026-10-08
2017-07-24,0.65,%,dulieukinhte,D,2026-10-08
2017-07-25,0.67,%,dulieukinhte,D,2026-10-08
2017-07-26,0.64,%,dulieukinhte,D,2026-10-08
2017-07-27,0.49,%,dulieukinhte,D,2026-10-08
2017-07-28,0.49,%,dulieukinhte,D,2026-10-08
2017-07-31,0.48,%,dulieukinhte,D,2026-10-08
2017-08-01,0.58,%,dulieukinhte,D,2026-10-08
2017-08-02,0.52,%,dulieukinhte,D,2026-10-08
2017-08-03,0.48,%,dulieukinhte,D,2026-10-08
2017-08-04,0.48,%,dulieukinhte,D,2026-10-08
2017-08-07,0.49,%,dulieukinhte,D,2026-10-08
2017-08-08,0.48,%,dulieukinhte,D,2026-10-08
2017-08-09,0.47000000000000003,%,dulieukinhte,D,2026-10-08
2017-08-10,0.44999999999999996,%,dulieukinhte,D,2026-10-08
2017-08-11,0.44,%,dulieukinhte,D,2026-10-08
2017-08-14,0.5599999999999999,%,dulieukinhte,D,2026-10-08
2017-08-15,0.5499999999999999,%,dulieukinhte,D,2026-10-08
2017-08-16,0.5700000000000001,%,dulieukinhte,D,2026-10-08
2017-08-17,0.5499999999999999,%,dulieukinhte,D,2026-10-08
2017-08-18,0.62,%,dulieukinhte,D,2026-10-08
2017-08-21,0.5700000000000001,%,dulieukinhte,D,2026-10-08
2017-08-22,0.6799999999999999,%,dulieukinhte,D,2026-10-08
2017-08-23,0.67,%,dulieukinhte,D,2026-10-08
2017-08-24,0.64,%,dulieukinhte,D,2026-10-08
2017-08-25,0.5599999999999999,%,dulieukinhte,D,2026-10-08
2017-08-28,0.6799999999999999,%,dulieukinhte,D,2026-10-08
2017-08-29,0.73,%,dulieukinhte,D,2026-10-08
2017-08-30,0.64,%,dulieukinhte,D,2026-10-08
2017-08-31,0.61,%,dulieukinhte,D,2026-10-08
2017-09-01,0.61,%,dulieukinhte,D,2026-10-08
2017-09-05,0.61,%,dulieukinhte,D,2026-10-08
2017-09-06,0.64,%,dulieukinhte,D,2026-10-08
2017-09-07,0.63,%,dulieukinhte,D,2026-10-08
2017-09-08,0.66,%,dulieukinhte,D,2026-10-08
2017-09-11,0.64,%,dulieukinhte,D,2026-10-08
2017-09-12,0.72,%,dulieukinhte,D,2026-10-08
2017-09-13,0.72,%,dulieukinhte,D,2026-10-08
2017-09-14,0.73,%,dulieukinhte,D,2026-10-08
2017-09-15,0.75,%,dulieukinhte,D,2026-10-08
2017-09-18,0.76,%,dulieukinhte,D,2026-10-08
2017-09-20,0.8699999999999999,%,dulieukinhte,D,2026-10-08
2017-09-21,0.8699999999999999,%,dulieukinhte,D,2026-10-08
2017-09-22,0.79,%,dulieukinhte,D,2026-10-08
2017-09-25,0.8099999999999999,%,dulieukinhte,D,2026-10-08
2017-09-26,0.79,%,dulieukinhte,D,2026-10-08
2017-09-27,0.7799999999999999,%,dulieukinhte,D,2026-10-08
2017-09-28,0.6799999999999999,%,dulieukinhte,D,2026-10-08
2017-09-29,0.65,%,dulieukinhte,D,2026-10-08
2017-10-02,0.84,%,dulieukinhte,D,2026-10-08
2017-10-03,0.8699999999999999,%,dulieukinhte,D,2026-10-08
2017-10-04,0.8500000000000001,%,dulieukinhte,D,2026-10-08
2017-10-05,0.79,%,dulieukinhte,D,2026-10-08
2017-10-06,0.7799999999999999,%,dulieukinhte,D,2026-10-08
2017-10-09,0.8,%,dulieukinhte,D,2026-10-08
2017-10-10,0.7799999999999999,%,dulieukinhte,D,2026-10-08
2017-10-11,0.79,%,dulieukinhte,D,2026-10-08
2017-10-12,0.72,%,dulieukinhte,D,2026-10-08
2017-10-13,0.72,%,dulieukinhte,D,2026-10-08
2017-10-16,0.76,%,dulieukinhte,D,2026-10-08
2017-10-17,0.7100000000000001,%,dulieukinhte,D,2026-10-08
2017-10-18,0.67,%,dulieukinhte,D,2026-10-08
2017-10-19,0.66,%,dulieukinhte,D,2026-10-08
2017-10-20,0.64,%,dulieukinhte,D,2026-10-08
2017-10-23,0.7000000000000001,%,dulieukinhte,D,2026-10-08
2017-10-24,0.65,%,dulieukinhte,D,2026-10-08
2017-10-25,0.6799999999999999,%,dulieukinhte,D,2026-10-08
2017-10-26,0.64,%,dulieukinhte,D,2026-10-08
2017-10-27,0.67,%,dulieukinhte,D,2026-10-08
2017-10-30,0.7799999999999999,%,dulieukinhte,D,2026-10-08
2017-10-31,0.84,%,dulieukinhte,D,2026-10-08
2017-11-01,0.8699999999999999,%,dulieukinhte,D,2026-10-08
2017-11-02,0.88,%,dulieukinhte,D,2026-10-08
2017-11-03,0.8699999999999999,%,dulieukinhte,D,2026-10-08
2017-11-06,0.84,%,dulieukinhte,D,2026-10-08
2017-11-07,0.8699999999999999,%,dulieukinhte,D,2026-10-08
2017-11-08,0.91,%,dulieukinhte,D,2026-10-08
2017-11-09,0.97,%,dulieukinhte,D,2026-10-08
2017-11-10,0.97,%,dulieukinhte,D,2026-10-08
2017-11-13,1.08,%,dulieukinhte,D,2026-10-08
2017-11-14,1.09,%,dulieukinhte,D,2026-10-08
2017-11-15,1.1199999999999999,%,dulieukinhte,D,2026-10-08
2017-11-16,1.21,%,dulieukinhte,D,2026-10-08
2017-11-17,1.24,%,dulieukinhte,D,2026-10-08
2017-11-20,1.48,%,dulieukinhte,D,2026-10-08
2017-11-21,1.37,%,dulieukinhte,D,2026-10-08
2017-11-22,1.24,%,dulieukinhte,D,2026-10-08
2017-11-28,0.67,%,dulieukinhte,D,2026-10-08
2017-11-29,0.63,%,dulieukinhte,D,2026-10-08
2017-11-30,0.5499999999999999,%,dulieukinhte,D,2026-10-08
2017-12-01,0.88,%,dulieukinhte,D,2026-10-08
2017-12-04,0.96,%,dulieukinhte,D,2026-10-08
2017-12-05,1.0999999999999999,%,dulieukinhte,D,2026-10-08
2017-12-06,1.1900000000000002,%,dulieukinhte,D,2026-10-08
2017-12-07,1.13,%,dulieukinhte,D,2026-10-08
2017-12-08,1.37,%,dulieukinhte,D,2026-10-08
2017-12-11,1.01,%,dulieukinhte,D,2026-10-08
2017-12-12,0.8999999999999999,%,dulieukinhte,D,2026-10-08
2017-12-13,0.83,%,dulieukinhte,D,2026-10-08
2017-12-15,0.74,%,dulieukinhte,D,2026-10-08
2017-12-18,0.7799999999999999,%,dulieukinhte,D,2026-10-08
2017-12-19,0.76,%,dulieukinhte,D,2026-10-08
2017-12-20,0.77,%,dulieukinhte,D,2026-10-08
2017-12-21,0.79,%,dulieukinhte,D,2026-10-08
2017-12-22,0.75,%,dulieukinhte,D,2026-10-08
2017-12-25,0.8699999999999999,%,dulieukinhte,D,2026-10-08
2017-12-26,0.88,%,dulieukinhte,D,2026-10-08
2017-12-29,1.73,%,dulieukinhte,D,2026-10-08
2018-01-02,1.4200000000000002,%,dulieukinhte,D,2026-10-08
2018-01-03,1.43,%,dulieukinhte,D,2026-10-08
2018-01-04,1.44,%,dulieukinhte,D,2026-10-08
2018-01-05,1.63,%,dulieukinhte,D,2026-10-08
2018-01-08,1.66,%,dulieukinhte,D,2026-10-08
2018-01-09,1.82,%,dulieukinhte,D,2026-10-08
2018-01-10,2.06,%,dulieukinhte,D,2026-10-08
2018-01-11,2.16,%,dulieukinhte,D,2026-10-08
2018-01-12,2.1999999999999997,%,dulieukinhte,D,2026-10-08
2018-01-15,2.13,%,dulieukinhte,D,2026-10-08
2018-01-16,2.08,%,dulieukinhte,D,2026-10-08
2018-01-17,1.8599999999999999,%,dulieukinhte,D,2026-10-08
2018-01-18,1.81,%,dulieukinhte,D,2026-10-08
2018-01-19,1.71,%,dulieukinhte,D,2026-10-08
2018-01-22,1.8800000000000001,%,dulieukinhte,D,2026-10-08
2018-01-23,1.7000000000000002,%,dulieukinhte,D,2026-10-08
2018-01-24,1.55,%,dulieukinhte,D,2026-10-08
2018-01-25,1.59,%,dulieukinhte,D,2026-10-08
2018-01-26,1.4500000000000002,%,dulieukinhte,D,2026-10-08
2018-01-29,1.53,%,dulieukinhte,D,2026-10-08
2018-01-30,1.55,%,dulieukinhte,D,2026-10-08
2018-01-31,1.66,%,dulieukinhte,D,2026-10-08
2018-02-01,1.76,%,dulieukinhte,D,2026-10-08
2018-02-02,1.6400000000000001,%,dulieukinhte,D,2026-10-08
2018-02-05,1.71,%,dulieukinhte,D,2026-10-08
2018-02-06,2.02,%,dulieukinhte,D,2026-10-08
2018-02-07,3.1,%,dulieukinhte,D,2026-10-08
2018-02-08,3.93,%,dulieukinhte,D,2026-10-08
2018-02-09,3.63,%,dulieukinhte,D,2026-10-08
2018-02-12,4.01,%,dulieukinhte,D,2026-10-08
2018-02-13,4.01,%,dulieukinhte,D,2026-10-08
2018-02-21,3.7800000000000002,%,dulieukinhte,D,2026-10-08
2018-02-22,3.2300000000000004,%,dulieukinhte,D,2026-10-08
2018-02-23,2.15,%,dulieukinhte,D,2026-10-08
2018-02-26,1.7000000000000002,%,dulieukinhte,D,2026-10-08
2018-02-27,1.28,%,dulieukinhte,D,2026-10-08
2018-02-28,0.9299999999999999,%,dulieukinhte,D,2026-10-08
2018-03-01,1.18,%,dulieukinhte,D,2026-10-08
2018-03-02,1.08,%,dulieukinhte,D,2026-10-08
2018-03-05,1.05,%,dulieukinhte,D,2026-10-08
2018-03-06,0.9299999999999999,%,dulieukinhte,D,2026-10-08
2018-03-07,0.98,%,dulieukinhte,D,2026-10-08
2018-03-08,1.04,%,dulieukinhte,D,2026-10-08
2018-03-09,1.0699999999999998,%,dulieukinhte,D,2026-10-08
2018-03-12,1.04,%,dulieukinhte,D,2026-10-08
2018-03-13,0.9900000000000001,%,dulieukinhte,D,2026-10-08
2018-03-14,0.9400000000000001,%,dulieukinhte,D,2026-10-08
2018-03-15,0.95,%,dulieukinhte,D,2026-10-08
2018-03-16,0.98,%,dulieukinhte,D,2026-10-08
2018-03-19,0.9400000000000001,%,dulieukinhte,D,2026-10-08
2018-03-20,0.91,%,dulieukinhte,D,2026-10-08
2018-03-21,0.77,%,dulieukinhte,D,2026-10-08
2018-03-22,0.7000000000000001,%,dulieukinhte,D,2026-10-08
2018-03-23,0.72,%,dulieukinhte,D,2026-10-08
2018-03-26,0.74,%,dulieukinhte,D,2026-10-08
2018-03-27,0.76,%,dulieukinhte,D,2026-10-08
2018-03-28,0.6799999999999999,%,dulieukinhte,D,2026-10-08
2018-03-29,0.72,%,dulieukinhte,D,2026-10-08
2018-03-30,0.74,%,dulieukinhte,D,2026-10-08
2018-04-02,0.84,%,dulieukinhte,D,2026-10-08
2018-04-03,0.8200000000000001,%,dulieukinhte,D,2026-10-08
2018-04-05,0.72,%,dulieukinhte,D,2026-10-08
2018-04-06,0.75,%,dulieukinhte,D,2026-10-08
2018-04-09,0.79,%,dulieukinhte,D,2026-10-08
2018-04-10,0.83,%,dulieukinhte,D,2026-10-08
2018-04-11,0.88,%,dulieukinhte,D,2026-10-08
2018-04-13,0.8500000000000001,%,dulieukinhte,D,2026-10-08
2018-04-16,0.9900000000000001,%,dulieukinhte,D,2026-10-08
2018-04-17,1.32,%,dulieukinhte,D,2026-10-08
2018-04-18,1.32,%,dulieukinhte,D,2026-10-08
2018-04-19,1.3,%,dulieukinhte,D,2026-10-08
2018-04-20,1.4200000000000002,%,dulieukinhte,D,2026-10-08
2018-04-23,1.54,%,dulieukinhte,D,2026-10-08
2018-04-24,1.55,%,dulieukinhte,D,2026-10-08
2018-04-26,1.58,%,dulieukinhte,D,2026-10-08
2018-04-27,2.0,%,dulieukinhte,D,2026-10-08
2018-05-02,1.7399999999999998,%,dulieukinhte,D,2026-10-08
2018-05-03,1.81,%,dulieukinhte,D,2026-10-08
2018-05-04,1.7999999999999998,%,dulieukinhte,D,2026-10-08
2018-05-07,1.7399999999999998,%,dulieukinhte,D,2026-10-08
2018-05-09,1.35,%,dulieukinhte,D,2026-10-08
2018-05-11,1.27,%,dulieukinhte,D,2026-10-08
2018-05-14,1.1900000000000002,%,dulieukinhte,D,2026-10-08
2018-05-15,1.16,%,dulieukinhte,D,2026-10-08
2018-05-16,1.17,%,dulieukinhte,D,2026-10-08
2018-05-18,1.2,%,dulieukinhte,D,2026-10-08
2018-05-21,1.31,%,dulieukinhte,D,2026-10-08
2018-05-22,1.44,%,dulieukinhte,D,2026-10-08
2018-05-23,1.59,%,dulieukinhte,D,2026-10-08
2018-05-24,1.55,%,dulieukinhte,D,2026-10-08
2018-05-25,1.6199999999999999,%,dulieukinhte,D,2026-10-08
2018-05-28,1.6,%,dulieukinhte,D,2026-10-08
2018-05-29,1.6,%,dulieukinhte,D,2026-10-08
2018-05-30,1.6199999999999999,%,dulieukinhte,D,2026-10-08
2018-06-01,1.6099999999999999,%,dulieukinhte,D,2026-10-08
2018-06-04,1.63,%,dulieukinhte,D,2026-10-08
2018-06-06,1.63,%,dulieukinhte,D,2026-10-08
2018-06-07,1.6400000000000001,%,dulieukinhte,D,2026-10-08
2018-06-08,1.51,%,dulieukinhte,D,2026-10-08
2018-06-11,1.51,%,dulieukinhte,D,2026-10-08
2018-06-12,1.4000000000000001,%,dulieukinhte,D,2026-10-08
2018-06-13,1.37,%,dulieukinhte,D,2026-10-08
2018-06-14,1.2,%,dulieukinhte,D,2026-10-08
2018-06-15,1.0699999999999998,%,dulieukinhte,D,2026-10-08
2018-06-18,1.0,%,dulieukinhte,D,2026-10-08
2018-06-19,0.84,%,dulieukinhte,D,2026-10-08
2018-06-20,0.77,%,dulieukinhte,D,2026-10-08
2018-06-21,0.73,%,dulieukinhte,D,2026-10-08
2018-06-22,0.69,%,dulieukinhte,D,2026-10-08
2018-06-25,0.76,%,dulieukinhte,D,2026-10-08
2018-06-26,0.69,%,dulieukinhte,D,2026-10-08
2018-06-27,0.67,%,dulieukinhte,D,2026-10-08
2018-06-28,0.67,%,dulieukinhte,D,2026-10-08
2018-06-29,0.84,%,dulieukinhte,D,2026-10-08
2018-07-02,0.88,%,dulieukinhte,D,2026-10-08
2018-07-03,1.0,%,dulieukinhte,D,2026-10-08
2018-07-04,1.01,%,dulieukinhte,D,2026-10-08
2018-07-05,1.01,%,dulieukinhte,D,2026-10-08
2018-07-06,1.03,%,dulieukinhte,D,2026-10-08
2018-07-09,1.08,%,dulieukinhte,D,2026-10-08
2018-07-10,1.0999999999999999,%,dulieukinhte,D,2026-10-08
2018-07-11,1.13,%,dulieukinhte,D,2026-10-08
2018-07-12,1.16,%,dulieukinhte,D,2026-10-08
2018-07-13,1.21,%,dulieukinhte,D,2026-10-08
2018-07-16,1.3599999999999999,%,dulieukinhte,D,2026-10-08
2018-07-17,1.63,%,dulieukinhte,D,2026-10-08
2018-07-18,1.9,%,dulieukinhte,D,2026-10-08
2018-07-19,2.22,%,dulieukinhte,D,2026-10-08
2018-07-20,3.18,%,dulieukinhte,D,2026-10-08
2018-07-23,4.14,%,dulieukinhte,D,2026-10-08
2018-07-24,4.6899999999999995,%,dulieukinhte,D,2026-10-08
2018-07-25,4.73,%,dulieukinhte,D,2026-10-08
2018-07-26,4.2700000000000005,%,dulieukinhte,D,2026-10-08
2018-07-27,2.83,%,dulieukinhte,D,2026-10-08
2018-07-30,2.2399999999999998,%,dulieukinhte,D,2026-10-08
2018-07-31,1.6099999999999999,%,dulieukinhte,D,2026-10-08
2018-08-01,1.8900000000000001,%,dulieukinhte,D,2026-10-08
2018-08-02,2.0,%,dulieukinhte,D,2026-10-08
2018-08-03,2.1399999999999997,%,dulieukinhte,D,2026-10-08
2018-08-06,2.27,%,dulieukinhte,D,2026-10-08
2018-08-07,2.7199999999999998,%,dulieukinhte,D,2026-10-08
2018-08-08,3.37,%,dulieukinhte,D,2026-10-08
2018-08-09,4.08,%,dulieukinhte,D,2026-10-08
2018-08-10,4.42,%,dulieukinhte,D,2026-10-08
2018-08-13,4.24,%,dulieukinhte,D,2026-10-08
2018-08-14,4.41,%,dulieukinhte,D,2026-10-08
2018-08-15,4.54,%,dulieukinhte,D,2026-10-08
2018-08-16,4.62,%,dulieukinhte,D,2026-10-08
2018-08-17,4.64,%,dulieukinhte,D,2026-10-08
2018-08-20,4.58,%,dulieukinhte,D,2026-10-08
2018-08-21,4.6,%,dulieukinhte,D,2026-10-08
2018-08-22,4.590000000000001,%,dulieukinhte,D,2026-10-08
2018-08-23,4.62,%,dulieukinhte,D,2026-10-08
2018-08-24,4.590000000000001,%,dulieukinhte,D,2026-10-08
2018-08-27,4.58,%,dulieukinhte,D,2026-10-08
2018-08-28,4.4799999999999995,%,dulieukinhte,D,2026-10-08
2018-08-29,4.26,%,dulieukinhte,D,2026-10-08
2018-08-30,4.22,%,dulieukinhte,D,2026-10-08
2018-09-04,4.49,%,dulieukinhte,D,2026-10-08
2018-09-05,4.51,%,dulieukinhte,D,2026-10-08
2018-09-06,4.46,%,dulieukinhte,D,2026-10-08
2018-09-07,4.45,%,dulieukinhte,D,2026-10-08
2018-09-10,4.3999999999999995,%,dulieukinhte,D,2026-10-08
2018-09-11,4.12,%,dulieukinhte,D,2026-10-08
2018-09-12,4.04,%,dulieukinhte,D,2026-10-08
2018-09-13,3.88,%,dulieukinhte,D,2026-10-08
2018-09-14,3.1,%,dulieukinhte,D,2026-10-08
2018-09-17,2.6100000000000003,%,dulieukinhte,D,2026-10-08
2018-09-18,2.56,%,dulieukinhte,D,2026-10-08
2018-09-19,2.55,%,dulieukinhte,D,2026-10-08
2018-09-20,2.34,%,dulieukinhte,D,2026-10-08
2018-09-21,2.25,%,dulieukinhte,D,2026-10-08
2018-09-24,2.29,%,dulieukinhte,D,2026-10-08
2018-09-25,2.22,%,dulieukinhte,D,2026-10-08
2018-09-26,2.29,%,dulieukinhte,D,2026-10-08
2018-09-27,2.46,%,dulieukinhte,D,2026-10-08
2018-09-28,2.8899999999999997,%,dulieukinhte,D,2026-10-08
2018-10-01,3.15,%,dulieukinhte,D,2026-10-08
2018-10-02,3.27,%,dulieukinhte,D,2026-10-08
2018-10-03,3.3000000000000003,%,dulieukinhte,D,2026-10-08
2018-10-04,3.1399999999999997,%,dulieukinhte,D,2026-10-08
2018-10-05,2.91,%,dulieukinhte,D,2026-10-08
2018-10-08,2.83,%,dulieukinhte,D,2026-10-08
2018-10-09,2.8400000000000003,%,dulieukinhte,D,2026-10-08
2018-10-10,2.96,%,dulieukinhte,D,2026-10-08
2018-10-11,3.02,%,dulieukinhte,D,2026-10-08
2018-10-12,3.01,%,dulieukinhte,D,2026-10-08
2018-10-15,3.19,%,dulieukinhte,D,2026-10-08
2018-10-16,3.26,%,dulieukinhte,D,2026-10-08
2018-10-17,3.2199999999999998,%,dulieukinhte,D,2026-10-08
2018-10-18,3.2099999999999995,%,dulieukinhte,D,2026-10-08
2018-10-19,3.2300000000000004,%,dulieukinhte,D,2026-10-08
2018-10-22,3.32,%,dulieukinhte,D,2026-10-08
2018-10-23,3.6999999999999997,%,dulieukinhte,D,2026-10-08
2018-10-24,4.44,%,dulieukinhte,D,2026-10-08
2018-10-25,4.72,%,dulieukinhte,D,2026-10-08
2018-10-26,4.83,%,dulieukinhte,D,2026-10-08
2018-10-29,4.9399999999999995,%,dulieukinhte,D,2026-10-08
2018-10-30,4.859999999999999,%,dulieukinhte,D,2026-10-08
2018-10-31,4.81,%,dulieukinhte,D,2026-10-08
2018-11-01,4.6899999999999995,%,dulieukinhte,D,2026-10-08
2018-11-02,4.62,%,dulieukinhte,D,2026-10-08
2018-11-05,4.66,%,dulieukinhte,D,2026-10-08
2018-11-06,4.79,%,dulieukinhte,D,2026-10-08
2018-11-07,4.8,%,dulieukinhte,D,2026-10-08
2018-11-08,4.8,%,dulieukinhte,D,2026-10-08
2018-11-09,4.760000000000001,%,dulieukinhte,D,2026-10-08
2018-11-13,4.84,%,dulieukinhte,D,2026-10-08
2018-11-14,4.84,%,dulieukinhte,D,2026-10-08
2018-11-15,4.73,%,dulieukinhte,D,2026-10-08
2018-11-16,4.74,%,dulieukinhte,D,2026-10-08
2018-11-19,4.72,%,dulieukinhte,D,2026-10-08
2018-11-20,4.77,%,dulieukinhte,D,2026-10-08
2018-11-21,4.79,%,dulieukinhte,D,2026-10-08
2018-11-22,4.8,%,dulieukinhte,D,2026-10-08
2018-11-23,4.79,%,dulieukinhte,D,2026-10-08
2018-11-26,4.84,%,dulieukinhte,D,2026-10-08
2018-11-27,4.8,%,dulieukinhte,D,2026-10-08
2018-11-28,4.77,%,dulieukinhte,D,2026-10-08
2018-11-29,4.6,%,dulieukinhte,D,2026-10-08
2018-11-30,4.44,%,dulieukinhte,D,2026-10-08
2018-12-03,4.78,%,dulieukinhte,D,2026-10-08
2018-12-04,4.8,%,dulieukinhte,D,2026-10-08
2018-12-05,4.83,%,dulieukinhte,D,2026-10-08
2018-12-06,4.83,%,dulieukinhte,D,2026-10-08
2018-12-07,4.84,%,dulieukinhte,D,2026-10-08
2018-12-10,4.859999999999999,%,dulieukinhte,D,2026-10-08
2018-12-11,4.88,%,dulieukinhte,D,2026-10-08
2018-12-12,4.8500000000000005,%,dulieukinhte,D,2026-10-08
2018-12-13,4.82,%,dulieukinhte,D,2026-10-08
2018-12-14,4.82,%,dulieukinhte,D,2026-10-08
2018-12-17,4.77,%,dulieukinhte,D,2026-10-08
2018-12-18,4.78,%,dulieukinhte,D,2026-10-08
2018-12-19,4.71,%,dulieukinhte,D,2026-10-08
2018-12-20,4.61,%,dulieukinhte,D,2026-10-08
2018-12-21,4.55,%,dulieukinhte,D,2026-10-08
2018-12-24,4.5600000000000005,%,dulieukinhte,D,2026-10-08
2018-12-26,4.390000000000001,%,dulieukinhte,D,2026-10-08
2018-12-27,3.8699999999999997,%,dulieukinhte,D,2026-10-08
2018-12-28,3.91,%,dulieukinhte,D,2026-10-08
2019-01-02,4.66,%,dulieukinhte,D,2026-10-08
2019-01-03,4.64,%,dulieukinhte,D,2026-10-08
2019-01-04,4.02,%,dulieukinhte,D,2026-10-08
2019-01-07,3.8899999999999997,%,dulieukinhte,D,2026-10-08
2019-01-08,3.85,%,dulieukinhte,D,2026-10-08
2019-01-09,4.03,%,dulieukinhte,D,2026-10-08
2019-01-10,3.8699999999999997,%,dulieukinhte,D,2026-10-08
2019-01-11,3.66,%,dulieukinhte,D,2026-10-08
2019-01-14,3.5900000000000003,%,dulieukinhte,D,2026-10-08
2019-01-15,3.58,%,dulieukinhte,D,2026-10-08
2019-01-16,3.55,%,dulieukinhte,D,2026-10-08
2019-01-17,3.38,%,dulieukinhte,D,2026-10-08
2019-01-18,4.52,%,dulieukinhte,D,2026-10-08
2019-01-21,4.68,%,dulieukinhte,D,2026-10-08
2019-01-22,4.84,%,dulieukinhte,D,2026-10-08
2019-01-23,4.74,%,dulieukinhte,D,2026-10-08
2019-01-24,4.859999999999999,%,dulieukinhte,D,2026-10-08
2019-01-25,4.96,%,dulieukinhte,D,2026-10-08
2019-01-28,5.12,%,dulieukinhte,D,2026-10-08
2019-01-29,5.2299999999999995,%,dulieukinhte,D,2026-10-08
2019-01-30,5.19,%,dulieukinhte,D,2026-10-08
2019-01-31,4.82,%,dulieukinhte,D,2026-10-08
2019-02-01,4.82,%,dulieukinhte,D,2026-10-08
2019-02-11,4.78,%,dulieukinhte,D,2026-10-08
2019-02-12,4.83,%,dulieukinhte,D,2026-10-08
2019-02-13,4.72,%,dulieukinhte,D,2026-10-08
2019-02-14,4.49,%,dulieukinhte,D,2026-10-08
2019-02-15,4.3999999999999995,%,dulieukinhte,D,2026-10-08
2019-02-18,4.32,%,dulieukinhte,D,2026-10-08
2019-02-19,4.16,%,dulieukinhte,D,2026-10-08
2019-02-20,4.14,%,dulieukinhte,D,2026-10-08
2019-02-21,4.05,%,dulieukinhte,D,2026-10-08
2019-02-22,4.18,%,dulieukinhte,D,2026-10-08
2019-02-25,4.18,%,dulieukinhte,D,2026-10-08
2019-02-26,4.29,%,dulieukinhte,D,2026-10-08
2019-02-27,4.21,%,dulieukinhte,D,2026-10-08
2019-03-01,4.12,%,dulieukinhte,D,2026-10-08
2019-03-04,4.130000000000001,%,dulieukinhte,D,2026-10-08
2019-03-05,4.06,%,dulieukinhte,D,2026-10-08
2019-03-06,4.04,%,dulieukinhte,D,2026-10-08
2019-03-07,3.8699999999999997,%,dulieukinhte,D,2026-10-08
2019-03-08,3.8600000000000003,%,dulieukinhte,D,2026-10-08
2019-03-11,3.83,%,dulieukinhte,D,2026-10-08
2019-03-12,3.83,%,dulieukinhte,D,2026-10-08
2019-03-13,3.7199999999999998,%,dulieukinhte,D,2026-10-08
2019-03-15,3.26,%,dulieukinhte,D,2026-10-08
2019-03-18,3.1300000000000003,%,dulieukinhte,D,2026-10-08
2019-03-19,3.0700000000000003,%,dulieukinhte,D,2026-10-08
2019-03-20,3.09,%,dulieukinhte,D,2026-10-08
2019-03-21,3.16,%,dulieukinhte,D,2026-10-08
2019-03-22,3.32,%,dulieukinhte,D,2026-10-08
2019-03-25,3.65,%,dulieukinhte,D,2026-10-08
2019-03-26,4.46,%,dulieukinhte,D,2026-10-08
2019-03-27,4.5600000000000005,%,dulieukinhte,D,2026-10-08
2019-03-28,3.88,%,dulieukinhte,D,2026-10-08
2019-03-29,4.3,%,dulieukinhte,D,2026-10-08
2019-04-01,4.31,%,dulieukinhte,D,2026-10-08
2019-04-02,4.29,%,dulieukinhte,D,2026-10-08
2019-04-03,4.25,%,dulieukinhte,D,2026-10-08
2019-04-04,4.07,%,dulieukinhte,D,2026-10-08
2019-04-05,4.07,%,dulieukinhte,D,2026-10-08
2019-04-08,4.06,%,dulieukinhte,D,2026-10-08
2019-04-09,4.31,%,dulieukinhte,D,2026-10-08
2019-04-10,4.49,%,dulieukinhte,D,2026-10-08
2019-04-16,4.2,%,dulieukinhte,D,2026-10-08
2019-04-17,4.33,%,dulieukinhte,D,2026-10-08
2019-04-18,4.08,%,dulieukinhte,D,2026-10-08
2019-04-19,3.8899999999999997,%,dulieukinhte,D,2026-10-08
2019-04-22,3.5900000000000003,%,dulieukinhte,D,2026-10-08
2019-04-23,3.2399999999999998,%,dulieukinhte,D,2026-10-08
2019-04-24,2.8400000000000003,%,dulieukinhte,D,2026-10-08
2019-04-25,2.29,%,dulieukinhte,D,2026-10-08
2019-04-26,2.74,%,dulieukinhte,D,2026-10-08
2019-05-02,3.3099999999999996,%,dulieukinhte,D,2026-10-08
2019-05-03,3.7900000000000005,%,dulieukinhte,D,2026-10-08
2019-05-06,3.93,%,dulieukinhte,D,2026-10-08
2019-05-07,3.88,%,dulieukinhte,D,2026-10-08
2019-05-08,3.7199999999999998,%,dulieukinhte,D,2026-10-08
2019-05-09,3.5900000000000003,%,dulieukinhte,D,2026-10-08
2019-05-10,3.56,%,dulieukinhte,D,2026-10-08
2019-05-13,3.56,%,dulieukinhte,D,2026-10-08
2019-05-14,3.47,%,dulieukinhte,D,2026-10-08
2019-05-15,3.3000000000000003,%,dulieukinhte,D,2026-10-08
2019-05-17,3.08,%,dulieukinhte,D,2026-10-08
2019-05-20,3.15,%,dulieukinhte,D,2026-10-08
2019-05-21,3.1399999999999997,%,dulieukinhte,D,2026-10-08
2019-05-22,3.08,%,dulieukinhte,D,2026-10-08
2019-05-23,3.08,%,dulieukinhte,D,2026-10-08
2019-05-24,3.1,%,dulieukinhte,D,2026-10-08
2019-05-27,3.15,%,dulieukinhte,D,2026-10-08
2019-05-28,3.11,%,dulieukinhte,D,2026-10-08
2019-05-29,2.85,%,dulieukinhte,D,2026-10-08
2019-05-30,2.53,%,dulieukinhte,D,2026-10-08
2019-05-31,2.76,%,dulieukinhte,D,2026-10-08
2019-06-03,3.29,%,dulieukinhte,D,2026-10-08
2019-06-04,3.27,%,dulieukinhte,D,2026-10-08
2019-06-05,3.16,%,dulieukinhte,D,2026-10-08
2019-06-06,3.1,%,dulieukinhte,D,2026-10-08
2019-06-07,3.1,%,dulieukinhte,D,2026-10-08
2019-06-10,3.17,%,dulieukinhte,D,2026-10-08
2019-06-11,3.26,%,dulieukinhte,D,2026-10-08
2019-06-12,3.2099999999999995,%,dulieukinhte,D,2026-10-08
2019-06-13,3.16,%,dulieukinhte,D,2026-10-08
2019-06-14,3.09,%,dulieukinhte,D,2026-10-08
2019-06-17,3.11,%,dulieukinhte,D,2026-10-08
2019-06-18,3.1199999999999997,%,dulieukinhte,D,2026-10-08
2019-06-19,3.1199999999999997,%,dulieukinhte,D,2026-10-08
2019-06-20,3.11,%,dulieukinhte,D,2026-10-08
2019-06-21,3.1199999999999997,%,dulieukinhte,D,2026-10-08
2019-06-24,3.32,%,dulieukinhte,D,2026-10-08
2019-06-25,3.62,%,dulieukinhte,D,2026-10-08
2019-06-26,3.81,%,dulieukinhte,D,2026-10-08
2019-06-27,3.94,%,dulieukinhte,D,2026-10-08
2019-06-28,4.15,%,dulieukinhte,D,2026-10-08
2019-07-01,4.05,%,dulieukinhte,D,2026-10-08
2019-07-02,3.88,%,dulieukinhte,D,2026-10-08
2019-07-03,3.5999999999999996,%,dulieukinhte,D,2026-10-08
2019-07-04,3.4099999999999997,%,dulieukinhte,D,2026-10-08
2019-07-05,3.25,%,dulieukinhte,D,2026-10-08
2019-07-08,3.2099999999999995,%,dulieukinhte,D,2026-10-08
2019-07-09,3.2199999999999998,%,dulieukinhte,D,2026-10-08
2019-07-10,3.19,%,dulieukinhte,D,2026-10-08
2019-07-11,3.1399999999999997,%,dulieukinhte,D,2026-10-08
2019-07-12,3.08,%,dulieukinhte,D,2026-10-08
2019-07-15,3.09,%,dulieukinhte,D,2026-10-08
2019-07-16,3.0700000000000003,%,dulieukinhte,D,2026-10-08
2019-07-18,3.06,%,dulieukinhte,D,2026-10-08
2019-07-19,2.78,%,dulieukinhte,D,2026-10-08
2019-07-22,2.74,%,dulieukinhte,D,2026-10-08
2019-07-23,2.8000000000000003,%,dulieukinhte,D,2026-10-08
2019-07-24,2.75,%,dulieukinhte,D,2026-10-08
2019-07-25,2.69,%,dulieukinhte,D,2026-10-08
2019-07-26,2.7,%,dulieukinhte,D,2026-10-08
2019-07-29,2.67,%,dulieukinhte,D,2026-10-08
2019-07-30,2.7,%,dulieukinhte,D,2026-10-08
2019-07-31,2.74,%,dulieukinhte,D,2026-10-08
2019-08-01,2.88,%,dulieukinhte,D,2026-10-08
2019-08-02,2.8899999999999997,%,dulieukinhte,D,2026-10-08
2019-08-05,2.93,%,dulieukinhte,D,2026-10-08
2019-08-06,3.04,%,dulieukinhte,D,2026-10-08
2019-08-07,3.0700000000000003,%,dulieukinhte,D,2026-10-08
2019-08-08,3.01,%,dulieukinhte,D,2026-10-08
2019-08-09,3.01,%,dulieukinhte,D,2026-10-08
2019-08-12,3.06,%,dulieukinhte,D,2026-10-08
2019-08-13,3.0300000000000002,%,dulieukinhte,D,2026-10-08
2019-08-14,2.98,%,dulieukinhte,D,2026-10-08
2019-08-15,2.9499999999999997,%,dulieukinhte,D,2026-10-08
2019-08-16,2.9499999999999997,%,dulieukinhte,D,2026-10-08
2019-08-19,3.01,%,dulieukinhte,D,2026-10-08
2019-08-20,3.05,%,dulieukinhte,D,2026-10-08
2019-08-21,3.1,%,dulieukinhte,D,2026-10-08
2019-08-22,3.0700000000000003,%,dulieukinhte,D,2026-10-08
2019-08-23,3.2800000000000002,%,dulieukinhte,D,2026-10-08
2019-08-26,3.9899999999999998,%,dulieukinhte,D,2026-10-08
2019-08-27,5.04,%,dulieukinhte,D,2026-10-08
2019-08-28,4.75,%,dulieukinhte,D,2026-10-08
2019-08-29,4.04,%,dulieukinhte,D,2026-10-08
2019-08-30,5.0,%,dulieukinhte,D,2026-10-08
2019-09-03,4.75,%,dulieukinhte,D,2026-10-08
2019-09-04,4.3999999999999995,%,dulieukinhte,D,2026-10-08
2019-09-05,4.08,%,dulieukinhte,D,2026-10-08
2019-09-06,3.7199999999999998,%,dulieukinhte,D,2026-10-08
2019-09-10,3.35,%,dulieukinhte,D,2026-10-08
2019-09-11,3.19,%,dulieukinhte,D,2026-10-08
2019-09-12,2.96,%,dulieukinhte,D,2026-10-08
2019-09-13,2.8400000000000003,%,dulieukinhte,D,2026-10-08
2019-09-16,2.59,%,dulieukinhte,D,2026-10-08
2019-09-17,2.4899999999999998,%,dulieukinhte,D,2026-10-08
2019-09-18,2.39,%,dulieukinhte,D,2026-10-08
2019-09-19,2.21,%,dulieukinhte,D,2026-10-08
2019-09-20,2.16,%,dulieukinhte,D,2026-10-08
2019-09-23,2.08,%,dulieukinhte,D,2026-10-08
2019-09-24,2.07,%,dulieukinhte,D,2026-10-08
2019-09-25,2.0500000000000003,%,dulieukinhte,D,2026-10-08
2019-09-26,2.08,%,dulieukinhte,D,2026-10-08
2019-09-27,2.02,%,dulieukinhte,D,2026-10-08
2019-09-30,1.7399999999999998,%,dulieukinhte,D,2026-10-08
2019-10-01,2.1999999999999997,%,dulieukinhte,D,2026-10-08
2019-10-02,2.19,%,dulieukinhte,D,2026-10-08
2019-10-03,2.17,%,dulieukinhte,D,2026-10-08
2019-10-04,2.1,%,dulieukinhte,D,2026-10-08
2019-10-07,2.0500000000000003,%,dulieukinhte,D,2026-10-08
2019-10-08,2.02,%,dulieukinhte,D,2026-10-08
2019-10-09,1.9800000000000002,%,dulieukinhte,D,2026-10-08
2019-10-10,1.8900000000000001,%,dulieukinhte,D,2026-10-08
2019-10-11,1.7999999999999998,%,dulieukinhte,D,2026-10-08
2019-10-14,1.76,%,dulieukinhte,D,2026-10-08
2019-10-15,1.72,%,dulieukinhte,D,2026-10-08
2019-10-16,1.69,%,dulieukinhte,D,2026-10-08
2019-10-17,1.69,%,dulieukinhte,D,2026-10-08
2019-10-21,1.7000000000000002,%,dulieukinhte,D,2026-10-08
2019-10-22,1.66,%,dulieukinhte,D,2026-10-08
2019-10-23,1.6099999999999999,%,dulieukinhte,D,2026-10-08
2019-10-24,1.6099999999999999,%,dulieukinhte,D,2026-10-08
2019-10-25,1.81,%,dulieukinhte,D,2026-10-08
2019-10-28,2.29,%,dulieukinhte,D,2026-10-08
2019-10-29,2.11,%,dulieukinhte,D,2026-10-08
2019-10-30,1.67,%,dulieukinhte,D,2026-10-08
2019-10-31,1.51,%,dulieukinhte,D,2026-10-08
2019-11-01,1.7399999999999998,%,dulieukinhte,D,2026-10-08
2019-11-04,1.97,%,dulieukinhte,D,2026-10-08
2019-11-05,2.23,%,dulieukinhte,D,2026-10-08
2019-11-06,2.11,%,dulieukinhte,D,2026-10-08
2019-11-07,2.0500000000000003,%,dulieukinhte,D,2026-10-08
2019-11-11,2.02,%,dulieukinhte,D,2026-10-08
2019-11-12,1.9900000000000002,%,dulieukinhte,D,2026-10-08
2019-11-13,1.9,%,dulieukinhte,D,2026-10-08
2019-11-14,1.82,%,dulieukinhte,D,2026-10-08
2019-11-15,1.73,%,dulieukinhte,D,2026-10-08
2019-11-18,1.72,%,dulieukinhte,D,2026-10-08
2019-11-19,2.1,%,dulieukinhte,D,2026-10-08
2019-11-20,2.35,%,dulieukinhte,D,2026-10-08
2019-11-21,3.34,%,dulieukinhte,D,2026-10-08
2019-11-22,3.81,%,dulieukinhte,D,2026-10-08
2019-11-25,3.81,%,dulieukinhte,D,2026-10-08
2019-11-26,4.55,%,dulieukinhte,D,2026-10-08
2019-11-27,3.82,%,dulieukinhte,D,2026-10-08
2019-11-28,3.64,%,dulieukinhte,D,2026-10-08
2019-11-29,3.93,%,dulieukinhte,D,2026-10-08
2019-12-02,4.279999999999999,%,dulieukinhte,D,2026-10-08
2019-12-03,4.21,%,dulieukinhte,D,2026-10-08
2019-12-04,4.14,%,dulieukinhte,D,2026-10-08
2019-12-05,4.16,%,dulieukinhte,D,2026-10-08
2019-12-06,4.12,%,dulieukinhte,D,2026-10-08
2019-12-09,4.09,%,dulieukinhte,D,2026-10-08
2019-12-10,4.15,%,dulieukinhte,D,2026-10-08
2019-12-11,4.17,%,dulieukinhte,D,2026-10-08
2019-12-12,3.9,%,dulieukinhte,D,2026-10-08
2019-12-13,3.65,%,dulieukinhte,D,2026-10-08
2019-12-16,3.38,%,dulieukinhte,D,2026-10-08
2019-12-17,3.1399999999999997,%,dulieukinhte,D,2026-10-08
2019-12-18,2.8000000000000003,%,dulieukinhte,D,2026-10-08
2019-12-19,2.45,%,dulieukinhte,D,2026-10-08
2019-12-20,2.02,%,dulieukinhte,D,2026-10-08
2019-12-23,1.82,%,dulieukinhte,D,2026-10-08
2019-12-24,1.71,%,dulieukinhte,D,2026-10-08
2019-12-25,1.68,%,dulieukinhte,D,2026-10-08
2019-12-26,1.54,%,dulieukinhte,D,2026-10-08
2019-12-27,1.52,%,dulieukinhte,D,2026-10-08
2019-12-30,1.3,%,dulieukinhte,D,2026-10-08
2019-12-31,1.43,%,dulieukinhte,D,2026-10-08
2020-01-02,2.44,%,dulieukinhte,D,2026-10-08
2020-01-03,1.9900000000000002,%,dulieukinhte,D,2026-10-08
2020-01-06,1.9900000000000002,%,dulieukinhte,D,2026-10-08
2020-01-07,1.31,%,dulieukinhte,D,2026-10-08
2020-01-08,1.0999999999999999,%,dulieukinhte,D,2026-10-08
2020-01-09,0.9299999999999999,%,dulieukinhte,D,2026-10-08
2020-01-10,0.79,%,dulieukinhte,D,2026-10-08
2020-01-13,0.75,%,dulieukinhte,D,2026-10-08
2020-01-14,0.74,%,dulieukinhte,D,2026-10-08
2020-01-15,0.7100000000000001,%,dulieukinhte,D,2026-10-08
2020-01-16,0.8200000000000001,%,dulieukinhte,D,2026-10-08
2020-01-17,2.58,%,dulieukinhte,D,2026-10-08
2020-01-20,2.8899999999999997,%,dulieukinhte,D,2026-10-08
2020-01-21,3.16,%,dulieukinhte,D,2026-10-08
2020-01-22,3.15,%,dulieukinhte,D,2026-10-08
2020-01-30,2.85,%,dulieukinhte,D,2026-10-08
2020-01-31,3.08,%,dulieukinhte,D,2026-10-08
2020-02-03,3.15,%,dulieukinhte,D,2026-10-08
2020-02-04,3.1,%,dulieukinhte,D,2026-10-08
2020-02-05,2.81,%,dulieukinhte,D,2026-10-08
2020-02-06,2.6,%,dulieukinhte,D,2026-10-08
2020-02-07,2.33,%,dulieukinhte,D,2026-10-08
2020-02-10,2.25,%,dulieukinhte,D,2026-10-08
2020-02-11,2.29,%,dulieukinhte,D,2026-10-08
2020-02-12,2.21,%,dulieukinhte,D,2026-10-08
2020-02-13,2.0500000000000003,%,dulieukinhte,D,2026-10-08
2020-02-14,2.0,%,dulieukinhte,D,2026-10-08
2020-02-17,1.91,%,dulieukinhte,D,2026-10-08
2020-02-18,1.8800000000000001,%,dulieukinhte,D,2026-10-08
2020-02-19,1.9,%,dulieukinhte,D,2026-10-08
2020-02-20,2.07,%,dulieukinhte,D,2026-10-08
2020-02-21,2.09,%,dulieukinhte,D,2026-10-08
2020-02-24,2.09,%,dulieukinhte,D,2026-10-08
2020-02-25,2.5100000000000002,%,dulieukinhte,D,2026-10-08
2020-02-26,2.39,%,dulieukinhte,D,2026-10-08
2020-02-27,2.1,%,dulieukinhte,D,2026-10-08
2020-02-28,2.02,%,dulieukinhte,D,2026-10-08
2020-03-02,2.0500000000000003,%,dulieukinhte,D,2026-10-08
2020-03-04,2.03,%,dulieukinhte,D,2026-10-08
2020-03-05,1.9900000000000002,%,dulieukinhte,D,2026-10-08
2020-03-06,1.96,%,dulieukinhte,D,2026-10-08
2020-03-09,2.22,%,dulieukinhte,D,2026-10-08
2020-03-10,2.37,%,dulieukinhte,D,2026-10-08
2020-03-11,2.44,%,dulieukinhte,D,2026-10-08
2020-03-12,2.48,%,dulieukinhte,D,2026-10-08
2020-03-13,2.33,%,dulieukinhte,D,2026-10-08
2020-03-16,2.2399999999999998,%,dulieukinhte,D,2026-10-08
2020-03-17,2.11,%,dulieukinhte,D,2026-10-08
2020-03-18,2.02,%,dulieukinhte,D,2026-10-08
2020-03-19,1.95,%,dulieukinhte,D,2026-10-08
2020-03-20,1.8599999999999999,%,dulieukinhte,D,2026-10-08
2020-03-23,1.8900000000000001,%,dulieukinhte,D,2026-10-08
2020-03-24,1.87,%,dulieukinhte,D,2026-10-08
2020-03-25,1.8599999999999999,%,dulieukinhte,D,2026-10-08
2020-03-26,1.9,%,dulieukinhte,D,2026-10-08
2020-03-27,2.07,%,dulieukinhte,D,2026-10-08
2020-03-30,2.19,%,dulieukinhte,D,2026-10-08
2020-03-31,2.44,%,dulieukinhte,D,2026-10-08
2020-04-01,3.27,%,dulieukinhte,D,2026-10-08
2020-04-03,3.53,%,dulieukinhte,D,2026-10-08
2020-04-06,3.56,%,dulieukinhte,D,2026-10-08
2020-04-07,3.2,%,dulieukinhte,D,2026-10-08
2020-04-08,2.7,%,dulieukinhte,D,2026-10-08
2020-04-09,2.33,%,dulieukinhte,D,2026-10-08
2020-04-10,1.9300000000000002,%,dulieukinhte,D,2026-10-08
2020-04-13,1.7399999999999998,%,dulieukinhte,D,2026-10-08
2020-04-14,1.7000000000000002,%,dulieukinhte,D,2026-10-08
2020-04-15,1.77,%,dulieukinhte,D,2026-10-08
2020-04-16,1.63,%,dulieukinhte,D,2026-10-08
2020-04-17,1.59,%,dulieukinhte,D,2026-10-08
2020-04-20,1.7500000000000002,%,dulieukinhte,D,2026-10-08
2020-04-21,2.4899999999999998,%,dulieukinhte,D,2026-10-08
2020-04-22,2.55,%,dulieukinhte,D,2026-10-08
2020-04-23,2.29,%,dulieukinhte,D,2026-10-08
2020-04-24,2.04,%,dulieukinhte,D,2026-10-08
2020-04-27,1.92,%,dulieukinhte,D,2026-10-08
2020-04-28,1.94,%,dulieukinhte,D,2026-10-08
2020-04-29,2.11,%,dulieukinhte,D,2026-10-08
2020-05-04,2.0,%,dulieukinhte,D,2026-10-08
2020-05-05,2.2399999999999998,%,dulieukinhte,D,2026-10-08
2020-05-06,2.13,%,dulieukinhte,D,2026-10-08
2020-05-07,1.97,%,dulieukinhte,D,2026-10-08
2020-05-08,1.7500000000000002,%,dulieukinhte,D,2026-10-08
2020-05-11,1.6,%,dulieukinhte,D,2026-10-08
2020-05-12,1.52,%,dulieukinhte,D,2026-10-08
2020-05-13,1.38,%,dulieukinhte,D,2026-10-08
2020-05-14,1.26,%,dulieukinhte,D,2026-10-08
2020-05-15,1.1900000000000002,%,dulieukinhte,D,2026-10-08
2020-05-18,1.02,%,dulieukinhte,D,2026-10-08
2020-05-19,0.88,%,dulieukinhte,D,2026-10-08
2020-05-20,0.6,%,dulieukinhte,D,2026-10-08
2020-05-21,0.47000000000000003,%,dulieukinhte,D,2026-10-08
2020-05-22,0.41000000000000003,%,dulieukinhte,D,2026-10-08
2020-05-25,0.47000000000000003,%,dulieukinhte,D,2026-10-08
2020-05-26,0.4,%,dulieukinhte,D,2026-10-08
2020-05-27,0.33,%,dulieukinhte,D,2026-10-08
2020-05-28,0.27999999999999997,%,dulieukinhte,D,2026-10-08
2020-05-29,0.3,%,dulieukinhte,D,2026-10-08
2020-06-01,0.45999999999999996,%,dulieukinhte,D,2026-10-08
2020-06-02,0.38,%,dulieukinhte,D,2026-10-08
2020-06-03,0.33,%,dulieukinhte,D,2026-10-08
2020-06-04,0.27,%,dulieukinhte,D,2026-10-08
2020-06-05,0.25,%,dulieukinhte,D,2026-10-08
2020-06-08,0.22999999999999998,%,dulieukinhte,D,2026-10-08
2020-06-09,0.2,%,dulieukinhte,D,2026-10-08
2020-06-10,0.18,%,dulieukinhte,D,2026-10-08
2020-06-11,0.16,%,dulieukinhte,D,2026-10-08
2020-06-12,0.18,%,dulieukinhte,D,2026-10-08
2020-06-15,0.16999999999999998,%,dulieukinhte,D,2026-10-08
2020-06-16,0.16999999999999998,%,dulieukinhte,D,2026-10-08
2020-06-17,0.16999999999999998,%,dulieukinhte,D,2026-10-08
2020-06-18,0.15,%,dulieukinhte,D,2026-10-08
2020-06-19,0.13,%,dulieukinhte,D,2026-10-08
2020-06-22,0.13999999999999999,%,dulieukinhte,D,2026-10-08
2020-06-23,0.15,%,dulieukinhte,D,2026-10-08
2020-06-24,0.15,%,dulieukinhte,D,2026-10-08
2020-06-25,0.13,%,dulieukinhte,D,2026-10-08
2020-06-26,0.13,%,dulieukinhte,D,2026-10-08
2020-06-29,0.12,%,dulieukinhte,D,2026-10-08
2020-06-30,0.15,%,dulieukinhte,D,2026-10-08
2020-07-01,0.13,%,dulieukinhte,D,2026-10-08
2020-07-02,0.12,%,dulieukinhte,D,2026-10-08
2020-07-03,0.12,%,dulieukinhte,D,2026-10-08
2020-07-06,0.13,%,dulieukinhte,D,2026-10-08
2020-07-07,0.13,%,dulieukinhte,D,2026-10-08
2020-07-08,0.13,%,dulieukinhte,D,2026-10-08
2020-07-09,0.13999999999999999,%,dulieukinhte,D,2026-10-08
2020-07-10,0.15,%,dulieukinhte,D,2026-10-08
2020-07-13,0.15,%,dulieukinhte,D,2026-10-08
2020-07-14,0.13999999999999999,%,dulieukinhte,D,2026-10-08
2020-07-15,0.13999999999999999,%,dulieukinhte,D,2026-10-08
2020-07-16,0.13,%,dulieukinhte,D,2026-10-08
2020-07-17,0.13999999999999999,%,dulieukinhte,D,2026-10-08
2020-07-20,0.15,%,dulieukinhte,D,2026-10-08
2020-07-21,0.15,%,dulieukinhte,D,2026-10-08
2020-07-22,0.15,%,dulieukinhte,D,2026-10-08
2020-07-23,0.13999999999999999,%,dulieukinhte,D,2026-10-08
2020-07-24,0.15,%,dulieukinhte,D,2026-10-08
2020-07-27,0.19,%,dulieukinhte,D,2026-10-08
2020-07-28,0.24,%,dulieukinhte,D,2026-10-08
2020-07-29,0.24,%,dulieukinhte,D,2026-10-08
2020-07-30,0.2,%,dulieukinhte,D,2026-10-08
2020-07-31,0.21,%,dulieukinhte,D,2026-10-08
2020-08-03,0.25,%,dulieukinhte,D,2026-10-08
2020-08-04,0.25,%,dulieukinhte,D,2026-10-08
2020-08-05,0.25,%,dulieukinhte,D,2026-10-08
2020-08-06,0.24,%,dulieukinhte,D,2026-10-08
2020-08-07,0.22,%,dulieukinhte,D,2026-10-08
2020-08-10,0.22,%,dulieukinhte,D,2026-10-08
2020-08-11,0.21,%,dulieukinhte,D,2026-10-08
2020-08-12,0.19,%,dulieukinhte,D,2026-10-08
2020-08-13,0.18,%,dulieukinhte,D,2026-10-08
2020-08-14,0.18,%,dulieukinhte,D,2026-10-08
2020-08-17,0.19,%,dulieukinhte,D,2026-10-08
2020-08-18,0.2,%,dulieukinhte,D,2026-10-08
2020-08-19,0.2,%,dulieukinhte,D,2026-10-08
2020-08-20,0.19,%,dulieukinhte,D,2026-10-08
2020-08-21,0.19,%,dulieukinhte,D,2026-10-08
2020-08-24,0.19,%,dulieukinhte,D,2026-10-08
2020-08-25,0.19,%,dulieukinhte,D,2026-10-08
2020-08-26,0.19,%,dulieukinhte,D,2026-10-08
2020-08-27,0.19,%,dulieukinhte,D,2026-10-08
2020-08-28,0.18,%,dulieukinhte,D,2026-10-08
2020-08-31,0.16,%,dulieukinhte,D,2026-10-08
2020-09-01,0.16,%,dulieukinhte,D,2026-10-08
2020-09-03,0.16,%,dulieukinhte,D,2026-10-08
2020-09-04,0.16,%,dulieukinhte,D,2026-10-08
2020-09-07,0.15,%,dulieukinhte,D,2026-10-08
2020-09-08,0.15,%,dulieukinhte,D,2026-10-08
2020-09-09,0.15,%,dulieukinhte,D,2026-10-08
2020-09-10,0.15,%,dulieukinhte,D,2026-10-08
2020-09-11,0.13999999999999999,%,dulieukinhte,D,2026-10-08
2020-09-14,0.13999999999999999,%,dulieukinhte,D,2026-10-08
2020-09-15,0.13999999999999999,%,dulieukinhte,D,2026-10-08
2020-09-16,0.13,%,dulieukinhte,D,2026-10-08
2020-09-17,0.11,%,dulieukinhte,D,2026-10-08
2020-09-18,0.11,%,dulieukinhte,D,2026-10-08
2020-09-21,0.11,%,dulieukinhte,D,2026-10-08
2020-09-22,0.11,%,dulieukinhte,D,2026-10-08
2020-09-23,0.1,%,dulieukinhte,D,2026-10-08
2020-09-24,0.11,%,dulieukinhte,D,2026-10-08
2020-09-25,0.11,%,dulieukinhte,D,2026-10-08
2020-09-28,0.11,%,dulieukinhte,D,2026-10-08
2020-09-29,0.11,%,dulieukinhte,D,2026-10-08
2020-09-30,0.13,%,dulieukinhte,D,2026-10-08
2020-10-01,0.11,%,dulieukinhte,D,2026-10-08
2020-10-02,0.11,%,dulieukinhte,D,2026-10-08
2020-10-05,0.11,%,dulieukinhte,D,2026-10-08
2020-10-06,0.1,%,dulieukinhte,D,2026-10-08
2020-10-07,0.1,%,dulieukinhte,D,2026-10-08
2020-10-08,0.1,%,dulieukinhte,D,2026-10-08
2020-10-09,0.1,%,dulieukinhte,D,2026-10-08
2020-10-12,0.1,%,dulieukinhte,D,2026-10-08
2020-10-13,0.1,%,dulieukinhte,D,2026-10-08
2020-10-14,0.1,%,dulieukinhte,D,2026-10-08
2020-10-15,0.1,%,dulieukinhte,D,2026-10-08
2020-10-16,0.1,%,dulieukinhte,D,2026-10-08
2020-10-19,0.1,%,dulieukinhte,D,2026-10-08
2020-10-20,0.11,%,dulieukinhte,D,2026-10-08
2020-10-21,0.1,%,dulieukinhte,D,2026-10-08
2020-10-22,0.1,%,dulieukinhte,D,2026-10-08
2020-10-23,0.1,%,dulieukinhte,D,2026-10-08
2020-10-26,0.11,%,dulieukinhte,D,2026-10-08
2020-10-27,0.1,%,dulieukinhte,D,2026-10-08
2020-10-28,0.1,%,dulieukinhte,D,2026-10-08
2020-10-29,0.1,%,dulieukinhte,D,2026-10-08
2020-10-30,0.11,%,dulieukinhte,D,2026-10-08
2020-11-02,0.1,%,dulieukinhte,D,2026-10-08
2020-11-03,0.1,%,dulieukinhte,D,2026-10-08
2020-11-04,0.11,%,dulieukinhte,D,2026-10-08
2020-11-05,0.12,%,dulieukinhte,D,2026-10-08
2020-11-06,0.12,%,dulieukinhte,D,2026-10-08
2020-11-09,0.11,%,dulieukinhte,D,2026-10-08
2020-11-10,0.11,%,dulieukinhte,D,2026-10-08
2020-11-11,0.11,%,dulieukinhte,D,2026-10-08
2020-11-12,0.11,%,dulieukinhte,D,2026-10-08
2020-11-13,0.11,%,dulieukinhte,D,2026-10-08
2020-11-16,0.11,%,dulieukinhte,D,2026-10-08
2020-11-17,0.11,%,dulieukinhte,D,2026-10-08
2020-11-18,0.11,%,dulieukinhte,D,2026-10-08
2020-11-19,0.11,%,dulieukinhte,D,2026-10-08
2020-11-20,0.11,%,dulieukinhte,D,2026-10-08
2020-11-23,0.11,%,dulieukinhte,D,2026-10-08
2020-11-24,0.1,%,dulieukinhte,D,2026-10-08
2020-11-25,0.1,%,dulieukinhte,D,2026-10-08
2020-11-26,0.11,%,dulieukinhte,D,2026-10-08
2020-11-27,0.1,%,dulieukinhte,D,2026-10-08
2020-11-30,0.1,%,dulieukinhte,D,2026-10-08
2020-12-01,0.1,%,dulieukinhte,D,2026-10-08
2020-12-02,0.1,%,dulieukinhte,D,2026-10-08
2020-12-03,0.11,%,dulieukinhte,D,2026-10-08
2020-12-04,0.11,%,dulieukinhte,D,2026-10-08
2020-12-07,0.11,%,dulieukinhte,D,2026-10-08
2020-12-08,0.11,%,dulieukinhte,D,2026-10-08
2020-12-09,0.11,%,dulieukinhte,D,2026-10-08
2020-12-10,0.11,%,dulieukinhte,D,2026-10-08
2020-12-11,0.11,%,dulieukinhte,D,2026-10-08
2020-12-14,0.11,%,dulieukinhte,D,2026-10-08
2020-12-15,0.1,%,dulieukinhte,D,2026-10-08
2020-12-16,0.1,%,dulieukinhte,D,2026-10-08
2020-12-17,0.1,%,dulieukinhte,D,2026-10-08
2020-12-18,0.11,%,dulieukinhte,D,2026-10-08
2020-12-21,0.11,%,dulieukinhte,D,2026-10-08
2020-12-22,0.11,%,dulieukinhte,D,2026-10-08
2020-12-23,0.11,%,dulieukinhte,D,2026-10-08
2020-12-24,0.11,%,dulieukinhte,D,2026-10-08
2020-12-25,0.12,%,dulieukinhte,D,2026-10-08
2020-12-28,0.12,%,dulieukinhte,D,2026-10-08
2020-12-29,0.13,%,dulieukinhte,D,2026-10-08
2020-12-30,0.13,%,dulieukinhte,D,2026-10-08
2020-12-31,0.15,%,dulieukinhte,D,2026-10-08
2021-01-04,0.15,%,dulieukinhte,D,2026-10-08
2021-01-05,0.13,%,dulieukinhte,D,2026-10-08
2021-01-06,0.11,%,dulieukinhte,D,2026-10-08
2021-01-07,0.11,%,dulieukinhte,D,2026-10-08
2021-01-08,0.11,%,dulieukinhte,D,2026-10-08
2021-01-11,0.11,%,dulieukinhte,D,2026-10-08
2021-01-12,0.1,%,dulieukinhte,D,2026-10-08
2021-01-13,0.1,%,dulieukinhte,D,2026-10-08
2021-01-14,0.1,%,dulieukinhte,D,2026-10-08
2021-01-15,0.11,%,dulieukinhte,D,2026-10-08
2021-01-18,0.11,%,dulieukinhte,D,2026-10-08
2021-01-19,0.1,%,dulieukinhte,D,2026-10-08
2021-01-20,0.1,%,dulieukinhte,D,2026-10-08
2021-01-21,0.1,%,dulieukinhte,D,2026-10-08
2021-01-22,0.1,%,dulieukinhte,D,2026-10-08
2021-01-25,0.1,%,dulieukinhte,D,2026-10-08
2021-01-26,0.11,%,dulieukinhte,D,2026-10-08
2021-01-27,0.11,%,dulieukinhte,D,2026-10-08
2021-01-28,0.13999999999999999,%,dulieukinhte,D,2026-10-08
2021-01-29,0.33,%,dulieukinhte,D,2026-10-08
2021-02-01,0.6,%,dulieukinhte,D,2026-10-08
2021-02-02,1.68,%,dulieukinhte,D,2026-10-08
2021-02-03,2.52,%,dulieukinhte,D,2026-10-08
2021-02-04,2.08,%,dulieukinhte,D,2026-10-08
2021-02-05,2.09,%,dulieukinhte,D,2026-10-08
2021-02-08,2.86,%,dulieukinhte,D,2026-10-08
2021-02-09,2.3,%,dulieukinhte,D,2026-10-08
2021-02-17,2.11,%,dulieukinhte,D,2026-10-08
2021-02-18,1.34,%,dulieukinhte,D,2026-10-08
2021-02-19,0.66,%,dulieukinhte,D,2026-10-08
2021-02-22,0.42,%,dulieukinhte,D,2026-10-08
2021-02-23,0.37,%,dulieukinhte,D,2026-10-08
2021-02-24,0.33,%,dulieukinhte,D,2026-10-08
2021-02-25,0.29,%,dulieukinhte,D,2026-10-08
2021-02-26,0.33999999999999997,%,dulieukinhte,D,2026-10-08
2021-03-01,0.4,%,dulieukinhte,D,2026-10-08
2021-03-02,0.35000000000000003,%,dulieukinhte,D,2026-10-08
2021-03-03,0.31,%,dulieukinhte,D,2026-10-08
2021-03-04,0.29,%,dulieukinhte,D,2026-10-08
2021-03-05,0.27999999999999997,%,dulieukinhte,D,2026-10-08
2021-03-08,0.29,%,dulieukinhte,D,2026-10-08
2021-03-09,0.29,%,dulieukinhte,D,2026-10-08
2021-03-10,0.29,%,dulieukinhte,D,2026-10-08
2021-03-11,0.27999999999999997,%,dulieukinhte,D,2026-10-08
2021-03-12,0.27999999999999997,%,dulieukinhte,D,2026-10-08
2021-03-15,0.29,%,dulieukinhte,D,2026-10-08
2021-03-16,0.27999999999999997,%,dulieukinhte,D,2026-10-08
2021-03-17,0.27999999999999997,%,dulieukinhte,D,2026-10-08
2021-03-18,0.27,%,dulieukinhte,D,2026-10-08
2021-03-19,0.26,%,dulieukinhte,D,2026-10-08
2021-03-22,0.27,%,dulieukinhte,D,2026-10-08
2021-03-23,0.26,%,dulieukinhte,D,2026-10-08
2021-03-24,0.26,%,dulieukinhte,D,2026-10-08
2021-03-25,0.25,%,dulieukinhte,D,2026-10-08
2021-03-26,0.26,%,dulieukinhte,D,2026-10-08
2021-03-29,0.37,%,dulieukinhte,D,2026-10-08
2021-03-30,0.24,%,dulieukinhte,D,2026-10-08
2021-03-31,0.26,%,dulieukinhte,D,2026-10-08
2021-04-01,0.25,%,dulieukinhte,D,2026-10-08
2021-04-02,0.26,%,dulieukinhte,D,2026-10-08
2021-04-05,0.25,%,dulieukinhte,D,2026-10-08
2021-04-06,0.29,%,dulieukinhte,D,2026-10-08
2021-04-07,0.29,%,dulieukinhte,D,2026-10-08
2021-04-08,0.3,%,dulieukinhte,D,2026-10-08
2021-04-09,0.31,%,dulieukinhte,D,2026-10-08
2021-04-12,0.4,%,dulieukinhte,D,2026-10-08
2021-04-13,0.43,%,dulieukinhte,D,2026-10-08
2021-04-14,0.41000000000000003,%,dulieukinhte,D,2026-10-08
2021-04-15,0.41000000000000003,%,dulieukinhte,D,2026-10-08
2021-04-16,0.43,%,dulieukinhte,D,2026-10-08
2021-04-19,0.43,%,dulieukinhte,D,2026-10-08
2021-04-20,0.44,%,dulieukinhte,D,2026-10-08
2021-04-22,0.42,%,dulieukinhte,D,2026-10-08
2021-04-23,0.44,%,dulieukinhte,D,2026-10-08
2021-04-26,0.77,%,dulieukinhte,D,2026-10-08
2021-04-27,1.05,%,dulieukinhte,D,2026-10-08
2021-04-28,1.2,%,dulieukinhte,D,2026-10-08
2021-04-29,0.8999999999999999,%,dulieukinhte,D,2026-10-08
2021-05-04,0.95,%,dulieukinhte,D,2026-10-08
2021-05-05,1.1400000000000001,%,dulieukinhte,D,2026-10-08
2021-05-06,1.29,%,dulieukinhte,D,2026-10-08
2021-05-07,1.21,%,dulieukinhte,D,2026-10-08
2021-05-10,1.24,%,dulieukinhte,D,2026-10-08
2021-05-11,1.25,%,dulieukinhte,D,2026-10-08
2021-05-12,1.23,%,dulieukinhte,D,2026-10-08
2021-05-13,1.24,%,dulieukinhte,D,2026-10-08
2021-05-14,1.22,%,dulieukinhte,D,2026-10-08
2021-05-17,1.2,%,dulieukinhte,D,2026-10-08
2021-05-18,1.22,%,dulieukinhte,D,2026-10-08
2021-05-19,1.22,%,dulieukinhte,D,2026-10-08
2021-05-20,1.24,%,dulieukinhte,D,2026-10-08
2021-05-21,1.21,%,dulieukinhte,D,2026-10-08
2021-05-24,1.25,%,dulieukinhte,D,2026-10-08
2021-05-25,1.35,%,dulieukinhte,D,2026-10-08
2021-05-26,1.46,%,dulieukinhte,D,2026-10-08
2021-05-27,1.46,%,dulieukinhte,D,2026-10-08
2021-05-28,1.4200000000000002,%,dulieukinhte,D,2026-10-08
2021-05-31,1.54,%,dulieukinhte,D,2026-10-08
2021-06-01,1.54,%,dulieukinhte,D,2026-10-08
2021-06-02,1.48,%,dulieukinhte,D,2026-10-08
2021-06-03,1.39,%,dulieukinhte,D,2026-10-08
2021-06-04,1.29,%,dulieukinhte,D,2026-10-08
2021-06-07,1.16,%,dulieukinhte,D,2026-10-08
2021-06-08,1.0999999999999999,%,dulieukinhte,D,2026-10-08
2021-06-09,1.0699999999999998,%,dulieukinhte,D,2026-10-08
2021-06-10,1.01,%,dulieukinhte,D,2026-10-08
2021-06-11,0.96,%,dulieukinhte,D,2026-10-08
2021-06-14,0.96,%,dulieukinhte,D,2026-10-08
2021-06-15,0.98,%,dulieukinhte,D,2026-10-08
2021-06-16,0.97,%,dulieukinhte,D,2026-10-08
2021-06-17,0.95,%,dulieukinhte,D,2026-10-08
2021-06-18,0.9900000000000001,%,dulieukinhte,D,2026-10-08
2021-06-21,1.0999999999999999,%,dulieukinhte,D,2026-10-08
2021-06-22,1.08,%,dulieukinhte,D,2026-10-08
2021-06-23,1.1400000000000001,%,dulieukinhte,D,2026-10-08
2021-06-24,1.21,%,dulieukinhte,D,2026-10-08
2021-06-25,1.23,%,dulieukinhte,D,2026-10-08
2021-06-28,1.1900000000000002,%,dulieukinhte,D,2026-10-08
2021-06-29,1.0999999999999999,%,dulieukinhte,D,2026-10-08
2021-06-30,1.13,%,dulieukinhte,D,2026-10-08
2021-07-01,1.09,%,dulieukinhte,D,2026-10-08
2021-07-02,1.03,%,dulieukinhte,D,2026-10-08
2021-07-05,1.0,%,dulieukinhte,D,2026-10-08
2021-07-06,0.95,%,dulieukinhte,D,2026-10-08
2021-07-07,0.8999999999999999,%,dulieukinhte,D,2026-10-08
2021-07-08,0.9400000000000001,%,dulieukinhte,D,2026-10-08
2021-07-09,0.95,%,dulieukinhte,D,2026-10-08
2021-07-12,0.9400000000000001,%,dulieukinhte,D,2026-10-08
2021-07-13,0.9299999999999999,%,dulieukinhte,D,2026-10-08
2021-07-14,0.9199999999999999,%,dulieukinhte,D,2026-10-08
2021-07-15,0.9299999999999999,%,dulieukinhte,D,2026-10-08
2021-07-16,0.9299999999999999,%,dulieukinhte,D,2026-10-08
2021-07-19,0.95,%,dulieukinhte,D,2026-10-08
2021-07-20,0.95,%,dulieukinhte,D,2026-10-08
2021-07-21,0.95,%,dulieukinhte,D,2026-10-08
2021-07-22,0.97,%,dulieukinhte,D,2026-10-08
2021-07-23,0.96,%,dulieukinhte,D,2026-10-08
2021-07-27,1.0,%,dulieukinhte,D,2026-10-08
2021-07-28,0.98,%,dulieukinhte,D,2026-10-08
2021-07-29,0.9400000000000001,%,dulieukinhte,D,2026-10-08
2021-07-30,0.97,%,dulieukinhte,D,2026-10-08
2021-08-02,0.96,%,dulieukinhte,D,2026-10-08
2021-08-03,0.96,%,dulieukinhte,D,2026-10-08
2021-08-04,0.9299999999999999,%,dulieukinhte,D,2026-10-08
2021-08-05,0.9299999999999999,%,dulieukinhte,D,2026-10-08
2021-08-06,0.9199999999999999,%,dulieukinhte,D,2026-10-08
2021-08-09,0.8999999999999999,%,dulieukinhte,D,2026-10-08
2021-08-10,0.8699999999999999,%,dulieukinhte,D,2026-10-08
2021-08-11,0.83,%,dulieukinhte,D,2026-10-08
2021-08-12,0.79,%,dulieukinhte,D,2026-10-08
2021-08-13,0.77,%,dulieukinhte,D,2026-10-08
2021-08-16,0.75,%,dulieukinhte,D,2026-10-08
2021-08-17,0.73,%,dulieukinhte,D,2026-10-08
2021-08-18,0.7100000000000001,%,dulieukinhte,D,2026-10-08
2021-08-19,0.69,%,dulieukinhte,D,2026-10-08
2021-08-20,0.66,%,dulieukinhte,D,2026-10-08
2021-08-23,0.65,%,dulieukinhte,D,2026-10-08
2021-08-24,0.64,%,dulieukinhte,D,2026-10-08
2021-08-25,0.65,%,dulieukinhte,D,2026-10-08
2021-08-26,0.65,%,dulieukinhte,D,2026-10-08
2021-08-27,0.64,%,dulieukinhte,D,2026-10-08
2021-08-30,0.69,%,dulieukinhte,D,2026-10-08
2021-08-31,0.63,%,dulieukinhte,D,2026-10-08
2021-09-01,0.5,%,dulieukinhte,D,2026-10-08
2021-09-06,0.65,%,dulieukinhte,D,2026-10-08
2021-09-07,0.64,%,dulieukinhte,D,2026-10-08
2021-09-08,0.64,%,dulieukinhte,D,2026-10-08
2021-09-09,0.65,%,dulieukinhte,D,2026-10-08
2021-09-10,0.63,%,dulieukinhte,D,2026-10-08
2021-09-13,0.64,%,dulieukinhte,D,2026-10-08
2021-09-14,0.64,%,dulieukinhte,D,2026-10-08
2021-09-15,0.66,%,dulieukinhte,D,2026-10-08
2021-09-16,0.64,%,dulieukinhte,D,2026-10-08
2021-09-17,0.64,%,dulieukinhte,D,2026-10-08
2021-09-20,0.64,%,dulieukinhte,D,2026-10-08
2021-09-21,0.6799999999999999,%,dulieukinhte,D,2026-10-08
2021-09-22,0.6799999999999999,%,dulieukinhte,D,2026-10-08
2021-09-23,0.69,%,dulieukinhte,D,2026-10-08
2021-09-24,0.6799999999999999,%,dulieukinhte,D,2026-10-08
2021-09-27,0.6799999999999999,%,dulieukinhte,D,2026-10-08
2021-09-28,0.6799999999999999,%,dulieukinhte,D,2026-10-08
2021-09-29,0.67,%,dulieukinhte,D,2026-10-08
2021-09-30,0.65,%,dulieukinhte,D,2026-10-08
2021-10-01,0.66,%,dulieukinhte,D,2026-10-08
2021-10-04,0.65,%,dulieukinhte,D,2026-10-08
2021-10-05,0.67,%,dulieukinhte,D,2026-10-08
2021-10-06,0.66,%,dulieukinhte,D,2026-10-08
2021-10-07,0.67,%,dulieukinhte,D,2026-10-08
2021-10-08,0.67,%,dulieukinhte,D,2026-10-08
2021-10-11,0.66,%,dulieukinhte,D,2026-10-08
2021-10-12,0.67,%,dulieukinhte,D,2026-10-08
2021-10-13,0.66,%,dulieukinhte,D,2026-10-08
2021-10-14,0.65,%,dulieukinhte,D,2026-10-08
2021-10-15,0.65,%,dulieukinhte,D,2026-10-08
2021-10-18,0.66,%,dulieukinhte,D,2026-10-08
2021-10-19,0.64,%,dulieukinhte,D,2026-10-08
2021-10-20,0.65,%,dulieukinhte,D,2026-10-08
2021-10-21,0.64,%,dulieukinhte,D,2026-10-08
2021-10-22,0.65,%,dulieukinhte,D,2026-10-08
2021-10-25,0.65,%,dulieukinhte,D,2026-10-08
2021-10-26,0.65,%,dulieukinhte,D,2026-10-08
2021-10-27,0.65,%,dulieukinhte,D,2026-10-08
2021-10-28,0.61,%,dulieukinhte,D,2026-10-08
2021-10-29,0.61,%,dulieukinhte,D,2026-10-08
2021-11-01,0.6,%,dulieukinhte,D,2026-10-08
2021-11-02,0.6,%,dulieukinhte,D,2026-10-08
2021-11-03,0.66,%,dulieukinhte,D,2026-10-08
2021-11-04,0.62,%,dulieukinhte,D,2026-10-08
2021-11-05,0.62,%,dulieukinhte,D,2026-10-08
2021-11-08,0.63,%,dulieukinhte,D,2026-10-08
2021-11-09,0.61,%,dulieukinhte,D,2026-10-08
2021-11-10,0.63,%,dulieukinhte,D,2026-10-08
2021-11-11,0.63,%,dulieukinhte,D,2026-10-08
2021-11-12,0.65,%,dulieukinhte,D,2026-10-08
2021-11-15,0.65,%,dulieukinhte,D,2026-10-08
2021-11-16,0.63,%,dulieukinhte,D,2026-10-08
2021-11-17,0.65,%,dulieukinhte,D,2026-10-08
2021-11-18,0.64,%,dulieukinhte,D,2026-10-08
2021-11-19,0.63,%,dulieukinhte,D,2026-10-08
2021-11-22,0.63,%,dulieukinhte,D,2026-10-08
2021-11-23,0.63,%,dulieukinhte,D,2026-10-08
2021-11-24,0.64,%,dulieukinhte,D,2026-10-08
2021-11-25,0.63,%,dulieukinhte,D,2026-10-08
2021-11-26,0.64,%,dulieukinhte,D,2026-10-08
2021-11-29,0.61,%,dulieukinhte,D,2026-10-08
2021-11-30,0.65,%,dulieukinhte,D,2026-10-08
2021-12-01,0.65,%,dulieukinhte,D,2026-10-08
2021-12-02,0.64,%,dulieukinhte,D,2026-10-08
2021-12-03,0.65,%,dulieukinhte,D,2026-10-08
2021-12-06,0.61,%,dulieukinhte,D,2026-10-08
2021-12-07,0.63,%,dulieukinhte,D,2026-10-08
2021-12-08,0.64,%,dulieukinhte,D,2026-10-08
2021-12-09,0.63,%,dulieukinhte,D,2026-10-08
2021-12-10,0.64,%,dulieukinhte,D,2026-10-08
2021-12-13,0.65,%,dulieukinhte,D,2026-10-08
2021-12-14,0.65,%,dulieukinhte,D,2026-10-08
2021-12-15,0.64,%,dulieukinhte,D,2026-10-08
2021-12-16,0.75,%,dulieukinhte,D,2026-10-08
2021-12-17,0.8500000000000001,%,dulieukinhte,D,2026-10-08
2021-12-20,0.91,%,dulieukinhte,D,2026-10-08
2021-12-21,1.05,%,dulieukinhte,D,2026-10-08
2021-12-22,1.34,%,dulieukinhte,D,2026-10-08
2021-12-23,1.27,%,dulieukinhte,D,2026-10-08
2021-12-24,1.1199999999999999,%,dulieukinhte,D,2026-10-08
2021-12-27,1.1199999999999999,%,dulieukinhte,D,2026-10-08
2021-12-28,0.98,%,dulieukinhte,D,2026-10-08
2021-12-29,0.8099999999999999,%,dulieukinhte,D,2026-10-08
2021-12-30,0.73,%,dulieukinhte,D,2026-10-08
2021-12-31,0.73,%,dulieukinhte,D,2026-10-08
2022-01-04,1.7999999999999998,%,dulieukinhte,D,2026-10-08
2022-01-05,1.47,%,dulieukinhte,D,2026-10-08
2022-01-07,1.17,%,dulieukinhte,D,2026-10-08
2022-01-10,1.1400000000000001,%,dulieukinhte,D,2026-10-08
2022-01-11,1.11,%,dulieukinhte,D,2026-10-08
2022-01-12,1.09,%,dulieukinhte,D,2026-10-08
2022-01-13,1.04,%,dulieukinhte,D,2026-10-08
2022-01-14,0.98,%,dulieukinhte,D,2026-10-08
2022-01-17,1.02,%,dulieukinhte,D,2026-10-08
2022-01-18,1.0,%,dulieukinhte,D,2026-10-08
2022-01-19,0.98,%,dulieukinhte,D,2026-10-08
2022-01-20,1.0,%,dulieukinhte,D,2026-10-08
2022-01-21,1.03,%,dulieukinhte,D,2026-10-08
2022-01-24,1.48,%,dulieukinhte,D,2026-10-08
2022-01-25,2.3,%,dulieukinhte,D,2026-10-08
2022-01-26,2.56,%,dulieukinhte,D,2026-10-08
2022-01-27,2.42,%,dulieukinhte,D,2026-10-08
2022-01-28,2.42,%,dulieukinhte,D,2026-10-08
2022-02-07,2.27,%,dulieukinhte,D,2026-10-08
2022-02-08,2.59,%,dulieukinhte,D,2026-10-08
2022-02-09,3.32,%,dulieukinhte,D,2026-10-08
2022-02-10,3.4000000000000004,%,dulieukinhte,D,2026-10-08
2022-02-11,3.08,%,dulieukinhte,D,2026-10-08
2022-02-14,2.9499999999999997,%,dulieukinhte,D,2026-10-08
2022-02-15,2.8899999999999997,%,dulieukinhte,D,2026-10-08
2022-02-16,2.9000000000000004,%,dulieukinhte,D,2026-10-08
2022-02-17,2.74,%,dulieukinhte,D,2026-10-08
2022-02-18,2.54,%,dulieukinhte,D,2026-10-08
2022-02-21,2.52,%,dulieukinhte,D,2026-10-08
2022-02-22,2.5100000000000002,%,dulieukinhte,D,2026-10-08
2022-02-23,2.5700000000000003,%,dulieukinhte,D,2026-10-08
2022-02-24,2.56,%,dulieukinhte,D,2026-10-08
2022-02-25,2.55,%,dulieukinhte,D,2026-10-08
2022-02-28,2.56,%,dulieukinhte,D,2026-10-08
2022-03-01,2.54,%,dulieukinhte,D,2026-10-08
2022-03-02,2.54,%,dulieukinhte,D,2026-10-08
2022-03-03,2.5100000000000002,%,dulieukinhte,D,2026-10-08
2022-03-04,2.4699999999999998,%,dulieukinhte,D,2026-10-08
2022-03-07,2.4,%,dulieukinhte,D,2026-10-08
2022-03-08,2.31,%,dulieukinhte,D,2026-10-08
2022-03-09,2.2399999999999998,%,dulieukinhte,D,2026-10-08
2022-03-10,2.15,%,dulieukinhte,D,2026-10-08
2022-03-11,2.11,%,dulieukinhte,D,2026-10-08
2022-03-14,2.13,%,dulieukinhte,D,2026-10-08
2022-03-15,2.18,%,dulieukinhte,D,2026-10-08
2022-03-16,2.19,%,dulieukinhte,D,2026-10-08
2022-03-17,2.19,%,dulieukinhte,D,2026-10-08
2022-03-18,2.1999999999999997,%,dulieukinhte,D,2026-10-08
2022-03-21,2.17,%,dulieukinhte,D,2026-10-08
2022-03-22,2.18,%,dulieukinhte,D,2026-10-08
2022-03-23,2.19,%,dulieukinhte,D,2026-10-08
2022-03-24,2.18,%,dulieukinhte,D,2026-10-08
2022-03-25,2.13,%,dulieukinhte,D,2026-10-08
2022-03-28,2.08,%,dulieukinhte,D,2026-10-08
2022-03-29,2.03,%,dulieukinhte,D,2026-10-08
2022-03-30,2.01,%,dulieukinhte,D,2026-10-08
2022-03-31,2.08,%,dulieukinhte,D,2026-10-08
2022-04-01,2.08,%,dulieukinhte,D,2026-10-08
2022-04-04,2.09,%,dulieukinhte,D,2026-10-08
2022-04-05,2.1,%,dulieukinhte,D,2026-10-08
2022-04-06,2.11,%,dulieukinhte,D,2026-10-08
2022-04-07,2.11,%,dulieukinhte,D,2026-10-08
2022-04-08,2.11,%,dulieukinhte,D,2026-10-08
2022-04-12,2.11,%,dulieukinhte,D,2026-10-08
2022-04-13,2.12,%,dulieukinhte,D,2026-10-08
2022-04-14,2.12,%,dulieukinhte,D,2026-10-08
2022-04-15,2.11,%,dulieukinhte,D,2026-10-08
2022-04-18,2.11,%,dulieukinhte,D,2026-10-08
2022-04-19,2.0500000000000003,%,dulieukinhte,D,2026-10-08
2022-04-20,1.8499999999999999,%,dulieukinhte,D,2026-10-08
2022-04-21,1.51,%,dulieukinhte,D,2026-10-08
2022-04-22,1.3299999999999998,%,dulieukinhte,D,2026-10-08
2022-04-25,1.29,%,dulieukinhte,D,2026-10-08
2022-04-26,1.43,%,dulieukinhte,D,2026-10-08
2022-04-27,1.4000000000000001,%,dulieukinhte,D,2026-10-08
2022-04-28,1.37,%,dulieukinhte,D,2026-10-08
2022-04-29,1.37,%,dulieukinhte,D,2026-10-08
2022-05-04,1.5599999999999998,%,dulieukinhte,D,2026-10-08
2022-05-05,1.63,%,dulieukinhte,D,2026-10-08
2022-05-06,1.7000000000000002,%,dulieukinhte,D,2026-10-08
2022-05-09,1.78,%,dulieukinhte,D,2026-10-08
2022-05-10,1.91,%,dulieukinhte,D,2026-10-08
2022-05-11,2.0,%,dulieukinhte,D,2026-10-08
2022-05-12,2.07,%,dulieukinhte,D,2026-10-08
2022-05-13,2.0500000000000003,%,dulieukinhte,D,2026-10-08
2022-05-16,1.9800000000000002,%,dulieukinhte,D,2026-10-08
2022-05-17,1.91,%,dulieukinhte,D,2026-10-08
2022-05-18,1.7500000000000002,%,dulieukinhte,D,2026-10-08
2022-05-19,1.5699999999999998,%,dulieukinhte,D,2026-10-08
2022-05-20,1.32,%,dulieukinhte,D,2026-10-08
2022-05-23,1.1400000000000001,%,dulieukinhte,D,2026-10-08
2022-05-24,1.04,%,dulieukinhte,D,2026-10-08
2022-05-25,0.9299999999999999,%,dulieukinhte,D,2026-10-08
2022-05-26,0.74,%,dulieukinhte,D,2026-10-08
2022-05-27,0.53,%,dulieukinhte,D,2026-10-08
2022-05-30,0.38,%,dulieukinhte,D,2026-10-08
2022-05-31,0.33,%,dulieukinhte,D,2026-10-08
2022-06-01,0.48,%,dulieukinhte,D,2026-10-08
2022-06-02,0.44999999999999996,%,dulieukinhte,D,2026-10-08
2022-06-03,0.4,%,dulieukinhte,D,2026-10-08
2022-06-06,0.38999999999999996,%,dulieukinhte,D,2026-10-08
2022-06-07,0.42,%,dulieukinhte,D,2026-10-08
2022-06-08,0.42,%,dulieukinhte,D,2026-10-08
2022-06-09,0.38,%,dulieukinhte,D,2026-10-08
2022-06-10,0.38,%,dulieukinhte,D,2026-10-08
2022-06-13,0.37,%,dulieukinhte,D,2026-10-08
2022-06-14,0.36,%,dulieukinhte,D,2026-10-08
2022-06-15,0.37,%,dulieukinhte,D,2026-10-08
2022-06-16,0.37,%,dulieukinhte,D,2026-10-08
2022-06-17,0.37,%,dulieukinhte,D,2026-10-08
2022-06-20,0.38,%,dulieukinhte,D,2026-10-08
2022-06-21,0.38,%,dulieukinhte,D,2026-10-08
2022-06-22,0.37,%,dulieukinhte,D,2026-10-08
2022-06-23,0.44,%,dulieukinhte,D,2026-10-08
2022-06-24,0.6,%,dulieukinhte,D,2026-10-08
2022-06-27,0.69,%,dulieukinhte,D,2026-10-08
2022-06-28,0.6799999999999999,%,dulieukinhte,D,2026-10-08
2022-06-29,0.7100000000000001,%,dulieukinhte,D,2026-10-08
2022-07-01,0.8699999999999999,%,dulieukinhte,D,2026-10-08
2022-07-04,0.88,%,dulieukinhte,D,2026-10-08
2022-07-05,0.88,%,dulieukinhte,D,2026-10-08
2022-07-06,0.8200000000000001,%,dulieukinhte,D,2026-10-08
2022-07-07,0.69,%,dulieukinhte,D,2026-10-08
2022-07-08,0.6799999999999999,%,dulieukinhte,D,2026-10-08
2022-07-11,0.72,%,dulieukinhte,D,2026-10-08
2022-07-12,0.7100000000000001,%,dulieukinhte,D,2026-10-08
2022-07-13,0.73,%,dulieukinhte,D,2026-10-08
2022-07-14,0.76,%,dulieukinhte,D,2026-10-08
2022-07-15,0.83,%,dulieukinhte,D,2026-10-08
2022-07-18,0.96,%,dulieukinhte,D,2026-10-08
2022-07-19,1.15,%,dulieukinhte,D,2026-10-08
2022-07-20,1.4000000000000001,%,dulieukinhte,D,2026-10-08
2022-07-21,2.16,%,dulieukinhte,D,2026-10-08
2022-07-22,2.8000000000000003,%,dulieukinhte,D,2026-10-08
2022-07-25,3.6700000000000004,%,dulieukinhte,D,2026-10-08
2022-07-26,5.01,%,dulieukinhte,D,2026-10-08
2022-07-27,5.13,%,dulieukinhte,D,2026-10-08
2022-07-28,4.68,%,dulieukinhte,D,2026-10-08
2022-07-29,4.19,%,dulieukinhte,D,2026-10-08
2022-08-01,4.18,%,dulieukinhte,D,2026-10-08
2022-08-02,4.03,%,dulieukinhte,D,2026-10-08
2022-08-03,4.1000000000000005,%,dulieukinhte,D,2026-10-08
2022-08-04,4.16,%,dulieukinhte,D,2026-10-08
2022-08-05,4.36,%,dulieukinhte,D,2026-10-08
2022-08-08,4.42,%,dulieukinhte,D,2026-10-08
2022-08-09,4.29,%,dulieukinhte,D,2026-10-08
2022-08-10,3.9800000000000004,%,dulieukinhte,D,2026-10-08
2022-08-11,3.3000000000000003,%,dulieukinhte,D,2026-10-08
2022-08-12,2.71,%,dulieukinhte,D,2026-10-08
2022-08-15,2.27,%,dulieukinhte,D,2026-10-08
2022-08-16,1.9900000000000002,%,dulieukinhte,D,2026-10-08
2022-08-17,2.0500000000000003,%,dulieukinhte,D,2026-10-08
2022-08-18,2.4299999999999997,%,dulieukinhte,D,2026-10-08
2022-08-19,2.4899999999999998,%,dulieukinhte,D,2026-10-08
2022-08-22,2.73,%,dulieukinhte,D,2026-10-08
2022-08-23,3.7699999999999996,%,dulieukinhte,D,2026-10-08
2022-08-24,3.82,%,dulieukinhte,D,2026-10-08
2022-08-25,3.74,%,dulieukinhte,D,2026-10-08
2022-08-26,3.58,%,dulieukinhte,D,2026-10-08
2022-08-29,3.88,%,dulieukinhte,D,2026-10-08
2022-08-30,4.42,%,dulieukinhte,D,2026-10-08
2022-08-31,4.42,%,dulieukinhte,D,2026-10-08
2022-09-05,5.21,%,dulieukinhte,D,2026-10-08
2022-09-06,5.71,%,dulieukinhte,D,2026-10-08
2022-09-07,6.88,%,dulieukinhte,D,2026-10-08
2022-09-08,5.8999999999999995,%,dulieukinhte,D,2026-10-08
2022-09-09,4.62,%,dulieukinhte,D,2026-10-08
2022-09-12,4.29,%,dulieukinhte,D,2026-10-08
2022-09-13,4.2,%,dulieukinhte,D,2026-10-08
2022-09-14,4.17,%,dulieukinhte,D,2026-10-08
2022-09-15,4.21,%,dulieukinhte,D,2026-10-08
2022-09-16,4.25,%,dulieukinhte,D,2026-10-08
2022-09-19,4.26,%,dulieukinhte,D,2026-10-08
2022-09-20,4.61,%,dulieukinhte,D,2026-10-08
2022-09-21,4.68,%,dulieukinhte,D,2026-10-08
2022-09-22,4.89,%,dulieukinhte,D,2026-10-08
2022-09-23,5.08,%,dulieukinhte,D,2026-10-08
2022-09-26,5.12,%,dulieukinhte,D,2026-10-08
2022-09-27,5.16,%,dulieukinhte,D,2026-10-08
2022-09-28,5.06,%,dulieukinhte,D,2026-10-08
2022-09-29,4.9799999999999995,%,dulieukinhte,D,2026-10-08
2022-09-30,4.93,%,dulieukinhte,D,2026-10-08
2022-10-03,5.26,%,dulieukinhte,D,2026-10-08
2022-10-04,7.88,%,dulieukinhte,D,2026-10-08
2022-10-05,8.44,%,dulieukinhte,D,2026-10-08
2022-10-06,7.86,%,dulieukinhte,D,2026-10-08
2022-10-07,6.61,%,dulieukinhte,D,2026-10-08
2022-10-10,7.470000000000001,%,dulieukinhte,D,2026-10-08
2022-10-11,7.02,%,dulieukinhte,D,2026-10-08
2022-10-12,6.510000000000001,%,dulieukinhte,D,2026-10-08
2022-10-13,5.48,%,dulieukinhte,D,2026-10-08
2022-10-14,4.92,%,dulieukinhte,D,2026-10-08
2022-10-17,4.1000000000000005,%,dulieukinhte,D,2026-10-08
2022-10-18,3.2300000000000004,%,dulieukinhte,D,2026-10-08
2022-10-19,3.0300000000000002,%,dulieukinhte,D,2026-10-08
2022-10-20,4.04,%,dulieukinhte,D,2026-10-08
2022-10-21,4.64,%,dulieukinhte,D,2026-10-08
2022-10-24,5.46,%,dulieukinhte,D,2026-10-08
2022-10-25,7.16,%,dulieukinhte,D,2026-10-08
2022-10-26,7.199999999999999,%,dulieukinhte,D,2026-10-08
2022-10-27,6.069999999999999,%,dulieukinhte,D,2026-10-08
2022-10-28,4.79,%,dulieukinhte,D,2026-10-08
2022-10-31,5.1,%,dulieukinhte,D,2026-10-08
2022-11-01,6.61,%,dulieukinhte,D,2026-10-08
2022-11-02,7.12,%,dulieukinhte,D,2026-10-08
2022-11-03,6.93,%,dulieukinhte,D,2026-10-08
2022-11-04,6.21,%,dulieukinhte,D,2026-10-08
2022-11-07,6.01,%,dulieukinhte,D,2026-10-08
2022-11-08,5.56,%,dulieukinhte,D,2026-10-08
2022-11-09,5.1,%,dulieukinhte,D,2026-10-08
2022-11-10,4.88,%,dulieukinhte,D,2026-10-08
2022-11-11,4.62,%,dulieukinhte,D,2026-10-08
2022-11-14,4.31,%,dulieukinhte,D,2026-10-08
2022-11-15,4.2,%,dulieukinhte,D,2026-10-08
2022-11-16,4.63,%,dulieukinhte,D,2026-10-08
2022-11-17,5.18,%,dulieukinhte,D,2026-10-08
2022-11-18,5.4,%,dulieukinhte,D,2026-10-08
2022-11-21,5.87,%,dulieukinhte,D,2026-10-08
2022-11-22,5.92,%,dulieukinhte,D,2026-10-08
2022-11-23,6.1,%,dulieukinhte,D,2026-10-08
2022-11-24,5.970000000000001,%,dulieukinhte,D,2026-10-08
2022-11-25,6.01,%,dulieukinhte,D,2026-10-08
2022-11-28,5.88,%,dulieukinhte,D,2026-10-08
2022-11-29,5.63,%,dulieukinhte,D,2026-10-08
2022-11-30,5.319999999999999,%,dulieukinhte,D,2026-10-08
2022-12-01,5.42,%,dulieukinhte,D,2026-10-08
2022-12-02,5.42,%,dulieukinhte,D,2026-10-08
2022-12-05,5.3100000000000005,%,dulieukinhte,D,2026-10-08
2022-12-06,5.52,%,dulieukinhte,D,2026-10-08
2022-12-07,5.67,%,dulieukinhte,D,2026-10-08
2022-12-08,5.64,%,dulieukinhte,D,2026-10-08
2022-12-09,5.609999999999999,%,dulieukinhte,D,2026-10-08
2022-12-12,5.609999999999999,%,dulieukinhte,D,2026-10-08
2022-12-13,5.62,%,dulieukinhte,D,2026-10-08
2022-12-14,5.38,%,dulieukinhte,D,2026-10-08
2022-12-15,5.19,%,dulieukinhte,D,2026-10-08
2022-12-16,4.62,%,dulieukinhte,D,2026-10-08
2022-12-19,4.34,%,dulieukinhte,D,2026-10-08
2022-12-20,4.04,%,dulieukinhte,D,2026-10-08
2022-12-21,3.94,%,dulieukinhte,D,2026-10-08
2022-12-22,3.7699999999999996,%,dulieukinhte,D,2026-10-08
2022-12-23,3.49,%,dulieukinhte,D,2026-10-08
2022-12-26,3.25,%,dulieukinhte,D,2026-10-08
2022-12-27,3.36,%,dulieukinhte,D,2026-10-08
2022-12-28,3.2,%,dulieukinhte,D,2026-10-08
2022-12-29,2.81,%,dulieukinhte,D,2026-10-08
2022-12-30,4.44,%,dulieukinhte,D,2026-10-08
2023-01-03,5.06,%,dulieukinhte,D,2026-10-08
2023-01-04,5.17,%,dulieukinhte,D,2026-10-08
2023-01-05,5.09,%,dulieukinhte,D,2026-10-08
2023-01-06,5.07,%,dulieukinhte,D,2026-10-08
2023-01-09,5.18,%,dulieukinhte,D,2026-10-08
2023-01-10,5.2299999999999995,%,dulieukinhte,D,2026-10-08
2023-01-11,5.59,%,dulieukinhte,D,2026-10-08
2023-01-12,5.949999999999999,%,dulieukinhte,D,2026-10-08
2023-01-16,6.4799999999999995,%,dulieukinhte,D,2026-10-08
2023-01-17,6.34,%,dulieukinhte,D,2026-10-08
2023-01-18,6.09,%,dulieukinhte,D,2026-10-08
2023-01-19,6.09,%,dulieukinhte,D,2026-10-08
2023-01-27,6.13,%,dulieukinhte,D,2026-10-08
2023-01-30,6.17,%,dulieukinhte,D,2026-10-08
2023-01-31,6.23,%,dulieukinhte,D,2026-10-08
2023-02-01,6.260000000000001,%,dulieukinhte,D,2026-10-08
2023-02-02,6.260000000000001,%,dulieukinhte,D,2026-10-08
2023-02-03,6.21,%,dulieukinhte,D,2026-10-08
2023-02-06,6.05,%,dulieukinhte,D,2026-10-08
2023-02-07,5.96,%,dulieukinhte,D,2026-10-08
2023-02-08,5.72,%,dulieukinhte,D,2026-10-08
2023-02-09,5.390000000000001,%,dulieukinhte,D,2026-10-08
2023-02-10,4.91,%,dulieukinhte,D,2026-10-08
2023-02-13,4.55,%,dulieukinhte,D,2026-10-08
2023-02-14,4.05,%,dulieukinhte,D,2026-10-08
2023-02-15,3.64,%,dulieukinhte,D,2026-10-08
2023-02-16,4.71,%,dulieukinhte,D,2026-10-08
2023-02-17,4.64,%,dulieukinhte,D,2026-10-08
2023-02-20,4.54,%,dulieukinhte,D,2026-10-08
2023-02-21,4.81,%,dulieukinhte,D,2026-10-08
2023-02-22,6.11,%,dulieukinhte,D,2026-10-08
2023-02-23,6.15,%,dulieukinhte,D,2026-10-08
2023-02-24,6.0600000000000005,%,dulieukinhte,D,2026-10-08
2023-02-27,5.7700000000000005,%,dulieukinhte,D,2026-10-08
2023-02-28,5.24,%,dulieukinhte,D,2026-10-08
2023-03-01,5.970000000000001,%,dulieukinhte,D,2026-10-08
2023-03-02,6.38,%,dulieukinhte,D,2026-10-08
2023-03-03,6.4,%,dulieukinhte,D,2026-10-08
2023-03-06,6.22,%,dulieukinhte,D,2026-10-08
2023-03-07,6.069999999999999,%,dulieukinhte,D,2026-10-08
2023-03-08,5.9799999999999995,%,dulieukinhte,D,2026-10-08
2023-03-09,6.22,%,dulieukinhte,D,2026-10-08
2023-03-10,6.22,%,dulieukinhte,D,2026-10-08
2023-03-13,6.17,%,dulieukinhte,D,2026-10-08
2023-03-14,5.72,%,dulieukinhte,D,2026-10-08
2023-03-15,5.06,%,dulieukinhte,D,2026-10-08
2023-03-16,4.14,%,dulieukinhte,D,2026-10-08
2023-03-17,3.4000000000000004,%,dulieukinhte,D,2026-10-08
2023-03-20,2.7,%,dulieukinhte,D,2026-10-08
2023-03-21,2.0500000000000003,%,dulieukinhte,D,2026-10-08
2023-03-22,1.55,%,dulieukinhte,D,2026-10-08
2023-03-23,1.34,%,dulieukinhte,D,2026-10-08
2023-03-24,1.1400000000000001,%,dulieukinhte,D,2026-10-08
2023-03-27,1.06,%,dulieukinhte,D,2026-10-08
2023-03-28,0.98,%,dulieukinhte,D,2026-10-08
2023-03-29,0.96,%,dulieukinhte,D,2026-10-08
2023-03-30,0.8999999999999999,%,dulieukinhte,D,2026-10-08
2023-03-31,1.1199999999999999,%,dulieukinhte,D,2026-10-08
2023-04-03,2.12,%,dulieukinhte,D,2026-10-08
2023-04-04,2.48,%,dulieukinhte,D,2026-10-08
2023-04-05,3.4099999999999997,%,dulieukinhte,D,2026-10-08
2023-04-06,4.44,%,dulieukinhte,D,2026-10-08
2023-04-07,5.06,%,dulieukinhte,D,2026-10-08
2023-04-10,5.19,%,dulieukinhte,D,2026-10-08
2023-04-11,5.220000000000001,%,dulieukinhte,D,2026-10-08
2023-04-12,5.319999999999999,%,dulieukinhte,D,2026-10-08
2023-04-13,5.489999999999999,%,dulieukinhte,D,2026-10-08
2023-04-14,5.54,%,dulieukinhte,D,2026-10-08
2023-04-17,5.52,%,dulieukinhte,D,2026-10-08
2023-04-18,5.3,%,dulieukinhte,D,2026-10-08
2023-04-19,4.4799999999999995,%,dulieukinhte,D,2026-10-08
2023-04-20,3.7800000000000002,%,dulieukinhte,D,2026-10-08
2023-04-21,3.29,%,dulieukinhte,D,2026-10-08
2023-04-24,3.84,%,dulieukinhte,D,2026-10-08
2023-04-25,6.260000000000001,%,dulieukinhte,D,2026-10-08
2023-04-26,4.82,%,dulieukinhte,D,2026-10-08
2023-04-27,4.12,%,dulieukinhte,D,2026-10-08
2023-04-28,4.12,%,dulieukinhte,D,2026-10-08
2023-05-04,5.0,%,dulieukinhte,D,2026-10-08
2023-05-05,5.050000000000001,%,dulieukinhte,D,2026-10-08
2023-05-08,5.08,%,dulieukinhte,D,2026-10-08
2023-05-09,5.07,%,dulieukinhte,D,2026-10-08
2023-05-10,4.84,%,dulieukinhte,D,2026-10-08
2023-05-11,4.83,%,dulieukinhte,D,2026-10-08
2023-05-12,4.88,%,dulieukinhte,D,2026-10-08
2023-05-15,4.92,%,dulieukinhte,D,2026-10-08
2023-05-16,4.9399999999999995,%,dulieukinhte,D,2026-10-08
2023-05-17,4.87,%,dulieukinhte,D,2026-10-08
2023-05-18,4.64,%,dulieukinhte,D,2026-10-08
2023-05-19,4.49,%,dulieukinhte,D,2026-10-08
2023-05-22,4.43,%,dulieukinhte,D,2026-10-08
2023-05-23,4.42,%,dulieukinhte,D,2026-10-08
2023-05-24,4.35,%,dulieukinhte,D,2026-10-08
2023-05-25,4.14,%,dulieukinhte,D,2026-10-08
2023-05-26,4.07,%,dulieukinhte,D,2026-10-08
2023-05-29,3.9600000000000004,%,dulieukinhte,D,2026-10-08
2023-05-30,3.7699999999999996,%,dulieukinhte,D,2026-10-08
2023-05-31,3.9,%,dulieukinhte,D,2026-10-08
2023-06-01,4.07,%,dulieukinhte,D,2026-10-08
2023-06-02,4.02,%,dulieukinhte,D,2026-10-08
2023-06-05,3.92,%,dulieukinhte,D,2026-10-08
2023-06-06,3.75,%,dulieukinhte,D,2026-10-08
2023-06-07,3.51,%,dulieukinhte,D,2026-10-08
2023-06-08,3.1,%,dulieukinhte,D,2026-10-08
2023-06-09,2.69,%,dulieukinhte,D,2026-10-08
2023-06-12,2.4,%,dulieukinhte,D,2026-10-08
2023-06-13,2.02,%,dulieukinhte,D,2026-10-08
2023-06-14,1.6500000000000001,%,dulieukinhte,D,2026-10-08
2023-06-15,1.3,%,dulieukinhte,D,2026-10-08
2023-06-16,0.9400000000000001,%,dulieukinhte,D,2026-10-08
2023-06-19,0.73,%,dulieukinhte,D,2026-10-08
2023-06-20,0.5499999999999999,%,dulieukinhte,D,2026-10-08
2023-06-21,0.5499999999999999,%,dulieukinhte,D,2026-10-08
2023-06-22,0.91,%,dulieukinhte,D,2026-10-08
2023-06-23,1.08,%,dulieukinhte,D,2026-10-08
2023-06-26,1.04,%,dulieukinhte,D,2026-10-08
2023-06-27,0.89,%,dulieukinhte,D,2026-10-08
2023-06-28,0.69,%,dulieukinhte,D,2026-10-08
2023-06-29,0.38999999999999996,%,dulieukinhte,D,2026-10-08
2023-06-30,0.44,%,dulieukinhte,D,2026-10-08
2023-07-03,0.66,%,dulieukinhte,D,2026-10-08
2023-07-04,0.69,%,dulieukinhte,D,2026-10-08
2023-07-05,0.64,%,dulieukinhte,D,2026-10-08
2023-07-06,0.61,%,dulieukinhte,D,2026-10-08
2023-07-10,0.33999999999999997,%,dulieukinhte,D,2026-10-08
2023-07-11,0.26,%,dulieukinhte,D,2026-10-08
2023-07-12,0.21,%,dulieukinhte,D,2026-10-08
2023-07-13,0.16,%,dulieukinhte,D,2026-10-08
2023-07-14,0.13999999999999999,%,dulieukinhte,D,2026-10-08
2023-07-17,0.15,%,dulieukinhte,D,2026-10-08
2023-07-18,0.45999999999999996,%,dulieukinhte,D,2026-10-08
2023-07-19,0.33999999999999997,%,dulieukinhte,D,2026-10-08
2023-07-20,0.25,%,dulieukinhte,D,2026-10-08
2023-07-21,0.19,%,dulieukinhte,D,2026-10-08
2023-07-24,0.2,%,dulieukinhte,D,2026-10-08
2023-07-25,0.2,%,dulieukinhte,D,2026-10-08
2023-07-26,0.21,%,dulieukinhte,D,2026-10-08
2023-07-27,0.19,%,dulieukinhte,D,2026-10-08
2023-07-28,0.2,%,dulieukinhte,D,2026-10-08
2023-07-31,0.19,%,dulieukinhte,D,2026-10-08
2023-08-01,0.22,%,dulieukinhte,D,2026-10-08
2023-08-02,0.22,%,dulieukinhte,D,2026-10-08
2023-08-03,0.22,%,dulieukinhte,D,2026-10-08
2023-08-04,0.22,%,dulieukinhte,D,2026-10-08
2023-08-07,0.21,%,dulieukinhte,D,2026-10-08
2023-08-08,0.21,%,dulieukinhte,D,2026-10-08
2023-08-09,0.21,%,dulieukinhte,D,2026-10-08
2023-08-10,0.2,%,dulieukinhte,D,2026-10-08
2023-08-11,0.2,%,dulieukinhte,D,2026-10-08
2023-08-14,0.19,%,dulieukinhte,D,2026-10-08
2023-08-15,0.2,%,dulieukinhte,D,2026-10-08
2023-08-16,0.21,%,dulieukinhte,D,2026-10-08
2023-08-17,0.2,%,dulieukinhte,D,2026-10-08
2023-08-18,0.19,%,dulieukinhte,D,2026-10-08
2023-08-21,0.19,%,dulieukinhte,D,2026-10-08
2023-08-22,0.16999999999999998,%,dulieukinhte,D,2026-10-08
2023-08-23,0.16999999999999998,%,dulieukinhte,D,2026-10-08
2023-08-24,0.16999999999999998,%,dulieukinhte,D,2026-10-08
2023-08-25,0.16999999999999998,%,dulieukinhte,D,2026-10-08
2023-08-28,0.16999999999999998,%,dulieukinhte,D,2026-10-08
2023-08-29,0.16,%,dulieukinhte,D,2026-10-08
2023-08-30,0.16,%,dulieukinhte,D,2026-10-08
2023-08-31,0.16,%,dulieukinhte,D,2026-10-08
2023-09-05,0.19,%,dulieukinhte,D,2026-10-08
2023-09-06,0.18,%,dulieukinhte,D,2026-10-08
2023-09-07,0.16999999999999998,%,dulieukinhte,D,2026-10-08
2023-09-08,0.16999999999999998,%,dulieukinhte,D,2026-10-08
2023-09-11,0.16999999999999998,%,dulieukinhte,D,2026-10-08
2023-09-12,0.16,%,dulieukinhte,D,2026-10-08
2023-09-13,0.16,%,dulieukinhte,D,2026-10-08
2023-09-14,0.16,%,dulieukinhte,D,2026-10-08
2023-09-15,0.15,%,dulieukinhte,D,2026-10-08
2023-09-18,0.15,%,dulieukinhte,D,2026-10-08
2023-09-19,0.15,%,dulieukinhte,D,2026-10-08
2023-09-20,0.16,%,dulieukinhte,D,2026-10-08
2023-09-21,0.13999999999999999,%,dulieukinhte,D,2026-10-08
2023-09-22,0.16999999999999998,%,dulieukinhte,D,2026-10-08
2023-09-25,0.16999999999999998,%,dulieukinhte,D,2026-10-08
2023-09-26,0.16,%,dulieukinhte,D,2026-10-08
2023-09-27,0.16,%,dulieukinhte,D,2026-10-08
2023-09-28,0.15,%,dulieukinhte,D,2026-10-08
2023-09-29,0.19,%,dulieukinhte,D,2026-10-08
2023-10-02,0.5499999999999999,%,dulieukinhte,D,2026-10-08
2023-10-03,0.74,%,dulieukinhte,D,2026-10-08
2023-10-04,1.13,%,dulieukinhte,D,2026-10-08
2023-10-05,1.32,%,dulieukinhte,D,2026-10-08
2023-10-06,1.1400000000000001,%,dulieukinhte,D,2026-10-08
2023-10-09,0.95,%,dulieukinhte,D,2026-10-08
2023-10-10,0.66,%,dulieukinhte,D,2026-10-08
2023-10-11,0.37,%,dulieukinhte,D,2026-10-08
2023-10-13,0.35000000000000003,%,dulieukinhte,D,2026-10-08
2023-10-16,0.7100000000000001,%,dulieukinhte,D,2026-10-08
2023-10-17,0.76,%,dulieukinhte,D,2026-10-08
2023-10-18,0.7799999999999999,%,dulieukinhte,D,2026-10-08
2023-10-19,0.79,%,dulieukinhte,D,2026-10-08
2023-10-20,1.47,%,dulieukinhte,D,2026-10-08
2023-10-23,2.22,%,dulieukinhte,D,2026-10-08
2023-10-24,2.8400000000000003,%,dulieukinhte,D,2026-10-08
2023-10-25,2.74,%,dulieukinhte,D,2026-10-08
2023-10-26,1.8900000000000001,%,dulieukinhte,D,2026-10-08
2023-10-27,1.37,%,dulieukinhte,D,2026-10-08
2023-10-30,0.96,%,dulieukinhte,D,2026-10-08
2023-10-31,0.8099999999999999,%,dulieukinhte,D,2026-10-08
2023-11-01,1.05,%,dulieukinhte,D,2026-10-08
2023-11-02,0.9900000000000001,%,dulieukinhte,D,2026-10-08
2023-11-03,0.9299999999999999,%,dulieukinhte,D,2026-10-08
2023-11-06,0.9299999999999999,%,dulieukinhte,D,2026-10-08
2023-11-07,0.95,%,dulieukinhte,D,2026-10-08
2023-11-08,0.83,%,dulieukinhte,D,2026-10-08
2023-11-09,0.73,%,dulieukinhte,D,2026-10-08
2023-11-10,0.62,%,dulieukinhte,D,2026-10-08
2023-11-13,0.52,%,dulieukinhte,D,2026-10-08
2023-11-14,0.36,%,dulieukinhte,D,2026-10-08
2023-11-15,0.26,%,dulieukinhte,D,2026-10-08
2023-11-16,0.21,%,dulieukinhte,D,2026-10-08
2023-11-17,0.18,%,dulieukinhte,D,2026-10-08
2023-11-20,0.16,%,dulieukinhte,D,2026-10-08
2023-11-21,0.15,%,dulieukinhte,D,2026-10-08
2023-11-22,0.15,%,dulieukinhte,D,2026-10-08
2023-11-23,0.15,%,dulieukinhte,D,2026-10-08
2023-11-24,0.13999999999999999,%,dulieukinhte,D,2026-10-08
2023-11-27,0.13999999999999999,%,dulieukinhte,D,2026-10-08
2023-11-28,0.13999999999999999,%,dulieukinhte,D,2026-10-08
2023-11-29,0.13999999999999999,%,dulieukinhte,D,2026-10-08
2023-11-30,0.13999999999999999,%,dulieukinhte,D,2026-10-08
2023-12-01,0.16999999999999998,%,dulieukinhte,D,2026-10-08
2023-12-04,0.16,%,dulieukinhte,D,2026-10-08
2023-12-05,0.16,%,dulieukinhte,D,2026-10-08
2023-12-06,0.15,%,dulieukinhte,D,2026-10-08
2023-12-07,0.15,%,dulieukinhte,D,2026-10-08
2023-12-08,0.15,%,dulieukinhte,D,2026-10-08
2023-12-11,0.15,%,dulieukinhte,D,2026-10-08
2023-12-12,0.15,%,dulieukinhte,D,2026-10-08
2023-12-13,0.15,%,dulieukinhte,D,2026-10-08
2023-12-14,0.16,%,dulieukinhte,D,2026-10-08
2023-12-15,0.15,%,dulieukinhte,D,2026-10-08
2023-12-18,0.15,%,dulieukinhte,D,2026-10-08
2023-12-19,0.16,%,dulieukinhte,D,2026-10-08
2023-12-20,0.18,%,dulieukinhte,D,2026-10-08
2023-12-21,0.18,%,dulieukinhte,D,2026-10-08
2023-12-22,0.25,%,dulieukinhte,D,2026-10-08
2023-12-25,0.74,%,dulieukinhte,D,2026-10-08
2023-12-26,1.02,%,dulieukinhte,D,2026-10-08
2023-12-27,0.79,%,dulieukinhte,D,2026-10-08
2023-12-28,0.51,%,dulieukinhte,D,2026-10-08
2023-12-29,0.51,%,dulieukinhte,D,2026-10-08
2024-01-02,0.95,%,dulieukinhte,D,2026-10-08
2024-01-03,0.45999999999999996,%,dulieukinhte,D,2026-10-08
2024-01-04,0.22999999999999998,%,dulieukinhte,D,2026-10-08
2024-01-05,0.19,%,dulieukinhte,D,2026-10-08
2024-01-08,0.16,%,dulieukinhte,D,2026-10-08
2024-01-09,0.15,%,dulieukinhte,D,2026-10-08
2024-01-10,0.15,%,dulieukinhte,D,2026-10-08
2024-01-11,0.15,%,dulieukinhte,D,2026-10-08
2024-01-12,0.15,%,dulieukinhte,D,2026-10-08
2024-01-15,0.15,%,dulieukinhte,D,2026-10-08
2024-01-16,0.15,%,dulieukinhte,D,2026-10-08
2024-01-17,0.15,%,dulieukinhte,D,2026-10-08
2024-01-18,0.13999999999999999,%,dulieukinhte,D,2026-10-08
2024-01-19,0.13999999999999999,%,dulieukinhte,D,2026-10-08
2024-01-22,0.13,%,dulieukinhte,D,2026-10-08
2024-01-23,0.12,%,dulieukinhte,D,2026-10-08
2024-01-24,0.13,%,dulieukinhte,D,2026-10-08
2024-01-25,0.12,%,dulieukinhte,D,2026-10-08
2024-01-26,0.12,%,dulieukinhte,D,2026-10-08
2024-01-29,0.12,%,dulieukinhte,D,2026-10-08
2024-01-30,0.18,%,dulieukinhte,D,2026-10-08
2024-01-31,0.97,%,dulieukinhte,D,2026-10-08
2024-02-01,1.05,%,dulieukinhte,D,2026-10-08
2024-02-02,1.37,%,dulieukinhte,D,2026-10-08
2024-02-06,2.3800000000000003,%,dulieukinhte,D,2026-10-08
2024-02-07,2.3800000000000003,%,dulieukinhte,D,2026-10-08
2024-02-15,1.31,%,dulieukinhte,D,2026-10-08
2024-02-16,1.04,%,dulieukinhte,D,2026-10-08
2024-02-19,1.41,%,dulieukinhte,D,2026-10-08
2024-02-20,2.15,%,dulieukinhte,D,2026-10-08
2024-02-21,4.14,%,dulieukinhte,D,2026-10-08
2024-02-22,3.85,%,dulieukinhte,D,2026-10-08
2024-02-23,3.66,%,dulieukinhte,D,2026-10-08
2024-02-26,3.54,%,dulieukinhte,D,2026-10-08
2024-02-27,3.32,%,dulieukinhte,D,2026-10-08
2024-02-28,2.4,%,dulieukinhte,D,2026-10-08
2024-02-29,1.46,%,dulieukinhte,D,2026-10-08
2024-03-01,1.47,%,dulieukinhte,D,2026-10-08
2024-03-04,1.48,%,dulieukinhte,D,2026-10-08
2024-03-05,1.49,%,dulieukinhte,D,2026-10-08
2024-03-06,1.49,%,dulieukinhte,D,2026-10-08
2024-03-07,1.17,%,dulieukinhte,D,2026-10-08
2024-03-08,0.77,%,dulieukinhte,D,2026-10-08
2024-03-11,0.76,%,dulieukinhte,D,2026-10-08
2024-03-12,1.47,%,dulieukinhte,D,2026-10-08
2024-03-13,1.47,%,dulieukinhte,D,2026-10-08
2024-03-14,1.21,%,dulieukinhte,D,2026-10-08
2024-03-15,0.79,%,dulieukinhte,D,2026-10-08
2024-03-18,0.5,%,dulieukinhte,D,2026-10-08
2024-03-19,0.22,%,dulieukinhte,D,2026-10-08
2024-03-20,0.16,%,dulieukinhte,D,2026-10-08
2024-03-21,0.13,%,dulieukinhte,D,2026-10-08
2024-03-22,0.13,%,dulieukinhte,D,2026-10-08
2024-03-25,0.27,%,dulieukinhte,D,2026-10-08
2024-03-26,0.32,%,dulieukinhte,D,2026-10-08
2024-03-27,0.27999999999999997,%,dulieukinhte,D,2026-10-08
2024-03-28,0.31,%,dulieukinhte,D,2026-10-08
2024-03-29,2.5100000000000002,%,dulieukinhte,D,2026-10-08
2024-04-01,3.45,%,dulieukinhte,D,2026-10-08
2024-04-02,4.36,%,dulieukinhte,D,2026-10-08
2024-04-03,4.590000000000001,%,dulieukinhte,D,2026-10-08
2024-04-04,3.9,%,dulieukinhte,D,2026-10-08
2024-04-05,2.69,%,dulieukinhte,D,2026-10-08
2024-04-08,2.6599999999999997,%,dulieukinhte,D,2026-10-08
2024-04-09,3.66,%,dulieukinhte,D,2026-10-08
2024-04-10,3.93,%,dulieukinhte,D,2026-10-08
2024-04-11,3.85,%,dulieukinhte,D,2026-10-08
2024-04-12,4.18,%,dulieukinhte,D,2026-10-08
2024-04-15,4.7,%,dulieukinhte,D,2026-10-08
2024-04-16,4.9399999999999995,%,dulieukinhte,D,2026-10-08
2024-04-17,4.95,%,dulieukinhte,D,2026-10-08
2024-04-19,3.93,%,dulieukinhte,D,2026-10-08
2024-04-22,3.8699999999999997,%,dulieukinhte,D,2026-10-08
2024-04-23,4.07,%,dulieukinhte,D,2026-10-08
2024-04-24,4.22,%,dulieukinhte,D,2026-10-08
2024-04-25,4.08,%,dulieukinhte,D,2026-10-08
2024-04-26,4.6,%,dulieukinhte,D,2026-10-08
2024-05-02,4.4799999999999995,%,dulieukinhte,D,2026-10-08
2024-05-03,4.36,%,dulieukinhte,D,2026-10-08
2024-05-06,4.279999999999999,%,dulieukinhte,D,2026-10-08
2024-05-07,4.19,%,dulieukinhte,D,2026-10-08
2024-05-08,4.22,%,dulieukinhte,D,2026-10-08
2024-05-09,4.22,%,dulieukinhte,D,2026-10-08
2024-05-10,4.2299999999999995,%,dulieukinhte,D,2026-10-08
2024-05-13,4.24,%,dulieukinhte,D,2026-10-08
2024-05-14,4.22,%,dulieukinhte,D,2026-10-08
2024-05-15,4.22,%,dulieukinhte,D,2026-10-08
2024-05-16,3.94,%,dulieukinhte,D,2026-10-08
2024-05-17,3.9,%,dulieukinhte,D,2026-10-08
2024-05-20,4.01,%,dulieukinhte,D,2026-10-08
2024-05-21,4.08,%,dulieukinhte,D,2026-10-08
2024-05-22,4.55,%,dulieukinhte,D,2026-10-08
2024-05-23,5.1,%,dulieukinhte,D,2026-10-08
2024-05-24,5.06,%,dulieukinhte,D,2026-10-08
2024-05-27,5.06,%,dulieukinhte,D,2026-10-08
2024-05-28,4.79,%,dulieukinhte,D,2026-10-08
2024-05-29,4.03,%,dulieukinhte,D,2026-10-08
2024-05-30,3.37,%,dulieukinhte,D,2026-10-08
2024-05-31,2.85,%,dulieukinhte,D,2026-10-08
2024-06-03,3.8600000000000003,%,dulieukinhte,D,2026-10-08
2024-06-04,4.01,%,dulieukinhte,D,2026-10-08
2024-06-05,3.9,%,dulieukinhte,D,2026-10-08
2024-06-06,3.9600000000000004,%,dulieukinhte,D,2026-10-08
2024-06-07,4.01,%,dulieukinhte,D,2026-10-08
2024-06-10,4.22,%,dulieukinhte,D,2026-10-08
2024-06-11,4.41,%,dulieukinhte,D,2026-10-08
2024-06-12,4.53,%,dulieukinhte,D,2026-10-08
2024-06-13,4.52,%,dulieukinhte,D,2026-10-08
2024-06-14,4.42,%,dulieukinhte,D,2026-10-08
2024-06-17,4.36,%,dulieukinhte,D,2026-10-08
2024-06-18,4.19,%,dulieukinhte,D,2026-10-08
2024-06-19,3.8699999999999997,%,dulieukinhte,D,2026-10-08
2024-06-20,3.46,%,dulieukinhte,D,2026-10-08
2024-06-21,3.35,%,dulieukinhte,D,2026-10-08
2024-06-24,3.54,%,dulieukinhte,D,2026-10-08
2024-06-25,3.45,%,dulieukinhte,D,2026-10-08
2024-06-26,2.8400000000000003,%,dulieukinhte,D,2026-10-08
2024-06-27,2.8400000000000003,%,dulieukinhte,D,2026-10-08
2024-06-28,4.390000000000001,%,dulieukinhte,D,2026-10-08
2024-07-01,4.760000000000001,%,dulieukinhte,D,2026-10-08
2024-07-02,4.47,%,dulieukinhte,D,2026-10-08
2024-07-03,4.45,%,dulieukinhte,D,2026-10-08
2024-07-04,4.5,%,dulieukinhte,D,2026-10-08
2024-07-05,4.6899999999999995,%,dulieukinhte,D,2026-10-08
2024-07-08,4.83,%,dulieukinhte,D,2026-10-08
2024-07-09,4.9799999999999995,%,dulieukinhte,D,2026-10-08
2024-07-10,4.87,%,dulieukinhte,D,2026-10-08
2024-07-11,4.62,%,dulieukinhte,D,2026-10-08
2024-07-12,4.45,%,dulieukinhte,D,2026-10-08
2024-07-15,4.43,%,dulieukinhte,D,2026-10-08
2024-07-16,4.44,%,dulieukinhte,D,2026-10-08
2024-07-17,4.51,%,dulieukinhte,D,2026-10-08
2024-07-18,4.43,%,dulieukinhte,D,2026-10-08
2024-07-19,4.4799999999999995,%,dulieukinhte,D,2026-10-08
2024-07-22,4.5600000000000005,%,dulieukinhte,D,2026-10-08
2024-07-23,4.6,%,dulieukinhte,D,2026-10-08
2024-07-24,4.77,%,dulieukinhte,D,2026-10-08
2024-07-25,4.859999999999999,%,dulieukinhte,D,2026-10-08
2024-07-26,4.9399999999999995,%,dulieukinhte,D,2026-10-08
2024-07-29,4.93,%,dulieukinhte,D,2026-10-08
2024-07-30,4.75,%,dulieukinhte,D,2026-10-08
2024-07-31,4.37,%,dulieukinhte,D,2026-10-08
2024-08-01,4.6,%,dulieukinhte,D,2026-10-08
2024-08-02,4.6899999999999995,%,dulieukinhte,D,2026-10-08
2024-08-05,4.93,%,dulieukinhte,D,2026-10-08
2024-08-06,4.8500000000000005,%,dulieukinhte,D,2026-10-08
2024-08-07,4.65,%,dulieukinhte,D,2026-10-08
2024-08-08,4.42,%,dulieukinhte,D,2026-10-08
2024-08-09,4.35,%,dulieukinhte,D,2026-10-08
2024-08-12,4.36,%,dulieukinhte,D,2026-10-08
2024-08-13,4.3999999999999995,%,dulieukinhte,D,2026-10-08
2024-08-14,4.45,%,dulieukinhte,D,2026-10-08
2024-08-15,4.52,%,dulieukinhte,D,2026-10-08
2024-08-16,4.58,%,dulieukinhte,D,2026-10-08
2024-08-19,4.569999999999999,%,dulieukinhte,D,2026-10-08
2024-08-20,4.5,%,dulieukinhte,D,2026-10-08
2024-08-21,4.3999999999999995,%,dulieukinhte,D,2026-10-08
2024-08-22,4.38,%,dulieukinhte,D,2026-10-08
2024-08-23,4.42,%,dulieukinhte,D,2026-10-08
2024-08-26,4.5,%,dulieukinhte,D,2026-10-08
2024-08-27,4.66,%,dulieukinhte,D,2026-10-08
2024-08-28,4.3999999999999995,%,dulieukinhte,D,2026-10-08
2024-08-29,4.02,%,dulieukinhte,D,2026-10-08
2024-08-30,4.02,%,dulieukinhte,D,2026-10-08
2024-09-04,4.52,%,dulieukinhte,D,2026-10-08
2024-09-05,4.590000000000001,%,dulieukinhte,D,2026-10-08
2024-09-06,4.590000000000001,%,dulieukinhte,D,2026-10-08
2024-09-09,4.5600000000000005,%,dulieukinhte,D,2026-10-08
2024-09-10,4.42,%,dulieukinhte,D,2026-10-08
2024-09-11,4.130000000000001,%,dulieukinhte,D,2026-10-08
2024-09-12,3.8,%,dulieukinhte,D,2026-10-08
2024-09-13,3.47,%,dulieukinhte,D,2026-10-08
2024-09-16,3.2800000000000002,%,dulieukinhte,D,2026-10-08
2024-09-17,3.2099999999999995,%,dulieukinhte,D,2026-10-08
2024-09-18,3.2199999999999998,%,dulieukinhte,D,2026-10-08
2024-09-19,3.2800000000000002,%,dulieukinhte,D,2026-10-08
2024-09-20,3.56,%,dulieukinhte,D,2026-10-08
2024-09-23,3.91,%,dulieukinhte,D,2026-10-08
2024-09-24,4.22,%,dulieukinhte,D,2026-10-08
2024-09-25,4.22,%,dulieukinhte,D,2026-10-08
2024-09-26,4.22,%,dulieukinhte,D,2026-10-08
2024-09-27,4.2299999999999995,%,dulieukinhte,D,2026-10-08
2024-09-30,4.44,%,dulieukinhte,D,2026-10-08
2024-10-01,4.31,%,dulieukinhte,D,2026-10-08
2024-10-02,4.17,%,dulieukinhte,D,2026-10-08
2024-10-03,3.9600000000000004,%,dulieukinhte,D,2026-10-08
2024-10-04,3.7600000000000002,%,dulieukinhte,D,2026-10-08
2024-10-07,3.58,%,dulieukinhte,D,2026-10-08
2024-10-08,3.49,%,dulieukinhte,D,2026-10-08
2024-10-09,3.39,%,dulieukinhte,D,2026-10-08
2024-10-10,3.3000000000000003,%,dulieukinhte,D,2026-10-08
2024-10-11,3.2099999999999995,%,dulieukinhte,D,2026-10-08
2024-10-14,3.1,%,dulieukinhte,D,2026-10-08
2024-10-15,2.91,%,dulieukinhte,D,2026-10-08
2024-10-16,2.77,%,dulieukinhte,D,2026-10-08
2024-10-17,2.69,%,dulieukinhte,D,2026-10-08
2024-10-18,2.6599999999999997,%,dulieukinhte,D,2026-10-08
2024-10-21,3.91,%,dulieukinhte,D,2026-10-08
2024-10-22,3.9699999999999998,%,dulieukinhte,D,2026-10-08
2024-10-23,3.75,%,dulieukinhte,D,2026-10-08
2024-10-24,3.6799999999999997,%,dulieukinhte,D,2026-10-08
2024-10-25,3.91,%,dulieukinhte,D,2026-10-08
2024-10-28,4.63,%,dulieukinhte,D,2026-10-08
2024-10-29,4.7,%,dulieukinhte,D,2026-10-08
2024-10-30,3.82,%,dulieukinhte,D,2026-10-08
2024-10-31,3.54,%,dulieukinhte,D,2026-10-08
2024-11-01,4.02,%,dulieukinhte,D,2026-10-08
2024-11-04,6.08,%,dulieukinhte,D,2026-10-08
2024-11-05,5.57,%,dulieukinhte,D,2026-10-08
2024-11-06,4.8,%,dulieukinhte,D,2026-10-08
2024-11-07,4.8,%,dulieukinhte,D,2026-10-08
2024-11-08,4.54,%,dulieukinhte,D,2026-10-08
2024-11-11,4.5600000000000005,%,dulieukinhte,D,2026-10-08
2024-11-12,4.72,%,dulieukinhte,D,2026-10-08
2024-11-13,5.42,%,dulieukinhte,D,2026-10-08
2024-11-14,5.680000000000001,%,dulieukinhte,D,2026-10-08
2024-11-15,5.83,%,dulieukinhte,D,2026-10-08
2024-11-18,5.89,%,dulieukinhte,D,2026-10-08
2024-11-19,5.3100000000000005,%,dulieukinhte,D,2026-10-08
2024-11-20,4.19,%,dulieukinhte,D,2026-10-08
2024-11-21,4.06,%,dulieukinhte,D,2026-10-08
2024-11-22,4.58,%,dulieukinhte,D,2026-10-08
2024-11-25,5.47,%,dulieukinhte,D,2026-10-08
2024-11-26,5.43,%,dulieukinhte,D,2026-10-08
2024-11-27,4.41,%,dulieukinhte,D,2026-10-08
2024-11-28,3.25,%,dulieukinhte,D,2026-10-08
2024-11-29,3.11,%,dulieukinhte,D,2026-10-08
2024-12-02,4.17,%,dulieukinhte,D,2026-10-08
2024-12-03,4.18,%,dulieukinhte,D,2026-10-08
2024-12-04,4.15,%,dulieukinhte,D,2026-10-08
2024-12-05,3.9899999999999998,%,dulieukinhte,D,2026-10-08
2024-12-06,4.0,%,dulieukinhte,D,2026-10-08
2024-12-09,4.03,%,dulieukinhte,D,2026-10-08
2024-12-10,4.18,%,dulieukinhte,D,2026-10-08
2024-12-11,4.47,%,dulieukinhte,D,2026-10-08
2024-12-12,4.5,%,dulieukinhte,D,2026-10-08
2024-12-13,4.01,%,dulieukinhte,D,2026-10-08
2024-12-16,3.88,%,dulieukinhte,D,2026-10-08
2024-12-17,3.29,%,dulieukinhte,D,2026-10-08
2024-12-18,2.79,%,dulieukinhte,D,2026-10-08
2024-12-19,2.69,%,dulieukinhte,D,2026-10-08
2024-12-20,3.9899999999999998,%,dulieukinhte,D,2026-10-08
2024-12-23,4.37,%,dulieukinhte,D,2026-10-08
2024-12-24,4.37,%,dulieukinhte,D,2026-10-08
2024-12-25,4.4799999999999995,%,dulieukinhte,D,2026-10-08
2024-12-26,4.569999999999999,%,dulieukinhte,D,2026-10-08
2024-12-27,4.0,%,dulieukinhte,D,2026-10-08
2024-12-30,3.15,%,dulieukinhte,D,2026-10-08
2024-12-31,4.04,%,dulieukinhte,D,2026-10-08
2025-01-02,4.03,%,dulieukinhte,D,2026-10-08
2025-01-03,3.9600000000000004,%,dulieukinhte,D,2026-10-08
2025-01-06,3.84,%,dulieukinhte,D,2026-10-08
2025-01-07,3.7900000000000005,%,dulieukinhte,D,2026-10-08
2025-01-08,3.92,%,dulieukinhte,D,2026-10-08
2025-01-09,4.33,%,dulieukinhte,D,2026-10-08
2025-01-10,4.74,%,dulieukinhte,D,2026-10-08
2025-01-13,4.95,%,dulieukinhte,D,2026-10-08
2025-01-14,4.590000000000001,%,dulieukinhte,D,2026-10-08
2025-01-15,3.94,%,dulieukinhte,D,2026-10-08
2025-01-16,3.8,%,dulieukinhte,D,2026-10-08
2025-01-17,3.9,%,dulieukinhte,D,2026-10-08
2025-01-20,4.77,%,dulieukinhte,D,2026-10-08
2025-01-21,4.19,%,dulieukinhte,D,2026-10-08
2025-01-22,3.83,%,dulieukinhte,D,2026-10-08
2025-01-23,3.92,%,dulieukinhte,D,2026-10-08
2025-01-24,3.92,%,dulieukinhte,D,2026-10-08
2025-02-03,4.75,%,dulieukinhte,D,2026-10-08
2025-02-04,5.7,%,dulieukinhte,D,2026-10-08
2025-02-05,4.7,%,dulieukinhte,D,2026-10-08
2025-02-06,4.33,%,dulieukinhte,D,2026-10-08
2025-02-07,4.38,%,dulieukinhte,D,2026-10-08
2025-02-10,5.54,%,dulieukinhte,D,2026-10-08
2025-02-11,5.52,%,dulieukinhte,D,2026-10-08
2025-02-12,4.569999999999999,%,dulieukinhte,D,2026-10-08
2025-02-13,4.25,%,dulieukinhte,D,2026-10-08
2025-02-14,3.94,%,dulieukinhte,D,2026-10-08
2025-02-17,4.4799999999999995,%,dulieukinhte,D,2026-10-08
2025-02-18,4.64,%,dulieukinhte,D,2026-10-08
2025-02-19,4.3,%,dulieukinhte,D,2026-10-08
2025-02-20,4.08,%,dulieukinhte,D,2026-10-08
2025-02-21,3.9800000000000004,%,dulieukinhte,D,2026-10-08
2025-02-24,4.5,%,dulieukinhte,D,2026-10-08
2025-02-25,4.73,%,dulieukinhte,D,2026-10-08
2025-02-26,4.14,%,dulieukinhte,D,2026-10-08
2025-02-27,3.7900000000000005,%,dulieukinhte,D,2026-10-08
2025-02-28,4.590000000000001,%,dulieukinhte,D,2026-10-08
2025-03-03,4.74,%,dulieukinhte,D,2026-10-08
2025-03-04,4.77,%,dulieukinhte,D,2026-10-08
2025-03-05,4.47,%,dulieukinhte,D,2026-10-08
2025-03-06,3.9800000000000004,%,dulieukinhte,D,2026-10-08
2025-03-07,3.88,%,dulieukinhte,D,2026-10-08
2025-03-10,4.19,%,dulieukinhte,D,2026-10-08
2025-03-11,4.7,%,dulieukinhte,D,2026-10-08
2025-03-12,4.81,%,dulieukinhte,D,2026-10-08
2025-03-13,4.569999999999999,%,dulieukinhte,D,2026-10-08
2025-03-14,4.390000000000001,%,dulieukinhte,D,2026-10-08
2025-03-17,4.26,%,dulieukinhte,D,2026-10-08
2025-03-18,4.18,%,dulieukinhte,D,2026-10-08
2025-03-19,4.05,%,dulieukinhte,D,2026-10-08
2025-03-20,3.9699999999999998,%,dulieukinhte,D,2026-10-08
2025-03-21,4.31,%,dulieukinhte,D,2026-10-08
2025-03-24,4.34,%,dulieukinhte,D,2026-10-08
2025-03-25,4.4799999999999995,%,dulieukinhte,D,2026-10-08
2025-03-26,4.35,%,dulieukinhte,D,2026-10-08
2025-03-27,3.88,%,dulieukinhte,D,2026-10-08
2025-03-28,3.53,%,dulieukinhte,D,2026-10-08
2025-03-31,4.61,%,dulieukinhte,D,2026-10-08
2025-04-01,4.5600000000000005,%,dulieukinhte,D,2026-10-08
2025-04-02,4.02,%,dulieukinhte,D,2026-10-08
2025-04-03,3.9899999999999998,%,dulieukinhte,D,2026-10-08
2025-04-04,3.9899999999999998,%,dulieukinhte,D,2026-10-08
2025-04-08,4.21,%,dulieukinhte,D,2026-10-08
2025-04-09,4.21,%,dulieukinhte,D,2026-10-08
2025-04-10,4.06,%,dulieukinhte,D,2026-10-08
2025-04-14,4.06,%,dulieukinhte,D,2026-10-08
2025-04-15,4.02,%,dulieukinhte,D,2026-10-08
2025-04-16,4.03,%,dulieukinhte,D,2026-10-08
2025-04-17,4.07,%,dulieukinhte,D,2026-10-08
2025-04-18,4.1000000000000005,%,dulieukinhte,D,2026-10-08
2025-04-21,4.4799999999999995,%,dulieukinhte,D,2026-10-08
2025-04-22,4.6899999999999995,%,dulieukinhte,D,2026-10-08
2025-04-23,3.95,%,dulieukinhte,D,2026-10-08
2025-04-24,3.3099999999999996,%,dulieukinhte,D,2026-10-08
2025-04-25,2.46,%,dulieukinhte,D,2026-10-08
2025-04-28,2.54,%,dulieukinhte,D,2026-10-08
2025-05-05,4.130000000000001,%,dulieukinhte,D,2026-10-08
2025-05-06,4.14,%,dulieukinhte,D,2026-10-08
2025-05-07,4.03,%,dulieukinhte,D,2026-10-08
2025-05-08,3.9600000000000004,%,dulieukinhte,D,2026-10-08
2025-05-09,4.09,%,dulieukinhte,D,2026-10-08
2025-05-12,4.09,%,dulieukinhte,D,2026-10-08
2025-05-13,4.03,%,dulieukinhte,D,2026-10-08
2025-05-14,3.93,%,dulieukinhte,D,2026-10-08
2025-05-15,3.92,%,dulieukinhte,D,2026-10-08
2025-05-16,3.7800000000000002,%,dulieukinhte,D,2026-10-08
2025-05-19,3.71,%,dulieukinhte,D,2026-10-08
2025-05-20,3.63,%,dulieukinhte,D,2026-10-08
2025-05-21,3.5999999999999996,%,dulieukinhte,D,2026-10-08
2025-05-22,3.8600000000000003,%,dulieukinhte,D,2026-10-08
2025-05-23,3.92,%,dulieukinhte,D,2026-10-08
2025-05-26,3.94,%,dulieukinhte,D,2026-10-08
2025-05-27,4.12,%,dulieukinhte,D,2026-10-08
2025-05-28,4.08,%,dulieukinhte,D,2026-10-08
2025-05-29,3.65,%,dulieukinhte,D,2026-10-08
2025-05-30,3.1,%,dulieukinhte,D,2026-10-08
2025-06-02,3.8,%,dulieukinhte,D,2026-10-08
2025-06-03,3.63,%,dulieukinhte,D,2026-10-08
2025-06-04,3.19,%,dulieukinhte,D,2026-10-08
2025-06-05,3.06,%,dulieukinhte,D,2026-10-08
2025-06-06,2.82,%,dulieukinhte,D,2026-10-08
2025-06-09,2.83,%,dulieukinhte,D,2026-10-08
2025-06-10,2.83,%,dulieukinhte,D,2026-10-08
2025-06-11,3.2399999999999998,%,dulieukinhte,D,2026-10-08
2025-06-12,4.04,%,dulieukinhte,D,2026-10-08
2025-06-13,3.7199999999999998,%,dulieukinhte,D,2026-10-08
2025-06-16,3.1300000000000003,%,dulieukinhte,D,2026-10-08
2025-06-17,2.48,%,dulieukinhte,D,2026-10-08
2025-06-18,2.0,%,dulieukinhte,D,2026-10-08
2025-06-19,1.67,%,dulieukinhte,D,2026-10-08
2025-06-20,1.83,%,dulieukinhte,D,2026-10-08
2025-06-23,1.6199999999999999,%,dulieukinhte,D,2026-10-08
2025-06-24,1.6199999999999999,%,dulieukinhte,D,2026-10-08
2025-06-25,3.3099999999999996,%,dulieukinhte,D,2026-10-08
2025-06-26,4.37,%,dulieukinhte,D,2026-10-08
2025-06-27,4.859999999999999,%,dulieukinhte,D,2026-10-08
2025-06-30,6.45,%,dulieukinhte,D,2026-10-08
2025-07-01,4.84,%,dulieukinhte,D,2026-10-08
2025-07-02,3.81,%,dulieukinhte,D,2026-10-08
2025-07-03,3.91,%,dulieukinhte,D,2026-10-08
2025-07-04,4.08,%,dulieukinhte,D,2026-10-08
2025-07-07,4.25,%,dulieukinhte,D,2026-10-08
2025-07-08,4.4799999999999995,%,dulieukinhte,D,2026-10-08
2025-07-09,4.65,%,dulieukinhte,D,2026-10-08
2025-07-10,4.6899999999999995,%,dulieukinhte,D,2026-10-08
2025-07-11,4.65,%,dulieukinhte,D,2026-10-08
2025-07-14,4.68,%,dulieukinhte,D,2026-10-08
2025-07-15,4.78,%,dulieukinhte,D,2026-10-08
2025-07-16,5.09,%,dulieukinhte,D,2026-10-08
2025-07-17,5.17,%,dulieukinhte,D,2026-10-08
2025-07-18,5.01,%,dulieukinhte,D,2026-10-08
2025-07-21,4.93,%,dulieukinhte,D,2026-10-08
2025-07-22,5.04,%,dulieukinhte,D,2026-10-08
2025-07-23,5.26,%,dulieukinhte,D,2026-10-08
2025-07-24,5.949999999999999,%,dulieukinhte,D,2026-10-08
2025-07-25,6.5,%,dulieukinhte,D,2026-10-08
2025-07-28,5.8500000000000005,%,dulieukinhte,D,2026-10-08
2025-07-29,4.33,%,dulieukinhte,D,2026-10-08
2025-07-30,3.6700000000000004,%,dulieukinhte,D,2026-10-08
2025-07-31,3.35,%,dulieukinhte,D,2026-10-08
2025-08-01,5.36,%,dulieukinhte,D,2026-10-08
2025-08-04,5.220000000000001,%,dulieukinhte,D,2026-10-08
2025-08-05,5.48,%,dulieukinhte,D,2026-10-08
2025-08-06,5.48,%,dulieukinhte,D,2026-10-08
2025-08-07,6.6000000000000005,%,dulieukinhte,D,2026-10-08
2025-08-08,6.25,%,dulieukinhte,D,2026-10-08
2025-08-11,5.7700000000000005,%,dulieukinhte,D,2026-10-08
2025-08-12,5.0200000000000005,%,dulieukinhte,D,2026-10-08
2025-08-13,4.15,%,dulieukinhte,D,2026-10-08
2025-08-14,3.88,%,dulieukinhte,D,2026-10-08
2025-08-15,4.49,%,dulieukinhte,D,2026-10-08
2025-08-18,4.46,%,dulieukinhte,D,2026-10-08
2025-08-19,3.88,%,dulieukinhte,D,2026-10-08
2025-08-20,3.7800000000000002,%,dulieukinhte,D,2026-10-08
2025-08-21,4.47,%,dulieukinhte,D,2026-10-08
2025-08-22,4.760000000000001,%,dulieukinhte,D,2026-10-08
2025-08-25,4.89,%,dulieukinhte,D,2026-10-08
2025-08-26,3.94,%,dulieukinhte,D,2026-10-08
2025-08-27,3.42,%,dulieukinhte,D,2026-10-08
2025-08-28,2.03,%,dulieukinhte,D,2026-10-08
2025-08-29,2.03,%,dulieukinhte,D,2026-10-08
2025-09-03,4.99,%,dulieukinhte,D,2026-10-08
2025-09-04,4.7,%,dulieukinhte,D,2026-10-08
2025-09-05,3.94,%,dulieukinhte,D,2026-10-08
2025-09-08,4.3999999999999995,%,dulieukinhte,D,2026-10-08
2025-09-09,4.19,%,dulieukinhte,D,2026-10-08
2025-09-10,4.01,%,dulieukinhte,D,2026-10-08
2025-09-11,4.07,%,dulieukinhte,D,2026-10-08
2025-09-12,4.12,%,dulieukinhte,D,2026-10-08
2025-09-15,4.17,%,dulieukinhte,D,2026-10-08
2025-09-16,4.51,%,dulieukinhte,D,2026-10-08
2025-09-17,4.54,%,dulieukinhte,D,2026-10-08
2025-09-18,4.14,%,dulieukinhte,D,2026-10-08
2025-09-19,3.8899999999999997,%,dulieukinhte,D,2026-10-08
2025-09-22,3.7900000000000005,%,dulieukinhte,D,2026-10-08
2025-09-23,3.91,%,dulieukinhte,D,2026-10-08
2025-09-24,4.26,%,dulieukinhte,D,2026-10-08
2025-09-25,4.569999999999999,%,dulieukinhte,D,2026-10-08
2025-09-26,4.38,%,dulieukinhte,D,2026-10-08
2025-09-29,3.81,%,dulieukinhte,D,2026-10-08
2025-09-30,4.38,%,dulieukinhte,D,2026-10-08
2025-10-01,4.51,%,dulieukinhte,D,2026-10-08
2025-10-02,4.390000000000001,%,dulieukinhte,D,2026-10-08
2025-10-03,4.2700000000000005,%,dulieukinhte,D,2026-10-08
2025-10-06,4.36,%,dulieukinhte,D,2026-10-08
2025-10-07,4.68,%,dulieukinhte,D,2026-10-08
2025-10-08,4.97,%,dulieukinhte,D,2026-10-08
2025-10-09,5.1,%,dulieukinhte,D,2026-10-08
2025-10-10,4.79,%,dulieukinhte,D,2026-10-08
2025-10-13,4.73,%,dulieukinhte,D,2026-10-08
2025-10-14,4.82,%,dulieukinhte,D,2026-10-08
2025-10-15,5.0,%,dulieukinhte,D,2026-10-08
2025-10-16,5.75,%,dulieukinhte,D,2026-10-08
2025-10-17,5.36,%,dulieukinhte,D,2026-10-08
2025-10-20,4.97,%,dulieukinhte,D,2026-10-08
2025-10-21,5.19,%,dulieukinhte,D,2026-10-08
2025-10-22,6.16,%,dulieukinhte,D,2026-10-08
2025-10-23,5.81,%,dulieukinhte,D,2026-10-08
2025-10-24,5.82,%,dulieukinhte,D,2026-10-08
2025-10-27,5.87,%,dulieukinhte,D,2026-10-08
2025-10-28,5.36,%,dulieukinhte,D,2026-10-08
2025-10-29,4.17,%,dulieukinhte,D,2026-10-08
2025-10-30,3.2,%,dulieukinhte,D,2026-10-08
2025-10-31,4.45,%,dulieukinhte,D,2026-10-08
2025-11-03,5.38,%,dulieukinhte,D,2026-10-08
2025-11-04,5.609999999999999,%,dulieukinhte,D,2026-10-08
2025-11-05,5.92,%,dulieukinhte,D,2026-10-08
2025-11-06,5.970000000000001,%,dulieukinhte,D,2026-10-08
2025-11-07,5.82,%,dulieukinhte,D,2026-10-08
2025-11-10,5.93,%,dulieukinhte,D,2026-10-08
2025-11-11,6.1,%,dulieukinhte,D,2026-10-08
2025-11-12,6.01,%,dulieukinhte,D,2026-10-08
2025-11-13,5.4,%,dulieukinhte,D,2026-10-08
2025-11-14,4.51,%,dulieukinhte,D,2026-10-08
2025-11-17,4.58,%,dulieukinhte,D,2026-10-08
2025-11-18,4.3999999999999995,%,dulieukinhte,D,2026-10-08
2025-11-19,4.08,%,dulieukinhte,D,2026-10-08
2025-11-20,4.18,%,dulieukinhte,D,2026-10-08
2025-11-21,4.38,%,dulieukinhte,D,2026-10-08
2025-11-24,5.76,%,dulieukinhte,D,2026-10-08
2025-11-25,6.4399999999999995,%,dulieukinhte,D,2026-10-08
2025-11-26,5.74,%,dulieukinhte,D,2026-10-08
2025-11-27,5.41,%,dulieukinhte,D,2026-10-08
2025-11-28,5.4,%,dulieukinhte,D,2026-10-08
2025-12-01,7.07,%,dulieukinhte,D,2026-10-08
2025-12-02,7.4399999999999995,%,dulieukinhte,D,2026-10-08
2025-12-03,7.48,%,dulieukinhte,D,2026-10-08
2025-12-04,6.88,%,dulieukinhte,D,2026-10-08
2025-12-05,7.37,%,dulieukinhte,D,2026-10-08
2025-12-08,7.489999999999999,%,dulieukinhte,D,2026-10-08
2025-12-09,7.48,%,dulieukinhte,D,2026-10-08
2025-12-10,7.33,%,dulieukinhte,D,2026-10-08
2025-12-11,7.37,%,dulieukinhte,D,2026-10-08
2025-12-12,7.08,%,dulieukinhte,D,2026-10-08
2025-12-15,6.32,%,dulieukinhte,D,2026-10-08
2025-12-16,5.26,%,dulieukinhte,D,2026-10-08
2025-12-17,4.4799999999999995,%,dulieukinhte,D,2026-10-08
2025-12-18,4.58,%,dulieukinhte,D,2026-10-08
2025-12-19,5.67,%,dulieukinhte,D,2026-10-08
2025-12-22,6.72,%,dulieukinhte,D,2026-10-08
2025-12-23,6.4399999999999995,%,dulieukinhte,D,2026-10-08
2025-12-24,6.3100000000000005,%,dulieukinhte,D,2026-10-08
2025-12-25,5.47,%,dulieukinhte,D,2026-10-08
2025-12-26,4.31,%,dulieukinhte,D,2026-10-08
2025-12-29,3.29,%,dulieukinhte,D,2026-10-08
2025-12-30,1.77,%,dulieukinhte,D,2026-10-08
2025-12-31,1.77,%,dulieukinhte,D,2026-10-08
2026-01-05,6.88,%,dulieukinhte,D,2026-10-08
2026-01-06,5.65,%,dulieukinhte,D,2026-10-08
2026-01-07,4.66,%,dulieukinhte,D,2026-10-08
2026-01-08,3.63,%,dulieukinhte,D,2026-10-08
2026-01-09,3.08,%,dulieukinhte,D,2026-10-08
2026-01-12,3.9899999999999998,%,dulieukinhte,D,2026-10-08
2026-01-13,3.9699999999999998,%,dulieukinhte,D,2026-10-08
2026-01-14,4.109999999999999,%,dulieukinhte,D,2026-10-08
2026-01-15,4.17,%,dulieukinhte,D,2026-10-08
2026-01-16,3.7900000000000005,%,dulieukinhte,D,2026-10-08
2026-01-19,3.37,%,dulieukinhte,D,2026-10-08
2026-01-20,2.8400000000000003,%,dulieukinhte,D,2026-10-08
2026-01-21,2.78,%,dulieukinhte,D,2026-10-08
2026-01-22,2.81,%,dulieukinhte,D,2026-10-08
2026-01-23,4.5600000000000005,%,dulieukinhte,D,2026-10-08
2026-01-26,5.55,%,dulieukinhte,D,2026-10-08
2026-01-27,5.92,%,dulieukinhte,D,2026-10-08
2026-01-28,6.0600000000000005,%,dulieukinhte,D,2026-10-08
2026-01-29,4.1000000000000005,%,dulieukinhte,D,2026-10-08
2026-01-30,5.09,%,dulieukinhte,D,2026-10-08
2026-02-02,9.120000000000001,%,dulieukinhte,D,2026-10-08
2026-02-03,16.39,%,dulieukinhte,D,2026-10-08
2026-02-04,10.190000000000001,%,dulieukinhte,D,2026-10-08
2026-02-05,8.6,%,dulieukinhte,D,2026-10-08
2026-02-06,9.92,%,dulieukinhte,D,2026-10-08
2026-02-09,9.19,%,dulieukinhte,D,2026-10-08
2026-02-10,8.51,%,dulieukinhte,D,2026-10-08
2026-02-11,4.279999999999999,%,dulieukinhte,D,2026-10-08
2026-02-12,3.7600000000000002,%,dulieukinhte,D,2026-10-08
2026-02-13,3.7600000000000002,%,dulieukinhte,D,2026-10-08
2026-02-23,6.39,%,dulieukinhte,D,2026-10-08
2026-02-24,4.47,%,dulieukinhte,D,2026-10-08
2026-02-25,3.6700000000000004,%,dulieukinhte,D,2026-10-08
2026-02-26,2.83,%,dulieukinhte,D,2026-10-08
2026-02-27,4.7,%,dulieukinhte,D,2026-10-08
2026-03-02,11.21,%,dulieukinhte,D,2026-10-08
2026-03-03,10.11,%,dulieukinhte,D,2026-10-08
2026-03-04,10.620000000000001,%,dulieukinhte,D,2026-10-08
2026-03-05,5.74,%,dulieukinhte,D,2026-10-08
2026-03-06,4.61,%,dulieukinhte,D,2026-10-08
2026-03-09,6.01,%,dulieukinhte,D,2026-10-08
2026-03-10,5.75,%,dulieukinhte,D,2026-10-08
2026-03-11,4.5600000000000005,%,dulieukinhte,D,2026-10-08
2026-03-12,4.24,%,dulieukinhte,D,2026-10-08
2026-03-13,4.0,%,dulieukinhte,D,2026-10-08
2026-03-16,3.9600000000000004,%,dulieukinhte,D,2026-10-08
2026-03-17,4.47,%,dulieukinhte,D,2026-10-08
2026-03-18,4.5600000000000005,%,dulieukinhte,D,2026-10-08
2026-03-19,4.6,%,dulieukinhte,D,2026-10-08
2026-03-20,4.2,%,dulieukinhte,D,2026-10-08
2026-03-23,5.38,%,dulieukinhte,D,2026-10-08
2026-03-24,8.05,%,dulieukinhte,D,2026-10-08
2026-03-25,6.859999999999999,%,dulieukinhte,D,2026-10-08
2026-03-26,4.53,%,dulieukinhte,D,2026-10-08
2026-03-27,4.63,%,dulieukinhte,D,2026-10-08
2026-03-30,11.42,%,dulieukinhte,D,2026-10-08
2026-03-31,9.569999999999999,%,dulieukinhte,D,2026-10-08
2026-04-01,8.81,%,dulieukinhte,D,2026-10-08
2026-04-02,8.690000000000001,%,dulieukinhte,D,2026-10-08
2026-04-03,6.29,%,dulieukinhte,D,2026-10-08
2026-04-06,8.58,%,dulieukinhte,D,2026-10-08
2026-04-07,5.57,%,dulieukinhte,D,2026-10-08
2026-04-08,4.67,%,dulieukinhte,D,2026-10-08
2026-04-09,5.79,%,dulieukinhte,D,2026-10-08
2026-04-10,5.94,%,dulieukinhte,D,2026-10-08
2026-04-13,6.03,%,dulieukinhte,D,2026-10-08
2026-04-14,4.83,%,dulieukinhte,D,2026-10-08
2026-04-15,3.84,%,dulieukinhte,D,2026-10-08
2026-04-16,3.88,%,dulieukinhte,D,2026-10-08
2026-04-17,3.9800000000000004,%,dulieukinhte,D,2026-10-08
2026-04-20,4.279999999999999,%,dulieukinhte,D,2026-10-08
2026-04-21,5.82,%,dulieukinhte,D,2026-10-08
2026-04-22,5.79,%,dulieukinhte,D,2026-10-08
2026-04-23,4.38,%,dulieukinhte,D,2026-10-08
2026-04-24,4.38,%,dulieukinhte,D,2026-10-08
2026-04-28,3.88,%,dulieukinhte,D,2026-10-08
2026-04-29,3.88,%,dulieukinhte,D,2026-10-08
2026-05-04,6.619999999999999,%,dulieukinhte,D,2026-10-08
2026-05-05,7.049999999999999,%,dulieukinhte,D,2026-10-08
2026-05-06,6.18,%,dulieukinhte,D,2026-10-08
2026-05-07,5.72,%,dulieukinhte,D,2026-10-08
2026-05-08,4.99,%,dulieukinhte,D,2026-10-08
2026-05-11,5.1499999999999995,%,dulieukinhte,D,2026-10-08
2026-05-12,6.329999999999999,%,dulieukinhte,D,2026-10-08
2026-05-13,6.32,%,dulieukinhte,D,2026-10-08
2026-05-14,6.05,%,dulieukinhte,D,2026-10-08
2026-05-15,5.25,%,dulieukinhte,D,2026-10-08
2026-05-18,5.72,%,dulieukinhte,D,2026-10-08
2026-05-19,6.2,%,dulieukinhte,D,2026-10-08
2026-05-20,6.01,%,dulieukinhte,D,2026-10-08
2026-05-21,5.52,%,dulieukinhte,D,2026-10-08
2026-05-22,6.569999999999999,%,dulieukinhte,D,2026-10-08
2026-05-25,6.97,%,dulieukinhte,D,2026-10-08
2026-05-26,7.68,%,dulieukinhte,D,2026-10-08
2026-05-27,7.8,%,dulieukinhte,D,2026-10-08
2026-05-28,6.959999999999999,%,dulieukinhte,D,2026-10-08
2026-05-29,6.97,%,dulieukinhte,D,2026-10-08
2026-06-01,10.66,%,dulieukinhte,D,2026-10-08
2026-06-02,6.54,%,dulieukinhte,D,2026-10-08
2026-06-03,5.48,%,dulieukinhte,D,2026-10-08
2026-06-04,5.27,%,dulieukinhte,D,2026-10-08
2026-06-05,6.13,%,dulieukinhte,D,2026-10-08
2026-06-08,9.35,%,dulieukinhte,D,2026-10-08
2026-06-09,5.779999999999999,%,dulieukinhte,D,2026-10-08
2026-06-10,4.8500000000000005,%,dulieukinhte,D,2026-10-08
2026-06-11,4.34,%,dulieukinhte,D,2026-10-08
2026-06-12,3.51,%,dulieukinhte,D,2026-10-08
2026-06-15,3.52,%,dulieukinhte,D,2026-10-08
2026-06-16,3.85,%,dulieukinhte,D,2026-10-08
2026-06-17,3.6999999999999997,%,dulieukinhte,D,2026-10-08
2026-06-18,4.03,%,dulieukinhte,D,2026-10-08
2026-06-19,4.41,%,dulieukinhte,D,2026-10-08
2026-06-22,6.2,%,dulieukinhte,D,2026-10-08
2026-06-23,5.21,%,dulieukinhte,D,2026-10-08
2026-06-24,3.7900000000000005,%,dulieukinhte,D,2026-10-08
2026-06-25,3.16,%,dulieukinhte,D,2026-10-08
2026-06-26,2.91,%,dulieukinhte,D,2026-10-08
2026-06-29,3.73,%,dulieukinhte,D,2026-10-08
2026-06-30,12.49,%,dulieukinhte,D,2026-10-08
2026-07-01,5.949999999999999,%,dulieukinhte,D,2026-10-08
2026-07-02,6.619999999999999,%,dulieukinhte,D,2026-10-08
2026-07-03,5.67,%,dulieukinhte,D,2026-10-08
2026-07-06,6.01,%,dulieukinhte,D,2026-10-08
2026-07-07,5.84,%,dulieukinhte,D,2026-10-08
2026-07-08,5.28,%,dulieukinhte,D,2026-10-08
2026-07-09,4.68,%,dulieukinhte,D,2026-10-08
2026-07-10,4.279999999999999,%,dulieukinhte,D,2026-10-08
2026-07-13,4.19,%,dulieukinhte,D,2026-10-08
2026-07-14,4.18,%,dulieukinhte,D,2026-10-08
2026-07-15,4.16,%,dulieukinhte,D,2026-10-08
2026-07-16,4.109999999999999,%,dulieukinhte,D,2026-10-08
2026-07-17,3.8699999999999997,%,dulieukinhte,D,2026-10-08
2026-07-20,3.6799999999999997,%,dulieukinhte,D,2026-10-08
2026-07-21,3.54,%,dulieukinhte,D,2026-10-08
2026-07-22,3.3300000000000005,%,dulieukinhte,D,2026-10-08
2026-07-23,2.97,%,dulieukinhte,D,2026-10-08
2026-07-24,2.4299999999999997,%,dulieukinhte,D,2026-10-08
2026-07-27,2.37,%,dulieukinhte,D,2026-10-08
2026-07-28,2.17,%,dulieukinhte,D,2026-10-08
2026-07-29,1.3299999999999998,%,dulieukinhte,D,2026-10-08
2026-07-30,0.75,%,dulieukinhte,D,2026-10-08
2026-07-31,5.72,%,dulieukinhte,D,2026-10-08
