date,value,unit,source,frequency,vintage_date
2016-01-04,4.55,điểm %,Tính toán,D,2026-10-10
2016-01-05,4.449999999999999,điểm %,Tính toán,D,2026-10-10
2016-01-06,4.51,điểm %,Tính toán,D,2026-10-10
2016-01-07,4.4799999999999995,điểm %,Tính toán,D,2026-10-10
2016-01-08,4.35,điểm %,Tính toán,D,2026-10-10
2016-01-11,4.3,điểm %,Tính toán,D,2026-10-10
2016-01-12,4.319999999999999,điểm %,Tính toán,D,2026-10-10
2016-01-13,4.29,điểm %,Tính toán,D,2026-10-10
2016-01-14,4.35,điểm %,Tính toán,D,2026-10-10
2016-01-18,4.279999999999999,điểm %,Tính toán,D,2026-10-10
2016-01-19,4.37,điểm %,Tính toán,D,2026-10-10
2016-01-20,4.3999999999999995,điểm %,Tính toán,D,2026-10-10
2016-01-21,4.38,điểm %,Tính toán,D,2026-10-10
2016-01-22,4.44,điểm %,Tính toán,D,2026-10-10
2016-01-25,4.59,điểm %,Tính toán,D,2026-10-10
2016-01-26,4.66,điểm %,Tính toán,D,2026-10-10
2016-01-27,4.66,điểm %,Tính toán,D,2026-10-10
2016-01-28,4.71,điểm %,Tính toán,D,2026-10-10
2016-01-29,5.06,điểm %,Tính toán,D,2026-10-10
2016-02-01,5.0,điểm %,Tính toán,D,2026-10-10
2016-02-02,5.29,điểm %,Tính toán,D,2026-10-10
2016-02-03,5.18,điểm %,Tính toán,D,2026-10-10
2016-02-04,5.2299999999999995,điểm %,Tính toán,D,2026-10-10
2016-02-16,4.34,điểm %,Tính toán,D,2026-10-10
2016-02-17,3.51,điểm %,Tính toán,D,2026-10-10
2016-02-18,2.86,điểm %,Tính toán,D,2026-10-10
2016-02-19,2.0000000000000004,điểm %,Tính toán,D,2026-10-10
2016-02-22,1.7599999999999998,điểm %,Tính toán,D,2026-10-10
2016-02-23,1.42,điểm %,Tính toán,D,2026-10-10
2016-02-24,1.42,điểm %,Tính toán,D,2026-10-10
2016-02-25,1.2200000000000002,điểm %,Tính toán,D,2026-10-10
2016-02-26,0.9400000000000001,điểm %,Tính toán,D,2026-10-10
2016-02-29,0.9299999999999999,điểm %,Tính toán,D,2026-10-10
2016-03-01,2.04,điểm %,Tính toán,D,2026-10-10
2016-03-02,2.47,điểm %,Tính toán,D,2026-10-10
2016-03-03,2.88,điểm %,Tính toán,D,2026-10-10
2016-03-04,3.6999999999999997,điểm %,Tính toán,D,2026-10-10
2016-03-07,4.25,điểm %,Tính toán,D,2026-10-10
2016-03-08,4.4,điểm %,Tính toán,D,2026-10-10
2016-03-09,4.31,điểm %,Tính toán,D,2026-10-10
2016-03-10,4.069999999999999,điểm %,Tính toán,D,2026-10-10
2016-03-11,3.8300000000000005,điểm %,Tính toán,D,2026-10-10
2016-03-14,3.8699999999999997,điểm %,Tính toán,D,2026-10-10
2016-03-15,3.92,điểm %,Tính toán,D,2026-10-10
2016-03-16,3.9299999999999997,điểm %,Tính toán,D,2026-10-10
2016-03-17,3.3299999999999996,điểm %,Tính toán,D,2026-10-10
2016-03-18,3.3200000000000003,điểm %,Tính toán,D,2026-10-10
2016-03-21,3.26,điểm %,Tính toán,D,2026-10-10
2016-03-22,3.34,điểm %,Tính toán,D,2026-10-10
2016-03-23,2.9600000000000004,điểm %,Tính toán,D,2026-10-10
2016-03-24,2.59,điểm %,Tính toán,D,2026-10-10
2016-03-25,2.51,điểm %,Tính toán,D,2026-10-10
2016-03-28,2.4899999999999998,điểm %,Tính toán,D,2026-10-10
2016-03-29,2.6,điểm %,Tính toán,D,2026-10-10
2016-03-30,2.7,điểm %,Tính toán,D,2026-10-10
2016-03-31,3.4499999999999997,điểm %,Tính toán,D,2026-10-10
2016-04-01,3.66,điểm %,Tính toán,D,2026-10-10
2016-04-04,3.9799999999999995,điểm %,Tính toán,D,2026-10-10
2016-04-05,3.96,điểm %,Tính toán,D,2026-10-10
2016-04-06,4.1,điểm %,Tính toán,D,2026-10-10
2016-04-08,4.37,điểm %,Tính toán,D,2026-10-10
2016-04-12,4.489999999999999,điểm %,Tính toán,D,2026-10-10
2016-04-15,4.28,điểm %,Tính toán,D,2026-10-10
2016-04-19,4.33,điểm %,Tính toán,D,2026-10-10
2016-04-21,4.489999999999999,điểm %,Tính toán,D,2026-10-10
2016-04-22,4.43,điểm %,Tính toán,D,2026-10-10
2016-04-25,4.12,điểm %,Tính toán,D,2026-10-10
2016-04-28,1.7199999999999998,điểm %,Tính toán,D,2026-10-10
2016-04-29,3.5,điểm %,Tính toán,D,2026-10-10
2016-05-05,3.8,điểm %,Tính toán,D,2026-10-10
2016-05-06,3.67,điểm %,Tính toán,D,2026-10-10
2016-05-09,3.2399999999999998,điểm %,Tính toán,D,2026-10-10
2016-05-10,2.7,điểm %,Tính toán,D,2026-10-10
2016-05-11,2.5300000000000002,điểm %,Tính toán,D,2026-10-10
2016-05-13,2.08,điểm %,Tính toán,D,2026-10-10
2016-05-19,0.6,điểm %,Tính toán,D,2026-10-10
2016-05-20,0.45999999999999996,điểm %,Tính toán,D,2026-10-10
2016-05-23,0.45000000000000007,điểm %,Tính toán,D,2026-10-10
2016-05-24,0.37,điểm %,Tính toán,D,2026-10-10
2016-05-26,0.22999999999999998,điểm %,Tính toán,D,2026-10-10
2016-05-27,0.14,điểm %,Tính toán,D,2026-10-10
2016-05-30,0.36,điểm %,Tính toán,D,2026-10-10
2016-05-31,0.48999999999999994,điểm %,Tính toán,D,2026-10-10
2016-06-02,1.2399999999999998,điểm %,Tính toán,D,2026-10-10
2016-06-03,1.6399999999999997,điểm %,Tính toán,D,2026-10-10
2016-06-06,1.7799999999999998,điểm %,Tính toán,D,2026-10-10
2016-06-07,1.3399999999999999,điểm %,Tính toán,D,2026-10-10
2016-06-08,0.7899999999999999,điểm %,Tính toán,D,2026-10-10
2016-06-09,0.4099999999999999,điểm %,Tính toán,D,2026-10-10
2016-06-10,0.92,điểm %,Tính toán,D,2026-10-10
2016-06-13,1.06,điểm %,Tính toán,D,2026-10-10
2016-06-14,0.9899999999999999,điểm %,Tính toán,D,2026-10-10
2016-06-15,0.9,điểm %,Tính toán,D,2026-10-10
2016-06-16,0.63,điểm %,Tính toán,D,2026-10-10
2016-06-17,0.5399999999999999,điểm %,Tính toán,D,2026-10-10
2016-06-20,0.7999999999999999,điểm %,Tính toán,D,2026-10-10
2016-06-21,0.67,điểm %,Tính toán,D,2026-10-10
2016-06-22,0.58,điểm %,Tính toán,D,2026-10-10
2016-06-23,0.49,điểm %,Tính toán,D,2026-10-10
2016-06-24,0.42999999999999994,điểm %,Tính toán,D,2026-10-10
2016-06-27,0.8500000000000001,điểm %,Tính toán,D,2026-10-10
2016-06-28,0.9000000000000001,điểm %,Tính toán,D,2026-10-10
2016-06-30,0.9199999999999999,điểm %,Tính toán,D,2026-10-10
2016-07-01,1.16,điểm %,Tính toán,D,2026-10-10
2016-07-04,1.0400000000000003,điểm %,Tính toán,D,2026-10-10
2016-07-05,0.9500000000000001,điểm %,Tính toán,D,2026-10-10
2016-07-06,0.7299999999999999,điểm %,Tính toán,D,2026-10-10
2016-07-07,0.5499999999999999,điểm %,Tính toán,D,2026-10-10
2016-07-08,0.58,điểm %,Tính toán,D,2026-10-10
2016-07-11,0.57,điểm %,Tính toán,D,2026-10-10
2016-07-12,0.62,điểm %,Tính toán,D,2026-10-10
2016-07-13,0.58,điểm %,Tính toán,D,2026-10-10
2016-07-14,0.63,điểm %,Tính toán,D,2026-10-10
2016-07-15,0.63,điểm %,Tính toán,D,2026-10-10
2016-07-18,0.64,điểm %,Tính toán,D,2026-10-10
2016-07-19,0.6900000000000001,điểm %,Tính toán,D,2026-10-10
2016-07-20,0.7299999999999999,điểm %,Tính toán,D,2026-10-10
2016-07-21,0.7499999999999999,điểm %,Tính toán,D,2026-10-10
2016-07-22,0.7499999999999999,điểm %,Tính toán,D,2026-10-10
2016-07-25,0.7999999999999999,điểm %,Tính toán,D,2026-10-10
2016-07-26,0.7699999999999999,điểm %,Tính toán,D,2026-10-10
2016-07-27,0.7400000000000001,điểm %,Tính toán,D,2026-10-10
2016-07-28,0.6699999999999998,điểm %,Tính toán,D,2026-10-10
2016-07-29,0.98,điểm %,Tính toán,D,2026-10-10
2016-08-01,1.0899999999999999,điểm %,Tính toán,D,2026-10-10
2016-08-02,0.9700000000000001,điểm %,Tính toán,D,2026-10-10
2016-08-03,0.84,điểm %,Tính toán,D,2026-10-10
2016-08-04,0.7900000000000001,điểm %,Tính toán,D,2026-10-10
2016-08-05,0.7499999999999999,điểm %,Tính toán,D,2026-10-10
2016-08-08,0.7400000000000001,điểm %,Tính toán,D,2026-10-10
2016-08-09,0.6699999999999998,điểm %,Tính toán,D,2026-10-10
2016-08-10,0.6999999999999998,điểm %,Tính toán,D,2026-10-10
2016-08-11,0.68,điểm %,Tính toán,D,2026-10-10
2016-08-12,0.62,điểm %,Tính toán,D,2026-10-10
2016-08-15,0.6,điểm %,Tính toán,D,2026-10-10
2016-08-16,0.65,điểm %,Tính toán,D,2026-10-10
2016-08-17,0.49,điểm %,Tính toán,D,2026-10-10
2016-08-18,0.45000000000000007,điểm %,Tính toán,D,2026-10-10
2016-08-19,0.31999999999999995,điểm %,Tính toán,D,2026-10-10
2016-08-22,0.32999999999999996,điểm %,Tính toán,D,2026-10-10
2016-08-23,0.26,điểm %,Tính toán,D,2026-10-10
2016-08-24,0.1499999999999999,điểm %,Tính toán,D,2026-10-10
2016-08-25,0.08999999999999997,điểm %,Tính toán,D,2026-10-10
2016-08-26,0.07999999999999996,điểm %,Tính toán,D,2026-10-10
2016-08-29,0.14,điểm %,Tính toán,D,2026-10-10
2016-08-30,0.02999999999999997,điểm %,Tính toán,D,2026-10-10
2016-08-31,0.08999999999999997,điểm %,Tính toán,D,2026-10-10
2016-09-01,0.05999999999999994,điểm %,Tính toán,D,2026-10-10
2016-09-05,0.18999999999999995,điểm %,Tính toán,D,2026-10-10
2016-09-06,0.17999999999999994,điểm %,Tính toán,D,2026-10-10
2016-09-07,0.10999999999999999,điểm %,Tính toán,D,2026-10-10
2016-09-08,0.12,điểm %,Tính toán,D,2026-10-10
2016-09-09,0.14,điểm %,Tính toán,D,2026-10-10
2016-09-12,0.10999999999999999,điểm %,Tính toán,D,2026-10-10
2016-09-13,0.10999999999999999,điểm %,Tính toán,D,2026-10-10
2016-09-14,0.02999999999999997,điểm %,Tính toán,D,2026-10-10
2016-09-15,-0.010000000000000064,điểm %,Tính toán,D,2026-10-10
2016-09-16,0.12,điểm %,Tính toán,D,2026-10-10
2016-09-19,-0.040000000000000036,điểm %,Tính toán,D,2026-10-10
2016-09-20,-0.030000000000000027,điểm %,Tính toán,D,2026-10-10
2016-09-21,-0.030000000000000027,điểm %,Tính toán,D,2026-10-10
2016-09-23,0.05999999999999994,điểm %,Tính toán,D,2026-10-10
2016-09-26,0.019999999999999962,điểm %,Tính toán,D,2026-10-10
2016-09-27,0.02999999999999997,điểm %,Tính toán,D,2026-10-10
2016-09-28,0.04999999999999993,điểm %,Tính toán,D,2026-10-10
2016-09-29,0.010000000000000009,điểm %,Tính toán,D,2026-10-10
2016-09-30,0.3,điểm %,Tính toán,D,2026-10-10
2016-10-03,0.3799999999999999,điểm %,Tính toán,D,2026-10-10
2016-10-04,0.4,điểm %,Tính toán,D,2026-10-10
2016-10-05,0.1499999999999999,điểm %,Tính toán,D,2026-10-10
2016-10-06,0.07999999999999996,điểm %,Tính toán,D,2026-10-10
2016-10-07,0.019999999999999962,điểm %,Tính toán,D,2026-10-10
2016-10-10,0.0,điểm %,Tính toán,D,2026-10-10
2016-10-11,-0.02999999999999997,điểm %,Tính toán,D,2026-10-10
2016-10-14,-0.02999999999999997,điểm %,Tính toán,D,2026-10-10
2016-10-17,-0.02999999999999997,điểm %,Tính toán,D,2026-10-10
2016-10-18,-0.02999999999999997,điểm %,Tính toán,D,2026-10-10
2016-10-19,-0.03999999999999998,điểm %,Tính toán,D,2026-10-10
2016-10-20,-0.02999999999999997,điểm %,Tính toán,D,2026-10-10
2016-10-21,0.030000000000000027,điểm %,Tính toán,D,2026-10-10
2016-10-24,-0.02999999999999997,điểm %,Tính toán,D,2026-10-10
2016-10-25,0.020000000000000018,điểm %,Tính toán,D,2026-10-10
2016-10-26,0.12000000000000005,điểm %,Tính toán,D,2026-10-10
2016-10-27,0.10000000000000003,điểm %,Tính toán,D,2026-10-10
2016-10-28,0.14999999999999997,điểm %,Tính toán,D,2026-10-10
2016-10-31,0.51,điểm %,Tính toán,D,2026-10-10
2016-11-02,0.42,điểm %,Tính toán,D,2026-10-10
2016-11-03,0.36000000000000004,điểm %,Tính toán,D,2026-10-10
2016-11-04,0.27999999999999997,điểm %,Tính toán,D,2026-10-10
2016-11-07,0.27999999999999997,điểm %,Tính toán,D,2026-10-10
2016-11-08,0.33,điểm %,Tính toán,D,2026-10-10
2016-11-09,0.51,điểm %,Tính toán,D,2026-10-10
2016-11-10,0.7300000000000002,điểm %,Tính toán,D,2026-10-10
2016-11-11,0.8300000000000001,điểm %,Tính toán,D,2026-10-10
2016-11-14,1.1,điểm %,Tính toán,D,2026-10-10
2016-11-15,1.27,điểm %,Tính toán,D,2026-10-10
2016-11-16,1.53,điểm %,Tính toán,D,2026-10-10
2016-11-17,1.61,điểm %,Tính toán,D,2026-10-10
2016-11-18,1.27,điểm %,Tính toán,D,2026-10-10
2016-11-21,1.1,điểm %,Tính toán,D,2026-10-10
2016-11-22,1.07,điểm %,Tính toán,D,2026-10-10
2016-11-23,1.09,điểm %,Tính toán,D,2026-10-10
2016-11-24,1.02,điểm %,Tính toán,D,2026-10-10
2016-11-25,1.66,điểm %,Tính toán,D,2026-10-10
2016-11-28,2.38,điểm %,Tính toán,D,2026-10-10
2016-11-29,2.3099999999999996,điểm %,Tính toán,D,2026-10-10
2016-11-30,2.0,điểm %,Tính toán,D,2026-10-10
2016-12-01,2.36,điểm %,Tính toán,D,2026-10-10
2016-12-02,2.15,điểm %,Tính toán,D,2026-10-10
2016-12-05,2.39,điểm %,Tính toán,D,2026-10-10
2016-12-06,2.72,điểm %,Tính toán,D,2026-10-10
2016-12-07,2.57,điểm %,Tính toán,D,2026-10-10
2016-12-08,2.7099999999999995,điểm %,Tính toán,D,2026-10-10
2016-12-09,2.87,điểm %,Tính toán,D,2026-10-10
2016-12-12,4.32,điểm %,Tính toán,D,2026-10-10
2016-12-13,4.32,điểm %,Tính toán,D,2026-10-10
2016-12-14,3.9399999999999995,điểm %,Tính toán,D,2026-10-10
2016-12-15,3.76,điểm %,Tính toán,D,2026-10-10
2016-12-16,3.76,điểm %,Tính toán,D,2026-10-10
2016-12-19,3.6799999999999997,điểm %,Tính toán,D,2026-10-10
2016-12-20,3.4799999999999995,điểm %,Tính toán,D,2026-10-10
2016-12-21,3.2,điểm %,Tính toán,D,2026-10-10
2016-12-22,2.7699999999999996,điểm %,Tính toán,D,2026-10-10
2016-12-23,2.51,điểm %,Tính toán,D,2026-10-10
2016-12-26,2.63,điểm %,Tính toán,D,2026-10-10
2016-12-27,2.6700000000000004,điểm %,Tính toán,D,2026-10-10
2016-12-28,2.7499999999999996,điểm %,Tính toán,D,2026-10-10
2016-12-29,2.5799999999999996,điểm %,Tính toán,D,2026-10-10
2016-12-30,2.6800000000000006,điểm %,Tính toán,D,2026-10-10
2017-01-03,3.4700000000000006,điểm %,Tính toán,D,2026-10-10
2017-01-04,3.1599999999999997,điểm %,Tính toán,D,2026-10-10
2017-01-05,3.0399999999999996,điểm %,Tính toán,D,2026-10-10
2017-01-06,3.5199999999999996,điểm %,Tính toán,D,2026-10-10
2017-01-10,4.18,điểm %,Tính toán,D,2026-10-10
2017-01-11,4.07,điểm %,Tính toán,D,2026-10-10
2017-01-12,3.9699999999999998,điểm %,Tính toán,D,2026-10-10
2017-01-13,4.06,điểm %,Tính toán,D,2026-10-10
2017-01-16,4.029999999999999,điểm %,Tính toán,D,2026-10-10
2017-01-17,4.06,điểm %,Tính toán,D,2026-10-10
2017-01-18,4.1499999999999995,điểm %,Tính toán,D,2026-10-10
2017-01-19,4.18,điểm %,Tính toán,D,2026-10-10
2017-01-20,4.279999999999999,điểm %,Tính toán,D,2026-10-10
2017-01-23,4.55,điểm %,Tính toán,D,2026-10-10
2017-01-24,4.65,điểm %,Tính toán,D,2026-10-10
2017-01-25,4.65,điểm %,Tính toán,D,2026-10-10
2017-02-02,3.46,điểm %,Tính toán,D,2026-10-10
2017-02-03,3.2099999999999995,điểm %,Tính toán,D,2026-10-10
2017-02-06,3.12,điểm %,Tính toán,D,2026-10-10
2017-02-07,2.1599999999999997,điểm %,Tính toán,D,2026-10-10
2017-02-08,1.4499999999999997,điểm %,Tính toán,D,2026-10-10
2017-02-09,1.1,điểm %,Tính toán,D,2026-10-10
2017-02-10,0.89,điểm %,Tính toán,D,2026-10-10
2017-02-13,1.52,điểm %,Tính toán,D,2026-10-10
2017-02-14,2.24,điểm %,Tính toán,D,2026-10-10
2017-02-15,3.0300000000000002,điểm %,Tính toán,D,2026-10-10
2017-02-16,3.4799999999999995,điểm %,Tính toán,D,2026-10-10
2017-02-17,4.19,điểm %,Tính toán,D,2026-10-10
2017-02-20,4.25,điểm %,Tính toán,D,2026-10-10
2017-02-21,4.08,điểm %,Tính toán,D,2026-10-10
2017-02-22,3.2099999999999995,điểm %,Tính toán,D,2026-10-10
2017-02-23,2.34,điểm %,Tính toán,D,2026-10-10
2017-02-24,2.01,điểm %,Tính toán,D,2026-10-10
2017-02-27,2.4899999999999998,điểm %,Tính toán,D,2026-10-10
2017-02-28,2.8000000000000003,điểm %,Tính toán,D,2026-10-10
2017-03-01,2.9899999999999998,điểm %,Tính toán,D,2026-10-10
2017-03-02,2.98,điểm %,Tính toán,D,2026-10-10
2017-03-06,2.9,điểm %,Tính toán,D,2026-10-10
2017-03-07,3.34,điểm %,Tính toán,D,2026-10-10
2017-03-08,3.7699999999999996,điểm %,Tính toán,D,2026-10-10
2017-03-09,3.7800000000000002,điểm %,Tính toán,D,2026-10-10
2017-03-10,3.9699999999999998,điểm %,Tính toán,D,2026-10-10
2017-03-13,4.1000000000000005,điểm %,Tính toán,D,2026-10-10
2017-03-14,4.18,điểm %,Tính toán,D,2026-10-10
2017-03-15,4.109999999999999,điểm %,Tính toán,D,2026-10-10
2017-03-17,3.33,điểm %,Tính toán,D,2026-10-10
2017-03-20,3.88,điểm %,Tính toán,D,2026-10-10
2017-03-21,4.16,điểm %,Tính toán,D,2026-10-10
2017-03-22,4.05,điểm %,Tính toán,D,2026-10-10
2017-03-23,3.6500000000000004,điểm %,Tính toán,D,2026-10-10
2017-03-24,3.46,điểm %,Tính toán,D,2026-10-10
2017-03-27,3.79,điểm %,Tính toán,D,2026-10-10
2017-03-28,3.8599999999999994,điểm %,Tính toán,D,2026-10-10
2017-03-29,3.96,điểm %,Tính toán,D,2026-10-10
2017-03-30,3.8999999999999995,điểm %,Tính toán,D,2026-10-10
2017-03-31,3.89,điểm %,Tính toán,D,2026-10-10
2017-04-03,3.96,điểm %,Tính toán,D,2026-10-10
2017-04-04,3.8,điểm %,Tính toán,D,2026-10-10
2017-04-05,3.51,điểm %,Tính toán,D,2026-10-10
2017-04-07,3.4899999999999993,điểm %,Tính toán,D,2026-10-10
2017-04-10,3.58,điểm %,Tính toán,D,2026-10-10
2017-04-13,3.41,điểm %,Tính toán,D,2026-10-10
2017-04-14,3.369999999999999,điểm %,Tính toán,D,2026-10-10
2017-04-17,3.45,điểm %,Tính toán,D,2026-10-10
2017-04-18,3.46,điểm %,Tính toán,D,2026-10-10
2017-04-19,3.3999999999999995,điểm %,Tính toán,D,2026-10-10
2017-04-20,3.75,điểm %,Tính toán,D,2026-10-10
2017-04-21,3.92,điểm %,Tính toán,D,2026-10-10
2017-04-24,3.99,điểm %,Tính toán,D,2026-10-10
2017-04-25,3.9499999999999993,điểm %,Tính toán,D,2026-10-10
2017-04-26,3.7799999999999994,điểm %,Tính toán,D,2026-10-10
2017-04-27,3.5999999999999996,điểm %,Tính toán,D,2026-10-10
2017-04-28,3.5699999999999994,điểm %,Tính toán,D,2026-10-10
2017-05-03,3.5699999999999994,điểm %,Tính toán,D,2026-10-10
2017-05-04,3.51,điểm %,Tính toán,D,2026-10-10
2017-05-05,3.55,điểm %,Tính toán,D,2026-10-10
2017-05-08,3.54,điểm %,Tính toán,D,2026-10-10
2017-05-09,3.42,điểm %,Tính toán,D,2026-10-10
2017-05-10,3.29,điểm %,Tính toán,D,2026-10-10
2017-05-11,3.2800000000000002,điểm %,Tính toán,D,2026-10-10
2017-05-12,3.3099999999999996,điểm %,Tính toán,D,2026-10-10
2017-05-15,3.29,điểm %,Tính toán,D,2026-10-10
2017-05-16,3.2699999999999996,điểm %,Tính toán,D,2026-10-10
2017-05-17,3.1900000000000004,điểm %,Tính toán,D,2026-10-10
2017-05-18,2.9699999999999998,điểm %,Tính toán,D,2026-10-10
2017-05-19,2.8800000000000003,điểm %,Tính toán,D,2026-10-10
2017-05-22,2.92,điểm %,Tính toán,D,2026-10-10
2017-05-23,2.7600000000000002,điểm %,Tính toán,D,2026-10-10
2017-05-24,2.48,điểm %,Tính toán,D,2026-10-10
2017-05-25,2.27,điểm %,Tính toán,D,2026-10-10
2017-05-26,1.9300000000000002,điểm %,Tính toán,D,2026-10-10
2017-05-29,1.71,điểm %,Tính toán,D,2026-10-10
2017-05-30,1.4099999999999997,điểm %,Tính toán,D,2026-10-10
2017-05-31,1.21,điểm %,Tính toán,D,2026-10-10
2017-06-01,1.2199999999999998,điểm %,Tính toán,D,2026-10-10
2017-06-02,1.2299999999999995,điểm %,Tính toán,D,2026-10-10
2017-06-05,1.3499999999999996,điểm %,Tính toán,D,2026-10-10
2017-06-06,1.2799999999999998,điểm %,Tính toán,D,2026-10-10
2017-06-09,1.2199999999999998,điểm %,Tính toán,D,2026-10-10
2017-06-12,1.27,điểm %,Tính toán,D,2026-10-10
2017-06-13,1.2399999999999998,điểm %,Tính toán,D,2026-10-10
2017-06-14,1.1799999999999997,điểm %,Tính toán,D,2026-10-10
2017-06-15,0.99,điểm %,Tính toán,D,2026-10-10
2017-06-16,0.9799999999999998,điểm %,Tính toán,D,2026-10-10
2017-06-19,1.0600000000000003,điểm %,Tính toán,D,2026-10-10
2017-06-20,1.1500000000000001,điểm %,Tính toán,D,2026-10-10
2017-06-21,1.2900000000000003,điểm %,Tính toán,D,2026-10-10
2017-06-22,1.43,điểm %,Tính toán,D,2026-10-10
2017-06-23,1.43,điểm %,Tính toán,D,2026-10-10
2017-06-26,1.34,điểm %,Tính toán,D,2026-10-10
2017-06-27,1.14,điểm %,Tính toán,D,2026-10-10
2017-06-28,0.9099999999999999,điểm %,Tính toán,D,2026-10-10
2017-06-29,0.3500000000000001,điểm %,Tính toán,D,2026-10-10
2017-06-30,0.4099999999999999,điểm %,Tính toán,D,2026-10-10
2017-07-03,0.8300000000000003,điểm %,Tính toán,D,2026-10-10
2017-07-04,0.7200000000000002,điểm %,Tính toán,D,2026-10-10
2017-07-05,0.6399999999999999,điểm %,Tính toán,D,2026-10-10
2017-07-06,0.5400000000000003,điểm %,Tính toán,D,2026-10-10
2017-07-07,0.56,điểm %,Tính toán,D,2026-10-10
2017-07-10,0.52,điểm %,Tính toán,D,2026-10-10
2017-07-11,0.43000000000000016,điểm %,Tính toán,D,2026-10-10
2017-07-12,0.3500000000000001,điểm %,Tính toán,D,2026-10-10
2017-07-14,0.28,điểm %,Tính toán,D,2026-10-10
2017-07-17,0.22999999999999998,điểm %,Tính toán,D,2026-10-10
2017-07-18,0.15000000000000013,điểm %,Tính toán,D,2026-10-10
2017-07-19,-0.030000000000000027,điểm %,Tính toán,D,2026-10-10
2017-07-20,-0.29999999999999993,điểm %,Tính toán,D,2026-10-10
2017-07-21,-0.5299999999999999,điểm %,Tính toán,D,2026-10-10
2017-07-24,-0.5099999999999999,điểm %,Tính toán,D,2026-10-10
2017-07-25,-0.4899999999999999,điểm %,Tính toán,D,2026-10-10
2017-07-26,-0.5199999999999999,điểm %,Tính toán,D,2026-10-10
2017-07-27,-0.6699999999999999,điểm %,Tính toán,D,2026-10-10
2017-07-28,-0.6699999999999999,điểm %,Tính toán,D,2026-10-10
2017-07-31,-0.5900000000000001,điểm %,Tính toán,D,2026-10-10
2017-08-01,-0.58,điểm %,Tính toán,D,2026-10-10
2017-08-02,-0.6399999999999999,điểm %,Tính toán,D,2026-10-10
2017-08-03,-0.6799999999999999,điểm %,Tính toán,D,2026-10-10
2017-08-04,-0.6799999999999999,điểm %,Tính toán,D,2026-10-10
2017-08-07,-0.6699999999999999,điểm %,Tính toán,D,2026-10-10
2017-08-08,-0.6799999999999999,điểm %,Tính toán,D,2026-10-10
2017-08-09,-0.69,điểm %,Tính toán,D,2026-10-10
2017-08-10,-0.71,điểm %,Tính toán,D,2026-10-10
2017-08-11,-0.72,điểm %,Tính toán,D,2026-10-10
2017-08-14,-0.6,điểm %,Tính toán,D,2026-10-10
2017-08-15,-0.61,điểm %,Tính toán,D,2026-10-10
2017-08-16,-0.5899999999999999,điểm %,Tính toán,D,2026-10-10
2017-08-17,-0.61,điểm %,Tính toán,D,2026-10-10
2017-08-18,-0.5399999999999999,điểm %,Tính toán,D,2026-10-10
2017-08-21,-0.5899999999999999,điểm %,Tính toán,D,2026-10-10
2017-08-22,-0.48,điểm %,Tính toán,D,2026-10-10
2017-08-23,-0.4899999999999999,điểm %,Tính toán,D,2026-10-10
2017-08-24,-0.5199999999999999,điểm %,Tính toán,D,2026-10-10
2017-08-25,-0.6,điểm %,Tính toán,D,2026-10-10
2017-08-28,-0.48,điểm %,Tính toán,D,2026-10-10
2017-08-29,-0.42999999999999994,điểm %,Tính toán,D,2026-10-10
2017-08-30,-0.5199999999999999,điểm %,Tính toán,D,2026-10-10
2017-08-31,-0.4600000000000001,điểm %,Tính toán,D,2026-10-10
2017-09-01,-0.5499999999999999,điểm %,Tính toán,D,2026-10-10
2017-09-05,-0.5499999999999999,điểm %,Tính toán,D,2026-10-10
2017-09-06,-0.5199999999999999,điểm %,Tính toán,D,2026-10-10
2017-09-07,-0.5299999999999999,điểm %,Tính toán,D,2026-10-10
2017-09-08,-0.4999999999999999,điểm %,Tính toán,D,2026-10-10
2017-09-11,-0.5199999999999999,điểm %,Tính toán,D,2026-10-10
2017-09-12,-0.43999999999999995,điểm %,Tính toán,D,2026-10-10
2017-09-13,-0.43999999999999995,điểm %,Tính toán,D,2026-10-10
2017-09-14,-0.42999999999999994,điểm %,Tính toán,D,2026-10-10
2017-09-15,-0.4099999999999999,điểm %,Tính toán,D,2026-10-10
2017-09-18,-0.3999999999999999,điểm %,Tính toán,D,2026-10-10
2017-09-20,-0.29000000000000004,điểm %,Tính toán,D,2026-10-10
2017-09-21,-0.29000000000000004,điểm %,Tính toán,D,2026-10-10
2017-09-22,-0.3699999999999999,điểm %,Tính toán,D,2026-10-10
2017-09-25,-0.35,điểm %,Tính toán,D,2026-10-10
2017-09-26,-0.3699999999999999,điểm %,Tính toán,D,2026-10-10
2017-09-27,-0.38,điểm %,Tính toán,D,2026-10-10
2017-09-28,-0.48,điểm %,Tính toán,D,2026-10-10
2017-09-29,-0.41000000000000003,điểm %,Tính toán,D,2026-10-10
2017-10-02,-0.31999999999999995,điểm %,Tính toán,D,2026-10-10
2017-10-03,-0.29000000000000004,điểm %,Tính toán,D,2026-10-10
2017-10-04,-0.30999999999999983,điểm %,Tính toán,D,2026-10-10
2017-10-05,-0.3699999999999999,điểm %,Tính toán,D,2026-10-10
2017-10-06,-0.38,điểm %,Tính toán,D,2026-10-10
2017-10-09,-0.3599999999999999,điểm %,Tính toán,D,2026-10-10
2017-10-10,-0.38,điểm %,Tính toán,D,2026-10-10
2017-10-11,-0.3699999999999999,điểm %,Tính toán,D,2026-10-10
2017-10-12,-0.43999999999999995,điểm %,Tính toán,D,2026-10-10
2017-10-13,-0.43999999999999995,điểm %,Tính toán,D,2026-10-10
2017-10-16,-0.3999999999999999,điểm %,Tính toán,D,2026-10-10
2017-10-17,-0.44999999999999984,điểm %,Tính toán,D,2026-10-10
2017-10-18,-0.4899999999999999,điểm %,Tính toán,D,2026-10-10
2017-10-19,-0.4999999999999999,điểm %,Tính toán,D,2026-10-10
2017-10-20,-0.5199999999999999,điểm %,Tính toán,D,2026-10-10
2017-10-23,-0.45999999999999985,điểm %,Tính toán,D,2026-10-10
2017-10-24,-0.5099999999999999,điểm %,Tính toán,D,2026-10-10
2017-10-25,-0.48,điểm %,Tính toán,D,2026-10-10
2017-10-26,-0.5199999999999999,điểm %,Tính toán,D,2026-10-10
2017-10-27,-0.4899999999999999,điểm %,Tính toán,D,2026-10-10
2017-10-30,-0.38,điểm %,Tính toán,D,2026-10-10
2017-10-31,-0.2300000000000001,điểm %,Tính toán,D,2026-10-10
2017-11-01,-0.29000000000000004,điểm %,Tính toán,D,2026-10-10
2017-11-02,-0.2799999999999999,điểm %,Tính toán,D,2026-10-10
2017-11-03,-0.29000000000000004,điểm %,Tính toán,D,2026-10-10
2017-11-06,-0.31999999999999995,điểm %,Tính toán,D,2026-10-10
2017-11-07,-0.29000000000000004,điểm %,Tính toán,D,2026-10-10
2017-11-08,-0.2499999999999999,điểm %,Tính toán,D,2026-10-10
2017-11-09,-0.18999999999999995,điểm %,Tính toán,D,2026-10-10
2017-11-10,-0.18999999999999995,điểm %,Tính toán,D,2026-10-10
2017-11-13,-0.07999999999999985,điểm %,Tính toán,D,2026-10-10
2017-11-14,-0.06999999999999984,điểm %,Tính toán,D,2026-10-10
2017-11-15,-0.040000000000000036,điểm %,Tính toán,D,2026-10-10
2017-11-16,0.050000000000000044,điểm %,Tính toán,D,2026-10-10
2017-11-17,0.08000000000000007,điểm %,Tính toán,D,2026-10-10
2017-11-20,0.32000000000000006,điểm %,Tính toán,D,2026-10-10
2017-11-21,0.2100000000000002,điểm %,Tính toán,D,2026-10-10
2017-11-22,0.08000000000000007,điểm %,Tính toán,D,2026-10-10
2017-11-28,-0.4899999999999999,điểm %,Tính toán,D,2026-10-10
2017-11-29,-0.5299999999999999,điểm %,Tính toán,D,2026-10-10
2017-11-30,-0.5200000000000001,điểm %,Tính toán,D,2026-10-10
2017-12-01,-0.2799999999999999,điểm %,Tính toán,D,2026-10-10
2017-12-04,-0.19999999999999996,điểm %,Tính toán,D,2026-10-10
2017-12-05,-0.06000000000000005,điểm %,Tính toán,D,2026-10-10
2017-12-06,0.03000000000000025,điểm %,Tính toán,D,2026-10-10
2017-12-07,-0.030000000000000027,điểm %,Tính toán,D,2026-10-10
2017-12-08,0.2100000000000002,điểm %,Tính toán,D,2026-10-10
2017-12-11,-0.1499999999999999,điểm %,Tính toán,D,2026-10-10
2017-12-12,-0.27,điểm %,Tính toán,D,2026-10-10
2017-12-13,-0.33999999999999997,điểm %,Tính toán,D,2026-10-10
2017-12-15,-0.6699999999999999,điểm %,Tính toán,D,2026-10-10
2017-12-18,-0.64,điểm %,Tính toán,D,2026-10-10
2017-12-19,-0.6599999999999999,điểm %,Tính toán,D,2026-10-10
2017-12-20,-0.6499999999999999,điểm %,Tính toán,D,2026-10-10
2017-12-21,-0.6299999999999999,điểm %,Tính toán,D,2026-10-10
2017-12-22,-0.6699999999999999,điểm %,Tính toán,D,2026-10-10
2017-12-25,-0.55,điểm %,Tính toán,D,2026-10-10
2017-12-26,-0.5399999999999999,điểm %,Tính toán,D,2026-10-10
2017-12-29,0.3999999999999999,điểm %,Tính toán,D,2026-10-10
2018-01-02,2.220446049250313e-16,điểm %,Tính toán,D,2026-10-10
2018-01-03,0.010000000000000009,điểm %,Tính toán,D,2026-10-10
2018-01-04,0.020000000000000018,điểm %,Tính toán,D,2026-10-10
2018-01-05,0.20999999999999996,điểm %,Tính toán,D,2026-10-10
2018-01-08,0.24,điểm %,Tính toán,D,2026-10-10
2018-01-09,0.40000000000000013,điểm %,Tính toán,D,2026-10-10
2018-01-10,0.6400000000000001,điểm %,Tính toán,D,2026-10-10
2018-01-11,0.7400000000000002,điểm %,Tính toán,D,2026-10-10
2018-01-12,0.7799999999999998,điểm %,Tính toán,D,2026-10-10
2018-01-15,0.71,điểm %,Tính toán,D,2026-10-10
2018-01-16,0.6600000000000001,điểm %,Tính toán,D,2026-10-10
2018-01-17,0.43999999999999995,điểm %,Tính toán,D,2026-10-10
2018-01-18,0.3900000000000001,điểm %,Tính toán,D,2026-10-10
2018-01-19,0.29000000000000004,điểm %,Tính toán,D,2026-10-10
2018-01-22,0.4600000000000002,điểm %,Tính toán,D,2026-10-10
2018-01-23,0.28000000000000025,điểm %,Tính toán,D,2026-10-10
2018-01-24,0.13000000000000012,điểm %,Tính toán,D,2026-10-10
2018-01-25,0.17000000000000015,điểm %,Tính toán,D,2026-10-10
2018-01-26,0.03000000000000025,điểm %,Tính toán,D,2026-10-10
2018-01-29,0.1100000000000001,điểm %,Tính toán,D,2026-10-10
2018-01-30,0.13000000000000012,điểm %,Tính toán,D,2026-10-10
2018-01-31,0.31999999999999984,điểm %,Tính toán,D,2026-10-10
2018-02-01,0.3400000000000001,điểm %,Tính toán,D,2026-10-10
2018-02-02,0.2200000000000002,điểm %,Tính toán,D,2026-10-10
2018-02-05,0.29000000000000004,điểm %,Tính toán,D,2026-10-10
2018-02-06,0.6000000000000001,điểm %,Tính toán,D,2026-10-10
2018-02-07,1.6800000000000002,điểm %,Tính toán,D,2026-10-10
2018-02-08,2.5100000000000002,điểm %,Tính toán,D,2026-10-10
2018-02-09,2.21,điểm %,Tính toán,D,2026-10-10
2018-02-12,2.59,điểm %,Tính toán,D,2026-10-10
2018-02-13,2.59,điểm %,Tính toán,D,2026-10-10
2018-02-21,2.3600000000000003,điểm %,Tính toán,D,2026-10-10
2018-02-22,1.8100000000000005,điểm %,Tính toán,D,2026-10-10
2018-02-23,0.73,điểm %,Tính toán,D,2026-10-10
2018-02-26,0.28000000000000025,điểm %,Tính toán,D,2026-10-10
2018-02-27,-0.1399999999999999,điểm %,Tính toán,D,2026-10-10
2018-02-28,-0.42000000000000015,điểm %,Tính toán,D,2026-10-10
2018-03-01,-0.24,điểm %,Tính toán,D,2026-10-10
2018-03-02,-0.33999999999999986,điểm %,Tính toán,D,2026-10-10
2018-03-05,-0.3699999999999999,điểm %,Tính toán,D,2026-10-10
2018-03-06,-0.49,điểm %,Tính toán,D,2026-10-10
2018-03-07,-0.43999999999999995,điểm %,Tính toán,D,2026-10-10
2018-03-08,-0.3799999999999999,điểm %,Tính toán,D,2026-10-10
2018-03-09,-0.3500000000000001,điểm %,Tính toán,D,2026-10-10
2018-03-12,-0.3799999999999999,điểm %,Tính toán,D,2026-10-10
2018-03-13,-0.4299999999999998,điểm %,Tính toán,D,2026-10-10
2018-03-14,-0.47999999999999987,điểm %,Tính toán,D,2026-10-10
2018-03-15,-0.48,điểm %,Tính toán,D,2026-10-10
2018-03-16,-0.44999999999999996,điểm %,Tính toán,D,2026-10-10
2018-03-19,-0.4899999999999999,điểm %,Tính toán,D,2026-10-10
2018-03-20,-0.5299999999999999,điểm %,Tính toán,D,2026-10-10
2018-03-21,-0.6699999999999999,điểm %,Tính toán,D,2026-10-10
2018-03-22,-0.9799999999999999,điểm %,Tính toán,D,2026-10-10
2018-03-23,-0.96,điểm %,Tính toán,D,2026-10-10
2018-03-26,-0.94,điểm %,Tính toán,D,2026-10-10
2018-03-27,-0.9199999999999999,điểm %,Tính toán,D,2026-10-10
2018-03-28,-1.0,điểm %,Tính toán,D,2026-10-10
2018-03-29,-0.96,điểm %,Tính toán,D,2026-10-10
2018-03-30,-0.9299999999999999,điểm %,Tính toán,D,2026-10-10
2018-04-02,-0.84,điểm %,Tính toán,D,2026-10-10
2018-04-03,-0.8699999999999999,điểm %,Tính toán,D,2026-10-10
2018-04-05,-0.97,điểm %,Tính toán,D,2026-10-10
2018-04-06,-0.94,điểm %,Tính toán,D,2026-10-10
2018-04-09,-0.8999999999999999,điểm %,Tính toán,D,2026-10-10
2018-04-10,-0.86,điểm %,Tính toán,D,2026-10-10
2018-04-11,-0.8099999999999999,điểm %,Tính toán,D,2026-10-10
2018-04-13,-0.8399999999999999,điểm %,Tính toán,D,2026-10-10
2018-04-16,-0.6999999999999998,điểm %,Tính toán,D,2026-10-10
2018-04-17,-0.3699999999999999,điểm %,Tính toán,D,2026-10-10
2018-04-18,-0.3699999999999999,điểm %,Tính toán,D,2026-10-10
2018-04-19,-0.3899999999999999,điểm %,Tính toán,D,2026-10-10
2018-04-20,-0.2799999999999998,điểm %,Tính toán,D,2026-10-10
2018-04-23,-0.15999999999999992,điểm %,Tính toán,D,2026-10-10
2018-04-24,-0.1499999999999999,điểm %,Tính toán,D,2026-10-10
2018-04-26,-0.11999999999999988,điểm %,Tính toán,D,2026-10-10
2018-04-27,0.30000000000000004,điểm %,Tính toán,D,2026-10-10
2018-05-02,0.039999999999999813,điểm %,Tính toán,D,2026-10-10
2018-05-03,0.1100000000000001,điểm %,Tính toán,D,2026-10-10
2018-05-04,0.09999999999999987,điểm %,Tính toán,D,2026-10-10
2018-05-07,0.039999999999999813,điểm %,Tính toán,D,2026-10-10
2018-05-09,-0.34999999999999987,điểm %,Tính toán,D,2026-10-10
2018-05-11,-0.42999999999999994,điểm %,Tính toán,D,2026-10-10
2018-05-14,-0.5099999999999998,điểm %,Tính toán,D,2026-10-10
2018-05-15,-0.54,điểm %,Tính toán,D,2026-10-10
2018-05-16,-0.53,điểm %,Tính toán,D,2026-10-10
2018-05-18,-0.5,điểm %,Tính toán,D,2026-10-10
2018-05-21,-0.3899999999999999,điểm %,Tính toán,D,2026-10-10
2018-05-22,-0.26,điểm %,Tính toán,D,2026-10-10
2018-05-23,-0.10999999999999988,điểm %,Tính toán,D,2026-10-10
2018-05-24,-0.1499999999999999,điểm %,Tính toán,D,2026-10-10
2018-05-25,-0.08000000000000007,điểm %,Tính toán,D,2026-10-10
2018-05-28,-0.09999999999999987,điểm %,Tính toán,D,2026-10-10
2018-05-29,-0.09999999999999987,điểm %,Tính toán,D,2026-10-10
2018-05-30,-0.08000000000000007,điểm %,Tính toán,D,2026-10-10
2018-06-01,-0.09000000000000008,điểm %,Tính toán,D,2026-10-10
2018-06-04,-0.07000000000000006,điểm %,Tính toán,D,2026-10-10
2018-06-06,-0.07000000000000006,điểm %,Tính toán,D,2026-10-10
2018-06-07,-0.05999999999999983,điểm %,Tính toán,D,2026-10-10
2018-06-08,-0.18999999999999995,điểm %,Tính toán,D,2026-10-10
2018-06-11,-0.18999999999999995,điểm %,Tính toán,D,2026-10-10
2018-06-12,-0.2999999999999998,điểm %,Tính toán,D,2026-10-10
2018-06-13,-0.32999999999999985,điểm %,Tính toán,D,2026-10-10
2018-06-14,-0.7,điểm %,Tính toán,D,2026-10-10
2018-06-15,-0.8300000000000001,điểm %,Tính toán,D,2026-10-10
2018-06-18,-0.8999999999999999,điểm %,Tính toán,D,2026-10-10
2018-06-19,-1.0699999999999998,điểm %,Tính toán,D,2026-10-10
2018-06-20,-1.15,điểm %,Tính toán,D,2026-10-10
2018-06-21,-1.19,điểm %,Tính toán,D,2026-10-10
2018-06-22,-1.23,điểm %,Tính toán,D,2026-10-10
2018-06-25,-1.16,điểm %,Tính toán,D,2026-10-10
2018-06-26,-1.23,điểm %,Tính toán,D,2026-10-10
2018-06-27,-1.2399999999999998,điểm %,Tính toán,D,2026-10-10
2018-06-28,-1.2399999999999998,điểm %,Tính toán,D,2026-10-10
2018-06-29,-1.0699999999999998,điểm %,Tính toán,D,2026-10-10
2018-07-02,-1.0299999999999998,điểm %,Tính toán,D,2026-10-10
2018-07-03,-0.9099999999999999,điểm %,Tính toán,D,2026-10-10
2018-07-04,-0.8999999999999999,điểm %,Tính toán,D,2026-10-10
2018-07-05,-0.8999999999999999,điểm %,Tính toán,D,2026-10-10
2018-07-06,-0.8799999999999999,điểm %,Tính toán,D,2026-10-10
2018-07-09,-0.8299999999999998,điểm %,Tính toán,D,2026-10-10
2018-07-10,-0.81,điểm %,Tính toán,D,2026-10-10
2018-07-11,-0.78,điểm %,Tính toán,D,2026-10-10
2018-07-12,-0.75,điểm %,Tính toán,D,2026-10-10
2018-07-13,-0.7,điểm %,Tính toán,D,2026-10-10
2018-07-16,-0.55,điểm %,Tính toán,D,2026-10-10
2018-07-17,-0.28,điểm %,Tính toán,D,2026-10-10
2018-07-18,-0.010000000000000009,điểm %,Tính toán,D,2026-10-10
2018-07-19,0.3100000000000003,điểm %,Tính toán,D,2026-10-10
2018-07-20,1.2700000000000002,điểm %,Tính toán,D,2026-10-10
2018-07-23,2.2299999999999995,điểm %,Tính toán,D,2026-10-10
2018-07-24,2.7799999999999994,điểm %,Tính toán,D,2026-10-10
2018-07-25,2.8200000000000003,điểm %,Tính toán,D,2026-10-10
2018-07-26,2.3600000000000003,điểm %,Tính toán,D,2026-10-10
2018-07-27,0.9200000000000002,điểm %,Tính toán,D,2026-10-10
2018-07-30,0.32999999999999985,điểm %,Tính toán,D,2026-10-10
2018-07-31,-0.30000000000000004,điểm %,Tính toán,D,2026-10-10
2018-08-01,-0.019999999999999796,điểm %,Tính toán,D,2026-10-10
2018-08-02,0.09000000000000008,điểm %,Tính toán,D,2026-10-10
2018-08-03,0.22999999999999976,điểm %,Tính toán,D,2026-10-10
2018-08-06,0.3600000000000001,điểm %,Tính toán,D,2026-10-10
2018-08-07,0.8099999999999998,điểm %,Tính toán,D,2026-10-10
2018-08-08,1.4600000000000002,điểm %,Tính toán,D,2026-10-10
2018-08-09,2.17,điểm %,Tính toán,D,2026-10-10
2018-08-10,2.51,điểm %,Tính toán,D,2026-10-10
2018-08-13,2.33,điểm %,Tính toán,D,2026-10-10
2018-08-14,2.5,điểm %,Tính toán,D,2026-10-10
2018-08-15,2.63,điểm %,Tính toán,D,2026-10-10
2018-08-16,2.7,điểm %,Tính toán,D,2026-10-10
2018-08-17,2.7199999999999998,điểm %,Tính toán,D,2026-10-10
2018-08-20,2.66,điểm %,Tính toán,D,2026-10-10
2018-08-21,2.6799999999999997,điểm %,Tính toán,D,2026-10-10
2018-08-22,2.670000000000001,điểm %,Tính toán,D,2026-10-10
2018-08-23,2.7,điểm %,Tính toán,D,2026-10-10
2018-08-24,2.670000000000001,điểm %,Tính toán,D,2026-10-10
2018-08-27,2.66,điểm %,Tính toán,D,2026-10-10
2018-08-28,2.5599999999999996,điểm %,Tính toán,D,2026-10-10
2018-08-29,2.34,điểm %,Tính toán,D,2026-10-10
2018-08-30,2.3,điểm %,Tính toán,D,2026-10-10
2018-09-04,2.5700000000000003,điểm %,Tính toán,D,2026-10-10
2018-09-05,2.59,điểm %,Tính toán,D,2026-10-10
2018-09-06,2.54,điểm %,Tính toán,D,2026-10-10
2018-09-07,2.5300000000000002,điểm %,Tính toán,D,2026-10-10
2018-09-10,2.4799999999999995,điểm %,Tính toán,D,2026-10-10
2018-09-11,2.2,điểm %,Tính toán,D,2026-10-10
2018-09-12,2.12,điểm %,Tính toán,D,2026-10-10
2018-09-13,1.96,điểm %,Tính toán,D,2026-10-10
2018-09-14,1.1800000000000002,điểm %,Tính toán,D,2026-10-10
2018-09-17,0.6900000000000004,điểm %,Tính toán,D,2026-10-10
2018-09-18,0.6400000000000001,điểm %,Tính toán,D,2026-10-10
2018-09-19,0.6299999999999999,điểm %,Tính toán,D,2026-10-10
2018-09-20,0.41999999999999993,điểm %,Tính toán,D,2026-10-10
2018-09-21,0.33000000000000007,điểm %,Tính toán,D,2026-10-10
2018-09-24,0.3600000000000001,điểm %,Tính toán,D,2026-10-10
2018-09-25,0.29000000000000026,điểm %,Tính toán,D,2026-10-10
2018-09-26,0.3600000000000001,điểm %,Tính toán,D,2026-10-10
2018-09-27,0.2799999999999998,điểm %,Tính toán,D,2026-10-10
2018-09-28,0.7099999999999995,điểm %,Tính toán,D,2026-10-10
2018-10-01,0.9699999999999998,điểm %,Tính toán,D,2026-10-10
2018-10-02,1.0899999999999999,điểm %,Tính toán,D,2026-10-10
2018-10-03,1.12,điểm %,Tính toán,D,2026-10-10
2018-10-04,0.9599999999999995,điểm %,Tính toán,D,2026-10-10
2018-10-05,0.73,điểm %,Tính toán,D,2026-10-10
2018-10-08,0.6499999999999999,điểm %,Tính toán,D,2026-10-10
2018-10-09,0.6600000000000001,điểm %,Tính toán,D,2026-10-10
2018-10-10,0.7799999999999998,điểm %,Tính toán,D,2026-10-10
2018-10-11,0.8399999999999999,điểm %,Tính toán,D,2026-10-10
2018-10-12,0.8299999999999996,điểm %,Tính toán,D,2026-10-10
2018-10-15,1.0099999999999998,điểm %,Tính toán,D,2026-10-10
2018-10-16,1.0799999999999996,điểm %,Tính toán,D,2026-10-10
2018-10-17,1.0299999999999998,điểm %,Tính toán,D,2026-10-10
2018-10-18,1.0199999999999996,điểm %,Tính toán,D,2026-10-10
2018-10-19,1.0400000000000005,điểm %,Tính toán,D,2026-10-10
2018-10-22,1.13,điểm %,Tính toán,D,2026-10-10
2018-10-23,1.4999999999999996,điểm %,Tính toán,D,2026-10-10
2018-10-24,2.24,điểm %,Tính toán,D,2026-10-10
2018-10-25,2.5199999999999996,điểm %,Tính toán,D,2026-10-10
2018-10-26,2.63,điểm %,Tính toán,D,2026-10-10
2018-10-29,2.7399999999999993,điểm %,Tính toán,D,2026-10-10
2018-10-30,2.6599999999999993,điểm %,Tính toán,D,2026-10-10
2018-10-31,2.6099999999999994,điểm %,Tính toán,D,2026-10-10
2018-11-01,2.4899999999999993,điểm %,Tính toán,D,2026-10-10
2018-11-02,2.43,điểm %,Tính toán,D,2026-10-10
2018-11-05,2.46,điểm %,Tính toán,D,2026-10-10
2018-11-06,2.59,điểm %,Tính toán,D,2026-10-10
2018-11-07,2.5999999999999996,điểm %,Tính toán,D,2026-10-10
2018-11-08,2.5999999999999996,điểm %,Tính toán,D,2026-10-10
2018-11-09,2.5700000000000007,điểm %,Tính toán,D,2026-10-10
2018-11-13,2.6399999999999997,điểm %,Tính toán,D,2026-10-10
2018-11-14,2.6399999999999997,điểm %,Tính toán,D,2026-10-10
2018-11-15,2.5300000000000002,điểm %,Tính toán,D,2026-10-10
2018-11-16,2.54,điểm %,Tính toán,D,2026-10-10
2018-11-19,2.5199999999999996,điểm %,Tính toán,D,2026-10-10
2018-11-20,2.5699999999999994,điểm %,Tính toán,D,2026-10-10
2018-11-21,2.59,điểm %,Tính toán,D,2026-10-10
2018-11-22,2.5999999999999996,điểm %,Tính toán,D,2026-10-10
2018-11-23,2.59,điểm %,Tính toán,D,2026-10-10
2018-11-26,2.6399999999999997,điểm %,Tính toán,D,2026-10-10
2018-11-27,2.5999999999999996,điểm %,Tính toán,D,2026-10-10
2018-11-28,2.5699999999999994,điểm %,Tính toán,D,2026-10-10
2018-11-29,2.3999999999999995,điểm %,Tính toán,D,2026-10-10
2018-11-30,2.24,điểm %,Tính toán,D,2026-10-10
2018-12-03,2.5900000000000003,điểm %,Tính toán,D,2026-10-10
2018-12-04,2.5999999999999996,điểm %,Tính toán,D,2026-10-10
2018-12-05,2.63,điểm %,Tính toán,D,2026-10-10
2018-12-06,2.63,điểm %,Tính toán,D,2026-10-10
2018-12-07,2.65,điểm %,Tính toán,D,2026-10-10
2018-12-10,2.6599999999999993,điểm %,Tính toán,D,2026-10-10
2018-12-11,2.69,điểm %,Tính toán,D,2026-10-10
2018-12-12,2.6600000000000006,điểm %,Tính toán,D,2026-10-10
2018-12-13,2.6300000000000003,điểm %,Tính toán,D,2026-10-10
2018-12-14,2.6300000000000003,điểm %,Tính toán,D,2026-10-10
2018-12-17,2.5699999999999994,điểm %,Tính toán,D,2026-10-10
2018-12-18,2.58,điểm %,Tính toán,D,2026-10-10
2018-12-19,2.51,điểm %,Tính toán,D,2026-10-10
2018-12-20,2.2100000000000004,điểm %,Tính toán,D,2026-10-10
2018-12-21,2.15,điểm %,Tính toán,D,2026-10-10
2018-12-24,2.1600000000000006,điểm %,Tính toán,D,2026-10-10
2018-12-26,1.9900000000000007,điểm %,Tính toán,D,2026-10-10
2018-12-27,1.4699999999999998,điểm %,Tính toán,D,2026-10-10
2018-12-28,1.5100000000000002,điểm %,Tính toán,D,2026-10-10
2019-01-02,2.2600000000000002,điểm %,Tính toán,D,2026-10-10
2019-01-03,2.2399999999999998,điểm %,Tính toán,D,2026-10-10
2019-01-04,1.6199999999999997,điểm %,Tính toán,D,2026-10-10
2019-01-07,1.4899999999999998,điểm %,Tính toán,D,2026-10-10
2019-01-08,1.4500000000000002,điểm %,Tính toán,D,2026-10-10
2019-01-09,1.6300000000000003,điểm %,Tính toán,D,2026-10-10
2019-01-10,1.4699999999999998,điểm %,Tính toán,D,2026-10-10
2019-01-11,1.2600000000000002,điểm %,Tính toán,D,2026-10-10
2019-01-14,1.1900000000000004,điểm %,Tính toán,D,2026-10-10
2019-01-15,1.1800000000000002,điểm %,Tính toán,D,2026-10-10
2019-01-16,1.15,điểm %,Tính toán,D,2026-10-10
2019-01-17,0.98,điểm %,Tính toán,D,2026-10-10
2019-01-18,2.1199999999999997,điểm %,Tính toán,D,2026-10-10
2019-01-21,2.28,điểm %,Tính toán,D,2026-10-10
2019-01-22,2.44,điểm %,Tính toán,D,2026-10-10
2019-01-23,2.3400000000000003,điểm %,Tính toán,D,2026-10-10
2019-01-24,2.4599999999999995,điểm %,Tính toán,D,2026-10-10
2019-01-25,2.56,điểm %,Tính toán,D,2026-10-10
2019-01-28,2.72,điểm %,Tính toán,D,2026-10-10
2019-01-29,2.8299999999999996,điểm %,Tính toán,D,2026-10-10
2019-01-30,2.7900000000000005,điểm %,Tính toán,D,2026-10-10
2019-01-31,2.4200000000000004,điểm %,Tính toán,D,2026-10-10
2019-02-01,2.4200000000000004,điểm %,Tính toán,D,2026-10-10
2019-02-11,2.3800000000000003,điểm %,Tính toán,D,2026-10-10
2019-02-12,2.43,điểm %,Tính toán,D,2026-10-10
2019-02-13,2.32,điểm %,Tính toán,D,2026-10-10
2019-02-14,2.0900000000000003,điểm %,Tính toán,D,2026-10-10
2019-02-15,1.9999999999999996,điểm %,Tính toán,D,2026-10-10
2019-02-18,1.9200000000000004,điểm %,Tính toán,D,2026-10-10
2019-02-19,1.7600000000000002,điểm %,Tính toán,D,2026-10-10
2019-02-20,1.7399999999999998,điểm %,Tính toán,D,2026-10-10
2019-02-21,1.65,điểm %,Tính toán,D,2026-10-10
2019-02-22,1.7799999999999998,điểm %,Tính toán,D,2026-10-10
2019-02-25,1.7799999999999998,điểm %,Tính toán,D,2026-10-10
2019-02-26,1.8900000000000001,điểm %,Tính toán,D,2026-10-10
2019-02-27,1.81,điểm %,Tính toán,D,2026-10-10
2019-03-01,1.7200000000000002,điểm %,Tính toán,D,2026-10-10
2019-03-04,1.7300000000000009,điểm %,Tính toán,D,2026-10-10
2019-03-05,1.6599999999999997,điểm %,Tính toán,D,2026-10-10
2019-03-06,1.6400000000000001,điểm %,Tính toán,D,2026-10-10
2019-03-07,1.4699999999999998,điểm %,Tính toán,D,2026-10-10
2019-03-08,1.4600000000000004,điểm %,Tính toán,D,2026-10-10
2019-03-11,1.4300000000000002,điểm %,Tính toán,D,2026-10-10
2019-03-12,1.4300000000000002,điểm %,Tính toán,D,2026-10-10
2019-03-13,1.3199999999999998,điểm %,Tính toán,D,2026-10-10
2019-03-15,0.8599999999999999,điểm %,Tính toán,D,2026-10-10
2019-03-18,0.7300000000000004,điểm %,Tính toán,D,2026-10-10
2019-03-19,0.6700000000000004,điểm %,Tính toán,D,2026-10-10
2019-03-20,0.6799999999999997,điểm %,Tính toán,D,2026-10-10
2019-03-21,0.75,điểm %,Tính toán,D,2026-10-10
2019-03-22,0.9099999999999997,điểm %,Tính toán,D,2026-10-10
2019-03-25,1.25,điểm %,Tính toán,D,2026-10-10
2019-03-26,2.06,điểm %,Tính toán,D,2026-10-10
2019-03-27,2.1500000000000004,điểm %,Tính toán,D,2026-10-10
2019-03-28,1.4699999999999998,điểm %,Tính toán,D,2026-10-10
2019-03-29,1.8699999999999997,điểm %,Tính toán,D,2026-10-10
2019-04-01,1.8999999999999995,điểm %,Tính toán,D,2026-10-10
2019-04-02,1.88,điểm %,Tính toán,D,2026-10-10
2019-04-03,1.8399999999999999,điểm %,Tính toán,D,2026-10-10
2019-04-04,1.6600000000000001,điểm %,Tính toán,D,2026-10-10
2019-04-05,1.6600000000000001,điểm %,Tính toán,D,2026-10-10
2019-04-08,1.6499999999999995,điểm %,Tính toán,D,2026-10-10
2019-04-09,1.8999999999999995,điểm %,Tính toán,D,2026-10-10
2019-04-10,2.08,điểm %,Tính toán,D,2026-10-10
2019-04-16,1.79,điểm %,Tính toán,D,2026-10-10
2019-04-17,1.9100000000000001,điểm %,Tính toán,D,2026-10-10
2019-04-18,1.65,điểm %,Tính toán,D,2026-10-10
2019-04-19,1.4499999999999997,điểm %,Tính toán,D,2026-10-10
2019-04-22,1.1500000000000004,điểm %,Tính toán,D,2026-10-10
2019-04-23,0.7999999999999998,điểm %,Tính toán,D,2026-10-10
2019-04-24,0.40000000000000036,điểm %,Tính toán,D,2026-10-10
2019-04-25,-0.1499999999999999,điểm %,Tính toán,D,2026-10-10
2019-04-26,0.30000000000000027,điểm %,Tính toán,D,2026-10-10
2019-05-02,0.8999999999999995,điểm %,Tính toán,D,2026-10-10
2019-05-03,1.3900000000000006,điểm %,Tính toán,D,2026-10-10
2019-05-06,1.5300000000000002,điểm %,Tính toán,D,2026-10-10
2019-05-07,1.48,điểm %,Tính toán,D,2026-10-10
2019-05-08,1.3299999999999996,điểm %,Tính toán,D,2026-10-10
2019-05-09,1.2100000000000004,điểm %,Tính toán,D,2026-10-10
2019-05-10,1.1800000000000002,điểm %,Tính toán,D,2026-10-10
2019-05-13,1.1800000000000002,điểm %,Tính toán,D,2026-10-10
2019-05-14,1.0900000000000003,điểm %,Tính toán,D,2026-10-10
2019-05-15,0.9000000000000004,điểm %,Tính toán,D,2026-10-10
2019-05-17,0.69,điểm %,Tính toán,D,2026-10-10
2019-05-20,0.7599999999999998,điểm %,Tính toán,D,2026-10-10
2019-05-21,0.7499999999999996,điểm %,Tính toán,D,2026-10-10
2019-05-22,0.7000000000000002,điểm %,Tính toán,D,2026-10-10
2019-05-23,0.7000000000000002,điểm %,Tính toán,D,2026-10-10
2019-05-24,0.7200000000000002,điểm %,Tính toán,D,2026-10-10
2019-05-27,0.77,điểm %,Tính toán,D,2026-10-10
2019-05-28,0.7199999999999998,điểm %,Tính toán,D,2026-10-10
2019-05-29,0.45999999999999996,điểm %,Tính toán,D,2026-10-10
2019-05-30,0.13999999999999968,điểm %,Tính toán,D,2026-10-10
2019-05-31,0.3599999999999999,điểm %,Tính toán,D,2026-10-10
2019-06-03,0.9100000000000001,điểm %,Tính toán,D,2026-10-10
2019-06-04,0.8900000000000001,điểm %,Tính toán,D,2026-10-10
2019-06-05,0.7800000000000002,điểm %,Tính toán,D,2026-10-10
2019-06-06,0.73,điểm %,Tính toán,D,2026-10-10
2019-06-07,0.73,điểm %,Tính toán,D,2026-10-10
2019-06-10,0.7999999999999998,điểm %,Tính toán,D,2026-10-10
2019-06-11,0.8899999999999997,điểm %,Tính toán,D,2026-10-10
2019-06-12,0.8399999999999994,điểm %,Tính toán,D,2026-10-10
2019-06-13,0.79,điểm %,Tính toán,D,2026-10-10
2019-06-14,0.73,điểm %,Tính toán,D,2026-10-10
2019-06-17,0.73,điểm %,Tính toán,D,2026-10-10
2019-06-18,0.7499999999999996,điểm %,Tính toán,D,2026-10-10
2019-06-19,0.7499999999999996,điểm %,Tính toán,D,2026-10-10
2019-06-20,0.7399999999999998,điểm %,Tính toán,D,2026-10-10
2019-06-21,0.7399999999999998,điểm %,Tính toán,D,2026-10-10
2019-06-24,0.94,điểm %,Tính toán,D,2026-10-10
2019-06-25,1.2400000000000002,điểm %,Tính toán,D,2026-10-10
2019-06-26,1.4300000000000002,điểm %,Tính toán,D,2026-10-10
2019-06-27,1.56,điểm %,Tính toán,D,2026-10-10
2019-06-28,1.7500000000000004,điểm %,Tính toán,D,2026-10-10
2019-07-01,1.6599999999999997,điểm %,Tính toán,D,2026-10-10
2019-07-02,1.48,điểm %,Tính toán,D,2026-10-10
2019-07-03,1.1899999999999995,điểm %,Tính toán,D,2026-10-10
2019-07-04,0.9999999999999996,điểm %,Tính toán,D,2026-10-10
2019-07-05,0.8300000000000001,điểm %,Tính toán,D,2026-10-10
2019-07-08,0.7999999999999994,điểm %,Tính toán,D,2026-10-10
2019-07-09,0.8099999999999996,điểm %,Tính toán,D,2026-10-10
2019-07-10,0.7799999999999998,điểm %,Tính toán,D,2026-10-10
2019-07-11,0.7399999999999998,điểm %,Tính toán,D,2026-10-10
2019-07-12,0.7000000000000002,điểm %,Tính toán,D,2026-10-10
2019-07-15,0.69,điểm %,Tính toán,D,2026-10-10
2019-07-16,0.6600000000000001,điểm %,Tính toán,D,2026-10-10
2019-07-18,0.6499999999999999,điểm %,Tính toán,D,2026-10-10
2019-07-19,0.36999999999999966,điểm %,Tính toán,D,2026-10-10
2019-07-22,0.3400000000000003,điểm %,Tính toán,D,2026-10-10
2019-07-23,0.40000000000000036,điểm %,Tính toán,D,2026-10-10
2019-07-24,0.3500000000000001,điểm %,Tính toán,D,2026-10-10
2019-07-25,0.29000000000000004,điểm %,Tính toán,D,2026-10-10
2019-07-26,0.30000000000000027,điểm %,Tính toán,D,2026-10-10
2019-07-29,0.27,điểm %,Tính toán,D,2026-10-10
2019-07-30,0.31000000000000005,điểm %,Tính toán,D,2026-10-10
2019-07-31,0.3400000000000003,điểm %,Tính toán,D,2026-10-10
2019-08-01,0.7399999999999998,điểm %,Tính toán,D,2026-10-10
2019-08-02,0.7499999999999996,điểm %,Tính toán,D,2026-10-10
2019-08-05,0.8000000000000003,điểm %,Tính toán,D,2026-10-10
2019-08-06,0.9100000000000001,điểm %,Tính toán,D,2026-10-10
2019-08-07,0.9500000000000002,điểm %,Tính toán,D,2026-10-10
2019-08-08,0.8899999999999997,điểm %,Tính toán,D,2026-10-10
2019-08-09,0.8899999999999997,điểm %,Tính toán,D,2026-10-10
2019-08-12,0.94,điểm %,Tính toán,D,2026-10-10
2019-08-13,0.9100000000000001,điểm %,Tính toán,D,2026-10-10
2019-08-14,0.8599999999999999,điểm %,Tính toán,D,2026-10-10
2019-08-15,0.8199999999999998,điểm %,Tính toán,D,2026-10-10
2019-08-16,0.8199999999999998,điểm %,Tính toán,D,2026-10-10
2019-08-19,0.8799999999999999,điểm %,Tính toán,D,2026-10-10
2019-08-20,0.9199999999999999,điểm %,Tính toán,D,2026-10-10
2019-08-21,0.98,điểm %,Tính toán,D,2026-10-10
2019-08-22,0.9500000000000002,điểm %,Tính toán,D,2026-10-10
2019-08-23,1.1600000000000001,điểm %,Tính toán,D,2026-10-10
2019-08-26,1.8699999999999997,điểm %,Tính toán,D,2026-10-10
2019-08-27,2.92,điểm %,Tính toán,D,2026-10-10
2019-08-28,2.63,điểm %,Tính toán,D,2026-10-10
2019-08-29,1.92,điểm %,Tính toán,D,2026-10-10
2019-08-30,2.87,điểm %,Tính toán,D,2026-10-10
2019-09-03,2.62,điểm %,Tính toán,D,2026-10-10
2019-09-04,2.2699999999999996,điểm %,Tính toán,D,2026-10-10
2019-09-05,1.9500000000000002,điểm %,Tính toán,D,2026-10-10
2019-09-06,1.5999999999999996,điểm %,Tính toán,D,2026-10-10
2019-09-10,1.2200000000000002,điểm %,Tính toán,D,2026-10-10
2019-09-11,1.06,điểm %,Tính toán,D,2026-10-10
2019-09-12,0.8300000000000001,điểm %,Tính toán,D,2026-10-10
2019-09-13,0.7000000000000002,điểm %,Tính toán,D,2026-10-10
2019-09-16,0.33999999999999986,điểm %,Tính toán,D,2026-10-10
2019-09-17,0.18999999999999995,điểm %,Tính toán,D,2026-10-10
2019-09-18,0.14000000000000012,điểm %,Tính toán,D,2026-10-10
2019-09-19,0.31000000000000005,điểm %,Tính toán,D,2026-10-10
2019-09-20,0.26000000000000023,điểm %,Tính toán,D,2026-10-10
2019-09-23,0.18000000000000016,điểm %,Tính toán,D,2026-10-10
2019-09-24,0.16999999999999993,điểm %,Tính toán,D,2026-10-10
2019-09-25,0.15000000000000036,điểm %,Tính toán,D,2026-10-10
2019-09-26,0.22999999999999998,điểm %,Tính toán,D,2026-10-10
2019-09-27,0.18999999999999995,điểm %,Tính toán,D,2026-10-10
2019-09-30,-0.16000000000000014,điểm %,Tính toán,D,2026-10-10
2019-10-01,0.31999999999999984,điểm %,Tính toán,D,2026-10-10
2019-10-02,0.33999999999999986,điểm %,Tính toán,D,2026-10-10
2019-10-03,0.33999999999999986,điểm %,Tính toán,D,2026-10-10
2019-10-04,0.28,điểm %,Tính toán,D,2026-10-10
2019-10-07,0.2300000000000002,điểm %,Tính toán,D,2026-10-10
2019-10-08,0.19999999999999996,điểm %,Tính toán,D,2026-10-10
2019-10-09,0.16000000000000014,điểm %,Tính toán,D,2026-10-10
2019-10-10,0.07000000000000006,điểm %,Tính toán,D,2026-10-10
2019-10-11,-0.02000000000000024,điểm %,Tính toán,D,2026-10-10
2019-10-14,-0.06000000000000005,điểm %,Tính toán,D,2026-10-10
2019-10-15,-0.17999999999999994,điểm %,Tính toán,D,2026-10-10
2019-10-16,-0.20999999999999996,điểm %,Tính toán,D,2026-10-10
2019-10-17,-0.16000000000000014,điểm %,Tính toán,D,2026-10-10
2019-10-21,-0.1499999999999999,điểm %,Tính toán,D,2026-10-10
2019-10-22,-0.19000000000000017,điểm %,Tính toán,D,2026-10-10
2019-10-23,-0.2400000000000002,điểm %,Tính toán,D,2026-10-10
2019-10-24,-0.2400000000000002,điểm %,Tính toán,D,2026-10-10
2019-10-25,-0.020000000000000018,điểm %,Tính toán,D,2026-10-10
2019-10-28,0.45999999999999996,điểm %,Tính toán,D,2026-10-10
2019-10-29,0.2899999999999998,điểm %,Tính toán,D,2026-10-10
2019-10-30,-0.15000000000000013,điểm %,Tính toán,D,2026-10-10
2019-10-31,-0.07000000000000006,điểm %,Tính toán,D,2026-10-10
2019-11-01,0.1699999999999997,điểm %,Tính toán,D,2026-10-10
2019-11-04,0.4099999999999999,điểm %,Tính toán,D,2026-10-10
2019-11-05,0.6699999999999999,điểm %,Tính toán,D,2026-10-10
2019-11-06,0.5599999999999998,điểm %,Tính toán,D,2026-10-10
2019-11-07,0.5000000000000002,điểm %,Tính toán,D,2026-10-10
2019-11-11,0.47,điểm %,Tính toán,D,2026-10-10
2019-11-12,0.44000000000000017,điểm %,Tính toán,D,2026-10-10
2019-11-13,0.34999999999999987,điểm %,Tính toán,D,2026-10-10
2019-11-14,0.27,điểm %,Tính toán,D,2026-10-10
2019-11-15,0.17999999999999994,điểm %,Tính toán,D,2026-10-10
2019-11-18,0.16999999999999993,điểm %,Tính toán,D,2026-10-10
2019-11-19,0.55,điểm %,Tính toán,D,2026-10-10
2019-11-20,0.8,điểm %,Tính toán,D,2026-10-10
2019-11-21,1.7899999999999998,điểm %,Tính toán,D,2026-10-10
2019-11-22,2.26,điểm %,Tính toán,D,2026-10-10
2019-11-25,2.26,điểm %,Tính toán,D,2026-10-10
2019-11-26,3.0,điểm %,Tính toán,D,2026-10-10
2019-11-27,2.2699999999999996,điểm %,Tính toán,D,2026-10-10
2019-11-28,2.09,điểm %,Tính toán,D,2026-10-10
2019-11-29,2.37,điểm %,Tính toán,D,2026-10-10
2019-12-02,2.7199999999999993,điểm %,Tính toán,D,2026-10-10
2019-12-03,2.66,điểm %,Tính toán,D,2026-10-10
2019-12-04,2.59,điểm %,Tính toán,D,2026-10-10
2019-12-05,2.6100000000000003,điểm %,Tính toán,D,2026-10-10
2019-12-06,2.5700000000000003,điểm %,Tính toán,D,2026-10-10
2019-12-09,2.54,điểm %,Tính toán,D,2026-10-10
2019-12-10,2.6000000000000005,điểm %,Tính toán,D,2026-10-10
2019-12-11,2.62,điểm %,Tính toán,D,2026-10-10
2019-12-12,2.3499999999999996,điểm %,Tính toán,D,2026-10-10
2019-12-13,2.0999999999999996,điểm %,Tính toán,D,2026-10-10
2019-12-16,1.8199999999999998,điểm %,Tính toán,D,2026-10-10
2019-12-17,1.5899999999999996,điểm %,Tính toán,D,2026-10-10
2019-12-18,1.2500000000000002,điểm %,Tính toán,D,2026-10-10
2019-12-19,0.9000000000000001,điểm %,Tính toán,D,2026-10-10
2019-12-20,0.47,điểm %,Tính toán,D,2026-10-10
2019-12-23,0.27,điểm %,Tính toán,D,2026-10-10
2019-12-24,0.15999999999999992,điểm %,Tính toán,D,2026-10-10
2019-12-25,0.1299999999999999,điểm %,Tính toán,D,2026-10-10
2019-12-26,-0.010000000000000009,điểm %,Tính toán,D,2026-10-10
2019-12-27,-0.030000000000000027,điểm %,Tính toán,D,2026-10-10
2019-12-30,-0.25,điểm %,Tính toán,D,2026-10-10
2019-12-31,-0.1200000000000001,điểm %,Tính toán,D,2026-10-10
2020-01-02,0.8899999999999999,điểm %,Tính toán,D,2026-10-10
2020-01-03,0.44000000000000017,điểm %,Tính toán,D,2026-10-10
2020-01-06,0.44000000000000017,điểm %,Tính toán,D,2026-10-10
2020-01-07,-0.24,điểm %,Tính toán,D,2026-10-10
2020-01-08,-0.4500000000000002,điểm %,Tính toán,D,2026-10-10
2020-01-09,-0.6200000000000001,điểm %,Tính toán,D,2026-10-10
2020-01-10,-0.75,điểm %,Tính toán,D,2026-10-10
2020-01-13,-0.79,điểm %,Tính toán,D,2026-10-10
2020-01-14,-0.8,điểm %,Tính toán,D,2026-10-10
2020-01-15,-0.83,điểm %,Tính toán,D,2026-10-10
2020-01-16,-0.72,điểm %,Tính toán,D,2026-10-10
2020-01-17,1.03,điểm %,Tính toán,D,2026-10-10
2020-01-20,1.3399999999999996,điểm %,Tính toán,D,2026-10-10
2020-01-21,1.61,điểm %,Tính toán,D,2026-10-10
2020-01-22,1.5999999999999999,điểm %,Tính toán,D,2026-10-10
2020-01-30,1.25,điểm %,Tính toán,D,2026-10-10
2020-01-31,1.49,điểm %,Tính toán,D,2026-10-10
2020-02-03,1.5599999999999998,điểm %,Tính toán,D,2026-10-10
2020-02-04,1.51,điểm %,Tính toán,D,2026-10-10
2020-02-05,1.22,điểm %,Tính toán,D,2026-10-10
2020-02-06,1.01,điểm %,Tính toán,D,2026-10-10
2020-02-07,0.75,điểm %,Tính toán,D,2026-10-10
2020-02-10,0.6699999999999999,điểm %,Tính toán,D,2026-10-10
2020-02-11,0.71,điểm %,Tính toán,D,2026-10-10
2020-02-12,0.6299999999999999,điểm %,Tính toán,D,2026-10-10
2020-02-13,0.4700000000000002,điểm %,Tính toán,D,2026-10-10
2020-02-14,0.41999999999999993,điểm %,Tính toán,D,2026-10-10
2020-02-17,0.32999999999999985,điểm %,Tính toán,D,2026-10-10
2020-02-18,0.29000000000000004,điểm %,Tính toán,D,2026-10-10
2020-02-19,0.30999999999999983,điểm %,Tính toán,D,2026-10-10
2020-02-20,0.47999999999999976,điểm %,Tính toán,D,2026-10-10
2020-02-21,0.5099999999999998,điểm %,Tính toán,D,2026-10-10
2020-02-24,0.5099999999999998,điểm %,Tính toán,D,2026-10-10
2020-02-25,0.9300000000000002,điểm %,Tính toán,D,2026-10-10
2020-02-26,0.81,điểm %,Tính toán,D,2026-10-10
2020-02-27,0.52,điểm %,Tính toán,D,2026-10-10
2020-02-28,0.43999999999999995,điểm %,Tính toán,D,2026-10-10
2020-03-02,0.4600000000000002,điểm %,Tính toán,D,2026-10-10
2020-03-04,0.9399999999999997,điểm %,Tính toán,D,2026-10-10
2020-03-05,0.9000000000000001,điểm %,Tính toán,D,2026-10-10
2020-03-06,0.8699999999999999,điểm %,Tính toán,D,2026-10-10
2020-03-09,1.1300000000000001,điểm %,Tính toán,D,2026-10-10
2020-03-10,1.28,điểm %,Tính toán,D,2026-10-10
2020-03-11,1.3499999999999999,điểm %,Tính toán,D,2026-10-10
2020-03-12,1.38,điểm %,Tính toán,D,2026-10-10
2020-03-13,1.23,điểm %,Tính toán,D,2026-10-10
2020-03-16,1.9899999999999998,điểm %,Tính toán,D,2026-10-10
2020-03-17,1.8599999999999999,điểm %,Tính toán,D,2026-10-10
2020-03-18,1.77,điểm %,Tính toán,D,2026-10-10
2020-03-19,1.75,điểm %,Tính toán,D,2026-10-10
2020-03-20,1.71,điểm %,Tính toán,D,2026-10-10
2020-03-23,1.7400000000000002,điểm %,Tính toán,D,2026-10-10
2020-03-24,1.75,điểm %,Tính toán,D,2026-10-10
2020-03-25,1.7599999999999998,điểm %,Tính toán,D,2026-10-10
2020-03-26,1.7999999999999998,điểm %,Tính toán,D,2026-10-10
2020-03-27,1.9699999999999998,điểm %,Tính toán,D,2026-10-10
2020-03-30,2.1,điểm %,Tính toán,D,2026-10-10
2020-03-31,2.36,điểm %,Tính toán,D,2026-10-10
2020-04-01,3.21,điểm %,Tính toán,D,2026-10-10
2020-04-03,3.48,điểm %,Tính toán,D,2026-10-10
2020-04-06,3.5100000000000002,điểm %,Tính toán,D,2026-10-10
2020-04-07,3.1500000000000004,điểm %,Tính toán,D,2026-10-10
2020-04-08,2.6500000000000004,điểm %,Tính toán,D,2026-10-10
2020-04-09,2.2800000000000002,điểm %,Tính toán,D,2026-10-10
2020-04-10,1.8800000000000001,điểm %,Tính toán,D,2026-10-10
2020-04-13,1.6899999999999997,điểm %,Tính toán,D,2026-10-10
2020-04-14,1.6500000000000001,điểm %,Tính toán,D,2026-10-10
2020-04-15,1.72,điểm %,Tính toán,D,2026-10-10
2020-04-16,1.5799999999999998,điểm %,Tính toán,D,2026-10-10
2020-04-17,1.54,điểm %,Tính toán,D,2026-10-10
2020-04-20,1.7000000000000002,điểm %,Tính toán,D,2026-10-10
2020-04-21,2.44,điểm %,Tính toán,D,2026-10-10
2020-04-22,2.5,điểm %,Tính toán,D,2026-10-10
2020-04-23,2.25,điểm %,Tính toán,D,2026-10-10
2020-04-24,1.99,điểm %,Tính toán,D,2026-10-10
2020-04-27,1.88,điểm %,Tính toán,D,2026-10-10
2020-04-28,1.9,điểm %,Tính toán,D,2026-10-10
2020-04-29,2.07,điểm %,Tính toán,D,2026-10-10
2020-05-04,1.95,điểm %,Tính toán,D,2026-10-10
2020-05-05,2.19,điểm %,Tính toán,D,2026-10-10
2020-05-06,2.08,điểm %,Tính toán,D,2026-10-10
2020-05-07,1.92,điểm %,Tính toán,D,2026-10-10
2020-05-08,1.7000000000000002,điểm %,Tính toán,D,2026-10-10
2020-05-11,1.55,điểm %,Tính toán,D,2026-10-10
2020-05-12,1.47,điểm %,Tính toán,D,2026-10-10
2020-05-13,1.3299999999999998,điểm %,Tính toán,D,2026-10-10
2020-05-14,1.21,điểm %,Tính toán,D,2026-10-10
2020-05-15,1.1400000000000001,điểm %,Tính toán,D,2026-10-10
2020-05-18,0.97,điểm %,Tính toán,D,2026-10-10
2020-05-19,0.83,điểm %,Tính toán,D,2026-10-10
2020-05-20,0.5499999999999999,điểm %,Tính toán,D,2026-10-10
2020-05-21,0.42000000000000004,điểm %,Tính toán,D,2026-10-10
2020-05-22,0.36000000000000004,điểm %,Tính toán,D,2026-10-10
2020-05-25,0.42000000000000004,điểm %,Tính toán,D,2026-10-10
2020-05-26,0.35000000000000003,điểm %,Tính toán,D,2026-10-10
2020-05-27,0.28,điểm %,Tính toán,D,2026-10-10
2020-05-28,0.22999999999999998,điểm %,Tính toán,D,2026-10-10
2020-05-29,0.25,điểm %,Tính toán,D,2026-10-10
2020-06-01,0.41,điểm %,Tính toán,D,2026-10-10
2020-06-02,0.32,điểm %,Tính toán,D,2026-10-10
2020-06-03,0.27,điểm %,Tính toán,D,2026-10-10
2020-06-04,0.21000000000000002,điểm %,Tính toán,D,2026-10-10
2020-06-05,0.18,điểm %,Tính toán,D,2026-10-10
2020-06-08,0.15999999999999998,điểm %,Tính toán,D,2026-10-10
2020-06-09,0.13,điểm %,Tính toán,D,2026-10-10
2020-06-10,0.09999999999999999,điểm %,Tính toán,D,2026-10-10
2020-06-11,0.08,điểm %,Tính toán,D,2026-10-10
2020-06-12,0.09999999999999999,điểm %,Tính toán,D,2026-10-10
2020-06-15,0.07999999999999999,điểm %,Tính toán,D,2026-10-10
2020-06-16,0.07999999999999999,điểm %,Tính toán,D,2026-10-10
2020-06-17,0.07999999999999999,điểm %,Tính toán,D,2026-10-10
2020-06-18,0.06,điểm %,Tính toán,D,2026-10-10
2020-06-19,0.04000000000000001,điểm %,Tính toán,D,2026-10-10
2020-06-22,0.059999999999999984,điểm %,Tính toán,D,2026-10-10
2020-06-23,0.06999999999999999,điểm %,Tính toán,D,2026-10-10
2020-06-24,0.06999999999999999,điểm %,Tính toán,D,2026-10-10
2020-06-25,0.05,điểm %,Tính toán,D,2026-10-10
2020-06-26,0.05,điểm %,Tính toán,D,2026-10-10
2020-06-29,0.039999999999999994,điểm %,Tính toán,D,2026-10-10
2020-06-30,0.06999999999999999,điểm %,Tính toán,D,2026-10-10
2020-07-01,0.05,điểm %,Tính toán,D,2026-10-10
2020-07-02,0.03,điểm %,Tính toán,D,2026-10-10
2020-07-03,0.03,điểm %,Tính toán,D,2026-10-10
2020-07-06,0.04000000000000001,điểm %,Tính toán,D,2026-10-10
2020-07-07,0.04000000000000001,điểm %,Tính toán,D,2026-10-10
2020-07-08,0.04000000000000001,điểm %,Tính toán,D,2026-10-10
2020-07-09,0.04999999999999999,điểm %,Tính toán,D,2026-10-10
2020-07-10,0.06,điểm %,Tính toán,D,2026-10-10
2020-07-13,0.06,điểm %,Tính toán,D,2026-10-10
2020-07-14,0.04999999999999999,điểm %,Tính toán,D,2026-10-10
2020-07-15,0.03999999999999998,điểm %,Tính toán,D,2026-10-10
2020-07-16,0.03,điểm %,Tính toán,D,2026-10-10
2020-07-17,0.04999999999999999,điểm %,Tính toán,D,2026-10-10
2020-07-20,0.04999999999999999,điểm %,Tính toán,D,2026-10-10
2020-07-21,0.04999999999999999,điểm %,Tính toán,D,2026-10-10
2020-07-22,0.06,điểm %,Tính toán,D,2026-10-10
2020-07-23,0.04999999999999999,điểm %,Tính toán,D,2026-10-10
2020-07-24,0.06,điểm %,Tính toán,D,2026-10-10
2020-07-27,0.09,điểm %,Tính toán,D,2026-10-10
2020-07-28,0.13999999999999999,điểm %,Tính toán,D,2026-10-10
2020-07-29,0.13999999999999999,điểm %,Tính toán,D,2026-10-10
2020-07-30,0.1,điểm %,Tính toán,D,2026-10-10
2020-07-31,0.10999999999999999,điểm %,Tính toán,D,2026-10-10
2020-08-03,0.15,điểm %,Tính toán,D,2026-10-10
2020-08-04,0.15,điểm %,Tính toán,D,2026-10-10
2020-08-05,0.15,điểm %,Tính toán,D,2026-10-10
2020-08-06,0.13999999999999999,điểm %,Tính toán,D,2026-10-10
2020-08-07,0.12,điểm %,Tính toán,D,2026-10-10
2020-08-10,0.12,điểm %,Tính toán,D,2026-10-10
2020-08-11,0.10999999999999999,điểm %,Tính toán,D,2026-10-10
2020-08-12,0.09,điểm %,Tính toán,D,2026-10-10
2020-08-13,0.07999999999999999,điểm %,Tính toán,D,2026-10-10
2020-08-14,0.07999999999999999,điểm %,Tính toán,D,2026-10-10
2020-08-17,0.09,điểm %,Tính toán,D,2026-10-10
2020-08-18,0.11000000000000001,điểm %,Tính toán,D,2026-10-10
2020-08-19,0.11000000000000001,điểm %,Tính toán,D,2026-10-10
2020-08-20,0.1,điểm %,Tính toán,D,2026-10-10
2020-08-21,0.1,điểm %,Tính toán,D,2026-10-10
2020-08-24,0.1,điểm %,Tính toán,D,2026-10-10
2020-08-25,0.1,điểm %,Tính toán,D,2026-10-10
2020-08-26,0.1,điểm %,Tính toán,D,2026-10-10
2020-08-27,0.11,điểm %,Tính toán,D,2026-10-10
2020-08-28,0.09,điểm %,Tính toán,D,2026-10-10
2020-08-31,0.07,điểm %,Tính toán,D,2026-10-10
2020-09-01,0.07,điểm %,Tính toán,D,2026-10-10
2020-09-03,0.07,điểm %,Tính toán,D,2026-10-10
2020-09-04,0.07,điểm %,Tính toán,D,2026-10-10
2020-09-07,0.06,điểm %,Tính toán,D,2026-10-10
2020-09-08,0.06,điểm %,Tính toán,D,2026-10-10
2020-09-09,0.06,điểm %,Tính toán,D,2026-10-10
2020-09-10,0.06,điểm %,Tính toán,D,2026-10-10
2020-09-11,0.04999999999999999,điểm %,Tính toán,D,2026-10-10
2020-09-14,0.04999999999999999,điểm %,Tính toán,D,2026-10-10
2020-09-15,0.04999999999999999,điểm %,Tính toán,D,2026-10-10
2020-09-16,0.04000000000000001,điểm %,Tính toán,D,2026-10-10
2020-09-17,0.020000000000000004,điểm %,Tính toán,D,2026-10-10
2020-09-18,0.020000000000000004,điểm %,Tính toán,D,2026-10-10
2020-09-21,0.020000000000000004,điểm %,Tính toán,D,2026-10-10
2020-09-22,0.020000000000000004,điểm %,Tính toán,D,2026-10-10
2020-09-23,0.010000000000000009,điểm %,Tính toán,D,2026-10-10
2020-09-24,0.020000000000000004,điểm %,Tính toán,D,2026-10-10
2020-09-25,0.020000000000000004,điểm %,Tính toán,D,2026-10-10
2020-09-28,0.020000000000000004,điểm %,Tính toán,D,2026-10-10
2020-09-29,0.020000000000000004,điểm %,Tính toán,D,2026-10-10
2020-09-30,0.04000000000000001,điểm %,Tính toán,D,2026-10-10
2020-10-01,0.020000000000000004,điểm %,Tính toán,D,2026-10-10
2020-10-02,0.020000000000000004,điểm %,Tính toán,D,2026-10-10
2020-10-05,0.020000000000000004,điểm %,Tính toán,D,2026-10-10
2020-10-06,0.010000000000000009,điểm %,Tính toán,D,2026-10-10
2020-10-07,0.010000000000000009,điểm %,Tính toán,D,2026-10-10
2020-10-08,0.010000000000000009,điểm %,Tính toán,D,2026-10-10
2020-10-09,0.010000000000000009,điểm %,Tính toán,D,2026-10-10
2020-10-12,0.010000000000000009,điểm %,Tính toán,D,2026-10-10
2020-10-13,0.010000000000000009,điểm %,Tính toán,D,2026-10-10
2020-10-14,0.010000000000000009,điểm %,Tính toán,D,2026-10-10
2020-10-15,0.010000000000000009,điểm %,Tính toán,D,2026-10-10
2020-10-16,0.010000000000000009,điểm %,Tính toán,D,2026-10-10
2020-10-19,0.010000000000000009,điểm %,Tính toán,D,2026-10-10
2020-10-20,0.020000000000000004,điểm %,Tính toán,D,2026-10-10
2020-10-21,0.010000000000000009,điểm %,Tính toán,D,2026-10-10
2020-10-22,0.010000000000000009,điểm %,Tính toán,D,2026-10-10
2020-10-23,0.010000000000000009,điểm %,Tính toán,D,2026-10-10
2020-10-26,0.020000000000000004,điểm %,Tính toán,D,2026-10-10
2020-10-27,0.010000000000000009,điểm %,Tính toán,D,2026-10-10
2020-10-28,0.010000000000000009,điểm %,Tính toán,D,2026-10-10
2020-10-29,0.010000000000000009,điểm %,Tính toán,D,2026-10-10
2020-10-30,0.020000000000000004,điểm %,Tính toán,D,2026-10-10
2020-11-02,0.010000000000000009,điểm %,Tính toán,D,2026-10-10
2020-11-03,0.010000000000000009,điểm %,Tính toán,D,2026-10-10
2020-11-04,0.020000000000000004,điểm %,Tính toán,D,2026-10-10
2020-11-05,0.03,điểm %,Tính toán,D,2026-10-10
2020-11-06,0.03,điểm %,Tính toán,D,2026-10-10
2020-11-09,0.020000000000000004,điểm %,Tính toán,D,2026-10-10
2020-11-10,0.020000000000000004,điểm %,Tính toán,D,2026-10-10
2020-11-11,0.020000000000000004,điểm %,Tính toán,D,2026-10-10
2020-11-12,0.020000000000000004,điểm %,Tính toán,D,2026-10-10
2020-11-13,0.020000000000000004,điểm %,Tính toán,D,2026-10-10
2020-11-16,0.020000000000000004,điểm %,Tính toán,D,2026-10-10
2020-11-17,0.020000000000000004,điểm %,Tính toán,D,2026-10-10
2020-11-18,0.020000000000000004,điểm %,Tính toán,D,2026-10-10
2020-11-19,0.03,điểm %,Tính toán,D,2026-10-10
2020-11-20,0.03,điểm %,Tính toán,D,2026-10-10
2020-11-23,0.03,điểm %,Tính toán,D,2026-10-10
2020-11-24,0.020000000000000004,điểm %,Tính toán,D,2026-10-10
2020-11-25,0.020000000000000004,điểm %,Tính toán,D,2026-10-10
2020-11-26,0.03,điểm %,Tính toán,D,2026-10-10
2020-11-27,0.020000000000000004,điểm %,Tính toán,D,2026-10-10
2020-11-30,0.010000000000000009,điểm %,Tính toán,D,2026-10-10
2020-12-01,0.010000000000000009,điểm %,Tính toán,D,2026-10-10
2020-12-02,0.010000000000000009,điểm %,Tính toán,D,2026-10-10
2020-12-03,0.020000000000000004,điểm %,Tính toán,D,2026-10-10
2020-12-04,0.020000000000000004,điểm %,Tính toán,D,2026-10-10
2020-12-07,0.020000000000000004,điểm %,Tính toán,D,2026-10-10
2020-12-08,0.020000000000000004,điểm %,Tính toán,D,2026-10-10
2020-12-09,0.020000000000000004,điểm %,Tính toán,D,2026-10-10
2020-12-10,0.020000000000000004,điểm %,Tính toán,D,2026-10-10
2020-12-11,0.020000000000000004,điểm %,Tính toán,D,2026-10-10
2020-12-14,0.020000000000000004,điểm %,Tính toán,D,2026-10-10
2020-12-15,0.010000000000000009,điểm %,Tính toán,D,2026-10-10
2020-12-16,0.010000000000000009,điểm %,Tính toán,D,2026-10-10
2020-12-17,0.010000000000000009,điểm %,Tính toán,D,2026-10-10
2020-12-18,0.020000000000000004,điểm %,Tính toán,D,2026-10-10
2020-12-21,0.020000000000000004,điểm %,Tính toán,D,2026-10-10
2020-12-22,0.020000000000000004,điểm %,Tính toán,D,2026-10-10
2020-12-23,0.020000000000000004,điểm %,Tính toán,D,2026-10-10
2020-12-24,0.020000000000000004,điểm %,Tính toán,D,2026-10-10
2020-12-25,0.03,điểm %,Tính toán,D,2026-10-10
2020-12-28,0.03,điểm %,Tính toán,D,2026-10-10
2020-12-29,0.04000000000000001,điểm %,Tính toán,D,2026-10-10
2020-12-30,0.04000000000000001,điểm %,Tính toán,D,2026-10-10
2020-12-31,0.06,điểm %,Tính toán,D,2026-10-10
2021-01-04,0.06,điểm %,Tính toán,D,2026-10-10
2021-01-05,0.04000000000000001,điểm %,Tính toán,D,2026-10-10
2021-01-06,0.020000000000000004,điểm %,Tính toán,D,2026-10-10
2021-01-07,0.020000000000000004,điểm %,Tính toán,D,2026-10-10
2021-01-08,0.020000000000000004,điểm %,Tính toán,D,2026-10-10
2021-01-11,0.020000000000000004,điểm %,Tính toán,D,2026-10-10
2021-01-12,0.010000000000000009,điểm %,Tính toán,D,2026-10-10
2021-01-13,0.010000000000000009,điểm %,Tính toán,D,2026-10-10
2021-01-14,0.010000000000000009,điểm %,Tính toán,D,2026-10-10
2021-01-15,0.020000000000000004,điểm %,Tính toán,D,2026-10-10
2021-01-18,0.020000000000000004,điểm %,Tính toán,D,2026-10-10
2021-01-19,0.010000000000000009,điểm %,Tính toán,D,2026-10-10
2021-01-20,0.010000000000000009,điểm %,Tính toán,D,2026-10-10
2021-01-21,0.020000000000000004,điểm %,Tính toán,D,2026-10-10
2021-01-22,0.020000000000000004,điểm %,Tính toán,D,2026-10-10
2021-01-25,0.020000000000000004,điểm %,Tính toán,D,2026-10-10
2021-01-26,0.03,điểm %,Tính toán,D,2026-10-10
2021-01-27,0.03,điểm %,Tính toán,D,2026-10-10
2021-01-28,0.06999999999999998,điểm %,Tính toán,D,2026-10-10
2021-01-29,0.26,điểm %,Tính toán,D,2026-10-10
2021-02-01,0.52,điểm %,Tính toán,D,2026-10-10
2021-02-02,1.5999999999999999,điểm %,Tính toán,D,2026-10-10
2021-02-03,2.44,điểm %,Tính toán,D,2026-10-10
2021-02-04,2.0,điểm %,Tính toán,D,2026-10-10
2021-02-05,2.01,điểm %,Tính toán,D,2026-10-10
2021-02-08,2.79,điểm %,Tính toán,D,2026-10-10
2021-02-09,2.2199999999999998,điểm %,Tính toán,D,2026-10-10
2021-02-17,2.03,điểm %,Tính toán,D,2026-10-10
2021-02-18,1.27,điểm %,Tính toán,D,2026-10-10
2021-02-19,0.5900000000000001,điểm %,Tính toán,D,2026-10-10
2021-02-22,0.35,điểm %,Tính toán,D,2026-10-10
2021-02-23,0.3,điểm %,Tính toán,D,2026-10-10
2021-02-24,0.26,điểm %,Tính toán,D,2026-10-10
2021-02-25,0.21999999999999997,điểm %,Tính toán,D,2026-10-10
2021-02-26,0.26999999999999996,điểm %,Tính toán,D,2026-10-10
2021-03-01,0.33,điểm %,Tính toán,D,2026-10-10
2021-03-02,0.28,điểm %,Tính toán,D,2026-10-10
2021-03-03,0.24,điểm %,Tính toán,D,2026-10-10
2021-03-04,0.21999999999999997,điểm %,Tính toán,D,2026-10-10
2021-03-05,0.20999999999999996,điểm %,Tính toán,D,2026-10-10
2021-03-08,0.21999999999999997,điểm %,Tính toán,D,2026-10-10
2021-03-09,0.21999999999999997,điểm %,Tính toán,D,2026-10-10
2021-03-10,0.21999999999999997,điểm %,Tính toán,D,2026-10-10
2021-03-11,0.20999999999999996,điểm %,Tính toán,D,2026-10-10
2021-03-12,0.20999999999999996,điểm %,Tính toán,D,2026-10-10
2021-03-15,0.21999999999999997,điểm %,Tính toán,D,2026-10-10
2021-03-16,0.20999999999999996,điểm %,Tính toán,D,2026-10-10
2021-03-17,0.20999999999999996,điểm %,Tính toán,D,2026-10-10
2021-03-18,0.2,điểm %,Tính toán,D,2026-10-10
2021-03-19,0.19,điểm %,Tính toán,D,2026-10-10
2021-03-22,0.2,điểm %,Tính toán,D,2026-10-10
2021-03-23,0.19,điểm %,Tính toán,D,2026-10-10
2021-03-24,0.19,điểm %,Tính toán,D,2026-10-10
2021-03-25,0.18,điểm %,Tính toán,D,2026-10-10
2021-03-26,0.19,điểm %,Tính toán,D,2026-10-10
2021-03-29,0.3,điểm %,Tính toán,D,2026-10-10
2021-03-30,0.16999999999999998,điểm %,Tính toán,D,2026-10-10
2021-03-31,0.2,điểm %,Tính toán,D,2026-10-10
2021-04-01,0.18,điểm %,Tính toán,D,2026-10-10
2021-04-02,0.19,điểm %,Tính toán,D,2026-10-10
2021-04-05,0.18,điểm %,Tính toán,D,2026-10-10
2021-04-06,0.21999999999999997,điểm %,Tính toán,D,2026-10-10
2021-04-07,0.21999999999999997,điểm %,Tính toán,D,2026-10-10
2021-04-08,0.22999999999999998,điểm %,Tính toán,D,2026-10-10
2021-04-09,0.24,điểm %,Tính toán,D,2026-10-10
2021-04-12,0.33,điểm %,Tính toán,D,2026-10-10
2021-04-13,0.36,điểm %,Tính toán,D,2026-10-10
2021-04-14,0.34,điểm %,Tính toán,D,2026-10-10
2021-04-15,0.34,điểm %,Tính toán,D,2026-10-10
2021-04-16,0.36,điểm %,Tính toán,D,2026-10-10
2021-04-19,0.36,điểm %,Tính toán,D,2026-10-10
2021-04-20,0.37,điểm %,Tính toán,D,2026-10-10
2021-04-22,0.35,điểm %,Tính toán,D,2026-10-10
2021-04-23,0.37,điểm %,Tính toán,D,2026-10-10
2021-04-26,0.7,điểm %,Tính toán,D,2026-10-10
2021-04-27,0.98,điểm %,Tính toán,D,2026-10-10
2021-04-28,1.13,điểm %,Tính toán,D,2026-10-10
2021-04-29,0.8399999999999999,điểm %,Tính toán,D,2026-10-10
2021-05-04,0.8899999999999999,điểm %,Tính toán,D,2026-10-10
2021-05-05,1.08,điểm %,Tính toán,D,2026-10-10
2021-05-06,1.23,điểm %,Tính toán,D,2026-10-10
2021-05-07,1.15,điểm %,Tính toán,D,2026-10-10
2021-05-10,1.18,điểm %,Tính toán,D,2026-10-10
2021-05-11,1.19,điểm %,Tính toán,D,2026-10-10
2021-05-12,1.17,điểm %,Tính toán,D,2026-10-10
2021-05-13,1.18,điểm %,Tính toán,D,2026-10-10
2021-05-14,1.16,điểm %,Tính toán,D,2026-10-10
2021-05-17,1.14,điểm %,Tính toán,D,2026-10-10
2021-05-18,1.16,điểm %,Tính toán,D,2026-10-10
2021-05-19,1.16,điểm %,Tính toán,D,2026-10-10
2021-05-20,1.18,điểm %,Tính toán,D,2026-10-10
2021-05-21,1.15,điểm %,Tính toán,D,2026-10-10
2021-05-24,1.19,điểm %,Tính toán,D,2026-10-10
2021-05-25,1.29,điểm %,Tính toán,D,2026-10-10
2021-05-26,1.4,điểm %,Tính toán,D,2026-10-10
2021-05-27,1.4,điểm %,Tính toán,D,2026-10-10
2021-05-28,1.37,điểm %,Tính toán,D,2026-10-10
2021-05-31,1.49,điểm %,Tính toán,D,2026-10-10
2021-06-01,1.48,điểm %,Tính toán,D,2026-10-10
2021-06-02,1.42,điểm %,Tính toán,D,2026-10-10
2021-06-03,1.3299999999999998,điểm %,Tính toán,D,2026-10-10
2021-06-04,1.23,điểm %,Tính toán,D,2026-10-10
2021-06-07,1.0999999999999999,điểm %,Tính toán,D,2026-10-10
2021-06-08,1.0399999999999998,điểm %,Tính toán,D,2026-10-10
2021-06-09,1.0099999999999998,điểm %,Tính toán,D,2026-10-10
2021-06-10,0.95,điểm %,Tính toán,D,2026-10-10
2021-06-11,0.8999999999999999,điểm %,Tính toán,D,2026-10-10
2021-06-14,0.8999999999999999,điểm %,Tính toán,D,2026-10-10
2021-06-15,0.9199999999999999,điểm %,Tính toán,D,2026-10-10
2021-06-16,0.9099999999999999,điểm %,Tính toán,D,2026-10-10
2021-06-17,0.85,điểm %,Tính toán,D,2026-10-10
2021-06-18,0.8900000000000001,điểm %,Tính toán,D,2026-10-10
2021-06-21,0.9999999999999999,điểm %,Tính toán,D,2026-10-10
2021-06-22,0.9800000000000001,điểm %,Tính toán,D,2026-10-10
2021-06-23,1.04,điểm %,Tính toán,D,2026-10-10
2021-06-24,1.1099999999999999,điểm %,Tính toán,D,2026-10-10
2021-06-25,1.13,điểm %,Tính toán,D,2026-10-10
2021-06-28,1.09,điểm %,Tính toán,D,2026-10-10
2021-06-29,0.9999999999999999,điểm %,Tính toán,D,2026-10-10
2021-06-30,1.0499999999999998,điểm %,Tính toán,D,2026-10-10
2021-07-01,0.9900000000000001,điểm %,Tính toán,D,2026-10-10
2021-07-02,0.93,điểm %,Tính toán,D,2026-10-10
2021-07-05,0.9,điểm %,Tính toán,D,2026-10-10
2021-07-06,0.85,điểm %,Tính toán,D,2026-10-10
2021-07-07,0.7999999999999999,điểm %,Tính toán,D,2026-10-10
2021-07-08,0.8400000000000001,điểm %,Tính toán,D,2026-10-10
2021-07-09,0.85,điểm %,Tính toán,D,2026-10-10
2021-07-12,0.8400000000000001,điểm %,Tính toán,D,2026-10-10
2021-07-13,0.83,điểm %,Tính toán,D,2026-10-10
2021-07-14,0.82,điểm %,Tính toán,D,2026-10-10
2021-07-15,0.83,điểm %,Tính toán,D,2026-10-10
2021-07-16,0.83,điểm %,Tính toán,D,2026-10-10
2021-07-19,0.85,điểm %,Tính toán,D,2026-10-10
2021-07-20,0.85,điểm %,Tính toán,D,2026-10-10
2021-07-21,0.85,điểm %,Tính toán,D,2026-10-10
2021-07-22,0.87,điểm %,Tính toán,D,2026-10-10
2021-07-23,0.86,điểm %,Tính toán,D,2026-10-10
2021-07-27,0.9,điểm %,Tính toán,D,2026-10-10
2021-07-28,0.88,điểm %,Tính toán,D,2026-10-10
2021-07-29,0.8400000000000001,điểm %,Tính toán,D,2026-10-10
2021-07-30,0.8999999999999999,điểm %,Tính toán,D,2026-10-10
2021-08-02,0.86,điểm %,Tính toán,D,2026-10-10
2021-08-03,0.86,điểm %,Tính toán,D,2026-10-10
2021-08-04,0.83,điểm %,Tính toán,D,2026-10-10
2021-08-05,0.83,điểm %,Tính toán,D,2026-10-10
2021-08-06,0.82,điểm %,Tính toán,D,2026-10-10
2021-08-09,0.7999999999999999,điểm %,Tính toán,D,2026-10-10
2021-08-10,0.7699999999999999,điểm %,Tính toán,D,2026-10-10
2021-08-11,0.73,điểm %,Tính toán,D,2026-10-10
2021-08-12,0.6900000000000001,điểm %,Tính toán,D,2026-10-10
2021-08-13,0.67,điểm %,Tính toán,D,2026-10-10
2021-08-16,0.65,điểm %,Tính toán,D,2026-10-10
2021-08-17,0.63,điểm %,Tính toán,D,2026-10-10
2021-08-18,0.6200000000000001,điểm %,Tính toán,D,2026-10-10
2021-08-19,0.6,điểm %,Tính toán,D,2026-10-10
2021-08-20,0.5700000000000001,điểm %,Tính toán,D,2026-10-10
2021-08-23,0.56,điểm %,Tính toán,D,2026-10-10
2021-08-24,0.55,điểm %,Tính toán,D,2026-10-10
2021-08-25,0.56,điểm %,Tính toán,D,2026-10-10
2021-08-26,0.56,điểm %,Tính toán,D,2026-10-10
2021-08-27,0.56,điểm %,Tính toán,D,2026-10-10
2021-08-30,0.61,điểm %,Tính toán,D,2026-10-10
2021-08-31,0.5700000000000001,điểm %,Tính toán,D,2026-10-10
2021-09-01,0.42,điểm %,Tính toán,D,2026-10-10
2021-09-06,0.5700000000000001,điểm %,Tính toán,D,2026-10-10
2021-09-07,0.56,điểm %,Tính toán,D,2026-10-10
2021-09-08,0.56,điểm %,Tính toán,D,2026-10-10
2021-09-09,0.5700000000000001,điểm %,Tính toán,D,2026-10-10
2021-09-10,0.55,điểm %,Tính toán,D,2026-10-10
2021-09-13,0.56,điểm %,Tính toán,D,2026-10-10
2021-09-14,0.56,điểm %,Tính toán,D,2026-10-10
2021-09-15,0.5800000000000001,điểm %,Tính toán,D,2026-10-10
2021-09-16,0.56,điểm %,Tính toán,D,2026-10-10
2021-09-17,0.56,điểm %,Tính toán,D,2026-10-10
2021-09-20,0.56,điểm %,Tính toán,D,2026-10-10
2021-09-21,0.6,điểm %,Tính toán,D,2026-10-10
2021-09-22,0.6,điểm %,Tính toán,D,2026-10-10
2021-09-23,0.61,điểm %,Tính toán,D,2026-10-10
2021-09-24,0.6,điểm %,Tính toán,D,2026-10-10
2021-09-27,0.6,điểm %,Tính toán,D,2026-10-10
2021-09-28,0.6,điểm %,Tính toán,D,2026-10-10
2021-09-29,0.5900000000000001,điểm %,Tính toán,D,2026-10-10
2021-09-30,0.5900000000000001,điểm %,Tính toán,D,2026-10-10
2021-10-01,0.5800000000000001,điểm %,Tính toán,D,2026-10-10
2021-10-04,0.5700000000000001,điểm %,Tính toán,D,2026-10-10
2021-10-05,0.5900000000000001,điểm %,Tính toán,D,2026-10-10
2021-10-06,0.5800000000000001,điểm %,Tính toán,D,2026-10-10
2021-10-07,0.5900000000000001,điểm %,Tính toán,D,2026-10-10
2021-10-08,0.5900000000000001,điểm %,Tính toán,D,2026-10-10
2021-10-11,0.5800000000000001,điểm %,Tính toán,D,2026-10-10
2021-10-12,0.5900000000000001,điểm %,Tính toán,D,2026-10-10
2021-10-13,0.5800000000000001,điểm %,Tính toán,D,2026-10-10
2021-10-14,0.5700000000000001,điểm %,Tính toán,D,2026-10-10
2021-10-15,0.5700000000000001,điểm %,Tính toán,D,2026-10-10
2021-10-18,0.5800000000000001,điểm %,Tính toán,D,2026-10-10
2021-10-19,0.56,điểm %,Tính toán,D,2026-10-10
2021-10-20,0.5700000000000001,điểm %,Tính toán,D,2026-10-10
2021-10-21,0.56,điểm %,Tính toán,D,2026-10-10
2021-10-22,0.5700000000000001,điểm %,Tính toán,D,2026-10-10
2021-10-25,0.5700000000000001,điểm %,Tính toán,D,2026-10-10
2021-10-26,0.5700000000000001,điểm %,Tính toán,D,2026-10-10
2021-10-27,0.5700000000000001,điểm %,Tính toán,D,2026-10-10
2021-10-28,0.53,điểm %,Tính toán,D,2026-10-10
2021-10-29,0.54,điểm %,Tính toán,D,2026-10-10
2021-11-01,0.52,điểm %,Tính toán,D,2026-10-10
2021-11-02,0.52,điểm %,Tính toán,D,2026-10-10
2021-11-03,0.5800000000000001,điểm %,Tính toán,D,2026-10-10
2021-11-04,0.54,điểm %,Tính toán,D,2026-10-10
2021-11-05,0.54,điểm %,Tính toán,D,2026-10-10
2021-11-08,0.55,điểm %,Tính toán,D,2026-10-10
2021-11-09,0.53,điểm %,Tính toán,D,2026-10-10
2021-11-10,0.55,điểm %,Tính toán,D,2026-10-10
2021-11-11,0.55,điểm %,Tính toán,D,2026-10-10
2021-11-12,0.5700000000000001,điểm %,Tính toán,D,2026-10-10
2021-11-15,0.5700000000000001,điểm %,Tính toán,D,2026-10-10
2021-11-16,0.55,điểm %,Tính toán,D,2026-10-10
2021-11-17,0.5700000000000001,điểm %,Tính toán,D,2026-10-10
2021-11-18,0.56,điểm %,Tính toán,D,2026-10-10
2021-11-19,0.55,điểm %,Tính toán,D,2026-10-10
2021-11-22,0.55,điểm %,Tính toán,D,2026-10-10
2021-11-23,0.55,điểm %,Tính toán,D,2026-10-10
2021-11-24,0.56,điểm %,Tính toán,D,2026-10-10
2021-11-25,0.55,điểm %,Tính toán,D,2026-10-10
2021-11-26,0.56,điểm %,Tính toán,D,2026-10-10
2021-11-29,0.53,điểm %,Tính toán,D,2026-10-10
2021-11-30,0.5800000000000001,điểm %,Tính toán,D,2026-10-10
2021-12-01,0.5700000000000001,điểm %,Tính toán,D,2026-10-10
2021-12-02,0.56,điểm %,Tính toán,D,2026-10-10
2021-12-03,0.5700000000000001,điểm %,Tính toán,D,2026-10-10
2021-12-06,0.53,điểm %,Tính toán,D,2026-10-10
2021-12-07,0.55,điểm %,Tính toán,D,2026-10-10
2021-12-08,0.56,điểm %,Tính toán,D,2026-10-10
2021-12-09,0.55,điểm %,Tính toán,D,2026-10-10
2021-12-10,0.56,điểm %,Tính toán,D,2026-10-10
2021-12-13,0.5700000000000001,điểm %,Tính toán,D,2026-10-10
2021-12-14,0.5700000000000001,điểm %,Tính toán,D,2026-10-10
2021-12-15,0.56,điểm %,Tính toán,D,2026-10-10
2021-12-16,0.67,điểm %,Tính toán,D,2026-10-10
2021-12-17,0.77,điểm %,Tính toán,D,2026-10-10
2021-12-20,0.8300000000000001,điểm %,Tính toán,D,2026-10-10
2021-12-21,0.9700000000000001,điểm %,Tính toán,D,2026-10-10
2021-12-22,1.26,điểm %,Tính toán,D,2026-10-10
2021-12-23,1.19,điểm %,Tính toán,D,2026-10-10
2021-12-24,1.04,điểm %,Tính toán,D,2026-10-10
2021-12-27,1.04,điểm %,Tính toán,D,2026-10-10
2021-12-28,0.9,điểm %,Tính toán,D,2026-10-10
2021-12-29,0.7300000000000001,điểm %,Tính toán,D,2026-10-10
2021-12-30,0.65,điểm %,Tính toán,D,2026-10-10
2021-12-31,0.6599999999999999,điểm %,Tính toán,D,2026-10-10
2022-01-04,1.72,điểm %,Tính toán,D,2026-10-10
2022-01-05,1.39,điểm %,Tính toán,D,2026-10-10
2022-01-07,1.0899999999999999,điểm %,Tính toán,D,2026-10-10
2022-01-10,1.0599999999999998,điểm %,Tính toán,D,2026-10-10
2022-01-11,1.03,điểm %,Tính toán,D,2026-10-10
2022-01-12,1.01,điểm %,Tính toán,D,2026-10-10
2022-01-13,0.9600000000000001,điểm %,Tính toán,D,2026-10-10
2022-01-14,0.9,điểm %,Tính toán,D,2026-10-10
2022-01-17,0.9400000000000001,điểm %,Tính toán,D,2026-10-10
2022-01-18,0.92,điểm %,Tính toán,D,2026-10-10
2022-01-19,0.9,điểm %,Tính toán,D,2026-10-10
2022-01-20,0.92,điểm %,Tính toán,D,2026-10-10
2022-01-21,0.9500000000000001,điểm %,Tính toán,D,2026-10-10
2022-01-24,1.4,điểm %,Tính toán,D,2026-10-10
2022-01-25,2.2199999999999998,điểm %,Tính toán,D,2026-10-10
2022-01-26,2.48,điểm %,Tính toán,D,2026-10-10
2022-01-27,2.34,điểm %,Tính toán,D,2026-10-10
2022-01-28,2.34,điểm %,Tính toán,D,2026-10-10
2022-02-07,2.19,điểm %,Tính toán,D,2026-10-10
2022-02-08,2.51,điểm %,Tính toán,D,2026-10-10
2022-02-09,3.2399999999999998,điểm %,Tính toán,D,2026-10-10
2022-02-10,3.32,điểm %,Tính toán,D,2026-10-10
2022-02-11,3.0,điểm %,Tính toán,D,2026-10-10
2022-02-14,2.87,điểm %,Tính toán,D,2026-10-10
2022-02-15,2.81,điểm %,Tính toán,D,2026-10-10
2022-02-16,2.82,điểm %,Tính toán,D,2026-10-10
2022-02-17,2.66,điểm %,Tính toán,D,2026-10-10
2022-02-18,2.46,điểm %,Tính toán,D,2026-10-10
2022-02-21,2.44,điểm %,Tính toán,D,2026-10-10
2022-02-22,2.4299999999999997,điểm %,Tính toán,D,2026-10-10
2022-02-23,2.4899999999999998,điểm %,Tính toán,D,2026-10-10
2022-02-24,2.48,điểm %,Tính toán,D,2026-10-10
2022-02-25,2.4699999999999998,điểm %,Tính toán,D,2026-10-10
2022-02-28,2.48,điểm %,Tính toán,D,2026-10-10
2022-03-01,2.46,điểm %,Tính toán,D,2026-10-10
2022-03-02,2.46,điểm %,Tính toán,D,2026-10-10
2022-03-03,2.4299999999999997,điểm %,Tính toán,D,2026-10-10
2022-03-04,2.39,điểm %,Tính toán,D,2026-10-10
2022-03-07,2.32,điểm %,Tính toán,D,2026-10-10
2022-03-08,2.23,điểm %,Tính toán,D,2026-10-10
2022-03-09,2.16,điểm %,Tính toán,D,2026-10-10
2022-03-10,2.07,điểm %,Tính toán,D,2026-10-10
2022-03-11,2.03,điểm %,Tính toán,D,2026-10-10
2022-03-14,2.05,điểm %,Tính toán,D,2026-10-10
2022-03-15,2.1,điểm %,Tính toán,D,2026-10-10
2022-03-16,2.11,điểm %,Tính toán,D,2026-10-10
2022-03-17,1.8599999999999999,điểm %,Tính toán,D,2026-10-10
2022-03-18,1.87,điểm %,Tính toán,D,2026-10-10
2022-03-21,1.8399999999999999,điểm %,Tính toán,D,2026-10-10
2022-03-22,1.85,điểm %,Tính toán,D,2026-10-10
2022-03-23,1.8599999999999999,điểm %,Tính toán,D,2026-10-10
2022-03-24,1.85,điểm %,Tính toán,D,2026-10-10
2022-03-25,1.7999999999999998,điểm %,Tính toán,D,2026-10-10
2022-03-28,1.75,điểm %,Tính toán,D,2026-10-10
2022-03-29,1.6999999999999997,điểm %,Tính toán,D,2026-10-10
2022-03-30,1.6799999999999997,điểm %,Tính toán,D,2026-10-10
2022-03-31,1.75,điểm %,Tính toán,D,2026-10-10
2022-04-01,1.75,điểm %,Tính toán,D,2026-10-10
2022-04-04,1.7599999999999998,điểm %,Tính toán,D,2026-10-10
2022-04-05,1.77,điểm %,Tính toán,D,2026-10-10
2022-04-06,1.7799999999999998,điểm %,Tính toán,D,2026-10-10
2022-04-07,1.7799999999999998,điểm %,Tính toán,D,2026-10-10
2022-04-08,1.7799999999999998,điểm %,Tính toán,D,2026-10-10
2022-04-12,1.7799999999999998,điểm %,Tính toán,D,2026-10-10
2022-04-13,1.79,điểm %,Tính toán,D,2026-10-10
2022-04-14,1.79,điểm %,Tính toán,D,2026-10-10
2022-04-15,1.7799999999999998,điểm %,Tính toán,D,2026-10-10
2022-04-18,1.7799999999999998,điểm %,Tính toán,D,2026-10-10
2022-04-19,1.7199999999999998,điểm %,Tính toán,D,2026-10-10
2022-04-20,1.52,điểm %,Tính toán,D,2026-10-10
2022-04-21,1.18,điểm %,Tính toán,D,2026-10-10
2022-04-22,1.0,điểm %,Tính toán,D,2026-10-10
2022-04-25,0.96,điểm %,Tính toán,D,2026-10-10
2022-04-26,1.0999999999999999,điểm %,Tính toán,D,2026-10-10
2022-04-27,1.0699999999999998,điểm %,Tính toán,D,2026-10-10
2022-04-28,1.04,điểm %,Tính toán,D,2026-10-10
2022-04-29,1.04,điểm %,Tính toán,D,2026-10-10
2022-05-04,1.23,điểm %,Tính toán,D,2026-10-10
2022-05-05,0.7999999999999999,điểm %,Tính toán,D,2026-10-10
2022-05-06,0.87,điểm %,Tính toán,D,2026-10-10
2022-05-09,0.9500000000000001,điểm %,Tính toán,D,2026-10-10
2022-05-10,1.08,điểm %,Tính toán,D,2026-10-10
2022-05-11,1.17,điểm %,Tính toán,D,2026-10-10
2022-05-12,1.2399999999999998,điểm %,Tính toán,D,2026-10-10
2022-05-13,1.2199999999999998,điểm %,Tính toán,D,2026-10-10
2022-05-16,1.15,điểm %,Tính toán,D,2026-10-10
2022-05-17,1.08,điểm %,Tính toán,D,2026-10-10
2022-05-18,0.92,điểm %,Tính toán,D,2026-10-10
2022-05-19,0.7400000000000001,điểm %,Tính toán,D,2026-10-10
2022-05-20,0.4900000000000001,điểm %,Tính toán,D,2026-10-10
2022-05-23,0.30999999999999994,điểm %,Tính toán,D,2026-10-10
2022-05-24,0.21000000000000008,điểm %,Tính toán,D,2026-10-10
2022-05-25,0.10000000000000009,điểm %,Tính toán,D,2026-10-10
2022-05-26,-0.08999999999999997,điểm %,Tính toán,D,2026-10-10
2022-05-27,-0.29999999999999993,điểm %,Tính toán,D,2026-10-10
2022-05-30,-0.44999999999999996,điểm %,Tính toán,D,2026-10-10
2022-05-31,-0.49999999999999994,điểm %,Tính toán,D,2026-10-10
2022-06-01,-0.35,điểm %,Tính toán,D,2026-10-10
2022-06-02,-0.37999999999999995,điểm %,Tính toán,D,2026-10-10
2022-06-03,-0.42999999999999994,điểm %,Tính toán,D,2026-10-10
2022-06-06,-0.43999999999999995,điểm %,Tính toán,D,2026-10-10
2022-06-07,-0.41,điểm %,Tính toán,D,2026-10-10
2022-06-08,-0.41,điểm %,Tính toán,D,2026-10-10
2022-06-09,-0.44999999999999996,điểm %,Tính toán,D,2026-10-10
2022-06-10,-0.44999999999999996,điểm %,Tính toán,D,2026-10-10
2022-06-13,-0.45999999999999996,điểm %,Tính toán,D,2026-10-10
2022-06-14,-0.47,điểm %,Tính toán,D,2026-10-10
2022-06-15,-0.45999999999999996,điểm %,Tính toán,D,2026-10-10
2022-06-16,-1.21,điểm %,Tính toán,D,2026-10-10
2022-06-17,-1.21,điểm %,Tính toán,D,2026-10-10
2022-06-20,-1.2000000000000002,điểm %,Tính toán,D,2026-10-10
2022-06-21,-1.2000000000000002,điểm %,Tính toán,D,2026-10-10
2022-06-22,-1.21,điểm %,Tính toán,D,2026-10-10
2022-06-23,-1.1400000000000001,điểm %,Tính toán,D,2026-10-10
2022-06-24,-0.9800000000000001,điểm %,Tính toán,D,2026-10-10
2022-06-27,-0.8900000000000001,điểm %,Tính toán,D,2026-10-10
2022-06-28,-0.9,điểm %,Tính toán,D,2026-10-10
2022-06-29,-0.8700000000000001,điểm %,Tính toán,D,2026-10-10
2022-07-01,-0.7100000000000001,điểm %,Tính toán,D,2026-10-10
2022-07-04,-0.7000000000000001,điểm %,Tính toán,D,2026-10-10
2022-07-05,-0.7000000000000001,điểm %,Tính toán,D,2026-10-10
2022-07-06,-0.7600000000000001,điểm %,Tính toán,D,2026-10-10
2022-07-07,-0.8900000000000001,điểm %,Tính toán,D,2026-10-10
2022-07-08,-0.9,điểm %,Tính toán,D,2026-10-10
2022-07-11,-0.8600000000000001,điểm %,Tính toán,D,2026-10-10
2022-07-12,-0.8700000000000001,điểm %,Tính toán,D,2026-10-10
2022-07-13,-0.8500000000000001,điểm %,Tính toán,D,2026-10-10
2022-07-14,-0.8200000000000001,điểm %,Tính toán,D,2026-10-10
2022-07-15,-0.7500000000000001,điểm %,Tính toán,D,2026-10-10
2022-07-18,-0.6200000000000001,điểm %,Tính toán,D,2026-10-10
2022-07-19,-0.43000000000000016,điểm %,Tính toán,D,2026-10-10
2022-07-20,-0.18000000000000016,điểm %,Tính toán,D,2026-10-10
2022-07-21,0.5800000000000001,điểm %,Tính toán,D,2026-10-10
2022-07-22,1.2199999999999998,điểm %,Tính toán,D,2026-10-10
2022-07-25,2.09,điểm %,Tính toán,D,2026-10-10
2022-07-26,3.4299999999999997,điểm %,Tính toán,D,2026-10-10
2022-07-27,3.55,điểm %,Tính toán,D,2026-10-10
2022-07-28,2.3499999999999996,điểm %,Tính toán,D,2026-10-10
2022-07-29,1.8700000000000006,điểm %,Tính toán,D,2026-10-10
2022-08-01,1.8499999999999996,điểm %,Tính toán,D,2026-10-10
2022-08-02,1.7000000000000002,điểm %,Tính toán,D,2026-10-10
2022-08-03,1.7699999999999996,điểm %,Tính toán,D,2026-10-10
2022-08-04,1.83,điểm %,Tính toán,D,2026-10-10
2022-08-05,2.0300000000000002,điểm %,Tính toán,D,2026-10-10
2022-08-08,2.09,điểm %,Tính toán,D,2026-10-10
2022-08-09,1.96,điểm %,Tính toán,D,2026-10-10
2022-08-10,1.65,điểm %,Tính toán,D,2026-10-10
2022-08-11,0.9699999999999998,điểm %,Tính toán,D,2026-10-10
2022-08-12,0.3799999999999999,điểm %,Tính toán,D,2026-10-10
2022-08-15,-0.06000000000000005,điểm %,Tính toán,D,2026-10-10
2022-08-16,-0.3400000000000001,điểm %,Tính toán,D,2026-10-10
2022-08-17,-0.28000000000000025,điểm %,Tính toán,D,2026-10-10
2022-08-18,0.10000000000000009,điểm %,Tính toán,D,2026-10-10
2022-08-19,0.16000000000000014,điểm %,Tính toán,D,2026-10-10
2022-08-22,0.3999999999999999,điểm %,Tính toán,D,2026-10-10
2022-08-23,1.44,điểm %,Tính toán,D,2026-10-10
2022-08-24,1.4899999999999998,điểm %,Tính toán,D,2026-10-10
2022-08-25,1.4100000000000001,điểm %,Tính toán,D,2026-10-10
2022-08-26,1.25,điểm %,Tính toán,D,2026-10-10
2022-08-29,1.5499999999999998,điểm %,Tính toán,D,2026-10-10
2022-08-30,2.09,điểm %,Tính toán,D,2026-10-10
2022-08-31,2.09,điểm %,Tính toán,D,2026-10-10
2022-09-05,2.88,điểm %,Tính toán,D,2026-10-10
2022-09-06,3.38,điểm %,Tính toán,D,2026-10-10
2022-09-07,4.55,điểm %,Tính toán,D,2026-10-10
2022-09-08,3.5700000000000003,điểm %,Tính toán,D,2026-10-10
2022-09-09,2.29,điểm %,Tính toán,D,2026-10-10
2022-09-12,1.96,điểm %,Tính toán,D,2026-10-10
2022-09-13,1.87,điểm %,Tính toán,D,2026-10-10
2022-09-14,1.8399999999999999,điểm %,Tính toán,D,2026-10-10
2022-09-15,1.88,điểm %,Tính toán,D,2026-10-10
2022-09-16,1.92,điểm %,Tính toán,D,2026-10-10
2022-09-19,1.9299999999999997,điểm %,Tính toán,D,2026-10-10
2022-09-20,2.2800000000000002,điểm %,Tính toán,D,2026-10-10
2022-09-21,2.3499999999999996,điểm %,Tính toán,D,2026-10-10
2022-09-22,1.8099999999999996,điểm %,Tính toán,D,2026-10-10
2022-09-23,2.0,điểm %,Tính toán,D,2026-10-10
2022-09-26,2.04,điểm %,Tính toán,D,2026-10-10
2022-09-27,2.08,điểm %,Tính toán,D,2026-10-10
2022-09-28,1.9799999999999995,điểm %,Tính toán,D,2026-10-10
2022-09-29,1.9000000000000004,điểm %,Tính toán,D,2026-10-10
2022-09-30,1.8499999999999996,điểm %,Tính toán,D,2026-10-10
2022-10-03,2.1799999999999997,điểm %,Tính toán,D,2026-10-10
2022-10-04,4.8,điểm %,Tính toán,D,2026-10-10
2022-10-05,5.359999999999999,điểm %,Tính toán,D,2026-10-10
2022-10-06,4.78,điểm %,Tính toán,D,2026-10-10
2022-10-07,3.5300000000000002,điểm %,Tính toán,D,2026-10-10
2022-10-10,4.39,điểm %,Tính toán,D,2026-10-10
2022-10-11,3.9399999999999995,điểm %,Tính toán,D,2026-10-10
2022-10-12,3.4299999999999997,điểm %,Tính toán,D,2026-10-10
2022-10-13,2.4000000000000004,điểm %,Tính toán,D,2026-10-10
2022-10-14,1.8399999999999999,điểm %,Tính toán,D,2026-10-10
2022-10-17,1.0199999999999996,điểm %,Tính toán,D,2026-10-10
2022-10-18,0.1499999999999999,điểm %,Tính toán,D,2026-10-10
2022-10-19,-0.050000000000000266,điểm %,Tính toán,D,2026-10-10
2022-10-20,0.96,điểm %,Tính toán,D,2026-10-10
2022-10-21,1.5599999999999996,điểm %,Tính toán,D,2026-10-10
2022-10-24,2.38,điểm %,Tính toán,D,2026-10-10
2022-10-25,4.08,điểm %,Tính toán,D,2026-10-10
2022-10-26,4.12,điểm %,Tính toán,D,2026-10-10
2022-10-27,2.99,điểm %,Tính toán,D,2026-10-10
2022-10-28,1.71,điểm %,Tính toán,D,2026-10-10
2022-10-31,2.0199999999999996,điểm %,Tính toán,D,2026-10-10
2022-11-01,3.5300000000000002,điểm %,Tính toán,D,2026-10-10
2022-11-02,4.04,điểm %,Tính toán,D,2026-10-10
2022-11-03,3.0999999999999996,điểm %,Tính toán,D,2026-10-10
2022-11-04,2.38,điểm %,Tính toán,D,2026-10-10
2022-11-07,2.1799999999999997,điểm %,Tính toán,D,2026-10-10
2022-11-08,1.7299999999999995,điểm %,Tính toán,D,2026-10-10
2022-11-09,1.2699999999999996,điểm %,Tính toán,D,2026-10-10
2022-11-10,1.0499999999999998,điểm %,Tính toán,D,2026-10-10
2022-11-11,0.79,điểm %,Tính toán,D,2026-10-10
2022-11-14,0.47999999999999954,điểm %,Tính toán,D,2026-10-10
2022-11-15,0.3700000000000001,điểm %,Tính toán,D,2026-10-10
2022-11-16,0.7999999999999998,điểm %,Tính toán,D,2026-10-10
2022-11-17,1.3499999999999996,điểm %,Tính toán,D,2026-10-10
2022-11-18,1.5700000000000003,điểm %,Tính toán,D,2026-10-10
2022-11-21,2.04,điểm %,Tính toán,D,2026-10-10
2022-11-22,2.09,điểm %,Tính toán,D,2026-10-10
2022-11-23,2.2699999999999996,điểm %,Tính toán,D,2026-10-10
2022-11-24,2.1399999999999997,điểm %,Tính toán,D,2026-10-10
2022-11-25,2.1799999999999997,điểm %,Tính toán,D,2026-10-10
2022-11-28,2.05,điểm %,Tính toán,D,2026-10-10
2022-11-29,1.7999999999999998,điểm %,Tính toán,D,2026-10-10
2022-11-30,1.4900000000000002,điểm %,Tính toán,D,2026-10-10
2022-12-01,1.5899999999999999,điểm %,Tính toán,D,2026-10-10
2022-12-02,1.5899999999999999,điểm %,Tính toán,D,2026-10-10
2022-12-05,1.4799999999999995,điểm %,Tính toán,D,2026-10-10
2022-12-06,1.6899999999999995,điểm %,Tính toán,D,2026-10-10
2022-12-07,1.8399999999999999,điểm %,Tính toán,D,2026-10-10
2022-12-08,1.8099999999999996,điểm %,Tính toán,D,2026-10-10
2022-12-09,1.7800000000000002,điểm %,Tính toán,D,2026-10-10
2022-12-12,1.7800000000000002,điểm %,Tính toán,D,2026-10-10
2022-12-13,1.79,điểm %,Tính toán,D,2026-10-10
2022-12-14,1.5499999999999998,điểm %,Tính toán,D,2026-10-10
2022-12-15,0.8600000000000003,điểm %,Tính toán,D,2026-10-10
2022-12-16,0.29000000000000004,điểm %,Tính toán,D,2026-10-10
2022-12-19,0.009999999999999787,điểm %,Tính toán,D,2026-10-10
2022-12-20,-0.29000000000000004,điểm %,Tính toán,D,2026-10-10
2022-12-21,-0.3900000000000001,điểm %,Tính toán,D,2026-10-10
2022-12-22,-0.56,điểm %,Tính toán,D,2026-10-10
2022-12-23,-0.8399999999999999,điểm %,Tính toán,D,2026-10-10
2022-12-26,-1.08,điểm %,Tính toán,D,2026-10-10
2022-12-27,-0.9700000000000002,điểm %,Tính toán,D,2026-10-10
2022-12-28,-1.13,điểm %,Tính toán,D,2026-10-10
2022-12-29,-1.52,điểm %,Tính toán,D,2026-10-10
2022-12-30,0.11000000000000032,điểm %,Tính toán,D,2026-10-10
2023-01-03,0.7299999999999995,điểm %,Tính toán,D,2026-10-10
2023-01-04,0.8399999999999999,điểm %,Tính toán,D,2026-10-10
2023-01-05,0.7599999999999998,điểm %,Tính toán,D,2026-10-10
2023-01-06,0.7400000000000002,điểm %,Tính toán,D,2026-10-10
2023-01-09,0.8499999999999996,điểm %,Tính toán,D,2026-10-10
2023-01-10,0.9000000000000004,điểm %,Tính toán,D,2026-10-10
2023-01-11,1.2599999999999998,điểm %,Tính toán,D,2026-10-10
2023-01-12,1.62,điểm %,Tính toán,D,2026-10-10
2023-01-16,2.1500000000000004,điểm %,Tính toán,D,2026-10-10
2023-01-17,2.01,điểm %,Tính toán,D,2026-10-10
2023-01-18,1.7599999999999998,điểm %,Tính toán,D,2026-10-10
2023-01-19,1.7599999999999998,điểm %,Tính toán,D,2026-10-10
2023-01-27,1.7999999999999998,điểm %,Tính toán,D,2026-10-10
2023-01-30,1.8399999999999999,điểm %,Tính toán,D,2026-10-10
2023-01-31,1.9000000000000004,điểm %,Tính toán,D,2026-10-10
2023-02-01,1.9299999999999997,điểm %,Tính toán,D,2026-10-10
2023-02-02,1.6799999999999997,điểm %,Tính toán,D,2026-10-10
2023-02-03,1.63,điểm %,Tính toán,D,2026-10-10
2023-02-06,1.4699999999999998,điểm %,Tính toán,D,2026-10-10
2023-02-07,1.38,điểm %,Tính toán,D,2026-10-10
2023-02-08,1.1399999999999997,điểm %,Tính toán,D,2026-10-10
2023-02-09,0.8199999999999994,điểm %,Tính toán,D,2026-10-10
2023-02-10,0.33000000000000007,điểm %,Tính toán,D,2026-10-10
2023-02-13,-0.03000000000000025,điểm %,Tính toán,D,2026-10-10
2023-02-14,-0.5300000000000002,điểm %,Tính toán,D,2026-10-10
2023-02-15,-0.94,điểm %,Tính toán,D,2026-10-10
2023-02-16,0.1299999999999999,điểm %,Tính toán,D,2026-10-10
2023-02-17,0.05999999999999961,điểm %,Tính toán,D,2026-10-10
2023-02-20,-0.040000000000000036,điểm %,Tính toán,D,2026-10-10
2023-02-21,0.22999999999999954,điểm %,Tính toán,D,2026-10-10
2023-02-22,1.5300000000000002,điểm %,Tính toán,D,2026-10-10
2023-02-23,1.5700000000000003,điểm %,Tính toán,D,2026-10-10
2023-02-24,1.4799999999999995,điểm %,Tính toán,D,2026-10-10
2023-02-27,1.1999999999999993,điểm %,Tính toán,D,2026-10-10
2023-02-28,0.6699999999999999,điểm %,Tính toán,D,2026-10-10
2023-03-01,1.3899999999999997,điểm %,Tính toán,D,2026-10-10
2023-03-02,1.8099999999999996,điểm %,Tính toán,D,2026-10-10
2023-03-03,1.83,điểm %,Tính toán,D,2026-10-10
2023-03-06,1.6499999999999995,điểm %,Tính toán,D,2026-10-10
2023-03-07,1.5,điểm %,Tính toán,D,2026-10-10
2023-03-08,1.4100000000000001,điểm %,Tính toán,D,2026-10-10
2023-03-09,1.6499999999999995,điểm %,Tính toán,D,2026-10-10
2023-03-10,1.6499999999999995,điểm %,Tính toán,D,2026-10-10
2023-03-13,1.5899999999999999,điểm %,Tính toán,D,2026-10-10
2023-03-14,1.1399999999999997,điểm %,Tính toán,D,2026-10-10
2023-03-15,0.47999999999999954,điểm %,Tính toán,D,2026-10-10
2023-03-16,-0.4400000000000004,điểm %,Tính toán,D,2026-10-10
2023-03-17,-1.1800000000000002,điểm %,Tính toán,D,2026-10-10
2023-03-20,-1.88,điểm %,Tính toán,D,2026-10-10
2023-03-21,-2.5300000000000002,điểm %,Tính toán,D,2026-10-10
2023-03-22,-3.0300000000000002,điểm %,Tính toán,D,2026-10-10
2023-03-23,-3.49,điểm %,Tính toán,D,2026-10-10
2023-03-24,-3.6900000000000004,điểm %,Tính toán,D,2026-10-10
2023-03-27,-3.77,điểm %,Tính toán,D,2026-10-10
2023-03-28,-3.85,điểm %,Tính toán,D,2026-10-10
2023-03-29,-3.87,điểm %,Tính toán,D,2026-10-10
2023-03-30,-3.93,điểm %,Tính toán,D,2026-10-10
2023-03-31,-3.71,điểm %,Tính toán,D,2026-10-10
2023-04-03,-2.71,điểm %,Tính toán,D,2026-10-10
2023-04-04,-2.35,điểm %,Tính toán,D,2026-10-10
2023-04-05,-1.42,điểm %,Tính toán,D,2026-10-10
2023-04-06,-0.3899999999999997,điểm %,Tính toán,D,2026-10-10
2023-04-07,0.22999999999999954,điểm %,Tính toán,D,2026-10-10
2023-04-10,0.3600000000000003,điểm %,Tính toán,D,2026-10-10
2023-04-11,0.3899999999999997,điểm %,Tính toán,D,2026-10-10
2023-04-12,0.4900000000000002,điểm %,Tính toán,D,2026-10-10
2023-04-13,0.6600000000000001,điểm %,Tính toán,D,2026-10-10
2023-04-14,0.71,điểm %,Tính toán,D,2026-10-10
2023-04-17,0.6899999999999995,điểm %,Tính toán,D,2026-10-10
2023-04-18,0.46999999999999975,điểm %,Tính toán,D,2026-10-10
2023-04-19,-0.34999999999999964,điểm %,Tính toán,D,2026-10-10
2023-04-20,-1.0500000000000003,điểm %,Tính toán,D,2026-10-10
2023-04-21,-1.54,điểm %,Tính toán,D,2026-10-10
2023-04-24,-0.9900000000000002,điểm %,Tính toán,D,2026-10-10
2023-04-25,1.4299999999999997,điểm %,Tính toán,D,2026-10-10
2023-04-26,-0.009999999999999787,điểm %,Tính toán,D,2026-10-10
2023-04-27,-0.71,điểm %,Tính toán,D,2026-10-10
2023-04-28,-0.71,điểm %,Tính toán,D,2026-10-10
2023-05-04,-0.08000000000000007,điểm %,Tính toán,D,2026-10-10
2023-05-05,-0.03000000000000025,điểm %,Tính toán,D,2026-10-10
2023-05-08,0.0,điểm %,Tính toán,D,2026-10-10
2023-05-09,-0.009999999999999787,điểm %,Tính toán,D,2026-10-10
2023-05-10,-0.2400000000000002,điểm %,Tính toán,D,2026-10-10
2023-05-11,-0.25,điểm %,Tính toán,D,2026-10-10
2023-05-12,-0.20000000000000018,điểm %,Tính toán,D,2026-10-10
2023-05-15,-0.16000000000000014,điểm %,Tính toán,D,2026-10-10
2023-05-16,-0.13999999999999968,điểm %,Tính toán,D,2026-10-10
2023-05-17,-0.20999999999999996,điểm %,Tính toán,D,2026-10-10
2023-05-18,-0.4400000000000004,điểm %,Tính toán,D,2026-10-10
2023-05-19,-0.5899999999999999,điểm %,Tính toán,D,2026-10-10
2023-05-22,-0.6500000000000004,điểm %,Tính toán,D,2026-10-10
2023-05-23,-0.6600000000000001,điểm %,Tính toán,D,2026-10-10
2023-05-24,-0.7300000000000004,điểm %,Tính toán,D,2026-10-10
2023-05-25,-0.9400000000000004,điểm %,Tính toán,D,2026-10-10
2023-05-26,-1.0099999999999998,điểm %,Tính toán,D,2026-10-10
2023-05-29,-1.12,điểm %,Tính toán,D,2026-10-10
2023-05-30,-1.31,điểm %,Tính toán,D,2026-10-10
2023-05-31,-1.1800000000000002,điểm %,Tính toán,D,2026-10-10
2023-06-01,-1.0099999999999998,điểm %,Tính toán,D,2026-10-10
2023-06-02,-1.0600000000000005,điểm %,Tính toán,D,2026-10-10
2023-06-05,-1.1600000000000001,điểm %,Tính toán,D,2026-10-10
2023-06-06,-1.33,điểm %,Tính toán,D,2026-10-10
2023-06-07,-1.5700000000000003,điểm %,Tính toán,D,2026-10-10
2023-06-08,-1.98,điểm %,Tính toán,D,2026-10-10
2023-06-09,-2.39,điểm %,Tính toán,D,2026-10-10
2023-06-12,-2.68,điểm %,Tính toán,D,2026-10-10
2023-06-13,-3.06,điểm %,Tính toán,D,2026-10-10
2023-06-14,-3.43,điểm %,Tính toán,D,2026-10-10
2023-06-15,-3.7700000000000005,điểm %,Tính toán,D,2026-10-10
2023-06-16,-4.140000000000001,điểm %,Tính toán,D,2026-10-10
2023-06-19,-4.35,điểm %,Tính toán,D,2026-10-10
2023-06-20,-4.5200000000000005,điểm %,Tính toán,D,2026-10-10
2023-06-21,-4.5200000000000005,điểm %,Tính toán,D,2026-10-10
2023-06-22,-4.16,điểm %,Tính toán,D,2026-10-10
2023-06-23,-3.99,điểm %,Tính toán,D,2026-10-10
2023-06-26,-4.03,điểm %,Tính toán,D,2026-10-10
2023-06-27,-4.180000000000001,điểm %,Tính toán,D,2026-10-10
2023-06-28,-4.380000000000001,điểm %,Tính toán,D,2026-10-10
2023-06-29,-4.680000000000001,điểm %,Tính toán,D,2026-10-10
2023-06-30,-4.64,điểm %,Tính toán,D,2026-10-10
2023-07-03,-4.42,điểm %,Tính toán,D,2026-10-10
2023-07-04,-4.390000000000001,điểm %,Tính toán,D,2026-10-10
2023-07-05,-4.44,điểm %,Tính toán,D,2026-10-10
2023-07-06,-4.47,điểm %,Tính toán,D,2026-10-10
2023-07-07,-4.66,điểm %,Tính toán,D,2026-10-10
2023-07-10,-4.73,điểm %,Tính toán,D,2026-10-10
2023-07-11,-4.82,điểm %,Tính toán,D,2026-10-10
2023-07-12,-4.87,điểm %,Tính toán,D,2026-10-10
2023-07-13,-4.92,điểm %,Tính toán,D,2026-10-10
2023-07-14,-4.94,điểm %,Tính toán,D,2026-10-10
2023-07-17,-4.93,điểm %,Tính toán,D,2026-10-10
2023-07-18,-4.62,điểm %,Tính toán,D,2026-10-10
2023-07-19,-4.74,điểm %,Tính toán,D,2026-10-10
2023-07-20,-4.83,điểm %,Tính toán,D,2026-10-10
2023-07-21,-4.89,điểm %,Tính toán,D,2026-10-10
2023-07-24,-4.88,điểm %,Tính toán,D,2026-10-10
2023-07-25,-4.88,điểm %,Tính toán,D,2026-10-10
2023-07-26,-4.87,điểm %,Tính toán,D,2026-10-10
2023-07-27,-5.14,điểm %,Tính toán,D,2026-10-10
2023-07-28,-5.13,điểm %,Tính toán,D,2026-10-10
2023-07-31,-5.14,điểm %,Tính toán,D,2026-10-10
2023-08-01,-5.11,điểm %,Tính toán,D,2026-10-10
2023-08-02,-5.11,điểm %,Tính toán,D,2026-10-10
2023-08-03,-5.11,điểm %,Tính toán,D,2026-10-10
2023-08-04,-5.11,điểm %,Tính toán,D,2026-10-10
2023-08-07,-5.12,điểm %,Tính toán,D,2026-10-10
2023-08-08,-5.12,điểm %,Tính toán,D,2026-10-10
2023-08-09,-5.12,điểm %,Tính toán,D,2026-10-10
2023-08-10,-5.13,điểm %,Tính toán,D,2026-10-10
2023-08-11,-5.13,điểm %,Tính toán,D,2026-10-10
2023-08-14,-5.14,điểm %,Tính toán,D,2026-10-10
2023-08-15,-5.13,điểm %,Tính toán,D,2026-10-10
2023-08-16,-5.12,điểm %,Tính toán,D,2026-10-10
2023-08-17,-5.13,điểm %,Tính toán,D,2026-10-10
2023-08-18,-5.14,điểm %,Tính toán,D,2026-10-10
2023-08-21,-5.14,điểm %,Tính toán,D,2026-10-10
2023-08-22,-5.16,điểm %,Tính toán,D,2026-10-10
2023-08-23,-5.16,điểm %,Tính toán,D,2026-10-10
2023-08-24,-5.16,điểm %,Tính toán,D,2026-10-10
2023-08-25,-5.16,điểm %,Tính toán,D,2026-10-10
2023-08-28,-5.16,điểm %,Tính toán,D,2026-10-10
2023-08-29,-5.17,điểm %,Tính toán,D,2026-10-10
2023-08-30,-5.17,điểm %,Tính toán,D,2026-10-10
2023-08-31,-5.17,điểm %,Tính toán,D,2026-10-10
2023-09-05,-5.14,điểm %,Tính toán,D,2026-10-10
2023-09-06,-5.15,điểm %,Tính toán,D,2026-10-10
2023-09-07,-5.16,điểm %,Tính toán,D,2026-10-10
2023-09-08,-5.16,điểm %,Tính toán,D,2026-10-10
2023-09-11,-5.16,điểm %,Tính toán,D,2026-10-10
2023-09-12,-5.17,điểm %,Tính toán,D,2026-10-10
2023-09-13,-5.17,điểm %,Tính toán,D,2026-10-10
2023-09-14,-5.17,điểm %,Tính toán,D,2026-10-10
2023-09-15,-5.18,điểm %,Tính toán,D,2026-10-10
2023-09-18,-5.18,điểm %,Tính toán,D,2026-10-10
2023-09-19,-5.18,điểm %,Tính toán,D,2026-10-10
2023-09-20,-5.17,điểm %,Tính toán,D,2026-10-10
2023-09-21,-5.19,điểm %,Tính toán,D,2026-10-10
2023-09-22,-5.16,điểm %,Tính toán,D,2026-10-10
2023-09-25,-5.16,điểm %,Tính toán,D,2026-10-10
2023-09-26,-5.17,điểm %,Tính toán,D,2026-10-10
2023-09-27,-5.17,điểm %,Tính toán,D,2026-10-10
2023-09-28,-5.18,điểm %,Tính toán,D,2026-10-10
2023-09-29,-5.14,điểm %,Tính toán,D,2026-10-10
2023-10-02,-4.78,điểm %,Tính toán,D,2026-10-10
2023-10-03,-4.59,điểm %,Tính toán,D,2026-10-10
2023-10-04,-4.2,điểm %,Tính toán,D,2026-10-10
2023-10-05,-4.01,điểm %,Tính toán,D,2026-10-10
2023-10-06,-4.19,điểm %,Tính toán,D,2026-10-10
2023-10-09,-4.38,điểm %,Tính toán,D,2026-10-10
2023-10-10,-4.67,điểm %,Tính toán,D,2026-10-10
2023-10-11,-4.96,điểm %,Tính toán,D,2026-10-10
2023-10-12,-5.11,điểm %,Tính toán,D,2026-10-10
2023-10-13,-4.98,điểm %,Tính toán,D,2026-10-10
2023-10-16,-4.62,điểm %,Tính toán,D,2026-10-10
2023-10-17,-4.57,điểm %,Tính toán,D,2026-10-10
2023-10-18,-4.55,điểm %,Tính toán,D,2026-10-10
2023-10-19,-4.54,điểm %,Tính toán,D,2026-10-10
2023-10-20,-3.8600000000000003,điểm %,Tính toán,D,2026-10-10
2023-10-23,-3.11,điểm %,Tính toán,D,2026-10-10
2023-10-24,-2.49,điểm %,Tính toán,D,2026-10-10
2023-10-25,-2.59,điểm %,Tính toán,D,2026-10-10
2023-10-26,-3.4400000000000004,điểm %,Tính toán,D,2026-10-10
2023-10-27,-3.96,điểm %,Tính toán,D,2026-10-10
2023-10-30,-4.37,điểm %,Tính toán,D,2026-10-10
2023-10-31,-4.52,điểm %,Tính toán,D,2026-10-10
2023-11-01,-4.28,điểm %,Tính toán,D,2026-10-10
2023-11-02,-4.34,điểm %,Tính toán,D,2026-10-10
2023-11-03,-4.4,điểm %,Tính toán,D,2026-10-10
2023-11-06,-4.4,điểm %,Tính toán,D,2026-10-10
2023-11-07,-4.38,điểm %,Tính toán,D,2026-10-10
2023-11-08,-4.5,điểm %,Tính toán,D,2026-10-10
2023-11-09,-4.6,điểm %,Tính toán,D,2026-10-10
2023-11-10,-4.71,điểm %,Tính toán,D,2026-10-10
2023-11-13,-4.8100000000000005,điểm %,Tính toán,D,2026-10-10
2023-11-14,-4.97,điểm %,Tính toán,D,2026-10-10
2023-11-15,-5.07,điểm %,Tính toán,D,2026-10-10
2023-11-16,-5.12,điểm %,Tính toán,D,2026-10-10
2023-11-17,-5.15,điểm %,Tính toán,D,2026-10-10
2023-11-20,-5.17,điểm %,Tính toán,D,2026-10-10
2023-11-21,-5.18,điểm %,Tính toán,D,2026-10-10
2023-11-22,-5.18,điểm %,Tính toán,D,2026-10-10
2023-11-23,-5.18,điểm %,Tính toán,D,2026-10-10
2023-11-24,-5.19,điểm %,Tính toán,D,2026-10-10
2023-11-27,-5.19,điểm %,Tính toán,D,2026-10-10
2023-11-28,-5.19,điểm %,Tính toán,D,2026-10-10
2023-11-29,-5.19,điểm %,Tính toán,D,2026-10-10
2023-11-30,-5.19,điểm %,Tính toán,D,2026-10-10
2023-12-01,-5.16,điểm %,Tính toán,D,2026-10-10
2023-12-04,-5.17,điểm %,Tính toán,D,2026-10-10
2023-12-05,-5.17,điểm %,Tính toán,D,2026-10-10
2023-12-06,-5.18,điểm %,Tính toán,D,2026-10-10
2023-12-07,-5.18,điểm %,Tính toán,D,2026-10-10
2023-12-08,-5.18,điểm %,Tính toán,D,2026-10-10
2023-12-11,-5.18,điểm %,Tính toán,D,2026-10-10
2023-12-12,-5.18,điểm %,Tính toán,D,2026-10-10
2023-12-13,-5.17,điểm %,Tính toán,D,2026-10-10
2023-12-14,-5.18,điểm %,Tính toán,D,2026-10-10
2023-12-15,-5.18,điểm %,Tính toán,D,2026-10-10
2023-12-18,-5.17,điểm %,Tính toán,D,2026-10-10
2023-12-19,-5.15,điểm %,Tính toán,D,2026-10-10
2023-12-20,-5.15,điểm %,Tính toán,D,2026-10-10
2023-12-21,-5.08,điểm %,Tính toán,D,2026-10-10
2023-12-22,-4.59,điểm %,Tính toán,D,2026-10-10
2023-12-25,-4.3100000000000005,điểm %,Tính toán,D,2026-10-10
2023-12-26,-4.54,điểm %,Tính toán,D,2026-10-10
2023-12-27,-4.82,điểm %,Tính toán,D,2026-10-10
2023-12-28,-4.82,điểm %,Tính toán,D,2026-10-10
2023-12-29,-4.82,điểm %,Tính toán,D,2026-10-10
2024-01-02,-4.38,điểm %,Tính toán,D,2026-10-10
2024-01-03,-4.87,điểm %,Tính toán,D,2026-10-10
2024-01-04,-5.1,điểm %,Tính toán,D,2026-10-10
2024-01-05,-5.14,điểm %,Tính toán,D,2026-10-10
2024-01-08,-5.17,điểm %,Tính toán,D,2026-10-10
2024-01-09,-5.18,điểm %,Tính toán,D,2026-10-10
2024-01-10,-5.18,điểm %,Tính toán,D,2026-10-10
2024-01-11,-5.18,điểm %,Tính toán,D,2026-10-10
2024-01-12,-5.18,điểm %,Tính toán,D,2026-10-10
2024-01-15,-5.18,điểm %,Tính toán,D,2026-10-10
2024-01-16,-5.18,điểm %,Tính toán,D,2026-10-10
2024-01-17,-5.18,điểm %,Tính toán,D,2026-10-10
2024-01-18,-5.19,điểm %,Tính toán,D,2026-10-10
2024-01-19,-5.19,điểm %,Tính toán,D,2026-10-10
2024-01-22,-5.2,điểm %,Tính toán,D,2026-10-10
2024-01-23,-5.21,điểm %,Tính toán,D,2026-10-10
2024-01-24,-5.2,điểm %,Tính toán,D,2026-10-10
2024-01-25,-5.21,điểm %,Tính toán,D,2026-10-10
2024-01-26,-5.21,điểm %,Tính toán,D,2026-10-10
2024-01-29,-5.21,điểm %,Tính toán,D,2026-10-10
2024-01-30,-5.15,điểm %,Tính toán,D,2026-10-10
2024-01-31,-4.36,điểm %,Tính toán,D,2026-10-10
2024-02-01,-4.28,điểm %,Tính toán,D,2026-10-10
2024-02-02,-3.96,điểm %,Tính toán,D,2026-10-10
2024-02-05,-3.5700000000000003,điểm %,Tính toán,D,2026-10-10
2024-02-06,-2.95,điểm %,Tính toán,D,2026-10-10
2024-02-07,-2.95,điểm %,Tính toán,D,2026-10-10
2024-02-15,-4.02,điểm %,Tính toán,D,2026-10-10
2024-02-16,-4.29,điểm %,Tính toán,D,2026-10-10
2024-02-19,-3.92,điểm %,Tính toán,D,2026-10-10
2024-02-20,-3.18,điểm %,Tính toán,D,2026-10-10
2024-02-21,-1.1900000000000004,điểm %,Tính toán,D,2026-10-10
2024-02-22,-1.48,điểm %,Tính toán,D,2026-10-10
2024-02-23,-1.67,điểm %,Tính toán,D,2026-10-10
2024-02-26,-1.79,điểm %,Tính toán,D,2026-10-10
2024-02-27,-2.0100000000000002,điểm %,Tính toán,D,2026-10-10
2024-02-28,-2.93,điểm %,Tính toán,D,2026-10-10
2024-02-29,-3.87,điểm %,Tính toán,D,2026-10-10
2024-03-01,-3.8600000000000003,điểm %,Tính toán,D,2026-10-10
2024-03-04,-3.85,điểm %,Tính toán,D,2026-10-10
2024-03-05,-3.84,điểm %,Tính toán,D,2026-10-10
2024-03-06,-3.84,điểm %,Tính toán,D,2026-10-10
2024-03-07,-4.16,điểm %,Tính toán,D,2026-10-10
2024-03-08,-4.5600000000000005,điểm %,Tính toán,D,2026-10-10
2024-03-11,-4.57,điểm %,Tính toán,D,2026-10-10
2024-03-12,-3.8600000000000003,điểm %,Tính toán,D,2026-10-10
2024-03-13,-3.8600000000000003,điểm %,Tính toán,D,2026-10-10
2024-03-14,-4.12,điểm %,Tính toán,D,2026-10-10
2024-03-15,-4.54,điểm %,Tính toán,D,2026-10-10
2024-03-18,-4.83,điểm %,Tính toán,D,2026-10-10
2024-03-19,-5.11,điểm %,Tính toán,D,2026-10-10
2024-03-20,-5.17,điểm %,Tính toán,D,2026-10-10
2024-03-21,-5.2,điểm %,Tính toán,D,2026-10-10
2024-03-22,-5.2,điểm %,Tính toán,D,2026-10-10
2024-03-25,-5.0600000000000005,điểm %,Tính toán,D,2026-10-10
2024-03-26,-5.01,điểm %,Tính toán,D,2026-10-10
2024-03-27,-5.05,điểm %,Tính toán,D,2026-10-10
2024-03-28,-5.0200000000000005,điểm %,Tính toán,D,2026-10-10
2024-03-29,-2.8200000000000003,điểm %,Tính toán,D,2026-10-10
2024-04-01,-1.88,điểm %,Tính toán,D,2026-10-10
2024-04-02,-0.9699999999999998,điểm %,Tính toán,D,2026-10-10
2024-04-03,-0.7400000000000002,điểm %,Tính toán,D,2026-10-10
2024-04-04,-1.4300000000000002,điểm %,Tính toán,D,2026-10-10
2024-04-05,-2.64,điểm %,Tính toán,D,2026-10-10
2024-04-08,-2.67,điểm %,Tính toán,D,2026-10-10
2024-04-09,-1.67,điểm %,Tính toán,D,2026-10-10
2024-04-10,-1.4,điểm %,Tính toán,D,2026-10-10
2024-04-11,-1.48,điểm %,Tính toán,D,2026-10-10
2024-04-12,-1.1500000000000004,điểm %,Tính toán,D,2026-10-10
2024-04-15,-0.6299999999999999,điểm %,Tính toán,D,2026-10-10
2024-04-16,-0.3899999999999997,điểm %,Tính toán,D,2026-10-10
2024-04-17,-0.3799999999999999,điểm %,Tính toán,D,2026-10-10
2024-04-19,-1.4,điểm %,Tính toán,D,2026-10-10
2024-04-22,-1.46,điểm %,Tính toán,D,2026-10-10
2024-04-23,-1.2599999999999998,điểm %,Tính toán,D,2026-10-10
2024-04-24,-1.1100000000000003,điểm %,Tính toán,D,2026-10-10
2024-04-25,-1.25,điểm %,Tính toán,D,2026-10-10
2024-04-26,-0.7300000000000004,điểm %,Tính toán,D,2026-10-10
2024-05-02,-0.8499999999999996,điểm %,Tính toán,D,2026-10-10
2024-05-03,-0.9699999999999998,điểm %,Tính toán,D,2026-10-10
2024-05-04,-1.0200000000000005,điểm %,Tính toán,D,2026-10-10
2024-05-06,-1.0499999999999998,điểm %,Tính toán,D,2026-10-10
2024-05-07,-1.1399999999999997,điểm %,Tính toán,D,2026-10-10
2024-05-08,-1.1100000000000003,điểm %,Tính toán,D,2026-10-10
2024-05-09,-1.1100000000000003,điểm %,Tính toán,D,2026-10-10
2024-05-10,-1.0999999999999996,điểm %,Tính toán,D,2026-10-10
2024-05-13,-1.0899999999999999,điểm %,Tính toán,D,2026-10-10
2024-05-14,-1.1100000000000003,điểm %,Tính toán,D,2026-10-10
2024-05-15,-1.1100000000000003,điểm %,Tính toán,D,2026-10-10
2024-05-16,-1.3900000000000001,điểm %,Tính toán,D,2026-10-10
2024-05-17,-1.4300000000000002,điểm %,Tính toán,D,2026-10-10
2024-05-20,-1.3200000000000003,điểm %,Tính toán,D,2026-10-10
2024-05-21,-1.25,điểm %,Tính toán,D,2026-10-10
2024-05-22,-0.7800000000000002,điểm %,Tính toán,D,2026-10-10
2024-05-23,-0.23000000000000043,điểm %,Tính toán,D,2026-10-10
2024-05-24,-0.27000000000000046,điểm %,Tính toán,D,2026-10-10
2024-05-27,-0.27000000000000046,điểm %,Tính toán,D,2026-10-10
2024-05-28,-0.54,điểm %,Tính toán,D,2026-10-10
2024-05-29,-1.2999999999999998,điểm %,Tính toán,D,2026-10-10
2024-05-30,-1.96,điểm %,Tính toán,D,2026-10-10
2024-05-31,-2.48,điểm %,Tính toán,D,2026-10-10
2024-06-03,-1.4700000000000002,điểm %,Tính toán,D,2026-10-10
2024-06-04,-1.3200000000000003,điểm %,Tính toán,D,2026-10-10
2024-06-05,-1.4300000000000002,điểm %,Tính toán,D,2026-10-10
2024-06-06,-1.37,điểm %,Tính toán,D,2026-10-10
2024-06-07,-1.3200000000000003,điểm %,Tính toán,D,2026-10-10
2024-06-10,-1.1100000000000003,điểm %,Tính toán,D,2026-10-10
2024-06-11,-0.9199999999999999,điểm %,Tính toán,D,2026-10-10
2024-06-12,-0.7999999999999998,điểm %,Tính toán,D,2026-10-10
2024-06-13,-0.8100000000000005,điểm %,Tính toán,D,2026-10-10
2024-06-14,-0.9100000000000001,điểm %,Tính toán,D,2026-10-10
2024-06-17,-0.9699999999999998,điểm %,Tính toán,D,2026-10-10
2024-06-18,-1.1399999999999997,điểm %,Tính toán,D,2026-10-10
2024-06-19,-1.46,điểm %,Tính toán,D,2026-10-10
2024-06-20,-1.87,điểm %,Tính toán,D,2026-10-10
2024-06-21,-1.98,điểm %,Tính toán,D,2026-10-10
2024-06-24,-1.79,điểm %,Tính toán,D,2026-10-10
2024-06-25,-1.88,điểm %,Tính toán,D,2026-10-10
2024-06-26,-2.49,điểm %,Tính toán,D,2026-10-10
2024-06-27,-2.49,điểm %,Tính toán,D,2026-10-10
2024-06-28,-0.9400000000000004,điểm %,Tính toán,D,2026-10-10
2024-07-01,-0.5700000000000003,điểm %,Tính toán,D,2026-10-10
2024-07-02,-0.8600000000000003,điểm %,Tính toán,D,2026-10-10
2024-07-03,-0.8799999999999999,điểm %,Tính toán,D,2026-10-10
2024-07-04,-0.8300000000000001,điểm %,Tính toán,D,2026-10-10
2024-07-05,-0.6399999999999997,điểm %,Tính toán,D,2026-10-10
2024-07-08,-0.5,điểm %,Tính toán,D,2026-10-10
2024-07-09,-0.34999999999999964,điểm %,Tính toán,D,2026-10-10
2024-07-10,-0.45999999999999996,điểm %,Tính toán,D,2026-10-10
2024-07-11,-0.71,điểm %,Tính toán,D,2026-10-10
2024-07-12,-0.8799999999999999,điểm %,Tính toán,D,2026-10-10
2024-07-15,-0.9000000000000004,điểm %,Tính toán,D,2026-10-10
2024-07-16,-0.8899999999999997,điểm %,Tính toán,D,2026-10-10
2024-07-17,-0.8200000000000003,điểm %,Tính toán,D,2026-10-10
2024-07-18,-0.9000000000000004,điểm %,Tính toán,D,2026-10-10
2024-07-19,-0.8499999999999996,điểm %,Tính toán,D,2026-10-10
2024-07-22,-0.7700000000000005,điểm %,Tính toán,D,2026-10-10
2024-07-23,-0.7300000000000004,điểm %,Tính toán,D,2026-10-10
2024-07-24,-0.5600000000000005,điểm %,Tính toán,D,2026-10-10
2024-07-25,-0.46999999999999975,điểm %,Tính toán,D,2026-10-10
2024-07-26,-0.3899999999999997,điểm %,Tính toán,D,2026-10-10
2024-07-29,-0.40000000000000036,điểm %,Tính toán,D,2026-10-10
2024-07-30,-0.5800000000000001,điểm %,Tính toán,D,2026-10-10
2024-07-31,-0.96,điểm %,Tính toán,D,2026-10-10
2024-08-01,-0.7300000000000004,điểm %,Tính toán,D,2026-10-10
2024-08-02,-0.6399999999999997,điểm %,Tính toán,D,2026-10-10
2024-08-05,-0.40000000000000036,điểm %,Tính toán,D,2026-10-10
2024-08-06,-0.4800000000000004,điểm %,Tính toán,D,2026-10-10
2024-08-07,-0.6799999999999997,điểm %,Tính toán,D,2026-10-10
2024-08-08,-0.9100000000000001,điểm %,Tính toán,D,2026-10-10
2024-08-09,-0.9800000000000004,điểm %,Tính toán,D,2026-10-10
2024-08-12,-0.9699999999999998,điểm %,Tính toán,D,2026-10-10
2024-08-13,-0.9299999999999997,điểm %,Tính toán,D,2026-10-10
2024-08-14,-0.8799999999999999,điểm %,Tính toán,D,2026-10-10
2024-08-15,-0.8100000000000005,điểm %,Tính toán,D,2026-10-10
2024-08-16,-0.75,điểm %,Tính toán,D,2026-10-10
2024-08-19,-0.7599999999999998,điểm %,Tính toán,D,2026-10-10
2024-08-20,-0.8300000000000001,điểm %,Tính toán,D,2026-10-10
2024-08-21,-0.9299999999999997,điểm %,Tính toán,D,2026-10-10
2024-08-22,-0.9500000000000002,điểm %,Tính toán,D,2026-10-10
2024-08-23,-0.9100000000000001,điểm %,Tính toán,D,2026-10-10
2024-08-26,-0.8300000000000001,điểm %,Tính toán,D,2026-10-10
2024-08-27,-0.6699999999999999,điểm %,Tính toán,D,2026-10-10
2024-08-28,-0.9299999999999997,điểm %,Tính toán,D,2026-10-10
2024-08-29,-1.3100000000000005,điểm %,Tính toán,D,2026-10-10
2024-08-30,-1.3100000000000005,điểm %,Tính toán,D,2026-10-10
2024-09-04,-0.8100000000000005,điểm %,Tính toán,D,2026-10-10
2024-09-05,-0.7400000000000002,điểm %,Tính toán,D,2026-10-10
2024-09-06,-0.7400000000000002,điểm %,Tính toán,D,2026-10-10
2024-09-09,-0.7700000000000005,điểm %,Tính toán,D,2026-10-10
2024-09-10,-0.9100000000000001,điểm %,Tính toán,D,2026-10-10
2024-09-11,-1.2000000000000002,điểm %,Tính toán,D,2026-10-10
2024-09-12,-1.5300000000000002,điểm %,Tính toán,D,2026-10-10
2024-09-13,-1.8599999999999999,điểm %,Tính toán,D,2026-10-10
2024-09-16,-2.0500000000000003,điểm %,Tính toán,D,2026-10-10
2024-09-17,-2.12,điểm %,Tính toán,D,2026-10-10
2024-09-18,-2.11,điểm %,Tính toán,D,2026-10-10
2024-09-19,-1.5500000000000003,điểm %,Tính toán,D,2026-10-10
2024-09-20,-1.27,điểm %,Tính toán,D,2026-10-10
2024-09-23,-0.9199999999999999,điểm %,Tính toán,D,2026-10-10
2024-09-24,-0.6100000000000003,điểm %,Tính toán,D,2026-10-10
2024-09-25,-0.6100000000000003,điểm %,Tính toán,D,2026-10-10
2024-09-26,-0.6100000000000003,điểm %,Tính toán,D,2026-10-10
2024-09-27,-0.5999999999999996,điểm %,Tính toán,D,2026-10-10
2024-09-30,-0.3899999999999997,điểm %,Tính toán,D,2026-10-10
2024-10-01,-0.5200000000000005,điểm %,Tính toán,D,2026-10-10
2024-10-02,-0.6600000000000001,điểm %,Tính toán,D,2026-10-10
2024-10-03,-0.8700000000000001,điểm %,Tính toán,D,2026-10-10
2024-10-04,-1.0700000000000003,điểm %,Tính toán,D,2026-10-10
2024-10-07,-1.25,điểm %,Tính toán,D,2026-10-10
2024-10-08,-1.3399999999999999,điểm %,Tính toán,D,2026-10-10
2024-10-09,-1.44,điểm %,Tính toán,D,2026-10-10
2024-10-10,-1.5300000000000002,điểm %,Tính toán,D,2026-10-10
2024-10-11,-1.62,điểm %,Tính toán,D,2026-10-10
2024-10-14,-1.73,điểm %,Tính toán,D,2026-10-10
2024-10-15,-1.92,điểm %,Tính toán,D,2026-10-10
2024-10-16,-2.06,điểm %,Tính toán,D,2026-10-10
2024-10-17,-2.14,điểm %,Tính toán,D,2026-10-10
2024-10-18,-2.17,điểm %,Tính toán,D,2026-10-10
2024-10-21,-0.9199999999999999,điểm %,Tính toán,D,2026-10-10
2024-10-22,-0.8599999999999999,điểm %,Tính toán,D,2026-10-10
2024-10-23,-1.08,điểm %,Tính toán,D,2026-10-10
2024-10-24,-1.15,điểm %,Tính toán,D,2026-10-10
2024-10-25,-0.9199999999999999,điểm %,Tính toán,D,2026-10-10
2024-10-28,-0.20000000000000018,điểm %,Tính toán,D,2026-10-10
2024-10-29,-0.1299999999999999,điểm %,Tính toán,D,2026-10-10
2024-10-30,-1.0100000000000002,điểm %,Tính toán,D,2026-10-10
2024-10-31,-1.29,điểm %,Tính toán,D,2026-10-10
2024-11-01,-0.8100000000000005,điểm %,Tính toán,D,2026-10-10
2024-11-04,1.25,điểm %,Tính toán,D,2026-10-10
2024-11-05,0.7400000000000002,điểm %,Tính toán,D,2026-10-10
2024-11-06,-0.03000000000000025,điểm %,Tính toán,D,2026-10-10
2024-11-07,-0.03000000000000025,điểm %,Tính toán,D,2026-10-10
2024-11-08,-0.040000000000000036,điểm %,Tính toán,D,2026-10-10
2024-11-11,-0.020000000000000462,điểm %,Tính toán,D,2026-10-10
2024-11-12,0.13999999999999968,điểm %,Tính toán,D,2026-10-10
2024-11-13,0.8399999999999999,điểm %,Tính toán,D,2026-10-10
2024-11-14,1.0999999999999996,điểm %,Tính toán,D,2026-10-10
2024-11-15,1.25,điểm %,Tính toán,D,2026-10-10
2024-11-18,1.3099999999999996,điểm %,Tính toán,D,2026-10-10
2024-11-19,0.7299999999999995,điểm %,Tính toán,D,2026-10-10
2024-11-20,-0.3899999999999997,điểm %,Tính toán,D,2026-10-10
2024-11-21,-0.5200000000000005,điểm %,Tính toán,D,2026-10-10
2024-11-22,0.0,điểm %,Tính toán,D,2026-10-10
2024-11-25,0.8899999999999997,điểm %,Tính toán,D,2026-10-10
2024-11-26,0.8499999999999996,điểm %,Tính toán,D,2026-10-10
2024-11-27,-0.16999999999999993,điểm %,Tính toán,D,2026-10-10
2024-11-28,-1.33,điểm %,Tính toán,D,2026-10-10
2024-11-29,-1.4700000000000002,điểm %,Tính toán,D,2026-10-10
2024-12-02,-0.41000000000000014,điểm %,Tính toán,D,2026-10-10
2024-12-03,-0.40000000000000036,điểm %,Tính toán,D,2026-10-10
2024-12-04,-0.4299999999999997,điểm %,Tính toán,D,2026-10-10
2024-12-05,-0.5899999999999999,điểm %,Tính toán,D,2026-10-10
2024-12-06,-0.5800000000000001,điểm %,Tính toán,D,2026-10-10
2024-12-09,-0.5499999999999998,điểm %,Tính toán,D,2026-10-10
2024-12-10,-0.40000000000000036,điểm %,Tính toán,D,2026-10-10
2024-12-11,-0.11000000000000032,điểm %,Tính toán,D,2026-10-10
2024-12-12,-0.08000000000000007,điểm %,Tính toán,D,2026-10-10
2024-12-13,-0.5700000000000003,điểm %,Tính toán,D,2026-10-10
2024-12-16,-0.7000000000000002,điểm %,Tính toán,D,2026-10-10
2024-12-17,-1.29,điểm %,Tính toán,D,2026-10-10
2024-12-18,-1.79,điểm %,Tính toán,D,2026-10-10
2024-12-19,-1.6400000000000001,điểm %,Tính toán,D,2026-10-10
2024-12-20,-0.33999999999999986,điểm %,Tính toán,D,2026-10-10
2024-12-23,0.040000000000000036,điểm %,Tính toán,D,2026-10-10
2024-12-24,0.040000000000000036,điểm %,Tính toán,D,2026-10-10
2024-12-25,0.15000000000000036,điểm %,Tính toán,D,2026-10-10
2024-12-26,0.2400000000000002,điểm %,Tính toán,D,2026-10-10
2024-12-27,-0.33000000000000007,điểm %,Tính toán,D,2026-10-10
2024-12-30,-1.1800000000000002,điểm %,Tính toán,D,2026-10-10
2024-12-31,-0.29000000000000004,điểm %,Tính toán,D,2026-10-10
2025-01-02,-0.2999999999999998,điểm %,Tính toán,D,2026-10-10
2025-01-03,-0.3700000000000001,điểm %,Tính toán,D,2026-10-10
2025-01-06,-0.4900000000000002,điểm %,Tính toán,D,2026-10-10
2025-01-07,-0.54,điểm %,Tính toán,D,2026-10-10
2025-01-08,-0.41000000000000014,điểm %,Tính toán,D,2026-10-10
2025-01-09,0.0,điểm %,Tính toán,D,2026-10-10
2025-01-10,0.41000000000000014,điểm %,Tính toán,D,2026-10-10
2025-01-13,0.6200000000000001,điểm %,Tính toán,D,2026-10-10
2025-01-14,0.2599999999999998,điểm %,Tính toán,D,2026-10-10
2025-01-15,-0.3900000000000001,điểm %,Tính toán,D,2026-10-10
2025-01-16,-0.5300000000000002,điểm %,Tính toán,D,2026-10-10
2025-01-17,-0.43000000000000016,điểm %,Tính toán,D,2026-10-10
2025-01-20,0.4399999999999995,điểm %,Tính toán,D,2026-10-10
2025-01-21,-0.13999999999999968,điểm %,Tính toán,D,2026-10-10
2025-01-22,-0.5,điểm %,Tính toán,D,2026-10-10
2025-01-23,-0.41000000000000014,điểm %,Tính toán,D,2026-10-10
2025-01-24,-0.41000000000000014,điểm %,Tính toán,D,2026-10-10
2025-02-03,0.41999999999999993,điểm %,Tính toán,D,2026-10-10
2025-02-04,1.37,điểm %,Tính toán,D,2026-10-10
2025-02-05,0.3700000000000001,điểm %,Tính toán,D,2026-10-10
2025-02-06,0.0,điểm %,Tính toán,D,2026-10-10
2025-02-07,0.04999999999999982,điểm %,Tính toán,D,2026-10-10
2025-02-10,1.21,điểm %,Tính toán,D,2026-10-10
2025-02-11,1.1899999999999995,điểm %,Tính toán,D,2026-10-10
2025-02-12,0.2400000000000002,điểm %,Tính toán,D,2026-10-10
2025-02-13,-0.08000000000000007,điểm %,Tính toán,D,2026-10-10
2025-02-14,-0.3900000000000001,điểm %,Tính toán,D,2026-10-10
2025-02-17,0.15000000000000036,điểm %,Tính toán,D,2026-10-10
2025-02-18,0.3099999999999996,điểm %,Tính toán,D,2026-10-10
2025-02-19,-0.03000000000000025,điểm %,Tính toán,D,2026-10-10
2025-02-20,-0.25,điểm %,Tính toán,D,2026-10-10
2025-02-21,-0.3500000000000001,điểm %,Tính toán,D,2026-10-10
2025-02-24,0.16999999999999993,điểm %,Tính toán,D,2026-10-10
2025-02-25,0.40000000000000036,điểm %,Tính toán,D,2026-10-10
2025-02-26,-0.1900000000000004,điểm %,Tính toán,D,2026-10-10
2025-02-27,-0.54,điểm %,Tính toán,D,2026-10-10
2025-02-28,0.2599999999999998,điểm %,Tính toán,D,2026-10-10
2025-03-03,0.41000000000000014,điểm %,Tính toán,D,2026-10-10
2025-03-04,0.4399999999999995,điểm %,Tính toán,D,2026-10-10
2025-03-05,0.13999999999999968,điểm %,Tính toán,D,2026-10-10
2025-03-06,-0.3500000000000001,điểm %,Tính toán,D,2026-10-10
2025-03-07,-0.4500000000000002,điểm %,Tính toán,D,2026-10-10
2025-03-10,-0.13999999999999968,điểm %,Tính toán,D,2026-10-10
2025-03-11,0.3700000000000001,điểm %,Tính toán,D,2026-10-10
2025-03-12,0.47999999999999954,điểm %,Tính toán,D,2026-10-10
2025-03-13,0.2400000000000002,điểm %,Tính toán,D,2026-10-10
2025-03-14,0.05999999999999961,điểm %,Tính toán,D,2026-10-10
2025-03-17,-0.07000000000000028,điểm %,Tính toán,D,2026-10-10
2025-03-18,-0.15000000000000036,điểm %,Tính toán,D,2026-10-10
2025-03-19,-0.28000000000000025,điểm %,Tính toán,D,2026-10-10
2025-03-20,-0.3599999999999999,điểm %,Tính toán,D,2026-10-10
2025-03-21,-0.020000000000000462,điểm %,Tính toán,D,2026-10-10
2025-03-24,0.009999999999999787,điểm %,Tính toán,D,2026-10-10
2025-03-25,0.15000000000000036,điểm %,Tính toán,D,2026-10-10
2025-03-26,0.019999999999999574,điểm %,Tính toán,D,2026-10-10
2025-03-27,-0.4500000000000002,điểm %,Tính toán,D,2026-10-10
2025-03-28,-0.8000000000000003,điểm %,Tính toán,D,2026-10-10
2025-03-31,0.28000000000000025,điểm %,Tính toán,D,2026-10-10
2025-04-01,0.22999999999999954,điểm %,Tính toán,D,2026-10-10
2025-04-02,-0.3100000000000005,điểm %,Tính toán,D,2026-10-10
2025-04-03,-0.33999999999999986,điểm %,Tính toán,D,2026-10-10
2025-04-04,-0.33999999999999986,điểm %,Tính toán,D,2026-10-10
2025-04-08,-0.1200000000000001,điểm %,Tính toán,D,2026-10-10
2025-04-09,-0.1200000000000001,điểm %,Tính toán,D,2026-10-10
2025-04-10,-0.27000000000000046,điểm %,Tính toán,D,2026-10-10
2025-04-11,-0.2999999999999998,điểm %,Tính toán,D,2026-10-10
2025-04-14,-0.27000000000000046,điểm %,Tính toán,D,2026-10-10
2025-04-15,-0.3100000000000005,điểm %,Tính toán,D,2026-10-10
2025-04-16,-0.2999999999999998,điểm %,Tính toán,D,2026-10-10
2025-04-17,-0.2599999999999998,điểm %,Tính toán,D,2026-10-10
2025-04-18,-0.23000000000000043,điểm %,Tính toán,D,2026-10-10
2025-04-21,0.15000000000000036,điểm %,Tính toán,D,2026-10-10
2025-04-22,0.3600000000000003,điểm %,Tính toán,D,2026-10-10
2025-04-23,-0.3799999999999999,điểm %,Tính toán,D,2026-10-10
2025-04-24,-1.02,điểm %,Tính toán,D,2026-10-10
2025-04-25,-1.87,điểm %,Tính toán,D,2026-10-10
2025-04-26,-1.8599999999999999,điểm %,Tính toán,D,2026-10-10
2025-04-28,-1.79,điểm %,Tính toán,D,2026-10-10
2025-04-29,-1.79,điểm %,Tính toán,D,2026-10-10
2025-05-05,-0.20000000000000018,điểm %,Tính toán,D,2026-10-10
2025-05-06,-0.1900000000000004,điểm %,Tính toán,D,2026-10-10
2025-05-07,-0.2999999999999998,điểm %,Tính toán,D,2026-10-10
2025-05-08,-0.3700000000000001,điểm %,Tính toán,D,2026-10-10
2025-05-09,-0.2400000000000002,điểm %,Tính toán,D,2026-10-10
2025-05-12,-0.2400000000000002,điểm %,Tính toán,D,2026-10-10
2025-05-13,-0.2999999999999998,điểm %,Tính toán,D,2026-10-10
2025-05-14,-0.3999999999999999,điểm %,Tính toán,D,2026-10-10
2025-05-15,-0.41000000000000014,điểm %,Tính toán,D,2026-10-10
2025-05-16,-0.5500000000000003,điểm %,Tính toán,D,2026-10-10
2025-05-19,-0.6200000000000001,điểm %,Tính toán,D,2026-10-10
2025-05-20,-0.7000000000000002,điểm %,Tính toán,D,2026-10-10
2025-05-21,-0.73,điểm %,Tính toán,D,2026-10-10
2025-05-22,-0.4700000000000002,điểm %,Tính toán,D,2026-10-10
2025-05-23,-0.41000000000000014,điểm %,Tính toán,D,2026-10-10
2025-05-26,-0.3900000000000001,điểm %,Tính toán,D,2026-10-10
2025-05-27,-0.20999999999999996,điểm %,Tính toán,D,2026-10-10
2025-05-28,-0.25,điểm %,Tính toán,D,2026-10-10
2025-05-29,-0.6800000000000002,điểm %,Tính toán,D,2026-10-10
2025-05-30,-1.23,điểm %,Tính toán,D,2026-10-10
2025-06-02,-0.5300000000000002,điểm %,Tính toán,D,2026-10-10
2025-06-03,-0.7000000000000002,điểm %,Tính toán,D,2026-10-10
2025-06-04,-1.1400000000000001,điểm %,Tính toán,D,2026-10-10
2025-06-05,-1.27,điểm %,Tính toán,D,2026-10-10
2025-06-06,-1.5100000000000002,điểm %,Tính toán,D,2026-10-10
2025-06-09,-1.5,điểm %,Tính toán,D,2026-10-10
2025-06-10,-1.5,điểm %,Tính toán,D,2026-10-10
2025-06-11,-1.0899999999999999,điểm %,Tính toán,D,2026-10-10
2025-06-12,-0.29000000000000004,điểm %,Tính toán,D,2026-10-10
2025-06-13,-0.6099999999999999,điểm %,Tính toán,D,2026-10-10
2025-06-16,-1.2000000000000002,điểm %,Tính toán,D,2026-10-10
2025-06-17,-1.85,điểm %,Tính toán,D,2026-10-10
2025-06-18,-2.33,điểm %,Tính toán,D,2026-10-10
2025-06-19,-2.66,điểm %,Tính toán,D,2026-10-10
2025-06-20,-2.5,điểm %,Tính toán,D,2026-10-10
2025-06-23,-2.71,điểm %,Tính toán,D,2026-10-10
2025-06-24,-2.71,điểm %,Tính toán,D,2026-10-10
2025-06-25,-1.02,điểm %,Tính toán,D,2026-10-10
2025-06-26,0.040000000000000036,điểm %,Tính toán,D,2026-10-10
2025-06-27,0.5300000000000002,điểm %,Tính toán,D,2026-10-10
2025-06-30,2.12,điểm %,Tính toán,D,2026-10-10
2025-07-01,0.5099999999999998,điểm %,Tính toán,D,2026-10-10
2025-07-02,-0.52,điểm %,Tính toán,D,2026-10-10
2025-07-03,-0.41999999999999993,điểm %,Tính toán,D,2026-10-10
2025-07-04,-0.25,điểm %,Tính toán,D,2026-10-10
2025-07-07,-0.08000000000000007,điểm %,Tính toán,D,2026-10-10
2025-07-08,0.15000000000000036,điểm %,Tính toán,D,2026-10-10
2025-07-09,0.3200000000000003,điểm %,Tính toán,D,2026-10-10
2025-07-10,0.3600000000000003,điểm %,Tính toán,D,2026-10-10
2025-07-11,0.3200000000000003,điểm %,Tính toán,D,2026-10-10
2025-07-14,0.34999999999999964,điểm %,Tính toán,D,2026-10-10
2025-07-15,0.4500000000000002,điểm %,Tính toán,D,2026-10-10
2025-07-16,0.7599999999999998,điểm %,Tính toán,D,2026-10-10
2025-07-17,0.8399999999999999,điểm %,Tính toán,D,2026-10-10
2025-07-18,0.6799999999999997,điểm %,Tính toán,D,2026-10-10
2025-07-21,0.5999999999999996,điểm %,Tính toán,D,2026-10-10
2025-07-22,0.71,điểm %,Tính toán,D,2026-10-10
2025-07-23,0.9299999999999997,điểm %,Tính toán,D,2026-10-10
2025-07-24,1.62,điểm %,Tính toán,D,2026-10-10
2025-07-25,2.17,điểm %,Tính toán,D,2026-10-10
2025-07-28,1.5199999999999996,điểm %,Tính toán,D,2026-10-10
2025-07-29,0.0,điểm %,Tính toán,D,2026-10-10
2025-07-30,-0.6600000000000001,điểm %,Tính toán,D,2026-10-10
2025-07-31,-0.98,điểm %,Tính toán,D,2026-10-10
2025-08-01,1.0300000000000002,điểm %,Tính toán,D,2026-10-10
2025-08-04,0.8899999999999997,điểm %,Tính toán,D,2026-10-10
2025-08-05,1.1500000000000004,điểm %,Tính toán,D,2026-10-10
2025-08-06,1.1500000000000004,điểm %,Tính toán,D,2026-10-10
2025-08-07,2.2699999999999996,điểm %,Tính toán,D,2026-10-10
2025-08-08,1.92,điểm %,Tính toán,D,2026-10-10
2025-08-11,1.4399999999999995,điểm %,Tính toán,D,2026-10-10
2025-08-12,0.6899999999999995,điểm %,Tính toán,D,2026-10-10
2025-08-13,-0.17999999999999972,điểm %,Tính toán,D,2026-10-10
2025-08-14,-0.4500000000000002,điểm %,Tính toán,D,2026-10-10
2025-08-15,0.16000000000000014,điểm %,Tính toán,D,2026-10-10
2025-08-18,0.1299999999999999,điểm %,Tính toán,D,2026-10-10
2025-08-19,-0.4500000000000002,điểm %,Tính toán,D,2026-10-10
2025-08-20,-0.5500000000000003,điểm %,Tính toán,D,2026-10-10
2025-08-21,0.13999999999999968,điểm %,Tính toán,D,2026-10-10
2025-08-22,0.4299999999999997,điểm %,Tính toán,D,2026-10-10
2025-08-25,0.5599999999999996,điểm %,Tính toán,D,2026-10-10
2025-08-26,-0.3900000000000001,điểm %,Tính toán,D,2026-10-10
2025-08-27,-0.9100000000000001,điểm %,Tính toán,D,2026-10-10
2025-08-28,-2.3000000000000003,điểm %,Tính toán,D,2026-10-10
2025-08-29,-2.3000000000000003,điểm %,Tính toán,D,2026-10-10
2025-09-03,0.6600000000000001,điểm %,Tính toán,D,2026-10-10
2025-09-04,0.3700000000000001,điểm %,Tính toán,D,2026-10-10
2025-09-05,-0.3900000000000001,điểm %,Tính toán,D,2026-10-10
2025-09-08,0.07000000000000028,điểm %,Tính toán,D,2026-10-10
2025-09-09,-0.13999999999999968,điểm %,Tính toán,D,2026-10-10
2025-09-10,-0.3200000000000003,điểm %,Tính toán,D,2026-10-10
2025-09-11,-0.2599999999999998,điểm %,Tính toán,D,2026-10-10
2025-09-12,-0.20999999999999996,điểm %,Tính toán,D,2026-10-10
2025-09-15,-0.16000000000000014,điểm %,Tính toán,D,2026-10-10
2025-09-16,0.17999999999999972,điểm %,Tính toán,D,2026-10-10
2025-09-17,0.20999999999999996,điểm %,Tính toán,D,2026-10-10
2025-09-18,0.05999999999999961,điểm %,Tính toán,D,2026-10-10
2025-09-19,-0.18999999999999995,điểm %,Tính toán,D,2026-10-10
2025-09-22,-0.2999999999999998,điểm %,Tính toán,D,2026-10-10
2025-09-23,-0.17999999999999972,điểm %,Tính toán,D,2026-10-10
2025-09-24,0.16999999999999993,điểm %,Tính toán,D,2026-10-10
2025-09-25,0.4800000000000004,điểm %,Tính toán,D,2026-10-10
2025-09-26,0.29000000000000004,điểm %,Tính toán,D,2026-10-10
2025-09-29,-0.2799999999999998,điểm %,Tính toán,D,2026-10-10
2025-09-30,0.29000000000000004,điểm %,Tính toán,D,2026-10-10
2025-10-01,0.41999999999999993,điểm %,Tính toán,D,2026-10-10
2025-10-02,0.2999999999999998,điểm %,Tính toán,D,2026-10-10
2025-10-03,0.17999999999999972,điểm %,Tính toán,D,2026-10-10
2025-10-06,0.27000000000000046,điểm %,Tính toán,D,2026-10-10
2025-10-07,0.5899999999999999,điểm %,Tính toán,D,2026-10-10
2025-10-08,0.8700000000000001,điểm %,Tính toán,D,2026-10-10
2025-10-09,1.0,điểm %,Tính toán,D,2026-10-10
2025-10-10,0.6900000000000004,điểm %,Tính toán,D,2026-10-10
2025-10-13,0.6300000000000008,điểm %,Tính toán,D,2026-10-10
2025-10-14,0.7200000000000006,điểm %,Tính toán,D,2026-10-10
2025-10-15,0.9000000000000004,điểm %,Tính toán,D,2026-10-10
2025-10-16,1.6399999999999997,điểm %,Tính toán,D,2026-10-10
2025-10-17,1.25,điểm %,Tính toán,D,2026-10-10
2025-10-20,0.8599999999999994,điểm %,Tính toán,D,2026-10-10
2025-10-21,1.08,điểm %,Tính toán,D,2026-10-10
2025-10-22,2.05,điểm %,Tính toán,D,2026-10-10
2025-10-23,1.6999999999999993,điểm %,Tính toán,D,2026-10-10
2025-10-24,1.71,điểm %,Tính toán,D,2026-10-10
2025-10-27,1.75,điểm %,Tính toán,D,2026-10-10
2025-10-28,1.2400000000000002,điểm %,Tính toán,D,2026-10-10
2025-10-29,0.04999999999999982,điểm %,Tính toán,D,2026-10-10
2025-10-30,-0.6699999999999999,điểm %,Tính toán,D,2026-10-10
2025-10-31,0.5900000000000003,điểm %,Tính toán,D,2026-10-10
2025-11-03,1.5099999999999998,điểm %,Tính toán,D,2026-10-10
2025-11-04,1.7400000000000002,điểm %,Tính toán,D,2026-10-10
2025-11-05,2.05,điểm %,Tính toán,D,2026-10-10
2025-11-06,2.0999999999999996,điểm %,Tính toán,D,2026-10-10
2025-11-07,1.9500000000000002,điểm %,Tính toán,D,2026-10-10
2025-11-10,2.0599999999999996,điểm %,Tính toán,D,2026-10-10
2025-11-11,2.2299999999999995,điểm %,Tính toán,D,2026-10-10
2025-11-12,2.1399999999999997,điểm %,Tính toán,D,2026-10-10
2025-11-13,1.5200000000000005,điểm %,Tính toán,D,2026-10-10
2025-11-14,0.6299999999999999,điểm %,Tính toán,D,2026-10-10
2025-11-17,0.7000000000000002,điểm %,Tính toán,D,2026-10-10
2025-11-18,0.5200000000000005,điểm %,Tính toán,D,2026-10-10
2025-11-19,0.20000000000000018,điểm %,Tính toán,D,2026-10-10
2025-11-20,0.2999999999999998,điểm %,Tính toán,D,2026-10-10
2025-11-21,0.5,điểm %,Tính toán,D,2026-10-10
2025-11-24,1.88,điểm %,Tính toán,D,2026-10-10
2025-11-25,2.5600000000000005,điểm %,Tính toán,D,2026-10-10
2025-11-26,1.8600000000000003,điểm %,Tính toán,D,2026-10-10
2025-11-27,1.5300000000000002,điểm %,Tính toán,D,2026-10-10
2025-11-28,1.5100000000000002,điểm %,Tính toán,D,2026-10-10
2025-12-01,3.18,điểm %,Tính toán,D,2026-10-10
2025-12-02,3.5500000000000003,điểm %,Tính toán,D,2026-10-10
2025-12-03,3.5900000000000003,điểm %,Tính toán,D,2026-10-10
2025-12-04,2.9899999999999998,điểm %,Tính toán,D,2026-10-10
2025-12-05,3.48,điểm %,Tính toán,D,2026-10-10
2025-12-08,3.6,điểm %,Tính toán,D,2026-10-10
2025-12-09,3.5900000000000003,điểm %,Tính toán,D,2026-10-10
2025-12-10,3.44,điểm %,Tính toán,D,2026-10-10
2025-12-11,3.73,điểm %,Tính toán,D,2026-10-10
2025-12-12,3.44,điểm %,Tính toán,D,2026-10-10
2025-12-15,2.68,điểm %,Tính toán,D,2026-10-10
2025-12-16,1.6199999999999997,điểm %,Tính toán,D,2026-10-10
2025-12-17,0.8400000000000003,điểm %,Tính toán,D,2026-10-10
2025-12-18,0.94,điểm %,Tính toán,D,2026-10-10
2025-12-19,2.03,điểm %,Tính toán,D,2026-10-10
2025-12-22,3.0799999999999996,điểm %,Tính toán,D,2026-10-10
2025-12-23,2.8000000000000003,điểm %,Tính toán,D,2026-10-10
2025-12-24,2.6699999999999995,điểm %,Tính toán,D,2026-10-10
2025-12-25,1.8299999999999996,điểm %,Tính toán,D,2026-10-10
2025-12-26,0.6699999999999995,điểm %,Tính toán,D,2026-10-10
2025-12-29,-0.3500000000000001,điểm %,Tính toán,D,2026-10-10
2025-12-30,-1.87,điểm %,Tính toán,D,2026-10-10
2025-12-31,-1.87,điểm %,Tính toán,D,2026-10-10
2026-01-05,3.2399999999999998,điểm %,Tính toán,D,2026-10-10
2026-01-06,2.0100000000000002,điểm %,Tính toán,D,2026-10-10
2026-01-07,1.02,điểm %,Tính toán,D,2026-10-10
2026-01-08,-0.010000000000000231,điểm %,Tính toán,D,2026-10-10
2026-01-09,-0.56,điểm %,Tính toán,D,2026-10-10
2026-01-10,-0.48,điểm %,Tính toán,D,2026-10-10
2026-01-12,0.3500000000000001,điểm %,Tính toán,D,2026-10-10
2026-01-13,0.33000000000000007,điểm %,Tính toán,D,2026-10-10
2026-01-14,0.4700000000000002,điểm %,Tính toán,D,2026-10-10
2026-01-15,0.5299999999999998,điểm %,Tính toán,D,2026-10-10
2026-01-16,0.1499999999999999,điểm %,Tính toán,D,2026-10-10
2026-01-19,-0.27,điểm %,Tính toán,D,2026-10-10
2026-01-20,-0.8000000000000003,điểm %,Tính toán,D,2026-10-10
2026-01-21,-0.8600000000000003,điểm %,Tính toán,D,2026-10-10
2026-01-22,-0.8300000000000001,điểm %,Tính toán,D,2026-10-10
2026-01-23,0.9199999999999995,điểm %,Tính toán,D,2026-10-10
2026-01-26,1.9099999999999997,điểm %,Tính toán,D,2026-10-10
2026-01-27,2.28,điểm %,Tính toán,D,2026-10-10
2026-01-28,2.4199999999999995,điểm %,Tính toán,D,2026-10-10
2026-01-29,0.4599999999999995,điểm %,Tính toán,D,2026-10-10
2026-01-30,1.4499999999999997,điểm %,Tính toán,D,2026-10-10
2026-02-02,5.479999999999999,điểm %,Tính toán,D,2026-10-10
2026-02-03,12.75,điểm %,Tính toán,D,2026-10-10
2026-02-04,6.549999999999999,điểm %,Tính toán,D,2026-10-10
2026-02-05,4.959999999999999,điểm %,Tính toán,D,2026-10-10
2026-02-06,6.279999999999999,điểm %,Tính toán,D,2026-10-10
2026-02-09,5.549999999999999,điểm %,Tính toán,D,2026-10-10
2026-02-10,4.869999999999999,điểm %,Tính toán,D,2026-10-10
2026-02-11,0.6400000000000001,điểm %,Tính toán,D,2026-10-10
2026-02-12,0.11999999999999966,điểm %,Tính toán,D,2026-10-10
2026-02-13,0.11999999999999966,điểm %,Tính toán,D,2026-10-10
2026-02-23,2.7499999999999996,điểm %,Tính toán,D,2026-10-10
2026-02-24,0.8299999999999996,điểm %,Tính toán,D,2026-10-10
2026-02-25,0.029999999999999805,điểm %,Tính toán,D,2026-10-10
2026-02-26,-0.81,điểm %,Tính toán,D,2026-10-10
2026-02-27,1.06,điểm %,Tính toán,D,2026-10-10
2026-03-02,7.57,điểm %,Tính toán,D,2026-10-10
2026-03-03,6.469999999999999,điểm %,Tính toán,D,2026-10-10
2026-03-04,6.979999999999999,điểm %,Tính toán,D,2026-10-10
2026-03-05,2.1,điểm %,Tính toán,D,2026-10-10
2026-03-06,0.9700000000000002,điểm %,Tính toán,D,2026-10-10
2026-03-09,2.3699999999999997,điểm %,Tính toán,D,2026-10-10
2026-03-10,2.11,điểm %,Tính toán,D,2026-10-10
2026-03-11,0.9199999999999995,điểm %,Tính toán,D,2026-10-10
2026-03-12,0.6000000000000001,điểm %,Tính toán,D,2026-10-10
2026-03-13,0.3599999999999999,điểm %,Tính toán,D,2026-10-10
2026-03-16,0.31999999999999984,điểm %,Tính toán,D,2026-10-10
2026-03-17,0.8299999999999996,điểm %,Tính toán,D,2026-10-10
2026-03-18,0.9199999999999995,điểm %,Tính toán,D,2026-10-10
2026-03-19,0.9599999999999995,điểm %,Tính toán,D,2026-10-10
2026-03-20,0.56,điểm %,Tính toán,D,2026-10-10
2026-03-23,1.7399999999999998,điểm %,Tính toán,D,2026-10-10
2026-03-24,4.41,điểm %,Tính toán,D,2026-10-10
2026-03-25,3.22,điểm %,Tính toán,D,2026-10-10
2026-03-26,0.8900000000000001,điểm %,Tính toán,D,2026-10-10
2026-03-27,0.9899999999999998,điểm %,Tính toán,D,2026-10-10
2026-03-30,7.779999999999999,điểm %,Tính toán,D,2026-10-10
2026-03-31,5.93,điểm %,Tính toán,D,2026-10-10
2026-04-01,5.17,điểm %,Tính toán,D,2026-10-10
2026-04-02,5.049999999999999,điểm %,Tính toán,D,2026-10-10
2026-04-03,2.65,điểm %,Tính toán,D,2026-10-10
2026-04-06,4.9399999999999995,điểm %,Tính toán,D,2026-10-10
2026-04-07,1.9300000000000002,điểm %,Tính toán,D,2026-10-10
2026-04-08,1.0299999999999998,điểm %,Tính toán,D,2026-10-10
2026-04-09,2.15,điểm %,Tính toán,D,2026-10-10
2026-04-10,2.3000000000000003,điểm %,Tính toán,D,2026-10-10
2026-04-13,2.39,điểm %,Tính toán,D,2026-10-10
2026-04-14,1.19,điểm %,Tính toán,D,2026-10-10
2026-04-15,0.19999999999999973,điểm %,Tính toán,D,2026-10-10
2026-04-16,0.23999999999999977,điểm %,Tính toán,D,2026-10-10
2026-04-17,0.33999999999999986,điểm %,Tính toán,D,2026-10-10
2026-04-20,0.6400000000000001,điểm %,Tính toán,D,2026-10-10
2026-04-21,2.18,điểm %,Tính toán,D,2026-10-10
2026-04-22,2.15,điểm %,Tính toán,D,2026-10-10
2026-04-23,0.7399999999999998,điểm %,Tính toán,D,2026-10-10
2026-04-24,0.7399999999999998,điểm %,Tính toán,D,2026-10-10
2026-04-28,0.23999999999999977,điểm %,Tính toán,D,2026-10-10
2026-04-29,0.23999999999999977,điểm %,Tính toán,D,2026-10-10
2026-05-04,2.98,điểm %,Tính toán,D,2026-10-10
2026-05-05,3.4099999999999997,điểm %,Tính toán,D,2026-10-10
2026-05-06,2.5399999999999996,điểm %,Tính toán,D,2026-10-10
2026-05-07,2.09,điểm %,Tính toán,D,2026-10-10
2026-05-08,1.3600000000000003,điểm %,Tính toán,D,2026-10-10
2026-05-11,1.5200000000000005,điểm %,Tính toán,D,2026-10-10
2026-05-12,2.7,điểm %,Tính toán,D,2026-10-10
2026-05-13,2.6900000000000004,điểm %,Tính toán,D,2026-10-10
2026-05-14,2.42,điểm %,Tính toán,D,2026-10-10
2026-05-15,1.62,điểm %,Tính toán,D,2026-10-10
2026-05-18,2.09,điểm %,Tính toán,D,2026-10-10
2026-05-19,2.58,điểm %,Tính toán,D,2026-10-10
2026-05-20,2.3899999999999997,điểm %,Tính toán,D,2026-10-10
2026-05-21,1.8999999999999995,điểm %,Tính toán,D,2026-10-10
2026-05-22,2.95,điểm %,Tính toán,D,2026-10-10
2026-05-25,3.3499999999999996,điểm %,Tính toán,D,2026-10-10
2026-05-26,4.06,điểm %,Tính toán,D,2026-10-10
2026-05-27,4.18,điểm %,Tính toán,D,2026-10-10
2026-05-28,3.34,điểm %,Tính toán,D,2026-10-10
2026-05-29,3.3499999999999996,điểm %,Tính toán,D,2026-10-10
2026-06-01,7.04,điểm %,Tính toán,D,2026-10-10
2026-06-02,2.92,điểm %,Tính toán,D,2026-10-10
2026-06-03,1.8600000000000003,điểm %,Tính toán,D,2026-10-10
2026-06-04,1.6499999999999995,điểm %,Tính toán,D,2026-10-10
2026-06-05,2.51,điểm %,Tính toán,D,2026-10-10
2026-06-08,5.7299999999999995,điểm %,Tính toán,D,2026-10-10
2026-06-09,2.16,điểm %,Tính toán,D,2026-10-10
2026-06-10,1.2299999999999995,điểm %,Tính toán,D,2026-10-10
2026-06-11,0.7199999999999998,điểm %,Tính toán,D,2026-10-10
2026-06-12,-0.11000000000000032,điểm %,Tính toán,D,2026-10-10
2026-06-15,-0.10999999999999988,điểm %,Tính toán,D,2026-10-10
2026-06-16,0.2200000000000002,điểm %,Tính toán,D,2026-10-10
2026-06-17,0.07000000000000028,điểm %,Tính toán,D,2026-10-10
2026-06-18,0.40000000000000036,điểm %,Tính toán,D,2026-10-10
2026-06-19,0.7800000000000002,điểm %,Tính toán,D,2026-10-10
2026-06-22,2.5700000000000003,điểm %,Tính toán,D,2026-10-10
2026-06-23,1.58,điểm %,Tính toán,D,2026-10-10
2026-06-24,0.16000000000000014,điểm %,Tính toán,D,2026-10-10
2026-06-25,-0.46999999999999975,điểm %,Tính toán,D,2026-10-10
2026-06-26,-0.7199999999999998,điểm %,Tính toán,D,2026-10-10
2026-06-29,0.10000000000000009,điểm %,Tính toán,D,2026-10-10
2026-06-30,8.86,điểm %,Tính toán,D,2026-10-10
2026-07-01,2.3200000000000003,điểm %,Tính toán,D,2026-10-10
2026-07-02,2.99,điểm %,Tính toán,D,2026-10-10
2026-07-03,2.04,điểm %,Tính toán,D,2026-10-10
2026-07-06,2.38,điểm %,Tính toán,D,2026-10-10
2026-07-07,2.21,điểm %,Tính toán,D,2026-10-10
2026-07-08,1.6600000000000001,điểm %,Tính toán,D,2026-10-10
2026-07-09,1.0599999999999996,điểm %,Tính toán,D,2026-10-10
2026-07-10,0.6600000000000001,điểm %,Tính toán,D,2026-10-10
2026-07-13,0.5700000000000003,điểm %,Tính toán,D,2026-10-10
2026-07-14,0.5499999999999998,điểm %,Tính toán,D,2026-10-10
2026-07-15,0.5300000000000002,điểm %,Tính toán,D,2026-10-10
2026-07-16,0.4800000000000004,điểm %,Tính toán,D,2026-10-10
2026-07-17,0.2400000000000002,điểm %,Tính toán,D,2026-10-10
2026-07-20,0.050000000000000266,điểm %,Tính toán,D,2026-10-10
2026-07-21,-0.08999999999999986,điểm %,Tính toán,D,2026-10-10
2026-07-22,-0.2999999999999998,điểm %,Tính toán,D,2026-10-10
2026-07-23,-0.6599999999999997,điểm %,Tính toán,D,2026-10-10
2026-07-24,-1.1999999999999997,điểm %,Tính toán,D,2026-10-10
2026-07-27,-1.2599999999999998,điểm %,Tính toán,D,2026-10-10
2026-07-28,-1.46,điểm %,Tính toán,D,2026-10-10
2026-07-29,-2.3,điểm %,Tính toán,D,2026-10-10
2026-07-30,-2.88,điểm %,Tính toán,D,2026-10-10
2026-07-31,2.09,điểm %,Tính toán,D,2026-10-10
2026-08-03,2.59,điểm %,Tính toán,D,2026-10-10
2026-08-04,2.6900000000000004,điểm %,Tính toán,D,2026-10-10
2026-08-05,1.2000000000000002,điểm %,Tính toán,D,2026-10-10
2026-08-06,0.9500000000000002,điểm %,Tính toán,D,2026-10-10
2026-08-07,2.34,điểm %,Tính toán,D,2026-10-10
2026-08-10,2.46,điểm %,Tính toán,D,2026-10-10
2026-08-11,1.63,điểm %,Tính toán,D,2026-10-10
2026-08-12,0.8399999999999999,điểm %,Tính toán,D,2026-10-10
2026-08-13,0.75,điểm %,Tính toán,D,2026-10-10
2026-08-14,1.2800000000000002,điểm %,Tính toán,D,2026-10-10
2026-08-17,2.1399999999999997,điểm %,Tính toán,D,2026-10-10
2026-08-18,1.2599999999999998,điểm %,Tính toán,D,2026-10-10
2026-08-19,0.3899999999999997,điểm %,Tính toán,D,2026-10-10
2026-08-20,-0.6200000000000001,điểm %,Tính toán,D,2026-10-10
2026-08-21,-0.3700000000000001,điểm %,Tính toán,D,2026-10-10
2026-08-22,-0.3500000000000001,điểm %,Tính toán,D,2026-10-10
2026-08-24,0.33000000000000007,điểm %,Tính toán,D,2026-10-10
2026-08-25,-0.9299999999999997,điểm %,Tính toán,D,2026-10-10
2026-08-26,-1.5699999999999998,điểm %,Tính toán,D,2026-10-10
2026-08-27,-2.44,điểm %,Tính toán,D,2026-10-10
2026-08-28,-2.44,điểm %,Tính toán,D,2026-10-10
2026-09-03,2.38,điểm %,Tính toán,D,2026-10-10
2026-09-04,0.9900000000000002,điểm %,Tính toán,D,2026-10-10
2026-09-07,-0.04999999999999982,điểm %,Tính toán,D,2026-10-10
2026-09-08,-1.1399999999999997,điểm %,Tính toán,D,2026-10-10
2026-09-09,-2.0,điểm %,Tính toán,D,2026-10-10
2026-09-10,-1.95,điểm %,Tính toán,D,2026-10-10
2026-09-11,-0.3500000000000001,điểm %,Tính toán,D,2026-10-10
2026-09-14,1.5300000000000002,điểm %,Tính toán,D,2026-10-10
2026-09-15,0.7400000000000002,điểm %,Tính toán,D,2026-10-10
2026-09-16,0.06000000000000005,điểm %,Tính toán,D,2026-10-10
2026-09-17,-0.5699999999999998,điểm %,Tính toán,D,2026-10-10
2026-09-18,0.7999999999999998,điểm %,Tính toán,D,2026-10-10
2026-09-21,2.96,điểm %,Tính toán,D,2026-10-10
2026-09-22,0.5499999999999998,điểm %,Tính toán,D,2026-10-10
2026-09-23,-1.3199999999999998,điểm %,Tính toán,D,2026-10-10
2026-09-24,-2.78,điểm %,Tính toán,D,2026-10-10
2026-09-25,-3.01,điểm %,Tính toán,D,2026-10-10
2026-09-28,-3.4,điểm %,Tính toán,D,2026-10-10
2026-09-29,-3.32,điểm %,Tính toán,D,2026-10-10
2026-09-30,3.0700000000000003,điểm %,Tính toán,D,2026-10-10
2026-10-01,0.41000000000000014,điểm %,Tính toán,D,2026-10-10
2026-10-02,-1.15,điểm %,Tính toán,D,2026-10-10
2026-10-05,-1.83,điểm %,Tính toán,D,2026-10-10
2026-10-06,-2.7,điểm %,Tính toán,D,2026-10-10
2026-10-07,-3.16,điểm %,Tính toán,D,2026-10-10
