date,value,unit,source,frequency,vintage_date
2010-01-04,92.3566,điểm,FRED,D,2026-10-10
2010-01-05,92.2236,điểm,FRED,D,2026-10-10
2010-01-06,92.0941,điểm,FRED,D,2026-10-10
2010-01-07,92.3684,điểm,FRED,D,2026-10-10
2010-01-08,92.1485,điểm,FRED,D,2026-10-10
2010-01-11,91.5997,điểm,FRED,D,2026-10-10
2010-01-12,91.7005,điểm,FRED,D,2026-10-10
2010-01-13,91.7272,điểm,FRED,D,2026-10-10
2010-01-14,91.5864,điểm,FRED,D,2026-10-10
2010-01-15,91.7668,điểm,FRED,D,2026-10-10
2010-01-19,91.9611,điểm,FRED,D,2026-10-10
2010-01-20,92.6766,điểm,FRED,D,2026-10-10
2010-01-21,92.6627,điểm,FRED,D,2026-10-10
2010-01-22,92.943,điểm,FRED,D,2026-10-10
2010-01-25,92.9099,điểm,FRED,D,2026-10-10
2010-01-26,93.3298,điểm,FRED,D,2026-10-10
2010-01-27,93.2835,điểm,FRED,D,2026-10-10
2010-01-28,93.2635,điểm,FRED,D,2026-10-10
2010-01-29,93.7638,điểm,FRED,D,2026-10-10
2010-02-01,93.7321,điểm,FRED,D,2026-10-10
2010-02-02,93.4136,điểm,FRED,D,2026-10-10
2010-02-03,93.6268,điểm,FRED,D,2026-10-10
2010-02-04,94.1401,điểm,FRED,D,2026-10-10
2010-02-05,94.6218,điểm,FRED,D,2026-10-10
2010-02-12,93.9976,điểm,FRED,D,2026-10-10
2010-02-16,93.482,điểm,FRED,D,2026-10-10
2010-02-17,93.7171,điểm,FRED,D,2026-10-10
2010-02-18,93.8752,điểm,FRED,D,2026-10-10
2010-02-19,93.9569,điểm,FRED,D,2026-10-10
2010-02-22,93.7402,điểm,FRED,D,2026-10-10
2010-02-23,93.9794,điểm,FRED,D,2026-10-10
2010-02-24,93.9775,điểm,FRED,D,2026-10-10
2010-02-25,94.3797,điểm,FRED,D,2026-10-10
2010-02-26,93.6602,điểm,FRED,D,2026-10-10
2010-03-01,93.7979,điểm,FRED,D,2026-10-10
2010-03-02,93.488,điểm,FRED,D,2026-10-10
2010-03-03,92.9861,điểm,FRED,D,2026-10-10
2010-03-04,93.4079,điểm,FRED,D,2026-10-10
2010-03-05,93.2623,điểm,FRED,D,2026-10-10
2010-03-08,93.2446,điểm,FRED,D,2026-10-10
2010-03-09,93.1941,điểm,FRED,D,2026-10-10
2010-03-10,93.0426,điểm,FRED,D,2026-10-10
2010-03-11,93.0533,điểm,FRED,D,2026-10-10
2010-03-12,92.6616,điểm,FRED,D,2026-10-10
2010-03-15,92.9642,điểm,FRED,D,2026-10-10
2010-03-16,92.595,điểm,FRED,D,2026-10-10
2010-03-17,92.4446,điểm,FRED,D,2026-10-10
2010-03-18,92.7451,điểm,FRED,D,2026-10-10
2010-03-19,93.0407,điểm,FRED,D,2026-10-10
2010-03-22,93.1333,điểm,FRED,D,2026-10-10
2010-03-23,93.006,điểm,FRED,D,2026-10-10
2010-03-24,93.6468,điểm,FRED,D,2026-10-10
2010-03-25,93.5885,điểm,FRED,D,2026-10-10
2010-03-26,93.6873,điểm,FRED,D,2026-10-10
2010-03-29,93.2959,điểm,FRED,D,2026-10-10
2010-03-30,93.2627,điểm,FRED,D,2026-10-10
2010-03-31,92.8987,điểm,FRED,D,2026-10-10
2010-04-01,92.6661,điểm,FRED,D,2026-10-10
2010-04-02,92.9057,điểm,FRED,D,2026-10-10
2010-04-05,92.6644,điểm,FRED,D,2026-10-10
2010-04-06,92.7373,điểm,FRED,D,2026-10-10
2010-04-07,92.7452,điểm,FRED,D,2026-10-10
2010-04-08,92.7211,điểm,FRED,D,2026-10-10
2010-04-09,92.4772,điểm,FRED,D,2026-10-10
2010-04-12,92.243,điểm,FRED,D,2026-10-10
2010-04-13,92.2689,điểm,FRED,D,2026-10-10
2010-04-14,91.9297,điểm,FRED,D,2026-10-10
2010-04-15,92.2029,điểm,FRED,D,2026-10-10
2010-04-16,92.5253,điểm,FRED,D,2026-10-10
2010-04-19,92.8577,điểm,FRED,D,2026-10-10
2010-04-20,92.4338,điểm,FRED,D,2026-10-10
2010-04-21,92.4482,điểm,FRED,D,2026-10-10
2010-04-22,92.7277,điểm,FRED,D,2026-10-10
2010-04-23,92.6622,điểm,FRED,D,2026-10-10
2010-04-26,92.5187,điểm,FRED,D,2026-10-10
2010-04-27,93.0956,điểm,FRED,D,2026-10-10
2010-04-28,93.4856,điểm,FRED,D,2026-10-10
2010-04-29,92.9013,điểm,FRED,D,2026-10-10
2010-04-30,92.8423,điểm,FRED,D,2026-10-10
2010-05-03,93.235,điểm,FRED,D,2026-10-10
2010-05-04,93.8137,điểm,FRED,D,2026-10-10
2010-05-05,94.3968,điểm,FRED,D,2026-10-10
2010-05-06,95.3032,điểm,FRED,D,2026-10-10
2010-05-07,95.2952,điểm,FRED,D,2026-10-10
2010-05-10,94.3096,điểm,FRED,D,2026-10-10
2010-05-11,94.4305,điểm,FRED,D,2026-10-10
2010-05-12,94.5515,điểm,FRED,D,2026-10-10
2010-05-13,94.5071,điểm,FRED,D,2026-10-10
2010-05-14,95.3746,điểm,FRED,D,2026-10-10
2010-05-17,95.9795,điểm,FRED,D,2026-10-10
2010-05-18,95.6212,điểm,FRED,D,2026-10-10
2010-05-19,96.5083,điểm,FRED,D,2026-10-10
2010-05-20,96.9483,điểm,FRED,D,2026-10-10
2010-05-21,96.2911,điểm,FRED,D,2026-10-10
2010-05-24,96.6433,điểm,FRED,D,2026-10-10
2010-05-25,97.5487,điểm,FRED,D,2026-10-10
2010-05-26,97.1879,điểm,FRED,D,2026-10-10
2010-05-27,96.3611,điểm,FRED,D,2026-10-10
2010-05-28,96.3062,điểm,FRED,D,2026-10-10
2010-06-01,96.6123,điểm,FRED,D,2026-10-10
2010-06-02,96.615,điểm,FRED,D,2026-10-10
2010-06-03,96.461,điểm,FRED,D,2026-10-10
2010-06-04,97.1688,điểm,FRED,D,2026-10-10
2010-06-07,97.503,điểm,FRED,D,2026-10-10
2010-06-08,97.3425,điểm,FRED,D,2026-10-10
2010-06-09,96.8938,điểm,FRED,D,2026-10-10
2010-06-10,96.4877,điểm,FRED,D,2026-10-10
2010-06-11,96.5616,điểm,FRED,D,2026-10-10
2010-06-14,95.8082,điểm,FRED,D,2026-10-10
2010-06-15,95.7049,điểm,FRED,D,2026-10-10
2010-06-16,95.5668,điểm,FRED,D,2026-10-10
2010-06-17,95.4973,điểm,FRED,D,2026-10-10
2010-06-18,95.2981,điểm,FRED,D,2026-10-10
2010-06-21,94.8505,điểm,FRED,D,2026-10-10
2010-06-22,95.1165,điểm,FRED,D,2026-10-10
2010-06-23,95.4853,điểm,FRED,D,2026-10-10
2010-06-24,95.6194,điểm,FRED,D,2026-10-10
2010-06-25,95.4582,điểm,FRED,D,2026-10-10
2010-06-28,95.2696,điểm,FRED,D,2026-10-10
2010-06-29,96.0199,điểm,FRED,D,2026-10-10
2010-06-30,95.9934,điểm,FRED,D,2026-10-10
2010-07-01,95.8018,điểm,FRED,D,2026-10-10
2010-07-02,95.6345,điểm,FRED,D,2026-10-10
2010-07-06,95.1069,điểm,FRED,D,2026-10-10
2010-07-07,95.1795,điểm,FRED,D,2026-10-10
2010-07-08,94.7734,điểm,FRED,D,2026-10-10
2010-07-09,94.683,điểm,FRED,D,2026-10-10
2010-07-12,94.9598,điểm,FRED,D,2026-10-10
2010-07-13,94.3856,điểm,FRED,D,2026-10-10
2010-07-14,94.3247,điểm,FRED,D,2026-10-10
2010-07-15,94.1988,điểm,FRED,D,2026-10-10
2010-07-16,94.5061,điểm,FRED,D,2026-10-10
2010-07-19,94.602,điểm,FRED,D,2026-10-10
2010-07-20,94.542,điểm,FRED,D,2026-10-10
2010-07-21,94.4496,điểm,FRED,D,2026-10-10
2010-07-22,94.1135,điểm,FRED,D,2026-10-10
2010-07-23,94.1431,điểm,FRED,D,2026-10-10
2010-07-26,93.7556,điểm,FRED,D,2026-10-10
2010-07-27,93.7583,điểm,FRED,D,2026-10-10
2010-07-28,93.7506,điểm,FRED,D,2026-10-10
2010-07-29,93.6004,điểm,FRED,D,2026-10-10
2010-07-30,93.2793,điểm,FRED,D,2026-10-10
2010-08-02,92.7916,điểm,FRED,D,2026-10-10
2010-08-03,92.6258,điểm,FRED,D,2026-10-10
2010-08-04,92.731,điểm,FRED,D,2026-10-10
2010-08-05,92.6401,điểm,FRED,D,2026-10-10
2010-08-06,92.5915,điểm,FRED,D,2026-10-10
2010-08-09,92.6726,điểm,FRED,D,2026-10-10
2010-08-10,93.2197,điểm,FRED,D,2026-10-10
2010-08-11,93.7778,điểm,FRED,D,2026-10-10
2010-08-12,93.8905,điểm,FRED,D,2026-10-10
2010-08-13,94.0457,điểm,FRED,D,2026-10-10
2010-08-16,93.7902,điểm,FRED,D,2026-10-10
2010-08-17,93.4239,điểm,FRED,D,2026-10-10
2010-08-18,93.3719,điểm,FRED,D,2026-10-10
2010-08-19,93.7141,điểm,FRED,D,2026-10-10
2010-08-20,94.2087,điểm,FRED,D,2026-10-10
2010-08-23,94.3295,điểm,FRED,D,2026-10-10
2010-08-24,94.4362,điểm,FRED,D,2026-10-10
2010-08-25,94.7372,điểm,FRED,D,2026-10-10
2010-08-26,94.3523,điểm,FRED,D,2026-10-10
2010-08-27,94.3462,điểm,FRED,D,2026-10-10
2010-08-30,94.5922,điểm,FRED,D,2026-10-10
2010-08-31,94.7204,điểm,FRED,D,2026-10-10
2010-09-01,94.1148,điểm,FRED,D,2026-10-10
2010-09-02,94.0852,điểm,FRED,D,2026-10-10
2010-09-03,93.6952,điểm,FRED,D,2026-10-10
2010-09-07,94.042,điểm,FRED,D,2026-10-10
2010-09-08,93.7785,điểm,FRED,D,2026-10-10
2010-09-09,93.7033,điểm,FRED,D,2026-10-10
2010-09-10,93.6768,điểm,FRED,D,2026-10-10
2010-09-13,93.0767,điểm,FRED,D,2026-10-10
2010-09-14,92.6182,điểm,FRED,D,2026-10-10
2010-09-15,92.9313,điểm,FRED,D,2026-10-10
2010-09-16,92.9108,điểm,FRED,D,2026-10-10
2010-09-17,92.9418,điểm,FRED,D,2026-10-10
2010-09-20,92.7496,điểm,FRED,D,2026-10-10
2010-09-21,92.6684,điểm,FRED,D,2026-10-10
2010-09-22,92.0647,điểm,FRED,D,2026-10-10
2010-09-23,92.0233,điểm,FRED,D,2026-10-10
2010-09-24,91.5996,điểm,FRED,D,2026-10-10
2010-09-27,91.4803,điểm,FRED,D,2026-10-10
2010-09-28,91.3493,điểm,FRED,D,2026-10-10
2010-09-29,91.1632,điểm,FRED,D,2026-10-10
2010-09-30,91.3415,điểm,FRED,D,2026-10-10
2010-10-01,90.836,điểm,FRED,D,2026-10-10
2010-10-04,91.0015,điểm,FRED,D,2026-10-10
2010-10-05,90.5622,điểm,FRED,D,2026-10-10
2010-10-06,90.1411,điểm,FRED,D,2026-10-10
2010-10-07,90.286,điểm,FRED,D,2026-10-10
2010-10-08,90.1133,điểm,FRED,D,2026-10-10
2010-10-12,90.2203,điểm,FRED,D,2026-10-10
2010-10-13,89.7779,điểm,FRED,D,2026-10-10
2010-10-14,89.5228,điểm,FRED,D,2026-10-10
2010-10-15,89.6815,điểm,FRED,D,2026-10-10
2010-10-18,89.8484,điểm,FRED,D,2026-10-10
2010-10-19,90.5499,điểm,FRED,D,2026-10-10
2010-10-20,90.1446,điểm,FRED,D,2026-10-10
2010-10-21,90.138,điểm,FRED,D,2026-10-10
2010-10-22,90.4063,điểm,FRED,D,2026-10-10
2010-10-25,89.9328,điểm,FRED,D,2026-10-10
2010-10-26,90.2818,điểm,FRED,D,2026-10-10
2010-10-27,90.8038,điểm,FRED,D,2026-10-10
2010-10-28,90.2407,điểm,FRED,D,2026-10-10
2010-10-29,90.0935,điểm,FRED,D,2026-10-10
2010-11-01,90.0307,điểm,FRED,D,2026-10-10
2010-11-02,89.6847,điểm,FRED,D,2026-10-10
2010-11-03,89.7079,điểm,FRED,D,2026-10-10
2010-11-04,88.9831,điểm,FRED,D,2026-10-10
2010-11-05,89.2441,điểm,FRED,D,2026-10-10
2010-11-08,89.5711,điểm,FRED,D,2026-10-10
2010-11-09,89.558,điểm,FRED,D,2026-10-10
2010-11-10,89.9056,điểm,FRED,D,2026-10-10
2010-11-12,90.1701,điểm,FRED,D,2026-10-10
2010-11-15,90.4331,điểm,FRED,D,2026-10-10
2010-11-16,91.1102,điểm,FRED,D,2026-10-10
2010-11-17,90.9282,điểm,FRED,D,2026-10-10
2010-11-18,90.649,điểm,FRED,D,2026-10-10
2010-11-19,90.6986,điểm,FRED,D,2026-10-10
2010-11-22,90.7023,điểm,FRED,D,2026-10-10
2010-11-23,91.4318,điểm,FRED,D,2026-10-10
2010-11-24,91.2179,điểm,FRED,D,2026-10-10
2010-11-26,91.8152,điểm,FRED,D,2026-10-10
2010-11-29,92.1997,điểm,FRED,D,2026-10-10
2010-11-30,92.1494,điểm,FRED,D,2026-10-10
2010-12-01,91.6799,điểm,FRED,D,2026-10-10
2010-12-02,91.2651,điểm,FRED,D,2026-10-10
2010-12-03,90.8788,điểm,FRED,D,2026-10-10
2010-12-06,91.0167,điểm,FRED,D,2026-10-10
2010-12-07,90.9732,điểm,FRED,D,2026-10-10
2010-12-08,91.3376,điểm,FRED,D,2026-10-10
2010-12-09,91.3923,điểm,FRED,D,2026-10-10
2010-12-10,91.2831,điểm,FRED,D,2026-10-10
2010-12-13,90.8837,điểm,FRED,D,2026-10-10
2010-12-14,90.764,điểm,FRED,D,2026-10-10
2010-12-15,91.094,điểm,FRED,D,2026-10-10
2010-12-16,91.3773,điểm,FRED,D,2026-10-10
2010-12-17,91.5555,điểm,FRED,D,2026-10-10
2010-12-20,91.6398,điểm,FRED,D,2026-10-10
2010-12-21,91.519,điểm,FRED,D,2026-10-10
2010-12-22,91.429,điểm,FRED,D,2026-10-10
2010-12-23,91.3013,điểm,FRED,D,2026-10-10
2010-12-27,91.1963,điểm,FRED,D,2026-10-10
2010-12-28,90.9848,điểm,FRED,D,2026-10-10
2010-12-29,90.7669,điểm,FRED,D,2026-10-10
2010-12-30,90.5146,điểm,FRED,D,2026-10-10
2011-01-03,89.9524,điểm,FRED,D,2026-10-10
2011-01-04,90.3277,điểm,FRED,D,2026-10-10
2011-01-05,90.5715,điểm,FRED,D,2026-10-10
2011-01-06,90.9125,điểm,FRED,D,2026-10-10
2011-01-07,91.0001,điểm,FRED,D,2026-10-10
2011-01-10,91.03,điểm,FRED,D,2026-10-10
2011-01-11,90.8431,điểm,FRED,D,2026-10-10
2011-01-12,90.4111,điểm,FRED,D,2026-10-10
2011-01-13,89.9019,điểm,FRED,D,2026-10-10
2011-01-14,90.0461,điểm,FRED,D,2026-10-10
2011-01-18,89.821,điểm,FRED,D,2026-10-10
2011-01-19,89.6948,điểm,FRED,D,2026-10-10
2011-01-20,90.1316,điểm,FRED,D,2026-10-10
2011-01-21,89.7204,điểm,FRED,D,2026-10-10
2011-01-24,89.5375,điểm,FRED,D,2026-10-10
2011-01-25,89.7279,điểm,FRED,D,2026-10-10
2011-01-26,89.5091,điểm,FRED,D,2026-10-10
2011-01-27,89.5728,điểm,FRED,D,2026-10-10
2011-01-28,89.8189,điểm,FRED,D,2026-10-10
2011-01-31,89.694,điểm,FRED,D,2026-10-10
2011-02-01,89.1436,điểm,FRED,D,2026-10-10
2011-02-02,89.0737,điểm,FRED,D,2026-10-10
2011-02-03,89.2522,điểm,FRED,D,2026-10-10
2011-02-04,89.391,điểm,FRED,D,2026-10-10
2011-02-07,89.3556,điểm,FRED,D,2026-10-10
2011-02-08,89.1241,điểm,FRED,D,2026-10-10
2011-02-09,89.4166,điểm,FRED,D,2026-10-10
2011-02-10,89.6266,điểm,FRED,D,2026-10-10
2011-02-11,89.8784,điểm,FRED,D,2026-10-10
2011-02-14,89.8543,điểm,FRED,D,2026-10-10
2011-02-15,89.8871,điểm,FRED,D,2026-10-10
2011-02-16,89.7059,điểm,FRED,D,2026-10-10
2011-02-17,89.4102,điểm,FRED,D,2026-10-10
2011-02-18,89.1974,điểm,FRED,D,2026-10-10
2011-02-22,89.4617,điểm,FRED,D,2026-10-10
2011-02-23,89.4186,điểm,FRED,D,2026-10-10
2011-02-24,89.2346,điểm,FRED,D,2026-10-10
2011-02-25,89.1664,điểm,FRED,D,2026-10-10
2011-02-28,88.9391,điểm,FRED,D,2026-10-10
2011-03-01,88.831,điểm,FRED,D,2026-10-10
2011-03-02,88.7317,điểm,FRED,D,2026-10-10
2011-03-03,88.637,điểm,FRED,D,2026-10-10
2011-03-04,88.4898,điểm,FRED,D,2026-10-10
2011-03-07,88.5207,điểm,FRED,D,2026-10-10
2011-03-08,88.6454,điểm,FRED,D,2026-10-10
2011-03-09,88.5328,điểm,FRED,D,2026-10-10
2011-03-10,88.8698,điểm,FRED,D,2026-10-10
2011-03-11,88.691,điểm,FRED,D,2026-10-10
2011-03-14,88.5191,điểm,FRED,D,2026-10-10
2011-03-15,88.7845,điểm,FRED,D,2026-10-10
2011-03-16,88.9785,điểm,FRED,D,2026-10-10
2011-03-17,88.6549,điểm,FRED,D,2026-10-10
2011-03-18,88.5221,điểm,FRED,D,2026-10-10
2011-03-21,88.2032,điểm,FRED,D,2026-10-10
2011-03-22,88.0665,điểm,FRED,D,2026-10-10
2011-03-23,88.3328,điểm,FRED,D,2026-10-10
2011-03-24,88.0592,điểm,FRED,D,2026-10-10
2011-03-25,88.1716,điểm,FRED,D,2026-10-10
2011-03-28,88.3058,điểm,FRED,D,2026-10-10
2011-03-29,88.3991,điểm,FRED,D,2026-10-10
2011-03-30,88.2298,điểm,FRED,D,2026-10-10
2011-03-31,88.0299,điểm,FRED,D,2026-10-10
2011-04-01,87.7993,điểm,FRED,D,2026-10-10
2011-04-04,87.8406,điểm,FRED,D,2026-10-10
2011-04-05,87.7483,điểm,FRED,D,2026-10-10
2011-04-06,87.4913,điểm,FRED,D,2026-10-10
2011-04-07,87.532,điểm,FRED,D,2026-10-10
2011-04-08,87.1493,điểm,FRED,D,2026-10-10
2011-04-11,87.094,điểm,FRED,D,2026-10-10
2011-04-12,87.2943,điểm,FRED,D,2026-10-10
2011-04-13,87.2093,điểm,FRED,D,2026-10-10
2011-04-14,87.0802,điểm,FRED,D,2026-10-10
2011-04-15,87.005,điểm,FRED,D,2026-10-10
2011-04-18,87.5081,điểm,FRED,D,2026-10-10
2011-04-19,87.0791,điểm,FRED,D,2026-10-10
2011-04-20,86.5642,điểm,FRED,D,2026-10-10
2011-04-21,86.2256,điểm,FRED,D,2026-10-10
2011-04-22,86.3742,điểm,FRED,D,2026-10-10
2011-04-25,86.4026,điểm,FRED,D,2026-10-10
2011-04-26,86.2576,điểm,FRED,D,2026-10-10
2011-04-27,86.2519,điểm,FRED,D,2026-10-10
2011-04-28,85.8419,điểm,FRED,D,2026-10-10
2011-04-29,85.5999,điểm,FRED,D,2026-10-10
2011-05-02,85.5199,điểm,FRED,D,2026-10-10
2011-05-03,85.6352,điểm,FRED,D,2026-10-10
2011-05-04,85.8917,điểm,FRED,D,2026-10-10
2011-05-05,86.508,điểm,FRED,D,2026-10-10
2011-05-06,86.4575,điểm,FRED,D,2026-10-10
2011-05-09,86.8346,điểm,FRED,D,2026-10-10
2011-05-10,86.6518,điểm,FRED,D,2026-10-10
2011-05-11,86.7195,điểm,FRED,D,2026-10-10
2011-05-12,87.0767,điểm,FRED,D,2026-10-10
2011-05-13,87.4176,điểm,FRED,D,2026-10-10
2011-05-16,87.3311,điểm,FRED,D,2026-10-10
2011-05-17,87.6307,điểm,FRED,D,2026-10-10
2011-05-18,87.295,điểm,FRED,D,2026-10-10
2011-05-19,87.2638,điểm,FRED,D,2026-10-10
2011-05-20,87.3044,điểm,FRED,D,2026-10-10
2011-05-23,87.8941,điểm,FRED,D,2026-10-10
2011-05-24,87.662,điểm,FRED,D,2026-10-10
2011-05-25,87.6136,điểm,FRED,D,2026-10-10
2011-05-26,87.5588,điểm,FRED,D,2026-10-10
2011-05-27,86.9525,điểm,FRED,D,2026-10-10
2011-05-31,86.656,điểm,FRED,D,2026-10-10
2011-06-01,86.5964,điểm,FRED,D,2026-10-10
2011-06-02,86.8435,điểm,FRED,D,2026-10-10
2011-06-03,86.4234,điểm,FRED,D,2026-10-10
2011-06-06,86.4669,điểm,FRED,D,2026-10-10
2011-06-07,86.3627,điểm,FRED,D,2026-10-10
2011-06-08,86.5714,điểm,FRED,D,2026-10-10
2011-06-09,86.5913,điểm,FRED,D,2026-10-10
2011-06-10,87.042,điểm,FRED,D,2026-10-10
2011-06-13,87.0579,điểm,FRED,D,2026-10-10
2011-06-14,86.6771,điểm,FRED,D,2026-10-10
2011-06-15,87.3342,điểm,FRED,D,2026-10-10
2011-06-16,87.6917,điểm,FRED,D,2026-10-10
2011-06-17,87.2179,điểm,FRED,D,2026-10-10
2011-06-20,87.1908,điểm,FRED,D,2026-10-10
2011-06-21,86.857,điểm,FRED,D,2026-10-10
2011-06-22,86.8067,điểm,FRED,D,2026-10-10
2011-06-23,87.455,điểm,FRED,D,2026-10-10
2011-06-24,87.5014,điểm,FRED,D,2026-10-10
2011-06-27,87.5225,điểm,FRED,D,2026-10-10
2011-06-28,87.2178,điểm,FRED,D,2026-10-10
2011-06-29,86.8014,điểm,FRED,D,2026-10-10
2011-06-30,86.4786,điểm,FRED,D,2026-10-10
2011-07-01,86.3613,điểm,FRED,D,2026-10-10
2011-07-05,86.4253,điểm,FRED,D,2026-10-10
2011-07-06,86.6825,điểm,FRED,D,2026-10-10
2011-07-07,86.4825,điểm,FRED,D,2026-10-10
2011-07-08,86.615,điểm,FRED,D,2026-10-10
2011-07-11,87.1013,điểm,FRED,D,2026-10-10
2011-07-12,87.1701,điểm,FRED,D,2026-10-10
2011-07-13,86.5697,điểm,FRED,D,2026-10-10
2011-07-14,86.5234,điểm,FRED,D,2026-10-10
2011-07-15,86.5169,điểm,FRED,D,2026-10-10
2011-07-18,86.9549,điểm,FRED,D,2026-10-10
2011-07-19,86.4386,điểm,FRED,D,2026-10-10
2011-07-20,86.2794,điểm,FRED,D,2026-10-10
2011-07-21,85.8378,điểm,FRED,D,2026-10-10
2011-07-22,85.8623,điểm,FRED,D,2026-10-10
2011-07-25,85.8006,điểm,FRED,D,2026-10-10
2011-07-26,85.4692,điểm,FRED,D,2026-10-10
2011-07-27,85.7126,điểm,FRED,D,2026-10-10
2011-07-28,85.8245,điểm,FRED,D,2026-10-10
2011-07-29,85.7282,điểm,FRED,D,2026-10-10
2011-08-01,86.0391,điểm,FRED,D,2026-10-10
2011-08-02,86.0533,điểm,FRED,D,2026-10-10
2011-08-03,86.0706,điểm,FRED,D,2026-10-10
2011-08-04,86.9299,điểm,FRED,D,2026-10-10
2011-08-05,87.1084,điểm,FRED,D,2026-10-10
2011-08-08,87.1873,điểm,FRED,D,2026-10-10
2011-08-09,87.3919,điểm,FRED,D,2026-10-10
2011-08-10,87.3792,điểm,FRED,D,2026-10-10
2011-08-11,87.3215,điểm,FRED,D,2026-10-10
2011-08-12,87.177,điểm,FRED,D,2026-10-10
2011-08-15,86.7515,điểm,FRED,D,2026-10-10
2011-08-16,86.7115,điểm,FRED,D,2026-10-10
2011-08-17,86.5518,điểm,FRED,D,2026-10-10
2011-08-18,87.1271,điểm,FRED,D,2026-10-10
2011-08-19,86.8286,điểm,FRED,D,2026-10-10
2011-08-22,87.0753,điểm,FRED,D,2026-10-10
2011-08-23,86.9001,điểm,FRED,D,2026-10-10
2011-08-24,87.1316,điểm,FRED,D,2026-10-10
2011-08-25,87.2306,điểm,FRED,D,2026-10-10
2011-08-26,87.0751,điểm,FRED,D,2026-10-10
2011-08-29,86.8433,điểm,FRED,D,2026-10-10
2011-08-30,87.001,điểm,FRED,D,2026-10-10
2011-08-31,86.7739,điểm,FRED,D,2026-10-10
2011-09-01,86.8512,điểm,FRED,D,2026-10-10
2011-09-02,87.1797,điểm,FRED,D,2026-10-10
2011-09-06,88.1645,điểm,FRED,D,2026-10-10
2011-09-07,87.9699,điểm,FRED,D,2026-10-10
2011-09-08,88.1162,điểm,FRED,D,2026-10-10
2011-09-09,88.9514,điểm,FRED,D,2026-10-10
2011-09-12,89.2192,điểm,FRED,D,2026-10-10
2011-09-13,89.2653,điểm,FRED,D,2026-10-10
2011-09-14,89.419,điểm,FRED,D,2026-10-10
2011-09-15,89.0647,điểm,FRED,D,2026-10-10
2011-09-16,89.1108,điểm,FRED,D,2026-10-10
2011-09-19,89.9336,điểm,FRED,D,2026-10-10
2011-09-20,89.8777,điểm,FRED,D,2026-10-10
2011-09-21,90.3453,điểm,FRED,D,2026-10-10
2011-09-22,92.075,điểm,FRED,D,2026-10-10
2011-09-23,91.6904,điểm,FRED,D,2026-10-10
2011-09-26,91.7724,điểm,FRED,D,2026-10-10
2011-09-27,90.8985,điểm,FRED,D,2026-10-10
2011-09-28,91.0227,điểm,FRED,D,2026-10-10
2011-09-29,91.3033,điểm,FRED,D,2026-10-10
2011-09-30,91.9998,điểm,FRED,D,2026-10-10
2011-10-03,92.5128,điểm,FRED,D,2026-10-10
2011-10-04,92.9508,điểm,FRED,D,2026-10-10
2011-10-05,92.3008,điểm,FRED,D,2026-10-10
2011-10-06,91.9661,điểm,FRED,D,2026-10-10
2011-10-07,91.2469,điểm,FRED,D,2026-10-10
2011-10-11,90.9162,điểm,FRED,D,2026-10-10
2011-10-12,90.3378,điểm,FRED,D,2026-10-10
2011-10-13,90.6603,điểm,FRED,D,2026-10-10
2011-10-14,90.2116,điểm,FRED,D,2026-10-10
2011-10-17,90.266,điểm,FRED,D,2026-10-10
2011-10-18,90.5907,điểm,FRED,D,2026-10-10
2011-10-19,90.3317,điểm,FRED,D,2026-10-10
2011-10-20,91.1026,điểm,FRED,D,2026-10-10
2011-10-21,90.279,điểm,FRED,D,2026-10-10
2011-10-24,89.8558,điểm,FRED,D,2026-10-10
2011-10-25,89.9525,điểm,FRED,D,2026-10-10
2011-10-26,90.0836,điểm,FRED,D,2026-10-10
2011-10-27,88.7882,điểm,FRED,D,2026-10-10
2011-10-28,88.6382,điểm,FRED,D,2026-10-10
2011-10-31,89.2053,điểm,FRED,D,2026-10-10
2011-11-01,90.7296,điểm,FRED,D,2026-10-10
2011-11-02,90.244,điểm,FRED,D,2026-10-10
2011-11-03,90.2961,điểm,FRED,D,2026-10-10
2011-11-04,90.3154,điểm,FRED,D,2026-10-10
2011-11-07,90.3832,điểm,FRED,D,2026-10-10
2011-11-08,90.172,điểm,FRED,D,2026-10-10
2011-11-09,90.6991,điểm,FRED,D,2026-10-10
2011-11-10,90.8588,điểm,FRED,D,2026-10-10
2011-11-14,90.7215,điểm,FRED,D,2026-10-10
2011-11-15,91.1081,điểm,FRED,D,2026-10-10
2011-11-16,91.1237,điểm,FRED,D,2026-10-10
2011-11-17,91.1822,điểm,FRED,D,2026-10-10
2011-11-18,91.3676,điểm,FRED,D,2026-10-10
2011-11-21,91.9978,điểm,FRED,D,2026-10-10
2011-11-22,92.0193,điểm,FRED,D,2026-10-10
2011-11-23,92.7463,điểm,FRED,D,2026-10-10
2011-11-25,93.1455,điểm,FRED,D,2026-10-10
2011-11-28,92.4983,điểm,FRED,D,2026-10-10
2011-11-29,92.2163,điểm,FRED,D,2026-10-10
2011-11-30,91.4728,điểm,FRED,D,2026-10-10
2011-12-01,91.227,điểm,FRED,D,2026-10-10
2011-12-02,91.3532,điểm,FRED,D,2026-10-10
2011-12-05,91.1087,điểm,FRED,D,2026-10-10
2011-12-06,91.2817,điểm,FRED,D,2026-10-10
2011-12-07,91.2331,điểm,FRED,D,2026-10-10
2011-12-08,91.668,điểm,FRED,D,2026-10-10
2011-12-09,91.6122,điểm,FRED,D,2026-10-10
2011-12-12,92.3375,điểm,FRED,D,2026-10-10
2011-12-13,92.5456,điểm,FRED,D,2026-10-10
2011-12-14,93.2176,điểm,FRED,D,2026-10-10
2011-12-15,92.8858,điểm,FRED,D,2026-10-10
2011-12-16,92.8252,điểm,FRED,D,2026-10-10
2011-12-19,92.8685,điểm,FRED,D,2026-10-10
2011-12-20,92.432,điểm,FRED,D,2026-10-10
2011-12-21,92.5262,điểm,FRED,D,2026-10-10
2011-12-22,92.3883,điểm,FRED,D,2026-10-10
2011-12-23,92.3897,điểm,FRED,D,2026-10-10
2011-12-27,92.4137,điểm,FRED,D,2026-10-10
2011-12-28,92.8374,điểm,FRED,D,2026-10-10
2011-12-29,92.7398,điểm,FRED,D,2026-10-10
2011-12-30,92.4262,điểm,FRED,D,2026-10-10
2012-01-03,91.7551,điểm,FRED,D,2026-10-10
2012-01-04,92.0345,điểm,FRED,D,2026-10-10
2012-01-05,92.5773,điểm,FRED,D,2026-10-10
2012-01-06,92.7183,điểm,FRED,D,2026-10-10
2012-01-09,92.7418,điểm,FRED,D,2026-10-10
2012-01-10,92.2461,điểm,FRED,D,2026-10-10
2012-01-11,92.554,điểm,FRED,D,2026-10-10
2012-01-12,92.2274,điểm,FRED,D,2026-10-10
2012-01-13,92.5385,điểm,FRED,D,2026-10-10
2012-01-17,92.0142,điểm,FRED,D,2026-10-10
2012-01-18,91.6943,điểm,FRED,D,2026-10-10
2012-01-19,91.3316,điểm,FRED,D,2026-10-10
2012-01-20,91.3661,điểm,FRED,D,2026-10-10
2012-01-23,90.986,điểm,FRED,D,2026-10-10
2012-01-24,91.181,điểm,FRED,D,2026-10-10
2012-01-25,91.277,điểm,FRED,D,2026-10-10
2012-01-26,90.3962,điểm,FRED,D,2026-10-10
2012-01-27,90.2559,điểm,FRED,D,2026-10-10
2012-01-30,90.4762,điểm,FRED,D,2026-10-10
2012-01-31,90.5538,điểm,FRED,D,2026-10-10
2012-02-01,90.0963,điểm,FRED,D,2026-10-10
2012-02-02,89.8765,điểm,FRED,D,2026-10-10
2012-02-03,89.8491,điểm,FRED,D,2026-10-10
2012-02-06,89.7907,điểm,FRED,D,2026-10-10
2012-02-07,89.5968,điểm,FRED,D,2026-10-10
2012-02-08,89.6555,điểm,FRED,D,2026-10-10
2012-02-09,89.6246,điểm,FRED,D,2026-10-10
2012-02-10,90.1024,điểm,FRED,D,2026-10-10
2012-02-13,89.8895,điểm,FRED,D,2026-10-10
2012-02-14,90.1919,điểm,FRED,D,2026-10-10
2012-02-15,90.1932,điểm,FRED,D,2026-10-10
2012-02-16,90.3109,điểm,FRED,D,2026-10-10
2012-02-17,90.23,điểm,FRED,D,2026-10-10
2012-02-21,90.0117,điểm,FRED,D,2026-10-10
2012-02-22,90.2472,điểm,FRED,D,2026-10-10
2012-02-23,90.1108,điểm,FRED,D,2026-10-10
2012-02-24,89.9104,điểm,FRED,D,2026-10-10
2012-02-27,89.9635,điểm,FRED,D,2026-10-10
2012-02-28,89.8103,điểm,FRED,D,2026-10-10
2012-02-29,89.7487,điểm,FRED,D,2026-10-10
2012-03-01,89.7817,điểm,FRED,D,2026-10-10
2012-03-02,90.135,điểm,FRED,D,2026-10-10
2012-03-05,90.2748,điểm,FRED,D,2026-10-10
2012-03-06,90.8237,điểm,FRED,D,2026-10-10
2012-03-07,90.6837,điểm,FRED,D,2026-10-10
2012-03-08,90.2598,điểm,FRED,D,2026-10-10
2012-03-09,90.4341,điểm,FRED,D,2026-10-10
2012-03-12,90.6643,điểm,FRED,D,2026-10-10
2012-03-13,90.5363,điểm,FRED,D,2026-10-10
2012-03-14,90.9325,điểm,FRED,D,2026-10-10
2012-03-15,90.7866,điểm,FRED,D,2026-10-10
2012-03-16,90.5245,điểm,FRED,D,2026-10-10
2012-03-19,90.292,điểm,FRED,D,2026-10-10
2012-03-20,90.6065,điểm,FRED,D,2026-10-10
2012-03-21,90.6761,điểm,FRED,D,2026-10-10
2012-03-22,90.8225,điểm,FRED,D,2026-10-10
2012-03-23,90.6156,điểm,FRED,D,2026-10-10
2012-03-26,90.3266,điểm,FRED,D,2026-10-10
2012-03-27,90.2796,điểm,FRED,D,2026-10-10
2012-03-28,90.603,điểm,FRED,D,2026-10-10
2012-03-29,90.7285,điểm,FRED,D,2026-10-10
2012-03-30,90.4593,điểm,FRED,D,2026-10-10
2012-04-02,90.247,điểm,FRED,D,2026-10-10
2012-04-03,90.1921,điểm,FRED,D,2026-10-10
2012-04-04,90.8284,điểm,FRED,D,2026-10-10
2012-04-05,90.8781,điểm,FRED,D,2026-10-10
2012-04-06,90.9375,điểm,FRED,D,2026-10-10
2012-04-09,90.9624,điểm,FRED,D,2026-10-10
2012-04-10,91.2728,điểm,FRED,D,2026-10-10
2012-04-11,91.1768,điểm,FRED,D,2026-10-10
2012-04-12,90.7694,điểm,FRED,D,2026-10-10
2012-04-13,91.0558,điểm,FRED,D,2026-10-10
2012-04-16,91.2355,điểm,FRED,D,2026-10-10
2012-04-17,90.7661,điểm,FRED,D,2026-10-10
2012-04-18,90.9326,điểm,FRED,D,2026-10-10
2012-04-19,91.0833,điểm,FRED,D,2026-10-10
2012-04-20,90.8066,điểm,FRED,D,2026-10-10
2012-04-23,91.079,điểm,FRED,D,2026-10-10
2012-04-24,90.8153,điểm,FRED,D,2026-10-10
2012-04-25,90.756,điểm,FRED,D,2026-10-10
2012-04-26,90.6428,điểm,FRED,D,2026-10-10
2012-04-27,90.3269,điểm,FRED,D,2026-10-10
2012-04-30,90.3634,điểm,FRED,D,2026-10-10
2012-05-01,90.3227,điểm,FRED,D,2026-10-10
2012-05-02,90.6144,điểm,FRED,D,2026-10-10
2012-05-03,90.6839,điểm,FRED,D,2026-10-10
2012-05-04,91.0497,điểm,FRED,D,2026-10-10
2012-05-07,91.0747,điểm,FRED,D,2026-10-10
2012-05-08,91.4107,điểm,FRED,D,2026-10-10
2012-05-09,91.7632,điểm,FRED,D,2026-10-10
2012-05-10,91.7077,điểm,FRED,D,2026-10-10
2012-05-11,91.7306,điểm,FRED,D,2026-10-10
2012-05-14,92.2491,điểm,FRED,D,2026-10-10
2012-05-15,92.5235,điểm,FRED,D,2026-10-10
2012-05-16,92.903,điểm,FRED,D,2026-10-10
2012-05-17,92.9632,điểm,FRED,D,2026-10-10
2012-05-18,93.1395,điểm,FRED,D,2026-10-10
2012-05-21,93.0945,điểm,FRED,D,2026-10-10
2012-05-22,93.1113,điểm,FRED,D,2026-10-10
2012-05-23,93.8855,điểm,FRED,D,2026-10-10
2012-05-24,93.8027,điểm,FRED,D,2026-10-10
2012-05-25,93.9488,điểm,FRED,D,2026-10-10
2012-05-29,93.875,điểm,FRED,D,2026-10-10
2012-05-30,94.302,điểm,FRED,D,2026-10-10
2012-05-31,94.6856,điểm,FRED,D,2026-10-10
2012-06-01,94.6979,điểm,FRED,D,2026-10-10
2012-06-04,94.5184,điểm,FRED,D,2026-10-10
2012-06-05,94.6184,điểm,FRED,D,2026-10-10
2012-06-06,94.0362,điểm,FRED,D,2026-10-10
2012-06-07,93.774,điểm,FRED,D,2026-10-10
2012-06-08,94.2024,điểm,FRED,D,2026-10-10
2012-06-11,94.0369,điểm,FRED,D,2026-10-10
2012-06-12,94.0693,điểm,FRED,D,2026-10-10
2012-06-13,93.8309,điểm,FRED,D,2026-10-10
2012-06-14,93.8152,điểm,FRED,D,2026-10-10
2012-06-15,93.5203,điểm,FRED,D,2026-10-10
2012-06-18,93.6431,điểm,FRED,D,2026-10-10
2012-06-19,93.0524,điểm,FRED,D,2026-10-10
2012-06-20,93.1602,điểm,FRED,D,2026-10-10
2012-06-21,93.6378,điểm,FRED,D,2026-10-10
2012-06-22,93.9205,điểm,FRED,D,2026-10-10
2012-06-25,94.1757,điểm,FRED,D,2026-10-10
2012-06-26,93.9859,điểm,FRED,D,2026-10-10
2012-06-27,93.8728,điểm,FRED,D,2026-10-10
2012-06-28,94.0203,điểm,FRED,D,2026-10-10
2012-06-29,92.9096,điểm,FRED,D,2026-10-10
2012-07-02,92.951,điểm,FRED,D,2026-10-10
2012-07-03,92.6508,điểm,FRED,D,2026-10-10
2012-07-05,93.2211,điểm,FRED,D,2026-10-10
2012-07-06,93.7087,điểm,FRED,D,2026-10-10
2012-07-09,93.6974,điểm,FRED,D,2026-10-10
2012-07-10,93.5552,điểm,FRED,D,2026-10-10
2012-07-11,93.5981,điểm,FRED,D,2026-10-10
2012-07-12,93.9298,điểm,FRED,D,2026-10-10
2012-07-13,93.5515,điểm,FRED,D,2026-10-10
2012-07-16,93.3746,điểm,FRED,D,2026-10-10
2012-07-17,93.3479,điểm,FRED,D,2026-10-10
2012-07-18,93.0973,điểm,FRED,D,2026-10-10
2012-07-19,93.0438,điểm,FRED,D,2026-10-10
2012-07-20,93.3653,điểm,FRED,D,2026-10-10
2012-07-23,93.9297,điểm,FRED,D,2026-10-10
2012-07-24,94.2635,điểm,FRED,D,2026-10-10
2012-07-25,94.0564,điểm,FRED,D,2026-10-10
2012-07-26,93.3595,điểm,FRED,D,2026-10-10
2012-07-27,92.9333,điểm,FRED,D,2026-10-10
2012-07-30,93.0524,điểm,FRED,D,2026-10-10
2012-07-31,92.8422,điểm,FRED,D,2026-10-10
2012-08-01,92.8905,điểm,FRED,D,2026-10-10
2012-08-02,93.4269,điểm,FRED,D,2026-10-10
2012-08-03,92.6048,điểm,FRED,D,2026-10-10
2012-08-06,92.4339,điểm,FRED,D,2026-10-10
2012-08-07,92.5128,điểm,FRED,D,2026-10-10
2012-08-08,92.5407,điểm,FRED,D,2026-10-10
2012-08-09,92.6057,điểm,FRED,D,2026-10-10
2012-08-10,92.5129,điểm,FRED,D,2026-10-10
2012-08-13,92.5955,điểm,FRED,D,2026-10-10
2012-08-14,92.6152,điểm,FRED,D,2026-10-10
2012-08-15,92.6838,điểm,FRED,D,2026-10-10
2012-08-16,92.5737,điểm,FRED,D,2026-10-10
2012-08-17,92.711,điểm,FRED,D,2026-10-10
2012-08-20,92.6263,điểm,FRED,D,2026-10-10
2012-08-21,92.3053,điểm,FRED,D,2026-10-10
2012-08-22,92.4362,điểm,FRED,D,2026-10-10
2012-08-23,92.1057,điểm,FRED,D,2026-10-10
2012-08-24,92.2785,điểm,FRED,D,2026-10-10
2012-08-27,92.3135,điểm,FRED,D,2026-10-10
2012-08-28,92.2033,điểm,FRED,D,2026-10-10
2012-08-29,92.3823,điểm,FRED,D,2026-10-10
2012-08-30,92.6239,điểm,FRED,D,2026-10-10
2012-08-31,92.1677,điểm,FRED,D,2026-10-10
2012-09-04,92.1582,điểm,FRED,D,2026-10-10
2012-09-05,92.1262,điểm,FRED,D,2026-10-10
2012-09-06,91.8973,điểm,FRED,D,2026-10-10
2012-09-07,91.3469,điểm,FRED,D,2026-10-10
2012-09-10,91.3102,điểm,FRED,D,2026-10-10
2012-09-11,91.0575,điểm,FRED,D,2026-10-10
2012-09-12,91.0477,điểm,FRED,D,2026-10-10
2012-09-13,90.9632,điểm,FRED,D,2026-10-10
2012-09-14,90.1436,điểm,FRED,D,2026-10-10
2012-09-17,90.2837,điểm,FRED,D,2026-10-10
2012-09-18,90.5029,điểm,FRED,D,2026-10-10
2012-09-19,90.4646,điểm,FRED,D,2026-10-10
2012-09-20,90.7631,điểm,FRED,D,2026-10-10
2012-09-21,90.5342,điểm,FRED,D,2026-10-10
2012-09-24,90.8263,điểm,FRED,D,2026-10-10
2012-09-25,90.6074,điểm,FRED,D,2026-10-10
2012-09-26,91.0028,điểm,FRED,D,2026-10-10
2012-09-27,90.7538,điểm,FRED,D,2026-10-10
2012-09-28,90.8342,điểm,FRED,D,2026-10-10
2012-10-01,90.7011,điểm,FRED,D,2026-10-10
2012-10-02,90.644,điểm,FRED,D,2026-10-10
2012-10-03,90.8726,điểm,FRED,D,2026-10-10
2012-10-04,90.4932,điểm,FRED,D,2026-10-10
2012-10-05,90.2851,điểm,FRED,D,2026-10-10
2012-10-09,90.8703,điểm,FRED,D,2026-10-10
2012-10-10,90.883,điểm,FRED,D,2026-10-10
2012-10-11,90.7437,điểm,FRED,D,2026-10-10
2012-10-12,90.6833,điểm,FRED,D,2026-10-10
2012-10-15,90.6409,điểm,FRED,D,2026-10-10
2012-10-16,90.5583,điểm,FRED,D,2026-10-10
2012-10-17,90.2309,điểm,FRED,D,2026-10-10
2012-10-18,90.3804,điểm,FRED,D,2026-10-10
2012-10-19,90.8107,điểm,FRED,D,2026-10-10
2012-10-22,90.7911,điểm,FRED,D,2026-10-10
2012-10-23,91.0945,điểm,FRED,D,2026-10-10
2012-10-24,91.1275,điểm,FRED,D,2026-10-10
2012-10-25,91.02,điểm,FRED,D,2026-10-10
2012-10-26,91.1411,điểm,FRED,D,2026-10-10
2012-10-31,91.1609,điểm,FRED,D,2026-10-10
2012-11-01,91.1217,điểm,FRED,D,2026-10-10
2012-11-02,91.281,điểm,FRED,D,2026-10-10
2012-11-05,91.4778,điểm,FRED,D,2026-10-10
2012-11-06,91.2908,điểm,FRED,D,2026-10-10
2012-11-07,91.4514,điểm,FRED,D,2026-10-10
2012-11-08,91.5375,điểm,FRED,D,2026-10-10
2012-11-09,91.6871,điểm,FRED,D,2026-10-10
2012-11-13,91.7356,điểm,FRED,D,2026-10-10
2012-11-14,91.7942,điểm,FRED,D,2026-10-10
2012-11-15,91.8837,điểm,FRED,D,2026-10-10
2012-11-16,92.0095,điểm,FRED,D,2026-10-10
2012-11-19,91.5653,điểm,FRED,D,2026-10-10
2012-11-20,91.556,điểm,FRED,D,2026-10-10
2012-11-21,91.6645,điểm,FRED,D,2026-10-10
2012-11-23,91.2616,điểm,FRED,D,2026-10-10
2012-11-26,91.2789,điểm,FRED,D,2026-10-10
2012-11-27,91.2608,điểm,FRED,D,2026-10-10
2012-11-28,91.33,điểm,FRED,D,2026-10-10
2012-11-29,91.2104,điểm,FRED,D,2026-10-10
2012-11-30,91.1038,điểm,FRED,D,2026-10-10
2012-12-03,91.0084,điểm,FRED,D,2026-10-10
2012-12-04,90.9748,điểm,FRED,D,2026-10-10
2012-12-05,90.9423,điểm,FRED,D,2026-10-10
2012-12-06,91.0629,điểm,FRED,D,2026-10-10
2012-12-07,91.0437,điểm,FRED,D,2026-10-10
2012-12-10,90.9631,điểm,FRED,D,2026-10-10
2012-12-11,90.8403,điểm,FRED,D,2026-10-10
2012-12-12,90.7708,điểm,FRED,D,2026-10-10
2012-12-13,90.776,điểm,FRED,D,2026-10-10
2012-12-14,90.7156,điểm,FRED,D,2026-10-10
2012-12-17,90.6193,điểm,FRED,D,2026-10-10
2012-12-18,90.5161,điểm,FRED,D,2026-10-10
2012-12-19,90.4896,điểm,FRED,D,2026-10-10
2012-12-20,90.6002,điểm,FRED,D,2026-10-10
2012-12-21,90.9597,điểm,FRED,D,2026-10-10
2012-12-24,91.0354,điểm,FRED,D,2026-10-10
2012-12-26,91.0606,điểm,FRED,D,2026-10-10
2012-12-27,91.1037,điểm,FRED,D,2026-10-10
2012-12-28,91.0419,điểm,FRED,D,2026-10-10
2012-12-31,91.0834,điểm,FRED,D,2026-10-10
2013-01-02,90.6941,điểm,FRED,D,2026-10-10
2013-01-03,90.8097,điểm,FRED,D,2026-10-10
2013-01-04,91.1025,điểm,FRED,D,2026-10-10
2013-01-07,90.9852,điểm,FRED,D,2026-10-10
2013-01-08,91.057,điểm,FRED,D,2026-10-10
2013-01-09,91.0088,điểm,FRED,D,2026-10-10
2013-01-10,90.6425,điểm,FRED,D,2026-10-10
2013-01-11,90.5352,điểm,FRED,D,2026-10-10
2013-01-14,90.4935,điểm,FRED,D,2026-10-10
2013-01-15,90.5191,điểm,FRED,D,2026-10-10
2013-01-16,90.596,điểm,FRED,D,2026-10-10
2013-01-17,90.5401,điểm,FRED,D,2026-10-10
2013-01-18,90.8697,điểm,FRED,D,2026-10-10
2013-01-22,90.7892,điểm,FRED,D,2026-10-10
2013-01-23,90.8376,điểm,FRED,D,2026-10-10
2013-01-24,90.9112,điểm,FRED,D,2026-10-10
2013-01-25,91.0868,điểm,FRED,D,2026-10-10
2013-01-28,91.2354,điểm,FRED,D,2026-10-10
2013-01-29,90.9406,điểm,FRED,D,2026-10-10
2013-01-30,90.8836,điểm,FRED,D,2026-10-10
2013-01-31,90.798,điểm,FRED,D,2026-10-10
2013-02-01,90.6923,điểm,FRED,D,2026-10-10
2013-02-04,90.9774,điểm,FRED,D,2026-10-10
2013-02-05,90.881,điểm,FRED,D,2026-10-10
2013-02-06,91.0176,điểm,FRED,D,2026-10-10
2013-02-07,91.2912,điểm,FRED,D,2026-10-10
2013-02-08,91.3056,điểm,FRED,D,2026-10-10
2013-02-11,91.4451,điểm,FRED,D,2026-10-10
2013-02-12,91.2779,điểm,FRED,D,2026-10-10
2013-02-13,91.2709,điểm,FRED,D,2026-10-10
2013-02-14,91.366,điểm,FRED,D,2026-10-10
2013-02-15,91.4551,điểm,FRED,D,2026-10-10
2013-02-19,91.5073,điểm,FRED,D,2026-10-10
2013-02-20,91.6689,điểm,FRED,D,2026-10-10
2013-02-21,92.0394,điểm,FRED,D,2026-10-10
2013-02-22,92.1197,điểm,FRED,D,2026-10-10
2013-02-25,92.1975,điểm,FRED,D,2026-10-10
2013-02-26,92.4247,điểm,FRED,D,2026-10-10
2013-02-27,92.234,điểm,FRED,D,2026-10-10
2013-02-28,92.295,điểm,FRED,D,2026-10-10
2013-03-01,92.6177,điểm,FRED,D,2026-10-10
2013-03-04,92.6316,điểm,FRED,D,2026-10-10
2013-03-05,92.4965,điểm,FRED,D,2026-10-10
2013-03-07,92.5462,điểm,FRED,D,2026-10-10
2013-03-08,92.6252,điểm,FRED,D,2026-10-10
2013-03-11,92.5351,điểm,FRED,D,2026-10-10
2013-03-12,92.3853,điểm,FRED,D,2026-10-10
2013-03-13,92.4709,điểm,FRED,D,2026-10-10
2013-03-14,92.4695,điểm,FRED,D,2026-10-10
2013-03-15,92.128,điểm,FRED,D,2026-10-10
2013-03-18,92.3377,điểm,FRED,D,2026-10-10
2013-03-19,92.526,điểm,FRED,D,2026-10-10
2013-03-20,92.4141,điểm,FRED,D,2026-10-10
2013-03-21,92.3322,điểm,FRED,D,2026-10-10
2013-03-22,92.2051,điểm,FRED,D,2026-10-10
2013-03-25,92.3081,điểm,FRED,D,2026-10-10
2013-03-26,92.232,điểm,FRED,D,2026-10-10
2013-03-27,92.446,điểm,FRED,D,2026-10-10
2013-03-28,92.2544,điểm,FRED,D,2026-10-10
2013-03-29,92.302,điểm,FRED,D,2026-10-10
2013-04-01,92.1687,điểm,FRED,D,2026-10-10
2013-04-02,92.1432,điểm,FRED,D,2026-10-10
2013-04-03,92.104,điểm,FRED,D,2026-10-10
2013-04-04,92.3896,điểm,FRED,D,2026-10-10
2013-04-05,92.1043,điểm,FRED,D,2026-10-10
2013-04-08,92.2317,điểm,FRED,D,2026-10-10
2013-04-09,91.9669,điểm,FRED,D,2026-10-10
2013-04-10,91.9598,điểm,FRED,D,2026-10-10
2013-04-11,91.6972,điểm,FRED,D,2026-10-10
2013-04-12,91.7967,điểm,FRED,D,2026-10-10
2013-04-15,91.9457,điểm,FRED,D,2026-10-10
2013-04-16,91.8451,điểm,FRED,D,2026-10-10
2013-04-17,92.1372,điểm,FRED,D,2026-10-10
2013-04-18,92.176,điểm,FRED,D,2026-10-10
2013-04-19,92.2166,điểm,FRED,D,2026-10-10
2013-04-22,92.3591,điểm,FRED,D,2026-10-10
2013-04-23,92.3836,điểm,FRED,D,2026-10-10
2013-04-24,92.4581,điểm,FRED,D,2026-10-10
2013-04-25,92.0394,điểm,FRED,D,2026-10-10
2013-04-26,91.9012,điểm,FRED,D,2026-10-10
2013-04-29,91.6539,điểm,FRED,D,2026-10-10
2013-04-30,91.3741,điểm,FRED,D,2026-10-10
2013-05-01,91.4331,điểm,FRED,D,2026-10-10
2013-05-02,91.6174,điểm,FRED,D,2026-10-10
2013-05-03,91.5087,điểm,FRED,D,2026-10-10
2013-05-06,91.6387,điểm,FRED,D,2026-10-10
2013-05-07,91.5201,điểm,FRED,D,2026-10-10
2013-05-08,91.1848,điểm,FRED,D,2026-10-10
2013-05-09,91.3036,điểm,FRED,D,2026-10-10
2013-05-10,92.2527,điểm,FRED,D,2026-10-10
2013-05-13,92.2711,điểm,FRED,D,2026-10-10
2013-05-14,92.3697,điểm,FRED,D,2026-10-10
2013-05-15,92.7691,điểm,FRED,D,2026-10-10
2013-05-16,92.6602,điểm,FRED,D,2026-10-10
2013-05-17,93.1617,điểm,FRED,D,2026-10-10
2013-05-20,93.0359,điểm,FRED,D,2026-10-10
2013-05-21,92.9662,điểm,FRED,D,2026-10-10
2013-05-22,93.3104,điểm,FRED,D,2026-10-10
2013-05-23,93.2113,điểm,FRED,D,2026-10-10
2013-05-24,93.2768,điểm,FRED,D,2026-10-10
2013-05-28,93.5853,điểm,FRED,D,2026-10-10
2013-05-29,93.531,điểm,FRED,D,2026-10-10
2013-05-30,93.4219,điểm,FRED,D,2026-10-10
2013-05-31,93.6076,điểm,FRED,D,2026-10-10
2013-06-03,93.163,điểm,FRED,D,2026-10-10
2013-06-04,93.3067,điểm,FRED,D,2026-10-10
2013-06-05,93.275,điểm,FRED,D,2026-10-10
2013-06-06,92.809,điểm,FRED,D,2026-10-10
2013-06-07,92.6056,điểm,FRED,D,2026-10-10
2013-06-10,92.973,điểm,FRED,D,2026-10-10
2013-06-11,92.7996,điểm,FRED,D,2026-10-10
2013-06-12,92.4775,điểm,FRED,D,2026-10-10
2013-06-13,92.3449,điểm,FRED,D,2026-10-10
2013-06-14,92.1886,điểm,FRED,D,2026-10-10
2013-06-17,92.3332,điểm,FRED,D,2026-10-10
2013-06-18,92.5432,điểm,FRED,D,2026-10-10
2013-06-19,92.4755,điểm,FRED,D,2026-10-10
2013-06-20,94.125,điểm,FRED,D,2026-10-10
2013-06-21,94.4243,điểm,FRED,D,2026-10-10
2013-06-24,94.5714,điểm,FRED,D,2026-10-10
2013-06-25,94.3285,điểm,FRED,D,2026-10-10
2013-06-26,94.3807,điểm,FRED,D,2026-10-10
2013-06-27,94.2429,điểm,FRED,D,2026-10-10
2013-06-28,94.3047,điểm,FRED,D,2026-10-10
2013-07-01,94.0998,điểm,FRED,D,2026-10-10
2013-07-02,94.4051,điểm,FRED,D,2026-10-10
2013-07-03,94.4767,điểm,FRED,D,2026-10-10
2013-07-05,95.0639,điểm,FRED,D,2026-10-10
2013-07-08,94.9954,điểm,FRED,D,2026-10-10
2013-07-09,94.9467,điểm,FRED,D,2026-10-10
2013-07-10,94.7595,điểm,FRED,D,2026-10-10
2013-07-11,93.949,điểm,FRED,D,2026-10-10
2013-07-12,94.0029,điểm,FRED,D,2026-10-10
2013-07-15,93.9729,điểm,FRED,D,2026-10-10
2013-07-16,93.5232,điểm,FRED,D,2026-10-10
2013-07-17,93.5498,điểm,FRED,D,2026-10-10
2013-07-18,93.681,điểm,FRED,D,2026-10-10
2013-07-19,93.4759,điểm,FRED,D,2026-10-10
2013-07-22,93.2253,điểm,FRED,D,2026-10-10
2013-07-23,93.1631,điểm,FRED,D,2026-10-10
2013-07-24,93.3124,điểm,FRED,D,2026-10-10
2013-07-25,93.2862,điểm,FRED,D,2026-10-10
2013-07-26,93.1695,điểm,FRED,D,2026-10-10
2013-07-29,93.1663,điểm,FRED,D,2026-10-10
2013-07-30,93.3976,điểm,FRED,D,2026-10-10
2013-07-31,93.5703,điểm,FRED,D,2026-10-10
2013-08-01,93.7972,điểm,FRED,D,2026-10-10
2013-08-02,93.5789,điểm,FRED,D,2026-10-10
2013-08-05,93.507,điểm,FRED,D,2026-10-10
2013-08-06,93.3199,điểm,FRED,D,2026-10-10
2013-08-07,93.2652,điểm,FRED,D,2026-10-10
2013-08-08,92.8483,điểm,FRED,D,2026-10-10
2013-08-09,92.8394,điểm,FRED,D,2026-10-10
2013-08-12,92.9178,điểm,FRED,D,2026-10-10
2013-08-13,93.476,điểm,FRED,D,2026-10-10
2013-08-14,93.382,điểm,FRED,D,2026-10-10
2013-08-15,93.5059,điểm,FRED,D,2026-10-10
2013-08-16,93.4255,điểm,FRED,D,2026-10-10
2013-08-19,93.6623,điểm,FRED,D,2026-10-10
2013-08-20,93.5536,điểm,FRED,D,2026-10-10
2013-08-21,94.0362,điểm,FRED,D,2026-10-10
2013-08-22,94.2804,điểm,FRED,D,2026-10-10
2013-08-23,93.9466,điểm,FRED,D,2026-10-10
2013-08-26,94.1853,điểm,FRED,D,2026-10-10
2013-08-27,94.3934,điểm,FRED,D,2026-10-10
2013-08-28,94.4127,điểm,FRED,D,2026-10-10
2013-08-29,94.6398,điểm,FRED,D,2026-10-10
2013-08-30,94.7541,điểm,FRED,D,2026-10-10
2013-09-03,94.9574,điểm,FRED,D,2026-10-10
2013-09-04,94.5739,điểm,FRED,D,2026-10-10
2013-09-05,94.8891,điểm,FRED,D,2026-10-10
2013-09-06,94.2487,điểm,FRED,D,2026-10-10
2013-09-09,94.0009,điểm,FRED,D,2026-10-10
2013-09-10,93.938,điểm,FRED,D,2026-10-10
2013-09-11,93.7112,điểm,FRED,D,2026-10-10
2013-09-12,93.5903,điểm,FRED,D,2026-10-10
2013-09-13,93.6666,điểm,FRED,D,2026-10-10
2013-09-16,93.2875,điểm,FRED,D,2026-10-10
2013-09-17,93.2231,điểm,FRED,D,2026-10-10
2013-09-18,93.2569,điểm,FRED,D,2026-10-10
2013-09-19,92.4082,điểm,FRED,D,2026-10-10
2013-09-20,92.6049,điểm,FRED,D,2026-10-10
2013-09-23,92.613,điểm,FRED,D,2026-10-10
2013-09-24,92.7691,điểm,FRED,D,2026-10-10
2013-09-25,92.7675,điểm,FRED,D,2026-10-10
2013-09-26,93.0096,điểm,FRED,D,2026-10-10
2013-09-27,92.9747,điểm,FRED,D,2026-10-10
2013-09-30,92.9207,điểm,FRED,D,2026-10-10
2013-10-01,92.9515,điểm,FRED,D,2026-10-10
2013-10-02,92.772,điểm,FRED,D,2026-10-10
2013-10-03,92.7461,điểm,FRED,D,2026-10-10
2013-10-04,92.6469,điểm,FRED,D,2026-10-10
2013-10-07,92.6725,điểm,FRED,D,2026-10-10
2013-10-08,92.7558,điểm,FRED,D,2026-10-10
2013-10-09,93.0829,điểm,FRED,D,2026-10-10
2013-10-10,92.8579,điểm,FRED,D,2026-10-10
2013-10-11,92.854,điểm,FRED,D,2026-10-10
2013-10-15,92.7642,điểm,FRED,D,2026-10-10
2013-10-16,92.6819,điểm,FRED,D,2026-10-10
2013-10-17,92.0246,điểm,FRED,D,2026-10-10
2013-10-18,91.9989,điểm,FRED,D,2026-10-10
2013-10-21,92.2498,điểm,FRED,D,2026-10-10
2013-10-22,91.9563,điểm,FRED,D,2026-10-10
2013-10-23,92.0947,điểm,FRED,D,2026-10-10
2013-10-24,92.1867,điểm,FRED,D,2026-10-10
2013-10-25,92.1623,điểm,FRED,D,2026-10-10
2013-10-28,92.1872,điểm,FRED,D,2026-10-10
2013-10-29,92.301,điểm,FRED,D,2026-10-10
2013-10-30,92.3057,điểm,FRED,D,2026-10-10
2013-10-31,92.731,điểm,FRED,D,2026-10-10
2013-11-01,93.155,điểm,FRED,D,2026-10-10
2013-11-04,92.9359,điểm,FRED,D,2026-10-10
2013-11-05,93.2112,điểm,FRED,D,2026-10-10
2013-11-06,93.0943,điểm,FRED,D,2026-10-10
2013-11-07,93.4003,điểm,FRED,D,2026-10-10
2013-11-08,93.6619,điểm,FRED,D,2026-10-10
2013-11-12,93.7651,điểm,FRED,D,2026-10-10
2013-11-13,93.4848,điểm,FRED,D,2026-10-10
2013-11-14,93.4328,điểm,FRED,D,2026-10-10
2013-11-15,93.2854,điểm,FRED,D,2026-10-10
2013-11-18,92.9824,điểm,FRED,D,2026-10-10
2013-11-19,93.0649,điểm,FRED,D,2026-10-10
2013-11-20,93.2501,điểm,FRED,D,2026-10-10
2013-11-21,93.5638,điểm,FRED,D,2026-10-10
2013-11-22,93.4198,điểm,FRED,D,2026-10-10
2013-11-25,93.5539,điểm,FRED,D,2026-10-10
2013-11-26,93.5226,điểm,FRED,D,2026-10-10
2013-11-27,93.6864,điểm,FRED,D,2026-10-10
2013-11-29,93.6291,điểm,FRED,D,2026-10-10
2013-12-02,93.8856,điểm,FRED,D,2026-10-10
2013-12-03,93.8251,điểm,FRED,D,2026-10-10
2013-12-04,93.8997,điểm,FRED,D,2026-10-10
2013-12-05,93.4954,điểm,FRED,D,2026-10-10
2013-12-06,93.4045,điểm,FRED,D,2026-10-10
2013-12-09,93.1444,điểm,FRED,D,2026-10-10
2013-12-11,93.0842,điểm,FRED,D,2026-10-10
2013-12-12,93.4292,điểm,FRED,D,2026-10-10
2013-12-13,93.3568,điểm,FRED,D,2026-10-10
2013-12-16,93.2175,điểm,FRED,D,2026-10-10
2013-12-17,93.302,điểm,FRED,D,2026-10-10
2013-12-18,93.4207,điểm,FRED,D,2026-10-10
2013-12-19,93.7368,điểm,FRED,D,2026-10-10
2013-12-20,93.7211,điểm,FRED,D,2026-10-10
2013-12-23,93.572,điểm,FRED,D,2026-10-10
2013-12-24,93.6734,điểm,FRED,D,2026-10-10
2013-12-26,93.766,điểm,FRED,D,2026-10-10
2013-12-27,93.7018,điểm,FRED,D,2026-10-10
2013-12-30,93.4866,điểm,FRED,D,2026-10-10
2013-12-31,93.5576,điểm,FRED,D,2026-10-10
2014-01-02,93.8192,điểm,FRED,D,2026-10-10
2014-01-03,93.853,điểm,FRED,D,2026-10-10
2014-01-06,93.9109,điểm,FRED,D,2026-10-10
2014-01-07,94.0398,điểm,FRED,D,2026-10-10
2014-01-08,94.2181,điểm,FRED,D,2026-10-10
2014-01-09,94.3299,điểm,FRED,D,2026-10-10
2014-01-10,94.0045,điểm,FRED,D,2026-10-10
2014-01-13,93.899,điểm,FRED,D,2026-10-10
2014-01-14,94.0303,điểm,FRED,D,2026-10-10
2014-01-15,94.341,điểm,FRED,D,2026-10-10
2014-01-16,94.5507,điểm,FRED,D,2026-10-10
2014-01-17,94.5846,điểm,FRED,D,2026-10-10
2014-01-21,94.679,điểm,FRED,D,2026-10-10
2014-01-22,94.8479,điểm,FRED,D,2026-10-10
2014-01-23,94.8415,điểm,FRED,D,2026-10-10
2014-01-24,94.8555,điểm,FRED,D,2026-10-10
2014-01-27,94.9059,điểm,FRED,D,2026-10-10
2014-01-28,94.88,điểm,FRED,D,2026-10-10
2014-01-29,94.8621,điểm,FRED,D,2026-10-10
2014-01-30,95.1294,điểm,FRED,D,2026-10-10
2014-01-31,95.1774,điểm,FRED,D,2026-10-10
2014-02-03,95.2469,điểm,FRED,D,2026-10-10
2014-02-04,95.0438,điểm,FRED,D,2026-10-10
2014-02-05,95.0285,điểm,FRED,D,2026-10-10
2014-02-06,94.7177,điểm,FRED,D,2026-10-10
2014-02-07,94.7457,điểm,FRED,D,2026-10-10
2014-02-10,94.7189,điểm,FRED,D,2026-10-10
2014-02-11,94.6377,điểm,FRED,D,2026-10-10
2014-02-12,94.6209,điểm,FRED,D,2026-10-10
2014-02-14,94.2711,điểm,FRED,D,2026-10-10
2014-02-18,94.1934,điểm,FRED,D,2026-10-10
2014-02-19,94.38,điểm,FRED,D,2026-10-10
2014-02-20,94.6571,điểm,FRED,D,2026-10-10
2014-02-24,94.4042,điểm,FRED,D,2026-10-10
2014-02-25,94.4735,điểm,FRED,D,2026-10-10
2014-02-26,94.7754,điểm,FRED,D,2026-10-10
2014-02-27,94.6722,điểm,FRED,D,2026-10-10
2014-02-28,94.3879,điểm,FRED,D,2026-10-10
2014-03-04,94.6568,điểm,FRED,D,2026-10-10
2014-03-05,94.4679,điểm,FRED,D,2026-10-10
2014-03-06,93.9858,điểm,FRED,D,2026-10-10
2014-03-07,94.2532,điểm,FRED,D,2026-10-10
2014-03-10,94.3731,điểm,FRED,D,2026-10-10
2014-03-11,94.387,điểm,FRED,D,2026-10-10
2014-03-12,94.462,điểm,FRED,D,2026-10-10
2014-03-13,94.1872,điểm,FRED,D,2026-10-10
2014-03-14,94.243,điểm,FRED,D,2026-10-10
2014-03-18,94.2631,điểm,FRED,D,2026-10-10
2014-03-19,94.3752,điểm,FRED,D,2026-10-10
2014-03-20,94.9986,điểm,FRED,D,2026-10-10
2014-03-21,94.8547,điểm,FRED,D,2026-10-10
2014-03-24,94.759,điểm,FRED,D,2026-10-10
2014-03-25,94.6379,điểm,FRED,D,2026-10-10
2014-03-26,94.5281,điểm,FRED,D,2026-10-10
2014-03-27,94.3315,điểm,FRED,D,2026-10-10
2014-03-28,94.3683,điểm,FRED,D,2026-10-10
2014-03-31,94.2432,điểm,FRED,D,2026-10-10
2014-04-01,94.1244,điểm,FRED,D,2026-10-10
2014-04-02,94.3103,điểm,FRED,D,2026-10-10
2014-04-03,94.512,điểm,FRED,D,2026-10-10
2014-04-04,94.2191,điểm,FRED,D,2026-10-10
2014-04-07,94.0881,điểm,FRED,D,2026-10-10
2014-04-08,93.6579,điểm,FRED,D,2026-10-10
2014-04-09,93.6716,điểm,FRED,D,2026-10-10
2014-04-10,93.5123,điểm,FRED,D,2026-10-10
2014-04-11,93.6395,điểm,FRED,D,2026-10-10
2014-04-14,93.8046,điểm,FRED,D,2026-10-10
2014-04-15,93.9486,điểm,FRED,D,2026-10-10
2014-04-16,93.9461,điểm,FRED,D,2026-10-10
2014-04-17,93.8936,điểm,FRED,D,2026-10-10
2014-04-18,93.9629,điểm,FRED,D,2026-10-10
2014-04-21,94.0337,điểm,FRED,D,2026-10-10
2014-04-22,94.0802,điểm,FRED,D,2026-10-10
2014-04-23,94.149,điểm,FRED,D,2026-10-10
2014-04-24,94.1294,điểm,FRED,D,2026-10-10
2014-04-25,94.1623,điểm,FRED,D,2026-10-10
2014-04-28,94.1374,điểm,FRED,D,2026-10-10
2014-04-29,94.0295,điểm,FRED,D,2026-10-10
2014-04-30,93.8896,điểm,FRED,D,2026-10-10
2014-05-01,93.8707,điểm,FRED,D,2026-10-10
2014-05-02,93.8182,điểm,FRED,D,2026-10-10
2014-05-05,93.7334,điểm,FRED,D,2026-10-10
2014-05-06,93.4324,điểm,FRED,D,2026-10-10
2014-05-07,93.4337,điểm,FRED,D,2026-10-10
2014-05-08,93.3686,điểm,FRED,D,2026-10-10
2014-05-09,93.6614,điểm,FRED,D,2026-10-10
2014-05-12,93.6537,điểm,FRED,D,2026-10-10
2014-05-13,93.6755,điểm,FRED,D,2026-10-10
2014-05-14,93.5968,điểm,FRED,D,2026-10-10
2014-05-15,93.7065,điểm,FRED,D,2026-10-10
2014-05-16,93.6073,điểm,FRED,D,2026-10-10
2014-05-19,93.502,điểm,FRED,D,2026-10-10
2014-05-20,93.6699,điểm,FRED,D,2026-10-10
2014-05-21,93.7629,điểm,FRED,D,2026-10-10
2014-05-22,93.6944,điểm,FRED,D,2026-10-10
2014-05-23,93.7042,điểm,FRED,D,2026-10-10
2014-05-27,93.8418,điểm,FRED,D,2026-10-10
2014-05-28,93.8793,điểm,FRED,D,2026-10-10
2014-05-29,93.6973,điểm,FRED,D,2026-10-10
2014-05-30,93.7606,điểm,FRED,D,2026-10-10
2014-06-02,94.0006,điểm,FRED,D,2026-10-10
2014-06-03,94.0536,điểm,FRED,D,2026-10-10
2014-06-04,94.1239,điểm,FRED,D,2026-10-10
2014-06-05,93.9732,điểm,FRED,D,2026-10-10
2014-06-06,93.9069,điểm,FRED,D,2026-10-10
2014-06-09,93.9628,điểm,FRED,D,2026-10-10
2014-06-10,94.0638,điểm,FRED,D,2026-10-10
2014-06-11,93.9744,điểm,FRED,D,2026-10-10
2014-06-12,93.8155,điểm,FRED,D,2026-10-10
2014-06-13,93.9168,điểm,FRED,D,2026-10-10
2014-06-16,93.8639,điểm,FRED,D,2026-10-10
2014-06-17,94.0829,điểm,FRED,D,2026-10-10
2014-06-18,94.0525,điểm,FRED,D,2026-10-10
2014-06-19,93.752,điểm,FRED,D,2026-10-10
2014-06-20,93.7591,điểm,FRED,D,2026-10-10
2014-06-23,93.628,điểm,FRED,D,2026-10-10
2014-06-24,93.7093,điểm,FRED,D,2026-10-10
2014-06-25,93.5851,điểm,FRED,D,2026-10-10
2014-06-26,93.5471,điểm,FRED,D,2026-10-10
2014-06-27,93.3983,điểm,FRED,D,2026-10-10
2014-06-30,93.2058,điểm,FRED,D,2026-10-10
2014-07-01,93.1365,điểm,FRED,D,2026-10-10
2014-07-02,93.2478,điểm,FRED,D,2026-10-10
2014-07-03,93.3149,điểm,FRED,D,2026-10-10
2014-07-07,93.3803,điểm,FRED,D,2026-10-10
2014-07-08,93.323,điểm,FRED,D,2026-10-10
2014-07-09,93.228,điểm,FRED,D,2026-10-10
2014-07-10,93.3152,điểm,FRED,D,2026-10-10
2014-07-11,93.4171,điểm,FRED,D,2026-10-10
2014-07-14,93.4101,điểm,FRED,D,2026-10-10
2014-07-15,93.5796,điểm,FRED,D,2026-10-10
2014-07-16,93.5991,điểm,FRED,D,2026-10-10
2014-07-17,93.6586,điểm,FRED,D,2026-10-10
2014-07-18,93.6608,điểm,FRED,D,2026-10-10
2014-07-21,93.6069,điểm,FRED,D,2026-10-10
2014-07-22,93.6306,điểm,FRED,D,2026-10-10
2014-07-23,93.5951,điểm,FRED,D,2026-10-10
2014-07-24,93.6836,điểm,FRED,D,2026-10-10
2014-07-25,93.8294,điểm,FRED,D,2026-10-10
2014-07-28,93.83,điểm,FRED,D,2026-10-10
2014-07-29,94.0443,điểm,FRED,D,2026-10-10
2014-07-30,94.3473,điểm,FRED,D,2026-10-10
2014-07-31,94.4467,điểm,FRED,D,2026-10-10
2014-08-01,94.4754,điểm,FRED,D,2026-10-10
2014-08-04,94.448,điểm,FRED,D,2026-10-10
2014-08-05,94.6754,điểm,FRED,D,2026-10-10
2014-08-06,94.6092,điểm,FRED,D,2026-10-10
2014-08-07,94.6364,điểm,FRED,D,2026-10-10
2014-08-08,94.6027,điểm,FRED,D,2026-10-10
2014-08-11,94.4767,điểm,FRED,D,2026-10-10
2014-08-12,94.5211,điểm,FRED,D,2026-10-10
2014-08-13,94.4681,điểm,FRED,D,2026-10-10
2014-08-14,94.3508,điểm,FRED,D,2026-10-10
2014-08-15,94.2941,điểm,FRED,D,2026-10-10
2014-08-18,94.2519,điểm,FRED,D,2026-10-10
2014-08-19,94.4356,điểm,FRED,D,2026-10-10
2014-08-20,94.5937,điểm,FRED,D,2026-10-10
2014-08-21,94.673,điểm,FRED,D,2026-10-10
2014-08-22,94.8012,điểm,FRED,D,2026-10-10
2014-08-25,94.9159,điểm,FRED,D,2026-10-10
2014-08-26,94.8617,điểm,FRED,D,2026-10-10
2014-08-27,94.6863,điểm,FRED,D,2026-10-10
2014-08-28,94.6947,điểm,FRED,D,2026-10-10
2014-08-29,94.7251,điểm,FRED,D,2026-10-10
2014-09-02,95.063,điểm,FRED,D,2026-10-10
2014-09-03,94.8709,điểm,FRED,D,2026-10-10
2014-09-04,95.2641,điểm,FRED,D,2026-10-10
2014-09-05,95.2203,điểm,FRED,D,2026-10-10
2014-09-08,95.4167,điểm,FRED,D,2026-10-10
2014-09-09,95.8811,điểm,FRED,D,2026-10-10
2014-09-10,95.8641,điểm,FRED,D,2026-10-10
2014-09-11,95.9184,điểm,FRED,D,2026-10-10
2014-09-12,96.0748,điểm,FRED,D,2026-10-10
2014-09-15,96.1195,điểm,FRED,D,2026-10-10
2014-09-16,95.8483,điểm,FRED,D,2026-10-10
2014-09-17,95.9106,điểm,FRED,D,2026-10-10
2014-09-18,96.1284,điểm,FRED,D,2026-10-10
2014-09-19,96.3417,điểm,FRED,D,2026-10-10
2014-09-22,96.4625,điểm,FRED,D,2026-10-10
2014-09-23,96.5112,điểm,FRED,D,2026-10-10
2014-09-24,96.6574,điểm,FRED,D,2026-10-10
2014-09-25,96.8988,điểm,FRED,D,2026-10-10
2014-09-26,97.208,điểm,FRED,D,2026-10-10
2014-09-29,97.3523,điểm,FRED,D,2026-10-10
2014-09-30,97.5261,điểm,FRED,D,2026-10-10
2014-10-01,97.5387,điểm,FRED,D,2026-10-10
2014-10-02,97.3062,điểm,FRED,D,2026-10-10
2014-10-03,97.9846,điểm,FRED,D,2026-10-10
2014-10-06,97.5513,điểm,FRED,D,2026-10-10
2014-10-07,97.4459,điểm,FRED,D,2026-10-10
2014-10-08,97.4945,điểm,FRED,D,2026-10-10
2014-10-09,97.1711,điểm,FRED,D,2026-10-10
2014-10-10,97.4144,điểm,FRED,D,2026-10-10
2014-10-14,97.3943,điểm,FRED,D,2026-10-10
2014-10-15,97.3532,điểm,FRED,D,2026-10-10
2014-10-16,97.2869,điểm,FRED,D,2026-10-10
2014-10-17,97.3067,điểm,FRED,D,2026-10-10
2014-10-20,97.2874,điểm,FRED,D,2026-10-10
2014-10-21,97.2488,điểm,FRED,D,2026-10-10
2014-10-22,97.459,điểm,FRED,D,2026-10-10
2014-10-23,97.6047,điểm,FRED,D,2026-10-10
2014-10-24,97.4772,điểm,FRED,D,2026-10-10
2014-10-27,97.5423,điểm,FRED,D,2026-10-10
2014-10-28,97.2173,điểm,FRED,D,2026-10-10
2014-10-29,97.0145,điểm,FRED,D,2026-10-10
2014-10-30,97.456,điểm,FRED,D,2026-10-10
2014-10-31,98.1163,điểm,FRED,D,2026-10-10
2014-11-03,98.5336,điểm,FRED,D,2026-10-10
2014-11-04,98.5576,điểm,FRED,D,2026-10-10
2014-11-05,98.8086,điểm,FRED,D,2026-10-10
2014-11-06,99.1325,điểm,FRED,D,2026-10-10
2014-11-07,99.0236,điểm,FRED,D,2026-10-10
2014-11-10,98.9305,điểm,FRED,D,2026-10-10
2014-11-12,98.8897,điểm,FRED,D,2026-10-10
2014-11-13,99.1045,điểm,FRED,D,2026-10-10
2014-11-14,99.0917,điểm,FRED,D,2026-10-10
2014-11-17,99.2188,điểm,FRED,D,2026-10-10
2014-11-18,99.0185,điểm,FRED,D,2026-10-10
2014-11-19,99.2424,điểm,FRED,D,2026-10-10
2014-11-20,99.2554,điểm,FRED,D,2026-10-10
2014-11-21,99.2894,điểm,FRED,D,2026-10-10
2014-11-24,99.4227,điểm,FRED,D,2026-10-10
2014-11-25,99.2837,điểm,FRED,D,2026-10-10
2014-11-26,99.1893,điểm,FRED,D,2026-10-10
2014-11-28,100.0719,điểm,FRED,D,2026-10-10
2014-12-01,99.8964,điểm,FRED,D,2026-10-10
2014-12-02,100.4478,điểm,FRED,D,2026-10-10
2014-12-03,100.5696,điểm,FRED,D,2026-10-10
2014-12-04,100.3931,điểm,FRED,D,2026-10-10
2014-12-05,101.0989,điểm,FRED,D,2026-10-10
2014-12-08,101.31,điểm,FRED,D,2026-10-10
2014-12-09,100.8095,điểm,FRED,D,2026-10-10
2014-12-10,101.0212,điểm,FRED,D,2026-10-10
2014-12-11,101.4448,điểm,FRED,D,2026-10-10
2014-12-12,101.3735,điểm,FRED,D,2026-10-10
2014-12-15,101.674,điểm,FRED,D,2026-10-10
2014-12-16,101.526,điểm,FRED,D,2026-10-10
2014-12-17,101.5527,điểm,FRED,D,2026-10-10
2014-12-18,101.7531,điểm,FRED,D,2026-10-10
2014-12-19,102.0483,điểm,FRED,D,2026-10-10
2014-12-22,101.9942,điểm,FRED,D,2026-10-10
2014-12-23,102.348,điểm,FRED,D,2026-10-10
2014-12-24,102.3028,điểm,FRED,D,2026-10-10
2014-12-29,102.3767,điểm,FRED,D,2026-10-10
2014-12-30,102.1019,điểm,FRED,D,2026-10-10
2014-12-31,102.2843,điểm,FRED,D,2026-10-10
2015-01-02,102.9027,điểm,FRED,D,2026-10-10
2015-01-05,103.4976,điểm,FRED,D,2026-10-10
2015-01-06,103.2938,điểm,FRED,D,2026-10-10
2015-01-07,103.6316,điểm,FRED,D,2026-10-10
2015-01-08,103.2799,điểm,FRED,D,2026-10-10
2015-01-09,103.1213,điểm,FRED,D,2026-10-10
2015-01-12,103.2372,điểm,FRED,D,2026-10-10
2015-01-13,103.27,điểm,FRED,D,2026-10-10
2015-01-14,103.0903,điểm,FRED,D,2026-10-10
2015-01-15,103.0829,điểm,FRED,D,2026-10-10
2015-01-16,103.2189,điểm,FRED,D,2026-10-10
2015-01-20,103.5233,điểm,FRED,D,2026-10-10
2015-01-21,103.7858,điểm,FRED,D,2026-10-10
2015-01-22,103.9271,điểm,FRED,D,2026-10-10
2015-01-23,104.3676,điểm,FRED,D,2026-10-10
2015-01-26,104.4818,điểm,FRED,D,2026-10-10
2015-01-27,104.1646,điểm,FRED,D,2026-10-10
2015-01-28,104.4737,điểm,FRED,D,2026-10-10
2015-01-29,105.2763,điểm,FRED,D,2026-10-10
2015-01-30,105.5884,điểm,FRED,D,2026-10-10
2015-02-02,105.2058,điểm,FRED,D,2026-10-10
2015-02-03,104.6063,điểm,FRED,D,2026-10-10
2015-02-04,104.785,điểm,FRED,D,2026-10-10
2015-02-05,104.4915,điểm,FRED,D,2026-10-10
2015-02-06,105.1283,điểm,FRED,D,2026-10-10
2015-02-09,104.9889,điểm,FRED,D,2026-10-10
2015-02-10,105.2897,điểm,FRED,D,2026-10-10
2015-02-11,105.7901,điểm,FRED,D,2026-10-10
2015-02-12,104.9385,điểm,FRED,D,2026-10-10
2015-02-13,104.8452,điểm,FRED,D,2026-10-10
2015-02-18,105.2514,điểm,FRED,D,2026-10-10
2015-02-19,105.1407,điểm,FRED,D,2026-10-10
2015-02-20,105.3387,điểm,FRED,D,2026-10-10
2015-02-23,105.5359,điểm,FRED,D,2026-10-10
2015-02-24,105.5472,điểm,FRED,D,2026-10-10
2015-02-25,105.0503,điểm,FRED,D,2026-10-10
2015-02-26,105.5021,điểm,FRED,D,2026-10-10
2015-02-27,105.5981,điểm,FRED,D,2026-10-10
2015-03-02,105.8151,điểm,FRED,D,2026-10-10
2015-03-03,105.5562,điểm,FRED,D,2026-10-10
2015-03-04,106.1333,điểm,FRED,D,2026-10-10
2015-03-06,107.4337,điểm,FRED,D,2026-10-10
2015-03-09,107.5199,điểm,FRED,D,2026-10-10
2015-03-10,108.1165,điểm,FRED,D,2026-10-10
2015-03-11,108.5235,điểm,FRED,D,2026-10-10
2015-03-12,108.1741,điểm,FRED,D,2026-10-10
2015-03-13,108.9174,điểm,FRED,D,2026-10-10
2015-03-16,108.6422,điểm,FRED,D,2026-10-10
2015-03-17,108.5805,điểm,FRED,D,2026-10-10
2015-03-18,108.408,điểm,FRED,D,2026-10-10
2015-03-19,108.1826,điểm,FRED,D,2026-10-10
2015-03-20,107.1671,điểm,FRED,D,2026-10-10
2015-03-23,106.5022,điểm,FRED,D,2026-10-10
2015-03-24,106.4401,điểm,FRED,D,2026-10-10
2015-03-25,106.2636,điểm,FRED,D,2026-10-10
2015-03-26,106.5582,điểm,FRED,D,2026-10-10
2015-03-27,106.8916,điểm,FRED,D,2026-10-10
2015-03-30,107.3941,điểm,FRED,D,2026-10-10
2015-03-31,107.4396,điểm,FRED,D,2026-10-10
2015-04-01,107.06,điểm,FRED,D,2026-10-10
2015-04-02,106.6738,điểm,FRED,D,2026-10-10
2015-04-03,105.8861,điểm,FRED,D,2026-10-10
2015-04-06,105.7876,điểm,FRED,D,2026-10-10
2015-04-07,106.4488,điểm,FRED,D,2026-10-10
2015-04-08,106.4231,điểm,FRED,D,2026-10-10
2015-04-09,107.0335,điểm,FRED,D,2026-10-10
2015-04-10,107.4526,điểm,FRED,D,2026-10-10
2015-04-13,107.7508,điểm,FRED,D,2026-10-10
2015-04-14,107.0547,điểm,FRED,D,2026-10-10
2015-04-15,107.1855,điểm,FRED,D,2026-10-10
2015-04-16,106.2761,điểm,FRED,D,2026-10-10
2015-04-17,106.329,điểm,FRED,D,2026-10-10
2015-04-20,106.4902,điểm,FRED,D,2026-10-10
2015-04-21,106.5582,điểm,FRED,D,2026-10-10
2015-04-22,106.5815,điểm,FRED,D,2026-10-10
2015-04-23,106.1658,điểm,FRED,D,2026-10-10
2015-04-24,105.905,điểm,FRED,D,2026-10-10
2015-04-27,105.6891,điểm,FRED,D,2026-10-10
2015-04-28,105.1234,điểm,FRED,D,2026-10-10
2015-04-29,104.5634,điểm,FRED,D,2026-10-10
2015-04-30,105.312,điểm,FRED,D,2026-10-10
2015-05-01,105.6382,điểm,FRED,D,2026-10-10
2015-05-04,105.6679,điểm,FRED,D,2026-10-10
2015-05-05,105.2396,điểm,FRED,D,2026-10-10
2015-05-06,104.6935,điểm,FRED,D,2026-10-10
2015-05-07,105.1941,điểm,FRED,D,2026-10-10
2015-05-08,104.8424,điểm,FRED,D,2026-10-10
2015-05-11,105.3075,điểm,FRED,D,2026-10-10
2015-05-12,104.8924,điểm,FRED,D,2026-10-10
2015-05-13,104.3608,điểm,FRED,D,2026-10-10
2015-05-14,104.2359,điểm,FRED,D,2026-10-10
2015-05-15,104.0202,điểm,FRED,D,2026-10-10
2015-05-18,104.6068,điểm,FRED,D,2026-10-10
2015-05-19,105.3448,điểm,FRED,D,2026-10-10
2015-05-20,105.5605,điểm,FRED,D,2026-10-10
2015-05-21,105.3808,điểm,FRED,D,2026-10-10
2015-05-22,105.8487,điểm,FRED,D,2026-10-10
2015-05-26,106.7294,điểm,FRED,D,2026-10-10
2015-05-27,106.908,điểm,FRED,D,2026-10-10
2015-05-28,106.92,điểm,FRED,D,2026-10-10
2015-05-29,106.7388,điểm,FRED,D,2026-10-10
2015-06-01,107.2238,điểm,FRED,D,2026-10-10
2015-06-02,106.4507,điểm,FRED,D,2026-10-10
2015-06-03,106.1443,điểm,FRED,D,2026-10-10
2015-06-04,106.4725,điểm,FRED,D,2026-10-10
2015-06-05,107.1336,điểm,FRED,D,2026-10-10
2015-06-08,106.7693,điểm,FRED,D,2026-10-10
2015-06-09,106.2238,điểm,FRED,D,2026-10-10
2015-06-10,105.8037,điểm,FRED,D,2026-10-10
2015-06-11,106.0934,điểm,FRED,D,2026-10-10
2015-06-12,105.9015,điểm,FRED,D,2026-10-10
2015-06-15,105.9989,điểm,FRED,D,2026-10-10
2015-06-16,106.0473,điểm,FRED,D,2026-10-10
2015-06-17,106.058,điểm,FRED,D,2026-10-10
2015-06-18,105.102,điểm,FRED,D,2026-10-10
2015-06-19,105.4496,điểm,FRED,D,2026-10-10
2015-06-22,105.3846,điểm,FRED,D,2026-10-10
2015-06-23,105.9678,điểm,FRED,D,2026-10-10
2015-06-24,106.2522,điểm,FRED,D,2026-10-10
2015-06-25,106.1515,điểm,FRED,D,2026-10-10
2015-06-26,106.4116,điểm,FRED,D,2026-10-10
2015-06-29,106.3785,điểm,FRED,D,2026-10-10
2015-06-30,106.5191,điểm,FRED,D,2026-10-10
2015-07-01,107.0101,điểm,FRED,D,2026-10-10
2015-07-02,106.9106,điểm,FRED,D,2026-10-10
2015-07-06,107.1343,điểm,FRED,D,2026-10-10
2015-07-07,107.785,điểm,FRED,D,2026-10-10
2015-07-08,107.4734,điểm,FRED,D,2026-10-10
2015-07-09,107.5595,điểm,FRED,D,2026-10-10
2015-07-10,107.213,điểm,FRED,D,2026-10-10
2015-07-13,107.5849,điểm,FRED,D,2026-10-10
2015-07-14,107.4843,điểm,FRED,D,2026-10-10
2015-07-15,108.0149,điểm,FRED,D,2026-10-10
2015-07-16,108.1726,điểm,FRED,D,2026-10-10
2015-07-17,108.5374,điểm,FRED,D,2026-10-10
2015-07-20,108.6944,điểm,FRED,D,2026-10-10
2015-07-21,108.3893,điểm,FRED,D,2026-10-10
2015-07-22,108.7817,điểm,FRED,D,2026-10-10
2015-07-23,108.7565,điểm,FRED,D,2026-10-10
2015-07-24,109.0174,điểm,FRED,D,2026-10-10
2015-07-27,108.6924,điểm,FRED,D,2026-10-10
2015-07-28,108.6881,điểm,FRED,D,2026-10-10
2015-07-29,108.604,điểm,FRED,D,2026-10-10
2015-07-30,109.4328,điểm,FRED,D,2026-10-10
2015-07-31,108.7819,điểm,FRED,D,2026-10-10
2015-08-03,109.214,điểm,FRED,D,2026-10-10
2015-08-04,109.2244,điểm,FRED,D,2026-10-10
2015-08-05,109.842,điểm,FRED,D,2026-10-10
2015-08-06,109.722,điểm,FRED,D,2026-10-10
2015-08-07,109.4376,điểm,FRED,D,2026-10-10
2015-08-10,109.1931,điểm,FRED,D,2026-10-10
2015-08-11,109.9464,điểm,FRED,D,2026-10-10
2015-08-12,109.4655,điểm,FRED,D,2026-10-10
2015-08-13,109.9025,điểm,FRED,D,2026-10-10
2015-08-14,109.9174,điểm,FRED,D,2026-10-10
2015-08-17,110.1435,điểm,FRED,D,2026-10-10
2015-08-18,110.2504,điểm,FRED,D,2026-10-10
2015-08-19,110.4333,điểm,FRED,D,2026-10-10
2015-08-20,110.1077,điểm,FRED,D,2026-10-10
2015-08-21,110.1443,điểm,FRED,D,2026-10-10
2015-08-24,109.9306,điểm,FRED,D,2026-10-10
2015-08-25,110.3394,điểm,FRED,D,2026-10-10
2015-08-26,110.5807,điểm,FRED,D,2026-10-10
2015-08-27,110.4834,điểm,FRED,D,2026-10-10
2015-08-28,110.6714,điểm,FRED,D,2026-10-10
2015-08-31,110.5621,điểm,FRED,D,2026-10-10
2015-09-01,110.4506,điểm,FRED,D,2026-10-10
2015-09-02,110.7979,điểm,FRED,D,2026-10-10
2015-09-03,110.8566,điểm,FRED,D,2026-10-10
2015-09-04,111.1018,điểm,FRED,D,2026-10-10
2015-09-08,110.7942,điểm,FRED,D,2026-10-10
2015-09-09,110.9225,điểm,FRED,D,2026-10-10
2015-09-10,110.6331,điểm,FRED,D,2026-10-10
2015-09-11,110.6109,điểm,FRED,D,2026-10-10
2015-09-14,110.5005,điểm,FRED,D,2026-10-10
2015-09-15,110.6394,điểm,FRED,D,2026-10-10
2015-09-16,110.1021,điểm,FRED,D,2026-10-10
2015-09-17,110.1212,điểm,FRED,D,2026-10-10
2015-09-18,109.8165,điểm,FRED,D,2026-10-10
2015-09-21,110.6414,điểm,FRED,D,2026-10-10
2015-09-22,111.1967,điểm,FRED,D,2026-10-10
2015-09-23,111.6287,điểm,FRED,D,2026-10-10
2015-09-24,111.4454,điểm,FRED,D,2026-10-10
2015-09-25,111.3725,điểm,FRED,D,2026-10-10
2015-09-28,111.3914,điểm,FRED,D,2026-10-10
2015-09-29,111.5219,điểm,FRED,D,2026-10-10
2015-09-30,111.3311,điểm,FRED,D,2026-10-10
2015-10-01,111.0439,điểm,FRED,D,2026-10-10
2015-10-02,110.7006,điểm,FRED,D,2026-10-10
2015-10-05,110.4445,điểm,FRED,D,2026-10-10
2015-10-06,110.1371,điểm,FRED,D,2026-10-10
2015-10-07,109.8162,điểm,FRED,D,2026-10-10
2015-10-08,109.6452,điểm,FRED,D,2026-10-10
2015-10-09,109.0782,điểm,FRED,D,2026-10-10
2015-10-13,109.4119,điểm,FRED,D,2026-10-10
2015-10-14,109.1244,điểm,FRED,D,2026-10-10
2015-10-15,108.6671,điểm,FRED,D,2026-10-10
2015-10-16,108.9956,điểm,FRED,D,2026-10-10
2015-10-19,109.3858,điểm,FRED,D,2026-10-10
2015-10-20,109.3368,điểm,FRED,D,2026-10-10
2015-10-21,109.7746,điểm,FRED,D,2026-10-10
2015-10-22,110.0342,điểm,FRED,D,2026-10-10
2015-10-23,110.4329,điểm,FRED,D,2026-10-10
2015-10-26,110.2089,điểm,FRED,D,2026-10-10
2015-10-27,110.4875,điểm,FRED,D,2026-10-10
2015-10-28,110.2334,điểm,FRED,D,2026-10-10
2015-10-29,110.8083,điểm,FRED,D,2026-10-10
2015-10-30,110.2079,điểm,FRED,D,2026-10-10
2015-11-02,110.2188,điểm,FRED,D,2026-10-10
2015-11-03,110.244,điểm,FRED,D,2026-10-10
2015-11-04,110.7139,điểm,FRED,D,2026-10-10
2015-11-05,110.8302,điểm,FRED,D,2026-10-10
2015-11-06,111.7603,điểm,FRED,D,2026-10-10
2015-11-09,111.9112,điểm,FRED,D,2026-10-10
2015-11-10,111.9919,điểm,FRED,D,2026-10-10
2015-11-12,111.7965,điểm,FRED,D,2026-10-10
2015-11-13,112.0264,điểm,FRED,D,2026-10-10
2015-11-16,112.2199,điểm,FRED,D,2026-10-10
2015-11-17,112.3141,điểm,FRED,D,2026-10-10
2015-11-18,112.3663,điểm,FRED,D,2026-10-10
2015-11-19,111.5749,điểm,FRED,D,2026-10-10
2015-11-20,111.7799,điểm,FRED,D,2026-10-10
2015-11-23,112.1125,điểm,FRED,D,2026-10-10
2015-11-24,111.7638,điểm,FRED,D,2026-10-10
2015-11-25,111.8936,điểm,FRED,D,2026-10-10
2015-11-27,112.2824,điểm,FRED,D,2026-10-10
2015-11-30,112.34,điểm,FRED,D,2026-10-10
2015-12-01,112.1134,điểm,FRED,D,2026-10-10
2015-12-02,112.3715,điểm,FRED,D,2026-10-10
2015-12-03,111.6407,điểm,FRED,D,2026-10-10
2015-12-04,111.5463,điểm,FRED,D,2026-10-10
2015-12-07,112.3056,điểm,FRED,D,2026-10-10
2015-12-08,112.5485,điểm,FRED,D,2026-10-10
2015-12-09,112.1918,điểm,FRED,D,2026-10-10
2015-12-10,112.2672,điểm,FRED,D,2026-10-10
2015-12-11,112.7147,điểm,FRED,D,2026-10-10
2015-12-14,112.7521,điểm,FRED,D,2026-10-10
2015-12-15,112.8609,điểm,FRED,D,2026-10-10
2015-12-16,112.9864,điểm,FRED,D,2026-10-10
2015-12-17,113.8177,điểm,FRED,D,2026-10-10
2015-12-18,113.2837,điểm,FRED,D,2026-10-10
2015-12-21,113.4144,điểm,FRED,D,2026-10-10
2015-12-22,113.211,điểm,FRED,D,2026-10-10
2015-12-23,113.1847,điểm,FRED,D,2026-10-10
2015-12-24,113.0496,điểm,FRED,D,2026-10-10
2015-12-28,113.0461,điểm,FRED,D,2026-10-10
2015-12-29,113.1664,điểm,FRED,D,2026-10-10
2015-12-30,113.4707,điểm,FRED,D,2026-10-10
2015-12-31,113.3429,điểm,FRED,D,2026-10-10
2016-01-04,114.1595,điểm,FRED,D,2026-10-10
2016-01-05,114.2649,điểm,FRED,D,2026-10-10
2016-01-06,114.6177,điểm,FRED,D,2026-10-10
2016-01-07,114.6516,điểm,FRED,D,2026-10-10
2016-01-08,115.0095,điểm,FRED,D,2026-10-10
2016-01-11,115.0139,điểm,FRED,D,2026-10-10
2016-01-12,115.3128,điểm,FRED,D,2026-10-10
2016-01-13,115.1425,điểm,FRED,D,2026-10-10
2016-01-14,115.3846,điểm,FRED,D,2026-10-10
2016-01-15,115.7404,điểm,FRED,D,2026-10-10
2016-01-19,115.8155,điểm,FRED,D,2026-10-10
2016-01-20,116.3498,điểm,FRED,D,2026-10-10
2016-01-21,115.9833,điểm,FRED,D,2026-10-10
2016-01-27,115.5087,điểm,FRED,D,2026-10-10
2016-01-28,115.2224,điểm,FRED,D,2026-10-10
2016-01-29,115.5731,điểm,FRED,D,2026-10-10
2016-02-01,115.3331,điểm,FRED,D,2026-10-10
2016-02-02,115.553,điểm,FRED,D,2026-10-10
2016-02-03,114.6144,điểm,FRED,D,2026-10-10
2016-02-04,113.6012,điểm,FRED,D,2026-10-10
2016-02-05,114.2935,điểm,FRED,D,2026-10-10
2016-02-08,114.4351,điểm,FRED,D,2026-10-10
2016-02-09,114.127,điểm,FRED,D,2026-10-10
2016-02-10,114.2877,điểm,FRED,D,2026-10-10
2016-02-11,114.1845,điểm,FRED,D,2026-10-10
2016-02-12,114.2992,điểm,FRED,D,2026-10-10
2016-02-16,114.4905,điểm,FRED,D,2026-10-10
2016-02-17,113.8634,điểm,FRED,D,2026-10-10
2016-02-18,113.8897,điểm,FRED,D,2026-10-10
2016-02-19,113.9558,điểm,FRED,D,2026-10-10
2016-02-22,113.8232,điểm,FRED,D,2026-10-10
2016-02-23,114.177,điểm,FRED,D,2026-10-10
2016-02-24,114.1716,điểm,FRED,D,2026-10-10
2016-02-25,113.9222,điểm,FRED,D,2026-10-10
2016-02-26,114.3708,điểm,FRED,D,2026-10-10
2016-02-29,114.2418,điểm,FRED,D,2026-10-10
2016-03-01,113.9265,điểm,FRED,D,2026-10-10
2016-03-02,113.7965,điểm,FRED,D,2026-10-10
2016-03-03,113.2482,điểm,FRED,D,2026-10-10
2016-03-04,112.6387,điểm,FRED,D,2026-10-10
2016-03-07,112.6219,điểm,FRED,D,2026-10-10
2016-03-08,112.8465,điểm,FRED,D,2026-10-10
2016-03-09,112.4268,điểm,FRED,D,2026-10-10
2016-03-10,112.4191,điểm,FRED,D,2026-10-10
2016-03-11,111.741,điểm,FRED,D,2026-10-10
2016-03-14,112.1688,điểm,FRED,D,2026-10-10
2016-03-15,112.5545,điểm,FRED,D,2026-10-10
2016-03-16,112.7759,điểm,FRED,D,2026-10-10
2016-03-17,110.445,điểm,FRED,D,2026-10-10
2016-03-18,110.4002,điểm,FRED,D,2026-10-10
2016-03-21,110.737,điểm,FRED,D,2026-10-10
2016-03-22,110.7877,điểm,FRED,D,2026-10-10
2016-03-23,111.5473,điểm,FRED,D,2026-10-10
2016-03-24,111.816,điểm,FRED,D,2026-10-10
2016-03-25,111.7698,điểm,FRED,D,2026-10-10
2016-03-28,111.3578,điểm,FRED,D,2026-10-10
2016-03-29,111.3736,điểm,FRED,D,2026-10-10
2016-03-30,110.2301,điểm,FRED,D,2026-10-10
2016-03-31,109.9191,điểm,FRED,D,2026-10-10
2016-04-01,110.2977,điểm,FRED,D,2026-10-10
2016-04-04,110.3987,điểm,FRED,D,2026-10-10
2016-04-05,110.9478,điểm,FRED,D,2026-10-10
2016-04-06,110.5347,điểm,FRED,D,2026-10-10
2016-04-07,110.8876,điểm,FRED,D,2026-10-10
2016-04-08,110.4213,điểm,FRED,D,2026-10-10
2016-04-11,109.9758,điểm,FRED,D,2026-10-10
2016-04-12,109.816,điểm,FRED,D,2026-10-10
2016-04-13,110.1436,điểm,FRED,D,2026-10-10
2016-04-14,110.1691,điểm,FRED,D,2026-10-10
2016-04-15,110.1933,điểm,FRED,D,2026-10-10
2016-04-18,109.9892,điểm,FRED,D,2026-10-10
2016-04-19,109.2782,điểm,FRED,D,2026-10-10
2016-04-20,109.3926,điểm,FRED,D,2026-10-10
2016-04-21,109.8533,điểm,FRED,D,2026-10-10
2016-04-22,110.2331,điểm,FRED,D,2026-10-10
2016-04-25,110.1865,điểm,FRED,D,2026-10-10
2016-04-26,109.7496,điểm,FRED,D,2026-10-10
2016-04-27,109.8483,điểm,FRED,D,2026-10-10
2016-04-28,109.2148,điểm,FRED,D,2026-10-10
2016-04-29,108.8274,điểm,FRED,D,2026-10-10
2016-05-02,108.671,điểm,FRED,D,2026-10-10
2016-05-03,109.3613,điểm,FRED,D,2026-10-10
2016-05-04,109.9952,điểm,FRED,D,2026-10-10
2016-05-05,110.2417,điểm,FRED,D,2026-10-10
2016-05-06,110.3801,điểm,FRED,D,2026-10-10
2016-05-09,110.9466,điểm,FRED,D,2026-10-10
2016-05-10,110.8225,điểm,FRED,D,2026-10-10
2016-05-11,110.2806,điểm,FRED,D,2026-10-10
2016-05-12,110.6935,điểm,FRED,D,2026-10-10
2016-05-13,111.2521,điểm,FRED,D,2026-10-10
2016-05-16,111.1217,điểm,FRED,D,2026-10-10
2016-05-17,111.0867,điểm,FRED,D,2026-10-10
2016-05-18,111.4995,điểm,FRED,D,2026-10-10
2016-05-19,112.2331,điểm,FRED,D,2026-10-10
2016-05-20,112.1822,điểm,FRED,D,2026-10-10
2016-05-23,112.284,điểm,FRED,D,2026-10-10
2016-05-24,112.2912,điểm,FRED,D,2026-10-10
2016-05-25,112.2001,điểm,FRED,D,2026-10-10
2016-05-26,111.8979,điểm,FRED,D,2026-10-10
2016-05-27,112.0822,điểm,FRED,D,2026-10-10
2016-05-31,112.4276,điểm,FRED,D,2026-10-10
2016-06-01,112.462,điểm,FRED,D,2026-10-10
2016-06-02,112.4564,điểm,FRED,D,2026-10-10
2016-06-03,111.4451,điểm,FRED,D,2026-10-10
2016-06-06,111.2295,điểm,FRED,D,2026-10-10
2016-06-07,110.8378,điểm,FRED,D,2026-10-10
2016-06-08,110.1916,điểm,FRED,D,2026-10-10
2016-06-09,110.6168,điểm,FRED,D,2026-10-10
2016-06-10,111.1027,điểm,FRED,D,2026-10-10
2016-06-13,111.5036,điểm,FRED,D,2026-10-10
2016-06-14,111.9826,điểm,FRED,D,2026-10-10
2016-06-15,111.7671,điểm,FRED,D,2026-10-10
2016-06-16,112.2347,điểm,FRED,D,2026-10-10
2016-06-17,111.5332,điểm,FRED,D,2026-10-10
2016-06-20,110.8693,điểm,FRED,D,2026-10-10
2016-06-21,111.0077,điểm,FRED,D,2026-10-10
2016-06-22,110.7681,điểm,FRED,D,2026-10-10
2016-06-23,110.262,điểm,FRED,D,2026-10-10
2016-06-24,112.1355,điểm,FRED,D,2026-10-10
2016-06-27,113.1301,điểm,FRED,D,2026-10-10
2016-06-28,112.7545,điểm,FRED,D,2026-10-10
2016-06-29,111.8597,điểm,FRED,D,2026-10-10
2016-06-30,112.1618,điểm,FRED,D,2026-10-10
2016-07-01,111.6509,điểm,FRED,D,2026-10-10
2016-07-05,112.4231,điểm,FRED,D,2026-10-10
2016-07-06,112.5438,điểm,FRED,D,2026-10-10
2016-07-07,112.5775,điểm,FRED,D,2026-10-10
2016-07-08,112.3963,điểm,FRED,D,2026-10-10
2016-07-11,112.5254,điểm,FRED,D,2026-10-10
2016-07-12,112.1102,điểm,FRED,D,2026-10-10
2016-07-13,112.0266,điểm,FRED,D,2026-10-10
2016-07-14,111.7692,điểm,FRED,D,2026-10-10
2016-07-15,112.2833,điểm,FRED,D,2026-10-10
2016-07-18,112.2463,điểm,FRED,D,2026-10-10
2016-07-19,112.638,điểm,FRED,D,2026-10-10
2016-07-20,112.6743,điểm,FRED,D,2026-10-10
2016-07-21,112.6239,điểm,FRED,D,2026-10-10
2016-07-22,112.989,điểm,FRED,D,2026-10-10
2016-07-25,113.1784,điểm,FRED,D,2026-10-10
2016-07-26,113.0593,điểm,FRED,D,2026-10-10
2016-07-27,113.217,điểm,FRED,D,2026-10-10
2016-07-28,112.7393,điểm,FRED,D,2026-10-10
2016-07-29,111.874,điểm,FRED,D,2026-10-10
2016-08-01,111.9757,điểm,FRED,D,2026-10-10
2016-08-02,111.7124,điểm,FRED,D,2026-10-10
2016-08-03,111.9419,điểm,FRED,D,2026-10-10
2016-08-04,111.9149,điểm,FRED,D,2026-10-10
2016-08-05,112.3589,điểm,FRED,D,2026-10-10
2016-08-08,112.1456,điểm,FRED,D,2026-10-10
2016-08-09,111.722,điểm,FRED,D,2026-10-10
2016-08-10,111.3238,điểm,FRED,D,2026-10-10
2016-08-11,111.1954,điểm,FRED,D,2026-10-10
2016-08-12,111.1787,điểm,FRED,D,2026-10-10
2016-08-15,110.9212,điểm,FRED,D,2026-10-10
2016-08-16,110.4295,điểm,FRED,D,2026-10-10
2016-08-17,110.9459,điểm,FRED,D,2026-10-10
2016-08-18,110.3134,điểm,FRED,D,2026-10-10
2016-08-19,110.8163,điểm,FRED,D,2026-10-10
2016-08-22,110.9997,điểm,FRED,D,2026-10-10
2016-08-23,110.9414,điểm,FRED,D,2026-10-10
2016-08-24,111.2958,điểm,FRED,D,2026-10-10
2016-08-25,111.1726,điểm,FRED,D,2026-10-10
2016-08-26,111.2035,điểm,FRED,D,2026-10-10
2016-08-29,111.8775,điểm,FRED,D,2026-10-10
2016-08-30,112.2928,điểm,FRED,D,2026-10-10
2016-08-31,112.4036,điểm,FRED,D,2026-10-10
2016-09-01,112.1733,điểm,FRED,D,2026-10-10
2016-09-02,112.0009,điểm,FRED,D,2026-10-10
2016-09-06,110.9613,điểm,FRED,D,2026-10-10
2016-09-07,110.9717,điểm,FRED,D,2026-10-10
2016-09-08,111.2609,điểm,FRED,D,2026-10-10
2016-09-09,111.9879,điểm,FRED,D,2026-10-10
2016-09-12,112.1516,điểm,FRED,D,2026-10-10
2016-09-13,112.5207,điểm,FRED,D,2026-10-10
2016-09-14,112.4678,điểm,FRED,D,2026-10-10
2016-09-15,112.4753,điểm,FRED,D,2026-10-10
2016-09-16,113.1765,điểm,FRED,D,2026-10-10
2016-09-19,112.903,điểm,FRED,D,2026-10-10
2016-09-20,113.1848,điểm,FRED,D,2026-10-10
2016-09-21,112.9842,điểm,FRED,D,2026-10-10
2016-09-22,112.2592,điểm,FRED,D,2026-10-10
2016-09-23,112.7166,điểm,FRED,D,2026-10-10
2016-09-26,112.7112,điểm,FRED,D,2026-10-10
2016-09-27,112.5515,điểm,FRED,D,2026-10-10
2016-09-28,112.6283,điểm,FRED,D,2026-10-10
2016-09-29,112.2879,điểm,FRED,D,2026-10-10
2016-09-30,112.2795,điểm,FRED,D,2026-10-10
2016-10-03,112.5077,điểm,FRED,D,2026-10-10
2016-10-04,112.6579,điểm,FRED,D,2026-10-10
2016-10-05,112.7946,điểm,FRED,D,2026-10-10
2016-10-06,113.0066,điểm,FRED,D,2026-10-10
2016-10-07,113.2915,điểm,FRED,D,2026-10-10
2016-10-11,113.4461,điểm,FRED,D,2026-10-10
2016-10-12,113.7442,điểm,FRED,D,2026-10-10
2016-10-13,113.6238,điểm,FRED,D,2026-10-10
2016-10-14,113.7119,điểm,FRED,D,2026-10-10
2016-10-17,113.5488,điểm,FRED,D,2026-10-10
2016-10-18,113.1393,điểm,FRED,D,2026-10-10
2016-10-19,113.0547,điểm,FRED,D,2026-10-10
2016-10-20,113.4033,điểm,FRED,D,2026-10-10
2016-10-21,113.9015,điểm,FRED,D,2026-10-10
2016-10-24,113.8571,điểm,FRED,D,2026-10-10
2016-10-25,113.6801,điểm,FRED,D,2026-10-10
2016-10-26,113.8131,điểm,FRED,D,2026-10-10
2016-10-27,114.1998,điểm,FRED,D,2026-10-10
2016-10-28,114.0931,điểm,FRED,D,2026-10-10
2016-10-31,114.0188,điểm,FRED,D,2026-10-10
2016-11-01,113.9915,điểm,FRED,D,2026-10-10
2016-11-02,113.9206,điểm,FRED,D,2026-10-10
2016-11-03,113.7664,điểm,FRED,D,2026-10-10
2016-11-04,113.5828,điểm,FRED,D,2026-10-10
2016-11-07,113.5443,điểm,FRED,D,2026-10-10
2016-11-08,113.3017,điểm,FRED,D,2026-10-10
2016-11-09,114.6956,điểm,FRED,D,2026-10-10
2016-11-10,115.9375,điểm,FRED,D,2026-10-10
2016-11-14,117.2245,điểm,FRED,D,2026-10-10
2016-11-15,116.7724,điểm,FRED,D,2026-10-10
2016-11-16,116.8062,điểm,FRED,D,2026-10-10
2016-11-17,116.8952,điểm,FRED,D,2026-10-10
2016-11-18,117.5936,điểm,FRED,D,2026-10-10
2016-11-21,117.4762,điểm,FRED,D,2026-10-10
2016-11-22,117.4508,điểm,FRED,D,2026-10-10
2016-11-23,118.0356,điểm,FRED,D,2026-10-10
2016-11-25,118.02,điểm,FRED,D,2026-10-10
2016-11-28,117.7278,điểm,FRED,D,2026-10-10
2016-11-29,117.644,điểm,FRED,D,2026-10-10
2016-11-30,117.7636,điểm,FRED,D,2026-10-10
2016-12-01,117.6642,điểm,FRED,D,2026-10-10
2016-12-02,117.3116,điểm,FRED,D,2026-10-10
2016-12-05,117.1008,điểm,FRED,D,2026-10-10
2016-12-06,116.9225,điểm,FRED,D,2026-10-10
2016-12-07,116.672,điểm,FRED,D,2026-10-10
2016-12-08,117.0327,điểm,FRED,D,2026-10-10
2016-12-09,117.2834,điểm,FRED,D,2026-10-10
2016-12-12,116.9161,điểm,FRED,D,2026-10-10
2016-12-13,116.8029,điểm,FRED,D,2026-10-10
2016-12-14,116.7332,điểm,FRED,D,2026-10-10
2016-12-15,118.8072,điểm,FRED,D,2026-10-10
2016-12-16,118.3584,điểm,FRED,D,2026-10-10
2016-12-19,118.3875,điểm,FRED,D,2026-10-10
2016-12-20,118.63,điểm,FRED,D,2026-10-10
2016-12-21,118.581,điểm,FRED,D,2026-10-10
2016-12-22,118.8209,điểm,FRED,D,2026-10-10
2016-12-23,118.7856,điểm,FRED,D,2026-10-10
2016-12-27,118.9506,điểm,FRED,D,2026-10-10
2016-12-28,119.2305,điểm,FRED,D,2026-10-10
2016-12-29,118.6637,điểm,FRED,D,2026-10-10
2016-12-30,118.3466,điểm,FRED,D,2026-10-10
2017-01-03,119.0903,điểm,FRED,D,2026-10-10
2017-01-04,118.8803,điểm,FRED,D,2026-10-10
2017-01-05,117.9999,điểm,FRED,D,2026-10-10
2017-01-06,118.3495,điểm,FRED,D,2026-10-10
2017-01-09,118.4111,điểm,FRED,D,2026-10-10
2017-01-10,118.5386,điểm,FRED,D,2026-10-10
2017-01-11,119.0219,điểm,FRED,D,2026-10-10
2017-01-12,117.8001,điểm,FRED,D,2026-10-10
2017-01-13,117.9884,điểm,FRED,D,2026-10-10
2017-01-17,117.2656,điểm,FRED,D,2026-10-10
2017-01-18,117.7242,điểm,FRED,D,2026-10-10
2017-01-19,118.3182,điểm,FRED,D,2026-10-10
2017-01-23,117.2479,điểm,FRED,D,2026-10-10
2017-01-24,117.0516,điểm,FRED,D,2026-10-10
2017-01-25,116.9355,điểm,FRED,D,2026-10-10
2017-01-26,117.2766,điểm,FRED,D,2026-10-10
2017-01-27,117.0735,điểm,FRED,D,2026-10-10
2017-01-30,116.7325,điểm,FRED,D,2026-10-10
2017-01-31,116.2241,điểm,FRED,D,2026-10-10
2017-02-01,116.3914,điểm,FRED,D,2026-10-10
2017-02-02,115.903,điểm,FRED,D,2026-10-10
2017-02-03,115.6259,điểm,FRED,D,2026-10-10
2017-02-06,116.0504,điểm,FRED,D,2026-10-10
2017-02-07,116.4082,điểm,FRED,D,2026-10-10
2017-02-08,116.1382,điểm,FRED,D,2026-10-10
2017-02-09,116.306,điểm,FRED,D,2026-10-10
2017-02-10,116.148,điểm,FRED,D,2026-10-10
2017-02-13,116.3427,điểm,FRED,D,2026-10-10
2017-02-14,116.3949,điểm,FRED,D,2026-10-10
2017-02-15,116.2162,điểm,FRED,D,2026-10-10
2017-02-16,116.0067,điểm,FRED,D,2026-10-10
2017-02-17,116.4035,điểm,FRED,D,2026-10-10
2017-02-21,116.5921,điểm,FRED,D,2026-10-10
2017-02-22,116.2136,điểm,FRED,D,2026-10-10
2017-02-23,115.6527,điểm,FRED,D,2026-10-10
2017-02-24,115.8143,điểm,FRED,D,2026-10-10
2017-02-27,115.6764,điểm,FRED,D,2026-10-10
2017-02-28,116.0032,điểm,FRED,D,2026-10-10
2017-03-01,116.438,điểm,FRED,D,2026-10-10
2017-03-02,116.8429,điểm,FRED,D,2026-10-10
2017-03-03,116.6438,điểm,FRED,D,2026-10-10
2017-03-06,116.4313,điểm,FRED,D,2026-10-10
2017-03-07,116.4303,điểm,FRED,D,2026-10-10
2017-03-08,116.875,điểm,FRED,D,2026-10-10
2017-03-09,116.9959,điểm,FRED,D,2026-10-10
2017-03-10,116.616,điểm,FRED,D,2026-10-10
2017-03-13,116.4004,điểm,FRED,D,2026-10-10
2017-03-14,116.5646,điểm,FRED,D,2026-10-10
2017-03-15,116.3584,điểm,FRED,D,2026-10-10
2017-03-16,115.4456,điểm,FRED,D,2026-10-10
2017-03-17,115.2783,điểm,FRED,D,2026-10-10
2017-03-20,115.0426,điểm,FRED,D,2026-10-10
2017-03-21,114.8119,điểm,FRED,D,2026-10-10
2017-03-22,114.7937,điểm,FRED,D,2026-10-10
2017-03-23,114.7899,điểm,FRED,D,2026-10-10
2017-03-24,114.6372,điểm,FRED,D,2026-10-10
2017-03-27,114.2347,điểm,FRED,D,2026-10-10
2017-03-28,114.419,điểm,FRED,D,2026-10-10
2017-03-29,114.7167,điểm,FRED,D,2026-10-10
2017-03-30,114.5245,điểm,FRED,D,2026-10-10
2017-03-31,114.7938,điểm,FRED,D,2026-10-10
2017-04-03,114.8734,điểm,FRED,D,2026-10-10
2017-04-04,115.0038,điểm,FRED,D,2026-10-10
2017-04-05,114.9494,điểm,FRED,D,2026-10-10
2017-04-06,115.0181,điểm,FRED,D,2026-10-10
2017-04-07,115.0547,điểm,FRED,D,2026-10-10
2017-04-10,115.11,điểm,FRED,D,2026-10-10
2017-04-11,115.009,điểm,FRED,D,2026-10-10
2017-04-12,114.9162,điểm,FRED,D,2026-10-10
2017-04-13,114.5059,điểm,FRED,D,2026-10-10
2017-04-14,114.5368,điểm,FRED,D,2026-10-10
2017-04-17,114.3283,điểm,FRED,D,2026-10-10
2017-04-18,114.2575,điểm,FRED,D,2026-10-10
2017-04-19,114.7923,điểm,FRED,D,2026-10-10
2017-04-20,114.6205,điểm,FRED,D,2026-10-10
2017-04-21,114.8128,điểm,FRED,D,2026-10-10
2017-04-24,114.3659,điểm,FRED,D,2026-10-10
2017-04-25,114.5111,điểm,FRED,D,2026-10-10
2017-04-26,114.9479,điểm,FRED,D,2026-10-10
2017-04-27,114.9946,điểm,FRED,D,2026-10-10
2017-04-28,114.7877,điểm,FRED,D,2026-10-10
2017-05-01,114.5921,điểm,FRED,D,2026-10-10
2017-05-02,114.6792,điểm,FRED,D,2026-10-10
2017-05-03,114.6637,điểm,FRED,D,2026-10-10
2017-05-04,114.9076,điểm,FRED,D,2026-10-10
2017-05-05,114.7725,điểm,FRED,D,2026-10-10
2017-05-08,115.0895,điểm,FRED,D,2026-10-10
2017-05-09,115.3933,điểm,FRED,D,2026-10-10
2017-05-10,115.1145,điểm,FRED,D,2026-10-10
2017-05-11,115.0669,điểm,FRED,D,2026-10-10
2017-05-12,114.7479,điểm,FRED,D,2026-10-10
2017-05-15,114.3504,điểm,FRED,D,2026-10-10
2017-05-16,113.9923,điểm,FRED,D,2026-10-10
2017-05-17,113.7506,điểm,FRED,D,2026-10-10
2017-05-18,114.2683,điểm,FRED,D,2026-10-10
2017-05-19,113.7001,điểm,FRED,D,2026-10-10
2017-05-22,113.5442,điểm,FRED,D,2026-10-10
2017-05-23,113.6862,điểm,FRED,D,2026-10-10
2017-05-24,113.675,điểm,FRED,D,2026-10-10
2017-05-25,113.3719,điểm,FRED,D,2026-10-10
2017-05-26,113.4839,điểm,FRED,D,2026-10-10
2017-05-30,113.5552,điểm,FRED,D,2026-10-10
2017-05-31,113.2956,điểm,FRED,D,2026-10-10
2017-06-01,113.3017,điểm,FRED,D,2026-10-10
2017-06-02,113.1908,điểm,FRED,D,2026-10-10
2017-06-05,112.9755,điểm,FRED,D,2026-10-10
2017-06-06,112.7095,điểm,FRED,D,2026-10-10
2017-06-07,112.8191,điểm,FRED,D,2026-10-10
2017-06-08,112.8351,điểm,FRED,D,2026-10-10
2017-06-09,112.9562,điểm,FRED,D,2026-10-10
2017-06-12,112.9837,điểm,FRED,D,2026-10-10
2017-06-13,112.6271,điểm,FRED,D,2026-10-10
2017-06-14,112.0734,điểm,FRED,D,2026-10-10
2017-06-15,112.8708,điểm,FRED,D,2026-10-10
2017-06-16,112.6155,điểm,FRED,D,2026-10-10
2017-06-19,112.7576,điểm,FRED,D,2026-10-10
2017-06-20,113.2698,điểm,FRED,D,2026-10-10
2017-06-21,113.3327,điểm,FRED,D,2026-10-10
2017-06-22,113.1654,điểm,FRED,D,2026-10-10
2017-06-23,112.8665,điểm,FRED,D,2026-10-10
2017-06-26,112.7633,điểm,FRED,D,2026-10-10
2017-06-27,112.55,điểm,FRED,D,2026-10-10
2017-06-28,112.0747,điểm,FRED,D,2026-10-10
2017-06-29,111.998,điểm,FRED,D,2026-10-10
2017-06-30,111.9896,điểm,FRED,D,2026-10-10
2017-07-03,112.4268,điểm,FRED,D,2026-10-10
2017-07-05,112.6534,điểm,FRED,D,2026-10-10
2017-07-06,112.4199,điểm,FRED,D,2026-10-10
2017-07-07,112.3137,điểm,FRED,D,2026-10-10
2017-07-10,112.1587,điểm,FRED,D,2026-10-10
2017-07-11,112.1434,điểm,FRED,D,2026-10-10
2017-07-12,111.5904,điểm,FRED,D,2026-10-10
2017-07-13,111.5365,điểm,FRED,D,2026-10-10
2017-07-14,110.9075,điểm,FRED,D,2026-10-10
2017-07-17,110.9304,điểm,FRED,D,2026-10-10
2017-07-18,110.4356,điểm,FRED,D,2026-10-10
2017-07-19,110.4339,điểm,FRED,D,2026-10-10
2017-07-20,110.2512,điểm,FRED,D,2026-10-10
2017-07-21,110.191,điểm,FRED,D,2026-10-10
2017-07-24,110.2004,điểm,FRED,D,2026-10-10
2017-07-25,110.2835,điểm,FRED,D,2026-10-10
2017-07-26,110.3811,điểm,FRED,D,2026-10-10
2017-07-27,110.216,điểm,FRED,D,2026-10-10
2017-07-28,109.92,điểm,FRED,D,2026-10-10
2017-07-31,109.8177,điểm,FRED,D,2026-10-10
2017-08-01,109.8495,điểm,FRED,D,2026-10-10
2017-08-02,109.7503,điểm,FRED,D,2026-10-10
2017-08-03,109.8332,điểm,FRED,D,2026-10-10
2017-08-04,110.2808,điểm,FRED,D,2026-10-10
2017-08-07,110.373,điểm,FRED,D,2026-10-10
2017-08-08,110.396,điểm,FRED,D,2026-10-10
2017-08-09,110.3671,điểm,FRED,D,2026-10-10
2017-08-10,110.1886,điểm,FRED,D,2026-10-10
2017-08-11,110.0422,điểm,FRED,D,2026-10-10
2017-08-14,110.095,điểm,FRED,D,2026-10-10
2017-08-15,110.4846,điểm,FRED,D,2026-10-10
2017-08-16,110.4394,điểm,FRED,D,2026-10-10
2017-08-17,110.1673,điểm,FRED,D,2026-10-10
2017-08-18,110.041,điểm,FRED,D,2026-10-10
2017-08-21,109.7349,điểm,FRED,D,2026-10-10
2017-08-22,109.8386,điểm,FRED,D,2026-10-10
2017-08-23,109.8095,điểm,FRED,D,2026-10-10
2017-08-24,109.7524,điểm,FRED,D,2026-10-10
2017-08-25,109.3415,điểm,FRED,D,2026-10-10
2017-08-28,109.1815,điểm,FRED,D,2026-10-10
2017-08-29,109.0946,điểm,FRED,D,2026-10-10
2017-08-30,109.4052,điểm,FRED,D,2026-10-10
2017-08-31,109.3686,điểm,FRED,D,2026-10-10
2017-09-01,109.0504,điểm,FRED,D,2026-10-10
2017-09-05,108.8664,điểm,FRED,D,2026-10-10
2017-09-06,108.4897,điểm,FRED,D,2026-10-10
2017-09-07,107.9224,điểm,FRED,D,2026-10-10
2017-09-08,107.808,điểm,FRED,D,2026-10-10
2017-09-11,108.153,điểm,FRED,D,2026-10-10
2017-09-12,108.3239,điểm,FRED,D,2026-10-10
2017-09-13,108.6628,điểm,FRED,D,2026-10-10
2017-09-14,108.618,điểm,FRED,D,2026-10-10
2017-09-15,108.3147,điểm,FRED,D,2026-10-10
2017-09-18,108.6401,điểm,FRED,D,2026-10-10
2017-09-19,108.6142,điểm,FRED,D,2026-10-10
2017-09-20,108.4329,điểm,FRED,D,2026-10-10
2017-09-21,108.9267,điểm,FRED,D,2026-10-10
2017-09-22,108.7542,điểm,FRED,D,2026-10-10
2017-09-25,109.3302,điểm,FRED,D,2026-10-10
2017-09-26,109.7769,điểm,FRED,D,2026-10-10
2017-09-27,110.0722,điểm,FRED,D,2026-10-10
2017-09-28,110.2415,điểm,FRED,D,2026-10-10
2017-09-29,110.0867,điểm,FRED,D,2026-10-10
2017-10-02,110.3686,điểm,FRED,D,2026-10-10
2017-10-03,110.3281,điểm,FRED,D,2026-10-10
2017-10-04,110.2425,điểm,FRED,D,2026-10-10
2017-10-05,110.5823,điểm,FRED,D,2026-10-10
2017-10-06,110.7841,điểm,FRED,D,2026-10-10
2017-10-10,110.3034,điểm,FRED,D,2026-10-10
2017-10-11,110.3037,điểm,FRED,D,2026-10-10
2017-10-12,110.3152,điểm,FRED,D,2026-10-10
2017-10-13,110.2669,điểm,FRED,D,2026-10-10
2017-10-16,110.5432,điểm,FRED,D,2026-10-10
2017-10-17,110.9141,điểm,FRED,D,2026-10-10
2017-10-18,110.7214,điểm,FRED,D,2026-10-10
2017-10-19,110.4577,điểm,FRED,D,2026-10-10
2017-10-20,111.0375,điểm,FRED,D,2026-10-10
2017-10-23,111.2134,điểm,FRED,D,2026-10-10
2017-10-24,111.4027,điểm,FRED,D,2026-10-10
2017-10-25,111.3904,điểm,FRED,D,2026-10-10
2017-10-26,111.6418,điểm,FRED,D,2026-10-10
2017-10-27,112.1495,điểm,FRED,D,2026-10-10
2017-10-30,111.901,điểm,FRED,D,2026-10-10
2017-10-31,111.8052,điểm,FRED,D,2026-10-10
2017-11-01,111.7942,điểm,FRED,D,2026-10-10
2017-11-02,111.5474,điểm,FRED,D,2026-10-10
2017-11-03,111.9383,điểm,FRED,D,2026-10-10
2017-11-06,111.7197,điểm,FRED,D,2026-10-10
2017-11-07,111.9446,điểm,FRED,D,2026-10-10
2017-11-08,111.6935,điểm,FRED,D,2026-10-10
2017-11-09,111.5626,điểm,FRED,D,2026-10-10
2017-11-13,111.7833,điểm,FRED,D,2026-10-10
2017-11-14,111.5097,điểm,FRED,D,2026-10-10
2017-11-15,111.4809,điểm,FRED,D,2026-10-10
2017-11-16,111.2568,điểm,FRED,D,2026-10-10
2017-11-17,111.0016,điểm,FRED,D,2026-10-10
2017-11-20,111.2599,điểm,FRED,D,2026-10-10
2017-11-21,110.9828,điểm,FRED,D,2026-10-10
2017-11-22,110.5632,điểm,FRED,D,2026-10-10
2017-11-24,110.0253,điểm,FRED,D,2026-10-10
2017-11-27,110.1136,điểm,FRED,D,2026-10-10
2017-11-28,110.3018,điểm,FRED,D,2026-10-10
2017-11-29,110.3265,điểm,FRED,D,2026-10-10
2017-11-30,110.4648,điểm,FRED,D,2026-10-10
2017-12-01,110.1413,điểm,FRED,D,2026-10-10
2017-12-04,110.397,điểm,FRED,D,2026-10-10
2017-12-05,110.4905,điểm,FRED,D,2026-10-10
2017-12-06,110.8711,điểm,FRED,D,2026-10-10
2017-12-07,111.0178,điểm,FRED,D,2026-10-10
2017-12-08,111.2273,điểm,FRED,D,2026-10-10
2017-12-11,111.0827,điểm,FRED,D,2026-10-10
2017-12-12,111.5214,điểm,FRED,D,2026-10-10
2017-12-13,111.2759,điểm,FRED,D,2026-10-10
2017-12-14,111.0893,điểm,FRED,D,2026-10-10
2017-12-15,111.1286,điểm,FRED,D,2026-10-10
2017-12-18,110.9086,điểm,FRED,D,2026-10-10
2017-12-19,111.1255,điểm,FRED,D,2026-10-10
2017-12-20,110.8361,điểm,FRED,D,2026-10-10
2017-12-21,110.8786,điểm,FRED,D,2026-10-10
2017-12-22,111.0997,điểm,FRED,D,2026-10-10
2017-12-26,110.9758,điểm,FRED,D,2026-10-10
2017-12-27,110.8553,điểm,FRED,D,2026-10-10
2017-12-28,110.5154,điểm,FRED,D,2026-10-10
2017-12-29,110.0783,điểm,FRED,D,2026-10-10
2018-01-02,109.6445,điểm,FRED,D,2026-10-10
2018-01-03,109.6751,điểm,FRED,D,2026-10-10
2018-01-04,109.4777,điểm,FRED,D,2026-10-10
2018-01-05,109.3496,điểm,FRED,D,2026-10-10
2018-01-08,109.5681,điểm,FRED,D,2026-10-10
2018-01-09,109.9025,điểm,FRED,D,2026-10-10
2018-01-10,109.628,điểm,FRED,D,2026-10-10
2018-01-11,109.4888,điểm,FRED,D,2026-10-10
2018-01-12,108.901,điểm,FRED,D,2026-10-10
2018-01-16,108.3218,điểm,FRED,D,2026-10-10
2018-01-17,108.1526,điểm,FRED,D,2026-10-10
2018-01-18,108.0655,điểm,FRED,D,2026-10-10
2018-01-19,107.9455,điểm,FRED,D,2026-10-10
2018-01-22,108.107,điểm,FRED,D,2026-10-10
2018-01-23,107.9979,điểm,FRED,D,2026-10-10
2018-01-24,107.0802,điểm,FRED,D,2026-10-10
2018-01-25,106.5052,điểm,FRED,D,2026-10-10
2018-01-26,106.6911,điểm,FRED,D,2026-10-10
2018-01-29,107.1142,điểm,FRED,D,2026-10-10
2018-01-30,107.1064,điểm,FRED,D,2026-10-10
2018-01-31,106.7696,điểm,FRED,D,2026-10-10
2018-02-01,106.4877,điểm,FRED,D,2026-10-10
2018-02-02,107.1151,điểm,FRED,D,2026-10-10
2018-02-05,107.33,điểm,FRED,D,2026-10-10
2018-02-06,107.5204,điểm,FRED,D,2026-10-10
2018-02-07,107.7175,điểm,FRED,D,2026-10-10
2018-02-08,108.3025,điểm,FRED,D,2026-10-10
2018-02-09,108.2582,điểm,FRED,D,2026-10-10
2018-02-12,108.0332,điểm,FRED,D,2026-10-10
2018-02-13,107.7574,điểm,FRED,D,2026-10-10
2018-02-14,107.4691,điểm,FRED,D,2026-10-10
2018-02-15,106.9867,điểm,FRED,D,2026-10-10
2018-02-16,107.0359,điểm,FRED,D,2026-10-10
2018-02-20,107.6249,điểm,FRED,D,2026-10-10
2018-02-21,107.8679,điểm,FRED,D,2026-10-10
2018-02-22,107.8668,điểm,FRED,D,2026-10-10
2018-02-23,107.6804,điểm,FRED,D,2026-10-10
2018-02-26,107.7347,điểm,FRED,D,2026-10-10
2018-02-27,108.1731,điểm,FRED,D,2026-10-10
2018-02-28,108.3903,điểm,FRED,D,2026-10-10
2018-03-01,108.5358,điểm,FRED,D,2026-10-10
2018-03-05,108.3614,điểm,FRED,D,2026-10-10
2018-03-06,107.7969,điểm,FRED,D,2026-10-10
2018-03-07,108.0911,điểm,FRED,D,2026-10-10
2018-03-08,108.2671,điểm,FRED,D,2026-10-10
2018-03-09,107.923,điểm,FRED,D,2026-10-10
2018-03-12,107.9438,điểm,FRED,D,2026-10-10
2018-03-13,107.7384,điểm,FRED,D,2026-10-10
2018-03-14,107.8623,điểm,FRED,D,2026-10-10
2018-03-15,108.2032,điểm,FRED,D,2026-10-10
2018-03-16,108.4332,điểm,FRED,D,2026-10-10
2018-03-19,108.3145,điểm,FRED,D,2026-10-10
2018-03-20,108.4953,điểm,FRED,D,2026-10-10
2018-03-22,107.9935,điểm,FRED,D,2026-10-10
2018-03-23,107.7495,điểm,FRED,D,2026-10-10
2018-03-26,107.1819,điểm,FRED,D,2026-10-10
2018-03-27,107.3359,điểm,FRED,D,2026-10-10
2018-03-28,107.5733,điểm,FRED,D,2026-10-10
2018-03-29,107.665,điểm,FRED,D,2026-10-10
2018-03-30,107.4784,điểm,FRED,D,2026-10-10
2018-04-02,107.7033,điểm,FRED,D,2026-10-10
2018-04-03,107.5624,điểm,FRED,D,2026-10-10
2018-04-04,107.6361,điểm,FRED,D,2026-10-10
2018-04-05,107.7281,điểm,FRED,D,2026-10-10
2018-04-06,107.7886,điểm,FRED,D,2026-10-10
2018-04-09,107.5316,điểm,FRED,D,2026-10-10
2018-04-10,107.3659,điểm,FRED,D,2026-10-10
2018-04-11,107.1224,điểm,FRED,D,2026-10-10
2018-04-12,107.2905,điểm,FRED,D,2026-10-10
2018-04-13,107.2368,điểm,FRED,D,2026-10-10
2018-04-16,107.0595,điểm,FRED,D,2026-10-10
2018-04-17,107.0344,điểm,FRED,D,2026-10-10
2018-04-18,107.1096,điểm,FRED,D,2026-10-10
2018-04-19,107.5197,điểm,FRED,D,2026-10-10
2018-04-20,108.1787,điểm,FRED,D,2026-10-10
2018-04-23,108.9332,điểm,FRED,D,2026-10-10
2018-04-24,108.7906,điểm,FRED,D,2026-10-10
2018-04-25,109.3447,điểm,FRED,D,2026-10-10
2018-04-26,109.3646,điểm,FRED,D,2026-10-10
2018-04-27,109.1735,điểm,FRED,D,2026-10-10
2018-04-30,109.3363,điểm,FRED,D,2026-10-10
2018-05-01,109.7445,điểm,FRED,D,2026-10-10
2018-05-02,110.1625,điểm,FRED,D,2026-10-10
2018-05-03,110.1803,điểm,FRED,D,2026-10-10
2018-05-04,110.25,điểm,FRED,D,2026-10-10
2018-05-07,110.5721,điểm,FRED,D,2026-10-10
2018-05-08,111.063,điểm,FRED,D,2026-10-10
2018-05-09,110.8818,điểm,FRED,D,2026-10-10
2018-05-10,110.405,điểm,FRED,D,2026-10-10
2018-05-11,110.2847,điểm,FRED,D,2026-10-10
2018-05-14,110.408,điểm,FRED,D,2026-10-10
2018-05-15,111.2292,điểm,FRED,D,2026-10-10
2018-05-16,111.3068,điểm,FRED,D,2026-10-10
2018-05-17,111.3547,điểm,FRED,D,2026-10-10
2018-05-18,111.7171,điểm,FRED,D,2026-10-10
2018-05-21,111.6394,điểm,FRED,D,2026-10-10
2018-05-22,111.1945,điểm,FRED,D,2026-10-10
2018-05-23,111.6933,điểm,FRED,D,2026-10-10
2018-05-24,111.4885,điểm,FRED,D,2026-10-10
2018-05-25,111.5843,điểm,FRED,D,2026-10-10
2018-05-29,112.2127,điểm,FRED,D,2026-10-10
2018-05-30,111.6731,điểm,FRED,D,2026-10-10
2018-05-31,111.9894,điểm,FRED,D,2026-10-10
2018-06-01,111.8265,điểm,FRED,D,2026-10-10
2018-06-04,111.8247,điểm,FRED,D,2026-10-10
2018-06-05,112.264,điểm,FRED,D,2026-10-10
2018-06-06,111.7525,điểm,FRED,D,2026-10-10
2018-06-07,112.0725,điểm,FRED,D,2026-10-10
2018-06-08,112.1066,điểm,FRED,D,2026-10-10
2018-06-11,112.1106,điểm,FRED,D,2026-10-10
2018-06-12,112.2138,điểm,FRED,D,2026-10-10
2018-06-13,112.2577,điểm,FRED,D,2026-10-10
2018-06-14,112.8593,điểm,FRED,D,2026-10-10
2018-06-15,113.3379,điểm,FRED,D,2026-10-10
2018-06-18,113.4899,điểm,FRED,D,2026-10-10
2018-06-19,113.639,điểm,FRED,D,2026-10-10
2018-06-20,113.4784,điểm,FRED,D,2026-10-10
2018-06-21,113.6109,điểm,FRED,D,2026-10-10
2018-06-22,113.3047,điểm,FRED,D,2026-10-10
2018-06-25,113.286,điểm,FRED,D,2026-10-10
2018-06-26,113.3016,điểm,FRED,D,2026-10-10
2018-06-27,113.8971,điểm,FRED,D,2026-10-10
2018-06-28,113.8405,điểm,FRED,D,2026-10-10
2018-06-29,113.2586,điểm,FRED,D,2026-10-10
2018-07-02,114.1673,điểm,FRED,D,2026-10-10
2018-07-03,113.3222,điểm,FRED,D,2026-10-10
2018-07-05,112.9759,điểm,FRED,D,2026-10-10
2018-07-06,112.6428,điểm,FRED,D,2026-10-10
2018-07-09,112.6425,điểm,FRED,D,2026-10-10
2018-07-10,112.5794,điểm,FRED,D,2026-10-10
2018-07-11,112.8582,điểm,FRED,D,2026-10-10
2018-07-12,112.779,điểm,FRED,D,2026-10-10
2018-07-13,113.0705,điểm,FRED,D,2026-10-10
2018-07-16,112.8437,điểm,FRED,D,2026-10-10
2018-07-17,113.1504,điểm,FRED,D,2026-10-10
2018-07-18,113.3348,điểm,FRED,D,2026-10-10
2018-07-19,113.9463,điểm,FRED,D,2026-10-10
2018-07-20,113.3213,điểm,FRED,D,2026-10-10
2018-07-23,113.4246,điểm,FRED,D,2026-10-10
2018-07-24,113.2045,điểm,FRED,D,2026-10-10
2018-07-25,112.9221,điểm,FRED,D,2026-10-10
2018-07-26,112.9179,điểm,FRED,D,2026-10-10
2018-07-27,112.8125,điểm,FRED,D,2026-10-10
2018-07-30,112.6044,điểm,FRED,D,2026-10-10
2018-07-31,112.7299,điểm,FRED,D,2026-10-10
2018-08-01,112.8899,điểm,FRED,D,2026-10-10
2018-08-02,113.1679,điểm,FRED,D,2026-10-10
2018-08-03,113.012,điểm,FRED,D,2026-10-10
2018-08-06,113.229,điểm,FRED,D,2026-10-10
2018-08-07,112.9759,điểm,FRED,D,2026-10-10
2018-08-08,113.1411,điểm,FRED,D,2026-10-10
2018-08-09,113.3806,điểm,FRED,D,2026-10-10
2018-08-10,114.3005,điểm,FRED,D,2026-10-10
2018-08-13,114.851,điểm,FRED,D,2026-10-10
2018-08-14,114.658,điểm,FRED,D,2026-10-10
2018-08-15,115.1526,điểm,FRED,D,2026-10-10
2018-08-16,114.6416,điểm,FRED,D,2026-10-10
2018-08-17,114.5339,điểm,FRED,D,2026-10-10
2018-08-20,114.3504,điểm,FRED,D,2026-10-10
2018-08-21,113.8604,điểm,FRED,D,2026-10-10
2018-08-22,113.663,điểm,FRED,D,2026-10-10
2018-08-23,114.0932,điểm,FRED,D,2026-10-10
2018-08-24,113.5985,điểm,FRED,D,2026-10-10
2018-08-27,113.2721,điểm,FRED,D,2026-10-10
2018-08-28,113.3444,điểm,FRED,D,2026-10-10
2018-08-29,113.6461,điểm,FRED,D,2026-10-10
2018-08-30,114.0899,điểm,FRED,D,2026-10-10
2018-08-31,114.2755,điểm,FRED,D,2026-10-10
2018-09-04,114.8584,điểm,FRED,D,2026-10-10
2018-09-05,114.7477,điểm,FRED,D,2026-10-10
2018-09-06,114.6479,điểm,FRED,D,2026-10-10
2018-09-07,114.5816,điểm,FRED,D,2026-10-10
2018-09-10,114.6802,điểm,FRED,D,2026-10-10
2018-09-11,114.7051,điểm,FRED,D,2026-10-10
2018-09-12,114.2192,điểm,FRED,D,2026-10-10
2018-09-13,113.9268,điểm,FRED,D,2026-10-10
2018-09-14,114.0657,điểm,FRED,D,2026-10-10
2018-09-17,113.9158,điểm,FRED,D,2026-10-10
2018-09-18,113.7739,điểm,FRED,D,2026-10-10
2018-09-19,113.6532,điểm,FRED,D,2026-10-10
2018-09-20,113.4989,điểm,FRED,D,2026-10-10
2018-09-21,113.5099,điểm,FRED,D,2026-10-10
2018-09-24,113.5301,điểm,FRED,D,2026-10-10
2018-09-25,113.7202,điểm,FRED,D,2026-10-10
2018-09-26,113.6739,điểm,FRED,D,2026-10-10
2018-09-27,113.9784,điểm,FRED,D,2026-10-10
2018-09-28,113.8077,điểm,FRED,D,2026-10-10
2018-10-01,113.8235,điểm,FRED,D,2026-10-10
2018-10-02,113.8954,điểm,FRED,D,2026-10-10
2018-10-03,114.1569,điểm,FRED,D,2026-10-10
2018-10-04,114.6867,điểm,FRED,D,2026-10-10
2018-10-05,114.561,điểm,FRED,D,2026-10-10
2018-10-09,114.6583,điểm,FRED,D,2026-10-10
2018-10-10,114.6072,điểm,FRED,D,2026-10-10
2018-10-11,114.4074,điểm,FRED,D,2026-10-10
2018-10-12,114.3691,điểm,FRED,D,2026-10-10
2018-10-15,114.045,điểm,FRED,D,2026-10-10
2018-10-16,113.8963,điểm,FRED,D,2026-10-10
2018-10-17,114.1755,điểm,FRED,D,2026-10-10
2018-10-18,114.8164,điểm,FRED,D,2026-10-10
2018-10-19,114.8567,điểm,FRED,D,2026-10-10
2018-10-22,115.1782,điểm,FRED,D,2026-10-10
2018-10-23,115.1651,điểm,FRED,D,2026-10-10
2018-10-24,115.3755,điểm,FRED,D,2026-10-10
2018-10-25,115.4831,điểm,FRED,D,2026-10-10
2018-10-26,115.473,điểm,FRED,D,2026-10-10
2018-10-29,115.8936,điểm,FRED,D,2026-10-10
2018-10-30,116.2357,điểm,FRED,D,2026-10-10
2018-10-31,116.5281,điểm,FRED,D,2026-10-10
2018-11-01,115.8657,điểm,FRED,D,2026-10-10
2018-11-02,115.643,điểm,FRED,D,2026-10-10
2018-11-05,115.703,điểm,FRED,D,2026-10-10
2018-11-06,115.5622,điểm,FRED,D,2026-10-10
2018-11-07,115.2519,điểm,FRED,D,2026-10-10
2018-11-08,115.6478,điểm,FRED,D,2026-10-10
2018-11-09,116.4778,điểm,FRED,D,2026-10-10
2018-11-13,116.6694,điểm,FRED,D,2026-10-10
2018-11-14,116.498,điểm,FRED,D,2026-10-10
2018-11-15,116.3861,điểm,FRED,D,2026-10-10
2018-11-16,115.9258,điểm,FRED,D,2026-10-10
2018-11-19,115.9859,điểm,FRED,D,2026-10-10
2018-11-20,116.2367,điểm,FRED,D,2026-10-10
2018-11-21,116.092,điểm,FRED,D,2026-10-10
2018-11-23,116.4713,điểm,FRED,D,2026-10-10
2018-11-26,116.6208,điểm,FRED,D,2026-10-10
2018-11-27,116.9001,điểm,FRED,D,2026-10-10
2018-11-28,116.8343,điểm,FRED,D,2026-10-10
2018-11-29,116.1961,điểm,FRED,D,2026-10-10
2018-11-30,116.413,điểm,FRED,D,2026-10-10
2018-12-03,115.9057,điểm,FRED,D,2026-10-10
2018-12-04,116.0028,điểm,FRED,D,2026-10-10
2018-12-06,116.3991,điểm,FRED,D,2026-10-10
2018-12-07,116.0847,điểm,FRED,D,2026-10-10
2018-12-10,116.6746,điểm,FRED,D,2026-10-10
2018-12-11,116.7564,điểm,FRED,D,2026-10-10
2018-12-12,116.2214,điểm,FRED,D,2026-10-10
2018-12-13,116.3974,điểm,FRED,D,2026-10-10
2018-12-14,116.79,điểm,FRED,D,2026-10-10
2018-12-17,116.4532,điểm,FRED,D,2026-10-10
2018-12-18,116.4127,điểm,FRED,D,2026-10-10
2018-12-19,116.0676,điểm,FRED,D,2026-10-10
2018-12-20,116.0183,điểm,FRED,D,2026-10-10
2018-12-21,116.2227,điểm,FRED,D,2026-10-10
2018-12-24,116.2182,điểm,FRED,D,2026-10-10
2018-12-26,116.1162,điểm,FRED,D,2026-10-10
2018-12-27,115.9927,điểm,FRED,D,2026-10-10
2018-12-28,115.7232,điểm,FRED,D,2026-10-10
2018-12-31,115.5674,điểm,FRED,D,2026-10-10
2019-01-02,115.7689,điểm,FRED,D,2026-10-10
2019-01-03,115.4622,điểm,FRED,D,2026-10-10
2019-01-04,114.9821,điểm,FRED,D,2026-10-10
2019-01-07,114.5628,điểm,FRED,D,2026-10-10
2019-01-08,114.7281,điểm,FRED,D,2026-10-10
2019-01-09,114.1406,điểm,FRED,D,2026-10-10
2019-01-10,114.0496,điểm,FRED,D,2026-10-10
2019-01-11,114.0404,điểm,FRED,D,2026-10-10
2019-01-15,114.3402,điểm,FRED,D,2026-10-10
2019-01-16,114.137,điểm,FRED,D,2026-10-10
2019-01-17,114.4115,điểm,FRED,D,2026-10-10
2019-01-18,114.558,điểm,FRED,D,2026-10-10
2019-01-22,114.7541,điểm,FRED,D,2026-10-10
2019-01-23,114.5759,điểm,FRED,D,2026-10-10
2019-01-24,114.617,điểm,FRED,D,2026-10-10
2019-01-25,114.0197,điểm,FRED,D,2026-10-10
2019-01-28,114.0522,điểm,FRED,D,2026-10-10
2019-01-29,114.026,điểm,FRED,D,2026-10-10
2019-01-30,114.0731,điểm,FRED,D,2026-10-10
2019-01-31,113.5504,điểm,FRED,D,2026-10-10
2019-02-01,113.7548,điểm,FRED,D,2026-10-10
2019-02-04,113.8766,điểm,FRED,D,2026-10-10
2019-02-05,114.0431,điểm,FRED,D,2026-10-10
2019-02-06,114.2305,điểm,FRED,D,2026-10-10
2019-02-07,114.4339,điểm,FRED,D,2026-10-10
2019-02-08,114.5003,điểm,FRED,D,2026-10-10
2019-02-11,115.031,điểm,FRED,D,2026-10-10
2019-02-12,114.7297,điểm,FRED,D,2026-10-10
2019-02-13,114.9407,điểm,FRED,D,2026-10-10
2019-02-14,115.1007,điểm,FRED,D,2026-10-10
2019-02-15,114.9923,điểm,FRED,D,2026-10-10
2019-02-19,114.57,điểm,FRED,D,2026-10-10
2019-02-21,114.5091,điểm,FRED,D,2026-10-10
2019-02-22,114.2716,điểm,FRED,D,2026-10-10
2019-02-25,114.1457,điểm,FRED,D,2026-10-10
2019-02-26,114.0687,điểm,FRED,D,2026-10-10
2019-02-27,114.0363,điểm,FRED,D,2026-10-10
2019-02-28,114.1991,điểm,FRED,D,2026-10-10
2019-03-01,114.537,điểm,FRED,D,2026-10-10
2019-03-04,114.6925,điểm,FRED,D,2026-10-10
2019-03-05,114.804,điểm,FRED,D,2026-10-10
2019-03-06,114.9714,điểm,FRED,D,2026-10-10
2019-03-07,115.4919,điểm,FRED,D,2026-10-10
2019-03-08,115.3599,điểm,FRED,D,2026-10-10
2019-03-11,115.2967,điểm,FRED,D,2026-10-10
2019-03-12,114.939,điểm,FRED,D,2026-10-10
2019-03-13,114.7372,điểm,FRED,D,2026-10-10
2019-03-14,114.79,điểm,FRED,D,2026-10-10
2019-03-15,114.5815,điểm,FRED,D,2026-10-10
2019-03-18,114.4375,điểm,FRED,D,2026-10-10
2019-03-19,114.2324,điểm,FRED,D,2026-10-10
2019-03-20,114.1509,điểm,FRED,D,2026-10-10
2019-03-21,114.1684,điểm,FRED,D,2026-10-10
2019-03-22,114.6856,điểm,FRED,D,2026-10-10
2019-03-25,114.4171,điểm,FRED,D,2026-10-10
2019-03-26,114.6414,điểm,FRED,D,2026-10-10
2019-03-27,115.1243,điểm,FRED,D,2026-10-10
2019-03-28,115.2581,điểm,FRED,D,2026-10-10
2019-03-29,115.1371,điểm,FRED,D,2026-10-10
2019-04-01,114.9362,điểm,FRED,D,2026-10-10
2019-04-02,115.1173,điểm,FRED,D,2026-10-10
2019-04-03,114.7211,điểm,FRED,D,2026-10-10
2019-04-04,114.9697,điểm,FRED,D,2026-10-10
2019-04-05,114.9726,điểm,FRED,D,2026-10-10
2019-04-08,114.6893,điểm,FRED,D,2026-10-10
2019-04-09,114.5321,điểm,FRED,D,2026-10-10
2019-04-10,114.4269,điểm,FRED,D,2026-10-10
2019-04-11,114.6303,điểm,FRED,D,2026-10-10
2019-04-12,114.3531,điểm,FRED,D,2026-10-10
2019-04-15,114.495,điểm,FRED,D,2026-10-10
2019-04-16,114.6756,điểm,FRED,D,2026-10-10
2019-04-17,114.5141,điểm,FRED,D,2026-10-10
2019-04-18,114.7073,điểm,FRED,D,2026-10-10
2019-04-19,114.6977,điểm,FRED,D,2026-10-10
2019-04-22,114.7694,điểm,FRED,D,2026-10-10
2019-04-23,115.1578,điểm,FRED,D,2026-10-10
2019-04-24,115.4187,điểm,FRED,D,2026-10-10
2019-04-25,115.7709,điểm,FRED,D,2026-10-10
2019-04-26,115.4767,điểm,FRED,D,2026-10-10
2019-04-29,115.5227,điểm,FRED,D,2026-10-10
2019-04-30,115.3281,điểm,FRED,D,2026-10-10
2019-05-01,115.0022,điểm,FRED,D,2026-10-10
2019-05-02,115.5617,điểm,FRED,D,2026-10-10
2019-05-03,115.2646,điểm,FRED,D,2026-10-10
2019-05-06,115.3811,điểm,FRED,D,2026-10-10
2019-05-07,115.6116,điểm,FRED,D,2026-10-10
2019-05-08,115.5171,điểm,FRED,D,2026-10-10
2019-05-09,115.8421,điểm,FRED,D,2026-10-10
2019-05-10,115.5334,điểm,FRED,D,2026-10-10
2019-05-13,115.915,điểm,FRED,D,2026-10-10
2019-05-14,115.9425,điểm,FRED,D,2026-10-10
2019-05-15,115.8565,điểm,FRED,D,2026-10-10
2019-05-16,116.0346,điểm,FRED,D,2026-10-10
2019-05-17,116.448,điểm,FRED,D,2026-10-10
2019-05-20,116.3119,điểm,FRED,D,2026-10-10
2019-05-21,116.2844,điểm,FRED,D,2026-10-10
2019-05-22,116.2412,điểm,FRED,D,2026-10-10
2019-05-23,116.2368,điểm,FRED,D,2026-10-10
2019-05-24,116.0806,điểm,FRED,D,2026-10-10
2019-05-28,116.3174,điểm,FRED,D,2026-10-10
2019-05-29,116.5535,điểm,FRED,D,2026-10-10
2019-05-30,116.3989,điểm,FRED,D,2026-10-10
2019-05-31,116.7273,điểm,FRED,D,2026-10-10
2019-06-03,116.4764,điểm,FRED,D,2026-10-10
2019-06-04,116.091,điểm,FRED,D,2026-10-10
2019-06-05,116.03,điểm,FRED,D,2026-10-10
2019-06-06,115.9771,điểm,FRED,D,2026-10-10
2019-06-07,115.7368,điểm,FRED,D,2026-10-10
2019-06-10,115.5001,điểm,FRED,D,2026-10-10
2019-06-11,115.3794,điểm,FRED,D,2026-10-10
2019-06-12,115.438,điểm,FRED,D,2026-10-10
2019-06-13,115.6275,điểm,FRED,D,2026-10-10
2019-06-14,115.9057,điểm,FRED,D,2026-10-10
2019-06-17,115.9684,điểm,FRED,D,2026-10-10
2019-06-18,115.8797,điểm,FRED,D,2026-10-10
2019-06-19,115.7889,điểm,FRED,D,2026-10-10
2019-06-20,114.8046,điểm,FRED,D,2026-10-10
2019-06-21,114.8377,điểm,FRED,D,2026-10-10
2019-06-24,114.6559,điểm,FRED,D,2026-10-10
2019-06-25,114.6363,điểm,FRED,D,2026-10-10
2019-06-26,114.5608,điểm,FRED,D,2026-10-10
2019-06-27,114.665,điểm,FRED,D,2026-10-10
2019-06-28,114.5821,điểm,FRED,D,2026-10-10
2019-07-01,114.7239,điểm,FRED,D,2026-10-10
2019-07-02,114.8258,điểm,FRED,D,2026-10-10
2019-07-03,114.8135,điểm,FRED,D,2026-10-10
2019-07-05,115.1132,điểm,FRED,D,2026-10-10
2019-07-08,115.0254,điểm,FRED,D,2026-10-10
2019-07-09,115.1017,điểm,FRED,D,2026-10-10
2019-07-10,115.0879,điểm,FRED,D,2026-10-10
2019-07-11,114.8361,điểm,FRED,D,2026-10-10
2019-07-12,114.7685,điểm,FRED,D,2026-10-10
2019-07-15,114.6819,điểm,FRED,D,2026-10-10
2019-07-16,115.0111,điểm,FRED,D,2026-10-10
2019-07-17,114.8819,điểm,FRED,D,2026-10-10
2019-07-18,114.8744,điểm,FRED,D,2026-10-10
2019-07-19,114.8695,điểm,FRED,D,2026-10-10
2019-07-22,115.0018,điểm,FRED,D,2026-10-10
2019-07-23,115.2995,điểm,FRED,D,2026-10-10
2019-07-24,115.2436,điểm,FRED,D,2026-10-10
2019-07-25,115.2982,điểm,FRED,D,2026-10-10
2019-07-26,115.5449,điểm,FRED,D,2026-10-10
2019-07-29,115.5885,điểm,FRED,D,2026-10-10
2019-07-30,115.6211,điểm,FRED,D,2026-10-10
2019-07-31,115.4946,điểm,FRED,D,2026-10-10
2019-08-01,116.0499,điểm,FRED,D,2026-10-10
2019-08-02,116.1864,điểm,FRED,D,2026-10-10
2019-08-05,116.5851,điểm,FRED,D,2026-10-10
2019-08-06,116.6904,điểm,FRED,D,2026-10-10
2019-08-07,116.7987,điểm,FRED,D,2026-10-10
2019-08-08,116.474,điểm,FRED,D,2026-10-10
2019-08-09,116.4419,điểm,FRED,D,2026-10-10
2019-08-12,116.7548,điểm,FRED,D,2026-10-10
2019-08-13,116.7267,điểm,FRED,D,2026-10-10
2019-08-14,117.0913,điểm,FRED,D,2026-10-10
2019-08-15,117.2239,điểm,FRED,D,2026-10-10
2019-08-16,117.0786,điểm,FRED,D,2026-10-10
2019-08-19,117.3886,điểm,FRED,D,2026-10-10
2019-08-20,117.3726,điểm,FRED,D,2026-10-10
2019-08-21,117.1764,điểm,FRED,D,2026-10-10
2019-08-22,117.3558,điểm,FRED,D,2026-10-10
2019-08-23,117.3009,điểm,FRED,D,2026-10-10
2019-08-26,117.6658,điểm,FRED,D,2026-10-10
2019-08-27,117.75,điểm,FRED,D,2026-10-10
2019-08-28,117.8767,điểm,FRED,D,2026-10-10
2019-08-29,118.0625,điểm,FRED,D,2026-10-10
2019-08-30,118.1575,điểm,FRED,D,2026-10-10
2019-09-03,118.3113,điểm,FRED,D,2026-10-10
2019-09-04,117.6729,điểm,FRED,D,2026-10-10
2019-09-05,117.4776,điểm,FRED,D,2026-10-10
2019-09-06,117.1292,điểm,FRED,D,2026-10-10
2019-09-09,117.0601,điểm,FRED,D,2026-10-10
2019-09-10,117.0887,điểm,FRED,D,2026-10-10
2019-09-11,117.3125,điểm,FRED,D,2026-10-10
2019-09-12,116.8375,điểm,FRED,D,2026-10-10
2019-09-13,116.7677,điểm,FRED,D,2026-10-10
2019-09-16,117.0251,điểm,FRED,D,2026-10-10
2019-09-17,116.9826,điểm,FRED,D,2026-10-10
2019-09-18,116.9766,điểm,FRED,D,2026-10-10
2019-09-19,117.0861,điểm,FRED,D,2026-10-10
2019-09-20,117.1819,điểm,FRED,D,2026-10-10
2019-09-23,117.2986,điểm,FRED,D,2026-10-10
2019-09-24,117.2227,điểm,FRED,D,2026-10-10
2019-09-25,117.6527,điểm,FRED,D,2026-10-10
2019-09-26,117.7267,điểm,FRED,D,2026-10-10
2019-09-27,117.7218,điểm,FRED,D,2026-10-10
2019-09-30,117.9461,điểm,FRED,D,2026-10-10
2019-10-01,117.9595,điểm,FRED,D,2026-10-10
2019-10-02,117.9671,điểm,FRED,D,2026-10-10
2019-10-03,117.6608,điểm,FRED,D,2026-10-10
2019-10-04,117.5288,điểm,FRED,D,2026-10-10
2019-10-07,117.5533,điểm,FRED,D,2026-10-10
2019-10-08,117.7407,điểm,FRED,D,2026-10-10
2019-10-09,117.6835,điểm,FRED,D,2026-10-10
2019-10-10,117.2801,điểm,FRED,D,2026-10-10
2019-10-11,116.8239,điểm,FRED,D,2026-10-10
2019-10-15,116.8111,điểm,FRED,D,2026-10-10
2019-10-16,116.6425,điểm,FRED,D,2026-10-10
2019-10-17,116.2615,điểm,FRED,D,2026-10-10
2019-10-18,116.1344,điểm,FRED,D,2026-10-10
2019-10-21,116.0436,điểm,FRED,D,2026-10-10
2019-10-22,115.9851,điểm,FRED,D,2026-10-10
2019-10-23,116.0586,điểm,FRED,D,2026-10-10
2019-10-24,116.1278,điểm,FRED,D,2026-10-10
2019-10-25,116.0774,điểm,FRED,D,2026-10-10
2019-10-28,116.0222,điểm,FRED,D,2026-10-10
2019-10-29,115.9797,điểm,FRED,D,2026-10-10
2019-10-30,116.1636,điểm,FRED,D,2026-10-10
2019-10-31,115.9125,điểm,FRED,D,2026-10-10
2019-11-01,115.7312,điểm,FRED,D,2026-10-10
2019-11-04,115.8624,điểm,FRED,D,2026-10-10
2019-11-05,116.1138,điểm,FRED,D,2026-10-10
2019-11-06,116.1004,điểm,FRED,D,2026-10-10
2019-11-07,116.1172,điểm,FRED,D,2026-10-10
2019-11-08,116.3436,điểm,FRED,D,2026-10-10
2019-11-12,116.5837,điểm,FRED,D,2026-10-10
2019-11-13,116.8397,điểm,FRED,D,2026-10-10
2019-11-14,116.8022,điểm,FRED,D,2026-10-10
2019-11-15,116.4401,điểm,FRED,D,2026-10-10
2019-11-18,116.3625,điểm,FRED,D,2026-10-10
2019-11-19,116.5391,điểm,FRED,D,2026-10-10
2019-11-20,116.828,điểm,FRED,D,2026-10-10
2019-11-21,116.7435,điểm,FRED,D,2026-10-10
2019-11-22,116.9137,điểm,FRED,D,2026-10-10
2019-11-25,117.0098,điểm,FRED,D,2026-10-10
2019-11-26,117.0513,điểm,FRED,D,2026-10-10
2019-11-27,117.1273,điểm,FRED,D,2026-10-10
2019-11-29,117.1204,điểm,FRED,D,2026-10-10
2019-12-02,116.9647,điểm,FRED,D,2026-10-10
2019-12-03,116.8898,điểm,FRED,D,2026-10-10
2019-12-04,116.692,điểm,FRED,D,2026-10-10
2019-12-05,116.3838,điểm,FRED,D,2026-10-10
2019-12-06,116.5381,điểm,FRED,D,2026-10-10
2019-12-09,116.3283,điểm,FRED,D,2026-10-10
2019-12-10,116.2542,điểm,FRED,D,2026-10-10
2019-12-11,116.1478,điểm,FRED,D,2026-10-10
2019-12-12,115.8741,điểm,FRED,D,2026-10-10
2019-12-13,115.6967,điểm,FRED,D,2026-10-10
2019-12-16,115.555,điểm,FRED,D,2026-10-10
2019-12-17,115.5553,điểm,FRED,D,2026-10-10
2019-12-18,115.6618,điểm,FRED,D,2026-10-10
2019-12-19,115.5988,điểm,FRED,D,2026-10-10
2019-12-20,115.7598,điểm,FRED,D,2026-10-10
2019-12-23,115.8059,điểm,FRED,D,2026-10-10
2019-12-26,115.634,điểm,FRED,D,2026-10-10
2019-12-27,115.22,điểm,FRED,D,2026-10-10
2019-12-30,114.9631,điểm,FRED,D,2026-10-10
2019-12-31,114.669,điểm,FRED,D,2026-10-10
2020-01-02,114.9745,điểm,FRED,D,2026-10-10
2020-01-03,114.9867,điểm,FRED,D,2026-10-10
2020-01-06,114.9557,điểm,FRED,D,2026-10-10
2020-01-07,115.1477,điểm,FRED,D,2026-10-10
2020-01-08,115.1328,điểm,FRED,D,2026-10-10
2020-01-09,115.2331,điểm,FRED,D,2026-10-10
2020-01-10,115.0677,điểm,FRED,D,2026-10-10
2020-01-13,115.0342,điểm,FRED,D,2026-10-10
2020-01-14,115.0239,điểm,FRED,D,2026-10-10
2020-01-15,114.9528,điểm,FRED,D,2026-10-10
2020-01-16,115.0006,điểm,FRED,D,2026-10-10
2020-01-17,115.0656,điểm,FRED,D,2026-10-10
2020-01-21,115.1876,điểm,FRED,D,2026-10-10
2020-01-22,115.2273,điểm,FRED,D,2026-10-10
2020-01-23,115.5545,điểm,FRED,D,2026-10-10
2020-01-24,115.5556,điểm,FRED,D,2026-10-10
2020-01-27,115.8004,điểm,FRED,D,2026-10-10
2020-01-28,115.7239,điểm,FRED,D,2026-10-10
2020-01-29,115.7003,điểm,FRED,D,2026-10-10
2020-01-30,115.8077,điểm,FRED,D,2026-10-10
2020-01-31,115.7345,điểm,FRED,D,2026-10-10
2020-02-03,116.1172,điểm,FRED,D,2026-10-10
2020-02-04,115.9291,điểm,FRED,D,2026-10-10
2020-02-05,116.009,điểm,FRED,D,2026-10-10
2020-02-06,116.1518,điểm,FRED,D,2026-10-10
2020-02-07,116.5086,điểm,FRED,D,2026-10-10
2020-02-10,116.5711,điểm,FRED,D,2026-10-10
2020-02-11,116.3585,điểm,FRED,D,2026-10-10
2020-02-12,116.2794,điểm,FRED,D,2026-10-10
2020-02-13,116.3999,điểm,FRED,D,2026-10-10
2020-02-14,116.4223,điểm,FRED,D,2026-10-10
2020-02-18,116.6039,điểm,FRED,D,2026-10-10
2020-02-19,116.7829,điểm,FRED,D,2026-10-10
2020-02-20,117.2454,điểm,FRED,D,2026-10-10
2020-02-21,117.0473,điểm,FRED,D,2026-10-10
2020-02-24,117.4018,điểm,FRED,D,2026-10-10
2020-02-25,117.2425,điểm,FRED,D,2026-10-10
2020-02-26,117.405,điểm,FRED,D,2026-10-10
2020-02-27,117.3678,điểm,FRED,D,2026-10-10
2020-02-28,117.6568,điểm,FRED,D,2026-10-10
2020-03-02,116.8144,điểm,FRED,D,2026-10-10
2020-03-03,116.4958,điểm,FRED,D,2026-10-10
2020-03-04,116.7802,điểm,FRED,D,2026-10-10
2020-03-05,116.7901,điểm,FRED,D,2026-10-10
2020-03-06,116.7106,điểm,FRED,D,2026-10-10
2020-03-09,117.1871,điểm,FRED,D,2026-10-10
2020-03-10,117.9027,điểm,FRED,D,2026-10-10
2020-03-11,118.2505,điểm,FRED,D,2026-10-10
2020-03-12,120.4883,điểm,FRED,D,2026-10-10
2020-03-13,120.4388,điểm,FRED,D,2026-10-10
2020-03-16,120.9352,điểm,FRED,D,2026-10-10
2020-03-17,122.4816,điểm,FRED,D,2026-10-10
2020-03-18,124.1623,điểm,FRED,D,2026-10-10
2020-03-19,125.0587,điểm,FRED,D,2026-10-10
2020-03-20,124.9362,điểm,FRED,D,2026-10-10
2020-03-23,126.1262,điểm,FRED,D,2026-10-10
2020-03-24,125.5001,điểm,FRED,D,2026-10-10
2020-03-25,124.7916,điểm,FRED,D,2026-10-10
2020-03-26,122.4308,điểm,FRED,D,2026-10-10
2020-03-27,122.4007,điểm,FRED,D,2026-10-10
2020-03-30,123.2883,điểm,FRED,D,2026-10-10
2020-03-31,122.5301,điểm,FRED,D,2026-10-10
2020-04-01,123.7933,điểm,FRED,D,2026-10-10
2020-04-02,123.5916,điểm,FRED,D,2026-10-10
2020-04-03,124.4152,điểm,FRED,D,2026-10-10
2020-04-06,124.16,điểm,FRED,D,2026-10-10
2020-04-07,123.0956,điểm,FRED,D,2026-10-10
2020-04-08,123.2216,điểm,FRED,D,2026-10-10
2020-04-09,122.476,điểm,FRED,D,2026-10-10
2020-04-10,122.1592,điểm,FRED,D,2026-10-10
2020-04-13,122.5203,điểm,FRED,D,2026-10-10
2020-04-14,122.1121,điểm,FRED,D,2026-10-10
2020-04-15,123.0752,điểm,FRED,D,2026-10-10
2020-04-16,123.4615,điểm,FRED,D,2026-10-10
2020-04-17,122.871,điểm,FRED,D,2026-10-10
2020-04-20,123.1033,điểm,FRED,D,2026-10-10
2020-04-21,123.9116,điểm,FRED,D,2026-10-10
2020-04-22,123.9256,điểm,FRED,D,2026-10-10
2020-04-23,123.7542,điểm,FRED,D,2026-10-10
2020-04-24,124.1615,điểm,FRED,D,2026-10-10
2020-04-27,123.8843,điểm,FRED,D,2026-10-10
2020-04-28,123.3693,điểm,FRED,D,2026-10-10
2020-04-29,122.7782,điểm,FRED,D,2026-10-10
2020-04-30,122.327,điểm,FRED,D,2026-10-10
2020-05-01,123.1492,điểm,FRED,D,2026-10-10
2020-05-04,123.2117,điểm,FRED,D,2026-10-10
2020-05-05,122.803,điểm,FRED,D,2026-10-10
2020-05-06,123.609,điểm,FRED,D,2026-10-10
2020-05-07,123.1249,điểm,FRED,D,2026-10-10
2020-05-08,122.5379,điểm,FRED,D,2026-10-10
2020-05-11,123.2333,điểm,FRED,D,2026-10-10
2020-05-12,123.0592,điểm,FRED,D,2026-10-10
2020-05-13,123.5408,điểm,FRED,D,2026-10-10
2020-05-14,123.6429,điểm,FRED,D,2026-10-10
2020-05-15,123.5991,điểm,FRED,D,2026-10-10
2020-05-18,122.7968,điểm,FRED,D,2026-10-10
2020-05-19,122.5655,điểm,FRED,D,2026-10-10
2020-05-20,122.1007,điểm,FRED,D,2026-10-10
2020-05-21,122.0914,điểm,FRED,D,2026-10-10
2020-05-22,122.3211,điểm,FRED,D,2026-10-10
2020-05-26,121.3864,điểm,FRED,D,2026-10-10
2020-05-27,121.5677,điểm,FRED,D,2026-10-10
2020-05-28,121.0138,điểm,FRED,D,2026-10-10
2020-05-29,120.9458,điểm,FRED,D,2026-10-10
2020-06-01,120.2686,điểm,FRED,D,2026-10-10
2020-06-02,119.6854,điểm,FRED,D,2026-10-10
2020-06-03,119.2556,điểm,FRED,D,2026-10-10
2020-06-04,119.3014,điểm,FRED,D,2026-10-10
2020-06-05,118.8138,điểm,FRED,D,2026-10-10
2020-06-08,118.6621,điểm,FRED,D,2026-10-10
2020-06-09,118.5893,điểm,FRED,D,2026-10-10
2020-06-10,118.5231,điểm,FRED,D,2026-10-10
2020-06-11,119.2347,điểm,FRED,D,2026-10-10
2020-06-12,119.6645,điểm,FRED,D,2026-10-10
2020-06-15,119.9539,điểm,FRED,D,2026-10-10
2020-06-16,119.567,điểm,FRED,D,2026-10-10
2020-06-17,119.9105,điểm,FRED,D,2026-10-10
2020-06-18,120.2173,điểm,FRED,D,2026-10-10
2020-06-19,120.2186,điểm,FRED,D,2026-10-10
2020-06-22,119.7532,điểm,FRED,D,2026-10-10
2020-06-23,119.3285,điểm,FRED,D,2026-10-10
2020-06-24,119.9744,điểm,FRED,D,2026-10-10
2020-06-25,120.2997,điểm,FRED,D,2026-10-10
2020-06-26,120.533,điểm,FRED,D,2026-10-10
2020-06-29,120.6658,điểm,FRED,D,2026-10-10
2020-06-30,120.4649,điểm,FRED,D,2026-10-10
2020-07-01,120.0808,điểm,FRED,D,2026-10-10
2020-07-02,119.8555,điểm,FRED,D,2026-10-10
2020-07-06,119.2852,điểm,FRED,D,2026-10-10
2020-07-07,119.5717,điểm,FRED,D,2026-10-10
2020-07-08,119.5525,điểm,FRED,D,2026-10-10
2020-07-09,119.5129,điểm,FRED,D,2026-10-10
2020-07-10,119.3509,điểm,FRED,D,2026-10-10
2020-07-13,119.1891,điểm,FRED,D,2026-10-10
2020-07-14,119.3901,điểm,FRED,D,2026-10-10
2020-07-15,119.0331,điểm,FRED,D,2026-10-10
2020-07-16,118.9275,điểm,FRED,D,2026-10-10
2020-07-17,119.124,điểm,FRED,D,2026-10-10
2020-07-20,119.0483,điểm,FRED,D,2026-10-10
2020-07-21,118.4042,điểm,FRED,D,2026-10-10
2020-07-22,118.1337,điểm,FRED,D,2026-10-10
2020-07-23,118.0613,điểm,FRED,D,2026-10-10
2020-07-24,118.1329,điểm,FRED,D,2026-10-10
2020-07-27,117.3869,điểm,FRED,D,2026-10-10
2020-07-28,117.3189,điểm,FRED,D,2026-10-10
2020-07-29,117.2126,điểm,FRED,D,2026-10-10
2020-07-30,117.4008,điểm,FRED,D,2026-10-10
2020-07-31,117.2082,điểm,FRED,D,2026-10-10
2020-08-03,117.8074,điểm,FRED,D,2026-10-10
2020-08-04,117.7833,điểm,FRED,D,2026-10-10
2020-08-05,116.8736,điểm,FRED,D,2026-10-10
2020-08-06,117.0422,điểm,FRED,D,2026-10-10
2020-08-07,117.6239,điểm,FRED,D,2026-10-10
2020-08-10,117.5821,điểm,FRED,D,2026-10-10
2020-08-11,117.3781,điểm,FRED,D,2026-10-10
2020-08-12,117.2559,điểm,FRED,D,2026-10-10
2020-08-13,117.1193,điểm,FRED,D,2026-10-10
2020-08-14,116.9395,điểm,FRED,D,2026-10-10
2020-08-17,116.749,điểm,FRED,D,2026-10-10
2020-08-18,116.5593,điểm,FRED,D,2026-10-10
2020-08-19,116.567,điểm,FRED,D,2026-10-10
2020-08-20,116.8126,điểm,FRED,D,2026-10-10
2020-08-21,117.0572,điểm,FRED,D,2026-10-10
2020-08-24,116.912,điểm,FRED,D,2026-10-10
2020-08-25,116.8206,điểm,FRED,D,2026-10-10
2020-08-26,116.6243,điểm,FRED,D,2026-10-10
2020-08-27,116.649,điểm,FRED,D,2026-10-10
2020-08-28,115.9374,điểm,FRED,D,2026-10-10
2020-08-31,115.7586,điểm,FRED,D,2026-10-10
2020-09-01,115.5687,điểm,FRED,D,2026-10-10
2020-09-02,116.0304,điểm,FRED,D,2026-10-10
2020-09-03,116.0685,điểm,FRED,D,2026-10-10
2020-09-04,116.0347,điểm,FRED,D,2026-10-10
2020-09-08,116.4618,điểm,FRED,D,2026-10-10
2020-09-09,116.1291,điểm,FRED,D,2026-10-10
2020-09-10,115.8806,điểm,FRED,D,2026-10-10
2020-09-11,116.0866,điểm,FRED,D,2026-10-10
2020-09-14,115.6428,điểm,FRED,D,2026-10-10
2020-09-15,115.5908,điểm,FRED,D,2026-10-10
2020-09-16,115.3537,điểm,FRED,D,2026-10-10
2020-09-17,115.4392,điểm,FRED,D,2026-10-10
2020-09-18,115.2395,điểm,FRED,D,2026-10-10
2020-09-21,116.378,điểm,FRED,D,2026-10-10
2020-09-22,116.5438,điểm,FRED,D,2026-10-10
2020-09-23,117.2526,điểm,FRED,D,2026-10-10
2020-09-24,117.5473,điểm,FRED,D,2026-10-10
2020-09-25,117.8679,điểm,FRED,D,2026-10-10
2020-09-28,117.6178,điểm,FRED,D,2026-10-10
2020-09-29,117.526,điểm,FRED,D,2026-10-10
2020-09-30,116.946,điểm,FRED,D,2026-10-10
2020-10-01,116.7227,điểm,FRED,D,2026-10-10
2020-10-02,116.7321,điểm,FRED,D,2026-10-10
2020-10-05,116.1767,điểm,FRED,D,2026-10-10
2020-10-06,116.2681,điểm,FRED,D,2026-10-10
2020-10-07,116.3447,điểm,FRED,D,2026-10-10
2020-10-08,116.1657,điểm,FRED,D,2026-10-10
2020-10-09,115.2757,điểm,FRED,D,2026-10-10
2020-10-13,115.9107,điểm,FRED,D,2026-10-10
2020-10-14,115.6872,điểm,FRED,D,2026-10-10
2020-10-15,116.0964,điểm,FRED,D,2026-10-10
2020-10-16,115.7679,điểm,FRED,D,2026-10-10
2020-10-19,115.4031,điểm,FRED,D,2026-10-10
2020-10-20,115.2485,điểm,FRED,D,2026-10-10
2020-10-21,114.9108,điểm,FRED,D,2026-10-10
2020-10-22,115.1158,điểm,FRED,D,2026-10-10
2020-10-23,115.0126,điểm,FRED,D,2026-10-10
2020-10-26,115.2797,điểm,FRED,D,2026-10-10
2020-10-27,115.0131,điểm,FRED,D,2026-10-10
2020-10-28,115.8023,điểm,FRED,D,2026-10-10
2020-10-29,116.3069,điểm,FRED,D,2026-10-10
2020-10-30,116.1354,điểm,FRED,D,2026-10-10
2020-11-02,116.2361,điểm,FRED,D,2026-10-10
2020-11-03,115.4802,điểm,FRED,D,2026-10-10
2020-11-04,115.1677,điểm,FRED,D,2026-10-10
2020-11-05,114.4556,điểm,FRED,D,2026-10-10
2020-11-06,113.9919,điểm,FRED,D,2026-10-10
2020-11-09,114.0895,điểm,FRED,D,2026-10-10
2020-11-10,114.0757,điểm,FRED,D,2026-10-10
2020-11-12,114.2843,điểm,FRED,D,2026-10-10
2020-11-13,114.2397,điểm,FRED,D,2026-10-10
2020-11-16,113.8312,điểm,FRED,D,2026-10-10
2020-11-17,113.682,điểm,FRED,D,2026-10-10
2020-11-18,113.46,điểm,FRED,D,2026-10-10
2020-11-19,113.694,điểm,FRED,D,2026-10-10
2020-11-20,113.489,điểm,FRED,D,2026-10-10
2020-11-23,113.7548,điểm,FRED,D,2026-10-10
2020-11-24,113.4316,điểm,FRED,D,2026-10-10
2020-11-25,113.1823,điểm,FRED,D,2026-10-10
2020-11-30,113.2256,điểm,FRED,D,2026-10-10
2020-12-01,112.8063,điểm,FRED,D,2026-10-10
2020-12-02,112.6115,điểm,FRED,D,2026-10-10
2020-12-03,112.0236,điểm,FRED,D,2026-10-10
2020-12-04,111.7778,điểm,FRED,D,2026-10-10
2020-12-07,111.8385,điểm,FRED,D,2026-10-10
2020-12-08,111.8639,điểm,FRED,D,2026-10-10
2020-12-09,112.0305,điểm,FRED,D,2026-10-10
2020-12-10,111.9788,điểm,FRED,D,2026-10-10
2020-12-11,112.1417,điểm,FRED,D,2026-10-10
2020-12-14,112.1708,điểm,FRED,D,2026-10-10
2020-12-15,111.8601,điểm,FRED,D,2026-10-10
2020-12-16,111.7157,điểm,FRED,D,2026-10-10
2020-12-17,111.2226,điểm,FRED,D,2026-10-10
2020-12-18,111.6071,điểm,FRED,D,2026-10-10
2020-12-21,111.9415,điểm,FRED,D,2026-10-10
2020-12-22,112.1947,điểm,FRED,D,2026-10-10
2020-12-23,111.9807,điểm,FRED,D,2026-10-10
2020-12-28,111.9752,điểm,FRED,D,2026-10-10
2020-12-29,111.5172,điểm,FRED,D,2026-10-10
2020-12-30,111.3084,điểm,FRED,D,2026-10-10
2020-12-31,111.3169,điểm,FRED,D,2026-10-10
2021-01-04,111.2075,điểm,FRED,D,2026-10-10
2021-01-05,110.9574,điểm,FRED,D,2026-10-10
2021-01-06,110.8502,điểm,FRED,D,2026-10-10
2021-01-07,111.3042,điểm,FRED,D,2026-10-10
2021-01-08,111.2847,điểm,FRED,D,2026-10-10
2021-01-11,111.8257,điểm,FRED,D,2026-10-10
2021-01-12,111.5501,điểm,FRED,D,2026-10-10
2021-01-13,111.3622,điểm,FRED,D,2026-10-10
2021-01-14,111.1567,điểm,FRED,D,2026-10-10
2021-01-15,111.5106,điểm,FRED,D,2026-10-10
2021-01-19,111.4527,điểm,FRED,D,2026-10-10
2021-01-21,111.1973,điểm,FRED,D,2026-10-10
2021-01-22,111.5516,điểm,FRED,D,2026-10-10
2021-01-25,111.8676,điểm,FRED,D,2026-10-10
2021-01-26,111.6572,điểm,FRED,D,2026-10-10
2021-01-27,112.0782,điểm,FRED,D,2026-10-10
2021-01-28,112.0059,điểm,FRED,D,2026-10-10
2021-01-29,111.9511,điểm,FRED,D,2026-10-10
2021-02-01,112.4189,điểm,FRED,D,2026-10-10
2021-02-02,112.2862,điểm,FRED,D,2026-10-10
2021-02-03,112.2567,điểm,FRED,D,2026-10-10
2021-02-04,112.7469,điểm,FRED,D,2026-10-10
2021-02-05,112.2379,điểm,FRED,D,2026-10-10
2021-02-08,112.0428,điểm,FRED,D,2026-10-10
2021-02-09,111.7675,điểm,FRED,D,2026-10-10
2021-02-10,111.5834,điểm,FRED,D,2026-10-10
2021-02-11,111.5272,điểm,FRED,D,2026-10-10
2021-02-12,111.4889,điểm,FRED,D,2026-10-10
2021-02-16,111.7879,điểm,FRED,D,2026-10-10
2021-02-17,112.0204,điểm,FRED,D,2026-10-10
2021-02-18,112.1603,điểm,FRED,D,2026-10-10
2021-02-19,111.7058,điểm,FRED,D,2026-10-10
2021-02-22,111.918,điểm,FRED,D,2026-10-10
2021-02-23,111.8981,điểm,FRED,D,2026-10-10
2021-02-24,111.7212,điểm,FRED,D,2026-10-10
2021-02-25,111.9253,điểm,FRED,D,2026-10-10
2021-02-26,112.8306,điểm,FRED,D,2026-10-10
2021-03-01,112.5263,điểm,FRED,D,2026-10-10
2021-03-02,112.5342,điểm,FRED,D,2026-10-10
2021-03-03,112.7617,điểm,FRED,D,2026-10-10
2021-03-04,112.7037,điểm,FRED,D,2026-10-10
2021-03-05,113.7487,điểm,FRED,D,2026-10-10
2021-03-08,114.2678,điểm,FRED,D,2026-10-10
2021-03-09,113.928,điểm,FRED,D,2026-10-10
2021-03-10,113.5881,điểm,FRED,D,2026-10-10
2021-03-11,112.9214,điểm,FRED,D,2026-10-10
2021-03-12,113.0269,điểm,FRED,D,2026-10-10
2021-03-15,113.1928,điểm,FRED,D,2026-10-10
2021-03-16,112.9839,điểm,FRED,D,2026-10-10
2021-03-17,113.1589,điểm,FRED,D,2026-10-10
2021-03-18,112.7744,điểm,FRED,D,2026-10-10
2021-03-19,112.9756,điểm,FRED,D,2026-10-10
2021-03-22,113.0023,điểm,FRED,D,2026-10-10
2021-03-23,113.2916,điểm,FRED,D,2026-10-10
2021-03-24,113.6565,điểm,FRED,D,2026-10-10
2021-03-25,114.0016,điểm,FRED,D,2026-10-10
2021-03-26,113.7406,điểm,FRED,D,2026-10-10
2021-03-29,113.9314,điểm,FRED,D,2026-10-10
2021-03-30,114.203,điểm,FRED,D,2026-10-10
2021-03-31,113.8234,điểm,FRED,D,2026-10-10
2021-04-01,113.7389,điểm,FRED,D,2026-10-10
2021-04-02,113.7315,điểm,FRED,D,2026-10-10
2021-04-05,113.394,điểm,FRED,D,2026-10-10
2021-04-06,113.1464,điểm,FRED,D,2026-10-10
2021-04-07,113.2436,điểm,FRED,D,2026-10-10
2021-04-08,113.0917,điểm,FRED,D,2026-10-10
2021-04-09,113.2028,điểm,FRED,D,2026-10-10
2021-04-12,113.1815,điểm,FRED,D,2026-10-10
2021-04-13,113.0391,điểm,FRED,D,2026-10-10
2021-04-14,112.7849,điểm,FRED,D,2026-10-10
2021-04-15,112.6181,điểm,FRED,D,2026-10-10
2021-04-16,112.4814,điểm,FRED,D,2026-10-10
2021-04-19,112.1835,điểm,FRED,D,2026-10-10
2021-04-20,112.2354,điểm,FRED,D,2026-10-10
2021-04-21,112.1771,điểm,FRED,D,2026-10-10
2021-04-22,112.2297,điểm,FRED,D,2026-10-10
2021-04-23,112.0889,điểm,FRED,D,2026-10-10
2021-04-26,111.8109,điểm,FRED,D,2026-10-10
2021-04-27,111.9097,điểm,FRED,D,2026-10-10
2021-04-28,111.7909,điểm,FRED,D,2026-10-10
2021-04-29,111.7464,điểm,FRED,D,2026-10-10
2021-04-30,112.0839,điểm,FRED,D,2026-10-10
2021-05-03,112.005,điểm,FRED,D,2026-10-10
2021-05-04,112.2896,điểm,FRED,D,2026-10-10
2021-05-05,112.1514,điểm,FRED,D,2026-10-10
2021-05-06,111.8401,điểm,FRED,D,2026-10-10
2021-05-07,111.0249,điểm,FRED,D,2026-10-10
2021-05-10,110.7905,điểm,FRED,D,2026-10-10
2021-05-11,110.8921,điểm,FRED,D,2026-10-10
2021-05-12,111.5636,điểm,FRED,D,2026-10-10
2021-05-13,111.5955,điểm,FRED,D,2026-10-10
2021-05-14,111.1353,điểm,FRED,D,2026-10-10
2021-05-17,111.079,điểm,FRED,D,2026-10-10
2021-05-18,110.8317,điểm,FRED,D,2026-10-10
2021-05-19,110.8807,điểm,FRED,D,2026-10-10
2021-05-20,110.8605,điểm,FRED,D,2026-10-10
2021-05-21,111.0576,điểm,FRED,D,2026-10-10
2021-05-24,110.9118,điểm,FRED,D,2026-10-10
2021-05-25,110.842,điểm,FRED,D,2026-10-10
2021-05-26,110.8677,điểm,FRED,D,2026-10-10
2021-05-27,110.8688,điểm,FRED,D,2026-10-10
2021-05-28,110.7576,điểm,FRED,D,2026-10-10
2021-06-01,110.5046,điểm,FRED,D,2026-10-10
2021-06-02,110.5799,điểm,FRED,D,2026-10-10
2021-06-03,111.1782,điểm,FRED,D,2026-10-10
2021-06-04,110.7521,điểm,FRED,D,2026-10-10
2021-06-07,110.5155,điểm,FRED,D,2026-10-10
2021-06-08,110.649,điểm,FRED,D,2026-10-10
2021-06-09,110.5707,điểm,FRED,D,2026-10-10
2021-06-10,110.5456,điểm,FRED,D,2026-10-10
2021-06-11,111.0933,điểm,FRED,D,2026-10-10
2021-06-14,110.9659,điểm,FRED,D,2026-10-10
2021-06-15,111.3507,điểm,FRED,D,2026-10-10
2021-06-16,111.1165,điểm,FRED,D,2026-10-10
2021-06-17,112.5772,điểm,FRED,D,2026-10-10
2021-06-18,113.0408,điểm,FRED,D,2026-10-10
2021-06-21,112.8391,điểm,FRED,D,2026-10-10
2021-06-22,112.9174,điểm,FRED,D,2026-10-10
2021-06-23,112.3819,điểm,FRED,D,2026-10-10
2021-06-24,112.326,điểm,FRED,D,2026-10-10
2021-06-25,111.9655,điểm,FRED,D,2026-10-10
2021-06-28,112.0248,điểm,FRED,D,2026-10-10
2021-06-29,112.2613,điểm,FRED,D,2026-10-10
2021-06-30,112.5533,điểm,FRED,D,2026-10-10
2021-07-01,112.74,điểm,FRED,D,2026-10-10
2021-07-02,112.5425,điểm,FRED,D,2026-10-10
2021-07-06,112.9516,điểm,FRED,D,2026-10-10
2021-07-07,113.1048,điểm,FRED,D,2026-10-10
2021-07-08,113.0776,điểm,FRED,D,2026-10-10
2021-07-09,112.8375,điểm,FRED,D,2026-10-10
2021-07-12,112.7611,điểm,FRED,D,2026-10-10
2021-07-13,113.0063,điểm,FRED,D,2026-10-10
2021-07-14,112.8801,điểm,FRED,D,2026-10-10
2021-07-15,113.0041,điểm,FRED,D,2026-10-10
2021-07-16,113.0428,điểm,FRED,D,2026-10-10
2021-07-19,113.5472,điểm,FRED,D,2026-10-10
2021-07-20,113.7502,điểm,FRED,D,2026-10-10
2021-07-21,113.3926,điểm,FRED,D,2026-10-10
2021-07-22,113.4695,điểm,FRED,D,2026-10-10
2021-07-23,113.4398,điểm,FRED,D,2026-10-10
2021-07-26,113.2238,điểm,FRED,D,2026-10-10
2021-07-27,113.2227,điểm,FRED,D,2026-10-10
2021-07-28,113.1807,điểm,FRED,D,2026-10-10
2021-07-29,112.4834,điểm,FRED,D,2026-10-10
2021-07-30,112.6714,điểm,FRED,D,2026-10-10
2021-08-02,112.6691,điểm,FRED,D,2026-10-10
2021-08-03,112.8228,điểm,FRED,D,2026-10-10
2021-08-04,112.8953,điểm,FRED,D,2026-10-10
2021-08-05,112.7674,điểm,FRED,D,2026-10-10
2021-08-06,113.3088,điểm,FRED,D,2026-10-10
2021-08-09,113.4521,điểm,FRED,D,2026-10-10
2021-08-10,113.4973,điểm,FRED,D,2026-10-10
2021-08-11,113.282,điểm,FRED,D,2026-10-10
2021-08-12,113.2691,điểm,FRED,D,2026-10-10
2021-08-13,113.0615,điểm,FRED,D,2026-10-10
2021-08-16,113.1698,điểm,FRED,D,2026-10-10
2021-08-17,113.6174,điểm,FRED,D,2026-10-10
2021-08-18,113.6959,điểm,FRED,D,2026-10-10
2021-08-19,114.1106,điểm,FRED,D,2026-10-10
2021-08-20,114.5009,điểm,FRED,D,2026-10-10
2021-08-23,113.9418,điểm,FRED,D,2026-10-10
2021-08-24,113.6795,điểm,FRED,D,2026-10-10
2021-08-25,113.6322,điểm,FRED,D,2026-10-10
2021-08-26,113.7883,điểm,FRED,D,2026-10-10
2021-08-27,113.3404,điểm,FRED,D,2026-10-10
2021-08-30,113.246,điểm,FRED,D,2026-10-10
2021-08-31,113.1076,điểm,FRED,D,2026-10-10
2021-09-01,112.8732,điểm,FRED,D,2026-10-10
2021-09-02,112.7863,điểm,FRED,D,2026-10-10
2021-09-03,112.5476,điểm,FRED,D,2026-10-10
2021-09-07,112.9795,điểm,FRED,D,2026-10-10
2021-09-08,113.2319,điểm,FRED,D,2026-10-10
2021-09-09,113.043,điểm,FRED,D,2026-10-10
2021-09-10,112.9425,điểm,FRED,D,2026-10-10
2021-09-13,113.0341,điểm,FRED,D,2026-10-10
2021-09-14,113.0061,điểm,FRED,D,2026-10-10
2021-09-15,112.9773,điểm,FRED,D,2026-10-10
2021-09-16,113.3036,điểm,FRED,D,2026-10-10
2021-09-17,113.5989,điểm,FRED,D,2026-10-10
2021-09-20,113.9422,điểm,FRED,D,2026-10-10
2021-09-21,113.8179,điểm,FRED,D,2026-10-10
2021-09-22,113.6223,điểm,FRED,D,2026-10-10
2021-09-23,113.513,điểm,FRED,D,2026-10-10
2021-09-24,113.7597,điểm,FRED,D,2026-10-10
2021-09-27,113.7432,điểm,FRED,D,2026-10-10
2021-09-28,114.2469,điểm,FRED,D,2026-10-10
2021-09-29,114.7092,điểm,FRED,D,2026-10-10
2021-09-30,114.6403,điểm,FRED,D,2026-10-10
2021-10-01,114.3798,điểm,FRED,D,2026-10-10
2021-10-04,114.2739,điểm,FRED,D,2026-10-10
2021-10-05,114.3654,điểm,FRED,D,2026-10-10
2021-10-06,114.7185,điểm,FRED,D,2026-10-10
2021-10-07,114.5044,điểm,FRED,D,2026-10-10
2021-10-08,114.5986,điểm,FRED,D,2026-10-10
2021-10-12,114.7542,điểm,FRED,D,2026-10-10
2021-10-13,114.4705,điểm,FRED,D,2026-10-10
2021-10-14,114.2053,điểm,FRED,D,2026-10-10
2021-10-15,114.0905,điểm,FRED,D,2026-10-10
2021-10-18,113.9899,điểm,FRED,D,2026-10-10
2021-10-19,113.647,điểm,FRED,D,2026-10-10
2021-10-20,113.5083,điểm,FRED,D,2026-10-10
2021-10-21,113.6188,điểm,FRED,D,2026-10-10
2021-10-22,113.67,điểm,FRED,D,2026-10-10
2021-10-25,113.605,điểm,FRED,D,2026-10-10
2021-10-26,113.674,điểm,FRED,D,2026-10-10
2021-10-27,113.6218,điểm,FRED,D,2026-10-10
2021-10-28,113.4389,điểm,FRED,D,2026-10-10
2021-10-29,114.1349,điểm,FRED,D,2026-10-10
2021-11-01,114.2067,điểm,FRED,D,2026-10-10
2021-11-02,114.2847,điểm,FRED,D,2026-10-10
2021-11-03,114.3593,điểm,FRED,D,2026-10-10
2021-11-04,114.3558,điểm,FRED,D,2026-10-10
2021-11-05,114.0732,điểm,FRED,D,2026-10-10
2021-11-08,113.8256,điểm,FRED,D,2026-10-10
2021-11-09,113.762,điểm,FRED,D,2026-10-10
2021-11-10,114.1484,điểm,FRED,D,2026-10-10
2021-11-12,114.5144,điểm,FRED,D,2026-10-10
2021-11-15,114.5876,điểm,FRED,D,2026-10-10
2021-11-16,115.136,điểm,FRED,D,2026-10-10
2021-11-17,115.0263,điểm,FRED,D,2026-10-10
2021-11-18,115.0678,điểm,FRED,D,2026-10-10
2021-11-19,115.2187,điểm,FRED,D,2026-10-10
2021-11-22,115.6481,điểm,FRED,D,2026-10-10
2021-11-23,116.0118,điểm,FRED,D,2026-10-10
2021-11-24,116.2711,điểm,FRED,D,2026-10-10
2021-11-26,116.5103,điểm,FRED,D,2026-10-10
2021-11-29,116.581,điểm,FRED,D,2026-10-10
2021-11-30,116.2071,điểm,FRED,D,2026-10-10
2021-12-01,115.889,điểm,FRED,D,2026-10-10
2021-12-02,116.018,điểm,FRED,D,2026-10-10
2021-12-03,116.2377,điểm,FRED,D,2026-10-10
2021-12-06,116.1538,điểm,FRED,D,2026-10-10
2021-12-07,115.8555,điểm,FRED,D,2026-10-10
2021-12-08,115.4418,điểm,FRED,D,2026-10-10
2021-12-09,115.7784,điểm,FRED,D,2026-10-10
2021-12-10,115.5732,điểm,FRED,D,2026-10-10
2021-12-13,115.842,điểm,FRED,D,2026-10-10
2021-12-14,116.2397,điểm,FRED,D,2026-10-10
2021-12-15,116.4219,điểm,FRED,D,2026-10-10
2021-12-16,115.7146,điểm,FRED,D,2026-10-10
2021-12-17,115.791,điểm,FRED,D,2026-10-10
2021-12-20,116.0092,điểm,FRED,D,2026-10-10
2021-12-21,116.1089,điểm,FRED,D,2026-10-10
2021-12-22,115.7485,điểm,FRED,D,2026-10-10
2021-12-23,115.5337,điểm,FRED,D,2026-10-10
2021-12-27,115.4684,điểm,FRED,D,2026-10-10
2021-12-28,115.4192,điểm,FRED,D,2026-10-10
2021-12-29,115.3678,điểm,FRED,D,2026-10-10
2021-12-30,115.283,điểm,FRED,D,2026-10-10
2022-01-03,115.4101,điểm,FRED,D,2026-10-10
2022-01-04,115.3103,điểm,FRED,D,2026-10-10
2022-01-05,115.137,điểm,FRED,D,2026-10-10
2022-01-06,115.4046,điểm,FRED,D,2026-10-10
2022-01-07,115.0451,điểm,FRED,D,2026-10-10
2022-01-10,115.2216,điểm,FRED,D,2026-10-10
2022-01-11,114.8332,điểm,FRED,D,2026-10-10
2022-01-12,114.355,điểm,FRED,D,2026-10-10
2022-01-13,114.177,điểm,FRED,D,2026-10-10
2022-01-14,114.3825,điểm,FRED,D,2026-10-10
2022-01-18,114.7373,điểm,FRED,D,2026-10-10
2022-01-19,114.6109,điểm,FRED,D,2026-10-10
2022-01-20,114.4642,điểm,FRED,D,2026-10-10
2022-01-21,114.6125,điểm,FRED,D,2026-10-10
2022-01-24,115.2034,điểm,FRED,D,2026-10-10
2022-01-25,115.1654,điểm,FRED,D,2026-10-10
2022-01-26,115.0922,điểm,FRED,D,2026-10-10
2022-01-27,115.978,điểm,FRED,D,2026-10-10
2022-01-28,116.0393,điểm,FRED,D,2026-10-10
2022-01-31,115.566,điểm,FRED,D,2026-10-10
2022-02-01,115.3685,điểm,FRED,D,2026-10-10
2022-02-02,115.1538,điểm,FRED,D,2026-10-10
2022-02-03,114.9065,điểm,FRED,D,2026-10-10
2022-02-04,115.1362,điểm,FRED,D,2026-10-10
2022-02-07,115.0098,điểm,FRED,D,2026-10-10
2022-02-08,115.0892,điểm,FRED,D,2026-10-10
2022-02-09,114.8232,điểm,FRED,D,2026-10-10
2022-02-10,114.5527,điểm,FRED,D,2026-10-10
2022-02-11,114.8413,điểm,FRED,D,2026-10-10
2022-02-14,115.1946,điểm,FRED,D,2026-10-10
2022-02-15,114.93,điểm,FRED,D,2026-10-10
2022-02-16,114.6886,điểm,FRED,D,2026-10-10
2022-02-17,114.6755,điểm,FRED,D,2026-10-10
2022-02-18,114.7982,điểm,FRED,D,2026-10-10
2022-02-22,114.7002,điểm,FRED,D,2026-10-10
2022-02-23,114.6668,điểm,FRED,D,2026-10-10
2022-02-24,115.9419,điểm,FRED,D,2026-10-10
2022-02-25,115.2577,điểm,FRED,D,2026-10-10
2022-02-28,115.2224,điểm,FRED,D,2026-10-10
2022-03-01,115.7962,điểm,FRED,D,2026-10-10
2022-03-02,115.7623,điểm,FRED,D,2026-10-10
2022-03-03,115.9495,điểm,FRED,D,2026-10-10
2022-03-04,116.6503,điểm,FRED,D,2026-10-10
2022-03-07,117.3278,điểm,FRED,D,2026-10-10
2022-03-08,117.6176,điểm,FRED,D,2026-10-10
2022-03-09,116.5961,điểm,FRED,D,2026-10-10
2022-03-10,116.7401,điểm,FRED,D,2026-10-10
2022-03-11,117.0192,điểm,FRED,D,2026-10-10
2022-03-14,117.1506,điểm,FRED,D,2026-10-10
2022-03-15,117.246,điểm,FRED,D,2026-10-10
2022-03-16,116.8073,điểm,FRED,D,2026-10-10
2022-03-17,116.0467,điểm,FRED,D,2026-10-10
2022-03-18,116.1378,điểm,FRED,D,2026-10-10
2022-03-21,115.9398,điểm,FRED,D,2026-10-10
2022-03-22,116.0824,điểm,FRED,D,2026-10-10
2022-03-23,116.005,điểm,FRED,D,2026-10-10
2022-03-24,115.9599,điểm,FRED,D,2026-10-10
2022-03-25,115.7921,điểm,FRED,D,2026-10-10
2022-03-28,116.1911,điểm,FRED,D,2026-10-10
2022-03-29,115.5679,điểm,FRED,D,2026-10-10
2022-03-30,115.0818,điểm,FRED,D,2026-10-10
2022-03-31,115.2218,điểm,FRED,D,2026-10-10
2022-04-01,115.4814,điểm,FRED,D,2026-10-10
2022-04-04,115.4112,điểm,FRED,D,2026-10-10
2022-04-05,115.73,điểm,FRED,D,2026-10-10
2022-04-06,115.9995,điểm,FRED,D,2026-10-10
2022-04-07,116.3512,điểm,FRED,D,2026-10-10
2022-04-08,116.4176,điểm,FRED,D,2026-10-10
2022-04-11,116.5401,điểm,FRED,D,2026-10-10
2022-04-12,116.3866,điểm,FRED,D,2026-10-10
2022-04-13,116.2796,điểm,FRED,D,2026-10-10
2022-04-14,116.7558,điểm,FRED,D,2026-10-10
2022-04-15,116.7017,điểm,FRED,D,2026-10-10
2022-04-18,116.8441,điểm,FRED,D,2026-10-10
2022-04-19,117.1324,điểm,FRED,D,2026-10-10
2022-04-20,116.7306,điểm,FRED,D,2026-10-10
2022-04-21,117.1432,điểm,FRED,D,2026-10-10
2022-04-22,118.0186,điểm,FRED,D,2026-10-10
2022-04-25,118.6271,điểm,FRED,D,2026-10-10
2022-04-26,118.9624,điểm,FRED,D,2026-10-10
2022-04-27,119.4708,điểm,FRED,D,2026-10-10
2022-04-28,120.0675,điểm,FRED,D,2026-10-10
2022-04-29,119.4933,điểm,FRED,D,2026-10-10
2022-05-02,119.8825,điểm,FRED,D,2026-10-10
2022-05-03,119.7043,điểm,FRED,D,2026-10-10
2022-05-04,119.5592,điểm,FRED,D,2026-10-10
2022-05-05,120.0068,điểm,FRED,D,2026-10-10
2022-05-06,119.8577,điểm,FRED,D,2026-10-10
2022-05-09,120.4972,điểm,FRED,D,2026-10-10
2022-05-10,120.7742,điểm,FRED,D,2026-10-10
2022-05-11,120.3925,điểm,FRED,D,2026-10-10
2022-05-12,121.2796,điểm,FRED,D,2026-10-10
2022-05-13,120.8442,điểm,FRED,D,2026-10-10
2022-05-16,120.6881,điểm,FRED,D,2026-10-10
2022-05-17,119.8871,điểm,FRED,D,2026-10-10
2022-05-18,120.0274,điểm,FRED,D,2026-10-10
2022-05-19,119.4278,điểm,FRED,D,2026-10-10
2022-05-20,119.3677,điểm,FRED,D,2026-10-10
2022-05-23,118.7169,điểm,FRED,D,2026-10-10
2022-05-24,118.6245,điểm,FRED,D,2026-10-10
2022-05-25,118.9598,điểm,FRED,D,2026-10-10
2022-05-26,118.7687,điểm,FRED,D,2026-10-10
2022-05-27,118.2834,điểm,FRED,D,2026-10-10
2022-05-31,118.0704,điểm,FRED,D,2026-10-10
2022-06-01,118.6954,điểm,FRED,D,2026-10-10
2022-06-02,118.0658,điểm,FRED,D,2026-10-10
2022-06-03,118.2153,điểm,FRED,D,2026-10-10
2022-06-06,118.3081,điểm,FRED,D,2026-10-10
2022-06-07,118.4414,điểm,FRED,D,2026-10-10
2022-06-08,118.3951,điểm,FRED,D,2026-10-10
2022-06-09,118.9226,điểm,FRED,D,2026-10-10
2022-06-10,119.9981,điểm,FRED,D,2026-10-10
2022-06-13,121.1523,điểm,FRED,D,2026-10-10
2022-06-14,121.6669,điểm,FRED,D,2026-10-10
2022-06-15,121.6403,điểm,FRED,D,2026-10-10
2022-06-16,120.6714,điểm,FRED,D,2026-10-10
2022-06-17,121.2369,điểm,FRED,D,2026-10-10
2022-06-21,120.6427,điểm,FRED,D,2026-10-10
2022-06-22,120.5197,điểm,FRED,D,2026-10-10
2022-06-23,120.7622,điểm,FRED,D,2026-10-10
2022-06-24,120.4853,điểm,FRED,D,2026-10-10
2022-06-27,120.1736,điểm,FRED,D,2026-10-10
2022-06-28,120.62,điểm,FRED,D,2026-10-10
2022-06-29,120.9616,điểm,FRED,D,2026-10-10
2022-06-30,120.9652,điểm,FRED,D,2026-10-10
2022-07-01,121.5058,điểm,FRED,D,2026-10-10
2022-07-05,122.6203,điểm,FRED,D,2026-10-10
2022-07-06,123.0073,điểm,FRED,D,2026-10-10
2022-07-07,122.7257,điểm,FRED,D,2026-10-10
2022-07-08,122.4662,điểm,FRED,D,2026-10-10
2022-07-11,123.2974,điểm,FRED,D,2026-10-10
2022-07-12,123.4524,điểm,FRED,D,2026-10-10
2022-07-13,123.2834,điểm,FRED,D,2026-10-10
2022-07-14,124.0622,điểm,FRED,D,2026-10-10
2022-07-15,123.4765,điểm,FRED,D,2026-10-10
2022-07-18,122.7727,điểm,FRED,D,2026-10-10
2022-07-19,122.4819,điểm,FRED,D,2026-10-10
2022-07-20,122.5997,điểm,FRED,D,2026-10-10
2022-07-21,122.9032,điểm,FRED,D,2026-10-10
2022-07-22,122.451,điểm,FRED,D,2026-10-10
2022-07-25,122.4594,điểm,FRED,D,2026-10-10
2022-07-26,122.7581,điểm,FRED,D,2026-10-10
2022-07-27,122.8169,điểm,FRED,D,2026-10-10
2022-07-28,122.1161,điểm,FRED,D,2026-10-10
2022-07-29,121.7678,điểm,FRED,D,2026-10-10
2022-08-01,121.4109,điểm,FRED,D,2026-10-10
2022-08-02,121.9486,điểm,FRED,D,2026-10-10
2022-08-03,122.3888,điểm,FRED,D,2026-10-10
2022-08-04,121.8333,điểm,FRED,D,2026-10-10
2022-08-05,122.321,điểm,FRED,D,2026-10-10
2022-08-08,121.8783,điểm,FRED,D,2026-10-10
2022-08-09,121.8614,điểm,FRED,D,2026-10-10
2022-08-10,120.7543,điểm,FRED,D,2026-10-10
2022-08-11,120.7163,điểm,FRED,D,2026-10-10
2022-08-12,121.018,điểm,FRED,D,2026-10-10
2022-08-15,121.4315,điểm,FRED,D,2026-10-10
2022-08-16,121.6807,điểm,FRED,D,2026-10-10
2022-08-17,122.0711,điểm,FRED,D,2026-10-10
2022-08-18,122.3627,điểm,FRED,D,2026-10-10
2022-08-19,123.0501,điểm,FRED,D,2026-10-10
2022-08-22,123.605,điểm,FRED,D,2026-10-10
2022-08-23,123.0547,điểm,FRED,D,2026-10-10
2022-08-24,123.109,điểm,FRED,D,2026-10-10
2022-08-25,123.0586,điểm,FRED,D,2026-10-10
2022-08-26,123.0656,điểm,FRED,D,2026-10-10
2022-08-29,123.4686,điểm,FRED,D,2026-10-10
2022-08-30,123.6848,điểm,FRED,D,2026-10-10
2022-08-31,123.535,điểm,FRED,D,2026-10-10
2022-09-01,124.4006,điểm,FRED,D,2026-10-10
2022-09-02,123.7743,điểm,FRED,D,2026-10-10
2022-09-06,124.767,điểm,FRED,D,2026-10-10
2022-09-07,124.8408,điểm,FRED,D,2026-10-10
2022-09-08,124.578,điểm,FRED,D,2026-10-10
2022-09-09,123.7874,điểm,FRED,D,2026-10-10
2022-09-12,123.3332,điểm,FRED,D,2026-10-10
2022-09-13,124.4242,điểm,FRED,D,2026-10-10
2022-09-14,124.4509,điểm,FRED,D,2026-10-10
2022-09-15,124.8843,điểm,FRED,D,2026-10-10
2022-09-16,124.8794,điểm,FRED,D,2026-10-10
2022-09-19,125.0104,điểm,FRED,D,2026-10-10
2022-09-20,125.1248,điểm,FRED,D,2026-10-10
2022-09-21,125.7399,điểm,FRED,D,2026-10-10
2022-09-22,126.1667,điểm,FRED,D,2026-10-10
2022-09-23,127.2853,điểm,FRED,D,2026-10-10
2022-09-26,128.4539,điểm,FRED,D,2026-10-10
2022-09-27,128.4386,điểm,FRED,D,2026-10-10
2022-09-28,128.0884,điểm,FRED,D,2026-10-10
2022-09-29,127.5437,điểm,FRED,D,2026-10-10
2022-09-30,127.5148,điểm,FRED,D,2026-10-10
2022-10-03,127.0813,điểm,FRED,D,2026-10-10
2022-10-04,126.1819,điểm,FRED,D,2026-10-10
2022-10-05,126.8616,điểm,FRED,D,2026-10-10
2022-10-06,127.2493,điểm,FRED,D,2026-10-10
2022-10-07,127.3111,điểm,FRED,D,2026-10-10
2022-10-11,127.6641,điểm,FRED,D,2026-10-10
2022-10-12,128.1481,điểm,FRED,D,2026-10-10
2022-10-13,127.7286,điểm,FRED,D,2026-10-10
2022-10-14,128.3325,điểm,FRED,D,2026-10-10
2022-10-17,127.6448,điểm,FRED,D,2026-10-10
2022-10-18,127.9153,điểm,FRED,D,2026-10-10
2022-10-19,128.3968,điểm,FRED,D,2026-10-10
2022-10-20,128.0052,điểm,FRED,D,2026-10-10
2022-10-21,127.6735,điểm,FRED,D,2026-10-10
2022-10-24,128.0304,điểm,FRED,D,2026-10-10
2022-10-25,127.3771,điểm,FRED,D,2026-10-10
2022-10-26,126.4723,điểm,FRED,D,2026-10-10
2022-10-27,126.7028,điểm,FRED,D,2026-10-10
2022-10-28,127.2135,điểm,FRED,D,2026-10-10
2022-10-31,127.6219,điểm,FRED,D,2026-10-10
2022-11-01,127.3987,điểm,FRED,D,2026-10-10
2022-11-02,127.3115,điểm,FRED,D,2026-10-10
2022-11-03,128.1743,điểm,FRED,D,2026-10-10
2022-11-04,127.1468,điểm,FRED,D,2026-10-10
2022-11-07,126.3062,điểm,FRED,D,2026-10-10
2022-11-08,125.633,điểm,FRED,D,2026-10-10
2022-11-09,125.9861,điểm,FRED,D,2026-10-10
2022-11-10,124.7044,điểm,FRED,D,2026-10-10
2022-11-14,123.4277,điểm,FRED,D,2026-10-10
2022-11-15,123.039,điểm,FRED,D,2026-10-10
2022-11-16,123.2817,điểm,FRED,D,2026-10-10
2022-11-17,123.977,điểm,FRED,D,2026-10-10
2022-11-18,123.8524,điểm,FRED,D,2026-10-10
2022-11-21,124.7009,điểm,FRED,D,2026-10-10
2022-11-22,124.2365,điểm,FRED,D,2026-10-10
2022-11-23,123.7574,điểm,FRED,D,2026-10-10
2022-11-25,123.3386,điểm,FRED,D,2026-10-10
2022-11-28,123.6032,điểm,FRED,D,2026-10-10
2022-11-29,123.6615,điểm,FRED,D,2026-10-10
2022-11-30,123.5175,điểm,FRED,D,2026-10-10
2022-12-01,122.0045,điểm,FRED,D,2026-10-10
2022-12-02,122.0102,điểm,FRED,D,2026-10-10
2022-12-05,122.6384,điểm,FRED,D,2026-10-10
2022-12-06,123.0191,điểm,FRED,D,2026-10-10
2022-12-07,122.7608,điểm,FRED,D,2026-10-10
2022-12-08,122.4152,điểm,FRED,D,2026-10-10
2022-12-09,122.4201,điểm,FRED,D,2026-10-10
2022-12-12,122.7714,điểm,FRED,D,2026-10-10
2022-12-13,121.8493,điểm,FRED,D,2026-10-10
2022-12-14,121.8226,điểm,FRED,D,2026-10-10
2022-12-15,122.5519,điểm,FRED,D,2026-10-10
2022-12-16,122.6505,điểm,FRED,D,2026-10-10
2022-12-19,122.5275,điểm,FRED,D,2026-10-10
2022-12-20,122.1357,điểm,FRED,D,2026-10-10
2022-12-21,122.2828,điểm,FRED,D,2026-10-10
2022-12-22,122.2419,điểm,FRED,D,2026-10-10
2022-12-23,121.9743,điểm,FRED,D,2026-10-10
2022-12-27,121.7539,điểm,FRED,D,2026-10-10
2022-12-28,122.0075,điểm,FRED,D,2026-10-10
2022-12-29,121.6577,điểm,FRED,D,2026-10-10
2022-12-30,121.4256,điểm,FRED,D,2026-10-10
2023-01-03,122.0905,điểm,FRED,D,2026-10-10
2023-01-04,121.5008,điểm,FRED,D,2026-10-10
2023-01-05,122.1017,điểm,FRED,D,2026-10-10
2023-01-06,121.0852,điểm,FRED,D,2026-10-10
2023-01-09,120.1508,điểm,FRED,D,2026-10-10
2023-01-10,120.2483,điểm,FRED,D,2026-10-10
2023-01-11,120.1614,điểm,FRED,D,2026-10-10
2023-01-12,119.4218,điểm,FRED,D,2026-10-10
2023-01-13,119.1673,điểm,FRED,D,2026-10-10
2023-01-17,119.2121,điểm,FRED,D,2026-10-10
2023-01-18,119.0755,điểm,FRED,D,2026-10-10
2023-01-19,119.6107,điểm,FRED,D,2026-10-10
2023-01-20,119.3486,điểm,FRED,D,2026-10-10
2023-01-23,119.1434,điểm,FRED,D,2026-10-10
2023-01-24,119.0958,điểm,FRED,D,2026-10-10
2023-01-25,118.9686,điểm,FRED,D,2026-10-10
2023-01-26,119.021,điểm,FRED,D,2026-10-10
2023-01-27,118.9223,điểm,FRED,D,2026-10-10
2023-01-30,118.8953,điểm,FRED,D,2026-10-10
2023-01-31,118.9802,điểm,FRED,D,2026-10-10
2023-02-01,118.6259,điểm,FRED,D,2026-10-10
2023-02-02,118.3421,điểm,FRED,D,2026-10-10
2023-02-03,119.5095,điểm,FRED,D,2026-10-10
2023-02-06,120.541,điểm,FRED,D,2026-10-10
2023-02-07,120.3475,điểm,FRED,D,2026-10-10
2023-02-08,120.1436,điểm,FRED,D,2026-10-10
2023-02-09,119.9781,điểm,FRED,D,2026-10-10
2023-02-10,120.1419,điểm,FRED,D,2026-10-10
2023-02-13,119.9828,điểm,FRED,D,2026-10-10
2023-02-14,119.9229,điểm,FRED,D,2026-10-10
2023-02-15,120.4557,điểm,FRED,D,2026-10-10
2023-02-16,120.4651,điểm,FRED,D,2026-10-10
2023-02-17,120.5526,điểm,FRED,D,2026-10-10
2023-02-21,120.6256,điểm,FRED,D,2026-10-10
2023-02-22,120.8389,điểm,FRED,D,2026-10-10
2023-02-23,121.0896,điểm,FRED,D,2026-10-10
2023-02-24,121.5681,điểm,FRED,D,2026-10-10
2023-02-27,121.3941,điểm,FRED,D,2026-10-10
2023-02-28,121.3341,điểm,FRED,D,2026-10-10
2023-03-01,120.6347,điểm,FRED,D,2026-10-10
2023-03-02,121.1302,điểm,FRED,D,2026-10-10
2023-03-03,120.7742,điểm,FRED,D,2026-10-10
2023-03-06,120.485,điểm,FRED,D,2026-10-10
2023-03-07,121.4623,điểm,FRED,D,2026-10-10
2023-03-08,121.4511,điểm,FRED,D,2026-10-10
2023-03-09,121.4458,điểm,FRED,D,2026-10-10
2023-03-10,121.2421,điểm,FRED,D,2026-10-10
2023-03-13,120.8897,điểm,FRED,D,2026-10-10
2023-03-14,121.0141,điểm,FRED,D,2026-10-10
2023-03-15,122.1079,điểm,FRED,D,2026-10-10
2023-03-16,121.7221,điểm,FRED,D,2026-10-10
2023-03-17,121.5643,điểm,FRED,D,2026-10-10
2023-03-20,121.0141,điểm,FRED,D,2026-10-10
2023-03-21,120.8958,điểm,FRED,D,2026-10-10
2023-03-22,120.6217,điểm,FRED,D,2026-10-10
2023-03-23,119.7587,điểm,FRED,D,2026-10-10
2023-03-24,120.4598,điểm,FRED,D,2026-10-10
2023-03-27,120.2541,điểm,FRED,D,2026-10-10
2023-03-28,119.7138,điểm,FRED,D,2026-10-10
2023-03-29,119.7258,điểm,FRED,D,2026-10-10
2023-03-30,119.4078,điểm,FRED,D,2026-10-10
2023-03-31,119.3602,điểm,FRED,D,2026-10-10
2023-04-03,119.3204,điểm,FRED,D,2026-10-10
2023-04-04,119.142,điểm,FRED,D,2026-10-10
2023-04-05,119.2953,điểm,FRED,D,2026-10-10
2023-04-06,119.3072,điểm,FRED,D,2026-10-10
2023-04-07,119.3547,điểm,FRED,D,2026-10-10
2023-04-10,119.7948,điểm,FRED,D,2026-10-10
2023-04-11,119.5248,điểm,FRED,D,2026-10-10
2023-04-12,119.003,điểm,FRED,D,2026-10-10
2023-04-13,118.3915,điểm,FRED,D,2026-10-10
2023-04-14,118.8567,điểm,FRED,D,2026-10-10
2023-04-17,119.2787,điểm,FRED,D,2026-10-10
2023-04-18,119.1049,điểm,FRED,D,2026-10-10
2023-04-19,119.303,điểm,FRED,D,2026-10-10
2023-04-20,119.1199,điểm,FRED,D,2026-10-10
2023-04-21,119.3117,điểm,FRED,D,2026-10-10
2023-04-24,119.2039,điểm,FRED,D,2026-10-10
2023-04-25,119.613,điểm,FRED,D,2026-10-10
2023-04-26,119.3228,điểm,FRED,D,2026-10-10
2023-04-27,119.4298,điểm,FRED,D,2026-10-10
2023-04-28,119.2248,điểm,FRED,D,2026-10-10
2023-05-01,119.4435,điểm,FRED,D,2026-10-10
2023-05-02,119.6105,điểm,FRED,D,2026-10-10
2023-05-03,119.1233,điểm,FRED,D,2026-10-10
2023-05-04,119.0465,điểm,FRED,D,2026-10-10
2023-05-05,118.5548,điểm,FRED,D,2026-10-10
2023-05-08,118.5759,điểm,FRED,D,2026-10-10
2023-05-09,118.8239,điểm,FRED,D,2026-10-10
2023-05-10,118.5864,điểm,FRED,D,2026-10-10
2023-05-11,119.0303,điểm,FRED,D,2026-10-10
2023-05-12,119.3671,điểm,FRED,D,2026-10-10
2023-05-15,119.1608,điểm,FRED,D,2026-10-10
2023-05-16,119.1743,điểm,FRED,D,2026-10-10
2023-05-17,119.607,điểm,FRED,D,2026-10-10
2023-05-18,120.0886,điểm,FRED,D,2026-10-10
2023-05-19,119.7751,điểm,FRED,D,2026-10-10
2023-05-22,120.0875,điểm,FRED,D,2026-10-10
2023-05-23,120.3204,điểm,FRED,D,2026-10-10
2023-05-24,120.4752,điểm,FRED,D,2026-10-10
2023-05-25,120.8413,điểm,FRED,D,2026-10-10
2023-05-26,120.6304,điểm,FRED,D,2026-10-10
2023-05-30,120.5546,điểm,FRED,D,2026-10-10
2023-05-31,120.9662,điểm,FRED,D,2026-10-10
2023-06-01,120.0491,điểm,FRED,D,2026-10-10
2023-06-02,120.0049,điểm,FRED,D,2026-10-10
2023-06-05,120.0048,điểm,FRED,D,2026-10-10
2023-06-06,119.9718,điểm,FRED,D,2026-10-10
2023-06-07,119.859,điểm,FRED,D,2026-10-10
2023-06-08,119.5712,điểm,FRED,D,2026-10-10
2023-06-09,119.4322,điểm,FRED,D,2026-10-10
2023-06-12,119.6376,điểm,FRED,D,2026-10-10
2023-06-13,119.1899,điểm,FRED,D,2026-10-10
2023-06-14,118.776,điểm,FRED,D,2026-10-10
2023-06-15,118.5521,điểm,FRED,D,2026-10-10
2023-06-16,118.4184,điểm,FRED,D,2026-10-10
2023-06-20,118.938,điểm,FRED,D,2026-10-10
2023-06-21,118.727,điểm,FRED,D,2026-10-10
2023-06-22,118.7552,điểm,FRED,D,2026-10-10
2023-06-23,119.152,điểm,FRED,D,2026-10-10
2023-06-26,119.0761,điểm,FRED,D,2026-10-10
2023-06-27,118.8949,điểm,FRED,D,2026-10-10
2023-06-28,119.3382,điểm,FRED,D,2026-10-10
2023-06-29,119.527,điểm,FRED,D,2026-10-10
2023-06-30,119.3606,điểm,FRED,D,2026-10-10
2023-07-03,119.2119,điểm,FRED,D,2026-10-10
2023-07-05,119.3483,điểm,FRED,D,2026-10-10
2023-07-06,119.8193,điểm,FRED,D,2026-10-10
2023-07-07,119.0761,điểm,FRED,D,2026-10-10
2023-07-10,118.9548,điểm,FRED,D,2026-10-10
2023-07-11,118.7344,điểm,FRED,D,2026-10-10
2023-07-12,117.6385,điểm,FRED,D,2026-10-10
2023-07-13,117.1831,điểm,FRED,D,2026-10-10
2023-07-14,117.0463,điểm,FRED,D,2026-10-10
2023-07-17,117.1267,điểm,FRED,D,2026-10-10
2023-07-18,117.0264,điểm,FRED,D,2026-10-10
2023-07-19,117.3462,điểm,FRED,D,2026-10-10
2023-07-20,117.5947,điểm,FRED,D,2026-10-10
2023-07-21,117.9418,điểm,FRED,D,2026-10-10
2023-07-24,117.8124,điểm,FRED,D,2026-10-10
2023-07-25,117.8565,điểm,FRED,D,2026-10-10
2023-07-26,117.76,điểm,FRED,D,2026-10-10
2023-07-27,117.8938,điểm,FRED,D,2026-10-10
2023-07-28,117.788,điểm,FRED,D,2026-10-10
2023-07-31,117.8241,điểm,FRED,D,2026-10-10
2023-08-01,118.5738,điểm,FRED,D,2026-10-10
2023-08-02,119.1268,điểm,FRED,D,2026-10-10
2023-08-03,119.3963,điểm,FRED,D,2026-10-10
2023-08-04,118.821,điểm,FRED,D,2026-10-10
2023-08-07,119.0809,điểm,FRED,D,2026-10-10
2023-08-08,119.6407,điểm,FRED,D,2026-10-10
2023-08-09,119.476,điểm,FRED,D,2026-10-10
2023-08-10,119.1581,điểm,FRED,D,2026-10-10
2023-08-11,119.6268,điểm,FRED,D,2026-10-10
2023-08-14,120.0725,điểm,FRED,D,2026-10-10
2023-08-15,120.2127,điểm,FRED,D,2026-10-10
2023-08-16,120.3551,điểm,FRED,D,2026-10-10
2023-08-17,120.5242,điểm,FRED,D,2026-10-10
2023-08-18,120.4321,điểm,FRED,D,2026-10-10
2023-08-21,120.4627,điểm,FRED,D,2026-10-10
2023-08-22,120.3554,điểm,FRED,D,2026-10-10
2023-08-23,120.0307,điểm,FRED,D,2026-10-10
2023-08-24,120.2354,điểm,FRED,D,2026-10-10
2023-08-25,120.5137,điểm,FRED,D,2026-10-10
2023-08-28,120.3155,điểm,FRED,D,2026-10-10
2023-08-29,120.2669,điểm,FRED,D,2026-10-10
2023-08-30,119.7937,điểm,FRED,D,2026-10-10
2023-08-31,120.225,điểm,FRED,D,2026-10-10
2023-09-01,120.759,điểm,FRED,D,2026-10-10
2023-09-05,121.4345,điểm,FRED,D,2026-10-10
2023-09-06,121.8671,điểm,FRED,D,2026-10-10
2023-09-07,121.9528,điểm,FRED,D,2026-10-10
2023-09-08,121.9475,điểm,FRED,D,2026-10-10
2023-09-11,121.3386,điểm,FRED,D,2026-10-10
2023-09-12,121.2913,điểm,FRED,D,2026-10-10
2023-09-13,121.0549,điểm,FRED,D,2026-10-10
2023-09-14,121.2395,điểm,FRED,D,2026-10-10
2023-09-15,121.199,điểm,FRED,D,2026-10-10
2023-09-18,121.1938,điểm,FRED,D,2026-10-10
2023-09-19,121.1645,điểm,FRED,D,2026-10-10
2023-09-20,120.9648,điểm,FRED,D,2026-10-10
2023-09-21,121.5528,điểm,FRED,D,2026-10-10
2023-09-22,121.5306,điểm,FRED,D,2026-10-10
2023-09-25,122.1143,điểm,FRED,D,2026-10-10
2023-09-26,122.4742,điểm,FRED,D,2026-10-10
2023-09-27,122.9895,điểm,FRED,D,2026-10-10
2023-09-28,122.5342,điểm,FRED,D,2026-10-10
2023-09-29,122.3077,điểm,FRED,D,2026-10-10
2023-10-02,123.0545,điểm,FRED,D,2026-10-10
2023-10-03,123.7848,điểm,FRED,D,2026-10-10
2023-10-04,123.5946,điểm,FRED,D,2026-10-10
2023-10-05,123.8993,điểm,FRED,D,2026-10-10
2023-10-06,123.3563,điểm,FRED,D,2026-10-10
2023-10-10,122.9282,điểm,FRED,D,2026-10-10
2023-10-11,122.7697,điểm,FRED,D,2026-10-10
2023-10-12,123.2101,điểm,FRED,D,2026-10-10
2023-10-13,123.5954,điểm,FRED,D,2026-10-10
2023-10-16,123.3185,điểm,FRED,D,2026-10-10
2023-10-17,123.1202,điểm,FRED,D,2026-10-10
2023-10-18,123.8148,điểm,FRED,D,2026-10-10
2023-10-19,123.798,điểm,FRED,D,2026-10-10
2023-10-20,123.612,điểm,FRED,D,2026-10-10
2023-10-23,123.2846,điểm,FRED,D,2026-10-10
2023-10-24,123.6416,điểm,FRED,D,2026-10-10
2023-10-25,123.7871,điểm,FRED,D,2026-10-10
2023-10-26,124.0064,điểm,FRED,D,2026-10-10
2023-10-27,123.62,điểm,FRED,D,2026-10-10
2023-10-30,123.4076,điểm,FRED,D,2026-10-10
2023-10-31,123.8364,điểm,FRED,D,2026-10-10
2023-11-01,123.7922,điểm,FRED,D,2026-10-10
2023-11-02,122.8818,điểm,FRED,D,2026-10-10
2023-11-03,121.7564,điểm,FRED,D,2026-10-10
2023-11-06,121.6484,điểm,FRED,D,2026-10-10
2023-11-07,122.0777,điểm,FRED,D,2026-10-10
2023-11-08,122.0926,điểm,FRED,D,2026-10-10
2023-11-09,122.1281,điểm,FRED,D,2026-10-10
2023-11-13,122.4264,điểm,FRED,D,2026-10-10
2023-11-14,121.35,điểm,FRED,D,2026-10-10
2023-11-15,121.0749,điểm,FRED,D,2026-10-10
2023-11-16,121.1754,điểm,FRED,D,2026-10-10
2023-11-17,120.8477,điểm,FRED,D,2026-10-10
2023-11-20,120.2533,điểm,FRED,D,2026-10-10
2023-11-21,120.2241,điểm,FRED,D,2026-10-10
2023-11-22,120.6802,điểm,FRED,D,2026-10-10
2023-11-24,120.2105,điểm,FRED,D,2026-10-10
2023-11-27,120.173,điểm,FRED,D,2026-10-10
2023-11-28,119.5904,điểm,FRED,D,2026-10-10
2023-11-29,119.8159,điểm,FRED,D,2026-10-10
2023-11-30,120.2434,điểm,FRED,D,2026-10-10
2023-12-01,119.9424,điểm,FRED,D,2026-10-10
2023-12-04,120.4727,điểm,FRED,D,2026-10-10
2023-12-05,120.7913,điểm,FRED,D,2026-10-10
2023-12-06,120.5334,điểm,FRED,D,2026-10-10
2023-12-07,120.6013,điểm,FRED,D,2026-10-10
2023-12-08,120.7607,điểm,FRED,D,2026-10-10
2023-12-11,120.9279,điểm,FRED,D,2026-10-10
2023-12-12,120.6817,điểm,FRED,D,2026-10-10
2023-12-13,121.1571,điểm,FRED,D,2026-10-10
2023-12-14,119.5683,điểm,FRED,D,2026-10-10
2023-12-15,119.7382,điểm,FRED,D,2026-10-10
2023-12-18,119.9102,điểm,FRED,D,2026-10-10
2023-12-19,119.4632,điểm,FRED,D,2026-10-10
2023-12-20,119.5435,điểm,FRED,D,2026-10-10
2023-12-21,119.3168,điểm,FRED,D,2026-10-10
2023-12-22,119.0625,điểm,FRED,D,2026-10-10
2023-12-26,118.8875,điểm,FRED,D,2026-10-10
2023-12-27,118.4729,điểm,FRED,D,2026-10-10
2023-12-28,118.4104,điểm,FRED,D,2026-10-10
2023-12-29,118.4208,điểm,FRED,D,2026-10-10
2024-01-02,119.2686,điểm,FRED,D,2026-10-10
2024-01-03,119.6958,điểm,FRED,D,2026-10-10
2024-01-04,119.6208,điểm,FRED,D,2026-10-10
2024-01-05,119.388,điểm,FRED,D,2026-10-10
2024-01-08,119.2506,điểm,FRED,D,2026-10-10
2024-01-09,119.6666,điểm,FRED,D,2026-10-10
2024-01-10,119.7614,điểm,FRED,D,2026-10-10
2024-01-11,119.8916,điểm,FRED,D,2026-10-10
2024-01-12,119.534,điểm,FRED,D,2026-10-10
2024-01-16,120.5759,điểm,FRED,D,2026-10-10
2024-01-17,121.0402,điểm,FRED,D,2026-10-10
2024-01-18,120.8895,điểm,FRED,D,2026-10-10
2024-01-19,120.6442,điểm,FRED,D,2026-10-10
2024-01-22,120.6178,điểm,FRED,D,2026-10-10
2024-01-23,121.1001,điểm,FRED,D,2026-10-10
2024-01-24,120.4916,điểm,FRED,D,2026-10-10
2024-01-25,120.8311,điểm,FRED,D,2026-10-10
2024-01-26,120.6173,điểm,FRED,D,2026-10-10
2024-01-29,120.8538,điểm,FRED,D,2026-10-10
2024-01-30,120.6025,điểm,FRED,D,2026-10-10
2024-01-31,120.4331,điểm,FRED,D,2026-10-10
2024-02-01,120.3335,điểm,FRED,D,2026-10-10
2024-02-02,120.902,điểm,FRED,D,2026-10-10
2024-02-05,121.349,điểm,FRED,D,2026-10-10
2024-02-06,120.9588,điểm,FRED,D,2026-10-10
2024-02-07,120.9049,điểm,FRED,D,2026-10-10
2024-02-08,121.0798,điểm,FRED,D,2026-10-10
2024-02-09,121.039,điểm,FRED,D,2026-10-10
2024-02-12,120.9378,điểm,FRED,D,2026-10-10
2024-02-13,121.5202,điểm,FRED,D,2026-10-10
2024-02-14,121.4002,điểm,FRED,D,2026-10-10
2024-02-15,121.2121,điểm,FRED,D,2026-10-10
2024-02-16,121.1505,điểm,FRED,D,2026-10-10
2024-02-20,121.0199,điểm,FRED,D,2026-10-10
2024-02-21,121.0379,điểm,FRED,D,2026-10-10
2024-02-22,121.102,điểm,FRED,D,2026-10-10
2024-02-23,121.0369,điểm,FRED,D,2026-10-10
2024-02-26,121.0592,điểm,FRED,D,2026-10-10
2024-02-27,120.9647,điểm,FRED,D,2026-10-10
2024-02-28,121.128,điểm,FRED,D,2026-10-10
2024-02-29,121.1824,điểm,FRED,D,2026-10-10
2024-03-01,121.0111,điểm,FRED,D,2026-10-10
2024-03-04,120.872,điểm,FRED,D,2026-10-10
2024-03-05,120.8846,điểm,FRED,D,2026-10-10
2024-03-06,120.4649,điểm,FRED,D,2026-10-10
2024-03-07,120.1909,điểm,FRED,D,2026-10-10
2024-03-08,119.975,điểm,FRED,D,2026-10-10
2024-03-11,120.0394,điểm,FRED,D,2026-10-10
2024-03-12,120.1668,điểm,FRED,D,2026-10-10
2024-03-13,119.9642,điểm,FRED,D,2026-10-10
2024-03-14,120.241,điểm,FRED,D,2026-10-10
2024-03-15,120.4003,điểm,FRED,D,2026-10-10
2024-03-18,120.5752,điểm,FRED,D,2026-10-10
2024-03-19,120.9332,điểm,FRED,D,2026-10-10
2024-03-20,120.9289,điểm,FRED,D,2026-10-10
2024-03-21,120.8086,điểm,FRED,D,2026-10-10
2024-03-22,121.1842,điểm,FRED,D,2026-10-10
2024-03-25,121.0295,điểm,FRED,D,2026-10-10
2024-03-26,121.0742,điểm,FRED,D,2026-10-10
2024-03-27,121.0089,điểm,FRED,D,2026-10-10
2024-03-28,121.0635,điểm,FRED,D,2026-10-10
2024-03-29,121.0191,điểm,FRED,D,2026-10-10
2024-04-01,121.5151,điểm,FRED,D,2026-10-10
2024-04-02,121.3035,điểm,FRED,D,2026-10-10
2024-04-03,121.0198,điểm,FRED,D,2026-10-10
2024-04-04,120.7613,điểm,FRED,D,2026-10-10
2024-04-05,120.9646,điểm,FRED,D,2026-10-10
2024-04-08,120.7359,điểm,FRED,D,2026-10-10
2024-04-09,120.7048,điểm,FRED,D,2026-10-10
2024-04-10,121.5727,điểm,FRED,D,2026-10-10
2024-04-11,121.6081,điểm,FRED,D,2026-10-10
2024-04-12,122.2885,điểm,FRED,D,2026-10-10
2024-04-15,122.425,điểm,FRED,D,2026-10-10
2024-04-16,123.1234,điểm,FRED,D,2026-10-10
2024-04-17,123.0207,điểm,FRED,D,2026-10-10
2024-04-18,123.0017,điểm,FRED,D,2026-10-10
2024-04-19,123.1075,điểm,FRED,D,2026-10-10
2024-04-22,123.0609,điểm,FRED,D,2026-10-10
2024-04-23,122.7227,điểm,FRED,D,2026-10-10
2024-04-24,122.89,điểm,FRED,D,2026-10-10
2024-04-25,122.8384,điểm,FRED,D,2026-10-10
2024-04-26,122.9471,điểm,FRED,D,2026-10-10
2024-04-29,122.5449,điểm,FRED,D,2026-10-10
2024-04-30,122.9853,điểm,FRED,D,2026-10-10
2024-05-01,123.0168,điểm,FRED,D,2026-10-10
2024-05-02,122.4384,điểm,FRED,D,2026-10-10
2024-05-03,122.1375,điểm,FRED,D,2026-10-10
2024-05-06,121.8913,điểm,FRED,D,2026-10-10
2024-05-07,122.093,điểm,FRED,D,2026-10-10
2024-05-08,122.1926,điểm,FRED,D,2026-10-10
2024-05-09,122.1634,điểm,FRED,D,2026-10-10
2024-05-10,122.014,điểm,FRED,D,2026-10-10
2024-05-13,122.0261,điểm,FRED,D,2026-10-10
2024-05-14,121.9256,điểm,FRED,D,2026-10-10
2024-05-15,121.3543,điểm,FRED,D,2026-10-10
2024-05-16,121.2236,điểm,FRED,D,2026-10-10
2024-05-17,121.2354,điểm,FRED,D,2026-10-10
2024-05-20,121.2289,điểm,FRED,D,2026-10-10
2024-05-21,121.3793,điểm,FRED,D,2026-10-10
2024-05-22,121.5462,điểm,FRED,D,2026-10-10
2024-05-23,121.7477,điểm,FRED,D,2026-10-10
2024-05-24,121.6172,điểm,FRED,D,2026-10-10
2024-05-28,121.43,điểm,FRED,D,2026-10-10
2024-05-29,122.1641,điểm,FRED,D,2026-10-10
2024-05-30,121.9601,điểm,FRED,D,2026-10-10
2024-05-31,122.098,điểm,FRED,D,2026-10-10
2024-06-03,122.3509,điểm,FRED,D,2026-10-10
2024-06-04,122.7256,điểm,FRED,D,2026-10-10
2024-06-05,122.5339,điểm,FRED,D,2026-10-10
2024-06-06,122.3713,điểm,FRED,D,2026-10-10
2024-06-07,123.549,điểm,FRED,D,2026-10-10
2024-06-10,123.9125,điểm,FRED,D,2026-10-10
2024-06-11,124.0349,điểm,FRED,D,2026-10-10
2024-06-12,123.8295,điểm,FRED,D,2026-10-10
2024-06-13,124.0235,điểm,FRED,D,2026-10-10
2024-06-14,124.1694,điểm,FRED,D,2026-10-10
2024-06-17,124.239,điểm,FRED,D,2026-10-10
2024-06-18,123.9776,điểm,FRED,D,2026-10-10
2024-06-20,124.192,điểm,FRED,D,2026-10-10
2024-06-21,124.1086,điểm,FRED,D,2026-10-10
2024-06-24,123.7125,điểm,FRED,D,2026-10-10
2024-06-25,123.9417,điểm,FRED,D,2026-10-10
2024-06-26,124.26,điểm,FRED,D,2026-10-10
2024-06-27,124.3379,điểm,FRED,D,2026-10-10
2024-06-28,124.2103,điểm,FRED,D,2026-10-10
2024-07-01,124.4667,điểm,FRED,D,2026-10-10
2024-07-02,124.2917,điểm,FRED,D,2026-10-10
2024-07-03,123.7768,điểm,FRED,D,2026-10-10
2024-07-05,123.4762,điểm,FRED,D,2026-10-10
2024-07-08,123.3576,điểm,FRED,D,2026-10-10
2024-07-09,123.4071,điểm,FRED,D,2026-10-10
2024-07-10,123.1895,điểm,FRED,D,2026-10-10
2024-07-11,122.769,điểm,FRED,D,2026-10-10
2024-07-12,122.4404,điểm,FRED,D,2026-10-10
2024-07-15,122.6347,điểm,FRED,D,2026-10-10
2024-07-16,122.7264,điểm,FRED,D,2026-10-10
2024-07-17,122.518,điểm,FRED,D,2026-10-10
2024-07-18,122.7909,điểm,FRED,D,2026-10-10
2024-07-19,123.147,điểm,FRED,D,2026-10-10
2024-07-22,123.2172,điểm,FRED,D,2026-10-10
2024-07-23,123.3843,điểm,FRED,D,2026-10-10
2024-07-24,123.5575,điểm,FRED,D,2026-10-10
2024-07-25,123.5286,điểm,FRED,D,2026-10-10
2024-07-26,123.672,điểm,FRED,D,2026-10-10
2024-07-29,124.1392,điểm,FRED,D,2026-10-10
2024-07-30,124.2855,điểm,FRED,D,2026-10-10
2024-07-31,123.6373,điểm,FRED,D,2026-10-10
2024-08-01,123.8693,điểm,FRED,D,2026-10-10
2024-08-02,123.4681,điểm,FRED,D,2026-10-10
2024-08-05,123.5787,điểm,FRED,D,2026-10-10
2024-08-06,123.6532,điểm,FRED,D,2026-10-10
2024-08-07,123.5698,điểm,FRED,D,2026-10-10
2024-08-08,123.4466,điểm,FRED,D,2026-10-10
2024-08-09,122.9276,điểm,FRED,D,2026-10-10
2024-08-12,123.2204,điểm,FRED,D,2026-10-10
2024-08-13,123.0146,điểm,FRED,D,2026-10-10
2024-08-14,122.4297,điểm,FRED,D,2026-10-10
2024-08-15,122.5844,điểm,FRED,D,2026-10-10
2024-08-16,122.3972,điểm,FRED,D,2026-10-10
2024-08-19,121.8788,điểm,FRED,D,2026-10-10
2024-08-20,121.7728,điểm,FRED,D,2026-10-10
2024-08-21,121.8535,điểm,FRED,D,2026-10-10
2024-08-22,122.3626,điểm,FRED,D,2026-10-10
2024-08-23,121.4597,điểm,FRED,D,2026-10-10
2024-08-26,121.6943,điểm,FRED,D,2026-10-10
2024-08-27,121.8672,điểm,FRED,D,2026-10-10
2024-08-28,121.8943,điểm,FRED,D,2026-10-10
2024-08-29,122.2333,điểm,FRED,D,2026-10-10
2024-08-30,122.3262,điểm,FRED,D,2026-10-10
2024-09-03,122.7811,điểm,FRED,D,2026-10-10
2024-09-04,122.5144,điểm,FRED,D,2026-10-10
2024-09-05,122.4533,điểm,FRED,D,2026-10-10
2024-09-06,122.4991,điểm,FRED,D,2026-10-10
2024-09-09,122.7156,điểm,FRED,D,2026-10-10
2024-09-10,123.0071,điểm,FRED,D,2026-10-10
2024-09-11,122.7754,điểm,FRED,D,2026-10-10
2024-09-12,122.4423,điểm,FRED,D,2026-10-10
2024-09-13,121.6551,điểm,FRED,D,2026-10-10
2024-09-16,121.4976,điểm,FRED,D,2026-10-10
2024-09-17,121.6031,điểm,FRED,D,2026-10-10
2024-09-18,121.5618,điểm,FRED,D,2026-10-10
2024-09-19,121.3059,điểm,FRED,D,2026-10-10
2024-09-20,121.4052,điểm,FRED,D,2026-10-10
2024-09-23,121.4303,điểm,FRED,D,2026-10-10
2024-09-24,121.1291,điểm,FRED,D,2026-10-10
2024-09-25,121.4447,điểm,FRED,D,2026-10-10
2024-09-26,121.0785,điểm,FRED,D,2026-10-10
2024-09-27,121.1111,điểm,FRED,D,2026-10-10
2024-09-30,121.2864,điểm,FRED,D,2026-10-10
2024-10-01,121.6881,điểm,FRED,D,2026-10-10
2024-10-02,121.5724,điểm,FRED,D,2026-10-10
2024-10-03,122.1197,điểm,FRED,D,2026-10-10
2024-10-04,122.2197,điểm,FRED,D,2026-10-10
2024-10-07,122.4241,điểm,FRED,D,2026-10-10
2024-10-08,122.6625,điểm,FRED,D,2026-10-10
2024-10-09,122.8821,điểm,FRED,D,2026-10-10
2024-10-10,123.0951,điểm,FRED,D,2026-10-10
2024-10-11,122.9805,điểm,FRED,D,2026-10-10
2024-10-15,123.5124,điểm,FRED,D,2026-10-10
2024-10-16,123.9235,điểm,FRED,D,2026-10-10
2024-10-17,124.1122,điểm,FRED,D,2026-10-10
2024-10-18,123.9185,điểm,FRED,D,2026-10-10
2024-10-21,124.4757,điểm,FRED,D,2026-10-10
2024-10-22,124.4107,điểm,FRED,D,2026-10-10
2024-10-23,124.6931,điểm,FRED,D,2026-10-10
2024-10-24,124.5127,điểm,FRED,D,2026-10-10
2024-10-25,124.6105,điểm,FRED,D,2026-10-10
2024-10-28,124.8076,điểm,FRED,D,2026-10-10
2024-10-29,124.8612,điểm,FRED,D,2026-10-10
2024-10-30,124.8153,điểm,FRED,D,2026-10-10
2024-10-31,124.7988,điểm,FRED,D,2026-10-10
2024-11-01,124.8076,điểm,FRED,D,2026-10-10
2024-11-04,124.5903,điểm,FRED,D,2026-10-10
2024-11-05,124.5532,điểm,FRED,D,2026-10-10
2024-11-06,125.7035,điểm,FRED,D,2026-10-10
2024-11-07,124.775,điểm,FRED,D,2026-10-10
2024-11-08,125.5811,điểm,FRED,D,2026-10-10
2024-11-12,126.7762,điểm,FRED,D,2026-10-10
2024-11-13,126.9572,điểm,FRED,D,2026-10-10
2024-11-14,127.0015,điểm,FRED,D,2026-10-10
2024-11-15,126.8848,điểm,FRED,D,2026-10-10
2024-11-18,126.6045,điểm,FRED,D,2026-10-10
2024-11-19,126.3994,điểm,FRED,D,2026-10-10
2024-11-20,126.88,điểm,FRED,D,2026-10-10
2024-11-21,127.1047,điểm,FRED,D,2026-10-10
2024-11-22,127.4712,điểm,FRED,D,2026-10-10
2024-11-25,126.9948,điểm,FRED,D,2026-10-10
2024-11-26,127.4301,điểm,FRED,D,2026-10-10
2024-11-27,126.8205,điểm,FRED,D,2026-10-10
2024-11-29,126.5798,điểm,FRED,D,2026-10-10
2024-12-02,127.1272,điểm,FRED,D,2026-10-10
2024-12-03,126.9565,điểm,FRED,D,2026-10-10
2024-12-04,126.7574,điểm,FRED,D,2026-10-10
2024-12-05,126.4286,điểm,FRED,D,2026-10-10
2024-12-06,126.688,điểm,FRED,D,2026-10-10
2024-12-09,126.5981,điểm,FRED,D,2026-10-10
2024-12-10,126.957,điểm,FRED,D,2026-10-10
2024-12-11,126.8483,điểm,FRED,D,2026-10-10
2024-12-12,126.9556,điểm,FRED,D,2026-10-10
2024-12-13,127.3096,điểm,FRED,D,2026-10-10
2024-12-16,127.2687,điểm,FRED,D,2026-10-10
2024-12-17,127.5043,điểm,FRED,D,2026-10-10
2024-12-18,127.6418,điểm,FRED,D,2026-10-10
2024-12-19,128.6366,điểm,FRED,D,2026-10-10
2024-12-20,127.893,điểm,FRED,D,2026-10-10
2024-12-23,128.3021,điểm,FRED,D,2026-10-10
2024-12-24,128.3377,điểm,FRED,D,2026-10-10
2024-12-26,128.3329,điểm,FRED,D,2026-10-10
2024-12-27,128.45,điểm,FRED,D,2026-10-10
2024-12-30,128.8205,điểm,FRED,D,2026-10-10
2024-12-31,129.2775,điểm,FRED,D,2026-10-10
2025-01-02,129.4598,điểm,FRED,D,2026-10-10
2025-01-03,129.4535,điểm,FRED,D,2026-10-10
2025-01-06,128.538,điểm,FRED,D,2026-10-10
2025-01-07,128.613,điểm,FRED,D,2026-10-10
2025-01-08,129.0785,điểm,FRED,D,2026-10-10
2025-01-09,129.2827,điểm,FRED,D,2026-10-10
2025-01-10,129.8664,điểm,FRED,D,2026-10-10
2025-01-13,130.0413,điểm,FRED,D,2026-10-10
2025-01-14,129.3812,điểm,FRED,D,2026-10-10
2025-01-15,129.2092,điểm,FRED,D,2026-10-10
2025-01-16,129.436,điểm,FRED,D,2026-10-10
2025-01-17,129.4859,điểm,FRED,D,2026-10-10
2025-01-21,128.4151,điểm,FRED,D,2026-10-10
2025-01-22,128.3402,điểm,FRED,D,2026-10-10
2025-01-23,128.2162,điểm,FRED,D,2026-10-10
2025-01-24,127.4611,điểm,FRED,D,2026-10-10
2025-01-27,128.0912,điểm,FRED,D,2026-10-10
2025-01-28,128.2817,điểm,FRED,D,2026-10-10
2025-01-29,128.3418,điểm,FRED,D,2026-10-10
2025-01-30,128.1004,điểm,FRED,D,2026-10-10
2025-01-31,128.4828,điểm,FRED,D,2026-10-10
2025-02-03,129.109,điểm,FRED,D,2026-10-10
2025-02-04,128.1083,điểm,FRED,D,2026-10-10
2025-02-05,127.9751,điểm,FRED,D,2026-10-10
2025-02-06,128.2017,điểm,FRED,D,2026-10-10
2025-02-07,128.4292,điểm,FRED,D,2026-10-10
2025-02-10,128.6382,điểm,FRED,D,2026-10-10
2025-02-11,128.4322,điểm,FRED,D,2026-10-10
2025-02-12,128.3288,điểm,FRED,D,2026-10-10
2025-02-13,127.8931,điểm,FRED,D,2026-10-10
2025-02-14,127.1491,điểm,FRED,D,2026-10-10
2025-02-18,127.2906,điểm,FRED,D,2026-10-10
2025-02-19,127.7317,điểm,FRED,D,2026-10-10
2025-02-20,127.1126,điểm,FRED,D,2026-10-10
2025-02-21,127.1408,điểm,FRED,D,2026-10-10
2025-02-24,127.1921,điểm,FRED,D,2026-10-10
2025-02-25,127.3752,điểm,FRED,D,2026-10-10
2025-02-26,127.2822,điểm,FRED,D,2026-10-10
2025-02-27,127.9704,điểm,FRED,D,2026-10-10
2025-02-28,128.2805,điểm,FRED,D,2026-10-10
2025-03-03,127.75,điểm,FRED,D,2026-10-10
2025-03-04,127.9966,điểm,FRED,D,2026-10-10
2025-03-05,126.504,điểm,FRED,D,2026-10-10
2025-03-06,126.1099,điểm,FRED,D,2026-10-10
2025-03-07,125.9814,điểm,FRED,D,2026-10-10
2025-03-10,126.268,điểm,FRED,D,2026-10-10
2025-03-11,126.0457,điểm,FRED,D,2026-10-10
2025-03-12,125.8664,điểm,FRED,D,2026-10-10
2025-03-13,126.0031,điểm,FRED,D,2026-10-10
2025-03-14,125.6942,điểm,FRED,D,2026-10-10
2025-03-17,125.3688,điểm,FRED,D,2026-10-10
2025-03-18,125.488,điểm,FRED,D,2026-10-10
2025-03-19,125.8006,điểm,FRED,D,2026-10-10
2025-03-20,125.985,điểm,FRED,D,2026-10-10
2025-03-21,126.2679,điểm,FRED,D,2026-10-10
2025-03-24,126.1956,điểm,FRED,D,2026-10-10
2025-03-25,126.0535,điểm,FRED,D,2026-10-10
2025-03-26,126.2364,điểm,FRED,D,2026-10-10
2025-03-27,126.3626,điểm,FRED,D,2026-10-10
2025-03-28,126.4187,điểm,FRED,D,2026-10-10
2025-03-31,126.7075,điểm,FRED,D,2026-10-10
2025-04-01,126.4338,điểm,FRED,D,2026-10-10
2025-04-02,126.3811,điểm,FRED,D,2026-10-10
2025-04-03,124.7316,điểm,FRED,D,2026-10-10
2025-04-04,125.8129,điểm,FRED,D,2026-10-10
2025-04-07,126.8282,điểm,FRED,D,2026-10-10
2025-04-08,126.8668,điểm,FRED,D,2026-10-10
2025-04-09,126.628,điểm,FRED,D,2026-10-10
2025-04-10,125.089,điểm,FRED,D,2026-10-10
2025-04-11,124.0163,điểm,FRED,D,2026-10-10
2025-04-14,123.6598,điểm,FRED,D,2026-10-10
2025-04-15,123.776,điểm,FRED,D,2026-10-10
2025-04-16,123.2724,điểm,FRED,D,2026-10-10
2025-04-17,123.1298,điểm,FRED,D,2026-10-10
2025-04-18,122.9865,điểm,FRED,D,2026-10-10
2025-04-21,122.3145,điểm,FRED,D,2026-10-10
2025-04-22,122.4175,điểm,FRED,D,2026-10-10
2025-04-23,123.0252,điểm,FRED,D,2026-10-10
2025-04-24,122.9251,điểm,FRED,D,2026-10-10
2025-04-25,122.8858,điểm,FRED,D,2026-10-10
2025-04-28,122.7176,điểm,FRED,D,2026-10-10
2025-04-29,122.5944,điểm,FRED,D,2026-10-10
2025-04-30,122.5921,điểm,FRED,D,2026-10-10
2025-05-01,123.1405,điểm,FRED,D,2026-10-10
2025-05-02,122.4962,điểm,FRED,D,2026-10-10
2025-05-05,122.2613,điểm,FRED,D,2026-10-10
2025-05-06,122.0417,điểm,FRED,D,2026-10-10
2025-05-07,122.117,điểm,FRED,D,2026-10-10
2025-05-08,122.7568,điểm,FRED,D,2026-10-10
2025-05-09,122.5191,điểm,FRED,D,2026-10-10
2025-05-12,123.4863,điểm,FRED,D,2026-10-10
2025-05-13,122.9583,điểm,FRED,D,2026-10-10
2025-05-14,122.6746,điểm,FRED,D,2026-10-10
2025-05-15,122.8174,điểm,FRED,D,2026-10-10
2025-05-16,123.0737,điểm,FRED,D,2026-10-10
2025-05-19,122.4186,điểm,FRED,D,2026-10-10
2025-05-20,122.3199,điểm,FRED,D,2026-10-10
2025-05-21,121.7496,điểm,FRED,D,2026-10-10
2025-05-22,122.0429,điểm,FRED,D,2026-10-10
2025-05-23,121.3837,điểm,FRED,D,2026-10-10
2025-05-27,121.6099,điểm,FRED,D,2026-10-10
2025-05-28,121.9888,điểm,FRED,D,2026-10-10
2025-05-29,121.5617,điểm,FRED,D,2026-10-10
2025-05-30,121.7674,điểm,FRED,D,2026-10-10
2025-06-02,121.1881,điểm,FRED,D,2026-10-10
2025-06-03,121.4592,điểm,FRED,D,2026-10-10
2025-06-04,121.0539,điểm,FRED,D,2026-10-10
2025-06-05,120.9596,điểm,FRED,D,2026-10-10
2025-06-06,121.161,điểm,FRED,D,2026-10-10
2025-06-09,120.9103,điểm,FRED,D,2026-10-10
2025-06-10,121.0485,điểm,FRED,D,2026-10-10
2025-06-11,120.587,điểm,FRED,D,2026-10-10
2025-06-12,120.1723,điểm,FRED,D,2026-10-10
2025-06-13,120.3245,điểm,FRED,D,2026-10-10
2025-06-16,120.1565,điểm,FRED,D,2026-10-10
2025-06-17,120.5048,điểm,FRED,D,2026-10-10
2025-06-18,120.7305,điểm,FRED,D,2026-10-10
2025-06-20,121.0408,điểm,FRED,D,2026-10-10
2025-06-23,121.1694,điểm,FRED,D,2026-10-10
2025-06-24,120.3645,điểm,FRED,D,2026-10-10
2025-06-25,120.3336,điểm,FRED,D,2026-10-10
2025-06-26,119.6451,điểm,FRED,D,2026-10-10
2025-06-27,119.659,điểm,FRED,D,2026-10-10
2025-06-30,119.4088,điểm,FRED,D,2026-10-10
2025-07-01,119.3436,điểm,FRED,D,2026-10-10
2025-07-02,119.3037,điểm,FRED,D,2026-10-10
2025-07-03,119.2382,điểm,FRED,D,2026-10-10
2025-07-07,119.6201,điểm,FRED,D,2026-10-10
2025-07-08,119.8371,điểm,FRED,D,2026-10-10
2025-07-09,119.7311,điểm,FRED,D,2026-10-10
2025-07-10,119.8343,điểm,FRED,D,2026-10-10
2025-07-11,119.9214,điểm,FRED,D,2026-10-10
2025-07-14,120.2209,điểm,FRED,D,2026-10-10
2025-07-15,120.5105,điểm,FRED,D,2026-10-10
2025-07-16,120.4175,điểm,FRED,D,2026-10-10
2025-07-17,120.6384,điểm,FRED,D,2026-10-10
2025-07-18,120.356,điểm,FRED,D,2026-10-10
2025-07-21,119.9961,điểm,FRED,D,2026-10-10
2025-07-22,119.681,điểm,FRED,D,2026-10-10
2025-07-23,119.5697,điểm,FRED,D,2026-10-10
2025-07-24,119.5664,điểm,FRED,D,2026-10-10
2025-07-25,119.9857,điểm,FRED,D,2026-10-10
2025-07-28,120.6149,điểm,FRED,D,2026-10-10
2025-07-29,120.9674,điểm,FRED,D,2026-10-10
2025-07-30,121.4042,điểm,FRED,D,2026-10-10
2025-07-31,121.721,điểm,FRED,D,2026-10-10
2025-08-01,121.2122,điểm,FRED,D,2026-10-10
2025-08-04,120.9859,điểm,FRED,D,2026-10-10
2025-08-05,120.9082,điểm,FRED,D,2026-10-10
2025-08-06,120.5082,điểm,FRED,D,2026-10-10
2025-08-07,120.5043,điểm,FRED,D,2026-10-10
2025-08-08,120.3329,điểm,FRED,D,2026-10-10
2025-08-11,120.6892,điểm,FRED,D,2026-10-10
2025-08-12,120.2736,điểm,FRED,D,2026-10-10
2025-08-13,120.13,điểm,FRED,D,2026-10-10
2025-08-14,120.6446,điểm,FRED,D,2026-10-10
2025-08-15,120.3377,điểm,FRED,D,2026-10-10
2025-08-18,120.5622,điểm,FRED,D,2026-10-10
2025-08-19,120.7224,điểm,FRED,D,2026-10-10
2025-08-20,120.7757,điểm,FRED,D,2026-10-10
2025-08-21,121.0843,điểm,FRED,D,2026-10-10
2025-08-22,120.2774,điểm,FRED,D,2026-10-10
2025-08-25,120.4214,điểm,FRED,D,2026-10-10
2025-08-26,120.5274,điểm,FRED,D,2026-10-10
2025-08-27,120.7274,điểm,FRED,D,2026-10-10
2025-08-28,120.2595,điểm,FRED,D,2026-10-10
2025-08-29,120.2082,điểm,FRED,D,2026-10-10
2025-09-02,120.6837,điểm,FRED,D,2026-10-10
2025-09-03,120.5052,điểm,FRED,D,2026-10-10
2025-09-04,120.7629,điểm,FRED,D,2026-10-10
2025-09-05,120.1282,điểm,FRED,D,2026-10-10
2025-09-08,120.0971,điểm,FRED,D,2026-10-10
2025-09-09,120.1569,điểm,FRED,D,2026-10-10
2025-09-10,120.1223,điểm,FRED,D,2026-10-10
2025-09-11,119.9534,điểm,FRED,D,2026-10-10
2025-09-12,120.0611,điểm,FRED,D,2026-10-10
2025-09-15,119.5644,điểm,FRED,D,2026-10-10
2025-09-16,119.1348,điểm,FRED,D,2026-10-10
2025-09-17,119.1582,điểm,FRED,D,2026-10-10
2025-09-18,119.6616,điểm,FRED,D,2026-10-10
2025-09-19,119.7858,điểm,FRED,D,2026-10-10
2025-09-22,119.8152,điểm,FRED,D,2026-10-10
2025-09-23,119.6202,điểm,FRED,D,2026-10-10
2025-09-24,120.1707,điểm,FRED,D,2026-10-10
2025-09-25,120.5419,điểm,FRED,D,2026-10-10
2025-09-26,120.4349,điểm,FRED,D,2026-10-10
2025-09-29,120.115,điểm,FRED,D,2026-10-10
2025-09-30,120.1368,điểm,FRED,D,2026-10-10
2025-10-01,120.1502,điểm,FRED,D,2026-10-10
2025-10-02,120.4296,điểm,FRED,D,2026-10-10
2025-10-03,120.0881,điểm,FRED,D,2026-10-10
2025-10-06,120.2722,điểm,FRED,D,2026-10-10
2025-10-07,120.4884,điểm,FRED,D,2026-10-10
2025-10-08,120.7766,điểm,FRED,D,2026-10-10
2025-10-09,121.0902,điểm,FRED,D,2026-10-10
2025-10-10,121.1163,điểm,FRED,D,2026-10-10
2025-10-14,121.1822,điểm,FRED,D,2026-10-10
2025-10-15,120.8642,điểm,FRED,D,2026-10-10
2025-10-16,120.6698,điểm,FRED,D,2026-10-10
2025-10-17,120.7028,điểm,FRED,D,2026-10-10
2025-10-20,120.6209,điểm,FRED,D,2026-10-10
2025-10-21,120.8895,điểm,FRED,D,2026-10-10
2025-10-22,120.8958,điểm,FRED,D,2026-10-10
2025-10-23,120.9531,điểm,FRED,D,2026-10-10
2025-10-24,120.9345,điểm,FRED,D,2026-10-10
2025-10-27,120.7988,điểm,FRED,D,2026-10-10
2025-10-28,120.6361,điểm,FRED,D,2026-10-10
2025-10-29,120.5312,điểm,FRED,D,2026-10-10
2025-10-30,121.2832,điểm,FRED,D,2026-10-10
2025-10-31,121.3859,điểm,FRED,D,2026-10-10
2025-11-03,121.4512,điểm,FRED,D,2026-10-10
2025-11-04,121.8271,điểm,FRED,D,2026-10-10
2025-11-05,121.8482,điểm,FRED,D,2026-10-10
2025-11-06,121.6948,điểm,FRED,D,2026-10-10
2025-11-07,121.388,điểm,FRED,D,2026-10-10
2025-11-10,121.2984,điểm,FRED,D,2026-10-10
2025-11-12,121.0458,điểm,FRED,D,2026-10-10
2025-11-13,120.7725,điểm,FRED,D,2026-10-10
2025-11-14,120.9666,điểm,FRED,D,2026-10-10
2025-11-17,121.1146,điểm,FRED,D,2026-10-10
2025-11-18,121.2127,điểm,FRED,D,2026-10-10
2025-11-19,121.4978,điểm,FRED,D,2026-10-10
2025-11-20,121.6889,điểm,FRED,D,2026-10-10
2025-11-21,121.8653,điểm,FRED,D,2026-10-10
2025-11-24,121.9171,điểm,FRED,D,2026-10-10
2025-11-25,121.6335,điểm,FRED,D,2026-10-10
2025-11-26,121.2437,điểm,FRED,D,2026-10-10
2025-11-28,121.0527,điểm,FRED,D,2026-10-10
2025-12-01,120.9862,điểm,FRED,D,2026-10-10
2025-12-02,121.1467,điểm,FRED,D,2026-10-10
2025-12-03,120.7336,điểm,FRED,D,2026-10-10
2025-12-04,120.6766,điểm,FRED,D,2026-10-10
2025-12-05,120.6863,điểm,FRED,D,2026-10-10
2025-12-08,120.776,điểm,FRED,D,2026-10-10
2025-12-09,120.6832,điểm,FRED,D,2026-10-10
2025-12-10,120.6752,điểm,FRED,D,2026-10-10
2025-12-11,119.98,điểm,FRED,D,2026-10-10
2025-12-12,120.1442,điểm,FRED,D,2026-10-10
2025-12-15,119.9561,điểm,FRED,D,2026-10-10
2025-12-16,119.8902,điểm,FRED,D,2026-10-10
2025-12-17,120.155,điểm,FRED,D,2026-10-10
2025-12-18,120.0528,điểm,FRED,D,2026-10-10
2025-12-19,120.1652,điểm,FRED,D,2026-10-10
2025-12-22,119.9912,điểm,FRED,D,2026-10-10
2025-12-23,119.7057,điểm,FRED,D,2026-10-10
2025-12-24,119.4372,điểm,FRED,D,2026-10-10
2025-12-26,119.4723,điểm,FRED,D,2026-10-10
2025-12-29,119.5899,điểm,FRED,D,2026-10-10
2025-12-30,119.4939,điểm,FRED,D,2026-10-10
2025-12-31,119.7456,điểm,FRED,D,2026-10-10
2026-01-02,119.6059,điểm,FRED,D,2026-10-10
2026-01-05,119.6192,điểm,FRED,D,2026-10-10
2026-01-06,119.7807,điểm,FRED,D,2026-10-10
2026-01-07,119.8719,điểm,FRED,D,2026-10-10
2026-01-08,120.0904,điểm,FRED,D,2026-10-10
2026-01-09,120.2215,điểm,FRED,D,2026-10-10
2026-01-12,119.9958,điểm,FRED,D,2026-10-10
2026-01-13,120.1401,điểm,FRED,D,2026-10-10
2026-01-14,119.9537,điểm,FRED,D,2026-10-10
2026-01-15,119.9951,điểm,FRED,D,2026-10-10
2026-01-16,120.0838,điểm,FRED,D,2026-10-10
2026-01-20,119.4455,điểm,FRED,D,2026-10-10
2026-01-21,119.3431,điểm,FRED,D,2026-10-10
2026-01-22,119.1962,điểm,FRED,D,2026-10-10
2026-01-23,118.8976,điểm,FRED,D,2026-10-10
2026-01-26,118.0525,điểm,FRED,D,2026-10-10
2026-01-27,117.4523,điểm,FRED,D,2026-10-10
2026-01-28,117.5117,điểm,FRED,D,2026-10-10
2026-01-29,117.4396,điểm,FRED,D,2026-10-10
2026-01-30,117.8996,điểm,FRED,D,2026-10-10
2026-02-02,118.3609,điểm,FRED,D,2026-10-10
2026-02-03,117.9764,điểm,FRED,D,2026-10-10
2026-02-04,118.2602,điểm,FRED,D,2026-10-10
2026-02-05,118.5034,điểm,FRED,D,2026-10-10
2026-02-06,118.2407,điểm,FRED,D,2026-10-10
2026-02-09,117.6392,điểm,FRED,D,2026-10-10
2026-02-10,117.5216,điểm,FRED,D,2026-10-10
2026-02-11,117.4601,điểm,FRED,D,2026-10-10
2026-02-12,117.5376,điểm,FRED,D,2026-10-10
2026-02-13,117.5258,điểm,FRED,D,2026-10-10
2026-02-17,117.7375,điểm,FRED,D,2026-10-10
2026-02-18,117.8426,điểm,FRED,D,2026-10-10
2026-02-19,118.2354,điểm,FRED,D,2026-10-10
2026-02-20,117.9917,điểm,FRED,D,2026-10-10
2026-02-23,117.9395,điểm,FRED,D,2026-10-10
2026-02-24,117.9463,điểm,FRED,D,2026-10-10
2026-02-25,117.769,điểm,FRED,D,2026-10-10
2026-02-26,117.9042,điểm,FRED,D,2026-10-10
2026-02-27,117.8223,điểm,FRED,D,2026-10-10
2026-03-02,118.667,điểm,FRED,D,2026-10-10
2026-03-03,119.4341,điểm,FRED,D,2026-10-10
2026-03-04,119.0705,điểm,FRED,D,2026-10-10
2026-03-05,119.5683,điểm,FRED,D,2026-10-10
2026-03-06,119.491,điểm,FRED,D,2026-10-10
2026-03-09,119.5151,điểm,FRED,D,2026-10-10
2026-03-10,118.7255,điểm,FRED,D,2026-10-10
2026-03-11,119.2885,điểm,FRED,D,2026-10-10
2026-03-12,119.8227,điểm,FRED,D,2026-10-10
2026-03-13,120.5518,điểm,FRED,D,2026-10-10
2026-03-16,120.097,điểm,FRED,D,2026-10-10
2026-03-17,119.8328,điểm,FRED,D,2026-10-10
2026-03-18,119.9276,điểm,FRED,D,2026-10-10
2026-03-19,120.1802,điểm,FRED,D,2026-10-10
2026-03-20,120.2757,điểm,FRED,D,2026-10-10
2026-03-23,119.9371,điểm,FRED,D,2026-10-10
2026-03-24,120.1295,điểm,FRED,D,2026-10-10
2026-03-25,120.1282,điểm,FRED,D,2026-10-10
2026-03-26,120.389,điểm,FRED,D,2026-10-10
2026-03-27,120.8851,điểm,FRED,D,2026-10-10
2026-03-30,121.2851,điểm,FRED,D,2026-10-10
2026-03-31,121.035,điểm,FRED,D,2026-10-10
2026-04-01,120.1198,điểm,FRED,D,2026-10-10
2026-04-02,120.503,điểm,FRED,D,2026-10-10
2026-04-03,120.6565,điểm,FRED,D,2026-10-10
2026-04-06,120.4302,điểm,FRED,D,2026-10-10
2026-04-07,120.32,điểm,FRED,D,2026-10-10
2026-04-08,119.0596,điểm,FRED,D,2026-10-10
2026-04-09,118.8998,điểm,FRED,D,2026-10-10
2026-04-10,118.8552,điểm,FRED,D,2026-10-10
2026-04-13,118.9916,điểm,FRED,D,2026-10-10
2026-04-14,118.3581,điểm,FRED,D,2026-10-10
2026-04-15,118.3623,điểm,FRED,D,2026-10-10
2026-04-16,118.3616,điểm,FRED,D,2026-10-10
2026-04-17,118.0795,điểm,FRED,D,2026-10-10
2026-04-20,118.2374,điểm,FRED,D,2026-10-10
2026-04-21,118.4331,điểm,FRED,D,2026-10-10
2026-04-22,118.6004,điểm,FRED,D,2026-10-10
2026-04-23,118.7155,điểm,FRED,D,2026-10-10
2026-04-24,118.7294,điểm,FRED,D,2026-10-10
2026-04-27,118.5458,điểm,FRED,D,2026-10-10
2026-04-28,118.7717,điểm,FRED,D,2026-10-10
2026-04-29,119.0975,điểm,FRED,D,2026-10-10
2026-04-30,118.671,điểm,FRED,D,2026-10-10
2026-05-01,118.3926,điểm,FRED,D,2026-10-10
2026-05-04,118.8264,điểm,FRED,D,2026-10-10
2026-05-05,118.6207,điểm,FRED,D,2026-10-10
2026-05-06,118.0982,điểm,FRED,D,2026-10-10
2026-05-07,118.0116,điểm,FRED,D,2026-10-10
2026-05-08,118.0392,điểm,FRED,D,2026-10-10
2026-05-11,118.0562,điểm,FRED,D,2026-10-10
2026-05-12,118.5238,điểm,FRED,D,2026-10-10
2026-05-13,118.4737,điểm,FRED,D,2026-10-10
2026-05-14,118.6696,điểm,FRED,D,2026-10-10
2026-05-15,119.2825,điểm,FRED,D,2026-10-10
2026-05-18,119.0574,điểm,FRED,D,2026-10-10
2026-05-19,119.451,điểm,FRED,D,2026-10-10
2026-05-20,119.1624,điểm,FRED,D,2026-10-10
2026-05-21,119.369,điểm,FRED,D,2026-10-10
2026-05-22,119.2868,điểm,FRED,D,2026-10-10
2026-05-26,119.1696,điểm,FRED,D,2026-10-10
2026-05-27,119.1829,điểm,FRED,D,2026-10-10
2026-05-28,119.0318,điểm,FRED,D,2026-10-10
2026-05-29,118.8783,điểm,FRED,D,2026-10-10
2026-06-01,119.1653,điểm,FRED,D,2026-10-10
2026-06-02,119.0359,điểm,FRED,D,2026-10-10
2026-06-03,119.3848,điểm,FRED,D,2026-10-10
2026-06-04,119.3615,điểm,FRED,D,2026-10-10
2026-06-05,120.0831,điểm,FRED,D,2026-10-10
2026-06-08,120.034,điểm,FRED,D,2026-10-10
2026-06-09,119.9617,điểm,FRED,D,2026-10-10
2026-06-10,119.9134,điểm,FRED,D,2026-10-10
2026-06-11,120.1174,điểm,FRED,D,2026-10-10
2026-06-12,119.5073,điểm,FRED,D,2026-10-10
2026-06-15,119.3158,điểm,FRED,D,2026-10-10
2026-06-16,119.256,điểm,FRED,D,2026-10-10
2026-06-17,119.3871,điểm,FRED,D,2026-10-10
2026-06-18,120.3958,điểm,FRED,D,2026-10-10
2026-06-22,120.5463,điểm,FRED,D,2026-10-10
2026-06-23,121.0552,điểm,FRED,D,2026-10-10
2026-06-24,121.412,điểm,FRED,D,2026-10-10
2026-06-25,121.0559,điểm,FRED,D,2026-10-10
2026-06-26,120.8866,điểm,FRED,D,2026-10-10
2026-06-29,120.9525,điểm,FRED,D,2026-10-10
2026-06-30,120.9248,điểm,FRED,D,2026-10-10
2026-07-01,121.1455,điểm,FRED,D,2026-10-10
2026-07-02,120.6902,điểm,FRED,D,2026-10-10
2026-07-06,120.835,điểm,FRED,D,2026-10-10
2026-07-07,120.8145,điểm,FRED,D,2026-10-10
2026-07-08,121.1307,điểm,FRED,D,2026-10-10
2026-07-09,120.753,điểm,FRED,D,2026-10-10
2026-07-10,120.5046,điểm,FRED,D,2026-10-10
2026-07-13,120.7413,điểm,FRED,D,2026-10-10
2026-07-14,120.4728,điểm,FRED,D,2026-10-10
2026-07-15,120.3088,điểm,FRED,D,2026-10-10
2026-07-16,120.331,điểm,FRED,D,2026-10-10
2026-07-17,120.5315,điểm,FRED,D,2026-10-10
2026-07-20,120.5401,điểm,FRED,D,2026-10-10
2026-07-21,120.5779,điểm,FRED,D,2026-10-10
2026-07-22,120.5736,điểm,FRED,D,2026-10-10
2026-07-23,120.9075,điểm,FRED,D,2026-10-10
2026-07-24,120.7105,điểm,FRED,D,2026-10-10
2026-07-27,120.7739,điểm,FRED,D,2026-10-10
2026-07-28,120.6247,điểm,FRED,D,2026-10-10
2026-07-29,120.7892,điểm,FRED,D,2026-10-10
2026-07-30,119.6753,điểm,FRED,D,2026-10-10
2026-07-31,119.7034,điểm,FRED,D,2026-10-10
2026-08-03,119.6951,điểm,FRED,D,2026-10-10
2026-08-04,119.5977,điểm,FRED,D,2026-10-10
2026-08-05,119.3881,điểm,FRED,D,2026-10-10
2026-08-06,119.5113,điểm,FRED,D,2026-10-10
2026-08-07,119.0649,điểm,FRED,D,2026-10-10
2026-08-10,119.1187,điểm,FRED,D,2026-10-10
2026-08-11,119.179,điểm,FRED,D,2026-10-10
2026-08-12,119.1179,điểm,FRED,D,2026-10-10
2026-08-13,119.1848,điểm,FRED,D,2026-10-10
2026-08-14,118.9028,điểm,FRED,D,2026-10-10
2026-08-17,118.814,điểm,FRED,D,2026-10-10
2026-08-18,118.9831,điểm,FRED,D,2026-10-10
2026-08-19,118.3328,điểm,FRED,D,2026-10-10
2026-08-20,118.2548,điểm,FRED,D,2026-10-10
2026-08-21,118.0628,điểm,FRED,D,2026-10-10
2026-08-24,118.3195,điểm,FRED,D,2026-10-10
2026-08-25,118.2283,điểm,FRED,D,2026-10-10
2026-08-26,118.4461,điểm,FRED,D,2026-10-10
2026-08-27,118.3583,điểm,FRED,D,2026-10-10
2026-08-28,118.7479,điểm,FRED,D,2026-10-10
2026-08-31,118.5679,điểm,FRED,D,2026-10-10
2026-09-01,118.6568,điểm,FRED,D,2026-10-10
2026-09-02,118.5296,điểm,FRED,D,2026-10-10
2026-09-03,118.127,điểm,FRED,D,2026-10-10
2026-09-04,118.0732,điểm,FRED,D,2026-10-10
2026-09-08,117.9127,điểm,FRED,D,2026-10-10
2026-09-09,117.8834,điểm,FRED,D,2026-10-10
2026-09-10,118.0787,điểm,FRED,D,2026-10-10
2026-09-11,118.2126,điểm,FRED,D,2026-10-10
2026-09-14,118.6923,điểm,FRED,D,2026-10-10
2026-09-15,118.8822,điểm,FRED,D,2026-10-10
2026-09-16,118.9206,điểm,FRED,D,2026-10-10
2026-09-17,119.3489,điểm,FRED,D,2026-10-10
2026-09-18,119.5133,điểm,FRED,D,2026-10-10
2026-09-21,119.4014,điểm,FRED,D,2026-10-10
2026-09-22,119.5933,điểm,FRED,D,2026-10-10
2026-09-23,120.1169,điểm,FRED,D,2026-10-10
2026-09-24,120.5521,điểm,FRED,D,2026-10-10
2026-09-25,120.33,điểm,FRED,D,2026-10-10
2026-09-28,120.6958,điểm,FRED,D,2026-10-10
2026-09-29,121.0296,điểm,FRED,D,2026-10-10
2026-09-30,120.9693,điểm,FRED,D,2026-10-10
2026-10-01,121.7882,điểm,FRED,D,2026-10-10
2026-10-02,121.3848,điểm,FRED,D,2026-10-10
