date,value,unit,source,frequency,vintage_date
2010-01-04,20.04,điểm,FRED,D,2026-10-08
2010-01-05,19.35,điểm,FRED,D,2026-10-08
2010-01-06,19.16,điểm,FRED,D,2026-10-08
2010-01-07,19.06,điểm,FRED,D,2026-10-08
2010-01-08,18.13,điểm,FRED,D,2026-10-08
2010-01-11,17.55,điểm,FRED,D,2026-10-08
2010-01-12,18.25,điểm,FRED,D,2026-10-08
2010-01-13,17.85,điểm,FRED,D,2026-10-08
2010-01-14,17.63,điểm,FRED,D,2026-10-08
2010-01-15,17.91,điểm,FRED,D,2026-10-08
2010-01-19,17.58,điểm,FRED,D,2026-10-08
2010-01-20,18.68,điểm,FRED,D,2026-10-08
2010-01-21,22.27,điểm,FRED,D,2026-10-08
2010-01-22,27.31,điểm,FRED,D,2026-10-08
2010-01-25,25.41,điểm,FRED,D,2026-10-08
2010-01-26,24.55,điểm,FRED,D,2026-10-08
2010-01-27,23.14,điểm,FRED,D,2026-10-08
2010-01-28,23.73,điểm,FRED,D,2026-10-08
2010-01-29,24.62,điểm,FRED,D,2026-10-08
2010-02-01,22.59,điểm,FRED,D,2026-10-08
2010-02-02,21.48,điểm,FRED,D,2026-10-08
2010-02-03,21.6,điểm,FRED,D,2026-10-08
2010-02-04,26.08,điểm,FRED,D,2026-10-08
2010-02-05,26.11,điểm,FRED,D,2026-10-08
2010-02-08,26.51,điểm,FRED,D,2026-10-08
2010-02-09,26.0,điểm,FRED,D,2026-10-08
2010-02-10,25.4,điểm,FRED,D,2026-10-08
2010-02-11,23.96,điểm,FRED,D,2026-10-08
2010-02-12,22.73,điểm,FRED,D,2026-10-08
2010-02-16,22.25,điểm,FRED,D,2026-10-08
2010-02-17,21.72,điểm,FRED,D,2026-10-08
2010-02-18,20.63,điểm,FRED,D,2026-10-08
2010-02-19,20.02,điểm,FRED,D,2026-10-08
2010-02-22,19.94,điểm,FRED,D,2026-10-08
2010-02-23,21.37,điểm,FRED,D,2026-10-08
2010-02-24,20.27,điểm,FRED,D,2026-10-08
2010-02-25,20.1,điểm,FRED,D,2026-10-08
2010-02-26,19.5,điểm,FRED,D,2026-10-08
2010-03-01,19.26,điểm,FRED,D,2026-10-08
2010-03-02,19.06,điểm,FRED,D,2026-10-08
2010-03-03,18.83,điểm,FRED,D,2026-10-08
2010-03-04,18.72,điểm,FRED,D,2026-10-08
2010-03-05,17.42,điểm,FRED,D,2026-10-08
2010-03-08,17.79,điểm,FRED,D,2026-10-08
2010-03-09,17.92,điểm,FRED,D,2026-10-08
2010-03-10,18.57,điểm,FRED,D,2026-10-08
2010-03-11,18.06,điểm,FRED,D,2026-10-08
2010-03-12,17.58,điểm,FRED,D,2026-10-08
2010-03-15,18.0,điểm,FRED,D,2026-10-08
2010-03-16,17.69,điểm,FRED,D,2026-10-08
2010-03-17,16.91,điểm,FRED,D,2026-10-08
2010-03-18,16.62,điểm,FRED,D,2026-10-08
2010-03-19,16.97,điểm,FRED,D,2026-10-08
2010-03-22,16.87,điểm,FRED,D,2026-10-08
2010-03-23,16.35,điểm,FRED,D,2026-10-08
2010-03-24,17.55,điểm,FRED,D,2026-10-08
2010-03-25,18.4,điểm,FRED,D,2026-10-08
2010-03-26,17.77,điểm,FRED,D,2026-10-08
2010-03-29,17.59,điểm,FRED,D,2026-10-08
2010-03-30,17.13,điểm,FRED,D,2026-10-08
2010-03-31,17.59,điểm,FRED,D,2026-10-08
2010-04-01,17.47,điểm,FRED,D,2026-10-08
2010-04-05,17.02,điểm,FRED,D,2026-10-08
2010-04-06,16.23,điểm,FRED,D,2026-10-08
2010-04-07,16.62,điểm,FRED,D,2026-10-08
2010-04-08,16.48,điểm,FRED,D,2026-10-08
2010-04-09,16.14,điểm,FRED,D,2026-10-08
2010-04-12,15.58,điểm,FRED,D,2026-10-08
2010-04-13,16.2,điểm,FRED,D,2026-10-08
2010-04-14,15.59,điểm,FRED,D,2026-10-08
2010-04-15,15.89,điểm,FRED,D,2026-10-08
2010-04-16,18.36,điểm,FRED,D,2026-10-08
2010-04-19,17.34,điểm,FRED,D,2026-10-08
2010-04-20,15.73,điểm,FRED,D,2026-10-08
2010-04-21,16.32,điểm,FRED,D,2026-10-08
2010-04-22,16.47,điểm,FRED,D,2026-10-08
2010-04-23,16.62,điểm,FRED,D,2026-10-08
2010-04-26,17.47,điểm,FRED,D,2026-10-08
2010-04-27,22.81,điểm,FRED,D,2026-10-08
2010-04-28,21.08,điểm,FRED,D,2026-10-08
2010-04-29,18.44,điểm,FRED,D,2026-10-08
2010-04-30,22.05,điểm,FRED,D,2026-10-08
2010-05-03,20.19,điểm,FRED,D,2026-10-08
2010-05-04,23.84,điểm,FRED,D,2026-10-08
2010-05-05,24.91,điểm,FRED,D,2026-10-08
2010-05-06,32.8,điểm,FRED,D,2026-10-08
2010-05-07,40.95,điểm,FRED,D,2026-10-08
2010-05-10,28.84,điểm,FRED,D,2026-10-08
2010-05-11,28.32,điểm,FRED,D,2026-10-08
2010-05-12,25.52,điểm,FRED,D,2026-10-08
2010-05-13,26.68,điểm,FRED,D,2026-10-08
2010-05-14,31.24,điểm,FRED,D,2026-10-08
2010-05-17,30.84,điểm,FRED,D,2026-10-08
2010-05-18,33.55,điểm,FRED,D,2026-10-08
2010-05-19,35.32,điểm,FRED,D,2026-10-08
2010-05-20,45.79,điểm,FRED,D,2026-10-08
2010-05-21,40.1,điểm,FRED,D,2026-10-08
2010-05-24,38.32,điểm,FRED,D,2026-10-08
2010-05-25,34.61,điểm,FRED,D,2026-10-08
2010-05-26,35.02,điểm,FRED,D,2026-10-08
2010-05-27,29.68,điểm,FRED,D,2026-10-08
2010-05-28,32.07,điểm,FRED,D,2026-10-08
2010-06-01,35.54,điểm,FRED,D,2026-10-08
2010-06-02,30.17,điểm,FRED,D,2026-10-08
2010-06-03,29.46,điểm,FRED,D,2026-10-08
2010-06-04,35.48,điểm,FRED,D,2026-10-08
2010-06-07,36.57,điểm,FRED,D,2026-10-08
2010-06-08,33.7,điểm,FRED,D,2026-10-08
2010-06-09,33.73,điểm,FRED,D,2026-10-08
2010-06-10,30.57,điểm,FRED,D,2026-10-08
2010-06-11,28.79,điểm,FRED,D,2026-10-08
2010-06-14,28.58,điểm,FRED,D,2026-10-08
2010-06-15,25.87,điểm,FRED,D,2026-10-08
2010-06-16,25.92,điểm,FRED,D,2026-10-08
2010-06-17,25.05,điểm,FRED,D,2026-10-08
2010-06-18,23.95,điểm,FRED,D,2026-10-08
2010-06-21,24.88,điểm,FRED,D,2026-10-08
2010-06-22,27.05,điểm,FRED,D,2026-10-08
2010-06-23,26.91,điểm,FRED,D,2026-10-08
2010-06-24,29.74,điểm,FRED,D,2026-10-08
2010-06-25,28.53,điểm,FRED,D,2026-10-08
2010-06-28,29.0,điểm,FRED,D,2026-10-08
2010-06-29,34.13,điểm,FRED,D,2026-10-08
2010-06-30,34.54,điểm,FRED,D,2026-10-08
2010-07-01,32.86,điểm,FRED,D,2026-10-08
2010-07-02,30.12,điểm,FRED,D,2026-10-08
2010-07-06,29.65,điểm,FRED,D,2026-10-08
2010-07-07,26.84,điểm,FRED,D,2026-10-08
2010-07-08,25.71,điểm,FRED,D,2026-10-08
2010-07-09,24.98,điểm,FRED,D,2026-10-08
2010-07-12,24.43,điểm,FRED,D,2026-10-08
2010-07-13,24.56,điểm,FRED,D,2026-10-08
2010-07-14,24.89,điểm,FRED,D,2026-10-08
2010-07-15,25.14,điểm,FRED,D,2026-10-08
2010-07-16,26.25,điểm,FRED,D,2026-10-08
2010-07-19,25.97,điểm,FRED,D,2026-10-08
2010-07-20,23.93,điểm,FRED,D,2026-10-08
2010-07-21,25.64,điểm,FRED,D,2026-10-08
2010-07-22,24.63,điểm,FRED,D,2026-10-08
2010-07-23,23.47,điểm,FRED,D,2026-10-08
2010-07-26,22.73,điểm,FRED,D,2026-10-08
2010-07-27,23.19,điểm,FRED,D,2026-10-08
2010-07-28,24.25,điểm,FRED,D,2026-10-08
2010-07-29,24.13,điểm,FRED,D,2026-10-08
2010-07-30,23.5,điểm,FRED,D,2026-10-08
2010-08-02,22.01,điểm,FRED,D,2026-10-08
2010-08-03,22.63,điểm,FRED,D,2026-10-08
2010-08-04,22.21,điểm,FRED,D,2026-10-08
2010-08-05,22.1,điểm,FRED,D,2026-10-08
2010-08-06,21.74,điểm,FRED,D,2026-10-08
2010-08-09,22.14,điểm,FRED,D,2026-10-08
2010-08-10,22.37,điểm,FRED,D,2026-10-08
2010-08-11,25.39,điểm,FRED,D,2026-10-08
2010-08-12,25.73,điểm,FRED,D,2026-10-08
2010-08-13,26.24,điểm,FRED,D,2026-10-08
2010-08-16,26.1,điểm,FRED,D,2026-10-08
2010-08-17,24.33,điểm,FRED,D,2026-10-08
2010-08-18,24.59,điểm,FRED,D,2026-10-08
2010-08-19,26.44,điểm,FRED,D,2026-10-08
2010-08-20,25.49,điểm,FRED,D,2026-10-08
2010-08-23,25.66,điểm,FRED,D,2026-10-08
2010-08-24,27.46,điểm,FRED,D,2026-10-08
2010-08-25,26.7,điểm,FRED,D,2026-10-08
2010-08-26,27.37,điểm,FRED,D,2026-10-08
2010-08-27,24.45,điểm,FRED,D,2026-10-08
2010-08-30,27.21,điểm,FRED,D,2026-10-08
2010-08-31,26.05,điểm,FRED,D,2026-10-08
2010-09-01,23.89,điểm,FRED,D,2026-10-08
2010-09-02,23.19,điểm,FRED,D,2026-10-08
2010-09-03,21.31,điểm,FRED,D,2026-10-08
2010-09-07,23.8,điểm,FRED,D,2026-10-08
2010-09-08,23.25,điểm,FRED,D,2026-10-08
2010-09-09,22.81,điểm,FRED,D,2026-10-08
2010-09-10,21.99,điểm,FRED,D,2026-10-08
2010-09-13,21.21,điểm,FRED,D,2026-10-08
2010-09-14,21.56,điểm,FRED,D,2026-10-08
2010-09-15,22.1,điểm,FRED,D,2026-10-08
2010-09-16,21.72,điểm,FRED,D,2026-10-08
2010-09-17,22.01,điểm,FRED,D,2026-10-08
2010-09-20,21.5,điểm,FRED,D,2026-10-08
2010-09-21,22.35,điểm,FRED,D,2026-10-08
2010-09-22,22.51,điểm,FRED,D,2026-10-08
2010-09-23,23.87,điểm,FRED,D,2026-10-08
2010-09-24,21.71,điểm,FRED,D,2026-10-08
2010-09-27,22.54,điểm,FRED,D,2026-10-08
2010-09-28,22.6,điểm,FRED,D,2026-10-08
2010-09-29,23.25,điểm,FRED,D,2026-10-08
2010-09-30,23.7,điểm,FRED,D,2026-10-08
2010-10-01,22.5,điểm,FRED,D,2026-10-08
2010-10-04,23.53,điểm,FRED,D,2026-10-08
2010-10-05,21.76,điểm,FRED,D,2026-10-08
2010-10-06,21.49,điểm,FRED,D,2026-10-08
2010-10-07,21.56,điểm,FRED,D,2026-10-08
2010-10-08,20.71,điểm,FRED,D,2026-10-08
2010-10-11,18.96,điểm,FRED,D,2026-10-08
2010-10-12,18.93,điểm,FRED,D,2026-10-08
2010-10-13,19.07,điểm,FRED,D,2026-10-08
2010-10-14,19.88,điểm,FRED,D,2026-10-08
2010-10-15,19.03,điểm,FRED,D,2026-10-08
2010-10-18,19.09,điểm,FRED,D,2026-10-08
2010-10-19,20.63,điểm,FRED,D,2026-10-08
2010-10-20,19.79,điểm,FRED,D,2026-10-08
2010-10-21,19.27,điểm,FRED,D,2026-10-08
2010-10-22,18.78,điểm,FRED,D,2026-10-08
2010-10-25,19.85,điểm,FRED,D,2026-10-08
2010-10-26,20.22,điểm,FRED,D,2026-10-08
2010-10-27,20.71,điểm,FRED,D,2026-10-08
2010-10-28,20.88,điểm,FRED,D,2026-10-08
2010-10-29,21.2,điểm,FRED,D,2026-10-08
2010-11-01,21.83,điểm,FRED,D,2026-10-08
2010-11-02,21.57,điểm,FRED,D,2026-10-08
2010-11-03,19.56,điểm,FRED,D,2026-10-08
2010-11-04,18.52,điểm,FRED,D,2026-10-08
2010-11-05,18.26,điểm,FRED,D,2026-10-08
2010-11-08,18.29,điểm,FRED,D,2026-10-08
2010-11-09,19.08,điểm,FRED,D,2026-10-08
2010-11-10,18.47,điểm,FRED,D,2026-10-08
2010-11-11,18.64,điểm,FRED,D,2026-10-08
2010-11-12,20.61,điểm,FRED,D,2026-10-08
2010-11-15,20.2,điểm,FRED,D,2026-10-08
2010-11-16,22.58,điểm,FRED,D,2026-10-08
2010-11-17,21.76,điểm,FRED,D,2026-10-08
2010-11-18,18.75,điểm,FRED,D,2026-10-08
2010-11-19,18.04,điểm,FRED,D,2026-10-08
2010-11-22,18.37,điểm,FRED,D,2026-10-08
2010-11-23,20.63,điểm,FRED,D,2026-10-08
2010-11-24,19.56,điểm,FRED,D,2026-10-08
2010-11-26,22.22,điểm,FRED,D,2026-10-08
2010-11-29,21.53,điểm,FRED,D,2026-10-08
2010-11-30,23.54,điểm,FRED,D,2026-10-08
2010-12-01,21.36,điểm,FRED,D,2026-10-08
2010-12-02,19.39,điểm,FRED,D,2026-10-08
2010-12-03,18.01,điểm,FRED,D,2026-10-08
2010-12-06,18.02,điểm,FRED,D,2026-10-08
2010-12-07,17.99,điểm,FRED,D,2026-10-08
2010-12-08,17.74,điểm,FRED,D,2026-10-08
2010-12-09,17.25,điểm,FRED,D,2026-10-08
2010-12-10,17.61,điểm,FRED,D,2026-10-08
2010-12-13,17.55,điểm,FRED,D,2026-10-08
2010-12-14,17.61,điểm,FRED,D,2026-10-08
2010-12-15,17.94,điểm,FRED,D,2026-10-08
2010-12-16,17.39,điểm,FRED,D,2026-10-08
2010-12-17,16.11,điểm,FRED,D,2026-10-08
2010-12-20,16.41,điểm,FRED,D,2026-10-08
2010-12-21,16.49,điểm,FRED,D,2026-10-08
2010-12-22,15.45,điểm,FRED,D,2026-10-08
2010-12-23,16.47,điểm,FRED,D,2026-10-08
2010-12-27,17.67,điểm,FRED,D,2026-10-08
2010-12-28,17.52,điểm,FRED,D,2026-10-08
2010-12-29,17.28,điểm,FRED,D,2026-10-08
2010-12-30,17.52,điểm,FRED,D,2026-10-08
2010-12-31,17.75,điểm,FRED,D,2026-10-08
2011-01-03,17.61,điểm,FRED,D,2026-10-08
2011-01-04,17.38,điểm,FRED,D,2026-10-08
2011-01-05,17.02,điểm,FRED,D,2026-10-08
2011-01-06,17.4,điểm,FRED,D,2026-10-08
2011-01-07,17.14,điểm,FRED,D,2026-10-08
2011-01-10,17.54,điểm,FRED,D,2026-10-08
2011-01-11,16.89,điểm,FRED,D,2026-10-08
2011-01-12,16.24,điểm,FRED,D,2026-10-08
2011-01-13,16.39,điểm,FRED,D,2026-10-08
2011-01-14,15.46,điểm,FRED,D,2026-10-08
2011-01-18,15.87,điểm,FRED,D,2026-10-08
2011-01-19,17.31,điểm,FRED,D,2026-10-08
2011-01-20,17.99,điểm,FRED,D,2026-10-08
2011-01-21,18.47,điểm,FRED,D,2026-10-08
2011-01-24,17.65,điểm,FRED,D,2026-10-08
2011-01-25,17.59,điểm,FRED,D,2026-10-08
2011-01-26,16.64,điểm,FRED,D,2026-10-08
2011-01-27,16.15,điểm,FRED,D,2026-10-08
2011-01-28,20.04,điểm,FRED,D,2026-10-08
2011-01-31,19.53,điểm,FRED,D,2026-10-08
2011-02-01,17.63,điểm,FRED,D,2026-10-08
2011-02-02,17.3,điểm,FRED,D,2026-10-08
2011-02-03,16.69,điểm,FRED,D,2026-10-08
2011-02-04,15.93,điểm,FRED,D,2026-10-08
2011-02-07,16.28,điểm,FRED,D,2026-10-08
2011-02-08,15.81,điểm,FRED,D,2026-10-08
2011-02-09,15.87,điểm,FRED,D,2026-10-08
2011-02-10,16.09,điểm,FRED,D,2026-10-08
2011-02-11,15.69,điểm,FRED,D,2026-10-08
2011-02-14,15.95,điểm,FRED,D,2026-10-08
2011-02-15,16.37,điểm,FRED,D,2026-10-08
2011-02-16,16.72,điểm,FRED,D,2026-10-08
2011-02-17,16.59,điểm,FRED,D,2026-10-08
2011-02-18,16.43,điểm,FRED,D,2026-10-08
2011-02-22,20.8,điểm,FRED,D,2026-10-08
2011-02-23,22.13,điểm,FRED,D,2026-10-08
2011-02-24,21.32,điểm,FRED,D,2026-10-08
2011-02-25,19.22,điểm,FRED,D,2026-10-08
2011-02-28,18.35,điểm,FRED,D,2026-10-08
2011-03-01,21.01,điểm,FRED,D,2026-10-08
2011-03-02,20.7,điểm,FRED,D,2026-10-08
2011-03-03,18.6,điểm,FRED,D,2026-10-08
2011-03-04,19.06,điểm,FRED,D,2026-10-08
2011-03-07,20.66,điểm,FRED,D,2026-10-08
2011-03-08,19.82,điểm,FRED,D,2026-10-08
2011-03-09,20.22,điểm,FRED,D,2026-10-08
2011-03-10,21.88,điểm,FRED,D,2026-10-08
2011-03-11,20.08,điểm,FRED,D,2026-10-08
2011-03-14,21.13,điểm,FRED,D,2026-10-08
2011-03-15,24.32,điểm,FRED,D,2026-10-08
2011-03-16,29.4,điểm,FRED,D,2026-10-08
2011-03-17,26.37,điểm,FRED,D,2026-10-08
2011-03-18,24.44,điểm,FRED,D,2026-10-08
2011-03-21,20.61,điểm,FRED,D,2026-10-08
2011-03-22,20.21,điểm,FRED,D,2026-10-08
2011-03-23,19.17,điểm,FRED,D,2026-10-08
2011-03-24,18.0,điểm,FRED,D,2026-10-08
2011-03-25,17.91,điểm,FRED,D,2026-10-08
2011-03-28,19.44,điểm,FRED,D,2026-10-08
2011-03-29,18.16,điểm,FRED,D,2026-10-08
2011-03-30,17.71,điểm,FRED,D,2026-10-08
2011-03-31,17.74,điểm,FRED,D,2026-10-08
2011-04-01,17.4,điểm,FRED,D,2026-10-08
2011-04-04,17.5,điểm,FRED,D,2026-10-08
2011-04-05,17.25,điểm,FRED,D,2026-10-08
2011-04-06,16.9,điểm,FRED,D,2026-10-08
2011-04-07,17.11,điểm,FRED,D,2026-10-08
2011-04-08,17.87,điểm,FRED,D,2026-10-08
2011-04-11,16.59,điểm,FRED,D,2026-10-08
2011-04-12,17.09,điểm,FRED,D,2026-10-08
2011-04-13,16.92,điểm,FRED,D,2026-10-08
2011-04-14,16.27,điểm,FRED,D,2026-10-08
2011-04-15,15.32,điểm,FRED,D,2026-10-08
2011-04-18,16.96,điểm,FRED,D,2026-10-08
2011-04-19,15.83,điểm,FRED,D,2026-10-08
2011-04-20,15.07,điểm,FRED,D,2026-10-08
2011-04-21,14.69,điểm,FRED,D,2026-10-08
2011-04-25,15.77,điểm,FRED,D,2026-10-08
2011-04-26,15.62,điểm,FRED,D,2026-10-08
2011-04-27,15.35,điểm,FRED,D,2026-10-08
2011-04-28,14.62,điểm,FRED,D,2026-10-08
2011-04-29,14.75,điểm,FRED,D,2026-10-08
2011-05-02,15.99,điểm,FRED,D,2026-10-08
2011-05-03,16.7,điểm,FRED,D,2026-10-08
2011-05-04,17.08,điểm,FRED,D,2026-10-08
2011-05-05,18.2,điểm,FRED,D,2026-10-08
2011-05-06,18.4,điểm,FRED,D,2026-10-08
2011-05-09,17.16,điểm,FRED,D,2026-10-08
2011-05-10,15.91,điểm,FRED,D,2026-10-08
2011-05-11,16.95,điểm,FRED,D,2026-10-08
2011-05-12,16.03,điểm,FRED,D,2026-10-08
2011-05-13,17.07,điểm,FRED,D,2026-10-08
2011-05-16,18.24,điểm,FRED,D,2026-10-08
2011-05-17,17.55,điểm,FRED,D,2026-10-08
2011-05-18,16.23,điểm,FRED,D,2026-10-08
2011-05-19,15.52,điểm,FRED,D,2026-10-08
2011-05-20,17.43,điểm,FRED,D,2026-10-08
2011-05-23,18.27,điểm,FRED,D,2026-10-08
2011-05-24,17.82,điểm,FRED,D,2026-10-08
2011-05-25,17.07,điểm,FRED,D,2026-10-08
2011-05-26,16.09,điểm,FRED,D,2026-10-08
2011-05-27,15.98,điểm,FRED,D,2026-10-08
2011-05-31,15.45,điểm,FRED,D,2026-10-08
2011-06-01,18.3,điểm,FRED,D,2026-10-08
2011-06-02,18.09,điểm,FRED,D,2026-10-08
2011-06-03,17.95,điểm,FRED,D,2026-10-08
2011-06-06,18.49,điểm,FRED,D,2026-10-08
2011-06-07,18.07,điểm,FRED,D,2026-10-08
2011-06-08,18.79,điểm,FRED,D,2026-10-08
2011-06-09,17.77,điểm,FRED,D,2026-10-08
2011-06-10,18.86,điểm,FRED,D,2026-10-08
2011-06-13,19.61,điểm,FRED,D,2026-10-08
2011-06-14,18.26,điểm,FRED,D,2026-10-08
2011-06-15,21.32,điểm,FRED,D,2026-10-08
2011-06-16,22.73,điểm,FRED,D,2026-10-08
2011-06-17,21.85,điểm,FRED,D,2026-10-08
2011-06-20,19.99,điểm,FRED,D,2026-10-08
2011-06-21,18.86,điểm,FRED,D,2026-10-08
2011-06-22,18.52,điểm,FRED,D,2026-10-08
2011-06-23,19.29,điểm,FRED,D,2026-10-08
2011-06-24,21.1,điểm,FRED,D,2026-10-08
2011-06-27,20.56,điểm,FRED,D,2026-10-08
2011-06-28,19.17,điểm,FRED,D,2026-10-08
2011-06-29,17.27,điểm,FRED,D,2026-10-08
2011-06-30,16.52,điểm,FRED,D,2026-10-08
2011-07-01,15.87,điểm,FRED,D,2026-10-08
2011-07-05,16.06,điểm,FRED,D,2026-10-08
2011-07-06,16.34,điểm,FRED,D,2026-10-08
2011-07-07,15.95,điểm,FRED,D,2026-10-08
2011-07-08,15.95,điểm,FRED,D,2026-10-08
2011-07-11,18.39,điểm,FRED,D,2026-10-08
2011-07-12,19.87,điểm,FRED,D,2026-10-08
2011-07-13,19.91,điểm,FRED,D,2026-10-08
2011-07-14,20.8,điểm,FRED,D,2026-10-08
2011-07-15,19.53,điểm,FRED,D,2026-10-08
2011-07-18,20.95,điểm,FRED,D,2026-10-08
2011-07-19,19.21,điểm,FRED,D,2026-10-08
2011-07-20,19.09,điểm,FRED,D,2026-10-08
2011-07-21,17.56,điểm,FRED,D,2026-10-08
2011-07-22,17.52,điểm,FRED,D,2026-10-08
2011-07-25,19.35,điểm,FRED,D,2026-10-08
2011-07-26,20.23,điểm,FRED,D,2026-10-08
2011-07-27,22.98,điểm,FRED,D,2026-10-08
2011-07-28,23.74,điểm,FRED,D,2026-10-08
2011-07-29,25.25,điểm,FRED,D,2026-10-08
2011-08-01,23.66,điểm,FRED,D,2026-10-08
2011-08-02,24.79,điểm,FRED,D,2026-10-08
2011-08-03,23.38,điểm,FRED,D,2026-10-08
2011-08-04,31.66,điểm,FRED,D,2026-10-08
2011-08-05,32.0,điểm,FRED,D,2026-10-08
2011-08-08,48.0,điểm,FRED,D,2026-10-08
2011-08-09,35.06,điểm,FRED,D,2026-10-08
2011-08-10,42.99,điểm,FRED,D,2026-10-08
2011-08-11,39.0,điểm,FRED,D,2026-10-08
2011-08-12,36.36,điểm,FRED,D,2026-10-08
2011-08-15,31.87,điểm,FRED,D,2026-10-08
2011-08-16,32.85,điểm,FRED,D,2026-10-08
2011-08-17,31.58,điểm,FRED,D,2026-10-08
2011-08-18,42.67,điểm,FRED,D,2026-10-08
2011-08-19,43.05,điểm,FRED,D,2026-10-08
2011-08-22,42.44,điểm,FRED,D,2026-10-08
2011-08-23,36.27,điểm,FRED,D,2026-10-08
2011-08-24,35.9,điểm,FRED,D,2026-10-08
2011-08-25,39.76,điểm,FRED,D,2026-10-08
2011-08-26,35.59,điểm,FRED,D,2026-10-08
2011-08-29,32.28,điểm,FRED,D,2026-10-08
2011-08-30,32.89,điểm,FRED,D,2026-10-08
2011-08-31,31.62,điểm,FRED,D,2026-10-08
2011-09-01,31.82,điểm,FRED,D,2026-10-08
2011-09-02,33.92,điểm,FRED,D,2026-10-08
2011-09-06,37.0,điểm,FRED,D,2026-10-08
2011-09-07,33.38,điểm,FRED,D,2026-10-08
2011-09-08,34.32,điểm,FRED,D,2026-10-08
2011-09-09,38.52,điểm,FRED,D,2026-10-08
2011-09-12,38.59,điểm,FRED,D,2026-10-08
2011-09-13,36.91,điểm,FRED,D,2026-10-08
2011-09-14,34.6,điểm,FRED,D,2026-10-08
2011-09-15,31.97,điểm,FRED,D,2026-10-08
2011-09-16,30.98,điểm,FRED,D,2026-10-08
2011-09-19,32.73,điểm,FRED,D,2026-10-08
2011-09-20,32.86,điểm,FRED,D,2026-10-08
2011-09-21,37.32,điểm,FRED,D,2026-10-08
2011-09-22,41.35,điểm,FRED,D,2026-10-08
2011-09-23,41.25,điểm,FRED,D,2026-10-08
2011-09-26,39.02,điểm,FRED,D,2026-10-08
2011-09-27,37.71,điểm,FRED,D,2026-10-08
2011-09-28,41.08,điểm,FRED,D,2026-10-08
2011-09-29,38.84,điểm,FRED,D,2026-10-08
2011-09-30,42.96,điểm,FRED,D,2026-10-08
2011-10-03,45.45,điểm,FRED,D,2026-10-08
2011-10-04,40.82,điểm,FRED,D,2026-10-08
2011-10-05,37.81,điểm,FRED,D,2026-10-08
2011-10-06,36.27,điểm,FRED,D,2026-10-08
2011-10-07,36.2,điểm,FRED,D,2026-10-08
2011-10-10,33.02,điểm,FRED,D,2026-10-08
2011-10-11,32.86,điểm,FRED,D,2026-10-08
2011-10-12,31.26,điểm,FRED,D,2026-10-08
2011-10-13,30.7,điểm,FRED,D,2026-10-08
2011-10-14,28.24,điểm,FRED,D,2026-10-08
2011-10-17,33.39,điểm,FRED,D,2026-10-08
2011-10-18,31.56,điểm,FRED,D,2026-10-08
2011-10-19,34.44,điểm,FRED,D,2026-10-08
2011-10-20,34.78,điểm,FRED,D,2026-10-08
2011-10-21,31.32,điểm,FRED,D,2026-10-08
2011-10-24,29.26,điểm,FRED,D,2026-10-08
2011-10-25,32.22,điểm,FRED,D,2026-10-08
2011-10-26,29.86,điểm,FRED,D,2026-10-08
2011-10-27,25.46,điểm,FRED,D,2026-10-08
2011-10-28,24.53,điểm,FRED,D,2026-10-08
2011-10-31,29.96,điểm,FRED,D,2026-10-08
2011-11-01,34.77,điểm,FRED,D,2026-10-08
2011-11-02,32.74,điểm,FRED,D,2026-10-08
2011-11-03,30.5,điểm,FRED,D,2026-10-08
2011-11-04,30.16,điểm,FRED,D,2026-10-08
2011-11-07,29.85,điểm,FRED,D,2026-10-08
2011-11-08,27.48,điểm,FRED,D,2026-10-08
2011-11-09,36.16,điểm,FRED,D,2026-10-08
2011-11-10,32.81,điểm,FRED,D,2026-10-08
2011-11-11,30.04,điểm,FRED,D,2026-10-08
2011-11-14,31.13,điểm,FRED,D,2026-10-08
2011-11-15,31.22,điểm,FRED,D,2026-10-08
2011-11-16,33.51,điểm,FRED,D,2026-10-08
2011-11-17,34.51,điểm,FRED,D,2026-10-08
2011-11-18,32.0,điểm,FRED,D,2026-10-08
2011-11-21,32.91,điểm,FRED,D,2026-10-08
2011-11-22,31.97,điểm,FRED,D,2026-10-08
2011-11-23,33.98,điểm,FRED,D,2026-10-08
2011-11-25,34.47,điểm,FRED,D,2026-10-08
2011-11-28,32.13,điểm,FRED,D,2026-10-08
2011-11-29,30.64,điểm,FRED,D,2026-10-08
2011-11-30,27.8,điểm,FRED,D,2026-10-08
2011-12-01,27.41,điểm,FRED,D,2026-10-08
2011-12-02,27.52,điểm,FRED,D,2026-10-08
2011-12-05,27.84,điểm,FRED,D,2026-10-08
2011-12-06,28.13,điểm,FRED,D,2026-10-08
2011-12-07,28.67,điểm,FRED,D,2026-10-08
2011-12-08,30.59,điểm,FRED,D,2026-10-08
2011-12-09,26.38,điểm,FRED,D,2026-10-08
2011-12-12,25.67,điểm,FRED,D,2026-10-08
2011-12-13,25.41,điểm,FRED,D,2026-10-08
2011-12-14,26.04,điểm,FRED,D,2026-10-08
2011-12-15,25.11,điểm,FRED,D,2026-10-08
2011-12-16,24.29,điểm,FRED,D,2026-10-08
2011-12-19,24.92,điểm,FRED,D,2026-10-08
2011-12-20,23.22,điểm,FRED,D,2026-10-08
2011-12-21,21.43,điểm,FRED,D,2026-10-08
2011-12-22,21.16,điểm,FRED,D,2026-10-08
2011-12-23,20.73,điểm,FRED,D,2026-10-08
2011-12-27,21.91,điểm,FRED,D,2026-10-08
2011-12-28,23.52,điểm,FRED,D,2026-10-08
2011-12-29,22.65,điểm,FRED,D,2026-10-08
2011-12-30,23.4,điểm,FRED,D,2026-10-08
2012-01-03,22.97,điểm,FRED,D,2026-10-08
2012-01-04,22.22,điểm,FRED,D,2026-10-08
2012-01-05,21.48,điểm,FRED,D,2026-10-08
2012-01-06,20.63,điểm,FRED,D,2026-10-08
2012-01-09,21.07,điểm,FRED,D,2026-10-08
2012-01-10,20.69,điểm,FRED,D,2026-10-08
2012-01-11,21.05,điểm,FRED,D,2026-10-08
2012-01-12,20.47,điểm,FRED,D,2026-10-08
2012-01-13,20.91,điểm,FRED,D,2026-10-08
2012-01-17,22.2,điểm,FRED,D,2026-10-08
2012-01-18,20.89,điểm,FRED,D,2026-10-08
2012-01-19,19.87,điểm,FRED,D,2026-10-08
2012-01-20,18.28,điểm,FRED,D,2026-10-08
2012-01-23,18.67,điểm,FRED,D,2026-10-08
2012-01-24,18.91,điểm,FRED,D,2026-10-08
2012-01-25,18.31,điểm,FRED,D,2026-10-08
2012-01-26,18.57,điểm,FRED,D,2026-10-08
2012-01-27,18.53,điểm,FRED,D,2026-10-08
2012-01-30,19.4,điểm,FRED,D,2026-10-08
2012-01-31,19.44,điểm,FRED,D,2026-10-08
2012-02-01,18.55,điểm,FRED,D,2026-10-08
2012-02-02,17.98,điểm,FRED,D,2026-10-08
2012-02-03,17.1,điểm,FRED,D,2026-10-08
2012-02-06,17.76,điểm,FRED,D,2026-10-08
2012-02-07,17.65,điểm,FRED,D,2026-10-08
2012-02-08,18.16,điểm,FRED,D,2026-10-08
2012-02-09,18.63,điểm,FRED,D,2026-10-08
2012-02-10,20.79,điểm,FRED,D,2026-10-08
2012-02-13,19.04,điểm,FRED,D,2026-10-08
2012-02-14,19.54,điểm,FRED,D,2026-10-08
2012-02-15,21.14,điểm,FRED,D,2026-10-08
2012-02-16,19.22,điểm,FRED,D,2026-10-08
2012-02-17,17.78,điểm,FRED,D,2026-10-08
2012-02-21,18.19,điểm,FRED,D,2026-10-08
2012-02-22,18.19,điểm,FRED,D,2026-10-08
2012-02-23,16.8,điểm,FRED,D,2026-10-08
2012-02-24,17.31,điểm,FRED,D,2026-10-08
2012-02-27,18.19,điểm,FRED,D,2026-10-08
2012-02-28,17.96,điểm,FRED,D,2026-10-08
2012-02-29,18.43,điểm,FRED,D,2026-10-08
2012-03-01,17.26,điểm,FRED,D,2026-10-08
2012-03-02,17.29,điểm,FRED,D,2026-10-08
2012-03-05,18.05,điểm,FRED,D,2026-10-08
2012-03-06,20.87,điểm,FRED,D,2026-10-08
2012-03-07,19.07,điểm,FRED,D,2026-10-08
2012-03-08,17.95,điểm,FRED,D,2026-10-08
2012-03-09,17.11,điểm,FRED,D,2026-10-08
2012-03-12,15.64,điểm,FRED,D,2026-10-08
2012-03-13,14.8,điểm,FRED,D,2026-10-08
2012-03-14,15.31,điểm,FRED,D,2026-10-08
2012-03-15,15.42,điểm,FRED,D,2026-10-08
2012-03-16,14.47,điểm,FRED,D,2026-10-08
2012-03-19,15.04,điểm,FRED,D,2026-10-08
2012-03-20,15.58,điểm,FRED,D,2026-10-08
2012-03-21,15.13,điểm,FRED,D,2026-10-08
2012-03-22,15.57,điểm,FRED,D,2026-10-08
2012-03-23,14.82,điểm,FRED,D,2026-10-08
2012-03-26,14.26,điểm,FRED,D,2026-10-08
2012-03-27,15.59,điểm,FRED,D,2026-10-08
2012-03-28,15.47,điểm,FRED,D,2026-10-08
2012-03-29,15.48,điểm,FRED,D,2026-10-08
2012-03-30,15.5,điểm,FRED,D,2026-10-08
2012-04-02,15.64,điểm,FRED,D,2026-10-08
2012-04-03,15.66,điểm,FRED,D,2026-10-08
2012-04-04,16.44,điểm,FRED,D,2026-10-08
2012-04-05,16.7,điểm,FRED,D,2026-10-08
2012-04-09,18.81,điểm,FRED,D,2026-10-08
2012-04-10,20.39,điểm,FRED,D,2026-10-08
2012-04-11,20.02,điểm,FRED,D,2026-10-08
2012-04-12,17.2,điểm,FRED,D,2026-10-08
2012-04-13,19.55,điểm,FRED,D,2026-10-08
2012-04-16,19.55,điểm,FRED,D,2026-10-08
2012-04-17,18.46,điểm,FRED,D,2026-10-08
2012-04-18,18.64,điểm,FRED,D,2026-10-08
2012-04-19,18.36,điểm,FRED,D,2026-10-08
2012-04-20,17.44,điểm,FRED,D,2026-10-08
2012-04-23,18.97,điểm,FRED,D,2026-10-08
2012-04-24,18.1,điểm,FRED,D,2026-10-08
2012-04-25,16.82,điểm,FRED,D,2026-10-08
2012-04-26,16.24,điểm,FRED,D,2026-10-08
2012-04-27,16.32,điểm,FRED,D,2026-10-08
2012-04-30,17.15,điểm,FRED,D,2026-10-08
2012-05-01,16.6,điểm,FRED,D,2026-10-08
2012-05-02,16.88,điểm,FRED,D,2026-10-08
2012-05-03,17.56,điểm,FRED,D,2026-10-08
2012-05-04,19.16,điểm,FRED,D,2026-10-08
2012-05-07,18.94,điểm,FRED,D,2026-10-08
2012-05-08,19.05,điểm,FRED,D,2026-10-08
2012-05-09,20.08,điểm,FRED,D,2026-10-08
2012-05-10,18.83,điểm,FRED,D,2026-10-08
2012-05-11,19.89,điểm,FRED,D,2026-10-08
2012-05-14,21.87,điểm,FRED,D,2026-10-08
2012-05-15,21.97,điểm,FRED,D,2026-10-08
2012-05-16,22.27,điểm,FRED,D,2026-10-08
2012-05-17,24.49,điểm,FRED,D,2026-10-08
2012-05-18,25.1,điểm,FRED,D,2026-10-08
2012-05-21,22.01,điểm,FRED,D,2026-10-08
2012-05-22,22.48,điểm,FRED,D,2026-10-08
2012-05-23,22.33,điểm,FRED,D,2026-10-08
2012-05-24,21.54,điểm,FRED,D,2026-10-08
2012-05-25,21.76,điểm,FRED,D,2026-10-08
2012-05-29,21.03,điểm,FRED,D,2026-10-08
2012-05-30,24.14,điểm,FRED,D,2026-10-08
2012-05-31,24.06,điểm,FRED,D,2026-10-08
2012-06-01,26.66,điểm,FRED,D,2026-10-08
2012-06-04,26.12,điểm,FRED,D,2026-10-08
2012-06-05,24.68,điểm,FRED,D,2026-10-08
2012-06-06,22.16,điểm,FRED,D,2026-10-08
2012-06-07,21.72,điểm,FRED,D,2026-10-08
2012-06-08,21.23,điểm,FRED,D,2026-10-08
2012-06-11,23.56,điểm,FRED,D,2026-10-08
2012-06-12,22.09,điểm,FRED,D,2026-10-08
2012-06-13,24.27,điểm,FRED,D,2026-10-08
2012-06-14,21.68,điểm,FRED,D,2026-10-08
2012-06-15,21.11,điểm,FRED,D,2026-10-08
2012-06-18,18.32,điểm,FRED,D,2026-10-08
2012-06-19,18.38,điểm,FRED,D,2026-10-08
2012-06-20,17.24,điểm,FRED,D,2026-10-08
2012-06-21,20.08,điểm,FRED,D,2026-10-08
2012-06-22,18.11,điểm,FRED,D,2026-10-08
2012-06-25,20.38,điểm,FRED,D,2026-10-08
2012-06-26,19.72,điểm,FRED,D,2026-10-08
2012-06-27,19.45,điểm,FRED,D,2026-10-08
2012-06-28,19.71,điểm,FRED,D,2026-10-08
2012-06-29,17.08,điểm,FRED,D,2026-10-08
2012-07-02,16.8,điểm,FRED,D,2026-10-08
2012-07-03,16.66,điểm,FRED,D,2026-10-08
2012-07-05,17.5,điểm,FRED,D,2026-10-08
2012-07-06,17.1,điểm,FRED,D,2026-10-08
2012-07-09,17.98,điểm,FRED,D,2026-10-08
2012-07-10,18.72,điểm,FRED,D,2026-10-08
2012-07-11,17.95,điểm,FRED,D,2026-10-08
2012-07-12,18.33,điểm,FRED,D,2026-10-08
2012-07-13,16.74,điểm,FRED,D,2026-10-08
2012-07-16,17.11,điểm,FRED,D,2026-10-08
2012-07-17,16.48,điểm,FRED,D,2026-10-08
2012-07-18,16.16,điểm,FRED,D,2026-10-08
2012-07-19,15.45,điểm,FRED,D,2026-10-08
2012-07-20,16.27,điểm,FRED,D,2026-10-08
2012-07-23,18.62,điểm,FRED,D,2026-10-08
2012-07-24,20.47,điểm,FRED,D,2026-10-08
2012-07-25,19.34,điểm,FRED,D,2026-10-08
2012-07-26,17.53,điểm,FRED,D,2026-10-08
2012-07-27,16.7,điểm,FRED,D,2026-10-08
2012-07-30,18.03,điểm,FRED,D,2026-10-08
2012-07-31,18.93,điểm,FRED,D,2026-10-08
2012-08-01,18.96,điểm,FRED,D,2026-10-08
2012-08-02,17.57,điểm,FRED,D,2026-10-08
2012-08-03,15.64,điểm,FRED,D,2026-10-08
2012-08-06,15.95,điểm,FRED,D,2026-10-08
2012-08-07,15.99,điểm,FRED,D,2026-10-08
2012-08-08,15.32,điểm,FRED,D,2026-10-08
2012-08-09,15.28,điểm,FRED,D,2026-10-08
2012-08-10,14.74,điểm,FRED,D,2026-10-08
2012-08-13,13.7,điểm,FRED,D,2026-10-08
2012-08-14,14.85,điểm,FRED,D,2026-10-08
2012-08-15,14.63,điểm,FRED,D,2026-10-08
2012-08-16,14.29,điểm,FRED,D,2026-10-08
2012-08-17,13.45,điểm,FRED,D,2026-10-08
2012-08-20,14.02,điểm,FRED,D,2026-10-08
2012-08-21,15.02,điểm,FRED,D,2026-10-08
2012-08-22,15.11,điểm,FRED,D,2026-10-08
2012-08-23,15.96,điểm,FRED,D,2026-10-08
2012-08-24,15.18,điểm,FRED,D,2026-10-08
2012-08-27,16.35,điểm,FRED,D,2026-10-08
2012-08-28,16.49,điểm,FRED,D,2026-10-08
2012-08-29,17.06,điểm,FRED,D,2026-10-08
2012-08-30,17.83,điểm,FRED,D,2026-10-08
2012-08-31,17.47,điểm,FRED,D,2026-10-08
2012-09-04,17.98,điểm,FRED,D,2026-10-08
2012-09-05,17.74,điểm,FRED,D,2026-10-08
2012-09-06,15.6,điểm,FRED,D,2026-10-08
2012-09-07,14.38,điểm,FRED,D,2026-10-08
2012-09-10,16.28,điểm,FRED,D,2026-10-08
2012-09-11,16.41,điểm,FRED,D,2026-10-08
2012-09-12,15.8,điểm,FRED,D,2026-10-08
2012-09-13,14.05,điểm,FRED,D,2026-10-08
2012-09-14,14.51,điểm,FRED,D,2026-10-08
2012-09-17,14.59,điểm,FRED,D,2026-10-08
2012-09-18,14.18,điểm,FRED,D,2026-10-08
2012-09-19,13.88,điểm,FRED,D,2026-10-08
2012-09-20,14.07,điểm,FRED,D,2026-10-08
2012-09-21,13.98,điểm,FRED,D,2026-10-08
2012-09-24,14.15,điểm,FRED,D,2026-10-08
2012-09-25,15.43,điểm,FRED,D,2026-10-08
2012-09-26,16.81,điểm,FRED,D,2026-10-08
2012-09-27,14.84,điểm,FRED,D,2026-10-08
2012-09-28,15.73,điểm,FRED,D,2026-10-08
2012-10-01,16.32,điểm,FRED,D,2026-10-08
2012-10-02,15.71,điểm,FRED,D,2026-10-08
2012-10-03,15.43,điểm,FRED,D,2026-10-08
2012-10-04,14.55,điểm,FRED,D,2026-10-08
2012-10-05,14.33,điểm,FRED,D,2026-10-08
2012-10-08,15.11,điểm,FRED,D,2026-10-08
2012-10-09,16.37,điểm,FRED,D,2026-10-08
2012-10-10,16.29,điểm,FRED,D,2026-10-08
2012-10-11,15.59,điểm,FRED,D,2026-10-08
2012-10-12,16.14,điểm,FRED,D,2026-10-08
2012-10-15,15.27,điểm,FRED,D,2026-10-08
2012-10-16,15.22,điểm,FRED,D,2026-10-08
2012-10-17,15.07,điểm,FRED,D,2026-10-08
2012-10-18,15.03,điểm,FRED,D,2026-10-08
2012-10-19,17.06,điểm,FRED,D,2026-10-08
2012-10-22,16.62,điểm,FRED,D,2026-10-08
2012-10-23,18.83,điểm,FRED,D,2026-10-08
2012-10-24,18.33,điểm,FRED,D,2026-10-08
2012-10-25,18.12,điểm,FRED,D,2026-10-08
2012-10-26,17.81,điểm,FRED,D,2026-10-08
2012-10-31,18.6,điểm,FRED,D,2026-10-08
2012-11-01,16.69,điểm,FRED,D,2026-10-08
2012-11-02,17.59,điểm,FRED,D,2026-10-08
2012-11-05,18.42,điểm,FRED,D,2026-10-08
2012-11-06,17.58,điểm,FRED,D,2026-10-08
2012-11-07,19.08,điểm,FRED,D,2026-10-08
2012-11-08,18.49,điểm,FRED,D,2026-10-08
2012-11-09,18.61,điểm,FRED,D,2026-10-08
2012-11-12,16.68,điểm,FRED,D,2026-10-08
2012-11-13,16.65,điểm,FRED,D,2026-10-08
2012-11-14,17.92,điểm,FRED,D,2026-10-08
2012-11-15,17.99,điểm,FRED,D,2026-10-08
2012-11-16,16.41,điểm,FRED,D,2026-10-08
2012-11-19,15.24,điểm,FRED,D,2026-10-08
2012-11-20,15.08,điểm,FRED,D,2026-10-08
2012-11-21,15.31,điểm,FRED,D,2026-10-08
2012-11-23,15.14,điểm,FRED,D,2026-10-08
2012-11-26,15.5,điểm,FRED,D,2026-10-08
2012-11-27,15.92,điểm,FRED,D,2026-10-08
2012-11-28,15.51,điểm,FRED,D,2026-10-08
2012-11-29,15.06,điểm,FRED,D,2026-10-08
2012-11-30,15.87,điểm,FRED,D,2026-10-08
2012-12-03,16.64,điểm,FRED,D,2026-10-08
2012-12-04,17.12,điểm,FRED,D,2026-10-08
2012-12-05,16.46,điểm,FRED,D,2026-10-08
2012-12-06,16.58,điểm,FRED,D,2026-10-08
2012-12-07,15.9,điểm,FRED,D,2026-10-08
2012-12-10,16.05,điểm,FRED,D,2026-10-08
2012-12-11,15.57,điểm,FRED,D,2026-10-08
2012-12-12,15.95,điểm,FRED,D,2026-10-08
2012-12-13,16.56,điểm,FRED,D,2026-10-08
2012-12-14,17.0,điểm,FRED,D,2026-10-08
2012-12-17,16.34,điểm,FRED,D,2026-10-08
2012-12-18,15.57,điểm,FRED,D,2026-10-08
2012-12-19,17.36,điểm,FRED,D,2026-10-08
2012-12-20,17.67,điểm,FRED,D,2026-10-08
2012-12-21,17.84,điểm,FRED,D,2026-10-08
2012-12-24,17.84,điểm,FRED,D,2026-10-08
2012-12-26,19.48,điểm,FRED,D,2026-10-08
2012-12-27,19.47,điểm,FRED,D,2026-10-08
2012-12-28,22.72,điểm,FRED,D,2026-10-08
2012-12-31,18.02,điểm,FRED,D,2026-10-08
2013-01-02,14.68,điểm,FRED,D,2026-10-08
2013-01-03,14.56,điểm,FRED,D,2026-10-08
2013-01-04,13.83,điểm,FRED,D,2026-10-08
2013-01-07,13.79,điểm,FRED,D,2026-10-08
2013-01-08,13.62,điểm,FRED,D,2026-10-08
2013-01-09,13.81,điểm,FRED,D,2026-10-08
2013-01-10,13.49,điểm,FRED,D,2026-10-08
2013-01-11,13.36,điểm,FRED,D,2026-10-08
2013-01-14,13.52,điểm,FRED,D,2026-10-08
2013-01-15,13.55,điểm,FRED,D,2026-10-08
2013-01-16,13.42,điểm,FRED,D,2026-10-08
2013-01-17,13.57,điểm,FRED,D,2026-10-08
2013-01-18,12.46,điểm,FRED,D,2026-10-08
2013-01-22,12.43,điểm,FRED,D,2026-10-08
2013-01-23,12.46,điểm,FRED,D,2026-10-08
2013-01-24,12.69,điểm,FRED,D,2026-10-08
2013-01-25,12.89,điểm,FRED,D,2026-10-08
2013-01-28,13.57,điểm,FRED,D,2026-10-08
2013-01-29,13.31,điểm,FRED,D,2026-10-08
2013-01-30,14.32,điểm,FRED,D,2026-10-08
2013-01-31,14.28,điểm,FRED,D,2026-10-08
2013-02-01,12.9,điểm,FRED,D,2026-10-08
2013-02-04,14.67,điểm,FRED,D,2026-10-08
2013-02-05,13.72,điểm,FRED,D,2026-10-08
2013-02-06,13.41,điểm,FRED,D,2026-10-08
2013-02-07,13.5,điểm,FRED,D,2026-10-08
2013-02-08,13.02,điểm,FRED,D,2026-10-08
2013-02-11,12.94,điểm,FRED,D,2026-10-08
2013-02-12,12.64,điểm,FRED,D,2026-10-08
2013-02-13,12.98,điểm,FRED,D,2026-10-08
2013-02-14,12.66,điểm,FRED,D,2026-10-08
2013-02-15,12.46,điểm,FRED,D,2026-10-08
2013-02-19,12.31,điểm,FRED,D,2026-10-08
2013-02-20,14.68,điểm,FRED,D,2026-10-08
2013-02-21,15.22,điểm,FRED,D,2026-10-08
2013-02-22,14.17,điểm,FRED,D,2026-10-08
2013-02-25,18.99,điểm,FRED,D,2026-10-08
2013-02-26,16.87,điểm,FRED,D,2026-10-08
2013-02-27,14.73,điểm,FRED,D,2026-10-08
2013-02-28,15.51,điểm,FRED,D,2026-10-08
2013-03-01,15.36,điểm,FRED,D,2026-10-08
2013-03-04,14.01,điểm,FRED,D,2026-10-08
2013-03-05,13.48,điểm,FRED,D,2026-10-08
2013-03-06,13.53,điểm,FRED,D,2026-10-08
2013-03-07,13.06,điểm,FRED,D,2026-10-08
2013-03-08,12.59,điểm,FRED,D,2026-10-08
2013-03-11,11.56,điểm,FRED,D,2026-10-08
2013-03-12,12.27,điểm,FRED,D,2026-10-08
2013-03-13,11.83,điểm,FRED,D,2026-10-08
2013-03-14,11.3,điểm,FRED,D,2026-10-08
2013-03-15,11.3,điểm,FRED,D,2026-10-08
2013-03-18,13.36,điểm,FRED,D,2026-10-08
2013-03-19,14.39,điểm,FRED,D,2026-10-08
2013-03-20,12.67,điểm,FRED,D,2026-10-08
2013-03-21,13.99,điểm,FRED,D,2026-10-08
2013-03-22,13.57,điểm,FRED,D,2026-10-08
2013-03-25,13.74,điểm,FRED,D,2026-10-08
2013-03-26,12.77,điểm,FRED,D,2026-10-08
2013-03-27,13.15,điểm,FRED,D,2026-10-08
2013-03-28,12.7,điểm,FRED,D,2026-10-08
2013-04-01,13.58,điểm,FRED,D,2026-10-08
2013-04-02,12.78,điểm,FRED,D,2026-10-08
2013-04-03,14.21,điểm,FRED,D,2026-10-08
2013-04-04,13.89,điểm,FRED,D,2026-10-08
2013-04-05,13.92,điểm,FRED,D,2026-10-08
2013-04-08,13.19,điểm,FRED,D,2026-10-08
2013-04-09,12.84,điểm,FRED,D,2026-10-08
2013-04-10,12.36,điểm,FRED,D,2026-10-08
2013-04-11,12.24,điểm,FRED,D,2026-10-08
2013-04-12,12.06,điểm,FRED,D,2026-10-08
2013-04-15,17.27,điểm,FRED,D,2026-10-08
2013-04-16,13.96,điểm,FRED,D,2026-10-08
2013-04-17,16.51,điểm,FRED,D,2026-10-08
2013-04-18,17.56,điểm,FRED,D,2026-10-08
2013-04-19,14.97,điểm,FRED,D,2026-10-08
2013-04-22,14.39,điểm,FRED,D,2026-10-08
2013-04-23,13.48,điểm,FRED,D,2026-10-08
2013-04-24,13.61,điểm,FRED,D,2026-10-08
2013-04-25,13.62,điểm,FRED,D,2026-10-08
2013-04-26,13.61,điểm,FRED,D,2026-10-08
2013-04-29,13.71,điểm,FRED,D,2026-10-08
2013-04-30,13.52,điểm,FRED,D,2026-10-08
2013-05-01,14.49,điểm,FRED,D,2026-10-08
2013-05-02,13.59,điểm,FRED,D,2026-10-08
2013-05-03,12.85,điểm,FRED,D,2026-10-08
2013-05-06,12.66,điểm,FRED,D,2026-10-08
2013-05-07,12.83,điểm,FRED,D,2026-10-08
2013-05-08,12.66,điểm,FRED,D,2026-10-08
2013-05-09,13.13,điểm,FRED,D,2026-10-08
2013-05-10,12.59,điểm,FRED,D,2026-10-08
2013-05-13,12.55,điểm,FRED,D,2026-10-08
2013-05-14,12.77,điểm,FRED,D,2026-10-08
2013-05-15,12.81,điểm,FRED,D,2026-10-08
2013-05-16,13.07,điểm,FRED,D,2026-10-08
2013-05-17,12.45,điểm,FRED,D,2026-10-08
2013-05-20,13.02,điểm,FRED,D,2026-10-08
2013-05-21,13.37,điểm,FRED,D,2026-10-08
2013-05-22,13.82,điểm,FRED,D,2026-10-08
2013-05-23,14.07,điểm,FRED,D,2026-10-08
2013-05-24,13.99,điểm,FRED,D,2026-10-08
2013-05-28,14.48,điểm,FRED,D,2026-10-08
2013-05-29,14.83,điểm,FRED,D,2026-10-08
2013-05-30,14.53,điểm,FRED,D,2026-10-08
2013-05-31,16.3,điểm,FRED,D,2026-10-08
2013-06-03,16.28,điểm,FRED,D,2026-10-08
2013-06-04,16.27,điểm,FRED,D,2026-10-08
2013-06-05,17.5,điểm,FRED,D,2026-10-08
2013-06-06,16.63,điểm,FRED,D,2026-10-08
2013-06-07,15.14,điểm,FRED,D,2026-10-08
2013-06-10,15.44,điểm,FRED,D,2026-10-08
2013-06-11,17.07,điểm,FRED,D,2026-10-08
2013-06-12,18.59,điểm,FRED,D,2026-10-08
2013-06-13,16.41,điểm,FRED,D,2026-10-08
2013-06-14,17.15,điểm,FRED,D,2026-10-08
2013-06-17,16.8,điểm,FRED,D,2026-10-08
2013-06-18,16.61,điểm,FRED,D,2026-10-08
2013-06-19,16.64,điểm,FRED,D,2026-10-08
2013-06-20,20.49,điểm,FRED,D,2026-10-08
2013-06-21,18.9,điểm,FRED,D,2026-10-08
2013-06-24,20.11,điểm,FRED,D,2026-10-08
2013-06-25,18.47,điểm,FRED,D,2026-10-08
2013-06-26,17.21,điểm,FRED,D,2026-10-08
2013-06-27,16.86,điểm,FRED,D,2026-10-08
2013-06-28,16.86,điểm,FRED,D,2026-10-08
2013-07-01,16.37,điểm,FRED,D,2026-10-08
2013-07-02,16.44,điểm,FRED,D,2026-10-08
2013-07-03,16.2,điểm,FRED,D,2026-10-08
2013-07-05,14.89,điểm,FRED,D,2026-10-08
2013-07-08,14.78,điểm,FRED,D,2026-10-08
2013-07-09,14.35,điểm,FRED,D,2026-10-08
2013-07-10,14.21,điểm,FRED,D,2026-10-08
2013-07-11,14.01,điểm,FRED,D,2026-10-08
2013-07-12,13.84,điểm,FRED,D,2026-10-08
2013-07-15,13.79,điểm,FRED,D,2026-10-08
2013-07-16,14.42,điểm,FRED,D,2026-10-08
2013-07-17,13.78,điểm,FRED,D,2026-10-08
2013-07-18,13.77,điểm,FRED,D,2026-10-08
2013-07-19,12.54,điểm,FRED,D,2026-10-08
2013-07-22,12.29,điểm,FRED,D,2026-10-08
2013-07-23,12.66,điểm,FRED,D,2026-10-08
2013-07-24,13.18,điểm,FRED,D,2026-10-08
2013-07-25,12.97,điểm,FRED,D,2026-10-08
2013-07-26,12.72,điểm,FRED,D,2026-10-08
2013-07-29,13.39,điểm,FRED,D,2026-10-08
2013-07-30,13.39,điểm,FRED,D,2026-10-08
2013-07-31,13.45,điểm,FRED,D,2026-10-08
2013-08-01,12.94,điểm,FRED,D,2026-10-08
2013-08-02,11.98,điểm,FRED,D,2026-10-08
2013-08-05,11.84,điểm,FRED,D,2026-10-08
2013-08-06,12.72,điểm,FRED,D,2026-10-08
2013-08-07,12.98,điểm,FRED,D,2026-10-08
2013-08-08,12.73,điểm,FRED,D,2026-10-08
2013-08-09,13.41,điểm,FRED,D,2026-10-08
2013-08-12,12.81,điểm,FRED,D,2026-10-08
2013-08-13,12.31,điểm,FRED,D,2026-10-08
2013-08-14,13.04,điểm,FRED,D,2026-10-08
2013-08-15,14.73,điểm,FRED,D,2026-10-08
2013-08-16,14.37,điểm,FRED,D,2026-10-08
2013-08-19,15.1,điểm,FRED,D,2026-10-08
2013-08-20,14.91,điểm,FRED,D,2026-10-08
2013-08-21,15.94,điểm,FRED,D,2026-10-08
2013-08-22,14.76,điểm,FRED,D,2026-10-08
2013-08-23,13.98,điểm,FRED,D,2026-10-08
2013-08-26,14.99,điểm,FRED,D,2026-10-08
2013-08-27,16.77,điểm,FRED,D,2026-10-08
2013-08-28,16.49,điểm,FRED,D,2026-10-08
2013-08-29,16.81,điểm,FRED,D,2026-10-08
2013-08-30,17.01,điểm,FRED,D,2026-10-08
2013-09-03,16.61,điểm,FRED,D,2026-10-08
2013-09-04,15.88,điểm,FRED,D,2026-10-08
2013-09-05,15.77,điểm,FRED,D,2026-10-08
2013-09-06,15.85,điểm,FRED,D,2026-10-08
2013-09-09,15.63,điểm,FRED,D,2026-10-08
2013-09-10,14.53,điểm,FRED,D,2026-10-08
2013-09-11,13.82,điểm,FRED,D,2026-10-08
2013-09-12,14.29,điểm,FRED,D,2026-10-08
2013-09-13,14.16,điểm,FRED,D,2026-10-08
2013-09-16,14.38,điểm,FRED,D,2026-10-08
2013-09-17,14.53,điểm,FRED,D,2026-10-08
2013-09-18,13.59,điểm,FRED,D,2026-10-08
2013-09-19,13.16,điểm,FRED,D,2026-10-08
2013-09-20,13.12,điểm,FRED,D,2026-10-08
2013-09-23,14.31,điểm,FRED,D,2026-10-08
2013-09-24,14.08,điểm,FRED,D,2026-10-08
2013-09-25,14.01,điểm,FRED,D,2026-10-08
2013-09-26,14.06,điểm,FRED,D,2026-10-08
2013-09-27,15.46,điểm,FRED,D,2026-10-08
2013-09-30,16.6,điểm,FRED,D,2026-10-08
2013-10-01,15.54,điểm,FRED,D,2026-10-08
2013-10-02,16.6,điểm,FRED,D,2026-10-08
2013-10-03,17.67,điểm,FRED,D,2026-10-08
2013-10-04,16.74,điểm,FRED,D,2026-10-08
2013-10-07,19.41,điểm,FRED,D,2026-10-08
2013-10-08,20.34,điểm,FRED,D,2026-10-08
2013-10-09,19.6,điểm,FRED,D,2026-10-08
2013-10-10,16.48,điểm,FRED,D,2026-10-08
2013-10-11,15.72,điểm,FRED,D,2026-10-08
2013-10-14,16.07,điểm,FRED,D,2026-10-08
2013-10-15,18.66,điểm,FRED,D,2026-10-08
2013-10-16,14.71,điểm,FRED,D,2026-10-08
2013-10-17,13.48,điểm,FRED,D,2026-10-08
2013-10-18,13.04,điểm,FRED,D,2026-10-08
2013-10-21,13.16,điểm,FRED,D,2026-10-08
2013-10-22,13.33,điểm,FRED,D,2026-10-08
2013-10-23,13.42,điểm,FRED,D,2026-10-08
2013-10-24,13.2,điểm,FRED,D,2026-10-08
2013-10-25,13.09,điểm,FRED,D,2026-10-08
2013-10-28,13.31,điểm,FRED,D,2026-10-08
2013-10-29,13.41,điểm,FRED,D,2026-10-08
2013-10-30,13.65,điểm,FRED,D,2026-10-08
2013-10-31,13.75,điểm,FRED,D,2026-10-08
2013-11-01,13.28,điểm,FRED,D,2026-10-08
2013-11-04,12.93,điểm,FRED,D,2026-10-08
2013-11-05,13.27,điểm,FRED,D,2026-10-08
2013-11-06,12.67,điểm,FRED,D,2026-10-08
2013-11-07,13.91,điểm,FRED,D,2026-10-08
2013-11-08,12.9,điểm,FRED,D,2026-10-08
2013-11-11,12.53,điểm,FRED,D,2026-10-08
2013-11-12,12.82,điểm,FRED,D,2026-10-08
2013-11-13,12.52,điểm,FRED,D,2026-10-08
2013-11-14,12.37,điểm,FRED,D,2026-10-08
2013-11-15,12.19,điểm,FRED,D,2026-10-08
2013-11-18,13.1,điểm,FRED,D,2026-10-08
2013-11-19,13.39,điểm,FRED,D,2026-10-08
2013-11-20,13.4,điểm,FRED,D,2026-10-08
2013-11-21,12.66,điểm,FRED,D,2026-10-08
2013-11-22,12.26,điểm,FRED,D,2026-10-08
2013-11-25,12.79,điểm,FRED,D,2026-10-08
2013-11-26,12.81,điểm,FRED,D,2026-10-08
2013-11-27,12.98,điểm,FRED,D,2026-10-08
2013-11-29,13.7,điểm,FRED,D,2026-10-08
2013-12-02,14.23,điểm,FRED,D,2026-10-08
2013-12-03,14.55,điểm,FRED,D,2026-10-08
2013-12-04,14.7,điểm,FRED,D,2026-10-08
2013-12-05,15.08,điểm,FRED,D,2026-10-08
2013-12-06,13.79,điểm,FRED,D,2026-10-08
2013-12-09,13.49,điểm,FRED,D,2026-10-08
2013-12-10,13.91,điểm,FRED,D,2026-10-08
2013-12-11,15.42,điểm,FRED,D,2026-10-08
2013-12-12,15.54,điểm,FRED,D,2026-10-08
2013-12-13,15.76,điểm,FRED,D,2026-10-08
2013-12-16,16.03,điểm,FRED,D,2026-10-08
2013-12-17,16.21,điểm,FRED,D,2026-10-08
2013-12-18,13.8,điểm,FRED,D,2026-10-08
2013-12-19,14.15,điểm,FRED,D,2026-10-08
2013-12-20,13.79,điểm,FRED,D,2026-10-08
2013-12-23,13.04,điểm,FRED,D,2026-10-08
2013-12-24,12.48,điểm,FRED,D,2026-10-08
2013-12-26,12.33,điểm,FRED,D,2026-10-08
2013-12-27,12.46,điểm,FRED,D,2026-10-08
2013-12-30,13.56,điểm,FRED,D,2026-10-08
2013-12-31,13.72,điểm,FRED,D,2026-10-08
2014-01-02,14.23,điểm,FRED,D,2026-10-08
2014-01-03,13.76,điểm,FRED,D,2026-10-08
2014-01-06,13.55,điểm,FRED,D,2026-10-08
2014-01-07,12.92,điểm,FRED,D,2026-10-08
2014-01-08,12.87,điểm,FRED,D,2026-10-08
2014-01-09,12.89,điểm,FRED,D,2026-10-08
2014-01-10,12.14,điểm,FRED,D,2026-10-08
2014-01-13,13.28,điểm,FRED,D,2026-10-08
2014-01-14,12.28,điểm,FRED,D,2026-10-08
2014-01-15,12.28,điểm,FRED,D,2026-10-08
2014-01-16,12.53,điểm,FRED,D,2026-10-08
2014-01-17,12.44,điểm,FRED,D,2026-10-08
2014-01-21,12.87,điểm,FRED,D,2026-10-08
2014-01-22,12.84,điểm,FRED,D,2026-10-08
2014-01-23,13.77,điểm,FRED,D,2026-10-08
2014-01-24,18.14,điểm,FRED,D,2026-10-08
2014-01-27,17.42,điểm,FRED,D,2026-10-08
2014-01-28,15.8,điểm,FRED,D,2026-10-08
2014-01-29,17.35,điểm,FRED,D,2026-10-08
2014-01-30,17.29,điểm,FRED,D,2026-10-08
2014-01-31,18.41,điểm,FRED,D,2026-10-08
2014-02-03,21.44,điểm,FRED,D,2026-10-08
2014-02-04,19.11,điểm,FRED,D,2026-10-08
2014-02-05,19.95,điểm,FRED,D,2026-10-08
2014-02-06,17.23,điểm,FRED,D,2026-10-08
2014-02-07,15.29,điểm,FRED,D,2026-10-08
2014-02-10,15.26,điểm,FRED,D,2026-10-08
2014-02-11,14.51,điểm,FRED,D,2026-10-08
2014-02-12,14.3,điểm,FRED,D,2026-10-08
2014-02-13,14.14,điểm,FRED,D,2026-10-08
2014-02-14,13.57,điểm,FRED,D,2026-10-08
2014-02-18,13.87,điểm,FRED,D,2026-10-08
2014-02-19,15.5,điểm,FRED,D,2026-10-08
2014-02-20,14.79,điểm,FRED,D,2026-10-08
2014-02-21,14.68,điểm,FRED,D,2026-10-08
2014-02-24,14.23,điểm,FRED,D,2026-10-08
2014-02-25,13.67,điểm,FRED,D,2026-10-08
2014-02-26,14.35,điểm,FRED,D,2026-10-08
2014-02-27,14.04,điểm,FRED,D,2026-10-08
2014-02-28,14.0,điểm,FRED,D,2026-10-08
2014-03-03,16.0,điểm,FRED,D,2026-10-08
2014-03-04,14.1,điểm,FRED,D,2026-10-08
2014-03-05,13.89,điểm,FRED,D,2026-10-08
2014-03-06,14.21,điểm,FRED,D,2026-10-08
2014-03-07,14.11,điểm,FRED,D,2026-10-08
2014-03-10,14.2,điểm,FRED,D,2026-10-08
2014-03-11,14.8,điểm,FRED,D,2026-10-08
2014-03-12,14.47,điểm,FRED,D,2026-10-08
2014-03-13,16.22,điểm,FRED,D,2026-10-08
2014-03-14,17.82,điểm,FRED,D,2026-10-08
2014-03-17,15.64,điểm,FRED,D,2026-10-08
2014-03-18,14.52,điểm,FRED,D,2026-10-08
2014-03-19,15.12,điểm,FRED,D,2026-10-08
2014-03-20,14.52,điểm,FRED,D,2026-10-08
2014-03-21,15.0,điểm,FRED,D,2026-10-08
2014-03-24,15.09,điểm,FRED,D,2026-10-08
2014-03-25,14.02,điểm,FRED,D,2026-10-08
2014-03-26,14.93,điểm,FRED,D,2026-10-08
2014-03-27,14.62,điểm,FRED,D,2026-10-08
2014-03-28,14.41,điểm,FRED,D,2026-10-08
2014-03-31,13.88,điểm,FRED,D,2026-10-08
2014-04-01,13.1,điểm,FRED,D,2026-10-08
2014-04-02,13.09,điểm,FRED,D,2026-10-08
2014-04-03,13.37,điểm,FRED,D,2026-10-08
2014-04-04,13.96,điểm,FRED,D,2026-10-08
2014-04-07,15.57,điểm,FRED,D,2026-10-08
2014-04-08,14.89,điểm,FRED,D,2026-10-08
2014-04-09,13.82,điểm,FRED,D,2026-10-08
2014-04-10,15.89,điểm,FRED,D,2026-10-08
2014-04-11,17.03,điểm,FRED,D,2026-10-08
2014-04-14,16.11,điểm,FRED,D,2026-10-08
2014-04-15,15.61,điểm,FRED,D,2026-10-08
2014-04-16,14.18,điểm,FRED,D,2026-10-08
2014-04-17,13.36,điểm,FRED,D,2026-10-08
2014-04-21,13.25,điểm,FRED,D,2026-10-08
2014-04-22,13.19,điểm,FRED,D,2026-10-08
2014-04-23,13.27,điểm,FRED,D,2026-10-08
2014-04-24,13.32,điểm,FRED,D,2026-10-08
2014-04-25,14.06,điểm,FRED,D,2026-10-08
2014-04-28,13.97,điểm,FRED,D,2026-10-08
2014-04-29,13.71,điểm,FRED,D,2026-10-08
2014-04-30,13.41,điểm,FRED,D,2026-10-08
2014-05-01,13.25,điểm,FRED,D,2026-10-08
2014-05-02,12.91,điểm,FRED,D,2026-10-08
2014-05-05,13.29,điểm,FRED,D,2026-10-08
2014-05-06,13.8,điểm,FRED,D,2026-10-08
2014-05-07,13.4,điểm,FRED,D,2026-10-08
2014-05-08,13.43,điểm,FRED,D,2026-10-08
2014-05-09,12.92,điểm,FRED,D,2026-10-08
2014-05-12,12.23,điểm,FRED,D,2026-10-08
2014-05-13,12.13,điểm,FRED,D,2026-10-08
2014-05-14,12.17,điểm,FRED,D,2026-10-08
2014-05-15,13.17,điểm,FRED,D,2026-10-08
2014-05-16,12.44,điểm,FRED,D,2026-10-08
2014-05-19,12.42,điểm,FRED,D,2026-10-08
2014-05-20,12.96,điểm,FRED,D,2026-10-08
2014-05-21,11.91,điểm,FRED,D,2026-10-08
2014-05-22,12.03,điểm,FRED,D,2026-10-08
2014-05-23,11.36,điểm,FRED,D,2026-10-08
2014-05-27,11.51,điểm,FRED,D,2026-10-08
2014-05-28,11.68,điểm,FRED,D,2026-10-08
2014-05-29,11.57,điểm,FRED,D,2026-10-08
2014-05-30,11.4,điểm,FRED,D,2026-10-08
2014-06-02,11.58,điểm,FRED,D,2026-10-08
2014-06-03,11.87,điểm,FRED,D,2026-10-08
2014-06-04,12.08,điểm,FRED,D,2026-10-08
2014-06-05,11.68,điểm,FRED,D,2026-10-08
2014-06-06,10.73,điểm,FRED,D,2026-10-08
2014-06-09,11.15,điểm,FRED,D,2026-10-08
2014-06-10,10.99,điểm,FRED,D,2026-10-08
2014-06-11,11.6,điểm,FRED,D,2026-10-08
2014-06-12,12.56,điểm,FRED,D,2026-10-08
2014-06-13,12.18,điểm,FRED,D,2026-10-08
2014-06-16,12.65,điểm,FRED,D,2026-10-08
2014-06-17,12.06,điểm,FRED,D,2026-10-08
2014-06-18,10.61,điểm,FRED,D,2026-10-08
2014-06-19,10.62,điểm,FRED,D,2026-10-08
2014-06-20,10.85,điểm,FRED,D,2026-10-08
2014-06-23,10.98,điểm,FRED,D,2026-10-08
2014-06-24,12.13,điểm,FRED,D,2026-10-08
2014-06-25,11.59,điểm,FRED,D,2026-10-08
2014-06-26,11.63,điểm,FRED,D,2026-10-08
2014-06-27,11.26,điểm,FRED,D,2026-10-08
2014-06-30,11.57,điểm,FRED,D,2026-10-08
2014-07-01,11.15,điểm,FRED,D,2026-10-08
2014-07-02,10.82,điểm,FRED,D,2026-10-08
2014-07-03,10.32,điểm,FRED,D,2026-10-08
2014-07-07,11.33,điểm,FRED,D,2026-10-08
2014-07-08,11.98,điểm,FRED,D,2026-10-08
2014-07-09,11.65,điểm,FRED,D,2026-10-08
2014-07-10,12.59,điểm,FRED,D,2026-10-08
2014-07-11,12.08,điểm,FRED,D,2026-10-08
2014-07-14,11.82,điểm,FRED,D,2026-10-08
2014-07-15,11.96,điểm,FRED,D,2026-10-08
2014-07-16,11.0,điểm,FRED,D,2026-10-08
2014-07-17,14.54,điểm,FRED,D,2026-10-08
2014-07-18,12.06,điểm,FRED,D,2026-10-08
2014-07-21,12.81,điểm,FRED,D,2026-10-08
2014-07-22,12.24,điểm,FRED,D,2026-10-08
2014-07-23,11.52,điểm,FRED,D,2026-10-08
2014-07-24,11.84,điểm,FRED,D,2026-10-08
2014-07-25,12.69,điểm,FRED,D,2026-10-08
2014-07-28,12.56,điểm,FRED,D,2026-10-08
2014-07-29,13.28,điểm,FRED,D,2026-10-08
2014-07-30,13.33,điểm,FRED,D,2026-10-08
2014-07-31,16.95,điểm,FRED,D,2026-10-08
2014-08-01,17.03,điểm,FRED,D,2026-10-08
2014-08-04,15.12,điểm,FRED,D,2026-10-08
2014-08-05,16.87,điểm,FRED,D,2026-10-08
2014-08-06,16.37,điểm,FRED,D,2026-10-08
2014-08-07,16.66,điểm,FRED,D,2026-10-08
2014-08-08,15.77,điểm,FRED,D,2026-10-08
2014-08-11,14.23,điểm,FRED,D,2026-10-08
2014-08-12,14.13,điểm,FRED,D,2026-10-08
2014-08-13,12.9,điểm,FRED,D,2026-10-08
2014-08-14,12.42,điểm,FRED,D,2026-10-08
2014-08-15,13.15,điểm,FRED,D,2026-10-08
2014-08-18,12.32,điểm,FRED,D,2026-10-08
2014-08-19,12.21,điểm,FRED,D,2026-10-08
2014-08-20,11.78,điểm,FRED,D,2026-10-08
2014-08-21,11.76,điểm,FRED,D,2026-10-08
2014-08-22,11.47,điểm,FRED,D,2026-10-08
2014-08-25,11.7,điểm,FRED,D,2026-10-08
2014-08-26,11.63,điểm,FRED,D,2026-10-08
2014-08-27,11.78,điểm,FRED,D,2026-10-08
2014-08-28,12.05,điểm,FRED,D,2026-10-08
2014-08-29,11.98,điểm,FRED,D,2026-10-08
2014-09-02,12.25,điểm,FRED,D,2026-10-08
2014-09-03,12.36,điểm,FRED,D,2026-10-08
2014-09-04,12.64,điểm,FRED,D,2026-10-08
2014-09-05,12.09,điểm,FRED,D,2026-10-08
2014-09-08,12.66,điểm,FRED,D,2026-10-08
2014-09-09,13.5,điểm,FRED,D,2026-10-08
2014-09-10,12.88,điểm,FRED,D,2026-10-08
2014-09-11,12.8,điểm,FRED,D,2026-10-08
2014-09-12,13.31,điểm,FRED,D,2026-10-08
2014-09-15,14.12,điểm,FRED,D,2026-10-08
2014-09-16,12.73,điểm,FRED,D,2026-10-08
2014-09-17,12.65,điểm,FRED,D,2026-10-08
2014-09-18,12.03,điểm,FRED,D,2026-10-08
2014-09-19,12.11,điểm,FRED,D,2026-10-08
2014-09-22,13.69,điểm,FRED,D,2026-10-08
2014-09-23,14.93,điểm,FRED,D,2026-10-08
2014-09-24,13.27,điểm,FRED,D,2026-10-08
2014-09-25,15.64,điểm,FRED,D,2026-10-08
2014-09-26,14.85,điểm,FRED,D,2026-10-08
2014-09-29,15.98,điểm,FRED,D,2026-10-08
2014-09-30,16.31,điểm,FRED,D,2026-10-08
2014-10-01,16.71,điểm,FRED,D,2026-10-08
2014-10-02,16.16,điểm,FRED,D,2026-10-08
2014-10-03,14.55,điểm,FRED,D,2026-10-08
2014-10-06,15.46,điểm,FRED,D,2026-10-08
2014-10-07,17.2,điểm,FRED,D,2026-10-08
2014-10-08,15.11,điểm,FRED,D,2026-10-08
2014-10-09,18.76,điểm,FRED,D,2026-10-08
2014-10-10,21.24,điểm,FRED,D,2026-10-08
2014-10-13,24.64,điểm,FRED,D,2026-10-08
2014-10-14,22.79,điểm,FRED,D,2026-10-08
2014-10-15,26.25,điểm,FRED,D,2026-10-08
2014-10-16,25.2,điểm,FRED,D,2026-10-08
2014-10-17,21.99,điểm,FRED,D,2026-10-08
2014-10-20,18.57,điểm,FRED,D,2026-10-08
2014-10-21,16.08,điểm,FRED,D,2026-10-08
2014-10-22,17.87,điểm,FRED,D,2026-10-08
2014-10-23,16.53,điểm,FRED,D,2026-10-08
2014-10-24,16.11,điểm,FRED,D,2026-10-08
2014-10-27,16.04,điểm,FRED,D,2026-10-08
2014-10-28,14.39,điểm,FRED,D,2026-10-08
2014-10-29,15.15,điểm,FRED,D,2026-10-08
2014-10-30,14.52,điểm,FRED,D,2026-10-08
2014-10-31,14.03,điểm,FRED,D,2026-10-08
2014-11-03,14.73,điểm,FRED,D,2026-10-08
2014-11-04,14.89,điểm,FRED,D,2026-10-08
2014-11-05,14.17,điểm,FRED,D,2026-10-08
2014-11-06,13.67,điểm,FRED,D,2026-10-08
2014-11-07,13.12,điểm,FRED,D,2026-10-08
2014-11-10,12.67,điểm,FRED,D,2026-10-08
2014-11-11,12.92,điểm,FRED,D,2026-10-08
2014-11-12,13.02,điểm,FRED,D,2026-10-08
2014-11-13,13.79,điểm,FRED,D,2026-10-08
2014-11-14,13.31,điểm,FRED,D,2026-10-08
2014-11-17,13.99,điểm,FRED,D,2026-10-08
2014-11-18,13.86,điểm,FRED,D,2026-10-08
2014-11-19,13.96,điểm,FRED,D,2026-10-08
2014-11-20,13.58,điểm,FRED,D,2026-10-08
2014-11-21,12.9,điểm,FRED,D,2026-10-08
2014-11-24,12.62,điểm,FRED,D,2026-10-08
2014-11-25,12.25,điểm,FRED,D,2026-10-08
2014-11-26,12.07,điểm,FRED,D,2026-10-08
2014-11-28,13.33,điểm,FRED,D,2026-10-08
2014-12-01,14.29,điểm,FRED,D,2026-10-08
2014-12-02,12.85,điểm,FRED,D,2026-10-08
2014-12-03,12.47,điểm,FRED,D,2026-10-08
2014-12-04,12.38,điểm,FRED,D,2026-10-08
2014-12-05,11.82,điểm,FRED,D,2026-10-08
2014-12-08,14.21,điểm,FRED,D,2026-10-08
2014-12-09,14.89,điểm,FRED,D,2026-10-08
2014-12-10,18.53,điểm,FRED,D,2026-10-08
2014-12-11,20.08,điểm,FRED,D,2026-10-08
2014-12-12,21.08,điểm,FRED,D,2026-10-08
2014-12-15,20.42,điểm,FRED,D,2026-10-08
2014-12-16,23.57,điểm,FRED,D,2026-10-08
2014-12-17,19.44,điểm,FRED,D,2026-10-08
2014-12-18,16.81,điểm,FRED,D,2026-10-08
2014-12-19,16.49,điểm,FRED,D,2026-10-08
2014-12-22,15.25,điểm,FRED,D,2026-10-08
2014-12-23,14.8,điểm,FRED,D,2026-10-08
2014-12-24,14.37,điểm,FRED,D,2026-10-08
2014-12-26,14.5,điểm,FRED,D,2026-10-08
2014-12-29,15.06,điểm,FRED,D,2026-10-08
2014-12-30,15.92,điểm,FRED,D,2026-10-08
2014-12-31,19.2,điểm,FRED,D,2026-10-08
2015-01-02,17.79,điểm,FRED,D,2026-10-08
2015-01-05,19.92,điểm,FRED,D,2026-10-08
2015-01-06,21.12,điểm,FRED,D,2026-10-08
2015-01-07,19.31,điểm,FRED,D,2026-10-08
2015-01-08,17.01,điểm,FRED,D,2026-10-08
2015-01-09,17.55,điểm,FRED,D,2026-10-08
2015-01-12,19.6,điểm,FRED,D,2026-10-08
2015-01-13,20.56,điểm,FRED,D,2026-10-08
2015-01-14,21.48,điểm,FRED,D,2026-10-08
2015-01-15,22.39,điểm,FRED,D,2026-10-08
2015-01-16,20.95,điểm,FRED,D,2026-10-08
2015-01-20,19.89,điểm,FRED,D,2026-10-08
2015-01-21,18.85,điểm,FRED,D,2026-10-08
2015-01-22,16.4,điểm,FRED,D,2026-10-08
2015-01-23,16.66,điểm,FRED,D,2026-10-08
2015-01-26,15.52,điểm,FRED,D,2026-10-08
2015-01-27,17.22,điểm,FRED,D,2026-10-08
2015-01-28,20.44,điểm,FRED,D,2026-10-08
2015-01-29,18.76,điểm,FRED,D,2026-10-08
2015-01-30,20.97,điểm,FRED,D,2026-10-08
2015-02-02,19.43,điểm,FRED,D,2026-10-08
2015-02-03,17.33,điểm,FRED,D,2026-10-08
2015-02-04,18.33,điểm,FRED,D,2026-10-08
2015-02-05,16.85,điểm,FRED,D,2026-10-08
2015-02-06,17.29,điểm,FRED,D,2026-10-08
2015-02-09,18.55,điểm,FRED,D,2026-10-08
2015-02-10,17.23,điểm,FRED,D,2026-10-08
2015-02-11,16.96,điểm,FRED,D,2026-10-08
2015-02-12,15.34,điểm,FRED,D,2026-10-08
2015-02-13,14.69,điểm,FRED,D,2026-10-08
2015-02-17,15.8,điểm,FRED,D,2026-10-08
2015-02-18,15.45,điểm,FRED,D,2026-10-08
2015-02-19,15.29,điểm,FRED,D,2026-10-08
2015-02-20,14.3,điểm,FRED,D,2026-10-08
2015-02-23,14.56,điểm,FRED,D,2026-10-08
2015-02-24,13.69,điểm,FRED,D,2026-10-08
2015-02-25,13.84,điểm,FRED,D,2026-10-08
2015-02-26,13.91,điểm,FRED,D,2026-10-08
2015-02-27,13.34,điểm,FRED,D,2026-10-08
2015-03-02,13.04,điểm,FRED,D,2026-10-08
2015-03-03,13.86,điểm,FRED,D,2026-10-08
2015-03-04,14.23,điểm,FRED,D,2026-10-08
2015-03-05,14.04,điểm,FRED,D,2026-10-08
2015-03-06,15.2,điểm,FRED,D,2026-10-08
2015-03-09,15.06,điểm,FRED,D,2026-10-08
2015-03-10,16.69,điểm,FRED,D,2026-10-08
2015-03-11,16.87,điểm,FRED,D,2026-10-08
2015-03-12,15.42,điểm,FRED,D,2026-10-08
2015-03-13,16.0,điểm,FRED,D,2026-10-08
2015-03-16,15.61,điểm,FRED,D,2026-10-08
2015-03-17,15.66,điểm,FRED,D,2026-10-08
2015-03-18,13.97,điểm,FRED,D,2026-10-08
2015-03-19,14.07,điểm,FRED,D,2026-10-08
2015-03-20,13.02,điểm,FRED,D,2026-10-08
2015-03-23,13.41,điểm,FRED,D,2026-10-08
2015-03-24,13.62,điểm,FRED,D,2026-10-08
2015-03-25,15.44,điểm,FRED,D,2026-10-08
2015-03-26,15.8,điểm,FRED,D,2026-10-08
2015-03-27,15.07,điểm,FRED,D,2026-10-08
2015-03-30,14.51,điểm,FRED,D,2026-10-08
2015-03-31,15.29,điểm,FRED,D,2026-10-08
2015-04-01,15.11,điểm,FRED,D,2026-10-08
2015-04-02,14.67,điểm,FRED,D,2026-10-08
2015-04-06,14.74,điểm,FRED,D,2026-10-08
2015-04-07,14.78,điểm,FRED,D,2026-10-08
2015-04-08,13.98,điểm,FRED,D,2026-10-08
2015-04-09,13.09,điểm,FRED,D,2026-10-08
2015-04-10,12.58,điểm,FRED,D,2026-10-08
2015-04-13,13.94,điểm,FRED,D,2026-10-08
2015-04-14,13.67,điểm,FRED,D,2026-10-08
2015-04-15,12.84,điểm,FRED,D,2026-10-08
2015-04-16,12.6,điểm,FRED,D,2026-10-08
2015-04-17,13.89,điểm,FRED,D,2026-10-08
2015-04-20,13.3,điểm,FRED,D,2026-10-08
2015-04-21,13.25,điểm,FRED,D,2026-10-08
2015-04-22,12.71,điểm,FRED,D,2026-10-08
2015-04-23,12.48,điểm,FRED,D,2026-10-08
2015-04-24,12.29,điểm,FRED,D,2026-10-08
2015-04-27,13.12,điểm,FRED,D,2026-10-08
2015-04-28,12.41,điểm,FRED,D,2026-10-08
2015-04-29,13.39,điểm,FRED,D,2026-10-08
2015-04-30,14.55,điểm,FRED,D,2026-10-08
2015-05-01,12.7,điểm,FRED,D,2026-10-08
2015-05-04,12.85,điểm,FRED,D,2026-10-08
2015-05-05,14.31,điểm,FRED,D,2026-10-08
2015-05-06,15.15,điểm,FRED,D,2026-10-08
2015-05-07,15.13,điểm,FRED,D,2026-10-08
2015-05-08,12.86,điểm,FRED,D,2026-10-08
2015-05-11,13.85,điểm,FRED,D,2026-10-08
2015-05-12,13.86,điểm,FRED,D,2026-10-08
2015-05-13,13.76,điểm,FRED,D,2026-10-08
2015-05-14,12.74,điểm,FRED,D,2026-10-08
2015-05-15,12.38,điểm,FRED,D,2026-10-08
2015-05-18,12.73,điểm,FRED,D,2026-10-08
2015-05-19,12.85,điểm,FRED,D,2026-10-08
2015-05-20,12.88,điểm,FRED,D,2026-10-08
2015-05-21,12.11,điểm,FRED,D,2026-10-08
2015-05-22,12.13,điểm,FRED,D,2026-10-08
2015-05-26,14.06,điểm,FRED,D,2026-10-08
2015-05-27,13.27,điểm,FRED,D,2026-10-08
2015-05-28,13.31,điểm,FRED,D,2026-10-08
2015-05-29,13.84,điểm,FRED,D,2026-10-08
2015-06-01,13.97,điểm,FRED,D,2026-10-08
2015-06-02,14.24,điểm,FRED,D,2026-10-08
2015-06-03,13.66,điểm,FRED,D,2026-10-08
2015-06-04,14.71,điểm,FRED,D,2026-10-08
2015-06-05,14.21,điểm,FRED,D,2026-10-08
2015-06-08,15.29,điểm,FRED,D,2026-10-08
2015-06-09,14.47,điểm,FRED,D,2026-10-08
2015-06-10,13.22,điểm,FRED,D,2026-10-08
2015-06-11,12.85,điểm,FRED,D,2026-10-08
2015-06-12,13.78,điểm,FRED,D,2026-10-08
2015-06-15,15.39,điểm,FRED,D,2026-10-08
2015-06-16,14.81,điểm,FRED,D,2026-10-08
2015-06-17,14.5,điểm,FRED,D,2026-10-08
2015-06-18,13.19,điểm,FRED,D,2026-10-08
2015-06-19,13.96,điểm,FRED,D,2026-10-08
2015-06-22,12.74,điểm,FRED,D,2026-10-08
2015-06-23,12.11,điểm,FRED,D,2026-10-08
2015-06-24,13.26,điểm,FRED,D,2026-10-08
2015-06-25,14.01,điểm,FRED,D,2026-10-08
2015-06-26,14.02,điểm,FRED,D,2026-10-08
2015-06-29,18.85,điểm,FRED,D,2026-10-08
2015-06-30,18.23,điểm,FRED,D,2026-10-08
2015-07-01,16.09,điểm,FRED,D,2026-10-08
2015-07-02,16.79,điểm,FRED,D,2026-10-08
2015-07-06,17.01,điểm,FRED,D,2026-10-08
2015-07-07,16.09,điểm,FRED,D,2026-10-08
2015-07-08,19.66,điểm,FRED,D,2026-10-08
2015-07-09,19.97,điểm,FRED,D,2026-10-08
2015-07-10,16.83,điểm,FRED,D,2026-10-08
2015-07-13,13.9,điểm,FRED,D,2026-10-08
2015-07-14,13.37,điểm,FRED,D,2026-10-08
2015-07-15,13.23,điểm,FRED,D,2026-10-08
2015-07-16,12.11,điểm,FRED,D,2026-10-08
2015-07-17,11.95,điểm,FRED,D,2026-10-08
2015-07-20,12.25,điểm,FRED,D,2026-10-08
2015-07-21,12.22,điểm,FRED,D,2026-10-08
2015-07-22,12.12,điểm,FRED,D,2026-10-08
2015-07-23,12.64,điểm,FRED,D,2026-10-08
2015-07-24,13.74,điểm,FRED,D,2026-10-08
2015-07-27,15.6,điểm,FRED,D,2026-10-08
2015-07-28,13.44,điểm,FRED,D,2026-10-08
2015-07-29,12.5,điểm,FRED,D,2026-10-08
2015-07-30,12.13,điểm,FRED,D,2026-10-08
2015-07-31,12.12,điểm,FRED,D,2026-10-08
2015-08-03,12.56,điểm,FRED,D,2026-10-08
2015-08-04,13.0,điểm,FRED,D,2026-10-08
2015-08-05,12.51,điểm,FRED,D,2026-10-08
2015-08-06,13.77,điểm,FRED,D,2026-10-08
2015-08-07,13.39,điểm,FRED,D,2026-10-08
2015-08-10,12.23,điểm,FRED,D,2026-10-08
2015-08-11,13.71,điểm,FRED,D,2026-10-08
2015-08-12,13.61,điểm,FRED,D,2026-10-08
2015-08-13,13.49,điểm,FRED,D,2026-10-08
2015-08-14,12.83,điểm,FRED,D,2026-10-08
2015-08-17,13.02,điểm,FRED,D,2026-10-08
2015-08-18,13.79,điểm,FRED,D,2026-10-08
2015-08-19,15.25,điểm,FRED,D,2026-10-08
2015-08-20,19.14,điểm,FRED,D,2026-10-08
2015-08-21,28.03,điểm,FRED,D,2026-10-08
2015-08-24,40.74,điểm,FRED,D,2026-10-08
2015-08-25,36.02,điểm,FRED,D,2026-10-08
2015-08-26,30.32,điểm,FRED,D,2026-10-08
2015-08-27,26.1,điểm,FRED,D,2026-10-08
2015-08-28,26.05,điểm,FRED,D,2026-10-08
2015-08-31,28.43,điểm,FRED,D,2026-10-08
2015-09-01,31.4,điểm,FRED,D,2026-10-08
2015-09-02,26.09,điểm,FRED,D,2026-10-08
2015-09-03,25.61,điểm,FRED,D,2026-10-08
2015-09-04,27.8,điểm,FRED,D,2026-10-08
2015-09-08,24.9,điểm,FRED,D,2026-10-08
2015-09-09,26.23,điểm,FRED,D,2026-10-08
2015-09-10,24.37,điểm,FRED,D,2026-10-08
2015-09-11,23.2,điểm,FRED,D,2026-10-08
2015-09-14,24.25,điểm,FRED,D,2026-10-08
2015-09-15,22.54,điểm,FRED,D,2026-10-08
2015-09-16,21.35,điểm,FRED,D,2026-10-08
2015-09-17,21.14,điểm,FRED,D,2026-10-08
2015-09-18,22.28,điểm,FRED,D,2026-10-08
2015-09-21,20.14,điểm,FRED,D,2026-10-08
2015-09-22,22.44,điểm,FRED,D,2026-10-08
2015-09-23,22.13,điểm,FRED,D,2026-10-08
2015-09-24,23.47,điểm,FRED,D,2026-10-08
2015-09-25,23.62,điểm,FRED,D,2026-10-08
2015-09-28,27.63,điểm,FRED,D,2026-10-08
2015-09-29,26.83,điểm,FRED,D,2026-10-08
2015-09-30,24.5,điểm,FRED,D,2026-10-08
2015-10-01,22.55,điểm,FRED,D,2026-10-08
2015-10-02,20.94,điểm,FRED,D,2026-10-08
2015-10-05,19.54,điểm,FRED,D,2026-10-08
2015-10-06,19.4,điểm,FRED,D,2026-10-08
2015-10-07,18.4,điểm,FRED,D,2026-10-08
2015-10-08,17.42,điểm,FRED,D,2026-10-08
2015-10-09,17.08,điểm,FRED,D,2026-10-08
2015-10-12,16.17,điểm,FRED,D,2026-10-08
2015-10-13,17.67,điểm,FRED,D,2026-10-08
2015-10-14,18.03,điểm,FRED,D,2026-10-08
2015-10-15,16.05,điểm,FRED,D,2026-10-08
2015-10-16,15.05,điểm,FRED,D,2026-10-08
2015-10-19,14.98,điểm,FRED,D,2026-10-08
2015-10-20,15.75,điểm,FRED,D,2026-10-08
2015-10-21,16.7,điểm,FRED,D,2026-10-08
2015-10-22,14.45,điểm,FRED,D,2026-10-08
2015-10-23,14.46,điểm,FRED,D,2026-10-08
2015-10-26,15.29,điểm,FRED,D,2026-10-08
2015-10-27,15.43,điểm,FRED,D,2026-10-08
2015-10-28,14.33,điểm,FRED,D,2026-10-08
2015-10-29,14.61,điểm,FRED,D,2026-10-08
2015-10-30,15.07,điểm,FRED,D,2026-10-08
2015-11-02,14.15,điểm,FRED,D,2026-10-08
2015-11-03,14.54,điểm,FRED,D,2026-10-08
2015-11-04,15.51,điểm,FRED,D,2026-10-08
2015-11-05,15.05,điểm,FRED,D,2026-10-08
2015-11-06,14.33,điểm,FRED,D,2026-10-08
2015-11-09,16.52,điểm,FRED,D,2026-10-08
2015-11-10,15.29,điểm,FRED,D,2026-10-08
2015-11-11,16.06,điểm,FRED,D,2026-10-08
2015-11-12,18.37,điểm,FRED,D,2026-10-08
2015-11-13,20.08,điểm,FRED,D,2026-10-08
2015-11-16,18.16,điểm,FRED,D,2026-10-08
2015-11-17,18.84,điểm,FRED,D,2026-10-08
2015-11-18,16.85,điểm,FRED,D,2026-10-08
2015-11-19,16.99,điểm,FRED,D,2026-10-08
2015-11-20,15.47,điểm,FRED,D,2026-10-08
2015-11-23,15.62,điểm,FRED,D,2026-10-08
2015-11-24,15.93,điểm,FRED,D,2026-10-08
2015-11-25,15.19,điểm,FRED,D,2026-10-08
2015-11-27,15.12,điểm,FRED,D,2026-10-08
2015-11-30,16.13,điểm,FRED,D,2026-10-08
2015-12-01,14.67,điểm,FRED,D,2026-10-08
2015-12-02,15.91,điểm,FRED,D,2026-10-08
2015-12-03,18.11,điểm,FRED,D,2026-10-08
2015-12-04,14.81,điểm,FRED,D,2026-10-08
2015-12-07,15.84,điểm,FRED,D,2026-10-08
2015-12-08,17.6,điểm,FRED,D,2026-10-08
2015-12-09,19.61,điểm,FRED,D,2026-10-08
2015-12-10,19.34,điểm,FRED,D,2026-10-08
2015-12-11,24.39,điểm,FRED,D,2026-10-08
2015-12-14,22.73,điểm,FRED,D,2026-10-08
2015-12-15,20.95,điểm,FRED,D,2026-10-08
2015-12-16,17.86,điểm,FRED,D,2026-10-08
2015-12-17,18.94,điểm,FRED,D,2026-10-08
2015-12-18,20.7,điểm,FRED,D,2026-10-08
2015-12-21,18.7,điểm,FRED,D,2026-10-08
2015-12-22,16.6,điểm,FRED,D,2026-10-08
2015-12-23,15.57,điểm,FRED,D,2026-10-08
2015-12-24,15.74,điểm,FRED,D,2026-10-08
2015-12-28,16.91,điểm,FRED,D,2026-10-08
2015-12-29,16.08,điểm,FRED,D,2026-10-08
2015-12-30,17.29,điểm,FRED,D,2026-10-08
2015-12-31,18.21,điểm,FRED,D,2026-10-08
2016-01-04,20.7,điểm,FRED,D,2026-10-08
2016-01-05,19.34,điểm,FRED,D,2026-10-08
2016-01-06,20.59,điểm,FRED,D,2026-10-08
2016-01-07,24.99,điểm,FRED,D,2026-10-08
2016-01-08,27.01,điểm,FRED,D,2026-10-08
2016-01-11,24.3,điểm,FRED,D,2026-10-08
2016-01-12,22.47,điểm,FRED,D,2026-10-08
2016-01-13,25.22,điểm,FRED,D,2026-10-08
2016-01-14,23.95,điểm,FRED,D,2026-10-08
2016-01-15,27.02,điểm,FRED,D,2026-10-08
2016-01-19,26.05,điểm,FRED,D,2026-10-08
2016-01-20,27.59,điểm,FRED,D,2026-10-08
2016-01-21,26.69,điểm,FRED,D,2026-10-08
2016-01-22,22.34,điểm,FRED,D,2026-10-08
2016-01-25,24.15,điểm,FRED,D,2026-10-08
2016-01-26,22.5,điểm,FRED,D,2026-10-08
2016-01-27,23.11,điểm,FRED,D,2026-10-08
2016-01-28,22.42,điểm,FRED,D,2026-10-08
2016-01-29,20.2,điểm,FRED,D,2026-10-08
2016-02-01,19.98,điểm,FRED,D,2026-10-08
2016-02-02,21.98,điểm,FRED,D,2026-10-08
2016-02-03,21.65,điểm,FRED,D,2026-10-08
2016-02-04,21.84,điểm,FRED,D,2026-10-08
2016-02-05,23.38,điểm,FRED,D,2026-10-08
2016-02-08,26.0,điểm,FRED,D,2026-10-08
2016-02-09,26.54,điểm,FRED,D,2026-10-08
2016-02-10,26.29,điểm,FRED,D,2026-10-08
2016-02-11,28.14,điểm,FRED,D,2026-10-08
2016-02-12,25.4,điểm,FRED,D,2026-10-08
2016-02-16,24.11,điểm,FRED,D,2026-10-08
2016-02-17,22.31,điểm,FRED,D,2026-10-08
2016-02-18,21.64,điểm,FRED,D,2026-10-08
2016-02-19,20.53,điểm,FRED,D,2026-10-08
2016-02-22,19.38,điểm,FRED,D,2026-10-08
2016-02-23,20.98,điểm,FRED,D,2026-10-08
2016-02-24,20.72,điểm,FRED,D,2026-10-08
2016-02-25,19.11,điểm,FRED,D,2026-10-08
2016-02-26,19.81,điểm,FRED,D,2026-10-08
2016-02-29,20.55,điểm,FRED,D,2026-10-08
2016-03-01,17.7,điểm,FRED,D,2026-10-08
2016-03-02,17.09,điểm,FRED,D,2026-10-08
2016-03-03,16.7,điểm,FRED,D,2026-10-08
2016-03-04,16.86,điểm,FRED,D,2026-10-08
2016-03-07,17.35,điểm,FRED,D,2026-10-08
2016-03-08,18.67,điểm,FRED,D,2026-10-08
2016-03-09,18.34,điểm,FRED,D,2026-10-08
2016-03-10,18.05,điểm,FRED,D,2026-10-08
2016-03-11,16.5,điểm,FRED,D,2026-10-08
2016-03-14,16.92,điểm,FRED,D,2026-10-08
2016-03-15,16.84,điểm,FRED,D,2026-10-08
2016-03-16,14.99,điểm,FRED,D,2026-10-08
2016-03-17,14.44,điểm,FRED,D,2026-10-08
2016-03-18,14.02,điểm,FRED,D,2026-10-08
2016-03-21,13.79,điểm,FRED,D,2026-10-08
2016-03-22,14.17,điểm,FRED,D,2026-10-08
2016-03-23,14.94,điểm,FRED,D,2026-10-08
2016-03-24,14.74,điểm,FRED,D,2026-10-08
2016-03-28,15.24,điểm,FRED,D,2026-10-08
2016-03-29,13.82,điểm,FRED,D,2026-10-08
2016-03-30,13.56,điểm,FRED,D,2026-10-08
2016-03-31,13.95,điểm,FRED,D,2026-10-08
2016-04-01,13.1,điểm,FRED,D,2026-10-08
2016-04-04,14.12,điểm,FRED,D,2026-10-08
2016-04-05,15.42,điểm,FRED,D,2026-10-08
2016-04-06,14.09,điểm,FRED,D,2026-10-08
2016-04-07,16.16,điểm,FRED,D,2026-10-08
2016-04-08,15.36,điểm,FRED,D,2026-10-08
2016-04-11,16.26,điểm,FRED,D,2026-10-08
2016-04-12,14.85,điểm,FRED,D,2026-10-08
2016-04-13,13.84,điểm,FRED,D,2026-10-08
2016-04-14,13.72,điểm,FRED,D,2026-10-08
2016-04-15,13.62,điểm,FRED,D,2026-10-08
2016-04-18,13.35,điểm,FRED,D,2026-10-08
2016-04-19,13.24,điểm,FRED,D,2026-10-08
2016-04-20,13.28,điểm,FRED,D,2026-10-08
2016-04-21,13.95,điểm,FRED,D,2026-10-08
2016-04-22,13.22,điểm,FRED,D,2026-10-08
2016-04-25,14.08,điểm,FRED,D,2026-10-08
2016-04-26,13.96,điểm,FRED,D,2026-10-08
2016-04-27,13.77,điểm,FRED,D,2026-10-08
2016-04-28,15.22,điểm,FRED,D,2026-10-08
2016-04-29,15.7,điểm,FRED,D,2026-10-08
2016-05-02,14.68,điểm,FRED,D,2026-10-08
2016-05-03,15.6,điểm,FRED,D,2026-10-08
2016-05-04,16.05,điểm,FRED,D,2026-10-08
2016-05-05,15.91,điểm,FRED,D,2026-10-08
2016-05-06,14.72,điểm,FRED,D,2026-10-08
2016-05-09,14.57,điểm,FRED,D,2026-10-08
2016-05-10,13.63,điểm,FRED,D,2026-10-08
2016-05-11,14.69,điểm,FRED,D,2026-10-08
2016-05-12,14.41,điểm,FRED,D,2026-10-08
2016-05-13,15.04,điểm,FRED,D,2026-10-08
2016-05-16,14.68,điểm,FRED,D,2026-10-08
2016-05-17,15.57,điểm,FRED,D,2026-10-08
2016-05-18,15.95,điểm,FRED,D,2026-10-08
2016-05-19,16.33,điểm,FRED,D,2026-10-08
2016-05-20,15.2,điểm,FRED,D,2026-10-08
2016-05-23,15.82,điểm,FRED,D,2026-10-08
2016-05-24,14.42,điểm,FRED,D,2026-10-08
2016-05-25,13.9,điểm,FRED,D,2026-10-08
2016-05-26,13.43,điểm,FRED,D,2026-10-08
2016-05-27,13.12,điểm,FRED,D,2026-10-08
2016-05-31,14.19,điểm,FRED,D,2026-10-08
2016-06-01,14.2,điểm,FRED,D,2026-10-08
2016-06-02,13.63,điểm,FRED,D,2026-10-08
2016-06-03,13.47,điểm,FRED,D,2026-10-08
2016-06-06,13.65,điểm,FRED,D,2026-10-08
2016-06-07,14.05,điểm,FRED,D,2026-10-08
2016-06-08,14.08,điểm,FRED,D,2026-10-08
2016-06-09,14.64,điểm,FRED,D,2026-10-08
2016-06-10,17.03,điểm,FRED,D,2026-10-08
2016-06-13,20.97,điểm,FRED,D,2026-10-08
2016-06-14,20.5,điểm,FRED,D,2026-10-08
2016-06-15,20.14,điểm,FRED,D,2026-10-08
2016-06-16,19.37,điểm,FRED,D,2026-10-08
2016-06-17,19.41,điểm,FRED,D,2026-10-08
2016-06-20,18.37,điểm,FRED,D,2026-10-08
2016-06-21,18.48,điểm,FRED,D,2026-10-08
2016-06-22,21.17,điểm,FRED,D,2026-10-08
2016-06-23,17.25,điểm,FRED,D,2026-10-08
2016-06-24,25.76,điểm,FRED,D,2026-10-08
2016-06-27,23.85,điểm,FRED,D,2026-10-08
2016-06-28,18.75,điểm,FRED,D,2026-10-08
2016-06-29,16.64,điểm,FRED,D,2026-10-08
2016-06-30,15.63,điểm,FRED,D,2026-10-08
2016-07-01,14.77,điểm,FRED,D,2026-10-08
2016-07-05,15.58,điểm,FRED,D,2026-10-08
2016-07-06,14.96,điểm,FRED,D,2026-10-08
2016-07-07,14.76,điểm,FRED,D,2026-10-08
2016-07-08,13.2,điểm,FRED,D,2026-10-08
2016-07-11,13.54,điểm,FRED,D,2026-10-08
2016-07-12,13.55,điểm,FRED,D,2026-10-08
2016-07-13,13.04,điểm,FRED,D,2026-10-08
2016-07-14,12.82,điểm,FRED,D,2026-10-08
2016-07-15,12.67,điểm,FRED,D,2026-10-08
2016-07-18,12.44,điểm,FRED,D,2026-10-08
2016-07-19,11.97,điểm,FRED,D,2026-10-08
2016-07-20,11.77,điểm,FRED,D,2026-10-08
2016-07-21,12.74,điểm,FRED,D,2026-10-08
2016-07-22,12.02,điểm,FRED,D,2026-10-08
2016-07-25,12.87,điểm,FRED,D,2026-10-08
2016-07-26,13.05,điểm,FRED,D,2026-10-08
2016-07-27,12.83,điểm,FRED,D,2026-10-08
2016-07-28,12.72,điểm,FRED,D,2026-10-08
2016-07-29,11.87,điểm,FRED,D,2026-10-08
2016-08-01,12.44,điểm,FRED,D,2026-10-08
2016-08-02,13.37,điểm,FRED,D,2026-10-08
2016-08-03,12.86,điểm,FRED,D,2026-10-08
2016-08-04,12.42,điểm,FRED,D,2026-10-08
2016-08-05,11.39,điểm,FRED,D,2026-10-08
2016-08-08,11.5,điểm,FRED,D,2026-10-08
2016-08-09,11.66,điểm,FRED,D,2026-10-08
2016-08-10,12.05,điểm,FRED,D,2026-10-08
2016-08-11,11.68,điểm,FRED,D,2026-10-08
2016-08-12,11.55,điểm,FRED,D,2026-10-08
2016-08-15,11.81,điểm,FRED,D,2026-10-08
2016-08-16,12.64,điểm,FRED,D,2026-10-08
2016-08-17,12.19,điểm,FRED,D,2026-10-08
2016-08-18,11.43,điểm,FRED,D,2026-10-08
2016-08-19,11.34,điểm,FRED,D,2026-10-08
2016-08-22,12.27,điểm,FRED,D,2026-10-08
2016-08-23,12.38,điểm,FRED,D,2026-10-08
2016-08-24,13.45,điểm,FRED,D,2026-10-08
2016-08-25,13.63,điểm,FRED,D,2026-10-08
2016-08-26,13.65,điểm,FRED,D,2026-10-08
2016-08-29,12.94,điểm,FRED,D,2026-10-08
2016-08-30,13.12,điểm,FRED,D,2026-10-08
2016-08-31,13.42,điểm,FRED,D,2026-10-08
2016-09-01,13.48,điểm,FRED,D,2026-10-08
2016-09-02,11.98,điểm,FRED,D,2026-10-08
2016-09-06,12.02,điểm,FRED,D,2026-10-08
2016-09-07,11.94,điểm,FRED,D,2026-10-08
2016-09-08,12.51,điểm,FRED,D,2026-10-08
2016-09-09,17.5,điểm,FRED,D,2026-10-08
2016-09-12,15.16,điểm,FRED,D,2026-10-08
2016-09-13,17.85,điểm,FRED,D,2026-10-08
2016-09-14,18.14,điểm,FRED,D,2026-10-08
2016-09-15,16.3,điểm,FRED,D,2026-10-08
2016-09-16,15.37,điểm,FRED,D,2026-10-08
2016-09-19,15.53,điểm,FRED,D,2026-10-08
2016-09-20,15.92,điểm,FRED,D,2026-10-08
2016-09-21,13.3,điểm,FRED,D,2026-10-08
2016-09-22,12.02,điểm,FRED,D,2026-10-08
2016-09-23,12.29,điểm,FRED,D,2026-10-08
2016-09-26,14.5,điểm,FRED,D,2026-10-08
2016-09-27,13.1,điểm,FRED,D,2026-10-08
2016-09-28,12.39,điểm,FRED,D,2026-10-08
2016-09-29,14.02,điểm,FRED,D,2026-10-08
2016-09-30,13.29,điểm,FRED,D,2026-10-08
2016-10-03,13.57,điểm,FRED,D,2026-10-08
2016-10-04,13.63,điểm,FRED,D,2026-10-08
2016-10-05,12.99,điểm,FRED,D,2026-10-08
2016-10-06,12.84,điểm,FRED,D,2026-10-08
2016-10-07,13.48,điểm,FRED,D,2026-10-08
2016-10-10,13.38,điểm,FRED,D,2026-10-08
2016-10-11,15.36,điểm,FRED,D,2026-10-08
2016-10-12,15.91,điểm,FRED,D,2026-10-08
2016-10-13,16.69,điểm,FRED,D,2026-10-08
2016-10-14,16.12,điểm,FRED,D,2026-10-08
2016-10-17,16.21,điểm,FRED,D,2026-10-08
2016-10-18,15.28,điểm,FRED,D,2026-10-08
2016-10-19,14.41,điểm,FRED,D,2026-10-08
2016-10-20,13.75,điểm,FRED,D,2026-10-08
2016-10-21,13.34,điểm,FRED,D,2026-10-08
2016-10-24,13.02,điểm,FRED,D,2026-10-08
2016-10-25,13.46,điểm,FRED,D,2026-10-08
2016-10-26,14.24,điểm,FRED,D,2026-10-08
2016-10-27,15.36,điểm,FRED,D,2026-10-08
2016-10-28,16.19,điểm,FRED,D,2026-10-08
2016-10-31,17.06,điểm,FRED,D,2026-10-08
2016-11-01,18.56,điểm,FRED,D,2026-10-08
2016-11-02,19.32,điểm,FRED,D,2026-10-08
2016-11-03,22.08,điểm,FRED,D,2026-10-08
2016-11-04,22.51,điểm,FRED,D,2026-10-08
2016-11-07,18.71,điểm,FRED,D,2026-10-08
2016-11-08,18.74,điểm,FRED,D,2026-10-08
2016-11-09,14.38,điểm,FRED,D,2026-10-08
2016-11-10,14.74,điểm,FRED,D,2026-10-08
2016-11-11,14.17,điểm,FRED,D,2026-10-08
2016-11-14,14.48,điểm,FRED,D,2026-10-08
2016-11-15,13.37,điểm,FRED,D,2026-10-08
2016-11-16,13.72,điểm,FRED,D,2026-10-08
2016-11-17,13.35,điểm,FRED,D,2026-10-08
2016-11-18,12.85,điểm,FRED,D,2026-10-08
2016-11-21,12.42,điểm,FRED,D,2026-10-08
2016-11-22,12.41,điểm,FRED,D,2026-10-08
2016-11-23,12.43,điểm,FRED,D,2026-10-08
2016-11-25,12.34,điểm,FRED,D,2026-10-08
2016-11-28,13.15,điểm,FRED,D,2026-10-08
2016-11-29,12.9,điểm,FRED,D,2026-10-08
2016-11-30,13.33,điểm,FRED,D,2026-10-08
2016-12-01,14.07,điểm,FRED,D,2026-10-08
2016-12-02,14.12,điểm,FRED,D,2026-10-08
2016-12-05,12.14,điểm,FRED,D,2026-10-08
2016-12-06,11.79,điểm,FRED,D,2026-10-08
2016-12-07,12.22,điểm,FRED,D,2026-10-08
2016-12-08,12.64,điểm,FRED,D,2026-10-08
2016-12-09,11.75,điểm,FRED,D,2026-10-08
2016-12-12,12.64,điểm,FRED,D,2026-10-08
2016-12-13,12.72,điểm,FRED,D,2026-10-08
2016-12-14,13.19,điểm,FRED,D,2026-10-08
2016-12-15,12.79,điểm,FRED,D,2026-10-08
2016-12-16,12.2,điểm,FRED,D,2026-10-08
2016-12-19,11.71,điểm,FRED,D,2026-10-08
2016-12-20,11.45,điểm,FRED,D,2026-10-08
2016-12-21,11.27,điểm,FRED,D,2026-10-08
2016-12-22,11.43,điểm,FRED,D,2026-10-08
2016-12-23,11.44,điểm,FRED,D,2026-10-08
2016-12-27,11.99,điểm,FRED,D,2026-10-08
2016-12-28,12.95,điểm,FRED,D,2026-10-08
2016-12-29,13.37,điểm,FRED,D,2026-10-08
2016-12-30,14.04,điểm,FRED,D,2026-10-08
2017-01-03,12.85,điểm,FRED,D,2026-10-08
2017-01-04,11.85,điểm,FRED,D,2026-10-08
2017-01-05,11.67,điểm,FRED,D,2026-10-08
2017-01-06,11.32,điểm,FRED,D,2026-10-08
2017-01-09,11.56,điểm,FRED,D,2026-10-08
2017-01-10,11.49,điểm,FRED,D,2026-10-08
2017-01-11,11.26,điểm,FRED,D,2026-10-08
2017-01-12,11.54,điểm,FRED,D,2026-10-08
2017-01-13,11.23,điểm,FRED,D,2026-10-08
2017-01-17,11.87,điểm,FRED,D,2026-10-08
2017-01-18,12.48,điểm,FRED,D,2026-10-08
2017-01-19,12.78,điểm,FRED,D,2026-10-08
2017-01-20,11.54,điểm,FRED,D,2026-10-08
2017-01-23,11.77,điểm,FRED,D,2026-10-08
2017-01-24,11.07,điểm,FRED,D,2026-10-08
2017-01-25,10.81,điểm,FRED,D,2026-10-08
2017-01-26,10.63,điểm,FRED,D,2026-10-08
2017-01-27,10.58,điểm,FRED,D,2026-10-08
2017-01-30,11.88,điểm,FRED,D,2026-10-08
2017-01-31,11.99,điểm,FRED,D,2026-10-08
2017-02-01,11.81,điểm,FRED,D,2026-10-08
2017-02-02,11.93,điểm,FRED,D,2026-10-08
2017-02-03,10.97,điểm,FRED,D,2026-10-08
2017-02-06,11.37,điểm,FRED,D,2026-10-08
2017-02-07,11.29,điểm,FRED,D,2026-10-08
2017-02-08,11.45,điểm,FRED,D,2026-10-08
2017-02-09,10.88,điểm,FRED,D,2026-10-08
2017-02-10,10.85,điểm,FRED,D,2026-10-08
2017-02-13,11.07,điểm,FRED,D,2026-10-08
2017-02-14,10.74,điểm,FRED,D,2026-10-08
2017-02-15,11.97,điểm,FRED,D,2026-10-08
2017-02-16,11.76,điểm,FRED,D,2026-10-08
2017-02-17,11.49,điểm,FRED,D,2026-10-08
2017-02-21,11.57,điểm,FRED,D,2026-10-08
2017-02-22,11.74,điểm,FRED,D,2026-10-08
2017-02-23,11.71,điểm,FRED,D,2026-10-08
2017-02-24,11.47,điểm,FRED,D,2026-10-08
2017-02-27,12.09,điểm,FRED,D,2026-10-08
2017-02-28,12.92,điểm,FRED,D,2026-10-08
2017-03-01,12.54,điểm,FRED,D,2026-10-08
2017-03-02,11.81,điểm,FRED,D,2026-10-08
2017-03-03,10.96,điểm,FRED,D,2026-10-08
2017-03-06,11.24,điểm,FRED,D,2026-10-08
2017-03-07,11.45,điểm,FRED,D,2026-10-08
2017-03-08,11.86,điểm,FRED,D,2026-10-08
2017-03-09,12.3,điểm,FRED,D,2026-10-08
2017-03-10,11.66,điểm,FRED,D,2026-10-08
2017-03-13,11.35,điểm,FRED,D,2026-10-08
2017-03-14,12.3,điểm,FRED,D,2026-10-08
2017-03-15,11.63,điểm,FRED,D,2026-10-08
2017-03-16,11.21,điểm,FRED,D,2026-10-08
2017-03-17,11.28,điểm,FRED,D,2026-10-08
2017-03-20,11.34,điểm,FRED,D,2026-10-08
2017-03-21,12.47,điểm,FRED,D,2026-10-08
2017-03-22,12.81,điểm,FRED,D,2026-10-08
2017-03-23,13.12,điểm,FRED,D,2026-10-08
2017-03-24,12.96,điểm,FRED,D,2026-10-08
2017-03-27,12.5,điểm,FRED,D,2026-10-08
2017-03-28,11.53,điểm,FRED,D,2026-10-08
2017-03-29,11.42,điểm,FRED,D,2026-10-08
2017-03-30,11.54,điểm,FRED,D,2026-10-08
2017-03-31,12.37,điểm,FRED,D,2026-10-08
2017-04-03,12.38,điểm,FRED,D,2026-10-08
2017-04-04,11.79,điểm,FRED,D,2026-10-08
2017-04-05,12.89,điểm,FRED,D,2026-10-08
2017-04-06,12.39,điểm,FRED,D,2026-10-08
2017-04-07,12.87,điểm,FRED,D,2026-10-08
2017-04-10,14.05,điểm,FRED,D,2026-10-08
2017-04-11,15.07,điểm,FRED,D,2026-10-08
2017-04-12,15.77,điểm,FRED,D,2026-10-08
2017-04-13,15.96,điểm,FRED,D,2026-10-08
2017-04-17,14.66,điểm,FRED,D,2026-10-08
2017-04-18,14.42,điểm,FRED,D,2026-10-08
2017-04-19,14.93,điểm,FRED,D,2026-10-08
2017-04-20,14.15,điểm,FRED,D,2026-10-08
2017-04-21,14.63,điểm,FRED,D,2026-10-08
2017-04-24,10.84,điểm,FRED,D,2026-10-08
2017-04-25,10.76,điểm,FRED,D,2026-10-08
2017-04-26,10.85,điểm,FRED,D,2026-10-08
2017-04-27,10.36,điểm,FRED,D,2026-10-08
2017-04-28,10.82,điểm,FRED,D,2026-10-08
2017-05-01,10.11,điểm,FRED,D,2026-10-08
2017-05-02,10.59,điểm,FRED,D,2026-10-08
2017-05-03,10.68,điểm,FRED,D,2026-10-08
2017-05-04,10.46,điểm,FRED,D,2026-10-08
2017-05-05,10.57,điểm,FRED,D,2026-10-08
2017-05-08,9.77,điểm,FRED,D,2026-10-08
2017-05-09,9.96,điểm,FRED,D,2026-10-08
2017-05-10,10.21,điểm,FRED,D,2026-10-08
2017-05-11,10.6,điểm,FRED,D,2026-10-08
2017-05-12,10.4,điểm,FRED,D,2026-10-08
2017-05-15,10.42,điểm,FRED,D,2026-10-08
2017-05-16,10.65,điểm,FRED,D,2026-10-08
2017-05-17,15.59,điểm,FRED,D,2026-10-08
2017-05-18,14.66,điểm,FRED,D,2026-10-08
2017-05-19,12.04,điểm,FRED,D,2026-10-08
2017-05-22,10.93,điểm,FRED,D,2026-10-08
2017-05-23,10.72,điểm,FRED,D,2026-10-08
2017-05-24,10.02,điểm,FRED,D,2026-10-08
2017-05-25,9.99,điểm,FRED,D,2026-10-08
2017-05-26,9.81,điểm,FRED,D,2026-10-08
2017-05-30,10.38,điểm,FRED,D,2026-10-08
2017-05-31,10.41,điểm,FRED,D,2026-10-08
2017-06-01,9.89,điểm,FRED,D,2026-10-08
2017-06-02,9.75,điểm,FRED,D,2026-10-08
2017-06-05,10.07,điểm,FRED,D,2026-10-08
2017-06-06,10.45,điểm,FRED,D,2026-10-08
2017-06-07,10.39,điểm,FRED,D,2026-10-08
2017-06-08,10.16,điểm,FRED,D,2026-10-08
2017-06-09,10.7,điểm,FRED,D,2026-10-08
2017-06-12,11.46,điểm,FRED,D,2026-10-08
2017-06-13,10.42,điểm,FRED,D,2026-10-08
2017-06-14,10.64,điểm,FRED,D,2026-10-08
2017-06-15,10.9,điểm,FRED,D,2026-10-08
2017-06-16,10.38,điểm,FRED,D,2026-10-08
2017-06-19,10.37,điểm,FRED,D,2026-10-08
2017-06-20,10.86,điểm,FRED,D,2026-10-08
2017-06-21,10.75,điểm,FRED,D,2026-10-08
2017-06-22,10.48,điểm,FRED,D,2026-10-08
2017-06-23,10.02,điểm,FRED,D,2026-10-08
2017-06-26,9.9,điểm,FRED,D,2026-10-08
2017-06-27,11.06,điểm,FRED,D,2026-10-08
2017-06-28,10.03,điểm,FRED,D,2026-10-08
2017-06-29,11.44,điểm,FRED,D,2026-10-08
2017-06-30,11.18,điểm,FRED,D,2026-10-08
2017-07-03,11.22,điểm,FRED,D,2026-10-08
2017-07-05,11.07,điểm,FRED,D,2026-10-08
2017-07-06,12.54,điểm,FRED,D,2026-10-08
2017-07-07,11.19,điểm,FRED,D,2026-10-08
2017-07-10,11.11,điểm,FRED,D,2026-10-08
2017-07-11,10.89,điểm,FRED,D,2026-10-08
2017-07-12,10.3,điểm,FRED,D,2026-10-08
2017-07-13,9.9,điểm,FRED,D,2026-10-08
2017-07-14,9.51,điểm,FRED,D,2026-10-08
2017-07-17,9.82,điểm,FRED,D,2026-10-08
2017-07-18,9.89,điểm,FRED,D,2026-10-08
2017-07-19,9.79,điểm,FRED,D,2026-10-08
2017-07-20,9.58,điểm,FRED,D,2026-10-08
2017-07-21,9.36,điểm,FRED,D,2026-10-08
2017-07-24,9.43,điểm,FRED,D,2026-10-08
2017-07-25,9.43,điểm,FRED,D,2026-10-08
2017-07-26,9.6,điểm,FRED,D,2026-10-08
2017-07-27,10.11,điểm,FRED,D,2026-10-08
2017-07-28,10.29,điểm,FRED,D,2026-10-08
2017-07-31,10.26,điểm,FRED,D,2026-10-08
2017-08-01,10.09,điểm,FRED,D,2026-10-08
2017-08-02,10.28,điểm,FRED,D,2026-10-08
2017-08-03,10.44,điểm,FRED,D,2026-10-08
2017-08-04,10.03,điểm,FRED,D,2026-10-08
2017-08-07,9.93,điểm,FRED,D,2026-10-08
2017-08-08,10.96,điểm,FRED,D,2026-10-08
2017-08-09,11.11,điểm,FRED,D,2026-10-08
2017-08-10,16.04,điểm,FRED,D,2026-10-08
2017-08-11,15.51,điểm,FRED,D,2026-10-08
2017-08-14,12.33,điểm,FRED,D,2026-10-08
2017-08-15,12.04,điểm,FRED,D,2026-10-08
2017-08-16,11.74,điểm,FRED,D,2026-10-08
2017-08-17,15.55,điểm,FRED,D,2026-10-08
2017-08-18,14.26,điểm,FRED,D,2026-10-08
2017-08-21,13.19,điểm,FRED,D,2026-10-08
2017-08-22,11.35,điểm,FRED,D,2026-10-08
2017-08-23,12.25,điểm,FRED,D,2026-10-08
2017-08-24,12.23,điểm,FRED,D,2026-10-08
2017-08-25,11.28,điểm,FRED,D,2026-10-08
2017-08-28,11.32,điểm,FRED,D,2026-10-08
2017-08-29,11.7,điểm,FRED,D,2026-10-08
2017-08-30,11.22,điểm,FRED,D,2026-10-08
2017-08-31,10.59,điểm,FRED,D,2026-10-08
2017-09-01,10.13,điểm,FRED,D,2026-10-08
2017-09-05,12.23,điểm,FRED,D,2026-10-08
2017-09-06,11.63,điểm,FRED,D,2026-10-08
2017-09-07,11.55,điểm,FRED,D,2026-10-08
2017-09-08,12.12,điểm,FRED,D,2026-10-08
2017-09-11,10.73,điểm,FRED,D,2026-10-08
2017-09-12,10.58,điểm,FRED,D,2026-10-08
2017-09-13,10.5,điểm,FRED,D,2026-10-08
2017-09-14,10.44,điểm,FRED,D,2026-10-08
2017-09-15,10.17,điểm,FRED,D,2026-10-08
2017-09-18,10.15,điểm,FRED,D,2026-10-08
2017-09-19,10.18,điểm,FRED,D,2026-10-08
2017-09-20,9.78,điểm,FRED,D,2026-10-08
2017-09-21,9.67,điểm,FRED,D,2026-10-08
2017-09-22,9.59,điểm,FRED,D,2026-10-08
2017-09-25,10.21,điểm,FRED,D,2026-10-08
2017-09-26,10.17,điểm,FRED,D,2026-10-08
2017-09-27,9.87,điểm,FRED,D,2026-10-08
2017-09-28,9.55,điểm,FRED,D,2026-10-08
2017-09-29,9.51,điểm,FRED,D,2026-10-08
2017-10-02,9.45,điểm,FRED,D,2026-10-08
2017-10-03,9.51,điểm,FRED,D,2026-10-08
2017-10-04,9.63,điểm,FRED,D,2026-10-08
2017-10-05,9.19,điểm,FRED,D,2026-10-08
2017-10-06,9.65,điểm,FRED,D,2026-10-08
2017-10-09,10.33,điểm,FRED,D,2026-10-08
2017-10-10,10.08,điểm,FRED,D,2026-10-08
2017-10-11,9.85,điểm,FRED,D,2026-10-08
2017-10-12,9.91,điểm,FRED,D,2026-10-08
2017-10-13,9.61,điểm,FRED,D,2026-10-08
2017-10-16,9.91,điểm,FRED,D,2026-10-08
2017-10-17,10.31,điểm,FRED,D,2026-10-08
2017-10-18,10.07,điểm,FRED,D,2026-10-08
2017-10-19,10.05,điểm,FRED,D,2026-10-08
2017-10-20,9.97,điểm,FRED,D,2026-10-08
2017-10-23,11.07,điểm,FRED,D,2026-10-08
2017-10-24,11.16,điểm,FRED,D,2026-10-08
2017-10-25,11.23,điểm,FRED,D,2026-10-08
2017-10-26,11.3,điểm,FRED,D,2026-10-08
2017-10-27,9.8,điểm,FRED,D,2026-10-08
2017-10-30,10.5,điểm,FRED,D,2026-10-08
2017-10-31,10.18,điểm,FRED,D,2026-10-08
2017-11-01,10.2,điểm,FRED,D,2026-10-08
2017-11-02,9.93,điểm,FRED,D,2026-10-08
2017-11-03,9.14,điểm,FRED,D,2026-10-08
2017-11-06,9.4,điểm,FRED,D,2026-10-08
2017-11-07,9.89,điểm,FRED,D,2026-10-08
2017-11-08,9.78,điểm,FRED,D,2026-10-08
2017-11-09,10.5,điểm,FRED,D,2026-10-08
2017-11-10,11.29,điểm,FRED,D,2026-10-08
2017-11-13,11.5,điểm,FRED,D,2026-10-08
2017-11-14,11.59,điểm,FRED,D,2026-10-08
2017-11-15,13.13,điểm,FRED,D,2026-10-08
2017-11-16,11.76,điểm,FRED,D,2026-10-08
2017-11-17,11.43,điểm,FRED,D,2026-10-08
2017-11-20,10.65,điểm,FRED,D,2026-10-08
2017-11-21,9.73,điểm,FRED,D,2026-10-08
2017-11-22,9.88,điểm,FRED,D,2026-10-08
2017-11-24,9.67,điểm,FRED,D,2026-10-08
2017-11-27,9.87,điểm,FRED,D,2026-10-08
2017-11-28,10.03,điểm,FRED,D,2026-10-08
2017-11-29,10.7,điểm,FRED,D,2026-10-08
2017-11-30,11.28,điểm,FRED,D,2026-10-08
2017-12-01,11.43,điểm,FRED,D,2026-10-08
2017-12-04,11.68,điểm,FRED,D,2026-10-08
2017-12-05,11.33,điểm,FRED,D,2026-10-08
2017-12-06,11.02,điểm,FRED,D,2026-10-08
2017-12-07,10.16,điểm,FRED,D,2026-10-08
2017-12-08,9.58,điểm,FRED,D,2026-10-08
2017-12-11,9.34,điểm,FRED,D,2026-10-08
2017-12-12,9.92,điểm,FRED,D,2026-10-08
2017-12-13,10.18,điểm,FRED,D,2026-10-08
2017-12-14,10.49,điểm,FRED,D,2026-10-08
2017-12-15,9.42,điểm,FRED,D,2026-10-08
2017-12-18,9.53,điểm,FRED,D,2026-10-08
2017-12-19,10.03,điểm,FRED,D,2026-10-08
2017-12-20,9.72,điểm,FRED,D,2026-10-08
2017-12-21,9.62,điểm,FRED,D,2026-10-08
2017-12-22,9.9,điểm,FRED,D,2026-10-08
2017-12-26,10.25,điểm,FRED,D,2026-10-08
2017-12-27,10.47,điểm,FRED,D,2026-10-08
2017-12-28,10.18,điểm,FRED,D,2026-10-08
2017-12-29,11.04,điểm,FRED,D,2026-10-08
2018-01-02,9.77,điểm,FRED,D,2026-10-08
2018-01-03,9.15,điểm,FRED,D,2026-10-08
2018-01-04,9.22,điểm,FRED,D,2026-10-08
2018-01-05,9.22,điểm,FRED,D,2026-10-08
2018-01-08,9.52,điểm,FRED,D,2026-10-08
2018-01-09,10.08,điểm,FRED,D,2026-10-08
2018-01-10,9.82,điểm,FRED,D,2026-10-08
2018-01-11,9.88,điểm,FRED,D,2026-10-08
2018-01-12,10.16,điểm,FRED,D,2026-10-08
2018-01-16,11.66,điểm,FRED,D,2026-10-08
2018-01-17,11.91,điểm,FRED,D,2026-10-08
2018-01-18,12.22,điểm,FRED,D,2026-10-08
2018-01-19,11.27,điểm,FRED,D,2026-10-08
2018-01-22,11.03,điểm,FRED,D,2026-10-08
2018-01-23,11.1,điểm,FRED,D,2026-10-08
2018-01-24,11.47,điểm,FRED,D,2026-10-08
2018-01-25,11.58,điểm,FRED,D,2026-10-08
2018-01-26,11.08,điểm,FRED,D,2026-10-08
2018-01-29,13.84,điểm,FRED,D,2026-10-08
2018-01-30,14.79,điểm,FRED,D,2026-10-08
2018-01-31,13.54,điểm,FRED,D,2026-10-08
2018-02-01,13.47,điểm,FRED,D,2026-10-08
2018-02-02,17.31,điểm,FRED,D,2026-10-08
2018-02-05,37.32,điểm,FRED,D,2026-10-08
2018-02-06,29.98,điểm,FRED,D,2026-10-08
2018-02-07,27.73,điểm,FRED,D,2026-10-08
2018-02-08,33.46,điểm,FRED,D,2026-10-08
2018-02-09,29.06,điểm,FRED,D,2026-10-08
2018-02-12,25.61,điểm,FRED,D,2026-10-08
2018-02-13,24.97,điểm,FRED,D,2026-10-08
2018-02-14,19.26,điểm,FRED,D,2026-10-08
2018-02-15,19.13,điểm,FRED,D,2026-10-08
2018-02-16,19.46,điểm,FRED,D,2026-10-08
2018-02-20,20.6,điểm,FRED,D,2026-10-08
2018-02-21,20.02,điểm,FRED,D,2026-10-08
2018-02-22,18.72,điểm,FRED,D,2026-10-08
2018-02-23,16.49,điểm,FRED,D,2026-10-08
2018-02-26,15.8,điểm,FRED,D,2026-10-08
2018-02-27,18.59,điểm,FRED,D,2026-10-08
2018-02-28,19.85,điểm,FRED,D,2026-10-08
2018-03-01,22.47,điểm,FRED,D,2026-10-08
2018-03-02,19.59,điểm,FRED,D,2026-10-08
2018-03-05,18.73,điểm,FRED,D,2026-10-08
2018-03-06,18.36,điểm,FRED,D,2026-10-08
2018-03-07,17.76,điểm,FRED,D,2026-10-08
2018-03-08,16.54,điểm,FRED,D,2026-10-08
2018-03-09,14.64,điểm,FRED,D,2026-10-08
2018-03-12,15.78,điểm,FRED,D,2026-10-08
2018-03-13,16.35,điểm,FRED,D,2026-10-08
2018-03-14,17.23,điểm,FRED,D,2026-10-08
2018-03-15,16.59,điểm,FRED,D,2026-10-08
2018-03-16,15.8,điểm,FRED,D,2026-10-08
2018-03-19,19.02,điểm,FRED,D,2026-10-08
2018-03-20,18.2,điểm,FRED,D,2026-10-08
2018-03-21,17.86,điểm,FRED,D,2026-10-08
2018-03-22,23.34,điểm,FRED,D,2026-10-08
2018-03-23,24.87,điểm,FRED,D,2026-10-08
2018-03-26,21.03,điểm,FRED,D,2026-10-08
2018-03-27,22.5,điểm,FRED,D,2026-10-08
2018-03-28,22.87,điểm,FRED,D,2026-10-08
2018-03-29,19.97,điểm,FRED,D,2026-10-08
2018-04-02,23.62,điểm,FRED,D,2026-10-08
2018-04-03,21.1,điểm,FRED,D,2026-10-08
2018-04-04,20.06,điểm,FRED,D,2026-10-08
2018-04-05,18.94,điểm,FRED,D,2026-10-08
2018-04-06,21.49,điểm,FRED,D,2026-10-08
2018-04-09,21.77,điểm,FRED,D,2026-10-08
2018-04-10,20.47,điểm,FRED,D,2026-10-08
2018-04-11,20.24,điểm,FRED,D,2026-10-08
2018-04-12,18.49,điểm,FRED,D,2026-10-08
2018-04-13,17.41,điểm,FRED,D,2026-10-08
2018-04-16,16.56,điểm,FRED,D,2026-10-08
2018-04-17,15.25,điểm,FRED,D,2026-10-08
2018-04-18,15.6,điểm,FRED,D,2026-10-08
2018-04-19,15.96,điểm,FRED,D,2026-10-08
2018-04-20,16.88,điểm,FRED,D,2026-10-08
2018-04-23,16.34,điểm,FRED,D,2026-10-08
2018-04-24,18.02,điểm,FRED,D,2026-10-08
2018-04-25,17.84,điểm,FRED,D,2026-10-08
2018-04-26,16.24,điểm,FRED,D,2026-10-08
2018-04-27,15.41,điểm,FRED,D,2026-10-08
2018-04-30,15.93,điểm,FRED,D,2026-10-08
2018-05-01,15.49,điểm,FRED,D,2026-10-08
2018-05-02,15.97,điểm,FRED,D,2026-10-08
2018-05-03,15.9,điểm,FRED,D,2026-10-08
2018-05-04,14.77,điểm,FRED,D,2026-10-08
2018-05-07,14.75,điểm,FRED,D,2026-10-08
2018-05-08,14.71,điểm,FRED,D,2026-10-08
2018-05-09,13.42,điểm,FRED,D,2026-10-08
2018-05-10,13.23,điểm,FRED,D,2026-10-08
2018-05-11,12.65,điểm,FRED,D,2026-10-08
2018-05-14,12.93,điểm,FRED,D,2026-10-08
2018-05-15,14.63,điểm,FRED,D,2026-10-08
2018-05-16,13.42,điểm,FRED,D,2026-10-08
2018-05-17,13.43,điểm,FRED,D,2026-10-08
2018-05-18,13.42,điểm,FRED,D,2026-10-08
2018-05-21,13.08,điểm,FRED,D,2026-10-08
2018-05-22,13.22,điểm,FRED,D,2026-10-08
2018-05-23,12.58,điểm,FRED,D,2026-10-08
2018-05-24,12.53,điểm,FRED,D,2026-10-08
2018-05-25,13.22,điểm,FRED,D,2026-10-08
2018-05-29,17.02,điểm,FRED,D,2026-10-08
2018-05-30,14.94,điểm,FRED,D,2026-10-08
2018-05-31,15.43,điểm,FRED,D,2026-10-08
2018-06-01,13.46,điểm,FRED,D,2026-10-08
2018-06-04,12.74,điểm,FRED,D,2026-10-08
2018-06-05,12.4,điểm,FRED,D,2026-10-08
2018-06-06,11.64,điểm,FRED,D,2026-10-08
2018-06-07,12.13,điểm,FRED,D,2026-10-08
2018-06-08,12.18,điểm,FRED,D,2026-10-08
2018-06-11,12.35,điểm,FRED,D,2026-10-08
2018-06-12,12.34,điểm,FRED,D,2026-10-08
2018-06-13,12.94,điểm,FRED,D,2026-10-08
2018-06-14,12.12,điểm,FRED,D,2026-10-08
2018-06-15,11.98,điểm,FRED,D,2026-10-08
2018-06-18,12.31,điểm,FRED,D,2026-10-08
2018-06-19,13.35,điểm,FRED,D,2026-10-08
2018-06-20,12.79,điểm,FRED,D,2026-10-08
2018-06-21,14.64,điểm,FRED,D,2026-10-08
2018-06-22,13.77,điểm,FRED,D,2026-10-08
2018-06-25,17.33,điểm,FRED,D,2026-10-08
2018-06-26,15.92,điểm,FRED,D,2026-10-08
2018-06-27,17.91,điểm,FRED,D,2026-10-08
2018-06-28,16.85,điểm,FRED,D,2026-10-08
2018-06-29,16.09,điểm,FRED,D,2026-10-08
2018-07-02,15.6,điểm,FRED,D,2026-10-08
2018-07-03,16.14,điểm,FRED,D,2026-10-08
2018-07-05,14.97,điểm,FRED,D,2026-10-08
2018-07-06,13.37,điểm,FRED,D,2026-10-08
2018-07-09,12.69,điểm,FRED,D,2026-10-08
2018-07-10,12.64,điểm,FRED,D,2026-10-08
2018-07-11,13.63,điểm,FRED,D,2026-10-08
2018-07-12,12.58,điểm,FRED,D,2026-10-08
2018-07-13,12.18,điểm,FRED,D,2026-10-08
2018-07-16,12.83,điểm,FRED,D,2026-10-08
2018-07-17,12.06,điểm,FRED,D,2026-10-08
2018-07-18,12.1,điểm,FRED,D,2026-10-08
2018-07-19,12.87,điểm,FRED,D,2026-10-08
2018-07-20,12.86,điểm,FRED,D,2026-10-08
2018-07-23,12.62,điểm,FRED,D,2026-10-08
2018-07-24,12.41,điểm,FRED,D,2026-10-08
2018-07-25,12.29,điểm,FRED,D,2026-10-08
2018-07-26,12.14,điểm,FRED,D,2026-10-08
2018-07-27,13.03,điểm,FRED,D,2026-10-08
2018-07-30,14.26,điểm,FRED,D,2026-10-08
2018-07-31,12.83,điểm,FRED,D,2026-10-08
2018-08-01,13.15,điểm,FRED,D,2026-10-08
2018-08-02,12.19,điểm,FRED,D,2026-10-08
2018-08-03,11.64,điểm,FRED,D,2026-10-08
2018-08-06,11.27,điểm,FRED,D,2026-10-08
2018-08-07,10.93,điểm,FRED,D,2026-10-08
2018-08-08,10.85,điểm,FRED,D,2026-10-08
2018-08-09,11.27,điểm,FRED,D,2026-10-08
2018-08-10,13.16,điểm,FRED,D,2026-10-08
2018-08-13,14.78,điểm,FRED,D,2026-10-08
2018-08-14,13.31,điểm,FRED,D,2026-10-08
2018-08-15,14.64,điểm,FRED,D,2026-10-08
2018-08-16,13.45,điểm,FRED,D,2026-10-08
2018-08-17,12.64,điểm,FRED,D,2026-10-08
2018-08-20,12.49,điểm,FRED,D,2026-10-08
2018-08-21,12.86,điểm,FRED,D,2026-10-08
2018-08-22,12.25,điểm,FRED,D,2026-10-08
2018-08-23,12.41,điểm,FRED,D,2026-10-08
2018-08-24,11.99,điểm,FRED,D,2026-10-08
2018-08-27,12.16,điểm,FRED,D,2026-10-08
2018-08-28,12.5,điểm,FRED,D,2026-10-08
2018-08-29,12.25,điểm,FRED,D,2026-10-08
2018-08-30,13.53,điểm,FRED,D,2026-10-08
2018-08-31,12.86,điểm,FRED,D,2026-10-08
2018-09-04,13.16,điểm,FRED,D,2026-10-08
2018-09-05,13.91,điểm,FRED,D,2026-10-08
2018-09-06,14.65,điểm,FRED,D,2026-10-08
2018-09-07,14.88,điểm,FRED,D,2026-10-08
2018-09-10,14.16,điểm,FRED,D,2026-10-08
2018-09-11,13.22,điểm,FRED,D,2026-10-08
2018-09-12,13.14,điểm,FRED,D,2026-10-08
2018-09-13,12.37,điểm,FRED,D,2026-10-08
2018-09-14,12.07,điểm,FRED,D,2026-10-08
2018-09-17,13.68,điểm,FRED,D,2026-10-08
2018-09-18,12.79,điểm,FRED,D,2026-10-08
2018-09-19,11.75,điểm,FRED,D,2026-10-08
2018-09-20,11.8,điểm,FRED,D,2026-10-08
2018-09-21,11.68,điểm,FRED,D,2026-10-08
2018-09-24,12.2,điểm,FRED,D,2026-10-08
2018-09-25,12.42,điểm,FRED,D,2026-10-08
2018-09-26,12.89,điểm,FRED,D,2026-10-08
2018-09-27,12.41,điểm,FRED,D,2026-10-08
2018-09-28,12.12,điểm,FRED,D,2026-10-08
2018-10-01,12.0,điểm,FRED,D,2026-10-08
2018-10-02,12.05,điểm,FRED,D,2026-10-08
2018-10-03,11.61,điểm,FRED,D,2026-10-08
2018-10-04,14.22,điểm,FRED,D,2026-10-08
2018-10-05,14.82,điểm,FRED,D,2026-10-08
2018-10-08,15.69,điểm,FRED,D,2026-10-08
2018-10-09,15.95,điểm,FRED,D,2026-10-08
2018-10-10,22.96,điểm,FRED,D,2026-10-08
2018-10-11,24.98,điểm,FRED,D,2026-10-08
2018-10-12,21.31,điểm,FRED,D,2026-10-08
2018-10-15,21.3,điểm,FRED,D,2026-10-08
2018-10-16,17.62,điểm,FRED,D,2026-10-08
2018-10-17,17.4,điểm,FRED,D,2026-10-08
2018-10-18,20.06,điểm,FRED,D,2026-10-08
2018-10-19,19.89,điểm,FRED,D,2026-10-08
2018-10-22,19.64,điểm,FRED,D,2026-10-08
2018-10-23,20.71,điểm,FRED,D,2026-10-08
2018-10-24,25.23,điểm,FRED,D,2026-10-08
2018-10-25,24.22,điểm,FRED,D,2026-10-08
2018-10-26,24.16,điểm,FRED,D,2026-10-08
2018-10-29,24.7,điểm,FRED,D,2026-10-08
2018-10-30,23.35,điểm,FRED,D,2026-10-08
2018-10-31,21.23,điểm,FRED,D,2026-10-08
2018-11-01,19.34,điểm,FRED,D,2026-10-08
2018-11-02,19.51,điểm,FRED,D,2026-10-08
2018-11-05,19.96,điểm,FRED,D,2026-10-08
2018-11-06,19.91,điểm,FRED,D,2026-10-08
2018-11-07,16.36,điểm,FRED,D,2026-10-08
2018-11-08,16.72,điểm,FRED,D,2026-10-08
2018-11-09,17.36,điểm,FRED,D,2026-10-08
2018-11-12,20.45,điểm,FRED,D,2026-10-08
2018-11-13,20.02,điểm,FRED,D,2026-10-08
2018-11-14,21.25,điểm,FRED,D,2026-10-08
2018-11-15,19.98,điểm,FRED,D,2026-10-08
2018-11-16,18.14,điểm,FRED,D,2026-10-08
2018-11-19,20.1,điểm,FRED,D,2026-10-08
2018-11-20,22.48,điểm,FRED,D,2026-10-08
2018-11-21,20.8,điểm,FRED,D,2026-10-08
2018-11-23,21.52,điểm,FRED,D,2026-10-08
2018-11-26,18.9,điểm,FRED,D,2026-10-08
2018-11-27,19.02,điểm,FRED,D,2026-10-08
2018-11-28,18.49,điểm,FRED,D,2026-10-08
2018-11-29,18.79,điểm,FRED,D,2026-10-08
2018-11-30,18.07,điểm,FRED,D,2026-10-08
2018-12-03,16.44,điểm,FRED,D,2026-10-08
2018-12-04,20.74,điểm,FRED,D,2026-10-08
2018-12-06,21.19,điểm,FRED,D,2026-10-08
2018-12-07,23.23,điểm,FRED,D,2026-10-08
2018-12-10,22.64,điểm,FRED,D,2026-10-08
2018-12-11,21.76,điểm,FRED,D,2026-10-08
2018-12-12,21.46,điểm,FRED,D,2026-10-08
2018-12-13,20.65,điểm,FRED,D,2026-10-08
2018-12-14,21.63,điểm,FRED,D,2026-10-08
2018-12-17,24.52,điểm,FRED,D,2026-10-08
2018-12-18,25.58,điểm,FRED,D,2026-10-08
2018-12-19,25.58,điểm,FRED,D,2026-10-08
2018-12-20,28.38,điểm,FRED,D,2026-10-08
2018-12-21,30.11,điểm,FRED,D,2026-10-08
2018-12-24,36.07,điểm,FRED,D,2026-10-08
2018-12-26,30.41,điểm,FRED,D,2026-10-08
2018-12-27,29.96,điểm,FRED,D,2026-10-08
2018-12-28,28.34,điểm,FRED,D,2026-10-08
2018-12-31,25.42,điểm,FRED,D,2026-10-08
2019-01-02,23.22,điểm,FRED,D,2026-10-08
2019-01-03,25.45,điểm,FRED,D,2026-10-08
2019-01-04,21.38,điểm,FRED,D,2026-10-08
2019-01-07,21.4,điểm,FRED,D,2026-10-08
2019-01-08,20.47,điểm,FRED,D,2026-10-08
2019-01-09,19.98,điểm,FRED,D,2026-10-08
2019-01-10,19.5,điểm,FRED,D,2026-10-08
2019-01-11,18.19,điểm,FRED,D,2026-10-08
2019-01-14,19.07,điểm,FRED,D,2026-10-08
2019-01-15,18.6,điểm,FRED,D,2026-10-08
2019-01-16,19.04,điểm,FRED,D,2026-10-08
2019-01-17,18.06,điểm,FRED,D,2026-10-08
2019-01-18,17.8,điểm,FRED,D,2026-10-08
2019-01-22,20.8,điểm,FRED,D,2026-10-08
2019-01-23,19.52,điểm,FRED,D,2026-10-08
2019-01-24,18.89,điểm,FRED,D,2026-10-08
2019-01-25,17.42,điểm,FRED,D,2026-10-08
2019-01-28,18.87,điểm,FRED,D,2026-10-08
2019-01-29,19.13,điểm,FRED,D,2026-10-08
2019-01-30,17.66,điểm,FRED,D,2026-10-08
2019-01-31,16.57,điểm,FRED,D,2026-10-08
2019-02-01,16.14,điểm,FRED,D,2026-10-08
2019-02-04,15.73,điểm,FRED,D,2026-10-08
2019-02-05,15.57,điểm,FRED,D,2026-10-08
2019-02-06,15.38,điểm,FRED,D,2026-10-08
2019-02-07,16.37,điểm,FRED,D,2026-10-08
2019-02-08,15.72,điểm,FRED,D,2026-10-08
2019-02-11,15.97,điểm,FRED,D,2026-10-08
2019-02-12,15.43,điểm,FRED,D,2026-10-08
2019-02-13,15.65,điểm,FRED,D,2026-10-08
2019-02-14,16.22,điểm,FRED,D,2026-10-08
2019-02-15,14.91,điểm,FRED,D,2026-10-08
2019-02-19,14.88,điểm,FRED,D,2026-10-08
2019-02-20,14.02,điểm,FRED,D,2026-10-08
2019-02-21,14.46,điểm,FRED,D,2026-10-08
2019-02-22,13.51,điểm,FRED,D,2026-10-08
2019-02-25,14.85,điểm,FRED,D,2026-10-08
2019-02-26,15.17,điểm,FRED,D,2026-10-08
2019-02-27,14.7,điểm,FRED,D,2026-10-08
2019-02-28,14.78,điểm,FRED,D,2026-10-08
2019-03-01,13.57,điểm,FRED,D,2026-10-08
2019-03-04,14.63,điểm,FRED,D,2026-10-08
2019-03-05,14.74,điểm,FRED,D,2026-10-08
2019-03-06,15.74,điểm,FRED,D,2026-10-08
2019-03-07,16.59,điểm,FRED,D,2026-10-08
2019-03-08,16.05,điểm,FRED,D,2026-10-08
2019-03-11,14.33,điểm,FRED,D,2026-10-08
2019-03-12,13.77,điểm,FRED,D,2026-10-08
2019-03-13,13.41,điểm,FRED,D,2026-10-08
2019-03-14,13.5,điểm,FRED,D,2026-10-08
2019-03-15,12.88,điểm,FRED,D,2026-10-08
2019-03-18,13.1,điểm,FRED,D,2026-10-08
2019-03-19,13.56,điểm,FRED,D,2026-10-08
2019-03-20,13.91,điểm,FRED,D,2026-10-08
2019-03-21,13.63,điểm,FRED,D,2026-10-08
2019-03-22,16.48,điểm,FRED,D,2026-10-08
2019-03-25,16.33,điểm,FRED,D,2026-10-08
2019-03-26,14.68,điểm,FRED,D,2026-10-08
2019-03-27,15.15,điểm,FRED,D,2026-10-08
2019-03-28,14.43,điểm,FRED,D,2026-10-08
2019-03-29,13.71,điểm,FRED,D,2026-10-08
2019-04-01,13.4,điểm,FRED,D,2026-10-08
2019-04-02,13.36,điểm,FRED,D,2026-10-08
2019-04-03,13.74,điểm,FRED,D,2026-10-08
2019-04-04,13.58,điểm,FRED,D,2026-10-08
2019-04-05,12.82,điểm,FRED,D,2026-10-08
2019-04-08,13.18,điểm,FRED,D,2026-10-08
2019-04-09,14.28,điểm,FRED,D,2026-10-08
2019-04-10,13.3,điểm,FRED,D,2026-10-08
2019-04-11,13.02,điểm,FRED,D,2026-10-08
2019-04-12,12.01,điểm,FRED,D,2026-10-08
2019-04-15,12.32,điểm,FRED,D,2026-10-08
2019-04-16,12.18,điểm,FRED,D,2026-10-08
2019-04-17,12.6,điểm,FRED,D,2026-10-08
2019-04-18,12.09,điểm,FRED,D,2026-10-08
2019-04-22,12.42,điểm,FRED,D,2026-10-08
2019-04-23,12.28,điểm,FRED,D,2026-10-08
2019-04-24,13.14,điểm,FRED,D,2026-10-08
2019-04-25,13.25,điểm,FRED,D,2026-10-08
2019-04-26,12.73,điểm,FRED,D,2026-10-08
2019-04-29,13.11,điểm,FRED,D,2026-10-08
2019-04-30,13.12,điểm,FRED,D,2026-10-08
2019-05-01,14.8,điểm,FRED,D,2026-10-08
2019-05-02,14.42,điểm,FRED,D,2026-10-08
2019-05-03,12.87,điểm,FRED,D,2026-10-08
2019-05-06,15.44,điểm,FRED,D,2026-10-08
2019-05-07,19.32,điểm,FRED,D,2026-10-08
2019-05-08,19.4,điểm,FRED,D,2026-10-08
2019-05-09,19.1,điểm,FRED,D,2026-10-08
2019-05-10,16.04,điểm,FRED,D,2026-10-08
2019-05-13,20.55,điểm,FRED,D,2026-10-08
2019-05-14,18.06,điểm,FRED,D,2026-10-08
2019-05-15,16.44,điểm,FRED,D,2026-10-08
2019-05-16,15.29,điểm,FRED,D,2026-10-08
2019-05-17,15.96,điểm,FRED,D,2026-10-08
2019-05-20,16.31,điểm,FRED,D,2026-10-08
2019-05-21,14.95,điểm,FRED,D,2026-10-08
2019-05-22,14.75,điểm,FRED,D,2026-10-08
2019-05-23,16.92,điểm,FRED,D,2026-10-08
2019-05-24,15.85,điểm,FRED,D,2026-10-08
2019-05-28,17.5,điểm,FRED,D,2026-10-08
2019-05-29,17.9,điểm,FRED,D,2026-10-08
2019-05-30,17.3,điểm,FRED,D,2026-10-08
2019-05-31,18.71,điểm,FRED,D,2026-10-08
2019-06-03,18.86,điểm,FRED,D,2026-10-08
2019-06-04,16.97,điểm,FRED,D,2026-10-08
2019-06-05,16.09,điểm,FRED,D,2026-10-08
2019-06-06,15.93,điểm,FRED,D,2026-10-08
2019-06-07,16.3,điểm,FRED,D,2026-10-08
2019-06-10,15.94,điểm,FRED,D,2026-10-08
2019-06-11,15.99,điểm,FRED,D,2026-10-08
2019-06-12,15.91,điểm,FRED,D,2026-10-08
2019-06-13,15.82,điểm,FRED,D,2026-10-08
2019-06-14,15.28,điểm,FRED,D,2026-10-08
2019-06-17,15.35,điểm,FRED,D,2026-10-08
2019-06-18,15.15,điểm,FRED,D,2026-10-08
2019-06-19,14.33,điểm,FRED,D,2026-10-08
2019-06-20,14.75,điểm,FRED,D,2026-10-08
2019-06-21,15.4,điểm,FRED,D,2026-10-08
2019-06-24,15.26,điểm,FRED,D,2026-10-08
2019-06-25,16.28,điểm,FRED,D,2026-10-08
2019-06-26,16.21,điểm,FRED,D,2026-10-08
2019-06-27,15.82,điểm,FRED,D,2026-10-08
2019-06-28,15.08,điểm,FRED,D,2026-10-08
2019-07-01,14.06,điểm,FRED,D,2026-10-08
2019-07-02,12.93,điểm,FRED,D,2026-10-08
2019-07-03,12.57,điểm,FRED,D,2026-10-08
2019-07-05,13.28,điểm,FRED,D,2026-10-08
2019-07-08,13.96,điểm,FRED,D,2026-10-08
2019-07-09,14.09,điểm,FRED,D,2026-10-08
2019-07-10,13.03,điểm,FRED,D,2026-10-08
2019-07-11,12.93,điểm,FRED,D,2026-10-08
2019-07-12,12.39,điểm,FRED,D,2026-10-08
2019-07-15,12.68,điểm,FRED,D,2026-10-08
2019-07-16,12.86,điểm,FRED,D,2026-10-08
2019-07-17,13.97,điểm,FRED,D,2026-10-08
2019-07-18,13.53,điểm,FRED,D,2026-10-08
2019-07-19,14.45,điểm,FRED,D,2026-10-08
2019-07-22,13.53,điểm,FRED,D,2026-10-08
2019-07-23,12.61,điểm,FRED,D,2026-10-08
2019-07-24,12.07,điểm,FRED,D,2026-10-08
2019-07-25,12.74,điểm,FRED,D,2026-10-08
2019-07-26,12.16,điểm,FRED,D,2026-10-08
2019-07-29,12.83,điểm,FRED,D,2026-10-08
2019-07-30,13.94,điểm,FRED,D,2026-10-08
2019-07-31,16.12,điểm,FRED,D,2026-10-08
2019-08-01,17.87,điểm,FRED,D,2026-10-08
2019-08-02,17.61,điểm,FRED,D,2026-10-08
2019-08-05,24.59,điểm,FRED,D,2026-10-08
2019-08-06,20.17,điểm,FRED,D,2026-10-08
2019-08-07,19.49,điểm,FRED,D,2026-10-08
2019-08-08,16.91,điểm,FRED,D,2026-10-08
2019-08-09,17.97,điểm,FRED,D,2026-10-08
2019-08-12,21.09,điểm,FRED,D,2026-10-08
2019-08-13,17.52,điểm,FRED,D,2026-10-08
2019-08-14,22.1,điểm,FRED,D,2026-10-08
2019-08-15,21.18,điểm,FRED,D,2026-10-08
2019-08-16,18.47,điểm,FRED,D,2026-10-08
2019-08-19,16.88,điểm,FRED,D,2026-10-08
2019-08-20,17.5,điểm,FRED,D,2026-10-08
2019-08-21,15.8,điểm,FRED,D,2026-10-08
2019-08-22,16.68,điểm,FRED,D,2026-10-08
2019-08-23,19.87,điểm,FRED,D,2026-10-08
2019-08-26,19.32,điểm,FRED,D,2026-10-08
2019-08-27,20.31,điểm,FRED,D,2026-10-08
2019-08-28,19.35,điểm,FRED,D,2026-10-08
2019-08-29,17.88,điểm,FRED,D,2026-10-08
2019-08-30,18.98,điểm,FRED,D,2026-10-08
2019-09-03,19.66,điểm,FRED,D,2026-10-08
2019-09-04,17.33,điểm,FRED,D,2026-10-08
2019-09-05,16.27,điểm,FRED,D,2026-10-08
2019-09-06,15.0,điểm,FRED,D,2026-10-08
2019-09-09,15.27,điểm,FRED,D,2026-10-08
2019-09-10,15.2,điểm,FRED,D,2026-10-08
2019-09-11,14.61,điểm,FRED,D,2026-10-08
2019-09-12,14.22,điểm,FRED,D,2026-10-08
2019-09-13,13.74,điểm,FRED,D,2026-10-08
2019-09-16,14.67,điểm,FRED,D,2026-10-08
2019-09-17,14.44,điểm,FRED,D,2026-10-08
2019-09-18,13.95,điểm,FRED,D,2026-10-08
2019-09-19,14.05,điểm,FRED,D,2026-10-08
2019-09-20,15.32,điểm,FRED,D,2026-10-08
2019-09-23,14.91,điểm,FRED,D,2026-10-08
2019-09-24,17.05,điểm,FRED,D,2026-10-08
2019-09-25,15.96,điểm,FRED,D,2026-10-08
2019-09-26,16.07,điểm,FRED,D,2026-10-08
2019-09-27,17.22,điểm,FRED,D,2026-10-08
2019-09-30,16.24,điểm,FRED,D,2026-10-08
2019-10-01,18.56,điểm,FRED,D,2026-10-08
2019-10-02,20.56,điểm,FRED,D,2026-10-08
2019-10-03,19.12,điểm,FRED,D,2026-10-08
2019-10-04,17.04,điểm,FRED,D,2026-10-08
2019-10-07,17.86,điểm,FRED,D,2026-10-08
2019-10-08,20.28,điểm,FRED,D,2026-10-08
2019-10-09,18.64,điểm,FRED,D,2026-10-08
2019-10-10,17.57,điểm,FRED,D,2026-10-08
2019-10-11,15.58,điểm,FRED,D,2026-10-08
2019-10-14,14.57,điểm,FRED,D,2026-10-08
2019-10-15,13.54,điểm,FRED,D,2026-10-08
2019-10-16,13.68,điểm,FRED,D,2026-10-08
2019-10-17,13.79,điểm,FRED,D,2026-10-08
2019-10-18,14.25,điểm,FRED,D,2026-10-08
2019-10-21,14.0,điểm,FRED,D,2026-10-08
2019-10-22,14.46,điểm,FRED,D,2026-10-08
2019-10-23,14.01,điểm,FRED,D,2026-10-08
2019-10-24,13.71,điểm,FRED,D,2026-10-08
2019-10-25,12.65,điểm,FRED,D,2026-10-08
2019-10-28,13.11,điểm,FRED,D,2026-10-08
2019-10-29,13.2,điểm,FRED,D,2026-10-08
2019-10-30,12.33,điểm,FRED,D,2026-10-08
2019-10-31,13.22,điểm,FRED,D,2026-10-08
2019-11-01,12.3,điểm,FRED,D,2026-10-08
2019-11-04,12.83,điểm,FRED,D,2026-10-08
2019-11-05,13.1,điểm,FRED,D,2026-10-08
2019-11-06,12.62,điểm,FRED,D,2026-10-08
2019-11-07,12.73,điểm,FRED,D,2026-10-08
2019-11-08,12.07,điểm,FRED,D,2026-10-08
2019-11-11,12.69,điểm,FRED,D,2026-10-08
2019-11-12,12.68,điểm,FRED,D,2026-10-08
2019-11-13,13.0,điểm,FRED,D,2026-10-08
2019-11-14,13.05,điểm,FRED,D,2026-10-08
2019-11-15,12.05,điểm,FRED,D,2026-10-08
2019-11-18,12.46,điểm,FRED,D,2026-10-08
2019-11-19,12.86,điểm,FRED,D,2026-10-08
2019-11-20,12.78,điểm,FRED,D,2026-10-08
2019-11-21,13.13,điểm,FRED,D,2026-10-08
2019-11-22,12.34,điểm,FRED,D,2026-10-08
2019-11-25,11.87,điểm,FRED,D,2026-10-08
2019-11-26,11.54,điểm,FRED,D,2026-10-08
2019-11-27,11.75,điểm,FRED,D,2026-10-08
2019-11-29,12.62,điểm,FRED,D,2026-10-08
2019-12-02,14.91,điểm,FRED,D,2026-10-08
2019-12-03,15.96,điểm,FRED,D,2026-10-08
2019-12-04,14.8,điểm,FRED,D,2026-10-08
2019-12-05,14.52,điểm,FRED,D,2026-10-08
2019-12-06,13.62,điểm,FRED,D,2026-10-08
2019-12-09,15.86,điểm,FRED,D,2026-10-08
2019-12-10,15.68,điểm,FRED,D,2026-10-08
2019-12-11,14.99,điểm,FRED,D,2026-10-08
2019-12-12,13.94,điểm,FRED,D,2026-10-08
2019-12-13,12.63,điểm,FRED,D,2026-10-08
2019-12-16,12.14,điểm,FRED,D,2026-10-08
2019-12-17,12.29,điểm,FRED,D,2026-10-08
2019-12-18,12.58,điểm,FRED,D,2026-10-08
2019-12-19,12.5,điểm,FRED,D,2026-10-08
2019-12-20,12.51,điểm,FRED,D,2026-10-08
2019-12-23,12.61,điểm,FRED,D,2026-10-08
2019-12-24,12.67,điểm,FRED,D,2026-10-08
2019-12-26,12.65,điểm,FRED,D,2026-10-08
2019-12-27,13.43,điểm,FRED,D,2026-10-08
2019-12-30,14.82,điểm,FRED,D,2026-10-08
2019-12-31,13.78,điểm,FRED,D,2026-10-08
2020-01-02,12.47,điểm,FRED,D,2026-10-08
2020-01-03,14.02,điểm,FRED,D,2026-10-08
2020-01-06,13.85,điểm,FRED,D,2026-10-08
2020-01-07,13.79,điểm,FRED,D,2026-10-08
2020-01-08,13.45,điểm,FRED,D,2026-10-08
2020-01-09,12.54,điểm,FRED,D,2026-10-08
2020-01-10,12.56,điểm,FRED,D,2026-10-08
2020-01-13,12.32,điểm,FRED,D,2026-10-08
2020-01-14,12.39,điểm,FRED,D,2026-10-08
2020-01-15,12.42,điểm,FRED,D,2026-10-08
2020-01-16,12.32,điểm,FRED,D,2026-10-08
2020-01-17,12.1,điểm,FRED,D,2026-10-08
2020-01-21,12.85,điểm,FRED,D,2026-10-08
2020-01-22,12.91,điểm,FRED,D,2026-10-08
2020-01-23,12.98,điểm,FRED,D,2026-10-08
2020-01-24,14.56,điểm,FRED,D,2026-10-08
2020-01-27,18.23,điểm,FRED,D,2026-10-08
2020-01-28,16.28,điểm,FRED,D,2026-10-08
2020-01-29,16.39,điểm,FRED,D,2026-10-08
2020-01-30,15.49,điểm,FRED,D,2026-10-08
2020-01-31,18.84,điểm,FRED,D,2026-10-08
2020-02-03,17.97,điểm,FRED,D,2026-10-08
2020-02-04,16.05,điểm,FRED,D,2026-10-08
2020-02-05,15.15,điểm,FRED,D,2026-10-08
2020-02-06,14.96,điểm,FRED,D,2026-10-08
2020-02-07,15.47,điểm,FRED,D,2026-10-08
2020-02-10,15.04,điểm,FRED,D,2026-10-08
2020-02-11,15.18,điểm,FRED,D,2026-10-08
2020-02-12,13.74,điểm,FRED,D,2026-10-08
2020-02-13,14.15,điểm,FRED,D,2026-10-08
2020-02-14,13.68,điểm,FRED,D,2026-10-08
2020-02-18,14.83,điểm,FRED,D,2026-10-08
2020-02-19,14.38,điểm,FRED,D,2026-10-08
2020-02-20,15.56,điểm,FRED,D,2026-10-08
2020-02-21,17.08,điểm,FRED,D,2026-10-08
2020-02-24,25.03,điểm,FRED,D,2026-10-08
2020-02-25,27.85,điểm,FRED,D,2026-10-08
2020-02-26,27.56,điểm,FRED,D,2026-10-08
2020-02-27,39.16,điểm,FRED,D,2026-10-08
2020-02-28,40.11,điểm,FRED,D,2026-10-08
2020-03-02,33.42,điểm,FRED,D,2026-10-08
2020-03-03,36.82,điểm,FRED,D,2026-10-08
2020-03-04,31.99,điểm,FRED,D,2026-10-08
2020-03-05,39.62,điểm,FRED,D,2026-10-08
2020-03-06,41.94,điểm,FRED,D,2026-10-08
2020-03-09,54.46,điểm,FRED,D,2026-10-08
2020-03-10,47.3,điểm,FRED,D,2026-10-08
2020-03-11,53.9,điểm,FRED,D,2026-10-08
2020-03-12,75.47,điểm,FRED,D,2026-10-08
2020-03-13,57.83,điểm,FRED,D,2026-10-08
2020-03-16,82.69,điểm,FRED,D,2026-10-08
2020-03-17,75.91,điểm,FRED,D,2026-10-08
2020-03-18,76.45,điểm,FRED,D,2026-10-08
2020-03-19,72.0,điểm,FRED,D,2026-10-08
2020-03-20,66.04,điểm,FRED,D,2026-10-08
2020-03-23,61.59,điểm,FRED,D,2026-10-08
2020-03-24,61.67,điểm,FRED,D,2026-10-08
2020-03-25,63.95,điểm,FRED,D,2026-10-08
2020-03-26,61.0,điểm,FRED,D,2026-10-08
2020-03-27,65.54,điểm,FRED,D,2026-10-08
2020-03-30,57.08,điểm,FRED,D,2026-10-08
2020-03-31,53.54,điểm,FRED,D,2026-10-08
2020-04-01,57.06,điểm,FRED,D,2026-10-08
2020-04-02,50.91,điểm,FRED,D,2026-10-08
2020-04-03,46.8,điểm,FRED,D,2026-10-08
2020-04-06,45.24,điểm,FRED,D,2026-10-08
2020-04-07,46.7,điểm,FRED,D,2026-10-08
2020-04-08,43.35,điểm,FRED,D,2026-10-08
2020-04-09,41.67,điểm,FRED,D,2026-10-08
2020-04-13,41.17,điểm,FRED,D,2026-10-08
2020-04-14,37.76,điểm,FRED,D,2026-10-08
2020-04-15,40.84,điểm,FRED,D,2026-10-08
2020-04-16,40.11,điểm,FRED,D,2026-10-08
2020-04-17,38.15,điểm,FRED,D,2026-10-08
2020-04-20,43.83,điểm,FRED,D,2026-10-08
2020-04-21,45.41,điểm,FRED,D,2026-10-08
2020-04-22,41.98,điểm,FRED,D,2026-10-08
2020-04-23,41.38,điểm,FRED,D,2026-10-08
2020-04-24,35.93,điểm,FRED,D,2026-10-08
2020-04-27,33.29,điểm,FRED,D,2026-10-08
2020-04-28,33.57,điểm,FRED,D,2026-10-08
2020-04-29,31.23,điểm,FRED,D,2026-10-08
2020-04-30,34.15,điểm,FRED,D,2026-10-08
2020-05-01,37.19,điểm,FRED,D,2026-10-08
2020-05-04,35.97,điểm,FRED,D,2026-10-08
2020-05-05,33.61,điểm,FRED,D,2026-10-08
2020-05-06,34.12,điểm,FRED,D,2026-10-08
2020-05-07,31.44,điểm,FRED,D,2026-10-08
2020-05-08,27.98,điểm,FRED,D,2026-10-08
2020-05-11,27.57,điểm,FRED,D,2026-10-08
2020-05-12,33.04,điểm,FRED,D,2026-10-08
2020-05-13,35.28,điểm,FRED,D,2026-10-08
2020-05-14,32.61,điểm,FRED,D,2026-10-08
2020-05-15,31.89,điểm,FRED,D,2026-10-08
2020-05-18,29.3,điểm,FRED,D,2026-10-08
2020-05-19,30.53,điểm,FRED,D,2026-10-08
2020-05-20,27.99,điểm,FRED,D,2026-10-08
2020-05-21,29.53,điểm,FRED,D,2026-10-08
2020-05-22,28.16,điểm,FRED,D,2026-10-08
2020-05-26,28.01,điểm,FRED,D,2026-10-08
2020-05-27,27.62,điểm,FRED,D,2026-10-08
2020-05-28,28.59,điểm,FRED,D,2026-10-08
2020-05-29,27.51,điểm,FRED,D,2026-10-08
2020-06-01,28.23,điểm,FRED,D,2026-10-08
2020-06-02,26.84,điểm,FRED,D,2026-10-08
2020-06-03,25.66,điểm,FRED,D,2026-10-08
2020-06-04,25.81,điểm,FRED,D,2026-10-08
2020-06-05,24.52,điểm,FRED,D,2026-10-08
2020-06-08,25.81,điểm,FRED,D,2026-10-08
2020-06-09,27.57,điểm,FRED,D,2026-10-08
2020-06-10,27.57,điểm,FRED,D,2026-10-08
2020-06-11,40.79,điểm,FRED,D,2026-10-08
2020-06-12,36.09,điểm,FRED,D,2026-10-08
2020-06-15,34.4,điểm,FRED,D,2026-10-08
2020-06-16,33.67,điểm,FRED,D,2026-10-08
2020-06-17,33.47,điểm,FRED,D,2026-10-08
2020-06-18,32.94,điểm,FRED,D,2026-10-08
2020-06-19,35.12,điểm,FRED,D,2026-10-08
2020-06-22,31.77,điểm,FRED,D,2026-10-08
2020-06-23,31.37,điểm,FRED,D,2026-10-08
2020-06-24,33.84,điểm,FRED,D,2026-10-08
2020-06-25,32.22,điểm,FRED,D,2026-10-08
2020-06-26,34.73,điểm,FRED,D,2026-10-08
2020-06-29,31.78,điểm,FRED,D,2026-10-08
2020-06-30,30.43,điểm,FRED,D,2026-10-08
2020-07-01,28.62,điểm,FRED,D,2026-10-08
2020-07-02,27.68,điểm,FRED,D,2026-10-08
2020-07-06,27.94,điểm,FRED,D,2026-10-08
2020-07-07,29.43,điểm,FRED,D,2026-10-08
2020-07-08,28.08,điểm,FRED,D,2026-10-08
2020-07-09,29.26,điểm,FRED,D,2026-10-08
2020-07-10,27.29,điểm,FRED,D,2026-10-08
2020-07-13,32.19,điểm,FRED,D,2026-10-08
2020-07-14,29.52,điểm,FRED,D,2026-10-08
2020-07-15,27.76,điểm,FRED,D,2026-10-08
2020-07-16,28.0,điểm,FRED,D,2026-10-08
2020-07-17,25.68,điểm,FRED,D,2026-10-08
2020-07-20,24.46,điểm,FRED,D,2026-10-08
2020-07-21,24.84,điểm,FRED,D,2026-10-08
2020-07-22,24.32,điểm,FRED,D,2026-10-08
2020-07-23,26.08,điểm,FRED,D,2026-10-08
2020-07-24,25.84,điểm,FRED,D,2026-10-08
2020-07-27,24.74,điểm,FRED,D,2026-10-08
2020-07-28,25.44,điểm,FRED,D,2026-10-08
2020-07-29,24.1,điểm,FRED,D,2026-10-08
2020-07-30,24.76,điểm,FRED,D,2026-10-08
2020-07-31,24.46,điểm,FRED,D,2026-10-08
2020-08-03,24.28,điểm,FRED,D,2026-10-08
2020-08-04,23.76,điểm,FRED,D,2026-10-08
2020-08-05,22.99,điểm,FRED,D,2026-10-08
2020-08-06,22.65,điểm,FRED,D,2026-10-08
2020-08-07,22.21,điểm,FRED,D,2026-10-08
2020-08-10,22.13,điểm,FRED,D,2026-10-08
2020-08-11,24.03,điểm,FRED,D,2026-10-08
2020-08-12,22.28,điểm,FRED,D,2026-10-08
2020-08-13,22.13,điểm,FRED,D,2026-10-08
2020-08-14,22.05,điểm,FRED,D,2026-10-08
2020-08-17,21.35,điểm,FRED,D,2026-10-08
2020-08-18,21.51,điểm,FRED,D,2026-10-08
2020-08-19,22.54,điểm,FRED,D,2026-10-08
2020-08-20,22.72,điểm,FRED,D,2026-10-08
2020-08-21,22.54,điểm,FRED,D,2026-10-08
2020-08-24,22.37,điểm,FRED,D,2026-10-08
2020-08-25,22.03,điểm,FRED,D,2026-10-08
2020-08-26,23.27,điểm,FRED,D,2026-10-08
2020-08-27,24.47,điểm,FRED,D,2026-10-08
2020-08-28,22.96,điểm,FRED,D,2026-10-08
2020-08-31,26.41,điểm,FRED,D,2026-10-08
2020-09-01,26.12,điểm,FRED,D,2026-10-08
2020-09-02,26.57,điểm,FRED,D,2026-10-08
2020-09-03,33.6,điểm,FRED,D,2026-10-08
2020-09-04,30.75,điểm,FRED,D,2026-10-08
2020-09-08,31.46,điểm,FRED,D,2026-10-08
2020-09-09,28.81,điểm,FRED,D,2026-10-08
2020-09-10,29.71,điểm,FRED,D,2026-10-08
2020-09-11,26.87,điểm,FRED,D,2026-10-08
2020-09-14,25.85,điểm,FRED,D,2026-10-08
2020-09-15,25.59,điểm,FRED,D,2026-10-08
2020-09-16,26.04,điểm,FRED,D,2026-10-08
2020-09-17,26.46,điểm,FRED,D,2026-10-08
2020-09-18,25.83,điểm,FRED,D,2026-10-08
2020-09-21,27.78,điểm,FRED,D,2026-10-08
2020-09-22,26.86,điểm,FRED,D,2026-10-08
2020-09-23,28.58,điểm,FRED,D,2026-10-08
2020-09-24,28.51,điểm,FRED,D,2026-10-08
2020-09-25,26.38,điểm,FRED,D,2026-10-08
2020-09-28,26.19,điểm,FRED,D,2026-10-08
2020-09-29,26.27,điểm,FRED,D,2026-10-08
2020-09-30,26.37,điểm,FRED,D,2026-10-08
2020-10-01,26.7,điểm,FRED,D,2026-10-08
2020-10-02,27.63,điểm,FRED,D,2026-10-08
2020-10-05,27.96,điểm,FRED,D,2026-10-08
2020-10-06,29.48,điểm,FRED,D,2026-10-08
2020-10-07,28.06,điểm,FRED,D,2026-10-08
2020-10-08,26.36,điểm,FRED,D,2026-10-08
2020-10-09,25.0,điểm,FRED,D,2026-10-08
2020-10-12,25.07,điểm,FRED,D,2026-10-08
2020-10-13,26.07,điểm,FRED,D,2026-10-08
2020-10-14,26.4,điểm,FRED,D,2026-10-08
2020-10-15,26.97,điểm,FRED,D,2026-10-08
2020-10-16,27.41,điểm,FRED,D,2026-10-08
2020-10-19,29.18,điểm,FRED,D,2026-10-08
2020-10-20,29.35,điểm,FRED,D,2026-10-08
2020-10-21,28.65,điểm,FRED,D,2026-10-08
2020-10-22,28.11,điểm,FRED,D,2026-10-08
2020-10-23,27.55,điểm,FRED,D,2026-10-08
2020-10-26,32.46,điểm,FRED,D,2026-10-08
2020-10-27,33.35,điểm,FRED,D,2026-10-08
2020-10-28,40.28,điểm,FRED,D,2026-10-08
2020-10-29,37.59,điểm,FRED,D,2026-10-08
2020-10-30,38.02,điểm,FRED,D,2026-10-08
2020-11-02,37.13,điểm,FRED,D,2026-10-08
2020-11-03,35.55,điểm,FRED,D,2026-10-08
2020-11-04,29.57,điểm,FRED,D,2026-10-08
2020-11-05,27.58,điểm,FRED,D,2026-10-08
2020-11-06,24.86,điểm,FRED,D,2026-10-08
2020-11-09,25.75,điểm,FRED,D,2026-10-08
2020-11-10,24.8,điểm,FRED,D,2026-10-08
2020-11-11,23.45,điểm,FRED,D,2026-10-08
2020-11-12,25.35,điểm,FRED,D,2026-10-08
2020-11-13,23.1,điểm,FRED,D,2026-10-08
2020-11-16,22.45,điểm,FRED,D,2026-10-08
2020-11-17,22.71,điểm,FRED,D,2026-10-08
2020-11-18,23.84,điểm,FRED,D,2026-10-08
2020-11-19,23.11,điểm,FRED,D,2026-10-08
2020-11-20,23.7,điểm,FRED,D,2026-10-08
2020-11-23,22.66,điểm,FRED,D,2026-10-08
2020-11-24,21.64,điểm,FRED,D,2026-10-08
2020-11-25,21.25,điểm,FRED,D,2026-10-08
2020-11-27,20.84,điểm,FRED,D,2026-10-08
2020-11-30,20.57,điểm,FRED,D,2026-10-08
2020-12-01,20.77,điểm,FRED,D,2026-10-08
2020-12-02,21.17,điểm,FRED,D,2026-10-08
2020-12-03,21.28,điểm,FRED,D,2026-10-08
2020-12-04,20.79,điểm,FRED,D,2026-10-08
2020-12-07,21.3,điểm,FRED,D,2026-10-08
2020-12-08,20.68,điểm,FRED,D,2026-10-08
2020-12-09,22.27,điểm,FRED,D,2026-10-08
2020-12-10,22.52,điểm,FRED,D,2026-10-08
2020-12-11,23.31,điểm,FRED,D,2026-10-08
2020-12-14,24.72,điểm,FRED,D,2026-10-08
2020-12-15,22.89,điểm,FRED,D,2026-10-08
2020-12-16,22.5,điểm,FRED,D,2026-10-08
2020-12-17,21.93,điểm,FRED,D,2026-10-08
2020-12-18,21.57,điểm,FRED,D,2026-10-08
2020-12-21,25.16,điểm,FRED,D,2026-10-08
2020-12-22,24.23,điểm,FRED,D,2026-10-08
2020-12-23,23.31,điểm,FRED,D,2026-10-08
2020-12-24,21.53,điểm,FRED,D,2026-10-08
2020-12-28,21.7,điểm,FRED,D,2026-10-08
2020-12-29,23.08,điểm,FRED,D,2026-10-08
2020-12-30,22.77,điểm,FRED,D,2026-10-08
2020-12-31,22.75,điểm,FRED,D,2026-10-08
2021-01-04,26.97,điểm,FRED,D,2026-10-08
2021-01-05,25.34,điểm,FRED,D,2026-10-08
2021-01-06,25.07,điểm,FRED,D,2026-10-08
2021-01-07,22.37,điểm,FRED,D,2026-10-08
2021-01-08,21.56,điểm,FRED,D,2026-10-08
2021-01-11,24.08,điểm,FRED,D,2026-10-08
2021-01-12,23.33,điểm,FRED,D,2026-10-08
2021-01-13,22.21,điểm,FRED,D,2026-10-08
2021-01-14,23.25,điểm,FRED,D,2026-10-08
2021-01-15,24.34,điểm,FRED,D,2026-10-08
2021-01-19,23.24,điểm,FRED,D,2026-10-08
2021-01-20,21.58,điểm,FRED,D,2026-10-08
2021-01-21,21.32,điểm,FRED,D,2026-10-08
2021-01-22,21.91,điểm,FRED,D,2026-10-08
2021-01-25,23.19,điểm,FRED,D,2026-10-08
2021-01-26,23.02,điểm,FRED,D,2026-10-08
2021-01-27,37.21,điểm,FRED,D,2026-10-08
2021-01-28,30.21,điểm,FRED,D,2026-10-08
2021-01-29,33.09,điểm,FRED,D,2026-10-08
2021-02-01,30.24,điểm,FRED,D,2026-10-08
2021-02-02,25.56,điểm,FRED,D,2026-10-08
2021-02-03,22.91,điểm,FRED,D,2026-10-08
2021-02-04,21.77,điểm,FRED,D,2026-10-08
2021-02-05,20.87,điểm,FRED,D,2026-10-08
2021-02-08,21.24,điểm,FRED,D,2026-10-08
2021-02-09,21.63,điểm,FRED,D,2026-10-08
2021-02-10,21.99,điểm,FRED,D,2026-10-08
2021-02-11,21.25,điểm,FRED,D,2026-10-08
2021-02-12,19.97,điểm,FRED,D,2026-10-08
2021-02-16,21.46,điểm,FRED,D,2026-10-08
2021-02-17,21.5,điểm,FRED,D,2026-10-08
2021-02-18,22.49,điểm,FRED,D,2026-10-08
2021-02-19,22.05,điểm,FRED,D,2026-10-08
2021-02-22,23.45,điểm,FRED,D,2026-10-08
2021-02-23,23.11,điểm,FRED,D,2026-10-08
2021-02-24,21.34,điểm,FRED,D,2026-10-08
2021-02-25,28.89,điểm,FRED,D,2026-10-08
2021-02-26,27.95,điểm,FRED,D,2026-10-08
2021-03-01,23.35,điểm,FRED,D,2026-10-08
2021-03-02,24.1,điểm,FRED,D,2026-10-08
2021-03-03,26.67,điểm,FRED,D,2026-10-08
2021-03-04,28.57,điểm,FRED,D,2026-10-08
2021-03-05,24.66,điểm,FRED,D,2026-10-08
2021-03-08,25.47,điểm,FRED,D,2026-10-08
2021-03-09,24.03,điểm,FRED,D,2026-10-08
2021-03-10,22.56,điểm,FRED,D,2026-10-08
2021-03-11,21.91,điểm,FRED,D,2026-10-08
2021-03-12,20.69,điểm,FRED,D,2026-10-08
2021-03-15,20.03,điểm,FRED,D,2026-10-08
2021-03-16,19.79,điểm,FRED,D,2026-10-08
2021-03-17,19.23,điểm,FRED,D,2026-10-08
2021-03-18,21.58,điểm,FRED,D,2026-10-08
2021-03-19,20.95,điểm,FRED,D,2026-10-08
2021-03-22,18.88,điểm,FRED,D,2026-10-08
2021-03-23,20.3,điểm,FRED,D,2026-10-08
2021-03-24,21.2,điểm,FRED,D,2026-10-08
2021-03-25,19.81,điểm,FRED,D,2026-10-08
2021-03-26,18.86,điểm,FRED,D,2026-10-08
2021-03-29,20.74,điểm,FRED,D,2026-10-08
2021-03-30,19.61,điểm,FRED,D,2026-10-08
2021-03-31,19.4,điểm,FRED,D,2026-10-08
2021-04-01,17.33,điểm,FRED,D,2026-10-08
2021-04-05,17.91,điểm,FRED,D,2026-10-08
2021-04-06,18.12,điểm,FRED,D,2026-10-08
2021-04-07,17.16,điểm,FRED,D,2026-10-08
2021-04-08,16.95,điểm,FRED,D,2026-10-08
2021-04-09,16.69,điểm,FRED,D,2026-10-08
2021-04-12,16.91,điểm,FRED,D,2026-10-08
2021-04-13,16.65,điểm,FRED,D,2026-10-08
2021-04-14,16.99,điểm,FRED,D,2026-10-08
2021-04-15,16.57,điểm,FRED,D,2026-10-08
2021-04-16,16.25,điểm,FRED,D,2026-10-08
2021-04-19,17.29,điểm,FRED,D,2026-10-08
2021-04-20,18.68,điểm,FRED,D,2026-10-08
2021-04-21,17.5,điểm,FRED,D,2026-10-08
2021-04-22,18.71,điểm,FRED,D,2026-10-08
2021-04-23,17.33,điểm,FRED,D,2026-10-08
2021-04-26,17.64,điểm,FRED,D,2026-10-08
2021-04-27,17.56,điểm,FRED,D,2026-10-08
2021-04-28,17.28,điểm,FRED,D,2026-10-08
2021-04-29,17.61,điểm,FRED,D,2026-10-08
2021-04-30,18.61,điểm,FRED,D,2026-10-08
2021-05-03,18.31,điểm,FRED,D,2026-10-08
2021-05-04,19.48,điểm,FRED,D,2026-10-08
2021-05-05,19.15,điểm,FRED,D,2026-10-08
2021-05-06,18.39,điểm,FRED,D,2026-10-08
2021-05-07,16.69,điểm,FRED,D,2026-10-08
2021-05-10,19.66,điểm,FRED,D,2026-10-08
2021-05-11,21.84,điểm,FRED,D,2026-10-08
2021-05-12,27.59,điểm,FRED,D,2026-10-08
2021-05-13,23.13,điểm,FRED,D,2026-10-08
2021-05-14,18.81,điểm,FRED,D,2026-10-08
2021-05-17,19.72,điểm,FRED,D,2026-10-08
2021-05-18,21.34,điểm,FRED,D,2026-10-08
2021-05-19,22.18,điểm,FRED,D,2026-10-08
2021-05-20,20.67,điểm,FRED,D,2026-10-08
2021-05-21,20.15,điểm,FRED,D,2026-10-08
2021-05-24,18.4,điểm,FRED,D,2026-10-08
2021-05-25,18.84,điểm,FRED,D,2026-10-08
2021-05-26,17.36,điểm,FRED,D,2026-10-08
2021-05-27,16.74,điểm,FRED,D,2026-10-08
2021-05-28,16.76,điểm,FRED,D,2026-10-08
2021-06-01,17.9,điểm,FRED,D,2026-10-08
2021-06-02,17.48,điểm,FRED,D,2026-10-08
2021-06-03,18.04,điểm,FRED,D,2026-10-08
2021-06-04,16.42,điểm,FRED,D,2026-10-08
2021-06-07,16.42,điểm,FRED,D,2026-10-08
2021-06-08,17.07,điểm,FRED,D,2026-10-08
2021-06-09,17.89,điểm,FRED,D,2026-10-08
2021-06-10,16.1,điểm,FRED,D,2026-10-08
2021-06-11,15.65,điểm,FRED,D,2026-10-08
2021-06-14,16.39,điểm,FRED,D,2026-10-08
2021-06-15,17.02,điểm,FRED,D,2026-10-08
2021-06-16,18.15,điểm,FRED,D,2026-10-08
2021-06-17,17.75,điểm,FRED,D,2026-10-08
2021-06-18,20.7,điểm,FRED,D,2026-10-08
2021-06-21,17.89,điểm,FRED,D,2026-10-08
2021-06-22,16.66,điểm,FRED,D,2026-10-08
2021-06-23,16.32,điểm,FRED,D,2026-10-08
2021-06-24,15.97,điểm,FRED,D,2026-10-08
2021-06-25,15.62,điểm,FRED,D,2026-10-08
2021-06-28,15.76,điểm,FRED,D,2026-10-08
2021-06-29,16.02,điểm,FRED,D,2026-10-08
2021-06-30,15.83,điểm,FRED,D,2026-10-08
2021-07-01,15.48,điểm,FRED,D,2026-10-08
2021-07-02,15.07,điểm,FRED,D,2026-10-08
2021-07-06,16.44,điểm,FRED,D,2026-10-08
2021-07-07,16.2,điểm,FRED,D,2026-10-08
2021-07-08,19.0,điểm,FRED,D,2026-10-08
2021-07-09,16.18,điểm,FRED,D,2026-10-08
2021-07-12,16.17,điểm,FRED,D,2026-10-08
2021-07-13,17.12,điểm,FRED,D,2026-10-08
2021-07-14,16.33,điểm,FRED,D,2026-10-08
2021-07-15,17.01,điểm,FRED,D,2026-10-08
2021-07-16,18.45,điểm,FRED,D,2026-10-08
2021-07-19,22.5,điểm,FRED,D,2026-10-08
2021-07-20,19.73,điểm,FRED,D,2026-10-08
2021-07-21,17.91,điểm,FRED,D,2026-10-08
2021-07-22,17.69,điểm,FRED,D,2026-10-08
2021-07-23,17.2,điểm,FRED,D,2026-10-08
2021-07-26,17.58,điểm,FRED,D,2026-10-08
2021-07-27,19.36,điểm,FRED,D,2026-10-08
2021-07-28,18.31,điểm,FRED,D,2026-10-08
2021-07-29,17.7,điểm,FRED,D,2026-10-08
2021-07-30,18.24,điểm,FRED,D,2026-10-08
2021-08-02,19.46,điểm,FRED,D,2026-10-08
2021-08-03,18.04,điểm,FRED,D,2026-10-08
2021-08-04,17.97,điểm,FRED,D,2026-10-08
2021-08-05,17.28,điểm,FRED,D,2026-10-08
2021-08-06,16.15,điểm,FRED,D,2026-10-08
2021-08-09,16.72,điểm,FRED,D,2026-10-08
2021-08-10,16.79,điểm,FRED,D,2026-10-08
2021-08-11,16.06,điểm,FRED,D,2026-10-08
2021-08-12,15.59,điểm,FRED,D,2026-10-08
2021-08-13,15.45,điểm,FRED,D,2026-10-08
2021-08-16,16.12,điểm,FRED,D,2026-10-08
2021-08-17,17.91,điểm,FRED,D,2026-10-08
2021-08-18,21.57,điểm,FRED,D,2026-10-08
2021-08-19,21.67,điểm,FRED,D,2026-10-08
2021-08-20,18.56,điểm,FRED,D,2026-10-08
2021-08-23,17.15,điểm,FRED,D,2026-10-08
2021-08-24,17.22,điểm,FRED,D,2026-10-08
2021-08-25,16.79,điểm,FRED,D,2026-10-08
2021-08-26,18.84,điểm,FRED,D,2026-10-08
2021-08-27,16.39,điểm,FRED,D,2026-10-08
2021-08-30,16.19,điểm,FRED,D,2026-10-08
2021-08-31,16.48,điểm,FRED,D,2026-10-08
2021-09-01,16.11,điểm,FRED,D,2026-10-08
2021-09-02,16.41,điểm,FRED,D,2026-10-08
2021-09-03,16.41,điểm,FRED,D,2026-10-08
2021-09-07,18.14,điểm,FRED,D,2026-10-08
2021-09-08,17.96,điểm,FRED,D,2026-10-08
2021-09-09,18.8,điểm,FRED,D,2026-10-08
2021-09-10,20.95,điểm,FRED,D,2026-10-08
2021-09-13,19.37,điểm,FRED,D,2026-10-08
2021-09-14,19.46,điểm,FRED,D,2026-10-08
2021-09-15,18.18,điểm,FRED,D,2026-10-08
2021-09-16,18.69,điểm,FRED,D,2026-10-08
2021-09-17,20.81,điểm,FRED,D,2026-10-08
2021-09-20,25.71,điểm,FRED,D,2026-10-08
2021-09-21,24.36,điểm,FRED,D,2026-10-08
2021-09-22,20.87,điểm,FRED,D,2026-10-08
2021-09-23,18.63,điểm,FRED,D,2026-10-08
2021-09-24,17.75,điểm,FRED,D,2026-10-08
2021-09-27,18.76,điểm,FRED,D,2026-10-08
2021-09-28,23.25,điểm,FRED,D,2026-10-08
2021-09-29,22.56,điểm,FRED,D,2026-10-08
2021-09-30,23.14,điểm,FRED,D,2026-10-08
2021-10-01,21.15,điểm,FRED,D,2026-10-08
2021-10-04,22.96,điểm,FRED,D,2026-10-08
2021-10-05,21.3,điểm,FRED,D,2026-10-08
2021-10-06,21.0,điểm,FRED,D,2026-10-08
2021-10-07,19.54,điểm,FRED,D,2026-10-08
2021-10-08,18.77,điểm,FRED,D,2026-10-08
2021-10-11,20.0,điểm,FRED,D,2026-10-08
2021-10-12,19.85,điểm,FRED,D,2026-10-08
2021-10-13,18.64,điểm,FRED,D,2026-10-08
2021-10-14,16.86,điểm,FRED,D,2026-10-08
2021-10-15,16.3,điểm,FRED,D,2026-10-08
2021-10-18,16.31,điểm,FRED,D,2026-10-08
2021-10-19,15.7,điểm,FRED,D,2026-10-08
2021-10-20,15.49,điểm,FRED,D,2026-10-08
2021-10-21,15.01,điểm,FRED,D,2026-10-08
2021-10-22,15.43,điểm,FRED,D,2026-10-08
2021-10-25,15.24,điểm,FRED,D,2026-10-08
2021-10-26,15.98,điểm,FRED,D,2026-10-08
2021-10-27,16.98,điểm,FRED,D,2026-10-08
2021-10-28,16.53,điểm,FRED,D,2026-10-08
2021-10-29,16.26,điểm,FRED,D,2026-10-08
2021-11-01,16.41,điểm,FRED,D,2026-10-08
2021-11-02,16.03,điểm,FRED,D,2026-10-08
2021-11-03,15.1,điểm,FRED,D,2026-10-08
2021-11-04,15.44,điểm,FRED,D,2026-10-08
2021-11-05,16.48,điểm,FRED,D,2026-10-08
2021-11-08,17.22,điểm,FRED,D,2026-10-08
2021-11-09,17.78,điểm,FRED,D,2026-10-08
2021-11-10,18.73,điểm,FRED,D,2026-10-08
2021-11-11,17.66,điểm,FRED,D,2026-10-08
2021-11-12,16.29,điểm,FRED,D,2026-10-08
2021-11-15,16.49,điểm,FRED,D,2026-10-08
2021-11-16,16.37,điểm,FRED,D,2026-10-08
2021-11-17,17.11,điểm,FRED,D,2026-10-08
2021-11-18,17.59,điểm,FRED,D,2026-10-08
2021-11-19,17.91,điểm,FRED,D,2026-10-08
2021-11-22,19.17,điểm,FRED,D,2026-10-08
2021-11-23,19.38,điểm,FRED,D,2026-10-08
2021-11-24,18.58,điểm,FRED,D,2026-10-08
2021-11-26,28.62,điểm,FRED,D,2026-10-08
2021-11-29,22.96,điểm,FRED,D,2026-10-08
2021-11-30,27.19,điểm,FRED,D,2026-10-08
2021-12-01,31.12,điểm,FRED,D,2026-10-08
2021-12-02,27.95,điểm,FRED,D,2026-10-08
2021-12-03,30.67,điểm,FRED,D,2026-10-08
2021-12-06,27.18,điểm,FRED,D,2026-10-08
2021-12-07,21.89,điểm,FRED,D,2026-10-08
2021-12-08,19.9,điểm,FRED,D,2026-10-08
2021-12-09,21.58,điểm,FRED,D,2026-10-08
2021-12-10,18.69,điểm,FRED,D,2026-10-08
2021-12-13,20.31,điểm,FRED,D,2026-10-08
2021-12-14,21.89,điểm,FRED,D,2026-10-08
2021-12-15,19.29,điểm,FRED,D,2026-10-08
2021-12-16,20.57,điểm,FRED,D,2026-10-08
2021-12-17,21.57,điểm,FRED,D,2026-10-08
2021-12-20,22.87,điểm,FRED,D,2026-10-08
2021-12-21,21.01,điểm,FRED,D,2026-10-08
2021-12-22,18.63,điểm,FRED,D,2026-10-08
2021-12-23,17.96,điểm,FRED,D,2026-10-08
2021-12-27,17.68,điểm,FRED,D,2026-10-08
2021-12-28,17.54,điểm,FRED,D,2026-10-08
2021-12-29,16.95,điểm,FRED,D,2026-10-08
2021-12-30,17.33,điểm,FRED,D,2026-10-08
2021-12-31,17.22,điểm,FRED,D,2026-10-08
2022-01-03,16.6,điểm,FRED,D,2026-10-08
2022-01-04,16.91,điểm,FRED,D,2026-10-08
2022-01-05,19.73,điểm,FRED,D,2026-10-08
2022-01-06,19.61,điểm,FRED,D,2026-10-08
2022-01-07,18.76,điểm,FRED,D,2026-10-08
2022-01-10,19.4,điểm,FRED,D,2026-10-08
2022-01-11,18.41,điểm,FRED,D,2026-10-08
2022-01-12,17.62,điểm,FRED,D,2026-10-08
2022-01-13,20.31,điểm,FRED,D,2026-10-08
2022-01-14,19.19,điểm,FRED,D,2026-10-08
2022-01-18,22.79,điểm,FRED,D,2026-10-08
2022-01-19,23.85,điểm,FRED,D,2026-10-08
2022-01-20,25.59,điểm,FRED,D,2026-10-08
2022-01-21,28.85,điểm,FRED,D,2026-10-08
2022-01-24,29.9,điểm,FRED,D,2026-10-08
2022-01-25,31.16,điểm,FRED,D,2026-10-08
2022-01-26,31.96,điểm,FRED,D,2026-10-08
2022-01-27,30.49,điểm,FRED,D,2026-10-08
2022-01-28,27.66,điểm,FRED,D,2026-10-08
2022-01-31,24.83,điểm,FRED,D,2026-10-08
2022-02-01,21.96,điểm,FRED,D,2026-10-08
2022-02-02,22.09,điểm,FRED,D,2026-10-08
2022-02-03,24.35,điểm,FRED,D,2026-10-08
2022-02-04,23.22,điểm,FRED,D,2026-10-08
2022-02-07,22.86,điểm,FRED,D,2026-10-08
2022-02-08,21.44,điểm,FRED,D,2026-10-08
2022-02-09,19.96,điểm,FRED,D,2026-10-08
2022-02-10,23.91,điểm,FRED,D,2026-10-08
2022-02-11,27.36,điểm,FRED,D,2026-10-08
2022-02-14,28.33,điểm,FRED,D,2026-10-08
2022-02-15,25.7,điểm,FRED,D,2026-10-08
2022-02-16,24.29,điểm,FRED,D,2026-10-08
2022-02-17,28.11,điểm,FRED,D,2026-10-08
2022-02-18,27.75,điểm,FRED,D,2026-10-08
2022-02-22,28.81,điểm,FRED,D,2026-10-08
2022-02-23,31.02,điểm,FRED,D,2026-10-08
2022-02-24,30.32,điểm,FRED,D,2026-10-08
2022-02-25,27.59,điểm,FRED,D,2026-10-08
2022-02-28,30.15,điểm,FRED,D,2026-10-08
2022-03-01,33.32,điểm,FRED,D,2026-10-08
2022-03-02,30.74,điểm,FRED,D,2026-10-08
2022-03-03,30.48,điểm,FRED,D,2026-10-08
2022-03-04,31.98,điểm,FRED,D,2026-10-08
2022-03-07,36.45,điểm,FRED,D,2026-10-08
2022-03-08,35.13,điểm,FRED,D,2026-10-08
2022-03-09,32.45,điểm,FRED,D,2026-10-08
2022-03-10,30.23,điểm,FRED,D,2026-10-08
2022-03-11,30.75,điểm,FRED,D,2026-10-08
2022-03-14,31.77,điểm,FRED,D,2026-10-08
2022-03-15,29.83,điểm,FRED,D,2026-10-08
2022-03-16,26.67,điểm,FRED,D,2026-10-08
2022-03-17,25.67,điểm,FRED,D,2026-10-08
2022-03-18,23.87,điểm,FRED,D,2026-10-08
2022-03-21,23.53,điểm,FRED,D,2026-10-08
2022-03-22,22.94,điểm,FRED,D,2026-10-08
2022-03-23,23.57,điểm,FRED,D,2026-10-08
2022-03-24,21.67,điểm,FRED,D,2026-10-08
2022-03-25,20.81,điểm,FRED,D,2026-10-08
2022-03-28,19.63,điểm,FRED,D,2026-10-08
2022-03-29,18.9,điểm,FRED,D,2026-10-08
2022-03-30,19.33,điểm,FRED,D,2026-10-08
2022-03-31,20.56,điểm,FRED,D,2026-10-08
2022-04-01,19.63,điểm,FRED,D,2026-10-08
2022-04-04,18.57,điểm,FRED,D,2026-10-08
2022-04-05,21.03,điểm,FRED,D,2026-10-08
2022-04-06,22.1,điểm,FRED,D,2026-10-08
2022-04-07,21.55,điểm,FRED,D,2026-10-08
2022-04-08,21.16,điểm,FRED,D,2026-10-08
2022-04-11,24.37,điểm,FRED,D,2026-10-08
2022-04-12,24.26,điểm,FRED,D,2026-10-08
2022-04-13,21.82,điểm,FRED,D,2026-10-08
2022-04-14,22.7,điểm,FRED,D,2026-10-08
2022-04-18,22.17,điểm,FRED,D,2026-10-08
2022-04-19,21.37,điểm,FRED,D,2026-10-08
2022-04-20,20.32,điểm,FRED,D,2026-10-08
2022-04-21,22.68,điểm,FRED,D,2026-10-08
2022-04-22,28.21,điểm,FRED,D,2026-10-08
2022-04-25,27.02,điểm,FRED,D,2026-10-08
2022-04-26,33.52,điểm,FRED,D,2026-10-08
2022-04-27,31.6,điểm,FRED,D,2026-10-08
2022-04-28,29.99,điểm,FRED,D,2026-10-08
2022-04-29,33.4,điểm,FRED,D,2026-10-08
2022-05-02,32.34,điểm,FRED,D,2026-10-08
2022-05-03,29.25,điểm,FRED,D,2026-10-08
2022-05-04,25.42,điểm,FRED,D,2026-10-08
2022-05-05,31.2,điểm,FRED,D,2026-10-08
2022-05-06,30.19,điểm,FRED,D,2026-10-08
2022-05-09,34.75,điểm,FRED,D,2026-10-08
2022-05-10,32.99,điểm,FRED,D,2026-10-08
2022-05-11,32.56,điểm,FRED,D,2026-10-08
2022-05-12,31.77,điểm,FRED,D,2026-10-08
2022-05-13,28.87,điểm,FRED,D,2026-10-08
2022-05-16,27.47,điểm,FRED,D,2026-10-08
2022-05-17,26.1,điểm,FRED,D,2026-10-08
2022-05-18,30.96,điểm,FRED,D,2026-10-08
2022-05-19,29.35,điểm,FRED,D,2026-10-08
2022-05-20,29.43,điểm,FRED,D,2026-10-08
2022-05-23,28.48,điểm,FRED,D,2026-10-08
2022-05-24,29.45,điểm,FRED,D,2026-10-08
2022-05-25,28.37,điểm,FRED,D,2026-10-08
2022-05-26,27.5,điểm,FRED,D,2026-10-08
2022-05-27,25.72,điểm,FRED,D,2026-10-08
2022-05-30,26.54,điểm,FRED,D,2026-10-08
2022-05-31,26.19,điểm,FRED,D,2026-10-08
2022-06-01,25.69,điểm,FRED,D,2026-10-08
2022-06-02,24.72,điểm,FRED,D,2026-10-08
2022-06-03,24.79,điểm,FRED,D,2026-10-08
2022-06-06,25.07,điểm,FRED,D,2026-10-08
2022-06-07,24.02,điểm,FRED,D,2026-10-08
2022-06-08,23.96,điểm,FRED,D,2026-10-08
2022-06-09,26.09,điểm,FRED,D,2026-10-08
2022-06-10,27.75,điểm,FRED,D,2026-10-08
2022-06-13,34.02,điểm,FRED,D,2026-10-08
2022-06-14,32.69,điểm,FRED,D,2026-10-08
2022-06-15,29.62,điểm,FRED,D,2026-10-08
2022-06-16,32.95,điểm,FRED,D,2026-10-08
2022-06-17,31.13,điểm,FRED,D,2026-10-08
2022-06-20,31.03,điểm,FRED,D,2026-10-08
2022-06-21,30.19,điểm,FRED,D,2026-10-08
2022-06-22,28.95,điểm,FRED,D,2026-10-08
2022-06-23,29.05,điểm,FRED,D,2026-10-08
2022-06-24,27.23,điểm,FRED,D,2026-10-08
2022-06-27,26.95,điểm,FRED,D,2026-10-08
2022-06-28,28.36,điểm,FRED,D,2026-10-08
2022-06-29,28.16,điểm,FRED,D,2026-10-08
2022-06-30,28.71,điểm,FRED,D,2026-10-08
2022-07-01,26.7,điểm,FRED,D,2026-10-08
2022-07-04,27.53,điểm,FRED,D,2026-10-08
2022-07-05,27.54,điểm,FRED,D,2026-10-08
2022-07-06,26.73,điểm,FRED,D,2026-10-08
2022-07-07,26.08,điểm,FRED,D,2026-10-08
2022-07-08,24.64,điểm,FRED,D,2026-10-08
2022-07-11,26.17,điểm,FRED,D,2026-10-08
2022-07-12,27.29,điểm,FRED,D,2026-10-08
2022-07-13,26.82,điểm,FRED,D,2026-10-08
2022-07-14,26.4,điểm,FRED,D,2026-10-08
2022-07-15,24.23,điểm,FRED,D,2026-10-08
2022-07-18,25.3,điểm,FRED,D,2026-10-08
2022-07-19,24.5,điểm,FRED,D,2026-10-08
2022-07-20,23.88,điểm,FRED,D,2026-10-08
2022-07-21,23.11,điểm,FRED,D,2026-10-08
2022-07-22,23.03,điểm,FRED,D,2026-10-08
2022-07-25,23.36,điểm,FRED,D,2026-10-08
2022-07-26,24.69,điểm,FRED,D,2026-10-08
2022-07-27,23.24,điểm,FRED,D,2026-10-08
2022-07-28,22.33,điểm,FRED,D,2026-10-08
2022-07-29,21.33,điểm,FRED,D,2026-10-08
2022-08-01,22.84,điểm,FRED,D,2026-10-08
2022-08-02,23.93,điểm,FRED,D,2026-10-08
2022-08-03,21.95,điểm,FRED,D,2026-10-08
2022-08-04,21.44,điểm,FRED,D,2026-10-08
2022-08-05,21.15,điểm,FRED,D,2026-10-08
2022-08-08,21.29,điểm,FRED,D,2026-10-08
2022-08-09,21.77,điểm,FRED,D,2026-10-08
2022-08-10,19.74,điểm,FRED,D,2026-10-08
2022-08-11,20.2,điểm,FRED,D,2026-10-08
2022-08-12,19.53,điểm,FRED,D,2026-10-08
2022-08-15,19.95,điểm,FRED,D,2026-10-08
2022-08-16,19.69,điểm,FRED,D,2026-10-08
2022-08-17,19.9,điểm,FRED,D,2026-10-08
2022-08-18,19.56,điểm,FRED,D,2026-10-08
2022-08-19,20.6,điểm,FRED,D,2026-10-08
2022-08-22,23.8,điểm,FRED,D,2026-10-08
2022-08-23,24.11,điểm,FRED,D,2026-10-08
2022-08-24,22.82,điểm,FRED,D,2026-10-08
2022-08-25,21.78,điểm,FRED,D,2026-10-08
2022-08-26,25.56,điểm,FRED,D,2026-10-08
2022-08-29,26.21,điểm,FRED,D,2026-10-08
2022-08-30,26.21,điểm,FRED,D,2026-10-08
2022-08-31,25.87,điểm,FRED,D,2026-10-08
2022-09-01,25.56,điểm,FRED,D,2026-10-08
2022-09-02,25.47,điểm,FRED,D,2026-10-08
2022-09-05,25.99,điểm,FRED,D,2026-10-08
2022-09-06,26.91,điểm,FRED,D,2026-10-08
2022-09-07,24.64,điểm,FRED,D,2026-10-08
2022-09-08,23.61,điểm,FRED,D,2026-10-08
2022-09-09,22.79,điểm,FRED,D,2026-10-08
2022-09-12,23.87,điểm,FRED,D,2026-10-08
2022-09-13,27.27,điểm,FRED,D,2026-10-08
2022-09-14,26.16,điểm,FRED,D,2026-10-08
2022-09-15,26.27,điểm,FRED,D,2026-10-08
2022-09-16,26.3,điểm,FRED,D,2026-10-08
2022-09-19,25.76,điểm,FRED,D,2026-10-08
2022-09-20,27.16,điểm,FRED,D,2026-10-08
2022-09-21,27.99,điểm,FRED,D,2026-10-08
2022-09-22,27.35,điểm,FRED,D,2026-10-08
2022-09-23,29.92,điểm,FRED,D,2026-10-08
2022-09-26,32.26,điểm,FRED,D,2026-10-08
2022-09-27,32.6,điểm,FRED,D,2026-10-08
2022-09-28,30.18,điểm,FRED,D,2026-10-08
2022-09-29,31.84,điểm,FRED,D,2026-10-08
2022-09-30,31.62,điểm,FRED,D,2026-10-08
2022-10-03,30.1,điểm,FRED,D,2026-10-08
2022-10-04,29.07,điểm,FRED,D,2026-10-08
2022-10-05,28.55,điểm,FRED,D,2026-10-08
2022-10-06,30.52,điểm,FRED,D,2026-10-08
2022-10-07,31.36,điểm,FRED,D,2026-10-08
2022-10-10,32.45,điểm,FRED,D,2026-10-08
2022-10-11,33.63,điểm,FRED,D,2026-10-08
2022-10-12,33.57,điểm,FRED,D,2026-10-08
2022-10-13,31.94,điểm,FRED,D,2026-10-08
2022-10-14,32.02,điểm,FRED,D,2026-10-08
2022-10-17,31.37,điểm,FRED,D,2026-10-08
2022-10-18,30.5,điểm,FRED,D,2026-10-08
2022-10-19,30.76,điểm,FRED,D,2026-10-08
2022-10-20,29.98,điểm,FRED,D,2026-10-08
2022-10-21,29.69,điểm,FRED,D,2026-10-08
2022-10-24,29.85,điểm,FRED,D,2026-10-08
2022-10-25,28.46,điểm,FRED,D,2026-10-08
2022-10-26,27.28,điểm,FRED,D,2026-10-08
2022-10-27,27.39,điểm,FRED,D,2026-10-08
2022-10-28,25.75,điểm,FRED,D,2026-10-08
2022-10-31,25.88,điểm,FRED,D,2026-10-08
2022-11-01,25.81,điểm,FRED,D,2026-10-08
2022-11-02,25.86,điểm,FRED,D,2026-10-08
2022-11-03,25.3,điểm,FRED,D,2026-10-08
2022-11-04,24.55,điểm,FRED,D,2026-10-08
2022-11-07,24.35,điểm,FRED,D,2026-10-08
2022-11-08,25.54,điểm,FRED,D,2026-10-08
2022-11-09,26.09,điểm,FRED,D,2026-10-08
2022-11-10,23.53,điểm,FRED,D,2026-10-08
2022-11-11,22.52,điểm,FRED,D,2026-10-08
2022-11-14,23.73,điểm,FRED,D,2026-10-08
2022-11-15,24.54,điểm,FRED,D,2026-10-08
2022-11-16,24.11,điểm,FRED,D,2026-10-08
2022-11-17,23.93,điểm,FRED,D,2026-10-08
2022-11-18,23.12,điểm,FRED,D,2026-10-08
2022-11-21,22.36,điểm,FRED,D,2026-10-08
2022-11-22,21.29,điểm,FRED,D,2026-10-08
2022-11-23,20.35,điểm,FRED,D,2026-10-08
2022-11-24,20.42,điểm,FRED,D,2026-10-08
2022-11-25,20.5,điểm,FRED,D,2026-10-08
2022-11-28,22.21,điểm,FRED,D,2026-10-08
2022-11-29,21.89,điểm,FRED,D,2026-10-08
2022-11-30,20.58,điểm,FRED,D,2026-10-08
2022-12-01,19.84,điểm,FRED,D,2026-10-08
2022-12-02,19.06,điểm,FRED,D,2026-10-08
2022-12-05,20.75,điểm,FRED,D,2026-10-08
2022-12-06,22.17,điểm,FRED,D,2026-10-08
2022-12-07,22.68,điểm,FRED,D,2026-10-08
2022-12-08,22.29,điểm,FRED,D,2026-10-08
2022-12-09,22.83,điểm,FRED,D,2026-10-08
2022-12-12,25.0,điểm,FRED,D,2026-10-08
2022-12-13,22.55,điểm,FRED,D,2026-10-08
2022-12-14,21.14,điểm,FRED,D,2026-10-08
2022-12-15,22.83,điểm,FRED,D,2026-10-08
2022-12-16,22.62,điểm,FRED,D,2026-10-08
2022-12-19,22.42,điểm,FRED,D,2026-10-08
2022-12-20,21.48,điểm,FRED,D,2026-10-08
2022-12-21,20.07,điểm,FRED,D,2026-10-08
2022-12-22,21.97,điểm,FRED,D,2026-10-08
2022-12-23,20.87,điểm,FRED,D,2026-10-08
2022-12-27,21.65,điểm,FRED,D,2026-10-08
2022-12-28,22.14,điểm,FRED,D,2026-10-08
2022-12-29,21.44,điểm,FRED,D,2026-10-08
2022-12-30,21.67,điểm,FRED,D,2026-10-08
2023-01-03,22.9,điểm,FRED,D,2026-10-08
2023-01-04,22.01,điểm,FRED,D,2026-10-08
2023-01-05,22.46,điểm,FRED,D,2026-10-08
2023-01-06,21.13,điểm,FRED,D,2026-10-08
2023-01-09,21.97,điểm,FRED,D,2026-10-08
2023-01-10,20.58,điểm,FRED,D,2026-10-08
2023-01-11,21.09,điểm,FRED,D,2026-10-08
2023-01-12,18.83,điểm,FRED,D,2026-10-08
2023-01-13,18.35,điểm,FRED,D,2026-10-08
2023-01-16,19.49,điểm,FRED,D,2026-10-08
2023-01-17,19.36,điểm,FRED,D,2026-10-08
2023-01-18,20.34,điểm,FRED,D,2026-10-08
2023-01-19,20.52,điểm,FRED,D,2026-10-08
2023-01-20,19.85,điểm,FRED,D,2026-10-08
2023-01-23,19.81,điểm,FRED,D,2026-10-08
2023-01-24,19.2,điểm,FRED,D,2026-10-08
2023-01-25,19.08,điểm,FRED,D,2026-10-08
2023-01-26,18.73,điểm,FRED,D,2026-10-08
2023-01-27,18.51,điểm,FRED,D,2026-10-08
2023-01-30,19.94,điểm,FRED,D,2026-10-08
2023-01-31,19.4,điểm,FRED,D,2026-10-08
2023-02-01,17.87,điểm,FRED,D,2026-10-08
2023-02-02,18.73,điểm,FRED,D,2026-10-08
2023-02-03,18.33,điểm,FRED,D,2026-10-08
2023-02-06,19.43,điểm,FRED,D,2026-10-08
2023-02-07,18.66,điểm,FRED,D,2026-10-08
2023-02-08,19.63,điểm,FRED,D,2026-10-08
2023-02-09,20.71,điểm,FRED,D,2026-10-08
2023-02-10,20.53,điểm,FRED,D,2026-10-08
2023-02-13,20.34,điểm,FRED,D,2026-10-08
2023-02-14,18.91,điểm,FRED,D,2026-10-08
2023-02-15,18.23,điểm,FRED,D,2026-10-08
2023-02-16,20.17,điểm,FRED,D,2026-10-08
2023-02-17,20.02,điểm,FRED,D,2026-10-08
2023-02-20,21.23,điểm,FRED,D,2026-10-08
2023-02-21,22.87,điểm,FRED,D,2026-10-08
2023-02-22,22.29,điểm,FRED,D,2026-10-08
2023-02-23,21.14,điểm,FRED,D,2026-10-08
2023-02-24,21.67,điểm,FRED,D,2026-10-08
2023-02-27,20.95,điểm,FRED,D,2026-10-08
2023-02-28,20.7,điểm,FRED,D,2026-10-08
2023-03-01,20.58,điểm,FRED,D,2026-10-08
2023-03-02,19.59,điểm,FRED,D,2026-10-08
2023-03-03,18.49,điểm,FRED,D,2026-10-08
2023-03-06,18.61,điểm,FRED,D,2026-10-08
2023-03-07,19.59,điểm,FRED,D,2026-10-08
2023-03-08,19.11,điểm,FRED,D,2026-10-08
2023-03-09,22.61,điểm,FRED,D,2026-10-08
2023-03-10,24.8,điểm,FRED,D,2026-10-08
2023-03-13,26.52,điểm,FRED,D,2026-10-08
2023-03-14,23.73,điểm,FRED,D,2026-10-08
2023-03-15,26.14,điểm,FRED,D,2026-10-08
2023-03-16,22.99,điểm,FRED,D,2026-10-08
2023-03-17,25.51,điểm,FRED,D,2026-10-08
2023-03-20,24.15,điểm,FRED,D,2026-10-08
2023-03-21,21.38,điểm,FRED,D,2026-10-08
2023-03-22,22.26,điểm,FRED,D,2026-10-08
2023-03-23,22.61,điểm,FRED,D,2026-10-08
2023-03-24,21.74,điểm,FRED,D,2026-10-08
2023-03-27,20.6,điểm,FRED,D,2026-10-08
2023-03-28,19.97,điểm,FRED,D,2026-10-08
2023-03-29,19.12,điểm,FRED,D,2026-10-08
2023-03-30,19.02,điểm,FRED,D,2026-10-08
2023-03-31,18.7,điểm,FRED,D,2026-10-08
2023-04-03,18.55,điểm,FRED,D,2026-10-08
2023-04-04,19.0,điểm,FRED,D,2026-10-08
2023-04-05,19.08,điểm,FRED,D,2026-10-08
2023-04-06,18.4,điểm,FRED,D,2026-10-08
2023-04-10,18.97,điểm,FRED,D,2026-10-08
2023-04-11,19.1,điểm,FRED,D,2026-10-08
2023-04-12,19.09,điểm,FRED,D,2026-10-08
2023-04-13,17.8,điểm,FRED,D,2026-10-08
2023-04-14,17.07,điểm,FRED,D,2026-10-08
2023-04-17,16.95,điểm,FRED,D,2026-10-08
2023-04-18,16.83,điểm,FRED,D,2026-10-08
2023-04-19,16.46,điểm,FRED,D,2026-10-08
2023-04-20,17.17,điểm,FRED,D,2026-10-08
2023-04-21,16.77,điểm,FRED,D,2026-10-08
2023-04-24,16.89,điểm,FRED,D,2026-10-08
2023-04-25,18.76,điểm,FRED,D,2026-10-08
2023-04-26,18.84,điểm,FRED,D,2026-10-08
2023-04-27,17.03,điểm,FRED,D,2026-10-08
2023-04-28,15.78,điểm,FRED,D,2026-10-08
2023-05-01,16.08,điểm,FRED,D,2026-10-08
2023-05-02,17.78,điểm,FRED,D,2026-10-08
2023-05-03,18.34,điểm,FRED,D,2026-10-08
2023-05-04,20.09,điểm,FRED,D,2026-10-08
2023-05-05,17.19,điểm,FRED,D,2026-10-08
2023-05-08,16.98,điểm,FRED,D,2026-10-08
2023-05-09,17.71,điểm,FRED,D,2026-10-08
2023-05-10,16.94,điểm,FRED,D,2026-10-08
2023-05-11,16.93,điểm,FRED,D,2026-10-08
2023-05-12,17.03,điểm,FRED,D,2026-10-08
2023-05-15,17.12,điểm,FRED,D,2026-10-08
2023-05-16,17.99,điểm,FRED,D,2026-10-08
2023-05-17,16.87,điểm,FRED,D,2026-10-08
2023-05-18,16.05,điểm,FRED,D,2026-10-08
2023-05-19,16.81,điểm,FRED,D,2026-10-08
2023-05-22,17.21,điểm,FRED,D,2026-10-08
2023-05-23,18.53,điểm,FRED,D,2026-10-08
2023-05-24,20.03,điểm,FRED,D,2026-10-08
2023-05-25,19.14,điểm,FRED,D,2026-10-08
2023-05-26,17.95,điểm,FRED,D,2026-10-08
2023-05-29,17.46,điểm,FRED,D,2026-10-08
2023-05-30,17.46,điểm,FRED,D,2026-10-08
2023-05-31,17.94,điểm,FRED,D,2026-10-08
2023-06-01,15.65,điểm,FRED,D,2026-10-08
2023-06-02,14.6,điểm,FRED,D,2026-10-08
2023-06-05,14.73,điểm,FRED,D,2026-10-08
2023-06-06,13.96,điểm,FRED,D,2026-10-08
2023-06-07,13.94,điểm,FRED,D,2026-10-08
2023-06-08,13.65,điểm,FRED,D,2026-10-08
2023-06-09,13.83,điểm,FRED,D,2026-10-08
2023-06-12,15.01,điểm,FRED,D,2026-10-08
2023-06-13,14.61,điểm,FRED,D,2026-10-08
2023-06-14,13.88,điểm,FRED,D,2026-10-08
2023-06-15,14.5,điểm,FRED,D,2026-10-08
2023-06-16,13.54,điểm,FRED,D,2026-10-08
2023-06-19,14.19,điểm,FRED,D,2026-10-08
2023-06-20,13.88,điểm,FRED,D,2026-10-08
2023-06-21,13.2,điểm,FRED,D,2026-10-08
2023-06-22,12.91,điểm,FRED,D,2026-10-08
2023-06-23,13.44,điểm,FRED,D,2026-10-08
2023-06-26,14.25,điểm,FRED,D,2026-10-08
2023-06-27,13.74,điểm,FRED,D,2026-10-08
2023-06-28,13.43,điểm,FRED,D,2026-10-08
2023-06-29,13.54,điểm,FRED,D,2026-10-08
2023-06-30,13.59,điểm,FRED,D,2026-10-08
2023-07-03,13.57,điểm,FRED,D,2026-10-08
2023-07-04,13.7,điểm,FRED,D,2026-10-08
2023-07-05,14.18,điểm,FRED,D,2026-10-08
2023-07-06,15.44,điểm,FRED,D,2026-10-08
2023-07-07,14.83,điểm,FRED,D,2026-10-08
2023-07-10,15.07,điểm,FRED,D,2026-10-08
2023-07-11,14.84,điểm,FRED,D,2026-10-08
2023-07-12,13.54,điểm,FRED,D,2026-10-08
2023-07-13,13.61,điểm,FRED,D,2026-10-08
2023-07-14,13.34,điểm,FRED,D,2026-10-08
2023-07-17,13.48,điểm,FRED,D,2026-10-08
2023-07-18,13.3,điểm,FRED,D,2026-10-08
2023-07-19,13.76,điểm,FRED,D,2026-10-08
2023-07-20,13.99,điểm,FRED,D,2026-10-08
2023-07-21,13.6,điểm,FRED,D,2026-10-08
2023-07-24,13.91,điểm,FRED,D,2026-10-08
2023-07-25,13.86,điểm,FRED,D,2026-10-08
2023-07-26,13.19,điểm,FRED,D,2026-10-08
2023-07-27,14.41,điểm,FRED,D,2026-10-08
2023-07-28,13.33,điểm,FRED,D,2026-10-08
2023-07-31,13.63,điểm,FRED,D,2026-10-08
2023-08-01,13.93,điểm,FRED,D,2026-10-08
2023-08-02,16.09,điểm,FRED,D,2026-10-08
2023-08-03,15.92,điểm,FRED,D,2026-10-08
2023-08-04,17.1,điểm,FRED,D,2026-10-08
2023-08-07,15.77,điểm,FRED,D,2026-10-08
2023-08-08,15.99,điểm,FRED,D,2026-10-08
2023-08-09,15.96,điểm,FRED,D,2026-10-08
2023-08-10,15.85,điểm,FRED,D,2026-10-08
2023-08-11,14.84,điểm,FRED,D,2026-10-08
2023-08-14,14.82,điểm,FRED,D,2026-10-08
2023-08-15,16.46,điểm,FRED,D,2026-10-08
2023-08-16,16.78,điểm,FRED,D,2026-10-08
2023-08-17,17.89,điểm,FRED,D,2026-10-08
2023-08-18,17.3,điểm,FRED,D,2026-10-08
2023-08-21,17.13,điểm,FRED,D,2026-10-08
2023-08-22,16.97,điểm,FRED,D,2026-10-08
2023-08-23,15.98,điểm,FRED,D,2026-10-08
2023-08-24,17.2,điểm,FRED,D,2026-10-08
2023-08-25,15.68,điểm,FRED,D,2026-10-08
2023-08-28,15.08,điểm,FRED,D,2026-10-08
2023-08-29,14.45,điểm,FRED,D,2026-10-08
2023-08-30,13.88,điểm,FRED,D,2026-10-08
2023-08-31,13.57,điểm,FRED,D,2026-10-08
2023-09-01,13.09,điểm,FRED,D,2026-10-08
2023-09-04,13.82,điểm,FRED,D,2026-10-08
2023-09-05,14.01,điểm,FRED,D,2026-10-08
2023-09-06,14.45,điểm,FRED,D,2026-10-08
2023-09-07,14.4,điểm,FRED,D,2026-10-08
2023-09-08,13.84,điểm,FRED,D,2026-10-08
2023-09-11,13.8,điểm,FRED,D,2026-10-08
2023-09-12,14.23,điểm,FRED,D,2026-10-08
2023-09-13,13.48,điểm,FRED,D,2026-10-08
2023-09-14,12.82,điểm,FRED,D,2026-10-08
2023-09-15,13.79,điểm,FRED,D,2026-10-08
2023-09-18,14.0,điểm,FRED,D,2026-10-08
2023-09-19,14.11,điểm,FRED,D,2026-10-08
2023-09-20,15.14,điểm,FRED,D,2026-10-08
2023-09-21,17.54,điểm,FRED,D,2026-10-08
2023-09-22,17.2,điểm,FRED,D,2026-10-08
2023-09-25,16.9,điểm,FRED,D,2026-10-08
2023-09-26,18.94,điểm,FRED,D,2026-10-08
2023-09-27,18.22,điểm,FRED,D,2026-10-08
2023-09-28,17.34,điểm,FRED,D,2026-10-08
2023-09-29,17.52,điểm,FRED,D,2026-10-08
2023-10-02,17.61,điểm,FRED,D,2026-10-08
2023-10-03,19.78,điểm,FRED,D,2026-10-08
2023-10-04,18.58,điểm,FRED,D,2026-10-08
2023-10-05,18.49,điểm,FRED,D,2026-10-08
2023-10-06,17.45,điểm,FRED,D,2026-10-08
2023-10-09,17.7,điểm,FRED,D,2026-10-08
2023-10-10,17.03,điểm,FRED,D,2026-10-08
2023-10-11,16.09,điểm,FRED,D,2026-10-08
2023-10-12,16.69,điểm,FRED,D,2026-10-08
2023-10-13,19.32,điểm,FRED,D,2026-10-08
2023-10-16,17.21,điểm,FRED,D,2026-10-08
2023-10-17,17.88,điểm,FRED,D,2026-10-08
2023-10-18,19.22,điểm,FRED,D,2026-10-08
2023-10-19,21.4,điểm,FRED,D,2026-10-08
2023-10-20,21.71,điểm,FRED,D,2026-10-08
2023-10-23,20.37,điểm,FRED,D,2026-10-08
2023-10-24,18.97,điểm,FRED,D,2026-10-08
2023-10-25,20.19,điểm,FRED,D,2026-10-08
2023-10-26,20.68,điểm,FRED,D,2026-10-08
2023-10-27,21.27,điểm,FRED,D,2026-10-08
2023-10-30,19.75,điểm,FRED,D,2026-10-08
2023-10-31,18.14,điểm,FRED,D,2026-10-08
2023-11-01,16.87,điểm,FRED,D,2026-10-08
2023-11-02,15.66,điểm,FRED,D,2026-10-08
2023-11-03,14.91,điểm,FRED,D,2026-10-08
2023-11-06,14.89,điểm,FRED,D,2026-10-08
2023-11-07,14.81,điểm,FRED,D,2026-10-08
2023-11-08,14.45,điểm,FRED,D,2026-10-08
2023-11-09,15.29,điểm,FRED,D,2026-10-08
2023-11-10,14.17,điểm,FRED,D,2026-10-08
2023-11-13,14.76,điểm,FRED,D,2026-10-08
2023-11-14,14.16,điểm,FRED,D,2026-10-08
2023-11-15,14.18,điểm,FRED,D,2026-10-08
2023-11-16,14.32,điểm,FRED,D,2026-10-08
2023-11-17,13.8,điểm,FRED,D,2026-10-08
2023-11-20,13.41,điểm,FRED,D,2026-10-08
2023-11-21,13.35,điểm,FRED,D,2026-10-08
2023-11-22,12.85,điểm,FRED,D,2026-10-08
2023-11-23,12.8,điểm,FRED,D,2026-10-08
2023-11-24,12.46,điểm,FRED,D,2026-10-08
2023-11-27,12.69,điểm,FRED,D,2026-10-08
2023-11-28,12.69,điểm,FRED,D,2026-10-08
2023-11-29,12.98,điểm,FRED,D,2026-10-08
2023-11-30,12.92,điểm,FRED,D,2026-10-08
2023-12-01,12.63,điểm,FRED,D,2026-10-08
2023-12-04,13.08,điểm,FRED,D,2026-10-08
2023-12-05,12.85,điểm,FRED,D,2026-10-08
2023-12-06,12.97,điểm,FRED,D,2026-10-08
2023-12-07,13.06,điểm,FRED,D,2026-10-08
2023-12-08,12.35,điểm,FRED,D,2026-10-08
2023-12-11,12.63,điểm,FRED,D,2026-10-08
2023-12-12,12.07,điểm,FRED,D,2026-10-08
2023-12-13,12.19,điểm,FRED,D,2026-10-08
2023-12-14,12.48,điểm,FRED,D,2026-10-08
2023-12-15,12.28,điểm,FRED,D,2026-10-08
2023-12-18,12.56,điểm,FRED,D,2026-10-08
2023-12-19,12.53,điểm,FRED,D,2026-10-08
2023-12-20,13.67,điểm,FRED,D,2026-10-08
2023-12-21,13.65,điểm,FRED,D,2026-10-08
2023-12-22,13.03,điểm,FRED,D,2026-10-08
2023-12-26,12.99,điểm,FRED,D,2026-10-08
2023-12-27,12.43,điểm,FRED,D,2026-10-08
2023-12-28,12.47,điểm,FRED,D,2026-10-08
2023-12-29,12.45,điểm,FRED,D,2026-10-08
2024-01-02,13.2,điểm,FRED,D,2026-10-08
2024-01-03,14.04,điểm,FRED,D,2026-10-08
2024-01-04,14.13,điểm,FRED,D,2026-10-08
2024-01-05,13.35,điểm,FRED,D,2026-10-08
2024-01-08,13.08,điểm,FRED,D,2026-10-08
2024-01-09,12.76,điểm,FRED,D,2026-10-08
2024-01-10,12.69,điểm,FRED,D,2026-10-08
2024-01-11,12.44,điểm,FRED,D,2026-10-08
2024-01-12,12.7,điểm,FRED,D,2026-10-08
2024-01-15,13.25,điểm,FRED,D,2026-10-08
2024-01-16,13.84,điểm,FRED,D,2026-10-08
2024-01-17,14.79,điểm,FRED,D,2026-10-08
2024-01-18,14.13,điểm,FRED,D,2026-10-08
2024-01-19,13.3,điểm,FRED,D,2026-10-08
2024-01-22,13.19,điểm,FRED,D,2026-10-08
2024-01-23,12.55,điểm,FRED,D,2026-10-08
2024-01-24,13.14,điểm,FRED,D,2026-10-08
2024-01-25,13.45,điểm,FRED,D,2026-10-08
2024-01-26,13.26,điểm,FRED,D,2026-10-08
2024-01-29,13.6,điểm,FRED,D,2026-10-08
2024-01-30,13.31,điểm,FRED,D,2026-10-08
2024-01-31,14.35,điểm,FRED,D,2026-10-08
2024-02-01,13.88,điểm,FRED,D,2026-10-08
2024-02-02,13.85,điểm,FRED,D,2026-10-08
2024-02-05,13.67,điểm,FRED,D,2026-10-08
2024-02-06,13.06,điểm,FRED,D,2026-10-08
2024-02-07,12.83,điểm,FRED,D,2026-10-08
2024-02-08,12.79,điểm,FRED,D,2026-10-08
2024-02-09,12.93,điểm,FRED,D,2026-10-08
2024-02-12,13.93,điểm,FRED,D,2026-10-08
2024-02-13,15.85,điểm,FRED,D,2026-10-08
2024-02-14,14.38,điểm,FRED,D,2026-10-08
2024-02-15,14.01,điểm,FRED,D,2026-10-08
2024-02-16,14.24,điểm,FRED,D,2026-10-08
2024-02-19,14.71,điểm,FRED,D,2026-10-08
2024-02-20,15.42,điểm,FRED,D,2026-10-08
2024-02-21,15.34,điểm,FRED,D,2026-10-08
2024-02-22,14.54,điểm,FRED,D,2026-10-08
2024-02-23,13.75,điểm,FRED,D,2026-10-08
2024-02-26,13.74,điểm,FRED,D,2026-10-08
2024-02-27,13.43,điểm,FRED,D,2026-10-08
2024-02-28,13.84,điểm,FRED,D,2026-10-08
2024-02-29,13.4,điểm,FRED,D,2026-10-08
2024-03-01,13.11,điểm,FRED,D,2026-10-08
2024-03-04,13.49,điểm,FRED,D,2026-10-08
2024-03-05,14.46,điểm,FRED,D,2026-10-08
2024-03-06,14.5,điểm,FRED,D,2026-10-08
2024-03-07,14.44,điểm,FRED,D,2026-10-08
2024-03-08,14.74,điểm,FRED,D,2026-10-08
2024-03-11,15.22,điểm,FRED,D,2026-10-08
2024-03-12,13.84,điểm,FRED,D,2026-10-08
2024-03-13,13.75,điểm,FRED,D,2026-10-08
2024-03-14,14.4,điểm,FRED,D,2026-10-08
2024-03-15,14.41,điểm,FRED,D,2026-10-08
2024-03-18,14.33,điểm,FRED,D,2026-10-08
2024-03-19,13.82,điểm,FRED,D,2026-10-08
2024-03-20,13.04,điểm,FRED,D,2026-10-08
2024-03-21,12.92,điểm,FRED,D,2026-10-08
2024-03-22,13.06,điểm,FRED,D,2026-10-08
2024-03-25,13.19,điểm,FRED,D,2026-10-08
2024-03-26,13.24,điểm,FRED,D,2026-10-08
2024-03-27,12.78,điểm,FRED,D,2026-10-08
2024-03-28,13.01,điểm,FRED,D,2026-10-08
2024-04-01,13.65,điểm,FRED,D,2026-10-08
2024-04-02,14.61,điểm,FRED,D,2026-10-08
2024-04-03,14.33,điểm,FRED,D,2026-10-08
2024-04-04,16.35,điểm,FRED,D,2026-10-08
2024-04-05,16.03,điểm,FRED,D,2026-10-08
2024-04-08,15.19,điểm,FRED,D,2026-10-08
2024-04-09,14.98,điểm,FRED,D,2026-10-08
2024-04-10,15.8,điểm,FRED,D,2026-10-08
2024-04-11,14.91,điểm,FRED,D,2026-10-08
2024-04-12,17.31,điểm,FRED,D,2026-10-08
2024-04-15,19.23,điểm,FRED,D,2026-10-08
2024-04-16,18.4,điểm,FRED,D,2026-10-08
2024-04-17,18.21,điểm,FRED,D,2026-10-08
2024-04-18,18.0,điểm,FRED,D,2026-10-08
2024-04-19,18.71,điểm,FRED,D,2026-10-08
2024-04-22,16.94,điểm,FRED,D,2026-10-08
2024-04-23,15.69,điểm,FRED,D,2026-10-08
2024-04-24,15.97,điểm,FRED,D,2026-10-08
2024-04-25,15.37,điểm,FRED,D,2026-10-08
2024-04-26,15.03,điểm,FRED,D,2026-10-08
2024-04-29,14.67,điểm,FRED,D,2026-10-08
2024-04-30,15.65,điểm,FRED,D,2026-10-08
2024-05-01,15.39,điểm,FRED,D,2026-10-08
2024-05-02,14.68,điểm,FRED,D,2026-10-08
2024-05-03,13.49,điểm,FRED,D,2026-10-08
2024-05-06,13.49,điểm,FRED,D,2026-10-08
2024-05-07,13.23,điểm,FRED,D,2026-10-08
2024-05-08,13.0,điểm,FRED,D,2026-10-08
2024-05-09,12.69,điểm,FRED,D,2026-10-08
2024-05-10,12.55,điểm,FRED,D,2026-10-08
2024-05-13,13.6,điểm,FRED,D,2026-10-08
2024-05-14,13.42,điểm,FRED,D,2026-10-08
2024-05-15,12.45,điểm,FRED,D,2026-10-08
2024-05-16,12.42,điểm,FRED,D,2026-10-08
2024-05-17,11.99,điểm,FRED,D,2026-10-08
2024-05-20,12.15,điểm,FRED,D,2026-10-08
2024-05-21,11.86,điểm,FRED,D,2026-10-08
2024-05-22,12.29,điểm,FRED,D,2026-10-08
2024-05-23,12.77,điểm,FRED,D,2026-10-08
2024-05-24,11.93,điểm,FRED,D,2026-10-08
2024-05-27,12.36,điểm,FRED,D,2026-10-08
2024-05-28,12.92,điểm,FRED,D,2026-10-08
2024-05-29,14.28,điểm,FRED,D,2026-10-08
2024-05-30,14.47,điểm,FRED,D,2026-10-08
2024-05-31,12.92,điểm,FRED,D,2026-10-08
2024-06-03,13.11,điểm,FRED,D,2026-10-08
2024-06-04,13.16,điểm,FRED,D,2026-10-08
2024-06-05,12.63,điểm,FRED,D,2026-10-08
2024-06-06,12.58,điểm,FRED,D,2026-10-08
2024-06-07,12.22,điểm,FRED,D,2026-10-08
2024-06-10,12.74,điểm,FRED,D,2026-10-08
2024-06-11,12.85,điểm,FRED,D,2026-10-08
2024-06-12,12.04,điểm,FRED,D,2026-10-08
2024-06-13,11.94,điểm,FRED,D,2026-10-08
2024-06-14,12.66,điểm,FRED,D,2026-10-08
2024-06-17,12.75,điểm,FRED,D,2026-10-08
2024-06-18,12.3,điểm,FRED,D,2026-10-08
2024-06-19,12.48,điểm,FRED,D,2026-10-08
2024-06-20,13.28,điểm,FRED,D,2026-10-08
2024-06-21,13.2,điểm,FRED,D,2026-10-08
2024-06-24,13.33,điểm,FRED,D,2026-10-08
2024-06-25,12.84,điểm,FRED,D,2026-10-08
2024-06-26,12.55,điểm,FRED,D,2026-10-08
2024-06-27,12.24,điểm,FRED,D,2026-10-08
2024-06-28,12.44,điểm,FRED,D,2026-10-08
2024-07-01,12.22,điểm,FRED,D,2026-10-08
2024-07-02,12.03,điểm,FRED,D,2026-10-08
2024-07-03,12.09,điểm,FRED,D,2026-10-08
2024-07-04,12.26,điểm,FRED,D,2026-10-08
2024-07-05,12.48,điểm,FRED,D,2026-10-08
2024-07-08,12.37,điểm,FRED,D,2026-10-08
2024-07-09,12.51,điểm,FRED,D,2026-10-08
2024-07-10,12.85,điểm,FRED,D,2026-10-08
2024-07-11,12.92,điểm,FRED,D,2026-10-08
2024-07-12,12.46,điểm,FRED,D,2026-10-08
2024-07-15,13.12,điểm,FRED,D,2026-10-08
2024-07-16,13.19,điểm,FRED,D,2026-10-08
2024-07-17,14.48,điểm,FRED,D,2026-10-08
2024-07-18,15.93,điểm,FRED,D,2026-10-08
2024-07-19,16.52,điểm,FRED,D,2026-10-08
2024-07-22,14.91,điểm,FRED,D,2026-10-08
2024-07-23,14.72,điểm,FRED,D,2026-10-08
2024-07-24,18.04,điểm,FRED,D,2026-10-08
2024-07-25,18.46,điểm,FRED,D,2026-10-08
2024-07-26,16.39,điểm,FRED,D,2026-10-08
2024-07-29,16.6,điểm,FRED,D,2026-10-08
2024-07-30,17.69,điểm,FRED,D,2026-10-08
2024-07-31,16.36,điểm,FRED,D,2026-10-08
2024-08-01,18.59,điểm,FRED,D,2026-10-08
2024-08-02,23.39,điểm,FRED,D,2026-10-08
2024-08-05,38.57,điểm,FRED,D,2026-10-08
2024-08-06,27.71,điểm,FRED,D,2026-10-08
2024-08-07,27.85,điểm,FRED,D,2026-10-08
2024-08-08,23.79,điểm,FRED,D,2026-10-08
2024-08-09,20.37,điểm,FRED,D,2026-10-08
2024-08-12,20.71,điểm,FRED,D,2026-10-08
2024-08-13,18.12,điểm,FRED,D,2026-10-08
2024-08-14,16.19,điểm,FRED,D,2026-10-08
2024-08-15,15.23,điểm,FRED,D,2026-10-08
2024-08-16,14.8,điểm,FRED,D,2026-10-08
2024-08-19,14.65,điểm,FRED,D,2026-10-08
2024-08-20,15.88,điểm,FRED,D,2026-10-08
2024-08-21,16.27,điểm,FRED,D,2026-10-08
2024-08-22,17.55,điểm,FRED,D,2026-10-08
2024-08-23,15.86,điểm,FRED,D,2026-10-08
2024-08-26,16.15,điểm,FRED,D,2026-10-08
2024-08-27,15.43,điểm,FRED,D,2026-10-08
2024-08-28,17.11,điểm,FRED,D,2026-10-08
2024-08-29,15.65,điểm,FRED,D,2026-10-08
2024-08-30,15.0,điểm,FRED,D,2026-10-08
2024-09-02,15.55,điểm,FRED,D,2026-10-08
2024-09-03,20.72,điểm,FRED,D,2026-10-08
2024-09-04,21.32,điểm,FRED,D,2026-10-08
2024-09-05,19.9,điểm,FRED,D,2026-10-08
2024-09-06,22.38,điểm,FRED,D,2026-10-08
2024-09-09,19.45,điểm,FRED,D,2026-10-08
2024-09-10,19.08,điểm,FRED,D,2026-10-08
2024-09-11,17.69,điểm,FRED,D,2026-10-08
2024-09-12,17.07,điểm,FRED,D,2026-10-08
2024-09-13,16.56,điểm,FRED,D,2026-10-08
2024-09-16,17.14,điểm,FRED,D,2026-10-08
2024-09-17,17.61,điểm,FRED,D,2026-10-08
2024-09-18,18.23,điểm,FRED,D,2026-10-08
2024-09-19,16.33,điểm,FRED,D,2026-10-08
2024-09-20,16.15,điểm,FRED,D,2026-10-08
2024-09-23,15.89,điểm,FRED,D,2026-10-08
2024-09-24,15.39,điểm,FRED,D,2026-10-08
2024-09-25,15.41,điểm,FRED,D,2026-10-08
2024-09-26,15.37,điểm,FRED,D,2026-10-08
2024-09-27,16.96,điểm,FRED,D,2026-10-08
2024-09-30,16.73,điểm,FRED,D,2026-10-08
2024-10-01,19.26,điểm,FRED,D,2026-10-08
2024-10-02,18.9,điểm,FRED,D,2026-10-08
2024-10-03,20.49,điểm,FRED,D,2026-10-08
2024-10-04,19.21,điểm,FRED,D,2026-10-08
2024-10-07,22.64,điểm,FRED,D,2026-10-08
2024-10-08,21.42,điểm,FRED,D,2026-10-08
2024-10-09,20.86,điểm,FRED,D,2026-10-08
2024-10-10,20.93,điểm,FRED,D,2026-10-08
2024-10-11,20.46,điểm,FRED,D,2026-10-08
2024-10-14,19.7,điểm,FRED,D,2026-10-08
2024-10-15,20.64,điểm,FRED,D,2026-10-08
2024-10-16,19.58,điểm,FRED,D,2026-10-08
2024-10-17,19.11,điểm,FRED,D,2026-10-08
2024-10-18,18.03,điểm,FRED,D,2026-10-08
2024-10-21,18.37,điểm,FRED,D,2026-10-08
2024-10-22,18.2,điểm,FRED,D,2026-10-08
2024-10-23,19.24,điểm,FRED,D,2026-10-08
2024-10-24,19.08,điểm,FRED,D,2026-10-08
2024-10-25,20.33,điểm,FRED,D,2026-10-08
2024-10-28,19.8,điểm,FRED,D,2026-10-08
2024-10-29,19.34,điểm,FRED,D,2026-10-08
2024-10-30,20.35,điểm,FRED,D,2026-10-08
2024-10-31,23.16,điểm,FRED,D,2026-10-08
2024-11-01,21.88,điểm,FRED,D,2026-10-08
2024-11-04,21.98,điểm,FRED,D,2026-10-08
2024-11-05,20.49,điểm,FRED,D,2026-10-08
2024-11-06,16.27,điểm,FRED,D,2026-10-08
2024-11-07,15.2,điểm,FRED,D,2026-10-08
2024-11-08,14.94,điểm,FRED,D,2026-10-08
2024-11-11,14.97,điểm,FRED,D,2026-10-08
2024-11-12,14.71,điểm,FRED,D,2026-10-08
2024-11-13,14.02,điểm,FRED,D,2026-10-08
2024-11-14,14.31,điểm,FRED,D,2026-10-08
2024-11-15,16.14,điểm,FRED,D,2026-10-08
2024-11-18,15.58,điểm,FRED,D,2026-10-08
2024-11-19,16.35,điểm,FRED,D,2026-10-08
2024-11-20,17.16,điểm,FRED,D,2026-10-08
2024-11-21,16.87,điểm,FRED,D,2026-10-08
2024-11-22,15.24,điểm,FRED,D,2026-10-08
2024-11-25,14.6,điểm,FRED,D,2026-10-08
2024-11-26,14.1,điểm,FRED,D,2026-10-08
2024-11-27,14.1,điểm,FRED,D,2026-10-08
2024-11-28,13.9,điểm,FRED,D,2026-10-08
2024-11-29,13.51,điểm,FRED,D,2026-10-08
2024-12-02,13.34,điểm,FRED,D,2026-10-08
2024-12-03,13.3,điểm,FRED,D,2026-10-08
2024-12-04,13.45,điểm,FRED,D,2026-10-08
2024-12-05,13.54,điểm,FRED,D,2026-10-08
2024-12-06,12.77,điểm,FRED,D,2026-10-08
2024-12-09,14.19,điểm,FRED,D,2026-10-08
2024-12-10,14.18,điểm,FRED,D,2026-10-08
2024-12-11,13.58,điểm,FRED,D,2026-10-08
2024-12-12,13.92,điểm,FRED,D,2026-10-08
2024-12-13,13.81,điểm,FRED,D,2026-10-08
2024-12-16,14.69,điểm,FRED,D,2026-10-08
2024-12-17,15.87,điểm,FRED,D,2026-10-08
2024-12-18,27.62,điểm,FRED,D,2026-10-08
2024-12-19,24.09,điểm,FRED,D,2026-10-08
2024-12-20,18.36,điểm,FRED,D,2026-10-08
2024-12-23,16.78,điểm,FRED,D,2026-10-08
2024-12-24,14.27,điểm,FRED,D,2026-10-08
2024-12-26,14.73,điểm,FRED,D,2026-10-08
2024-12-27,15.95,điểm,FRED,D,2026-10-08
2024-12-30,17.4,điểm,FRED,D,2026-10-08
2024-12-31,17.35,điểm,FRED,D,2026-10-08
2025-01-02,17.93,điểm,FRED,D,2026-10-08
2025-01-03,16.13,điểm,FRED,D,2026-10-08
2025-01-06,16.04,điểm,FRED,D,2026-10-08
2025-01-07,17.82,điểm,FRED,D,2026-10-08
2025-01-08,17.7,điểm,FRED,D,2026-10-08
2025-01-09,18.07,điểm,FRED,D,2026-10-08
2025-01-10,19.54,điểm,FRED,D,2026-10-08
2025-01-13,19.19,điểm,FRED,D,2026-10-08
2025-01-14,18.71,điểm,FRED,D,2026-10-08
2025-01-15,16.12,điểm,FRED,D,2026-10-08
2025-01-16,16.6,điểm,FRED,D,2026-10-08
2025-01-17,15.97,điểm,FRED,D,2026-10-08
2025-01-20,15.81,điểm,FRED,D,2026-10-08
2025-01-21,15.06,điểm,FRED,D,2026-10-08
2025-01-22,15.1,điểm,FRED,D,2026-10-08
2025-01-23,15.02,điểm,FRED,D,2026-10-08
2025-01-24,14.85,điểm,FRED,D,2026-10-08
2025-01-27,17.9,điểm,FRED,D,2026-10-08
2025-01-28,16.41,điểm,FRED,D,2026-10-08
2025-01-29,16.56,điểm,FRED,D,2026-10-08
2025-01-30,15.84,điểm,FRED,D,2026-10-08
2025-01-31,16.43,điểm,FRED,D,2026-10-08
2025-02-03,18.62,điểm,FRED,D,2026-10-08
2025-02-04,17.21,điểm,FRED,D,2026-10-08
2025-02-05,15.77,điểm,FRED,D,2026-10-08
2025-02-06,15.5,điểm,FRED,D,2026-10-08
2025-02-07,16.54,điểm,FRED,D,2026-10-08
2025-02-10,15.81,điểm,FRED,D,2026-10-08
2025-02-11,16.02,điểm,FRED,D,2026-10-08
2025-02-12,15.89,điểm,FRED,D,2026-10-08
2025-02-13,15.1,điểm,FRED,D,2026-10-08
2025-02-14,14.77,điểm,FRED,D,2026-10-08
2025-02-17,15.37,điểm,FRED,D,2026-10-08
2025-02-18,15.35,điểm,FRED,D,2026-10-08
2025-02-19,15.27,điểm,FRED,D,2026-10-08
2025-02-20,15.66,điểm,FRED,D,2026-10-08
2025-02-21,18.21,điểm,FRED,D,2026-10-08
2025-02-24,18.98,điểm,FRED,D,2026-10-08
2025-02-25,19.43,điểm,FRED,D,2026-10-08
2025-02-26,19.1,điểm,FRED,D,2026-10-08
2025-02-27,21.13,điểm,FRED,D,2026-10-08
2025-02-28,19.63,điểm,FRED,D,2026-10-08
2025-03-03,22.78,điểm,FRED,D,2026-10-08
2025-03-04,23.51,điểm,FRED,D,2026-10-08
2025-03-05,21.93,điểm,FRED,D,2026-10-08
2025-03-06,24.87,điểm,FRED,D,2026-10-08
2025-03-07,23.37,điểm,FRED,D,2026-10-08
2025-03-10,27.86,điểm,FRED,D,2026-10-08
2025-03-11,26.92,điểm,FRED,D,2026-10-08
2025-03-12,24.23,điểm,FRED,D,2026-10-08
2025-03-13,24.66,điểm,FRED,D,2026-10-08
2025-03-14,21.77,điểm,FRED,D,2026-10-08
2025-03-17,20.51,điểm,FRED,D,2026-10-08
2025-03-18,21.7,điểm,FRED,D,2026-10-08
2025-03-19,19.9,điểm,FRED,D,2026-10-08
2025-03-20,19.8,điểm,FRED,D,2026-10-08
2025-03-21,19.28,điểm,FRED,D,2026-10-08
2025-03-24,17.48,điểm,FRED,D,2026-10-08
2025-03-25,17.15,điểm,FRED,D,2026-10-08
2025-03-26,18.33,điểm,FRED,D,2026-10-08
2025-03-27,18.69,điểm,FRED,D,2026-10-08
2025-03-28,21.65,điểm,FRED,D,2026-10-08
2025-03-31,22.28,điểm,FRED,D,2026-10-08
2025-04-01,21.77,điểm,FRED,D,2026-10-08
2025-04-02,21.51,điểm,FRED,D,2026-10-08
2025-04-03,30.02,điểm,FRED,D,2026-10-08
2025-04-04,45.31,điểm,FRED,D,2026-10-08
2025-04-07,46.98,điểm,FRED,D,2026-10-08
2025-04-08,52.33,điểm,FRED,D,2026-10-08
2025-04-09,33.62,điểm,FRED,D,2026-10-08
2025-04-10,40.72,điểm,FRED,D,2026-10-08
2025-04-11,37.56,điểm,FRED,D,2026-10-08
2025-04-14,30.89,điểm,FRED,D,2026-10-08
2025-04-15,30.12,điểm,FRED,D,2026-10-08
2025-04-16,32.64,điểm,FRED,D,2026-10-08
2025-04-17,29.65,điểm,FRED,D,2026-10-08
2025-04-21,33.82,điểm,FRED,D,2026-10-08
2025-04-22,30.57,điểm,FRED,D,2026-10-08
2025-04-23,28.45,điểm,FRED,D,2026-10-08
2025-04-24,26.47,điểm,FRED,D,2026-10-08
2025-04-25,24.84,điểm,FRED,D,2026-10-08
2025-04-28,25.15,điểm,FRED,D,2026-10-08
2025-04-29,24.17,điểm,FRED,D,2026-10-08
2025-04-30,24.7,điểm,FRED,D,2026-10-08
2025-05-01,24.6,điểm,FRED,D,2026-10-08
2025-05-02,22.68,điểm,FRED,D,2026-10-08
2025-05-05,23.64,điểm,FRED,D,2026-10-08
2025-05-06,24.76,điểm,FRED,D,2026-10-08
2025-05-07,23.55,điểm,FRED,D,2026-10-08
2025-05-08,22.48,điểm,FRED,D,2026-10-08
2025-05-09,21.9,điểm,FRED,D,2026-10-08
2025-05-12,18.39,điểm,FRED,D,2026-10-08
2025-05-13,18.22,điểm,FRED,D,2026-10-08
2025-05-14,18.62,điểm,FRED,D,2026-10-08
2025-05-15,17.83,điểm,FRED,D,2026-10-08
2025-05-16,17.24,điểm,FRED,D,2026-10-08
2025-05-19,18.14,điểm,FRED,D,2026-10-08
2025-05-20,18.09,điểm,FRED,D,2026-10-08
2025-05-21,20.87,điểm,FRED,D,2026-10-08
2025-05-22,20.28,điểm,FRED,D,2026-10-08
2025-05-23,22.29,điểm,FRED,D,2026-10-08
2025-05-26,20.57,điểm,FRED,D,2026-10-08
2025-05-27,18.96,điểm,FRED,D,2026-10-08
2025-05-28,19.31,điểm,FRED,D,2026-10-08
2025-05-29,19.18,điểm,FRED,D,2026-10-08
2025-05-30,18.57,điểm,FRED,D,2026-10-08
2025-06-02,18.36,điểm,FRED,D,2026-10-08
2025-06-03,17.69,điểm,FRED,D,2026-10-08
2025-06-04,17.61,điểm,FRED,D,2026-10-08
2025-06-05,18.48,điểm,FRED,D,2026-10-08
2025-06-06,16.77,điểm,FRED,D,2026-10-08
2025-06-09,17.16,điểm,FRED,D,2026-10-08
2025-06-10,16.95,điểm,FRED,D,2026-10-08
2025-06-11,17.26,điểm,FRED,D,2026-10-08
2025-06-12,18.02,điểm,FRED,D,2026-10-08
2025-06-13,20.82,điểm,FRED,D,2026-10-08
2025-06-16,19.11,điểm,FRED,D,2026-10-08
2025-06-17,21.6,điểm,FRED,D,2026-10-08
2025-06-18,20.14,điểm,FRED,D,2026-10-08
2025-06-19,22.17,điểm,FRED,D,2026-10-08
2025-06-20,20.62,điểm,FRED,D,2026-10-08
2025-06-23,19.83,điểm,FRED,D,2026-10-08
2025-06-24,17.48,điểm,FRED,D,2026-10-08
2025-06-25,16.76,điểm,FRED,D,2026-10-08
2025-06-26,16.59,điểm,FRED,D,2026-10-08
2025-06-27,16.32,điểm,FRED,D,2026-10-08
2025-06-30,16.73,điểm,FRED,D,2026-10-08
2025-07-01,16.83,điểm,FRED,D,2026-10-08
2025-07-02,16.64,điểm,FRED,D,2026-10-08
2025-07-03,16.38,điểm,FRED,D,2026-10-08
2025-07-04,17.48,điểm,FRED,D,2026-10-08
2025-07-07,17.79,điểm,FRED,D,2026-10-08
2025-07-08,16.81,điểm,FRED,D,2026-10-08
2025-07-09,15.94,điểm,FRED,D,2026-10-08
2025-07-10,15.78,điểm,FRED,D,2026-10-08
2025-07-11,16.4,điểm,FRED,D,2026-10-08
2025-07-14,17.2,điểm,FRED,D,2026-10-08
2025-07-15,17.38,điểm,FRED,D,2026-10-08
2025-07-16,17.16,điểm,FRED,D,2026-10-08
2025-07-17,16.52,điểm,FRED,D,2026-10-08
2025-07-18,16.41,điểm,FRED,D,2026-10-08
2025-07-21,16.65,điểm,FRED,D,2026-10-08
2025-07-22,16.5,điểm,FRED,D,2026-10-08
2025-07-23,15.37,điểm,FRED,D,2026-10-08
2025-07-24,15.39,điểm,FRED,D,2026-10-08
2025-07-25,14.93,điểm,FRED,D,2026-10-08
2025-07-28,15.03,điểm,FRED,D,2026-10-08
2025-07-29,15.98,điểm,FRED,D,2026-10-08
2025-07-30,15.48,điểm,FRED,D,2026-10-08
2025-07-31,16.72,điểm,FRED,D,2026-10-08
2025-08-01,20.38,điểm,FRED,D,2026-10-08
2025-08-04,17.52,điểm,FRED,D,2026-10-08
2025-08-05,17.85,điểm,FRED,D,2026-10-08
2025-08-06,16.77,điểm,FRED,D,2026-10-08
2025-08-07,16.57,điểm,FRED,D,2026-10-08
2025-08-08,15.15,điểm,FRED,D,2026-10-08
2025-08-11,16.25,điểm,FRED,D,2026-10-08
2025-08-12,14.73,điểm,FRED,D,2026-10-08
2025-08-13,14.49,điểm,FRED,D,2026-10-08
2025-08-14,14.83,điểm,FRED,D,2026-10-08
2025-08-15,15.09,điểm,FRED,D,2026-10-08
2025-08-18,14.99,điểm,FRED,D,2026-10-08
2025-08-19,15.57,điểm,FRED,D,2026-10-08
2025-08-20,15.69,điểm,FRED,D,2026-10-08
2025-08-21,16.6,điểm,FRED,D,2026-10-08
2025-08-22,14.22,điểm,FRED,D,2026-10-08
2025-08-25,14.79,điểm,FRED,D,2026-10-08
2025-08-26,14.62,điểm,FRED,D,2026-10-08
2025-08-27,14.85,điểm,FRED,D,2026-10-08
2025-08-28,14.43,điểm,FRED,D,2026-10-08
2025-08-29,15.36,điểm,FRED,D,2026-10-08
2025-09-01,16.12,điểm,FRED,D,2026-10-08
2025-09-02,17.17,điểm,FRED,D,2026-10-08
2025-09-03,16.35,điểm,FRED,D,2026-10-08
2025-09-04,15.3,điểm,FRED,D,2026-10-08
2025-09-05,15.18,điểm,FRED,D,2026-10-08
2025-09-08,15.11,điểm,FRED,D,2026-10-08
2025-09-09,15.04,điểm,FRED,D,2026-10-08
2025-09-10,15.35,điểm,FRED,D,2026-10-08
2025-09-11,14.71,điểm,FRED,D,2026-10-08
2025-09-12,14.76,điểm,FRED,D,2026-10-08
2025-09-15,15.69,điểm,FRED,D,2026-10-08
2025-09-16,16.36,điểm,FRED,D,2026-10-08
2025-09-17,15.72,điểm,FRED,D,2026-10-08
2025-09-18,15.7,điểm,FRED,D,2026-10-08
2025-09-19,15.45,điểm,FRED,D,2026-10-08
2025-09-22,16.1,điểm,FRED,D,2026-10-08
2025-09-23,16.64,điểm,FRED,D,2026-10-08
2025-09-24,16.18,điểm,FRED,D,2026-10-08
2025-09-25,16.74,điểm,FRED,D,2026-10-08
2025-09-26,15.29,điểm,FRED,D,2026-10-08
2025-09-29,16.12,điểm,FRED,D,2026-10-08
2025-09-30,16.28,điểm,FRED,D,2026-10-08
2025-10-01,16.29,điểm,FRED,D,2026-10-08
2025-10-02,16.63,điểm,FRED,D,2026-10-08
2025-10-03,16.65,điểm,FRED,D,2026-10-08
2025-10-06,16.37,điểm,FRED,D,2026-10-08
2025-10-07,17.24,điểm,FRED,D,2026-10-08
2025-10-08,16.3,điểm,FRED,D,2026-10-08
2025-10-09,16.43,điểm,FRED,D,2026-10-08
2025-10-10,21.66,điểm,FRED,D,2026-10-08
2025-10-13,19.03,điểm,FRED,D,2026-10-08
2025-10-14,20.81,điểm,FRED,D,2026-10-08
2025-10-15,20.64,điểm,FRED,D,2026-10-08
2025-10-16,25.31,điểm,FRED,D,2026-10-08
2025-10-17,20.78,điểm,FRED,D,2026-10-08
2025-10-20,18.23,điểm,FRED,D,2026-10-08
2025-10-21,17.87,điểm,FRED,D,2026-10-08
2025-10-22,18.6,điểm,FRED,D,2026-10-08
2025-10-23,17.3,điểm,FRED,D,2026-10-08
2025-10-24,16.37,điểm,FRED,D,2026-10-08
2025-10-27,15.79,điểm,FRED,D,2026-10-08
2025-10-28,16.42,điểm,FRED,D,2026-10-08
2025-10-29,16.92,điểm,FRED,D,2026-10-08
2025-10-30,16.91,điểm,FRED,D,2026-10-08
2025-10-31,17.44,điểm,FRED,D,2026-10-08
2025-11-03,17.17,điểm,FRED,D,2026-10-08
2025-11-04,19.0,điểm,FRED,D,2026-10-08
2025-11-05,18.01,điểm,FRED,D,2026-10-08
2025-11-06,19.5,điểm,FRED,D,2026-10-08
2025-11-07,19.08,điểm,FRED,D,2026-10-08
2025-11-10,17.6,điểm,FRED,D,2026-10-08
2025-11-11,17.28,điểm,FRED,D,2026-10-08
2025-11-12,17.51,điểm,FRED,D,2026-10-08
2025-11-13,20.0,điểm,FRED,D,2026-10-08
2025-11-14,19.83,điểm,FRED,D,2026-10-08
2025-11-17,22.38,điểm,FRED,D,2026-10-08
2025-11-18,24.69,điểm,FRED,D,2026-10-08
2025-11-19,23.66,điểm,FRED,D,2026-10-08
2025-11-20,26.42,điểm,FRED,D,2026-10-08
2025-11-21,23.43,điểm,FRED,D,2026-10-08
2025-11-24,20.52,điểm,FRED,D,2026-10-08
2025-11-25,18.56,điểm,FRED,D,2026-10-08
2025-11-26,17.19,điểm,FRED,D,2026-10-08
2025-11-27,17.21,điểm,FRED,D,2026-10-08
2025-11-28,16.35,điểm,FRED,D,2026-10-08
2025-12-01,17.24,điểm,FRED,D,2026-10-08
2025-12-02,16.59,điểm,FRED,D,2026-10-08
2025-12-03,16.08,điểm,FRED,D,2026-10-08
2025-12-04,15.78,điểm,FRED,D,2026-10-08
2025-12-05,15.41,điểm,FRED,D,2026-10-08
2025-12-08,16.66,điểm,FRED,D,2026-10-08
2025-12-09,16.93,điểm,FRED,D,2026-10-08
2025-12-10,15.77,điểm,FRED,D,2026-10-08
2025-12-11,14.85,điểm,FRED,D,2026-10-08
2025-12-12,15.74,điểm,FRED,D,2026-10-08
2025-12-15,16.5,điểm,FRED,D,2026-10-08
2025-12-16,16.48,điểm,FRED,D,2026-10-08
2025-12-17,17.62,điểm,FRED,D,2026-10-08
2025-12-18,16.87,điểm,FRED,D,2026-10-08
2025-12-19,14.91,điểm,FRED,D,2026-10-08
2025-12-22,14.08,điểm,FRED,D,2026-10-08
2025-12-23,14.0,điểm,FRED,D,2026-10-08
2025-12-24,13.47,điểm,FRED,D,2026-10-08
2025-12-26,13.6,điểm,FRED,D,2026-10-08
2025-12-29,14.2,điểm,FRED,D,2026-10-08
2025-12-30,14.33,điểm,FRED,D,2026-10-08
2025-12-31,14.95,điểm,FRED,D,2026-10-08
2026-01-02,14.51,điểm,FRED,D,2026-10-08
2026-01-05,14.9,điểm,FRED,D,2026-10-08
2026-01-06,14.75,điểm,FRED,D,2026-10-08
2026-01-07,15.38,điểm,FRED,D,2026-10-08
2026-01-08,15.45,điểm,FRED,D,2026-10-08
2026-01-09,14.49,điểm,FRED,D,2026-10-08
2026-01-12,15.12,điểm,FRED,D,2026-10-08
2026-01-13,15.98,điểm,FRED,D,2026-10-08
2026-01-14,16.75,điểm,FRED,D,2026-10-08
2026-01-15,15.84,điểm,FRED,D,2026-10-08
2026-01-16,15.86,điểm,FRED,D,2026-10-08
2026-01-19,18.84,điểm,FRED,D,2026-10-08
2026-01-20,20.09,điểm,FRED,D,2026-10-08
2026-01-21,16.9,điểm,FRED,D,2026-10-08
2026-01-22,15.64,điểm,FRED,D,2026-10-08
2026-01-23,16.09,điểm,FRED,D,2026-10-08
2026-01-26,16.15,điểm,FRED,D,2026-10-08
2026-01-27,16.35,điểm,FRED,D,2026-10-08
2026-01-28,16.35,điểm,FRED,D,2026-10-08
2026-01-29,16.88,điểm,FRED,D,2026-10-08
2026-01-30,17.44,điểm,FRED,D,2026-10-08
2026-02-02,16.34,điểm,FRED,D,2026-10-08
2026-02-03,18.0,điểm,FRED,D,2026-10-08
2026-02-04,18.64,điểm,FRED,D,2026-10-08
2026-02-05,21.77,điểm,FRED,D,2026-10-08
2026-02-06,17.76,điểm,FRED,D,2026-10-08
2026-02-09,17.36,điểm,FRED,D,2026-10-08
2026-02-10,17.79,điểm,FRED,D,2026-10-08
2026-02-11,17.65,điểm,FRED,D,2026-10-08
2026-02-12,20.82,điểm,FRED,D,2026-10-08
2026-02-13,20.6,điểm,FRED,D,2026-10-08
2026-02-16,21.2,điểm,FRED,D,2026-10-08
2026-02-17,20.29,điểm,FRED,D,2026-10-08
2026-02-18,19.62,điểm,FRED,D,2026-10-08
2026-02-19,20.23,điểm,FRED,D,2026-10-08
2026-02-20,19.09,điểm,FRED,D,2026-10-08
2026-02-23,21.01,điểm,FRED,D,2026-10-08
2026-02-24,19.55,điểm,FRED,D,2026-10-08
2026-02-25,17.93,điểm,FRED,D,2026-10-08
2026-02-26,18.63,điểm,FRED,D,2026-10-08
2026-02-27,19.86,điểm,FRED,D,2026-10-08
2026-03-02,21.44,điểm,FRED,D,2026-10-08
2026-03-03,23.57,điểm,FRED,D,2026-10-08
2026-03-04,21.15,điểm,FRED,D,2026-10-08
2026-03-05,23.75,điểm,FRED,D,2026-10-08
2026-03-06,29.49,điểm,FRED,D,2026-10-08
2026-03-09,25.5,điểm,FRED,D,2026-10-08
2026-03-10,24.93,điểm,FRED,D,2026-10-08
2026-03-11,24.23,điểm,FRED,D,2026-10-08
2026-03-12,27.29,điểm,FRED,D,2026-10-08
2026-03-13,27.19,điểm,FRED,D,2026-10-08
2026-03-16,23.51,điểm,FRED,D,2026-10-08
2026-03-17,22.37,điểm,FRED,D,2026-10-08
2026-03-18,25.09,điểm,FRED,D,2026-10-08
2026-03-19,24.06,điểm,FRED,D,2026-10-08
2026-03-20,26.78,điểm,FRED,D,2026-10-08
2026-03-23,26.15,điểm,FRED,D,2026-10-08
2026-03-24,26.95,điểm,FRED,D,2026-10-08
2026-03-25,25.33,điểm,FRED,D,2026-10-08
2026-03-26,27.44,điểm,FRED,D,2026-10-08
2026-03-27,31.05,điểm,FRED,D,2026-10-08
2026-03-30,30.61,điểm,FRED,D,2026-10-08
2026-03-31,25.25,điểm,FRED,D,2026-10-08
2026-04-01,24.54,điểm,FRED,D,2026-10-08
2026-04-02,23.87,điểm,FRED,D,2026-10-08
2026-04-06,24.17,điểm,FRED,D,2026-10-08
2026-04-07,25.78,điểm,FRED,D,2026-10-08
2026-04-08,21.04,điểm,FRED,D,2026-10-08
2026-04-09,19.49,điểm,FRED,D,2026-10-08
2026-04-10,19.23,điểm,FRED,D,2026-10-08
2026-04-13,19.12,điểm,FRED,D,2026-10-08
2026-04-14,18.36,điểm,FRED,D,2026-10-08
2026-04-15,18.17,điểm,FRED,D,2026-10-08
2026-04-16,17.94,điểm,FRED,D,2026-10-08
2026-04-17,17.48,điểm,FRED,D,2026-10-08
2026-04-20,18.87,điểm,FRED,D,2026-10-08
2026-04-21,19.5,điểm,FRED,D,2026-10-08
2026-04-22,18.92,điểm,FRED,D,2026-10-08
2026-04-23,19.31,điểm,FRED,D,2026-10-08
2026-04-24,18.71,điểm,FRED,D,2026-10-08
2026-04-27,18.02,điểm,FRED,D,2026-10-08
2026-04-28,17.83,điểm,FRED,D,2026-10-08
2026-04-29,18.81,điểm,FRED,D,2026-10-08
2026-04-30,16.89,điểm,FRED,D,2026-10-08
2026-05-01,16.99,điểm,FRED,D,2026-10-08
2026-05-04,18.29,điểm,FRED,D,2026-10-08
2026-05-05,17.38,điểm,FRED,D,2026-10-08
2026-05-06,17.39,điểm,FRED,D,2026-10-08
2026-05-07,17.08,điểm,FRED,D,2026-10-08
2026-05-08,17.19,điểm,FRED,D,2026-10-08
2026-05-11,18.38,điểm,FRED,D,2026-10-08
2026-05-12,17.99,điểm,FRED,D,2026-10-08
2026-05-13,17.87,điểm,FRED,D,2026-10-08
2026-05-14,17.26,điểm,FRED,D,2026-10-08
2026-05-15,18.43,điểm,FRED,D,2026-10-08
2026-05-18,17.82,điểm,FRED,D,2026-10-08
2026-05-19,18.06,điểm,FRED,D,2026-10-08
2026-05-20,17.44,điểm,FRED,D,2026-10-08
2026-05-21,16.76,điểm,FRED,D,2026-10-08
2026-05-22,16.7,điểm,FRED,D,2026-10-08
2026-05-25,16.59,điểm,FRED,D,2026-10-08
2026-05-26,17.01,điểm,FRED,D,2026-10-08
2026-05-27,16.29,điểm,FRED,D,2026-10-08
2026-05-28,15.74,điểm,FRED,D,2026-10-08
2026-05-29,15.32,điểm,FRED,D,2026-10-08
2026-06-01,16.05,điểm,FRED,D,2026-10-08
2026-06-02,15.77,điểm,FRED,D,2026-10-08
2026-06-03,16.06,điểm,FRED,D,2026-10-08
2026-06-04,15.4,điểm,FRED,D,2026-10-08
2026-06-05,21.51,điểm,FRED,D,2026-10-08
2026-06-08,18.92,điểm,FRED,D,2026-10-08
2026-06-09,19.87,điểm,FRED,D,2026-10-08
2026-06-10,22.22,điểm,FRED,D,2026-10-08
2026-06-11,19.44,điểm,FRED,D,2026-10-08
2026-06-12,17.68,điểm,FRED,D,2026-10-08
2026-06-15,16.2,điểm,FRED,D,2026-10-08
2026-06-16,16.41,điểm,FRED,D,2026-10-08
2026-06-17,18.44,điểm,FRED,D,2026-10-08
2026-06-18,16.4,điểm,FRED,D,2026-10-08
2026-06-19,16.78,điểm,FRED,D,2026-10-08
2026-06-22,17.28,điểm,FRED,D,2026-10-08
2026-06-23,19.49,điểm,FRED,D,2026-10-08
2026-06-24,18.63,điểm,FRED,D,2026-10-08
2026-06-25,18.89,điểm,FRED,D,2026-10-08
2026-06-26,18.41,điểm,FRED,D,2026-10-08
2026-06-29,17.65,điểm,FRED,D,2026-10-08
2026-06-30,16.45,điểm,FRED,D,2026-10-08
2026-07-01,16.59,điểm,FRED,D,2026-10-08
2026-07-02,16.15,điểm,FRED,D,2026-10-08
2026-07-03,15.81,điểm,FRED,D,2026-10-08
2026-07-06,15.57,điểm,FRED,D,2026-10-08
2026-07-07,16.13,điểm,FRED,D,2026-10-08
2026-07-08,16.9,điểm,FRED,D,2026-10-08
2026-07-09,15.84,điểm,FRED,D,2026-10-08
2026-07-10,15.03,điểm,FRED,D,2026-10-08
2026-07-13,17.16,điểm,FRED,D,2026-10-08
2026-07-14,16.5,điểm,FRED,D,2026-10-08
2026-07-15,15.67,điểm,FRED,D,2026-10-08
2026-07-16,16.73,điểm,FRED,D,2026-10-08
2026-07-17,18.77,điểm,FRED,D,2026-10-08
2026-07-20,18.65,điểm,FRED,D,2026-10-08
2026-07-21,17.05,điểm,FRED,D,2026-10-08
2026-07-22,16.64,điểm,FRED,D,2026-10-08
2026-07-23,18.7,điểm,FRED,D,2026-10-08
2026-07-24,18.58,điểm,FRED,D,2026-10-08
2026-07-27,18.67,điểm,FRED,D,2026-10-08
2026-07-28,18.21,điểm,FRED,D,2026-10-08
2026-07-29,20.66,điểm,FRED,D,2026-10-08
2026-07-30,17.09,điểm,FRED,D,2026-10-08
2026-07-31,15.99,điểm,FRED,D,2026-10-08
2026-08-03,15.86,điểm,FRED,D,2026-10-08
2026-08-04,16.5,điểm,FRED,D,2026-10-08
2026-08-05,15.81,điểm,FRED,D,2026-10-08
2026-08-06,15.15,điểm,FRED,D,2026-10-08
2026-08-07,14.9,điểm,FRED,D,2026-10-08
2026-08-10,15.46,điểm,FRED,D,2026-10-08
2026-08-11,15.28,điểm,FRED,D,2026-10-08
2026-08-12,14.55,điểm,FRED,D,2026-10-08
2026-08-13,14.63,điểm,FRED,D,2026-10-08
2026-08-14,14.25,điểm,FRED,D,2026-10-08
2026-08-17,15.19,điểm,FRED,D,2026-10-08
2026-08-18,15.84,điểm,FRED,D,2026-10-08
2026-08-19,14.89,điểm,FRED,D,2026-10-08
2026-08-20,16.01,điểm,FRED,D,2026-10-08
2026-08-21,15.13,điểm,FRED,D,2026-10-08
2026-08-24,15.85,điểm,FRED,D,2026-10-08
2026-08-25,15.45,điểm,FRED,D,2026-10-08
2026-08-26,15.21,điểm,FRED,D,2026-10-08
2026-08-27,14.51,điểm,FRED,D,2026-10-08
2026-08-28,14.43,điểm,FRED,D,2026-10-08
2026-08-31,14.92,điểm,FRED,D,2026-10-08
2026-09-01,16.34,điểm,FRED,D,2026-10-08
2026-09-02,15.2,điểm,FRED,D,2026-10-08
2026-09-03,14.32,điểm,FRED,D,2026-10-08
2026-09-04,14.53,điểm,FRED,D,2026-10-08
2026-09-07,15.3,điểm,FRED,D,2026-10-08
2026-09-08,15.72,điểm,FRED,D,2026-10-08
2026-09-09,16.46,điểm,FRED,D,2026-10-08
2026-09-10,17.84,điểm,FRED,D,2026-10-08
2026-09-11,15.84,điểm,FRED,D,2026-10-08
2026-09-14,17.1,điểm,FRED,D,2026-10-08
2026-09-15,17.2,điểm,FRED,D,2026-10-08
2026-09-16,17.71,điểm,FRED,D,2026-10-08
2026-09-17,15.44,điểm,FRED,D,2026-10-08
2026-09-18,14.81,điểm,FRED,D,2026-10-08
2026-09-21,14.87,điểm,FRED,D,2026-10-08
2026-09-22,14.21,điểm,FRED,D,2026-10-08
2026-09-23,15.18,điểm,FRED,D,2026-10-08
2026-09-24,15.67,điểm,FRED,D,2026-10-08
2026-09-25,14.87,điểm,FRED,D,2026-10-08
2026-09-28,16.07,điểm,FRED,D,2026-10-08
2026-09-29,16.04,điểm,FRED,D,2026-10-08
2026-09-30,16.34,điểm,FRED,D,2026-10-08
2026-10-01,16.39,điểm,FRED,D,2026-10-08
2026-10-02,15.31,điểm,FRED,D,2026-10-08
