ngay_hieu_luc,lai_suat_effr_pct,target_rate_from_pct,target_rate_to_pct,percentile_1_pct,percentile_25_pct,percentile_75_pct,percentile_99_pct,doanh_so_ty_usd,intraday_thap_pct,intraday_cao_pct,do_lech_chuan_pct,da_dieu_chinh
2015-01-02,0.12,0.0,0.25,,,,,,0.02,0.32,0.04,
2015-01-05,0.12,0.0,0.25,,,,,,0.06,0.32,0.04,
2015-01-06,0.12,0.0,0.25,,,,,,0.04,0.34,0.04,
2015-01-07,0.12,0.0,0.25,,,,,,0.05,0.32,0.04,
2015-01-08,0.12,0.0,0.25,,,,,,0.04,0.32,0.04,
2015-01-09,0.12,0.0,0.25,,,,,,0.06,0.32,0.04,
2015-01-12,0.12,0.0,0.25,,,,,,0.06,0.32,0.04,
2015-01-13,0.12,0.0,0.25,,,,,,0.06,0.32,0.04,r
2015-01-14,0.12,0.0,0.25,,,,,,0.05,0.32,0.03,
2015-01-15,0.12,0.0,0.25,,,,,,0.03,0.32,0.04,
2015-01-16,0.13,0.0,0.25,,,,,,0.03,0.5,0.05,r
2015-01-20,0.12,0.0,0.25,,,,,,0.06,0.31,0.04,
2015-01-21,0.12,0.0,0.25,,,,,,0.03,0.31,0.04,
2015-01-22,0.12,0.0,0.25,,,,,,0.03,0.31,0.04,
2015-01-23,0.12,0.0,0.25,,,,,,0.03,0.31,0.04,
2015-01-26,0.12,0.0,0.25,,,,,,0.03,0.31,0.05,
2015-01-27,0.11,0.0,0.25,,,,,,0.03,0.31,0.03,
2015-01-28,0.12,0.0,0.25,,,,,,0.04,0.34,0.04,
2015-01-29,0.11,0.0,0.25,,,,,,0.04,0.31,0.04,
2015-01-30,0.06,0.0,0.25,,,,,,0.01,0.31,0.05,
2015-02-02,0.12,0.0,0.25,,,,,,0.03,0.31,0.04,
2015-02-03,0.12,0.0,0.25,,,,,,0.04,0.31,0.04,
2015-02-04,0.11,0.0,0.25,,,,,,0.05,0.34,0.04,
2015-02-05,0.12,0.0,0.25,,,,,,0.04,0.34,0.04,
2015-02-06,0.11,0.0,0.25,,,,,,0.05,0.31,0.04,
2015-02-09,0.12,0.0,0.25,,,,,,0.06,0.31,0.04,
2015-02-10,0.12,0.0,0.25,,,,,,0.04,0.31,0.04,
2015-02-11,0.12,0.0,0.25,,,,,,0.04,0.31,0.04,
2015-02-12,0.12,0.0,0.25,,,,,,0.04,0.5,0.04,
2015-02-13,0.12,0.0,0.25,,,,,,0.05,0.31,0.04,
2015-02-17,0.12,0.0,0.25,,,,,,0.04,0.31,0.04,
2015-02-18,0.12,0.0,0.25,,,,,,0.04,0.31,0.04,
2015-02-19,0.12,0.0,0.25,,,,,,0.04,0.31,0.04,
2015-02-20,0.12,0.0,0.25,,,,,,0.03,0.31,0.04,
2015-02-23,0.11,0.0,0.25,,,,,,0.03,0.31,0.05,
2015-02-24,0.11,0.0,0.25,,,,,,0.02,0.31,0.04,
2015-02-25,0.11,0.0,0.25,,,,,,0.03,0.34,0.05,
2015-02-26,0.11,0.0,0.25,,,,,,0.03,0.31,0.05,
2015-02-27,0.06,0.0,0.25,,,,,,0.01,0.31,0.05,
2015-03-02,0.12,0.0,0.25,,,,,,0.05,0.31,0.04,
2015-03-03,0.12,0.0,0.25,,,,,,0.03,0.31,0.04,
2015-03-04,0.11,0.0,0.25,,,,,,0.03,0.34,0.04,
2015-03-05,0.11,0.0,0.25,,,,,,0.03,0.31,0.04,
2015-03-06,0.12,0.0,0.25,,,,,,0.03,0.31,0.04,
2015-03-09,0.12,0.0,0.25,,,,,,0.03,0.31,0.04,
2015-03-10,0.12,0.0,0.25,,,,,,0.04,0.31,0.04,
2015-03-11,0.11,0.0,0.25,,,,,,0.03,0.31,0.04,
2015-03-12,0.11,0.0,0.25,,,,,,0.03,0.31,0.04,
2015-03-13,0.11,0.0,0.25,,,,,,0.03,0.31,0.04,
2015-03-16,0.12,0.0,0.25,,,,,,0.05,0.31,0.04,
2015-03-17,0.12,0.0,0.25,,,,,,0.05,0.31,0.04,
2015-03-18,0.11,0.0,0.25,,,,,,0.04,0.31,0.04,
2015-03-19,0.12,0.0,0.25,,,,,,0.05,0.31,0.04,
2015-03-20,0.12,0.0,0.25,,,,,,0.05,0.31,0.04,
2015-03-23,0.12,0.0,0.25,,,,,,0.06,0.31,0.05,
2015-03-24,0.11,0.0,0.25,,,,,,0.06,0.31,0.04,
2015-03-25,0.12,0.0,0.25,,,,,,0.07,0.34,0.05,
2015-03-26,0.11,0.0,0.25,,,,,,0.05,0.31,0.04,
2015-03-27,0.12,0.0,0.25,,,,,,0.05,0.31,0.04,
2015-03-30,0.12,0.0,0.25,,,,,,0.05,0.31,0.04,
2015-03-31,0.06,0.0,0.25,,,,,,0.03,0.31,0.07,
2015-04-01,0.12,0.0,0.25,,,,,,0.04,0.31,0.04,
2015-04-02,0.12,0.0,0.25,,,,,,0.04,0.31,0.04,
2015-04-03,0.12,0.0,0.25,,,,,,0.04,0.31,0.04,
2015-04-06,0.13,0.0,0.25,,,,,,0.04,0.31,0.04,
2015-04-07,0.12,0.0,0.25,,,,,,0.04,0.31,0.04,
2015-04-08,0.12,0.0,0.25,,,,,,0.04,0.31,0.04,
2015-04-09,0.12,0.0,0.25,,,,,,0.05,0.31,0.04,
2015-04-10,0.12,0.0,0.25,,,,,,0.05,0.31,0.04,
2015-04-13,0.13,0.0,0.25,,,,,,0.05,0.31,0.04,
2015-04-14,0.13,0.0,0.25,,,,,,0.05,0.31,0.04,
2015-04-15,0.13,0.0,0.25,,,,,,0.05,0.31,0.04,
2015-04-16,0.13,0.0,0.25,,,,,,0.05,0.31,0.04,
2015-04-17,0.13,0.0,0.25,,,,,,0.05,0.31,0.04,
2015-04-20,0.13,0.0,0.25,,,,,,0.05,0.31,0.04,
2015-04-21,0.13,0.0,0.25,,,,,,0.06,0.31,0.04,
2015-04-22,0.13,0.0,0.25,,,,,,0.05,0.31,0.05,
2015-04-23,0.13,0.0,0.25,,,,,,0.07,0.31,0.04,
2015-04-24,0.13,0.0,0.25,,,,,,0.05,0.31,0.04,
2015-04-27,0.13,0.0,0.25,,,,,,0.05,0.31,0.04,
2015-04-28,0.13,0.0,0.25,,,,,,0.05,0.31,0.04,
2015-04-29,0.13,0.0,0.25,,,,,,0.05,0.34,0.04,
2015-04-30,0.08,0.0,0.25,,,,,,0.02,0.31,0.06,
2015-05-01,0.13,0.0,0.25,,,,,,0.02,0.34,0.04,
2015-05-04,0.13,0.0,0.25,,,,,,0.06,0.31,0.04,
2015-05-05,0.13,0.0,0.25,,,,,,0.07,0.31,0.04,
2015-05-06,0.13,0.0,0.25,,,,,,0.07,0.31,0.04,
2015-05-07,0.13,0.0,0.25,,,,,,0.07,0.31,0.04,
2015-05-08,0.13,0.0,0.25,,,,,,0.07,0.34,0.04,
2015-05-11,0.13,0.0,0.25,,,,,,0.07,0.31,0.04,
2015-05-12,0.13,0.0,0.25,,,,,,0.06,0.31,0.04,
2015-05-13,0.13,0.0,0.25,,,,,,0.02,0.31,0.04,
2015-05-14,0.13,0.0,0.25,,,,,,0.07,0.31,0.04,
2015-05-15,0.13,0.0,0.25,,,,,,0.06,0.31,0.05,
2015-05-18,0.13,0.0,0.25,,,,,,0.07,0.31,0.04,
2015-05-19,0.12,0.0,0.25,,,,,,0.07,0.31,0.04,
2015-05-20,0.12,0.0,0.25,,,,,,0.02,0.31,0.04,
2015-05-21,0.12,0.0,0.25,,,,,,0.07,0.31,0.04,
2015-05-22,0.13,0.0,0.25,,,,,,0.07,0.31,0.04,
2015-05-26,0.12,0.0,0.25,,,,,,0.07,0.31,0.04,
2015-05-27,0.12,0.0,0.25,,,,,,0.05,0.34,0.04,
2015-05-28,0.12,0.0,0.25,,,,,,0.05,0.31,0.05,
2015-05-29,0.08,0.0,0.25,,,,,,0.04,0.31,0.06,
2015-06-01,0.12,0.0,0.25,,,,,,0.05,0.31,0.04,
2015-06-02,0.12,0.0,0.25,,,,,,0.06,0.31,0.04,
2015-06-03,0.13,0.0,0.25,,,,,,0.06,0.31,0.03,
2015-06-04,0.13,0.0,0.25,,,,,,0.06,0.31,0.03,
2015-06-05,0.13,0.0,0.25,,,,,,0.06,0.31,0.03,
2015-06-08,0.13,0.0,0.25,,,,,,0.06,0.31,0.04,
2015-06-09,0.13,0.0,0.25,,,,,,0.06,0.31,0.03,
2015-06-10,0.13,0.0,0.25,,,,,,0.06,0.31,0.03,
2015-06-11,0.13,0.0,0.25,,,,,,0.06,0.31,0.03,
2015-06-12,0.13,0.0,0.25,,,,,,0.06,0.31,0.04,
2015-06-15,0.13,0.0,0.25,,,,,,0.07,0.31,0.04,
2015-06-16,0.14,0.0,0.25,,,,,,0.07,0.32,0.04,
2015-06-17,0.14,0.0,0.25,,,,,,0.06,0.31,0.04,
2015-06-18,0.14,0.0,0.25,,,,,,0.07,0.31,0.04,
2015-06-19,0.13,0.0,0.25,,,,,,0.05,0.31,0.04,
2015-06-22,0.13,0.0,0.25,,,,,,0.07,0.31,0.05,
2015-06-23,0.13,0.0,0.25,,,,,,0.01,0.31,0.04,
2015-06-24,0.13,0.0,0.25,,,,,,0.07,0.31,0.04,
2015-06-25,0.13,0.0,0.25,,,,,,0.06,0.31,0.04,
2015-06-26,0.13,0.0,0.25,,,,,,0.06,0.31,0.04,
2015-06-29,0.14,0.0,0.25,,,,,,0.06,0.31,0.04,
2015-06-30,0.08,0.0,0.25,,,,,,0.04,0.31,0.06,
2015-07-01,0.13,0.0,0.25,,,,,,0.06,0.31,0.04,
2015-07-02,0.13,0.0,0.25,,,,,,0.06,0.31,0.05,
2015-07-03,0.13,0.0,0.25,,,,,,0.01,0.31,0.04,
2015-07-06,0.13,0.0,0.25,,,,,,0.06,0.31,0.04,
2015-07-07,0.13,0.0,0.25,,,,,,0.01,0.31,0.04,
2015-07-08,0.13,0.0,0.25,,,,,,0.05,0.31,0.04,
2015-07-09,0.13,0.0,0.25,,,,,,0.05,0.31,0.04,
2015-07-10,0.13,0.0,0.25,,,,,,0.05,0.31,0.04,
2015-07-13,0.13,0.0,0.25,,,,,,0.05,0.31,0.04,
2015-07-14,0.13,0.0,0.25,,,,,,0.06,0.31,0.04,
2015-07-15,0.13,0.0,0.25,,,,,,0.06,0.31,0.04,
2015-07-16,0.14,0.0,0.25,,,,,,0.06,0.31,0.04,
2015-07-17,0.13,0.0,0.25,,,,,,0.06,0.31,0.04,
2015-07-20,0.14,0.0,0.25,,,,,,0.05,0.31,0.04,
2015-07-21,0.13,0.0,0.25,,,,,,0.06,0.31,0.04,
2015-07-22,0.13,0.0,0.25,,,,,,0.06,0.31,0.04,
2015-07-23,0.13,0.0,0.25,,,,,,0.06,0.31,0.04,
2015-07-24,0.13,0.0,0.25,,,,,,0.06,0.31,0.04,
2015-07-27,0.14,0.0,0.25,,,,,,0.05,0.31,0.04,
2015-07-28,0.14,0.0,0.25,,,,,,0.07,0.32,0.04,
2015-07-29,0.14,0.0,0.25,,,,,,0.07,0.31,0.04,
2015-07-30,0.14,0.0,0.25,,,,,,0.1,0.31,0.04,
2015-07-31,0.08,0.0,0.25,,,,,,0.03,0.31,0.05,
2015-08-03,0.14,0.0,0.25,,,,,,0.05,0.31,0.04,
2015-08-04,0.14,0.0,0.25,,,,,,0.06,0.31,0.04,
2015-08-05,0.14,0.0,0.25,,,,,,0.1,0.31,0.04,
2015-08-06,0.14,0.0,0.25,,,,,,0.07,0.31,0.04,
2015-08-07,0.14,0.0,0.25,,,,,,0.09,0.31,0.04,
2015-08-10,0.14,0.0,0.25,,,,,,0.07,0.31,0.04,
2015-08-11,0.15,0.0,0.25,,,,,,0.06,0.31,0.04,
2015-08-12,0.15,0.0,0.25,,,,,,0.06,0.31,0.04,
2015-08-13,0.15,0.0,0.25,,,,,,0.08,0.31,0.04,
2015-08-14,0.14,0.0,0.25,,,,,,0.08,0.31,0.03,
2015-08-17,0.15,0.0,0.25,,,,,,0.07,0.35,0.04,
2015-08-18,0.15,0.0,0.25,,,,,,0.06,0.31,0.04,
2015-08-19,0.15,0.0,0.25,,,,,,0.07,0.35,0.04,
2015-08-20,0.15,0.0,0.25,,,,,,0.08,0.31,0.04,
2015-08-21,0.15,0.0,0.25,,,,,,0.06,0.31,0.04,
2015-08-24,0.15,0.0,0.25,,,,,,0.05,0.31,0.04,
2015-08-25,0.15,0.0,0.25,,,,,,0.07,0.31,0.04,
2015-08-26,0.14,0.0,0.25,,,,,,0.08,0.31,0.03,
2015-08-27,0.14,0.0,0.25,,,,,,0.08,0.31,0.04,
2015-08-28,0.14,0.0,0.25,,,,,,0.06,0.31,0.04,
2015-08-31,0.08,0.0,0.25,,,,,,0.05,0.31,0.05,
2015-09-01,0.14,0.0,0.25,,,,,,0.06,0.31,0.04,
2015-09-02,0.14,0.0,0.25,,,,,,0.08,0.31,0.03,
2015-09-03,0.14,0.0,0.25,,,,,,0.08,0.31,0.03,
2015-09-04,0.14,0.0,0.25,,,,,,0.05,0.31,0.03,
2015-09-08,0.14,0.0,0.25,,,,,,0.05,0.31,0.03,
2015-09-09,0.14,0.0,0.25,,,,,,0.07,0.31,0.03,
2015-09-10,0.14,0.0,0.25,,,,,,0.06,0.31,0.03,
2015-09-11,0.14,0.0,0.25,,,,,,0.07,0.31,0.03,
2015-09-14,0.14,0.0,0.25,,,,,,0.07,0.31,0.04,
2015-09-15,0.14,0.0,0.25,,,,,,0.08,0.31,0.03,
2015-09-16,0.14,0.0,0.25,,,,,,0.07,0.38,0.04,
2015-09-17,0.14,0.0,0.25,,,,,,0.07,0.31,0.03,
2015-09-18,0.14,0.0,0.25,,,,,,0.07,0.31,0.04,
2015-09-21,0.14,0.0,0.25,,,,,,0.05,0.35,0.04,
2015-09-22,0.14,0.0,0.25,,,,,,0.08,0.35,0.04,
2015-09-23,0.14,0.0,0.25,,,,,,0.05,0.35,0.04,
2015-09-24,0.14,0.0,0.25,,,,,,0.08,0.35,0.04,
2015-09-25,0.13,0.0,0.25,,,,,,0.06,0.35,0.04,
2015-09-28,0.13,0.0,0.25,,,,,,0.04,0.35,0.04,
2015-09-29,0.13,0.0,0.25,,,,,,0.07,0.35,0.04,
2015-09-30,0.07,0.0,0.25,,,,,,0.02,0.31,0.06,
2015-10-01,0.13,0.0,0.25,,,,,,0.04,0.35,0.04,
2015-10-02,0.13,0.0,0.25,,,,,,0.04,0.35,0.04,
2015-10-05,0.13,0.0,0.25,,,,,,0.07,0.35,0.04,
2015-10-06,0.13,0.0,0.25,,,,,,0.05,0.35,0.04,
2015-10-07,0.13,0.0,0.25,,,,,,0.1,0.35,0.04,
2015-10-08,0.13,0.0,0.25,,,,,,0.08,0.35,0.04,
2015-10-09,0.13,0.0,0.25,,,,,,0.06,0.35,0.04,
2015-10-13,0.13,0.0,0.25,,,,,,0.08,0.35,0.04,
2015-10-14,0.13,0.0,0.25,,,,,,0.1,0.35,0.04,
2015-10-15,0.13,0.0,0.25,,,,,,0.06,0.35,0.04,
2015-10-16,0.13,0.0,0.25,,,,,,0.02,0.35,0.04,
2015-10-19,0.13,0.0,0.25,,,,,,0.06,0.35,0.04,
2015-10-20,0.13,0.0,0.25,,,,,,0.06,0.35,0.04,
2015-10-21,0.13,0.0,0.25,,,,,,0.05,0.35,0.04,
2015-10-22,0.12,0.0,0.25,,,,,,0.06,0.35,0.04,
2015-10-23,0.12,0.0,0.25,,,,,,0.06,0.35,0.04,
2015-10-26,0.12,0.0,0.25,,,,,,0.06,0.35,0.04,
2015-10-27,0.12,0.0,0.25,,,,,,0.05,0.35,0.04,
2015-10-28,0.12,0.0,0.25,,,,,,0.06,0.35,0.04,
2015-10-29,0.12,0.0,0.25,,,,,,0.06,0.31,0.04,
2015-10-30,0.07,0.0,0.25,,,,,,0.03,0.31,0.05,
2015-11-02,0.12,0.0,0.25,,,,,,0.06,0.35,0.04,
2015-11-03,0.12,0.0,0.25,,,,,,0.07,0.35,0.05,
2015-11-04,0.12,0.0,0.25,,,,,,0.07,0.35,0.04,
2015-11-05,0.12,0.0,0.25,,,,,,0.07,0.35,0.04,
2015-11-06,0.12,0.0,0.25,,,,,,0.05,0.35,0.04,
2015-11-09,0.12,0.0,0.25,,,,,,0.05,0.35,0.04,
2015-11-10,0.12,0.0,0.25,,,,,,0.07,0.35,0.04,
2015-11-12,0.12,0.0,0.25,,,,,,0.05,0.35,0.04,
2015-11-13,0.12,0.0,0.25,,,,,,0.06,0.35,0.04,
2015-11-16,0.13,0.0,0.25,,,,,,0.06,0.35,0.05,
2015-11-17,0.13,0.0,0.25,,,,,,0.07,0.35,0.05,
2015-11-18,0.12,0.0,0.25,,,,,,0.05,0.35,0.05,
2015-11-19,0.12,0.0,0.25,,,,,,0.05,0.35,0.05,
2015-11-20,0.12,0.0,0.25,,,,,,0.07,0.35,0.04,
2015-11-23,0.12,0.0,0.25,,,,,,0.07,0.35,0.05,
2015-11-24,0.12,0.0,0.25,,,,,,0.05,0.35,0.05,
2015-11-25,0.12,0.0,0.25,,,,,,0.06,0.35,0.04,
2015-11-27,0.12,0.0,0.25,,,,,,0.02,0.35,0.05,
2015-11-30,0.08,0.0,0.25,,,,,,0.04,0.31,0.06,
2015-12-01,0.13,0.0,0.25,,,,,,0.07,0.35,0.05,
2015-12-02,0.13,0.0,0.25,,,,,,0.04,0.35,0.04,
2015-12-03,0.13,0.0,0.25,,,,,,0.06,0.35,0.04,
2015-12-04,0.13,0.0,0.25,,,,,,0.06,0.35,0.04,
2015-12-07,0.13,0.0,0.25,,,,,,0.06,0.35,0.04,
2015-12-08,0.13,0.0,0.25,,,,,,0.06,0.35,0.04,
2015-12-09,0.14,0.0,0.25,,,,,,0.06,0.38,0.04,
2015-12-10,0.14,0.0,0.25,,,,,,0.07,0.38,0.04,
2015-12-11,0.14,0.0,0.25,,,,,,0.07,0.38,0.04,
2015-12-14,0.15,0.0,0.25,,,,,,0.07,0.31,0.04,
2015-12-15,0.15,0.0,0.25,,,,,,0.09,0.31,0.04,
2015-12-16,0.15,0.0,0.25,,,,,,0.08,0.55,0.04,
2015-12-17,0.37,0.25,0.5,,,,,,0.25,0.59,0.05,
2015-12-18,0.37,0.25,0.5,,,,,,0.28,0.56,0.05,
2015-12-21,0.36,0.25,0.5,,,,,,0.25,0.56,0.05,
2015-12-22,0.36,0.25,0.5,,,,,,0.28,0.63,0.05,
2015-12-23,0.36,0.25,0.5,,,,,,0.2,0.63,0.05,
2015-12-24,0.36,0.25,0.5,,,,,,0.27,0.88,0.05,
2015-12-28,0.36,0.25,0.5,,,,,,0.3,0.63,0.05,
2015-12-29,0.36,0.25,0.5,,,,,,0.28,0.68,0.07,
2015-12-30,0.35,0.25,0.5,,,,,,0.28,0.63,0.05,
2015-12-31,0.2,0.25,0.5,,,,,,0.08,0.63,0.1,
2016-01-04,0.36,0.25,0.5,,,,,,0.28,0.63,0.05,
2016-01-05,0.36,0.25,0.5,,,,,,0.3,0.63,0.05,
2016-01-06,0.36,0.25,0.5,,,,,,0.19,0.63,0.05,
2016-01-07,0.36,0.25,0.5,,,,,,0.22,0.63,0.04,
2016-01-08,0.36,0.25,0.5,,,,,,0.25,0.63,0.04,
2016-01-11,0.36,0.25,0.5,,,,,,0.22,0.56,0.05,
2016-01-12,0.36,0.25,0.5,,,,,,0.32,0.56,0.04,
2016-01-13,0.36,0.25,0.5,,,,,,0.3,0.6,0.04,
2016-01-14,0.36,0.25,0.5,,,,,,0.32,0.56,0.04,
2016-01-15,0.36,0.25,0.5,,,,,,0.32,0.56,0.04,
2016-01-19,0.36,0.25,0.5,,,,,,0.32,0.56,0.04,
2016-01-20,0.37,0.25,0.5,,,,,,0.32,0.63,0.04,
2016-01-21,0.37,0.25,0.5,,,,,,0.32,0.56,0.04,
2016-01-22,0.38,0.25,0.5,,,,,,0.32,0.56,0.05,
2016-01-25,0.38,0.25,0.5,,,,,,0.33,0.56,0.04,
2016-01-26,0.38,0.25,0.5,,,,,,0.33,0.56,0.05,
2016-01-27,0.38,0.25,0.5,,,,,,0.33,0.56,0.04,
2016-01-28,0.38,0.25,0.5,,,,,,0.3,0.56,0.05,
2016-01-29,0.29,0.25,0.5,,,,,,0.25,0.56,0.07,
2016-02-01,0.38,0.25,0.5,,,,,,0.3,0.56,0.04,
2016-02-02,0.38,0.25,0.5,,,,,,0.34,0.56,0.04,
2016-02-03,0.38,0.25,0.5,,,,,,0.25,0.56,0.04,
2016-02-04,0.38,0.25,0.5,,,,,,0.25,0.56,0.04,
2016-02-05,0.38,0.25,0.5,,,,,,0.25,0.56,0.04,
2016-02-08,0.38,0.25,0.5,,,,,,0.25,0.56,0.04,
2016-02-09,0.38,0.25,0.5,,,,,,0.25,0.56,0.04,
2016-02-10,0.38,0.25,0.5,,,,,,0.25,0.56,0.04,
2016-02-11,0.38,0.25,0.5,,,,,,0.25,0.56,0.04,
2016-02-12,0.38,0.25,0.5,,,,,,0.25,0.56,0.04,
2016-02-16,0.38,0.25,0.5,,,,,,0.25,0.56,0.04,
2016-02-17,0.37,0.25,0.5,,,,,,0.25,0.63,0.04,
2016-02-18,0.38,0.25,0.5,,,,,,0.25,0.56,0.04,
2016-02-19,0.38,0.25,0.5,,,,,,0.3,0.56,0.04,
2016-02-22,0.38,0.25,0.5,,,,,,0.3,0.56,0.04,
2016-02-23,0.38,0.25,0.5,,,,,,0.3,0.56,0.04,
2016-02-24,0.38,0.25,0.5,,,,,,0.3,0.56,0.03,
2016-02-25,0.37,0.25,0.5,,,,,,0.3,0.56,0.03,
2016-02-26,0.37,0.25,0.5,,,,,,0.3,0.56,0.04,
2016-02-29,0.29,0.25,0.5,,,,,,0.25,0.56,0.05,
2016-03-01,0.36,0.25,0.5,0.34,0.36,0.37,0.5,76,,,,
2016-03-02,0.37,0.25,0.5,0.33,0.36,0.37,0.45,75,,,,
2016-03-03,0.37,0.25,0.5,0.34,0.36,0.37,0.5,75,,,,
2016-03-04,0.36,0.25,0.5,0.34,0.36,0.37,0.52,75,,,,
2016-03-07,0.36,0.25,0.5,0.34,0.36,0.37,0.5,72,,,,
2016-03-08,0.36,0.25,0.5,0.32,0.36,0.37,0.5,72,,,,
2016-03-09,0.36,0.25,0.5,0.34,0.36,0.37,0.52,75,,,,
2016-03-10,0.36,0.25,0.5,0.35,0.36,0.37,0.75,72,,,,
2016-03-11,0.36,0.25,0.5,0.35,0.36,0.37,0.5,68,,,,
2016-03-14,0.36,0.25,0.5,0.35,0.36,0.37,0.5,67,,,,
2016-03-15,0.37,0.25,0.5,0.35,0.36,0.37,0.5,67,,,,
2016-03-16,0.37,0.25,0.5,0.35,0.36,0.37,0.5,63,,,,
2016-03-17,0.37,0.25,0.5,0.36,0.36,0.37,0.5,63,,,,
2016-03-18,0.37,0.25,0.5,0.32,0.36,0.37,0.55,66,,,,
2016-03-21,0.37,0.25,0.5,0.35,0.36,0.37,0.56,61,,,,
2016-03-22,0.37,0.25,0.5,0.33,0.36,0.37,0.55,66,,,,
2016-03-23,0.37,0.25,0.5,0.32,0.36,0.37,0.55,65,,,,
2016-03-24,0.37,0.25,0.5,0.35,0.36,0.37,0.56,64,,,,
2016-03-25,0.37,0.25,0.5,0.3,0.36,0.37,0.56,68,,,,
2016-03-28,0.37,0.25,0.5,0.35,0.36,0.37,0.56,66,,,,
2016-03-29,0.37,0.25,0.5,0.3,0.36,0.37,0.55,69,,,,
2016-03-30,0.37,0.25,0.5,0.35,0.36,0.37,0.56,73,,,,
2016-03-31,0.25,0.25,0.5,0.2,0.25,0.26,0.56,50,,,,
2016-04-01,0.37,0.25,0.5,0.34,0.36,0.37,0.55,72,,,,
2016-04-04,0.37,0.25,0.5,0.35,0.36,0.37,0.55,74,,,,
2016-04-05,0.37,0.25,0.5,0.35,0.36,0.37,0.55,77,,,,
2016-04-06,0.37,0.25,0.5,0.35,0.36,0.37,0.55,76,,,,
2016-04-07,0.37,0.25,0.5,0.35,0.36,0.37,0.53,79,,,,
2016-04-08,0.37,0.25,0.5,0.33,0.36,0.37,0.53,74,,,,
2016-04-11,0.37,0.25,0.5,0.35,0.36,0.37,0.5,72,,,,
2016-04-12,0.37,0.25,0.5,0.35,0.36,0.37,0.5,74,,,,
2016-04-13,0.37,0.25,0.5,0.33,0.36,0.37,0.53,73,,,,
2016-04-14,0.37,0.25,0.5,0.35,0.37,0.37,0.56,71,,,,
2016-04-15,0.37,0.25,0.5,0.36,0.37,0.38,0.5,70,,,,
2016-04-18,0.37,0.25,0.5,0.36,0.37,0.37,0.56,69,,,,
2016-04-19,0.37,0.25,0.5,0.36,0.37,0.37,0.56,66,,,,
2016-04-20,0.37,0.25,0.5,0.33,0.37,0.37,0.56,62,,,,
2016-04-21,0.37,0.25,0.5,0.36,0.37,0.37,0.56,65,,,,
2016-04-22,0.37,0.25,0.5,0.36,0.37,0.37,0.56,59,,,,
2016-04-25,0.37,0.25,0.5,0.36,0.37,0.37,0.56,59,,,,
2016-04-26,0.37,0.25,0.5,0.35,0.37,0.37,0.56,54,,,,
2016-04-27,0.37,0.25,0.5,0.36,0.37,0.37,0.56,63,,,,
2016-04-28,0.37,0.25,0.5,0.36,0.37,0.38,0.56,62,,,,
2016-04-29,0.3,0.25,0.5,0.27,0.29,0.3,0.56,58,,,,
2016-05-02,0.37,0.25,0.5,0.33,0.37,0.37,0.56,59,,,,
2016-05-03,0.37,0.25,0.5,0.36,0.37,0.38,0.56,61,,,,
2016-05-04,0.37,0.25,0.5,0.36,0.37,0.38,0.56,62,,,,
2016-05-05,0.37,0.25,0.5,0.36,0.37,0.38,0.56,60,,,,
2016-05-06,0.37,0.25,0.5,0.36,0.37,0.38,0.56,64,,,,
2016-05-09,0.37,0.25,0.5,0.35,0.37,0.38,0.56,62,,,,
2016-05-10,0.37,0.25,0.5,0.36,0.37,0.38,0.53,63,,,,
2016-05-11,0.37,0.25,0.5,0.36,0.37,0.38,0.55,63,,,,
2016-05-12,0.37,0.25,0.5,0.36,0.37,0.38,0.55,61,,,,
2016-05-13,0.37,0.25,0.5,0.36,0.37,0.38,0.56,61,,,,
2016-05-16,0.37,0.25,0.5,0.36,0.37,0.38,0.56,61,,,,
2016-05-17,0.37,0.25,0.5,0.36,0.37,0.38,0.56,62,,,,
2016-05-18,0.37,0.25,0.5,0.36,0.37,0.38,0.55,59,,,,
2016-05-19,0.37,0.25,0.5,0.34,0.37,0.38,0.56,64,,,,
2016-05-20,0.37,0.25,0.5,0.36,0.37,0.38,0.56,70,,,,
2016-05-23,0.37,0.25,0.5,0.36,0.37,0.38,0.56,66,,,,
2016-05-24,0.37,0.25,0.5,0.36,0.37,0.38,0.56,65,,,,
2016-05-25,0.37,0.25,0.5,0.35,0.37,0.38,0.5,70,,,,
2016-05-26,0.37,0.25,0.5,0.36,0.37,0.38,0.56,68,,,,
2016-05-27,0.37,0.25,0.5,0.36,0.37,0.38,0.56,69,,,,
2016-05-31,0.29,0.25,0.5,0.26,0.28,0.3,0.56,58,,,,
2016-06-01,0.37,0.25,0.5,0.36,0.37,0.38,0.53,67,,,,
2016-06-02,0.37,0.25,0.5,0.36,0.37,0.38,0.53,70,,,,
2016-06-03,0.37,0.25,0.5,0.35,0.37,0.38,0.5,69,,,,
2016-06-06,0.37,0.25,0.5,0.36,0.37,0.38,0.54,70,,,,
2016-06-07,0.37,0.25,0.5,0.36,0.37,0.38,0.55,71,,,,
2016-06-08,0.37,0.25,0.5,0.36,0.37,0.38,0.54,75,,,,
2016-06-09,0.37,0.25,0.5,0.31,0.37,0.38,0.54,75,,,,
2016-06-10,0.37,0.25,0.5,0.36,0.37,0.38,0.52,72,,,,
2016-06-13,0.37,0.25,0.5,0.36,0.37,0.38,0.54,66,,,,
2016-06-14,0.37,0.25,0.5,0.36,0.37,0.38,0.55,68,,,,
2016-06-15,0.37,0.25,0.5,0.36,0.37,0.38,0.56,69,,,,
2016-06-16,0.38,0.25,0.5,0.36,0.37,0.38,0.56,72,,,,
2016-06-17,0.38,0.25,0.5,0.36,0.38,0.38,0.53,73,,,,
2016-06-20,0.38,0.25,0.5,0.36,0.38,0.39,0.56,70,,,,
2016-06-21,0.38,0.25,0.5,0.37,0.38,0.39,0.56,68,,,,
2016-06-22,0.38,0.25,0.5,0.36,0.38,0.39,0.56,71,,,,
2016-06-23,0.39,0.25,0.5,0.37,0.39,0.39,0.56,71,,,,
2016-06-24,0.4,0.25,0.5,0.38,0.4,0.42,0.56,70,,,,
2016-06-27,0.41,0.25,0.5,0.38,0.4,0.42,0.56,66,,,,
2016-06-28,0.41,0.25,0.5,0.39,0.4,0.42,0.56,66,,,,
2016-06-29,0.41,0.25,0.5,0.39,0.4,0.42,0.56,63,,,,
2016-06-30,0.3,0.25,0.5,0.25,0.29,0.32,0.56,46,,,,
2016-07-01,0.41,0.25,0.5,0.3,0.4,0.41,0.56,68,,,,
2016-07-05,0.4,0.25,0.5,0.38,0.4,0.41,0.75,72,,,,
2016-07-06,0.4,0.25,0.5,0.37,0.4,0.41,0.55,68,,,,
2016-07-07,0.4,0.25,0.5,0.37,0.4,0.41,0.56,68,,,,
2016-07-08,0.4,0.25,0.5,0.37,0.4,0.41,0.55,67,,,,
2016-07-11,0.4,0.25,0.5,0.38,0.4,0.41,0.56,65,,,,
2016-07-12,0.4,0.25,0.5,0.36,0.4,0.41,0.56,63,,,,
2016-07-13,0.4,0.25,0.5,0.38,0.4,0.41,0.51,64,,,,
2016-07-14,0.4,0.25,0.5,0.34,0.4,0.41,0.56,62,,,,
2016-07-15,0.4,0.25,0.5,0.33,0.4,0.41,0.5,71,,,,
2016-07-18,0.4,0.25,0.5,0.35,0.4,0.41,0.55,65,,,,
2016-07-19,0.4,0.25,0.5,0.34,0.4,0.41,0.5,74,,,,
2016-07-20,0.4,0.25,0.5,0.38,0.4,0.41,0.5,70,,,,
2016-07-21,0.4,0.25,0.5,0.35,0.4,0.41,0.56,72,,,,
2016-07-22,0.4,0.25,0.5,0.35,0.4,0.41,0.55,72,,,,
2016-07-25,0.4,0.25,0.5,0.35,0.4,0.41,0.56,70,,,,
2016-07-26,0.4,0.25,0.5,0.35,0.4,0.41,0.56,69,,,,
2016-07-27,0.4,0.25,0.5,0.33,0.4,0.41,0.56,64,,,,
2016-07-28,0.4,0.25,0.5,0.27,0.4,0.41,0.56,63,,,,
2016-07-29,0.3,0.25,0.5,0.2,0.3,0.31,0.56,62,,,,
2016-08-01,0.4,0.25,0.5,0.31,0.4,0.41,0.53,69,,,,
2016-08-02,0.4,0.25,0.5,0.32,0.4,0.41,0.5,63,,,,
2016-08-03,0.4,0.25,0.5,0.31,0.4,0.41,0.5,69,,,,
2016-08-04,0.4,0.25,0.5,0.27,0.4,0.41,0.5,70,,,,
2016-08-05,0.4,0.25,0.5,0.38,0.4,0.41,0.51,66,,,,
2016-08-08,0.4,0.25,0.5,0.36,0.4,0.41,0.53,67,,,,
2016-08-09,0.4,0.25,0.5,0.27,0.4,0.41,0.5,67,,,,
2016-08-10,0.4,0.25,0.5,0.3,0.4,0.41,0.5,61,,,,
2016-08-11,0.4,0.25,0.5,0.31,0.4,0.41,0.5,64,,,,
2016-08-12,0.4,0.25,0.5,0.3,0.4,0.41,0.5,63,,,,
2016-08-15,0.4,0.25,0.5,0.3,0.4,0.41,0.5,67,,,,
2016-08-16,0.4,0.25,0.5,0.27,0.4,0.41,0.5,64,,,,
2016-08-17,0.4,0.25,0.5,0.3,0.4,0.41,0.5,64,,,,
2016-08-18,0.4,0.25,0.5,0.3,0.4,0.41,0.5,64,,,,
2016-08-19,0.4,0.25,0.5,0.3,0.4,0.41,0.53,61,,,,
2016-08-22,0.4,0.25,0.5,0.36,0.4,0.41,0.56,60,,,,
2016-08-23,0.4,0.25,0.5,0.36,0.4,0.41,0.53,69,,,,
2016-08-24,0.4,0.25,0.5,0.31,0.4,0.41,0.55,64,,,,
2016-08-25,0.4,0.25,0.5,0.27,0.4,0.41,0.55,67,,,,
2016-08-26,0.4,0.25,0.5,0.27,0.4,0.41,0.5,74,,,,
2016-08-29,0.4,0.25,0.5,0.27,0.4,0.41,0.53,70,,,,
2016-08-30,0.4,0.25,0.5,0.27,0.4,0.41,0.55,67,,,,
2016-08-31,0.3,0.25,0.5,0.19,0.3,0.31,0.5,64,,,,
2016-09-01,0.4,0.25,0.5,0.31,0.4,0.41,0.5,63,,,,
2016-09-02,0.4,0.25,0.5,0.31,0.4,0.41,0.5,68,,,,
2016-09-06,0.4,0.25,0.5,0.31,0.4,0.41,0.5,65,,,,
2016-09-07,0.4,0.25,0.5,0.31,0.4,0.41,0.55,66,,,,
2016-09-08,0.4,0.25,0.5,0.31,0.4,0.41,0.5,68,,,,
2016-09-09,0.4,0.25,0.5,0.27,0.4,0.41,0.5,65,,,,
2016-09-12,0.4,0.25,0.5,0.31,0.4,0.41,0.55,63,,,,
2016-09-13,0.4,0.25,0.5,0.36,0.4,0.41,0.5,60,,,,
2016-09-14,0.4,0.25,0.5,0.36,0.4,0.41,0.5,59,,,,
2016-09-15,0.4,0.25,0.5,0.3,0.4,0.41,0.55,63,,,,
2016-09-16,0.4,0.25,0.5,0.36,0.4,0.41,0.5,60,,,,
2016-09-19,0.4,0.25,0.5,0.36,0.4,0.41,0.53,59,,,,
2016-09-20,0.4,0.25,0.5,0.36,0.4,0.41,0.53,57,,,,
2016-09-21,0.4,0.25,0.5,0.36,0.4,0.41,0.5,61,,,,
2016-09-22,0.4,0.25,0.5,0.36,0.4,0.41,0.53,62,,,,
2016-09-23,0.4,0.25,0.5,0.36,0.4,0.41,0.5,61,,,,
2016-09-26,0.4,0.25,0.5,0.36,0.4,0.41,0.5,63,,,,
2016-09-27,0.4,0.25,0.5,0.35,0.4,0.41,0.5,64,,,,
2016-09-28,0.4,0.25,0.5,0.26,0.4,0.41,0.5,70,,,,
2016-09-29,0.4,0.25,0.5,0.36,0.4,0.41,0.5,67,,,,
2016-09-30,0.29,0.25,0.5,0.26,0.28,0.3,0.5,58,,,,
2016-10-03,0.4,0.25,0.5,0.26,0.4,0.41,0.5,66,,,,
2016-10-04,0.4,0.25,0.5,0.26,0.4,0.41,0.5,61,,,,
2016-10-05,0.4,0.25,0.5,0.26,0.4,0.41,0.5,63,,,,
2016-10-06,0.4,0.25,0.5,0.26,0.4,0.41,0.5,65,,,,
2016-10-07,0.4,0.25,0.5,0.26,0.4,0.41,0.5,66,,,,
2016-10-11,0.41,0.25,0.5,0.3,0.4,0.41,0.55,63,,,,
2016-10-12,0.41,0.25,0.5,0.26,0.4,0.41,0.5,70,,,,
2016-10-13,0.41,0.25,0.5,0.26,0.4,0.41,0.5,67,,,,
2016-10-14,0.41,0.25,0.5,0.36,0.4,0.41,0.5,66,,,,
2016-10-17,0.41,0.25,0.5,0.26,0.4,0.41,0.5,62,,,,
2016-10-18,0.41,0.25,0.5,0.26,0.4,0.41,0.5,67,,,,
2016-10-19,0.41,0.25,0.5,0.26,0.4,0.41,0.5,66,,,,
2016-10-20,0.41,0.25,0.5,0.26,0.4,0.41,0.5,70,,,,
2016-10-21,0.41,0.25,0.5,0.26,0.4,0.41,0.55,70,,,,
2016-10-24,0.41,0.25,0.5,0.26,0.4,0.41,0.55,65,,,,
2016-10-25,0.41,0.25,0.5,0.34,0.4,0.41,0.5,73,,,,
2016-10-26,0.41,0.25,0.5,0.26,0.4,0.41,0.5,66,,,,
2016-10-27,0.41,0.25,0.5,0.26,0.4,0.41,0.5,65,,,,
2016-10-28,0.41,0.25,0.5,0.3,0.4,0.41,0.5,67,,,,
2016-10-31,0.31,0.25,0.5,0.25,0.3,0.32,0.5,61,,,,
2016-11-01,0.41,0.25,0.5,0.3,0.4,0.41,0.5,63,,,,
2016-11-02,0.41,0.25,0.5,0.3,0.4,0.41,0.5,67,,,,
2016-11-03,0.41,0.25,0.5,0.36,0.4,0.41,0.5,63,,,,
2016-11-04,0.41,0.25,0.5,0.3,0.4,0.41,0.5,65,,,,
2016-11-07,0.41,0.25,0.5,0.36,0.4,0.41,0.5,62,,,,
2016-11-08,0.41,0.25,0.5,0.36,0.4,0.41,0.5,61,,,,
2016-11-09,0.41,0.25,0.5,0.3,0.4,0.41,0.5,65,,,,
2016-11-10,0.41,0.25,0.5,0.36,0.4,0.41,0.5,64,,,,
2016-11-14,0.41,0.25,0.5,0.36,0.4,0.41,0.5,59,,,,
2016-11-15,0.41,0.25,0.5,0.31,0.41,0.41,0.5,66,,,,
2016-11-16,0.41,0.25,0.5,0.36,0.41,0.41,0.5,70,,,,
2016-11-17,0.41,0.25,0.5,0.32,0.41,0.41,0.5,73,,,,
2016-11-18,0.41,0.25,0.5,0.3,0.41,0.41,0.52,72,,,,
2016-11-21,0.41,0.25,0.5,0.36,0.41,0.41,0.56,76,,,,
2016-11-22,0.41,0.25,0.5,0.3,0.41,0.41,0.53,77,,,,
2016-11-23,0.41,0.25,0.5,0.3,0.41,0.41,0.5,78,,,,
2016-11-25,0.41,0.25,0.5,0.3,0.41,0.41,0.5,76,,,,
2016-11-28,0.41,0.25,0.5,0.36,0.41,0.41,0.53,69,,,,
2016-11-29,0.41,0.25,0.5,0.3,0.41,0.41,0.5,75,,,,
2016-11-30,0.31,0.25,0.5,0.28,0.31,0.32,0.55,68,,,,
2016-12-01,0.41,0.25,0.5,0.25,0.41,0.41,0.5,81,,,,
2016-12-02,0.41,0.25,0.5,0.25,0.41,0.41,0.49,81,,,,
2016-12-05,0.41,0.25,0.5,0.3,0.41,0.41,0.5,77,,,,
2016-12-06,0.41,0.25,0.5,0.3,0.41,0.41,0.5,75,,,,
2016-12-07,0.41,0.25,0.5,0.3,0.41,0.41,0.5,76,,,,
2016-12-08,0.41,0.25,0.5,0.3,0.41,0.41,0.5,75,,,,
2016-12-09,0.41,0.25,0.5,0.3,0.41,0.41,0.5,68,,,,
2016-12-12,0.41,0.25,0.5,0.3,0.41,0.41,0.53,71,,,,
2016-12-13,0.41,0.25,0.5,0.34,0.41,0.41,0.5,73,,,,
2016-12-14,0.41,0.25,0.5,0.3,0.41,0.41,0.5,78,,,,
2016-12-15,0.66,0.5,0.75,0.41,0.66,0.66,0.75,74,,,,
2016-12-16,0.66,0.5,0.75,0.59,0.66,0.66,0.75,72,,,,
2016-12-19,0.66,0.5,0.75,0.6,0.66,0.66,0.8,69,,,,
2016-12-20,0.66,0.5,0.75,0.63,0.66,0.66,0.75,70,,,,
2016-12-21,0.66,0.5,0.75,0.63,0.66,0.66,0.78,73,,,,
2016-12-22,0.66,0.5,0.75,0.53,0.66,0.66,0.8,73,,,,
2016-12-23,0.66,0.5,0.75,0.63,0.66,0.66,0.8,73,,,,
2016-12-27,0.66,0.5,0.75,0.5,0.66,0.66,0.8,74,,,,
2016-12-28,0.66,0.5,0.75,0.54,0.66,0.67,0.81,74,,,,
2016-12-29,0.66,0.5,0.75,0.5,0.66,0.66,0.8,73,,,,
2016-12-30,0.55,0.5,0.75,0.5,0.52,0.55,0.82,48,,,,
2017-01-03,0.66,0.5,0.75,0.5,0.66,0.66,0.8,80,,,,
2017-01-04,0.66,0.5,0.75,0.5,0.66,0.66,0.75,79,,,,
2017-01-05,0.66,0.5,0.75,0.5,0.66,0.66,0.78,77,,,,
2017-01-06,0.66,0.5,0.75,0.5,0.66,0.66,0.8,79,,,,
2017-01-09,0.66,0.5,0.75,0.5,0.66,0.67,0.75,74,,,,
2017-01-10,0.66,0.5,0.75,0.5,0.66,0.67,0.8,77,,,,
2017-01-11,0.66,0.5,0.75,0.63,0.66,0.67,0.75,80,,,,
2017-01-12,0.66,0.5,0.75,0.5,0.66,0.67,0.75,84,,,,
2017-01-13,0.66,0.5,0.75,0.64,0.66,0.67,0.75,74,,,,
2017-01-17,0.66,0.5,0.75,0.64,0.66,0.68,0.8,68,,,,
2017-01-18,0.66,0.5,0.75,0.64,0.66,0.67,0.75,69,,,,
2017-01-19,0.66,0.5,0.75,0.63,0.66,0.68,0.8,68,,,,
2017-01-20,0.66,0.5,0.75,0.64,0.66,0.68,0.78,70,,,,
2017-01-23,0.66,0.5,0.75,0.64,0.66,0.68,0.81,64,,,,
2017-01-24,0.66,0.5,0.75,0.64,0.66,0.67,0.8,66,,,,
2017-01-25,0.66,0.5,0.75,0.64,0.66,0.68,0.78,72,,,,
2017-01-26,0.66,0.5,0.75,0.64,0.66,0.67,0.78,80,,,,
2017-01-27,0.66,0.5,0.75,0.64,0.66,0.67,0.78,77,,,,
2017-01-30,0.66,0.5,0.75,0.65,0.66,0.67,0.8,71,,,,
2017-01-31,0.56,0.5,0.75,0.55,0.56,0.57,0.8,74,,,,
2017-02-01,0.66,0.5,0.75,0.62,0.66,0.67,0.8,80,,,,
2017-02-02,0.66,0.5,0.75,0.63,0.66,0.67,0.8,82,,,,
2017-02-03,0.66,0.5,0.75,0.62,0.66,0.67,0.8,82,,,,
2017-02-06,0.66,0.5,0.75,0.62,0.66,0.67,0.8,82,,,,
2017-02-07,0.66,0.5,0.75,0.6,0.66,0.67,0.8,75,,,,
2017-02-08,0.66,0.5,0.75,0.64,0.66,0.67,0.8,80,,,,
2017-02-09,0.66,0.5,0.75,0.64,0.66,0.67,0.8,76,,,,
2017-02-10,0.66,0.5,0.75,0.64,0.66,0.67,0.8,78,,,,
2017-02-13,0.66,0.5,0.75,0.6,0.66,0.67,0.8,75,,,,
2017-02-14,0.66,0.5,0.75,0.64,0.66,0.67,0.8,73,,,,
2017-02-15,0.66,0.5,0.75,0.6,0.66,0.67,0.8,79,,,,
2017-02-16,0.66,0.5,0.75,0.63,0.66,0.67,0.8,81,,,,
2017-02-17,0.66,0.5,0.75,0.64,0.66,0.67,0.8,82,,,,
2017-02-21,0.66,0.5,0.75,0.6,0.66,0.67,0.8,74,,,,
2017-02-22,0.66,0.5,0.75,0.55,0.66,0.67,0.8,81,,,,
2017-02-23,0.66,0.5,0.75,0.55,0.66,0.67,0.8,88,,,,
2017-02-24,0.66,0.5,0.75,0.55,0.66,0.67,0.8,87,,,,
2017-02-27,0.66,0.5,0.75,0.6,0.66,0.67,0.78,85,,,,
2017-02-28,0.57,0.5,0.75,0.55,0.56,0.57,0.78,86,,,,
2017-03-01,0.66,0.5,0.75,0.6,0.66,0.67,0.75,84,,,,
2017-03-02,0.66,0.5,0.75,0.53,0.66,0.67,0.78,85,,,,
2017-03-03,0.66,0.5,0.75,0.6,0.66,0.67,0.75,88,,,,
2017-03-06,0.66,0.5,0.75,0.6,0.66,0.67,0.8,83,,,,
2017-03-07,0.66,0.5,0.75,0.62,0.66,0.67,0.75,83,,,,
2017-03-08,0.66,0.5,0.75,0.64,0.66,0.67,0.8,84,,,,
2017-03-09,0.66,0.5,0.75,0.64,0.66,0.67,0.8,86,,,,
2017-03-10,0.66,0.5,0.75,0.58,0.66,0.67,0.78,84,,,,
2017-03-13,0.66,0.5,0.75,0.55,0.66,0.67,0.75,83,,,,
2017-03-14,0.66,0.5,0.75,0.6,0.66,0.67,0.75,79,,,,
2017-03-15,0.66,0.5,0.75,0.55,0.66,0.67,0.8,88,,,,
2017-03-16,0.91,0.75,1.0,0.8,0.91,0.91,1.03,85,,,,
2017-03-17,0.91,0.75,1.0,0.8,0.91,0.91,1.03,83,,,,
2017-03-20,0.91,0.75,1.0,0.89,0.91,0.91,1.05,80,,,,
2017-03-21,0.91,0.75,1.0,0.8,0.91,0.91,1.03,83,,,,
2017-03-22,0.91,0.75,1.0,0.8,0.91,0.91,1.0,81,,,,
2017-03-23,0.91,0.75,1.0,0.85,0.91,0.91,1.03,80,,,,
2017-03-24,0.91,0.75,1.0,0.83,0.91,0.91,1.05,85,,,,
2017-03-27,0.91,0.75,1.0,0.89,0.91,0.91,1.03,84,,,,
2017-03-28,0.91,0.75,1.0,0.8,0.91,0.91,1.0,86,,,,
2017-03-29,0.91,0.75,1.0,0.89,0.91,0.91,1.0,84,,,,
2017-03-30,0.91,0.75,1.0,0.83,0.91,0.91,1.0,79,,,,
2017-03-31,0.82,0.75,1.0,0.75,0.8,0.82,1.0,74,,,,
2017-04-03,0.91,0.75,1.0,0.77,0.91,0.91,1.0,82,,,,
2017-04-04,0.91,0.75,1.0,0.8,0.91,0.91,0.97,81,,,,
2017-04-05,0.91,0.75,1.0,0.83,0.91,0.91,0.97,76,,,,
2017-04-06,0.91,0.75,1.0,0.85,0.91,0.91,1.0,79,,,,
2017-04-07,0.91,0.75,1.0,0.8,0.91,0.91,1.0,78,,,,
2017-04-10,0.91,0.75,1.0,0.8,0.91,0.92,1.0,74,,,,
2017-04-11,0.91,0.75,1.0,0.8,0.91,0.92,1.0,75,,,,
2017-04-12,0.91,0.75,1.0,0.8,0.91,0.92,1.0,78,,,,
2017-04-13,0.91,0.75,1.0,0.8,0.91,0.92,1.0,78,,,,
2017-04-14,0.91,0.75,1.0,0.8,0.91,0.91,1.0,80,,,,
2017-04-17,0.91,0.75,1.0,0.83,0.91,0.91,1.0,73,,,,
2017-04-18,0.91,0.75,1.0,0.89,0.91,0.92,1.0,68,,,,
2017-04-19,0.91,0.75,1.0,0.9,0.91,0.92,1.0,73,,,,
2017-04-20,0.91,0.75,1.0,0.9,0.91,0.92,1.0,76,,,,
2017-04-21,0.91,0.75,1.0,0.89,0.91,0.92,1.0,73,,,,
2017-04-24,0.91,0.75,1.0,0.9,0.91,0.92,1.05,69,,,,
2017-04-25,0.91,0.75,1.0,0.89,0.91,0.92,1.05,68,,,,
2017-04-26,0.91,0.75,1.0,0.89,0.91,0.92,1.0,74,,,,
2017-04-27,0.91,0.75,1.0,0.82,0.91,0.92,1.05,72,,,,
2017-04-28,0.83,0.75,1.0,0.8,0.82,0.84,1.06,65,,,,
2017-05-01,0.91,0.75,1.0,0.89,0.91,0.92,1.05,70,,,,
2017-05-02,0.91,0.75,1.0,0.9,0.91,0.92,1.03,71,,,,
2017-05-03,0.91,0.75,1.0,0.89,0.91,0.92,1.0,75,,,,
2017-05-04,0.91,0.75,1.0,0.9,0.91,0.92,1.03,74,,,,
2017-05-05,0.91,0.75,1.0,0.9,0.91,0.92,1.0,79,,,,
2017-05-08,0.91,0.75,1.0,0.89,0.91,0.92,1.0,78,,,,
2017-05-09,0.91,0.75,1.0,0.89,0.91,0.92,1.0,74,,,,
2017-05-10,0.91,0.75,1.0,0.89,0.91,0.92,1.0,73,,,,
2017-05-11,0.91,0.75,1.0,0.89,0.91,0.92,0.97,73,,,,
2017-05-12,0.91,0.75,1.0,0.89,0.91,0.92,0.97,78,,,,
2017-05-15,0.91,0.75,1.0,0.89,0.91,0.92,0.97,83,,,,
2017-05-16,0.91,0.75,1.0,0.85,0.91,0.92,1.0,79,,,,
2017-05-17,0.91,0.75,1.0,0.89,0.91,0.92,1.0,80,,,,
2017-05-18,0.91,0.75,1.0,0.9,0.91,0.92,1.0,73,,,,
2017-05-19,0.91,0.75,1.0,0.9,0.91,0.92,1.0,82,,,,
2017-05-22,0.91,0.75,1.0,0.9,0.91,0.92,1.05,80,,,,
2017-05-23,0.91,0.75,1.0,0.9,0.91,0.92,1.05,79,,,,
2017-05-24,0.91,0.75,1.0,0.9,0.91,0.92,1.0,79,,,,
2017-05-25,0.91,0.75,1.0,0.9,0.91,0.92,1.05,86,,,,
2017-05-26,0.91,0.75,1.0,0.9,0.91,0.92,1.0,85,,,,
2017-05-30,0.91,0.75,1.0,0.9,0.91,0.92,1.0,86,,,,
2017-05-31,0.83,0.75,1.0,0.81,0.82,0.83,1.05,79,,,,r
2017-06-01,0.91,0.75,1.0,0.8,0.91,0.92,1.05,84,,,,
2017-06-02,0.91,0.75,1.0,0.9,0.91,0.92,1.0,92,,,,
2017-06-05,0.91,0.75,1.0,0.9,0.91,0.92,1.05,88,,,,
2017-06-06,0.91,0.75,1.0,0.9,0.91,0.92,1.0,86,,,,
2017-06-07,0.91,0.75,1.0,0.9,0.91,0.92,1.0,86,,,,
2017-06-08,0.91,0.75,1.0,0.9,0.91,0.92,1.0,87,,,,
2017-06-09,0.91,0.75,1.0,0.9,0.91,0.92,1.0,84,,,,
2017-06-12,0.91,0.75,1.0,0.89,0.91,0.92,1.03,80,,,,
2017-06-13,0.91,0.75,1.0,0.9,0.91,0.92,1.05,79,,,,
2017-06-14,0.91,0.75,1.0,0.89,0.91,0.92,1.0,75,,,,
2017-06-15,1.16,1.0,1.25,1.15,1.16,1.17,1.22,73,,,,
2017-06-16,1.16,1.0,1.25,1.15,1.16,1.17,1.25,72,,,,
2017-06-19,1.16,1.0,1.25,1.15,1.16,1.17,1.25,74,,,,
2017-06-20,1.16,1.0,1.25,1.14,1.16,1.17,1.28,79,,,,
2017-06-21,1.16,1.0,1.25,1.15,1.16,1.17,1.28,79,,,,
2017-06-22,1.16,1.0,1.25,1.15,1.16,1.17,1.31,78,,,,
2017-06-23,1.16,1.0,1.25,1.15,1.16,1.17,1.31,83,,,,
2017-06-26,1.16,1.0,1.25,1.15,1.16,1.17,1.31,81,,,,
2017-06-27,1.16,1.0,1.25,1.15,1.16,1.17,1.31,82,,,,
2017-06-28,1.16,1.0,1.25,1.15,1.16,1.17,1.3,86,,,,
2017-06-29,1.16,1.0,1.25,1.15,1.16,1.17,1.3,88,,,,
2017-06-30,1.06,1.0,1.25,1.02,1.05,1.06,1.31,72,,,,
2017-07-03,1.16,1.0,1.25,1.14,1.16,1.17,1.31,85,,,,
2017-07-05,1.16,1.0,1.25,1.05,1.16,1.17,1.3,83,,,,
2017-07-06,1.16,1.0,1.25,1.15,1.16,1.17,1.3,82,,,,
2017-07-07,1.16,1.0,1.25,1.15,1.16,1.17,1.28,89,,,,
2017-07-10,1.16,1.0,1.25,1.15,1.16,1.17,1.3,89,,,,
2017-07-11,1.16,1.0,1.25,1.14,1.16,1.17,1.25,92,,,,
2017-07-12,1.16,1.0,1.25,1.15,1.16,1.17,1.25,92,,,,
2017-07-13,1.16,1.0,1.25,1.15,1.16,1.17,1.25,89,,,,
2017-07-14,1.16,1.0,1.25,1.14,1.16,1.17,1.25,91,,,,
2017-07-17,1.16,1.0,1.25,1.12,1.16,1.17,1.3,92,,,,
2017-07-18,1.16,1.0,1.25,1.12,1.16,1.17,1.25,87,,,,
2017-07-19,1.16,1.0,1.25,1.15,1.16,1.17,1.25,85,,,,
2017-07-20,1.16,1.0,1.25,1.15,1.16,1.17,1.3,88,,,,
2017-07-21,1.16,1.0,1.25,1.15,1.16,1.17,1.31,90,,,,
2017-07-24,1.16,1.0,1.25,1.15,1.16,1.17,1.3,88,,,,
2017-07-25,1.16,1.0,1.25,1.15,1.16,1.17,1.25,92,,,,
2017-07-26,1.16,1.0,1.25,1.14,1.16,1.17,1.28,89,,,,
2017-07-27,1.16,1.0,1.25,1.15,1.16,1.17,1.25,99,,,,
2017-07-28,1.16,1.0,1.25,1.14,1.16,1.17,1.25,100,,,,
2017-07-31,1.07,1.0,1.25,1.04,1.07,1.07,1.25,94,,,,
2017-08-01,1.16,1.0,1.25,1.1,1.16,1.17,1.22,100,,,,
2017-08-02,1.16,1.0,1.25,1.15,1.16,1.17,1.25,106,,,,
2017-08-03,1.16,1.0,1.25,1.15,1.16,1.17,1.25,106,,,,
2017-08-04,1.16,1.0,1.25,1.15,1.16,1.17,1.25,102,,,,
2017-08-07,1.16,1.0,1.25,1.14,1.16,1.17,1.25,102,,,,
2017-08-08,1.16,1.0,1.25,1.14,1.16,1.17,1.25,102,,,,
2017-08-09,1.16,1.0,1.25,1.15,1.16,1.17,1.25,96,,,,
2017-08-10,1.16,1.0,1.25,1.14,1.16,1.17,1.25,98,,,,
2017-08-11,1.16,1.0,1.25,1.1,1.16,1.17,1.25,97,,,,
2017-08-14,1.16,1.0,1.25,1.14,1.16,1.17,1.25,95,,,,
2017-08-15,1.16,1.0,1.25,1.14,1.16,1.17,1.25,93,,,,
2017-08-16,1.16,1.0,1.25,1.14,1.16,1.17,1.22,101,,,,
2017-08-17,1.16,1.0,1.25,1.15,1.16,1.17,1.25,95,,,,
2017-08-18,1.16,1.0,1.25,1.15,1.16,1.17,1.25,94,,,,
2017-08-21,1.16,1.0,1.25,1.14,1.16,1.17,1.25,92,,,,
2017-08-22,1.16,1.0,1.25,1.1,1.16,1.17,1.25,93,,,,
2017-08-23,1.16,1.0,1.25,1.14,1.16,1.17,1.25,93,,,,
2017-08-24,1.16,1.0,1.25,1.14,1.16,1.17,1.25,90,,,,
2017-08-25,1.16,1.0,1.25,1.14,1.16,1.17,1.25,97,,,,
2017-08-28,1.16,1.0,1.25,1.14,1.16,1.17,1.25,92,,,,
2017-08-29,1.16,1.0,1.25,1.1,1.16,1.17,1.25,92,,,,
2017-08-30,1.16,1.0,1.25,1.15,1.16,1.17,1.25,95,,,,
2017-08-31,1.07,1.0,1.25,1.05,1.07,1.08,1.28,91,,,,
2017-09-01,1.16,1.0,1.25,1.15,1.16,1.17,1.25,97,,,,
2017-09-05,1.16,1.0,1.25,1.14,1.16,1.17,1.25,93,,,,
2017-09-06,1.16,1.0,1.25,1.13,1.16,1.17,1.22,93,,,,
2017-09-07,1.16,1.0,1.25,1.15,1.16,1.17,1.25,89,,,,
2017-09-08,1.16,1.0,1.25,1.15,1.16,1.17,1.25,92,,,,
2017-09-11,1.16,1.0,1.25,1.15,1.16,1.17,1.25,90,,,,
2017-09-12,1.16,1.0,1.25,1.15,1.16,1.17,1.25,93,,,,
2017-09-13,1.16,1.0,1.25,1.13,1.16,1.17,1.22,95,,,,
2017-09-14,1.16,1.0,1.25,1.13,1.16,1.17,1.25,84,,,,
2017-09-15,1.16,1.0,1.25,1.1,1.16,1.17,1.25,92,,,,
2017-09-18,1.16,1.0,1.25,1.15,1.16,1.17,1.3,83,,,,
2017-09-19,1.16,1.0,1.25,1.15,1.16,1.17,1.25,81,,,,
2017-09-20,1.16,1.0,1.25,1.15,1.16,1.17,1.3,81,,,,
2017-09-21,1.16,1.0,1.25,1.15,1.16,1.17,1.3,83,,,,
2017-09-22,1.16,1.0,1.25,1.13,1.16,1.17,1.25,96,,,,
2017-09-25,1.16,1.0,1.25,1.15,1.16,1.17,1.25,96,,,,
2017-09-26,1.16,1.0,1.25,1.05,1.16,1.17,1.25,93,,,,
2017-09-27,1.16,1.0,1.25,1.13,1.16,1.17,1.25,98,,,,
2017-09-28,1.16,1.0,1.25,1.11,1.16,1.17,1.25,98,,,,
2017-09-29,1.06,1.0,1.25,1.03,1.05,1.07,1.3,84,,,,
2017-10-02,1.16,1.0,1.25,1.05,1.16,1.17,1.25,93,,,,
2017-10-03,1.16,1.0,1.25,1.14,1.16,1.17,1.25,91,,,,
2017-10-04,1.16,1.0,1.25,1.05,1.16,1.17,1.22,93,,,,
2017-10-05,1.16,1.0,1.25,1.11,1.16,1.17,1.25,94,,,,
2017-10-06,1.16,1.0,1.25,1.14,1.16,1.17,1.25,95,,,,
2017-10-10,1.16,1.0,1.25,1.15,1.16,1.17,1.25,91,,,,
2017-10-11,1.16,1.0,1.25,1.14,1.16,1.17,1.25,90,,,,
2017-10-12,1.16,1.0,1.25,1.15,1.16,1.17,1.25,87,,,,
2017-10-13,1.16,1.0,1.25,1.15,1.16,1.17,1.25,92,,,,
2017-10-16,1.16,1.0,1.25,1.15,1.16,1.17,1.28,91,,,,
2017-10-17,1.16,1.0,1.25,1.15,1.16,1.17,1.25,86,,,,
2017-10-18,1.16,1.0,1.25,1.15,1.16,1.17,1.25,87,,,,
2017-10-19,1.16,1.0,1.25,1.14,1.16,1.17,1.25,86,,,,
2017-10-20,1.16,1.0,1.25,1.15,1.16,1.17,1.25,86,,,,
2017-10-23,1.16,1.0,1.25,1.14,1.16,1.17,1.25,85,,,,
2017-10-24,1.16,1.0,1.25,1.15,1.16,1.17,1.25,90,,,,
2017-10-25,1.16,1.0,1.25,1.15,1.16,1.17,1.25,93,,,,
2017-10-26,1.16,1.0,1.25,1.15,1.16,1.17,1.25,97,,,,
2017-10-27,1.16,1.0,1.25,1.15,1.16,1.17,1.25,97,,,,
2017-10-30,1.16,1.0,1.25,1.15,1.16,1.17,1.25,92,,,,
2017-10-31,1.07,1.0,1.25,1.05,1.07,1.08,1.28,93,,,,
2017-11-01,1.16,1.0,1.25,1.12,1.16,1.17,1.25,99,,,,
2017-11-02,1.16,1.0,1.25,1.15,1.16,1.17,1.25,96,,,,
2017-11-03,1.16,1.0,1.25,1.14,1.16,1.17,1.25,98,,,,
2017-11-06,1.16,1.0,1.25,1.14,1.16,1.17,1.25,94,,,,
2017-11-07,1.16,1.0,1.25,1.14,1.16,1.17,1.25,98,,,,
2017-11-08,1.16,1.0,1.25,1.15,1.16,1.17,1.25,97,,,,
2017-11-09,1.16,1.0,1.25,1.14,1.16,1.17,1.22,97,,,,
2017-11-10,1.16,1.0,1.25,1.14,1.16,1.17,1.25,98,,,,
2017-11-13,1.16,1.0,1.25,1.14,1.16,1.17,1.25,93,,,,
2017-11-14,1.16,1.0,1.25,1.14,1.16,1.17,1.25,86,,,,
2017-11-15,1.16,1.0,1.25,1.14,1.16,1.17,1.28,89,,,,
2017-11-16,1.16,1.0,1.25,1.13,1.16,1.17,1.28,84,,,,
2017-11-17,1.16,1.0,1.25,1.14,1.16,1.17,1.3,84,,,,
2017-11-20,1.16,1.0,1.25,1.14,1.16,1.17,1.28,90,,,,
2017-11-21,1.16,1.0,1.25,1.05,1.16,1.17,1.28,90,,,,
2017-11-22,1.16,1.0,1.25,1.14,1.16,1.17,1.28,86,,,,
2017-11-24,1.16,1.0,1.25,1.13,1.16,1.17,1.3,84,,,,
2017-11-27,1.16,1.0,1.25,1.14,1.16,1.17,1.3,88,,,,
2017-11-28,1.16,1.0,1.25,1.14,1.16,1.17,1.3,87,,,,
2017-11-29,1.16,1.0,1.25,1.14,1.16,1.17,1.25,89,,,,
2017-11-30,1.07,1.0,1.25,1.05,1.07,1.08,1.3,81,,,,
2017-12-01,1.16,1.0,1.25,1.05,1.16,1.17,1.28,101,,,,
2017-12-04,1.16,1.0,1.25,1.15,1.16,1.17,1.25,94,,,,
2017-12-05,1.16,1.0,1.25,1.14,1.16,1.17,1.28,93,,,,
2017-12-06,1.16,1.0,1.25,1.15,1.16,1.17,1.3,90,,,,
2017-12-07,1.16,1.0,1.25,1.15,1.16,1.17,1.3,93,,,,
2017-12-08,1.16,1.0,1.25,1.1,1.16,1.17,1.25,94,,,,
2017-12-11,1.16,1.0,1.25,1.15,1.16,1.17,1.3,92,,,,
2017-12-12,1.17,1.0,1.25,1.15,1.16,1.17,1.3,94,,,,
2017-12-13,1.17,1.0,1.25,1.15,1.16,1.17,1.3,97,,,,
2017-12-14,1.41,1.25,1.5,1.39,1.41,1.42,1.5,85,,,,
2017-12-15,1.41,1.25,1.5,1.39,1.41,1.42,1.5,91,,,,
2017-12-18,1.42,1.25,1.5,1.39,1.41,1.42,1.55,84,,,,
2017-12-19,1.42,1.25,1.5,1.39,1.41,1.43,1.53,89,,,,
2017-12-20,1.42,1.25,1.5,1.35,1.41,1.42,1.55,91,,,,
2017-12-21,1.42,1.25,1.5,1.35,1.41,1.42,1.55,89,,,,
2017-12-22,1.42,1.25,1.5,1.35,1.41,1.42,1.5,89,,,,
2017-12-26,1.42,1.25,1.5,1.39,1.41,1.42,1.55,91,,,,
2017-12-27,1.42,1.25,1.5,1.4,1.41,1.42,1.55,95,,,,
2017-12-28,1.42,1.25,1.5,1.4,1.41,1.42,1.56,93,,,,
2017-12-29,1.33,1.25,1.5,1.28,1.3,1.33,1.56,62,,,,
2018-01-02,1.42,1.25,1.5,1.35,1.41,1.42,1.56,84,,,,
2018-01-03,1.42,1.25,1.5,1.4,1.41,1.42,1.53,93,,,,
2018-01-04,1.42,1.25,1.5,1.35,1.41,1.43,1.5,92,,,,
2018-01-05,1.42,1.25,1.5,1.3,1.41,1.43,1.5,98,,,,
2018-01-08,1.42,1.25,1.5,1.4,1.41,1.43,1.5,93,,,,
2018-01-09,1.42,1.25,1.5,1.4,1.41,1.43,1.5,94,,,,
2018-01-10,1.42,1.25,1.5,1.4,1.41,1.43,1.5,97,,,,
2018-01-11,1.42,1.25,1.5,1.4,1.41,1.43,1.5,95,,,,
2018-01-12,1.42,1.25,1.5,1.4,1.41,1.43,1.5,95,,,,
2018-01-16,1.42,1.25,1.5,1.4,1.41,1.43,1.5,88,,,,
2018-01-17,1.42,1.25,1.5,1.4,1.42,1.43,1.65,93,,,,
2018-01-18,1.42,1.25,1.5,1.4,1.42,1.43,1.5,86,,,,
2018-01-19,1.42,1.25,1.5,1.4,1.42,1.43,1.5,86,,,,
2018-01-22,1.42,1.25,1.5,1.4,1.42,1.43,1.55,87,,,,
2018-01-23,1.42,1.25,1.5,1.4,1.42,1.43,1.55,91,,,,
2018-01-24,1.42,1.25,1.5,1.4,1.42,1.44,1.55,90,,,,
2018-01-25,1.42,1.25,1.5,1.4,1.42,1.44,1.5,88,,,,
2018-01-26,1.42,1.25,1.5,1.4,1.42,1.44,1.5,90,,,,
2018-01-29,1.42,1.25,1.5,1.4,1.42,1.44,1.5,91,,,,
2018-01-30,1.42,1.25,1.5,1.4,1.42,1.43,1.48,102,,,,
2018-01-31,1.34,1.25,1.5,1.3,1.33,1.34,1.5,104,,,,
2018-02-01,1.42,1.25,1.5,1.4,1.42,1.43,1.5,109,,,,
2018-02-02,1.42,1.25,1.5,1.4,1.42,1.43,1.5,108,,,,
2018-02-05,1.42,1.25,1.5,1.4,1.42,1.43,1.5,103,,,,
2018-02-06,1.42,1.25,1.5,1.4,1.42,1.43,1.5,103,,,,
2018-02-07,1.42,1.25,1.5,1.4,1.42,1.43,1.5,104,,,,
2018-02-08,1.42,1.25,1.5,1.4,1.42,1.43,1.5,106,,,,
2018-02-09,1.42,1.25,1.5,1.4,1.42,1.43,1.5,107,,,,
2018-02-12,1.42,1.25,1.5,1.4,1.42,1.44,1.5,97,,,,
2018-02-13,1.42,1.25,1.5,1.4,1.42,1.43,1.5,99,,,,
2018-02-14,1.42,1.25,1.5,1.4,1.42,1.42,1.5,105,,,,
2018-02-15,1.42,1.25,1.5,1.4,1.42,1.42,1.5,101,,,,
2018-02-16,1.42,1.25,1.5,1.4,1.42,1.43,1.55,95,,,,
2018-02-20,1.42,1.25,1.5,1.4,1.42,1.43,1.55,84,,,,
2018-02-21,1.42,1.25,1.5,1.4,1.42,1.43,1.55,88,,,,
2018-02-22,1.42,1.25,1.5,1.4,1.42,1.43,1.5,98,,,,
2018-02-23,1.42,1.25,1.5,1.4,1.42,1.43,1.56,101,,,,
2018-02-26,1.42,1.25,1.5,1.4,1.42,1.43,1.55,97,,,,
2018-02-27,1.42,1.25,1.5,1.4,1.42,1.43,1.55,104,,,,
2018-02-28,1.35,1.25,1.5,1.3,1.34,1.35,1.53,104,,,,
2018-03-01,1.42,1.25,1.5,1.36,1.42,1.43,1.53,115,,,,
2018-03-02,1.42,1.25,1.5,1.4,1.42,1.43,1.5,114,,,,
2018-03-05,1.42,1.25,1.5,1.4,1.42,1.43,1.53,110,,,,
2018-03-06,1.42,1.25,1.5,1.39,1.42,1.43,1.55,112,,,,
2018-03-07,1.42,1.25,1.5,1.39,1.42,1.43,1.53,105,,,,
2018-03-08,1.42,1.25,1.5,1.4,1.42,1.43,1.55,106,,,,
2018-03-09,1.42,1.25,1.5,1.4,1.42,1.43,1.53,104,,,,
2018-03-12,1.42,1.25,1.5,1.4,1.42,1.44,1.55,100,,,,
2018-03-13,1.42,1.25,1.5,1.4,1.42,1.44,1.53,98,,,,
2018-03-14,1.42,1.25,1.5,1.4,1.42,1.44,1.5,103,,,,
2018-03-15,1.43,1.25,1.5,1.4,1.42,1.44,1.56,95,,,,
2018-03-16,1.43,1.25,1.5,1.4,1.42,1.44,1.62,104,,,,
2018-03-19,1.43,1.25,1.5,1.4,1.42,1.44,1.62,92,,,,
2018-03-20,1.44,1.25,1.5,1.4,1.43,1.47,1.62,91,,,,
2018-03-21,1.44,1.25,1.5,1.4,1.43,1.46,1.55,93,,,,
2018-03-22,1.68,1.5,1.75,1.65,1.68,1.69,1.81,78,,,,
2018-03-23,1.68,1.5,1.75,1.65,1.68,1.7,1.81,78,,,,
2018-03-26,1.68,1.5,1.75,1.65,1.68,1.69,1.81,83,,,,
2018-03-27,1.68,1.5,1.75,1.65,1.68,1.69,1.81,81,,,,
2018-03-28,1.68,1.5,1.75,1.65,1.68,1.69,1.81,87,,,,
2018-03-29,1.68,1.5,1.75,1.64,1.68,1.69,1.81,74,,,,
2018-03-30,1.67,1.5,1.75,1.64,1.67,1.68,1.81,88,,,,
2018-04-02,1.68,1.5,1.75,1.65,1.68,1.69,1.81,89,,,,
2018-04-03,1.69,1.5,1.75,1.65,1.68,1.69,1.8,90,,,,
2018-04-04,1.69,1.5,1.75,1.65,1.68,1.7,1.8,83,,,,
2018-04-05,1.69,1.5,1.75,1.65,1.68,1.7,1.81,88,,,,
2018-04-06,1.69,1.5,1.75,1.65,1.68,1.7,1.81,78,,,,
2018-04-09,1.69,1.5,1.75,1.66,1.68,1.7,1.81,78,,,,
2018-04-10,1.69,1.5,1.75,1.66,1.68,1.7,1.8,80,,,,
2018-04-11,1.69,1.5,1.75,1.66,1.68,1.7,1.8,74,,,,
2018-04-12,1.69,1.5,1.75,1.65,1.68,1.7,1.8,83,,,,
2018-04-13,1.69,1.5,1.75,1.66,1.68,1.7,1.81,74,,,,
2018-04-16,1.69,1.5,1.75,1.66,1.68,1.7,1.85,82,,,,
2018-04-17,1.69,1.5,1.75,1.66,1.69,1.71,1.82,66,,,,
2018-04-18,1.69,1.5,1.75,1.66,1.68,1.71,1.82,63,,,,
2018-04-19,1.69,1.5,1.75,1.66,1.69,1.71,1.81,75,,,,
2018-04-20,1.7,1.5,1.75,1.66,1.69,1.71,1.82,72,,,,
2018-04-23,1.7,1.5,1.75,1.66,1.69,1.71,1.85,67,,,,
2018-04-24,1.7,1.5,1.75,1.66,1.69,1.72,1.85,63,,,,
2018-04-25,1.7,1.5,1.75,1.66,1.69,1.72,1.85,71,,,,
2018-04-26,1.7,1.5,1.75,1.66,1.69,1.72,1.81,77,,,,
2018-04-27,1.7,1.5,1.75,1.66,1.69,1.71,1.81,77,,,,
2018-04-30,1.69,1.5,1.75,1.66,1.68,1.7,1.84,76,,,,
2018-05-01,1.7,1.5,1.75,1.66,1.69,1.7,1.81,81,,,,
2018-05-02,1.7,1.5,1.75,1.66,1.69,1.71,1.81,76,,,,
2018-05-03,1.7,1.5,1.75,1.66,1.69,1.71,1.81,82,,,,
2018-05-04,1.7,1.5,1.75,1.66,1.69,1.71,1.81,83,,,,
2018-05-07,1.7,1.5,1.75,1.66,1.69,1.72,1.81,85,,,,
2018-05-08,1.7,1.5,1.75,1.66,1.69,1.72,1.81,83,,,,
2018-05-09,1.7,1.5,1.75,1.66,1.69,1.72,1.81,89,,,,
2018-05-10,1.7,1.5,1.75,1.66,1.69,1.72,1.81,89,,,,
2018-05-11,1.7,1.5,1.75,1.66,1.69,1.72,1.81,88,,,,
2018-05-14,1.7,1.5,1.75,1.66,1.69,1.72,1.81,79,,,,
2018-05-15,1.7,1.5,1.75,1.66,1.69,1.72,1.81,83,,,,
2018-05-16,1.7,1.5,1.75,1.65,1.69,1.72,1.8,85,,,,
2018-05-17,1.7,1.5,1.75,1.66,1.69,1.72,1.81,80,,,,
2018-05-18,1.7,1.5,1.75,1.66,1.69,1.72,1.81,78,,,,
2018-05-21,1.7,1.5,1.75,1.66,1.7,1.72,1.87,80,,,,
2018-05-22,1.7,1.5,1.75,1.66,1.7,1.72,1.81,89,,,,
2018-05-23,1.7,1.5,1.75,1.66,1.69,1.71,1.83,92,,,,
2018-05-24,1.7,1.5,1.75,1.65,1.69,1.7,1.81,90,,,,
2018-05-25,1.7,1.5,1.75,1.65,1.69,1.71,1.81,92,,,,
2018-05-29,1.7,1.5,1.75,1.66,1.69,1.7,1.84,89,,,,
2018-05-30,1.7,1.5,1.75,1.65,1.69,1.71,1.83,83,,,,
2018-05-31,1.7,1.5,1.75,1.66,1.69,1.7,1.84,84,,,,
2018-06-01,1.7,1.5,1.75,1.66,1.69,1.7,1.81,94,,,,
2018-06-04,1.7,1.5,1.75,1.65,1.69,1.7,1.8,92,,,,
2018-06-05,1.7,1.5,1.75,1.66,1.69,1.7,1.8,90,,,,
2018-06-06,1.7,1.5,1.75,1.66,1.69,1.7,1.8,94,,,,
2018-06-07,1.7,1.5,1.75,1.65,1.69,1.7,1.8,87,,,,
2018-06-08,1.7,1.5,1.75,1.66,1.69,1.7,1.8,90,,,,
2018-06-11,1.7,1.5,1.75,1.66,1.69,1.71,1.81,75,,,,
2018-06-12,1.7,1.5,1.75,1.66,1.7,1.71,1.8,81,,,,
2018-06-13,1.7,1.5,1.75,1.66,1.69,1.71,1.8,80,,,,
2018-06-14,1.9,1.75,2.0,1.88,1.89,1.91,2.0,80,,,,
2018-06-15,1.9,1.75,2.0,1.88,1.9,1.91,2.01,69,,,,
2018-06-18,1.9,1.75,2.0,1.88,1.9,1.91,2.06,61,,,,
2018-06-19,1.91,1.75,2.0,1.88,1.9,1.93,2.06,59,,,,
2018-06-20,1.92,1.75,2.0,1.89,1.9,1.94,2.06,63,,,,
2018-06-21,1.92,1.75,2.0,1.88,1.91,1.94,2.06,81,,,,
2018-06-22,1.92,1.75,2.0,1.89,1.91,1.93,2.06,78,,,,
2018-06-25,1.92,1.75,2.0,1.9,1.91,1.92,2.06,76,,,,
2018-06-26,1.92,1.75,2.0,1.9,1.91,1.92,2.06,82,,,,
2018-06-27,1.91,1.75,2.0,1.9,1.91,1.92,2.06,83,,,,
2018-06-28,1.91,1.75,2.0,1.9,1.9,1.92,2.06,79,,,,
2018-06-29,1.91,1.75,2.0,1.88,1.9,1.91,2.06,79,,,,
2018-07-02,1.91,1.75,2.0,1.89,1.9,1.92,2.06,83,,,,
2018-07-03,1.91,1.75,2.0,1.88,1.9,1.91,2.06,88,,,,
2018-07-05,1.91,1.75,2.0,1.88,1.9,1.91,2.06,78,,,,
2018-07-06,1.91,1.75,2.0,1.88,1.9,1.91,2.05,80,,,,
2018-07-09,1.91,1.75,2.0,1.89,1.91,1.91,2.06,77,,,,
2018-07-10,1.91,1.75,2.0,1.89,1.91,1.91,2.06,80,,,,
2018-07-11,1.91,1.75,2.0,1.9,1.9,1.91,2.06,82,,,,
2018-07-12,1.91,1.75,2.0,1.88,1.9,1.91,2.06,84,,,,
2018-07-13,1.91,1.75,2.0,1.9,1.91,1.91,2.06,79,,,,
2018-07-16,1.91,1.75,2.0,1.9,1.91,1.92,2.05,80,,,,
2018-07-17,1.91,1.75,2.0,1.89,1.91,1.91,2.06,78,,,,
2018-07-18,1.91,1.75,2.0,1.9,1.91,1.92,2.0,78,,,,
2018-07-19,1.91,1.75,2.0,1.9,1.91,1.92,2.06,72,,,,
2018-07-20,1.91,1.75,2.0,1.9,1.9,1.92,2.06,77,,,,
2018-07-23,1.91,1.75,2.0,1.9,1.91,1.92,2.06,71,,,,
2018-07-24,1.91,1.75,2.0,1.9,1.91,1.92,2.06,74,,,,
2018-07-25,1.91,1.75,2.0,1.9,1.91,1.92,2.06,77,,,,
2018-07-26,1.91,1.75,2.0,1.9,1.91,1.92,2.06,74,,,,
2018-07-27,1.91,1.75,2.0,1.9,1.9,1.92,2.06,79,,,,
2018-07-30,1.91,1.75,2.0,1.9,1.91,1.91,2.06,74,,,,
2018-07-31,1.91,1.75,2.0,1.89,1.9,1.91,2.06,67,,,,
2018-08-01,1.91,1.75,2.0,1.9,1.9,1.91,2.06,77,,,,
2018-08-02,1.91,1.75,2.0,1.9,1.9,1.92,2.06,80,,,,
2018-08-03,1.91,1.75,2.0,1.9,1.9,1.91,2.06,83,,,,
2018-08-06,1.91,1.75,2.0,1.9,1.91,1.92,2.01,76,,,,
2018-08-07,1.91,1.75,2.0,1.9,1.91,1.92,2.06,68,,,,
2018-08-08,1.91,1.75,2.0,1.9,1.91,1.92,2.0,70,,,,
2018-08-09,1.91,1.75,2.0,1.9,1.91,1.92,2.06,73,,,,
2018-08-10,1.91,1.75,2.0,1.9,1.91,1.91,2.06,82,,,,
2018-08-13,1.91,1.75,2.0,1.9,1.91,1.92,2.06,73,,,,
2018-08-14,1.91,1.75,2.0,1.89,1.91,1.92,2.06,68,,,,
2018-08-15,1.91,1.75,2.0,1.9,1.91,1.92,2.0,66,,,,
2018-08-16,1.92,1.75,2.0,1.9,1.91,1.93,2.07,64,,,,
2018-08-17,1.92,1.75,2.0,1.9,1.91,1.93,2.07,55,,,,
2018-08-20,1.92,1.75,2.0,1.9,1.91,1.93,2.1,56,,,,
2018-08-21,1.92,1.75,2.0,1.9,1.91,1.93,2.06,59,,,,
2018-08-22,1.92,1.75,2.0,1.9,1.91,1.93,2.06,64,,,,
2018-08-23,1.92,1.75,2.0,1.89,1.91,1.93,2.06,68,,,,
2018-08-24,1.92,1.75,2.0,1.9,1.91,1.93,2.06,71,,,,
2018-08-27,1.92,1.75,2.0,1.9,1.91,1.93,2.06,69,,,,
2018-08-28,1.92,1.75,2.0,1.9,1.91,1.93,2.06,64,,,,
2018-08-29,1.92,1.75,2.0,1.9,1.91,1.93,2.0,65,,,,
2018-08-30,1.92,1.75,2.0,1.9,1.91,1.93,2.06,69,,,,
2018-08-31,1.91,1.75,2.0,1.88,1.91,1.93,2.06,78,,,,
2018-09-04,1.92,1.75,2.0,1.9,1.91,1.93,2.06,73,,,,
2018-09-05,1.92,1.75,2.0,1.9,1.91,1.93,2.06,78,,,,
2018-09-06,1.92,1.75,2.0,1.9,1.91,1.93,2.06,76,,,,
2018-09-07,1.92,1.75,2.0,1.9,1.91,1.92,2.06,78,,,,
2018-09-10,1.92,1.75,2.0,1.9,1.91,1.93,2.06,74,,,,
2018-09-11,1.92,1.75,2.0,1.89,1.91,1.93,2.06,75,,,,
2018-09-12,1.92,1.75,2.0,1.9,1.91,1.93,2.06,75,,,,
2018-09-13,1.92,1.75,2.0,1.9,1.91,1.92,2.06,76,,,,
2018-09-14,1.92,1.75,2.0,1.9,1.91,1.92,2.06,68,,,,
2018-09-17,1.92,1.75,2.0,1.9,1.91,1.93,2.09,62,,,,
2018-09-18,1.92,1.75,2.0,1.9,1.91,1.93,2.1,54,,,,
2018-09-19,1.92,1.75,2.0,1.9,1.91,1.93,2.1,60,,,,
2018-09-20,1.92,1.75,2.0,1.9,1.91,1.93,2.1,69,,,,
2018-09-21,1.92,1.75,2.0,1.89,1.92,1.93,2.1,69,,,,
2018-09-24,1.93,1.75,2.0,1.9,1.92,1.93,2.07,68,,,,
2018-09-25,1.93,1.75,2.0,1.9,1.92,1.93,2.1,67,,,,
2018-09-26,1.93,1.75,2.0,1.9,1.92,1.93,2.06,71,,,,
2018-09-27,2.18,2.0,2.25,1.93,2.17,2.18,2.35,76,,,,
2018-09-28,2.18,2.0,2.25,2.13,2.17,2.18,2.35,70,,,,
2018-10-01,2.18,2.0,2.25,2.15,2.17,2.18,2.35,55,,,,
2018-10-02,2.18,2.0,2.25,2.16,2.17,2.18,2.35,62,,,,
2018-10-03,2.18,2.0,2.25,2.16,2.17,2.19,2.35,67,,,,
2018-10-04,2.18,2.0,2.25,2.15,2.17,2.19,2.35,73,,,,
2018-10-05,2.18,2.0,2.25,2.16,2.17,2.19,2.35,64,,,,
2018-10-09,2.18,2.0,2.25,2.16,2.17,2.19,2.35,57,,,,
2018-10-10,2.18,2.0,2.25,2.16,2.17,2.19,2.35,64,,,,
2018-10-11,2.18,2.0,2.25,2.16,2.17,2.19,2.35,66,,,,
2018-10-12,2.18,2.0,2.25,2.16,2.17,2.19,2.35,69,,,,
2018-10-15,2.18,2.0,2.25,2.16,2.17,2.19,2.35,58,,,,
2018-10-16,2.18,2.0,2.25,2.16,2.17,2.19,2.35,59,,,,
2018-10-17,2.19,2.0,2.25,2.17,2.18,2.19,2.35,54,,,,
2018-10-18,2.19,2.0,2.25,2.15,2.18,2.19,2.35,54,,,,
2018-10-19,2.19,2.0,2.25,2.15,2.18,2.19,2.35,58,,,,
2018-10-22,2.19,2.0,2.25,2.17,2.18,2.19,2.35,54,,,,
2018-10-23,2.2,2.0,2.25,2.17,2.18,2.2,2.35,58,,,,
2018-10-24,2.2,2.0,2.25,2.17,2.18,2.2,2.35,60,,,,
2018-10-25,2.2,2.0,2.25,2.17,2.18,2.2,2.35,67,,,,
2018-10-26,2.2,2.0,2.25,2.17,2.19,2.2,2.35,64,,,,
2018-10-29,2.2,2.0,2.25,2.17,2.19,2.2,2.35,59,,,,
2018-10-30,2.2,2.0,2.25,2.15,2.19,2.2,2.35,60,,,,
2018-10-31,2.2,2.0,2.25,2.15,2.19,2.2,2.35,58,,,,
2018-11-01,2.2,2.0,2.25,2.16,2.19,2.2,2.35,68,,,,
2018-11-02,2.19,2.0,2.25,2.17,2.19,2.2,2.35,74,,,,
2018-11-05,2.2,2.0,2.25,2.16,2.19,2.2,2.35,70,,,,
2018-11-06,2.2,2.0,2.25,2.16,2.19,2.2,2.35,71,,,,
2018-11-07,2.2,2.0,2.25,2.16,2.19,2.2,2.35,67,,,,
2018-11-08,2.2,2.0,2.25,2.15,2.19,2.2,2.35,64,,,,
2018-11-09,2.19,2.0,2.25,2.17,2.19,2.2,2.35,66,,,,
2018-11-13,2.2,2.0,2.25,2.17,2.19,2.2,2.35,60,,,,
2018-11-14,2.2,2.0,2.25,2.17,2.19,2.2,2.35,62,,,,
2018-11-15,2.2,2.0,2.25,2.18,2.19,2.2,2.35,60,,,,
2018-11-16,2.2,2.0,2.25,2.17,2.19,2.2,2.35,69,,,,
2018-11-19,2.2,2.0,2.25,2.17,2.19,2.2,2.35,67,,,,
2018-11-20,2.2,2.0,2.25,2.17,2.19,2.2,2.35,61,,,,
2018-11-21,2.2,2.0,2.25,2.17,2.19,2.2,2.35,59,,,,
2018-11-23,2.2,2.0,2.25,2.16,2.19,2.2,2.35,65,,,,
2018-11-26,2.2,2.0,2.25,2.16,2.19,2.2,2.35,62,,,,
2018-11-27,2.2,2.0,2.25,2.16,2.19,2.2,2.35,57,,,,
2018-11-28,2.2,2.0,2.25,2.16,2.19,2.2,2.35,65,,,,
2018-11-29,2.2,2.0,2.25,2.17,2.19,2.2,2.35,69,,,,
2018-11-30,2.2,2.0,2.25,2.17,2.19,2.2,2.35,75,,,,
2018-12-03,2.19,2.0,2.25,2.17,2.19,2.2,2.35,83,,,,
2018-12-04,2.2,2.0,2.25,2.17,2.19,2.2,2.35,78,,,,
2018-12-05,2.2,2.0,2.25,2.17,2.19,2.2,2.35,66,,,,
2018-12-06,2.2,2.0,2.25,2.17,2.19,2.2,2.35,71,,,,
2018-12-07,2.19,2.0,2.25,2.17,2.19,2.2,2.35,73,,,,
2018-12-10,2.2,2.0,2.25,2.17,2.19,2.2,2.35,70,,,,
2018-12-11,2.19,2.0,2.25,2.17,2.19,2.2,2.35,72,,,,
2018-12-12,2.19,2.0,2.25,2.17,2.19,2.2,2.35,74,,,,
2018-12-13,2.19,2.0,2.25,2.17,2.19,2.2,2.35,70,,,,
2018-12-14,2.19,2.0,2.25,2.17,2.19,2.2,2.35,64,,,,
2018-12-17,2.2,2.0,2.25,2.17,2.19,2.2,2.35,66,,,,
2018-12-18,2.2,2.0,2.25,2.17,2.19,2.2,2.35,61,,,,
2018-12-19,2.2,2.0,2.25,2.16,2.19,2.21,2.35,72,,,,
2018-12-20,2.4,2.25,2.5,2.37,2.39,2.41,2.6,50,,,,
2018-12-21,2.4,2.25,2.5,2.37,2.39,2.41,2.6,69,,,,
2018-12-24,2.4,2.25,2.5,2.37,2.39,2.41,2.6,69,,,,
2018-12-26,2.4,2.25,2.5,2.37,2.4,2.41,2.6,67,,,,
2018-12-27,2.4,2.25,2.5,2.34,2.39,2.41,2.6,71,,,,
2018-12-28,2.4,2.25,2.5,2.35,2.39,2.41,2.6,67,,,,
2018-12-31,2.4,2.25,2.5,2.25,2.4,2.41,2.6,55,,,,
2019-01-02,2.4,2.25,2.5,2.36,2.4,2.41,2.6,56,,,,
2019-01-03,2.4,2.25,2.5,2.34,2.4,2.41,2.6,62,,,,
2019-01-04,2.4,2.25,2.5,2.37,2.4,2.41,2.6,68,,,,
2019-01-07,2.4,2.25,2.5,2.34,2.4,2.41,2.6,68,,,,
2019-01-08,2.4,2.25,2.5,2.35,2.4,2.41,2.6,70,,,,
2019-01-09,2.4,2.25,2.5,2.37,2.4,2.41,2.6,64,,,,
2019-01-10,2.4,2.25,2.5,2.37,2.4,2.41,2.6,65,,,,
2019-01-11,2.4,2.25,2.5,2.35,2.39,2.41,2.6,63,,,,
2019-01-14,2.4,2.25,2.5,2.37,2.4,2.41,2.6,59,,,,
2019-01-15,2.4,2.25,2.5,2.37,2.4,2.41,2.6,58,,,,
2019-01-16,2.4,2.25,2.5,2.36,2.4,2.41,2.6,63,,,,
2019-01-17,2.4,2.25,2.5,2.37,2.4,2.41,2.6,63,,,,
2019-01-18,2.4,2.25,2.5,2.35,2.4,2.41,2.6,58,,,,
2019-01-22,2.4,2.25,2.5,2.36,2.4,2.41,2.6,48,,,,
2019-01-23,2.4,2.25,2.5,2.36,2.4,2.41,2.6,55,,,,
2019-01-24,2.4,2.25,2.5,2.34,2.4,2.41,2.6,64,,,,
2019-01-25,2.4,2.25,2.5,2.37,2.39,2.41,2.6,69,,,,
2019-01-28,2.4,2.25,2.5,2.36,2.4,2.41,2.6,68,,,,
2019-01-29,2.4,2.25,2.5,2.36,2.4,2.41,2.6,60,,,,
2019-01-30,2.4,2.25,2.5,2.37,2.4,2.41,2.6,63,,,,
2019-01-31,2.4,2.25,2.5,2.36,2.4,2.41,2.6,66,,,,
2019-02-01,2.4,2.25,2.5,2.34,2.4,2.4,2.6,76,,,,
2019-02-04,2.4,2.25,2.5,2.34,2.39,2.4,2.6,82,,,,
2019-02-05,2.4,2.25,2.5,2.35,2.39,2.4,2.6,83,,,,
2019-02-06,2.4,2.25,2.5,2.37,2.39,2.4,2.6,83,,,,
2019-02-07,2.4,2.25,2.5,2.37,2.39,2.4,2.6,78,,,,
2019-02-08,2.4,2.25,2.5,2.37,2.39,2.4,2.6,77,,,,
2019-02-11,2.4,2.25,2.5,2.37,2.4,2.41,2.6,65,,,,
2019-02-12,2.4,2.25,2.5,2.36,2.4,2.41,2.6,65,,,,
2019-02-13,2.4,2.25,2.5,2.34,2.4,2.41,2.6,65,,,,
2019-02-14,2.4,2.25,2.5,2.37,2.4,2.4,2.6,68,,,,
2019-02-15,2.4,2.25,2.5,2.37,2.4,2.41,2.6,56,,,,
2019-02-19,2.4,2.25,2.5,2.37,2.4,2.41,2.6,61,,,,
2019-02-20,2.4,2.25,2.5,2.37,2.4,2.41,2.6,62,,,,
2019-02-21,2.4,2.25,2.5,2.37,2.4,2.41,2.6,74,,,,
2019-02-22,2.4,2.25,2.5,2.37,2.4,2.41,2.6,77,,,,
2019-02-25,2.4,2.25,2.5,2.37,2.4,2.41,2.6,72,,,,
2019-02-26,2.4,2.25,2.5,2.37,2.4,2.41,2.6,71,,,,
2019-02-27,2.4,2.25,2.5,2.37,2.4,2.41,2.6,80,,,,
2019-02-28,2.4,2.25,2.5,2.37,2.4,2.41,2.6,75,,,,
2019-03-01,2.4,2.25,2.5,2.34,2.39,2.41,2.6,93,,,,
2019-03-04,2.4,2.25,2.5,2.37,2.39,2.41,2.6,87,,,,
2019-03-05,2.4,2.25,2.5,2.37,2.39,2.41,2.6,88,,,,
2019-03-06,2.4,2.25,2.5,2.37,2.39,2.4,2.55,83,,,,
2019-03-07,2.4,2.25,2.5,2.37,2.4,2.41,2.6,79,,,,
2019-03-08,2.4,2.25,2.5,2.35,2.4,2.41,2.54,81,,,,
2019-03-11,2.4,2.25,2.5,2.37,2.4,2.4,2.55,79,,,,
2019-03-12,2.4,2.25,2.5,2.37,2.4,2.4,2.54,75,,,,
2019-03-13,2.4,2.25,2.5,2.37,2.4,2.4,2.55,74,,,,
2019-03-14,2.4,2.25,2.5,2.37,2.4,2.4,2.6,78,,,,
2019-03-15,2.4,2.25,2.5,2.37,2.4,2.41,2.6,69,,,,
2019-03-18,2.4,2.25,2.5,2.34,2.4,2.41,2.6,63,,,,
2019-03-19,2.4,2.25,2.5,2.37,2.4,2.41,2.6,61,,,,
2019-03-20,2.41,2.25,2.5,2.35,2.4,2.41,2.6,73,,,,
2019-03-21,2.41,2.25,2.5,2.37,2.4,2.41,2.6,69,,,,
2019-03-22,2.41,2.25,2.5,2.37,2.4,2.41,2.6,70,,,,
2019-03-25,2.4,2.25,2.5,2.37,2.4,2.41,2.6,78,,,,
2019-03-26,2.4,2.25,2.5,2.37,2.4,2.41,2.55,76,,,,
2019-03-27,2.41,2.25,2.5,2.37,2.4,2.41,2.6,72,,,,
2019-03-28,2.41,2.25,2.5,2.37,2.4,2.41,2.6,74,,,,
2019-03-29,2.43,2.25,2.5,2.35,2.41,2.43,2.6,71,,,,
2019-04-01,2.41,2.25,2.5,2.37,2.4,2.41,2.6,66,,,,
2019-04-02,2.41,2.25,2.5,2.35,2.4,2.41,2.6,78,,,,
2019-04-03,2.41,2.25,2.5,2.37,2.4,2.41,2.6,79,,,,
2019-04-04,2.41,2.25,2.5,2.37,2.4,2.41,2.6,79,,,,
2019-04-05,2.41,2.25,2.5,2.37,2.4,2.41,2.6,73,,,,
2019-04-08,2.41,2.25,2.5,2.37,2.4,2.42,2.55,72,,,,
2019-04-09,2.41,2.25,2.5,2.37,2.4,2.42,2.55,72,,,,
2019-04-10,2.41,2.25,2.5,2.37,2.4,2.42,2.55,72,,,,
2019-04-11,2.41,2.25,2.5,2.37,2.4,2.41,2.6,73,,,,
2019-04-12,2.41,2.25,2.5,2.37,2.4,2.41,2.55,67,,,,
2019-04-15,2.41,2.25,2.5,2.37,2.4,2.41,2.6,57,,,,
2019-04-16,2.41,2.25,2.5,2.37,2.4,2.42,2.6,55,,,,
2019-04-17,2.42,2.25,2.5,2.35,2.41,2.43,2.6,55,,,,
2019-04-18,2.43,2.25,2.5,2.37,2.42,2.43,2.6,58,,,,
2019-04-19,2.44,2.25,2.5,2.37,2.42,2.44,2.6,59,,,,
2019-04-22,2.44,2.25,2.5,2.37,2.42,2.45,2.6,54,,,,
2019-04-23,2.44,2.25,2.5,2.37,2.43,2.45,2.6,53,,,,
2019-04-24,2.44,2.25,2.5,2.37,2.43,2.45,2.6,59,,,,
2019-04-25,2.44,2.25,2.5,2.37,2.43,2.45,2.6,65,,,,
2019-04-26,2.44,2.25,2.5,2.37,2.43,2.45,2.6,73,,,,
2019-04-29,2.45,2.25,2.5,2.4,2.43,2.45,2.6,60,,,,
2019-04-30,2.45,2.25,2.5,2.35,2.43,2.45,2.6,68,,,,
2019-05-01,2.45,2.25,2.5,2.37,2.43,2.45,2.56,77,,,,
2019-05-02,2.41,2.25,2.5,2.33,2.4,2.41,2.55,69,,,,
2019-05-03,2.4,2.25,2.5,2.32,2.39,2.41,2.55,74,,,,
2019-05-06,2.4,2.25,2.5,2.3,2.38,2.41,2.55,69,,,,
2019-05-07,2.4,2.25,2.5,2.33,2.38,2.4,2.55,64,,,,
2019-05-08,2.39,2.25,2.5,2.33,2.37,2.4,2.55,70,,,,
2019-05-09,2.38,2.25,2.5,2.33,2.36,2.4,2.55,73,,,,
2019-05-10,2.38,2.25,2.5,2.33,2.36,2.4,2.53,71,,,,
2019-05-13,2.38,2.25,2.5,2.3,2.36,2.39,2.55,67,,,,
2019-05-14,2.38,2.25,2.5,2.33,2.36,2.39,2.53,64,,,,
2019-05-15,2.4,2.25,2.5,2.33,2.39,2.4,2.53,62,,,,
2019-05-16,2.39,2.25,2.5,2.33,2.38,2.4,2.55,61,,,,
2019-05-17,2.39,2.25,2.5,2.33,2.38,2.4,2.55,67,,,,
2019-05-20,2.39,2.25,2.5,2.33,2.38,2.39,2.55,56,,,,
2019-05-21,2.39,2.25,2.5,2.33,2.37,2.39,2.55,64,,,,
2019-05-22,2.38,2.25,2.5,2.33,2.37,2.39,2.55,67,,,,
2019-05-23,2.38,2.25,2.5,2.33,2.37,2.39,2.55,71,,,,
2019-05-24,2.38,2.25,2.5,2.33,2.37,2.39,2.55,66,,,,
2019-05-28,2.39,2.25,2.5,2.3,2.38,2.39,2.55,64,,,,
2019-05-29,2.39,2.25,2.5,2.27,2.38,2.39,2.55,58,,,,
2019-05-30,2.39,2.25,2.5,2.33,2.37,2.39,2.55,60,,,,
2019-05-31,2.4,2.25,2.5,2.3,2.38,2.4,2.58,65,,,,
2019-06-03,2.38,2.25,2.5,2.33,2.36,2.39,2.5,76,,,,
2019-06-04,2.38,2.25,2.5,2.3,2.35,2.39,2.5,71,,,,
2019-06-05,2.38,2.25,2.5,2.33,2.35,2.39,2.5,66,,,,
2019-06-06,2.37,2.25,2.5,2.33,2.35,2.38,2.48,71,,,,
2019-06-07,2.37,2.25,2.5,2.3,2.35,2.38,2.45,68,,,,
2019-06-10,2.37,2.25,2.5,2.33,2.36,2.38,2.46,62,,,,
2019-06-11,2.37,2.25,2.5,2.33,2.35,2.38,2.45,66,,,,
2019-06-12,2.37,2.25,2.5,2.3,2.35,2.38,2.45,69,,,,
2019-06-13,2.37,2.25,2.5,2.27,2.35,2.38,2.45,64,,,,
2019-06-14,2.36,2.25,2.5,2.3,2.35,2.37,2.45,63,,,,
2019-06-17,2.38,2.25,2.5,2.27,2.37,2.38,2.45,55,,,,
2019-06-18,2.37,2.25,2.5,2.33,2.37,2.38,2.45,59,,,,
2019-06-19,2.37,2.25,2.5,2.3,2.36,2.38,2.45,60,,,,
2019-06-20,2.37,2.25,2.5,2.33,2.36,2.38,2.45,61,,,,
2019-06-21,2.38,2.25,2.5,2.33,2.36,2.38,2.45,65,,,,
2019-06-24,2.38,2.25,2.5,2.33,2.37,2.38,2.45,63,,,,
2019-06-25,2.38,2.25,2.5,2.33,2.37,2.39,2.45,70,,,,
2019-06-26,2.38,2.25,2.5,2.33,2.35,2.39,2.45,70,,,,
2019-06-27,2.38,2.25,2.5,2.33,2.35,2.39,2.44,76,,,,
2019-06-28,2.4,2.25,2.5,2.27,2.38,2.4,2.43,73,,,,
2019-07-01,2.39,2.25,2.5,2.3,2.37,2.4,2.45,73,,,,
2019-07-02,2.4,2.25,2.5,2.32,2.4,2.4,2.44,71,,,,
2019-07-03,2.41,2.25,2.5,2.33,2.4,2.42,2.45,75,,,,
2019-07-05,2.42,2.25,2.5,2.31,2.4,2.43,2.45,72,,,,
2019-07-08,2.41,2.25,2.5,2.33,2.4,2.42,2.43,76,,,,
2019-07-09,2.41,2.25,2.5,2.33,2.39,2.42,2.43,75,,,,
2019-07-10,2.41,2.25,2.5,2.33,2.38,2.42,2.43,78,,,,
2019-07-11,2.4,2.25,2.5,2.3,2.37,2.41,2.44,77,,,,
2019-07-12,2.38,2.25,2.5,2.27,2.36,2.39,2.43,69,,,,
2019-07-15,2.4,2.25,2.5,2.33,2.39,2.4,2.43,63,,,,
2019-07-16,2.41,2.25,2.5,2.3,2.4,2.42,2.43,64,,,,
2019-07-17,2.41,2.25,2.5,2.3,2.4,2.42,2.43,62,,,,
2019-07-18,2.41,2.25,2.5,2.3,2.4,2.42,2.45,55,,,,
2019-07-19,2.41,2.25,2.5,2.3,2.39,2.41,2.43,58,,,,
2019-07-22,2.4,2.25,2.5,2.33,2.4,2.41,2.43,60,,,,
2019-07-23,2.4,2.25,2.5,2.3,2.39,2.41,2.43,60,,,,
2019-07-24,2.4,2.25,2.5,2.33,2.38,2.41,2.43,65,,,,
2019-07-25,2.4,2.25,2.5,2.32,2.38,2.41,2.43,69,,,,
2019-07-26,2.4,2.25,2.5,2.33,2.36,2.41,2.43,78,,,,
2019-07-29,2.4,2.25,2.5,2.33,2.37,2.41,2.43,77,,,,
2019-07-30,2.39,2.25,2.5,2.33,2.37,2.41,2.45,72,,,,
2019-07-31,2.4,2.25,2.5,2.3,2.37,2.41,2.43,70,,,,
2019-08-01,2.14,2.0,2.25,2.05,2.1,2.15,2.2,81,,,,
2019-08-02,2.14,2.0,2.25,2.08,2.1,2.15,2.18,74,,,,
2019-08-05,2.13,2.0,2.25,2.08,2.1,2.14,2.18,68,,,,
2019-08-06,2.13,2.0,2.25,2.08,2.1,2.14,2.18,65,,,,
2019-08-07,2.12,2.0,2.25,2.08,2.1,2.13,2.18,66,,,,
2019-08-08,2.12,2.0,2.25,2.08,2.1,2.13,2.18,62,,,,
2019-08-09,2.12,2.0,2.25,2.05,2.1,2.13,2.18,69,,,,
2019-08-12,2.12,2.0,2.25,2.07,2.1,2.13,2.18,68,,,,
2019-08-13,2.12,2.0,2.25,2.07,2.1,2.13,2.18,66,,,,
2019-08-14,2.12,2.0,2.25,2.07,2.1,2.13,2.18,60,,,,
2019-08-15,2.13,2.0,2.25,2.07,2.11,2.13,2.18,61,,,,
2019-08-16,2.13,2.0,2.25,2.05,2.11,2.14,2.18,62,,,,
2019-08-19,2.13,2.0,2.25,2.08,2.11,2.13,2.18,56,,,,
2019-08-20,2.13,2.0,2.25,2.08,2.11,2.14,2.18,55,,,,
2019-08-21,2.12,2.0,2.25,2.08,2.11,2.13,2.18,65,,,,
2019-08-22,2.12,2.0,2.25,2.07,2.11,2.13,2.18,65,,,,
2019-08-23,2.12,2.0,2.25,2.05,2.11,2.13,2.18,68,,,,
2019-08-26,2.12,2.0,2.25,2.05,2.11,2.13,2.18,64,,,,
2019-08-27,2.12,2.0,2.25,2.07,2.11,2.13,2.18,62,,,,
2019-08-28,2.12,2.0,2.25,2.05,2.1,2.13,2.18,62,,,,
2019-08-29,2.12,2.0,2.25,2.07,2.1,2.13,2.18,62,,,,
2019-08-30,2.13,2.0,2.25,2.01,2.11,2.13,2.18,66,,,,
2019-09-03,2.13,2.0,2.25,2.08,2.11,2.14,2.2,71,,,,
2019-09-04,2.13,2.0,2.25,2.08,2.11,2.14,2.18,72,,,,
2019-09-05,2.13,2.0,2.25,2.08,2.11,2.14,2.18,65,,,,
2019-09-06,2.12,2.0,2.25,2.07,2.11,2.14,2.16,69,,,,
2019-09-09,2.13,2.0,2.25,2.07,2.11,2.14,2.18,64,,,,
2019-09-10,2.13,2.0,2.25,2.08,2.11,2.14,2.17,63,,,,
2019-09-11,2.13,2.0,2.25,2.05,2.11,2.14,2.17,61,,,,
2019-09-12,2.13,2.0,2.25,2.08,2.12,2.14,2.16,60,,,,
2019-09-13,2.14,2.0,2.25,2.08,2.13,2.15,2.18,53,,,,
2019-09-16,2.25,2.0,2.25,2.1,2.16,2.45,3.0,46,,,,
2019-09-17,2.3,2.0,2.25,2.05,2.15,2.5,4.0,61,,,,
2019-09-18,2.25,2.0,2.25,2.08,2.18,2.25,2.5,58,,,,
2019-09-19,1.9,1.75,2.0,1.75,1.85,1.9,1.95,59,,,,
2019-09-20,1.9,1.75,2.0,1.78,1.85,1.9,1.95,65,,,,
2019-09-23,1.9,1.75,2.0,1.78,1.85,1.9,1.95,74,,,,
2019-09-24,1.9,1.75,2.0,1.78,1.85,1.92,1.95,71,,,,
2019-09-25,1.9,1.75,2.0,1.75,1.85,1.93,1.95,77,,,,
2019-09-26,1.85,1.75,2.0,1.75,1.8,1.89,1.94,89,,,,
2019-09-27,1.83,1.75,2.0,1.77,1.8,1.87,1.91,85,,,,
2019-09-30,1.9,1.75,2.0,1.78,1.9,1.95,2.0,59,,,,
2019-10-01,1.88,1.75,2.0,1.75,1.82,1.89,1.91,75,,,,
2019-10-02,1.85,1.75,2.0,1.75,1.8,1.88,1.92,76,,,,
2019-10-03,1.83,1.75,2.0,1.75,1.8,1.87,1.9,80,,,,
2019-10-04,1.82,1.75,2.0,1.76,1.8,1.85,1.9,80,,,,
2019-10-07,1.82,1.75,2.0,1.75,1.8,1.83,1.88,76,,,,
2019-10-08,1.82,1.75,2.0,1.75,1.8,1.83,1.89,69,,,,
2019-10-09,1.82,1.75,2.0,1.75,1.8,1.83,1.88,66,,,,
2019-10-10,1.82,1.75,2.0,1.75,1.8,1.83,1.9,61,,,,
2019-10-11,1.82,1.75,2.0,1.75,1.8,1.83,1.88,60,,,,
2019-10-15,1.9,1.75,2.0,1.78,1.85,1.9,1.95,69,,,,
2019-10-16,1.9,1.75,2.0,1.78,1.85,1.95,2.0,76,,,,
2019-10-17,1.85,1.75,2.0,1.78,1.85,1.88,1.9,66,,,,
2019-10-18,1.85,1.75,2.0,1.77,1.84,1.85,1.9,61,,,,
2019-10-21,1.85,1.75,2.0,1.78,1.83,1.85,1.89,60,,,,
2019-10-22,1.85,1.75,2.0,1.76,1.82,1.85,1.88,67,,,,
2019-10-23,1.85,1.75,2.0,1.75,1.81,1.85,1.9,65,,,,
2019-10-24,1.85,1.75,2.0,1.75,1.82,1.85,1.89,65,,,,
2019-10-25,1.83,1.75,2.0,1.75,1.81,1.84,1.89,73,,,,
2019-10-28,1.83,1.75,2.0,1.76,1.81,1.83,1.88,72,,,,
2019-10-29,1.82,1.75,2.0,1.75,1.8,1.83,1.88,72,,,,
2019-10-30,1.82,1.75,2.0,1.78,1.8,1.83,1.88,69,,,,
2019-10-31,1.58,1.5,1.75,1.5,1.57,1.6,1.68,71,,,,
2019-11-01,1.57,1.5,1.75,1.5,1.55,1.58,1.63,83,,,,
2019-11-04,1.56,1.5,1.75,1.51,1.55,1.57,1.61,83,,,,
2019-11-05,1.56,1.5,1.75,1.52,1.55,1.56,1.63,81,,,,
2019-11-06,1.55,1.5,1.75,1.5,1.54,1.56,1.63,80,,,,
2019-11-07,1.55,1.5,1.75,1.5,1.54,1.56,1.63,76,,,,
2019-11-08,1.55,1.5,1.75,1.52,1.55,1.56,1.62,71,,,,
2019-11-12,1.55,1.5,1.75,1.52,1.55,1.57,1.62,71,,,,
2019-11-13,1.55,1.5,1.75,1.5,1.54,1.56,1.62,71,,,,
2019-11-14,1.55,1.5,1.75,1.5,1.54,1.57,1.63,68,,,,
2019-11-15,1.55,1.5,1.75,1.5,1.54,1.56,1.62,73,,,,
2019-11-18,1.55,1.5,1.75,1.53,1.55,1.57,1.63,62,,,,
2019-11-19,1.55,1.5,1.75,1.53,1.55,1.57,1.64,64,,,,
2019-11-20,1.55,1.5,1.75,1.52,1.55,1.57,1.64,70,,,,
2019-11-21,1.55,1.5,1.75,1.53,1.55,1.57,1.64,67,,,,
2019-11-22,1.55,1.5,1.75,1.51,1.55,1.57,1.63,65,,,,
2019-11-25,1.55,1.5,1.75,1.52,1.54,1.56,1.65,69,,,,
2019-11-26,1.55,1.5,1.75,1.52,1.54,1.56,1.63,71,,,,
2019-11-27,1.55,1.5,1.75,1.52,1.54,1.56,1.63,68,,,,
2019-11-29,1.56,1.5,1.75,1.52,1.55,1.58,1.63,70,,,,
2019-12-02,1.56,1.5,1.75,1.53,1.55,1.57,1.63,72,,,,
2019-12-03,1.55,1.5,1.75,1.52,1.54,1.56,1.63,76,,,,
2019-12-04,1.55,1.5,1.75,1.5,1.54,1.56,1.63,75,,,,
2019-12-05,1.55,1.5,1.75,1.5,1.54,1.56,1.62,70,,,,
2019-12-06,1.55,1.5,1.75,1.51,1.54,1.56,1.61,82,,,,
2019-12-09,1.55,1.5,1.75,1.5,1.54,1.56,1.61,73,,,,
2019-12-10,1.55,1.5,1.75,1.5,1.54,1.56,1.6,75,,,,
2019-12-11,1.55,1.5,1.75,1.52,1.54,1.56,1.61,73,,,,
2019-12-12,1.55,1.5,1.75,1.5,1.54,1.56,1.6,75,,,,
2019-12-13,1.55,1.5,1.75,1.52,1.54,1.56,1.61,70,,,,
2019-12-16,1.56,1.5,1.75,1.52,1.55,1.6,1.61,69,,,,
2019-12-17,1.55,1.5,1.75,1.51,1.54,1.56,1.6,68,,,,
2019-12-18,1.55,1.5,1.75,1.5,1.54,1.56,1.61,74,,,,
2019-12-19,1.55,1.5,1.75,1.5,1.54,1.56,1.61,73,,,,
2019-12-20,1.55,1.5,1.75,1.5,1.54,1.56,1.61,69,,,,
2019-12-23,1.55,1.5,1.75,1.5,1.54,1.56,1.62,69,,,,
2019-12-24,1.55,1.5,1.75,1.5,1.54,1.56,1.61,71,,,,
2019-12-26,1.55,1.5,1.75,1.5,1.54,1.56,1.61,75,,,,
2019-12-27,1.55,1.5,1.75,1.5,1.54,1.56,1.6,73,,,,
2019-12-30,1.55,1.5,1.75,1.5,1.54,1.56,1.61,72,,,,
2019-12-31,1.55,1.5,1.75,1.0,1.53,1.58,1.65,51,,,,
2020-01-02,1.55,1.5,1.75,1.52,1.54,1.55,1.61,74,,,,
2020-01-03,1.55,1.5,1.75,1.5,1.54,1.55,1.61,79,,,,
2020-01-06,1.55,1.5,1.75,1.52,1.54,1.55,1.6,77,,,,
2020-01-07,1.55,1.5,1.75,1.51,1.54,1.55,1.6,80,,,,
2020-01-08,1.55,1.5,1.75,1.5,1.54,1.55,1.6,83,,,,
2020-01-09,1.55,1.5,1.75,1.52,1.54,1.55,1.6,81,,,,
2020-01-10,1.54,1.5,1.75,1.51,1.54,1.55,1.6,83,,,,
2020-01-13,1.54,1.5,1.75,1.51,1.54,1.55,1.6,85,,,,
2020-01-14,1.54,1.5,1.75,1.5,1.54,1.55,1.6,76,,,,
2020-01-15,1.54,1.5,1.75,1.52,1.54,1.55,1.6,76,,,,
2020-01-16,1.54,1.5,1.75,1.51,1.54,1.55,1.6,78,,,,
2020-01-17,1.55,1.5,1.75,1.52,1.54,1.56,1.61,67,,,,
2020-01-21,1.55,1.5,1.75,1.53,1.54,1.56,1.62,64,,,,
2020-01-22,1.55,1.5,1.75,1.52,1.54,1.56,1.63,69,,,,
2020-01-23,1.55,1.5,1.75,1.5,1.54,1.56,1.65,67,,,,
2020-01-24,1.55,1.5,1.75,1.52,1.54,1.56,1.61,70,,,,
2020-01-27,1.55,1.5,1.75,1.52,1.54,1.56,1.65,71,,,,
2020-01-28,1.55,1.5,1.75,1.52,1.54,1.56,1.63,69,,,,
2020-01-29,1.55,1.5,1.75,1.52,1.54,1.56,1.65,71,,,,
2020-01-30,1.6,1.5,1.75,1.57,1.59,1.61,1.68,64,,,,
2020-01-31,1.59,1.5,1.75,1.5,1.58,1.61,1.66,78,,,,
2020-02-03,1.59,1.5,1.75,1.55,1.58,1.6,1.66,79,,,,
2020-02-04,1.59,1.5,1.75,1.57,1.58,1.6,1.65,80,,,,
2020-02-05,1.59,1.5,1.75,1.57,1.58,1.59,1.65,83,,,,
2020-02-06,1.59,1.5,1.75,1.55,1.58,1.59,1.65,79,,,,
2020-02-07,1.58,1.5,1.75,1.55,1.58,1.59,1.65,77,,,,
2020-02-10,1.58,1.5,1.75,1.55,1.58,1.59,1.65,69,,,,
2020-02-11,1.58,1.5,1.75,1.57,1.58,1.6,1.65,66,,,,
2020-02-12,1.58,1.5,1.75,1.55,1.58,1.59,1.64,74,,,,
2020-02-13,1.58,1.5,1.75,1.57,1.58,1.6,1.64,69,,,,
2020-02-14,1.58,1.5,1.75,1.57,1.58,1.6,1.64,61,,,,
2020-02-18,1.59,1.5,1.75,1.57,1.58,1.6,1.65,61,,,,
2020-02-19,1.59,1.5,1.75,1.55,1.58,1.6,1.65,64,,,,
2020-02-20,1.59,1.5,1.75,1.57,1.58,1.6,1.65,60,,,,
2020-02-21,1.58,1.5,1.75,1.55,1.58,1.6,1.65,65,,,,
2020-02-24,1.58,1.5,1.75,1.55,1.58,1.6,1.65,63,,,,
2020-02-25,1.58,1.5,1.75,1.56,1.58,1.6,1.65,64,,,,
2020-02-26,1.58,1.5,1.75,1.55,1.58,1.6,1.65,62,,,,
2020-02-27,1.58,1.5,1.75,1.5,1.58,1.59,1.65,65,,,,
2020-02-28,1.58,1.5,1.75,1.5,1.58,1.6,1.65,61,,,,
2020-03-02,1.59,1.5,1.75,1.55,1.58,1.6,1.65,58,,,,
2020-03-03,1.59,1.5,1.75,1.55,1.58,1.6,1.65,58,,,,
2020-03-04,1.09,1.0,1.25,1.05,1.08,1.1,1.15,80,,,,
2020-03-05,1.09,1.0,1.25,1.0,1.08,1.1,1.15,78,,,,
2020-03-06,1.09,1.0,1.25,1.05,1.08,1.09,1.15,79,,,,
2020-03-09,1.09,1.0,1.25,1.07,1.08,1.1,1.15,77,,,,
2020-03-10,1.09,1.0,1.25,1.05,1.08,1.1,1.15,77,,,,
2020-03-11,1.09,1.0,1.25,1.07,1.08,1.1,1.15,80,,,,
2020-03-12,1.1,1.0,1.25,1.05,1.08,1.12,1.15,61,,,,
2020-03-13,1.1,1.0,1.25,0.95,1.08,1.12,1.3,65,,,,
2020-03-16,0.25,0.0,0.25,0.05,0.1,0.5,0.5,80,,,,
2020-03-17,0.25,0.0,0.25,0.05,0.1,0.35,0.55,85,,,,
2020-03-18,0.25,0.0,0.25,0.05,0.15,0.5,0.5,82,,,,
2020-03-19,0.2,0.0,0.25,0.05,0.09,0.3,0.5,103,,,,
2020-03-20,0.15,0.0,0.25,0.05,0.1,0.25,0.5,87,,,,
2020-03-23,0.15,0.0,0.25,0.05,0.1,0.25,0.5,82,,,,
2020-03-24,0.12,0.0,0.25,0.05,0.09,0.25,0.5,95,,,,
2020-03-25,0.1,0.0,0.25,0.05,0.08,0.2,0.5,102,,,,
2020-03-26,0.1,0.0,0.25,0.05,0.08,0.15,0.4,101,,,,
2020-03-27,0.1,0.0,0.25,0.05,0.07,0.1,0.35,94,,,,
2020-03-30,0.09,0.0,0.25,0.03,0.07,0.13,0.25,84,,,,
2020-03-31,0.08,0.0,0.25,0.01,0.05,0.15,0.25,78,,,,
2020-04-01,0.06,0.0,0.25,0.03,0.05,0.08,0.2,92,,,,
2020-04-02,0.05,0.0,0.25,0.03,0.05,0.08,0.19,90,,,,
2020-04-03,0.05,0.0,0.25,0.04,0.05,0.08,0.17,87,,,,
2020-04-06,0.05,0.0,0.25,0.03,0.05,0.06,0.16,84,,,,
2020-04-07,0.05,0.0,0.25,0.03,0.05,0.06,0.16,85,,,,
2020-04-08,0.05,0.0,0.25,0.04,0.05,0.05,0.16,85,,,,
2020-04-09,0.05,0.0,0.25,0.03,0.05,0.06,0.17,83,,,,
2020-04-10,0.05,0.0,0.25,0.03,0.05,0.05,0.17,88,,,,
2020-04-13,0.05,0.0,0.25,0.03,0.05,0.05,0.17,95,,,,
2020-04-14,0.05,0.0,0.25,0.03,0.05,0.05,0.17,92,,,,
2020-04-15,0.05,0.0,0.25,0.04,0.05,0.05,0.17,101,,,,
2020-04-16,0.05,0.0,0.25,0.04,0.05,0.05,0.15,99,,,,
2020-04-17,0.05,0.0,0.25,0.03,0.05,0.05,0.17,101,,,,
2020-04-20,0.05,0.0,0.25,0.03,0.05,0.05,0.17,106,,,,
2020-04-21,0.05,0.0,0.25,0.03,0.04,0.05,0.17,104,,,,
2020-04-22,0.05,0.0,0.25,0.03,0.04,0.05,0.17,107,,,,
2020-04-23,0.04,0.0,0.25,0.03,0.04,0.05,0.17,107,,,,
2020-04-24,0.05,0.0,0.25,0.03,0.04,0.05,0.17,99,,,,
2020-04-27,0.04,0.0,0.25,0.03,0.04,0.05,0.17,100,,,,
2020-04-28,0.04,0.0,0.25,0.03,0.04,0.05,0.17,97,,,,
2020-04-29,0.04,0.0,0.25,0.03,0.04,0.05,0.17,99,,,,
2020-04-30,0.05,0.0,0.25,0.03,0.04,0.05,0.16,92,,,,
2020-05-01,0.05,0.0,0.25,0.03,0.04,0.05,0.15,92,,,,
2020-05-04,0.05,0.0,0.25,0.03,0.05,0.05,0.15,90,,,,
2020-05-05,0.05,0.0,0.25,0.03,0.05,0.05,0.15,92,,,,
2020-05-06,0.05,0.0,0.25,0.04,0.05,0.05,0.15,90,,,,
2020-05-07,0.05,0.0,0.25,0.04,0.05,0.05,0.15,92,,,,
2020-05-08,0.05,0.0,0.25,0.04,0.05,0.05,0.15,85,,,,
2020-05-11,0.05,0.0,0.25,0.05,0.05,0.05,0.15,84,,,,
2020-05-12,0.05,0.0,0.25,0.05,0.05,0.05,0.15,88,,,,
2020-05-13,0.05,0.0,0.25,0.04,0.05,0.05,0.15,90,,,,
2020-05-14,0.05,0.0,0.25,0.04,0.05,0.05,0.15,92,,,,
2020-05-15,0.05,0.0,0.25,0.04,0.05,0.05,0.15,93,,,,
2020-05-18,0.05,0.0,0.25,0.04,0.05,0.05,0.15,87,,,,
2020-05-19,0.05,0.0,0.25,0.04,0.05,0.05,0.15,86,,,,
2020-05-20,0.05,0.0,0.25,0.04,0.05,0.05,0.15,86,,,,
2020-05-21,0.05,0.0,0.25,0.04,0.05,0.05,0.15,85,,,,
2020-05-22,0.05,0.0,0.25,0.04,0.05,0.06,0.15,78,,,,
2020-05-26,0.05,0.0,0.25,0.04,0.05,0.06,0.15,76,,,,
2020-05-27,0.05,0.0,0.25,0.04,0.05,0.05,0.14,79,,,,
2020-05-28,0.05,0.0,0.25,0.05,0.05,0.06,0.14,70,,,,
2020-05-29,0.05,0.0,0.25,0.05,0.05,0.06,0.14,65,,,,
2020-06-01,0.05,0.0,0.25,0.05,0.05,0.06,0.14,66,,,,
2020-06-02,0.06,0.0,0.25,0.05,0.06,0.06,0.14,68,,,,
2020-06-03,0.06,0.0,0.25,0.05,0.06,0.07,0.14,62,,,,
2020-06-04,0.06,0.0,0.25,0.05,0.06,0.07,0.14,61,,,,
2020-06-05,0.07,0.0,0.25,0.05,0.06,0.08,0.13,57,,,,
2020-06-08,0.07,0.0,0.25,0.05,0.07,0.08,0.13,60,,,,
2020-06-09,0.07,0.0,0.25,0.05,0.07,0.08,0.1,59,,,,
2020-06-10,0.08,0.0,0.25,0.03,0.07,0.09,0.1,53,,,,
2020-06-11,0.08,0.0,0.25,0.03,0.07,0.09,0.11,55,,,,
2020-06-12,0.08,0.0,0.25,0.02,0.07,0.09,0.11,52,,,,
2020-06-15,0.09,0.0,0.25,0.03,0.08,0.09,0.11,55,,,,
2020-06-16,0.09,0.0,0.25,0.04,0.08,0.09,0.12,57,,,,
2020-06-17,0.09,0.0,0.25,0.05,0.08,0.1,0.12,59,,,,
2020-06-18,0.09,0.0,0.25,0.04,0.08,0.09,0.11,65,,,,
2020-06-19,0.09,0.0,0.25,0.03,0.08,0.09,0.11,73,,,,
2020-06-22,0.08,0.0,0.25,0.03,0.08,0.09,0.11,76,,,,
2020-06-23,0.08,0.0,0.25,0.03,0.08,0.09,0.11,71,,,,
2020-06-24,0.08,0.0,0.25,0.03,0.08,0.09,0.11,74,,,,
2020-06-25,0.08,0.0,0.25,0.03,0.08,0.09,0.11,79,,,,
2020-06-26,0.08,0.0,0.25,0.03,0.08,0.09,0.11,78,,,,
2020-06-29,0.08,0.0,0.25,0.03,0.08,0.09,0.1,71,,,,
2020-06-30,0.08,0.0,0.25,0.02,0.08,0.09,0.11,58,,,,
2020-07-01,0.08,0.0,0.25,0.03,0.08,0.09,0.11,66,,,,
2020-07-02,0.09,0.0,0.25,0.03,0.08,0.09,0.1,65,,,,
2020-07-03,0.09,0.0,0.25,0.05,0.08,0.09,0.1,65,,,,
2020-07-06,0.09,0.0,0.25,0.05,0.08,0.1,0.11,62,,,,
2020-07-07,0.09,0.0,0.25,0.04,0.08,0.1,0.11,59,,,,
2020-07-08,0.09,0.0,0.25,0.03,0.08,0.09,0.11,59,,,,
2020-07-09,0.09,0.0,0.25,0.05,0.08,0.09,0.11,60,,,,
2020-07-10,0.09,0.0,0.25,0.04,0.08,0.09,0.11,56,,,,
2020-07-13,0.09,0.0,0.25,0.04,0.08,0.1,0.12,54,,,,
2020-07-14,0.09,0.0,0.25,0.05,0.08,0.1,0.11,54,,,,
2020-07-15,0.1,0.0,0.25,0.05,0.09,0.11,0.12,55,,,,
2020-07-16,0.1,0.0,0.25,0.05,0.09,0.1,0.11,55,,,,
2020-07-17,0.09,0.0,0.25,0.05,0.09,0.1,0.11,49,,,,
2020-07-20,0.1,0.0,0.25,0.05,0.09,0.1,0.11,43,,,,
2020-07-21,0.1,0.0,0.25,0.05,0.09,0.1,0.11,44,,,,
2020-07-22,0.09,0.0,0.25,0.05,0.09,0.1,0.11,47,,,,
2020-07-23,0.09,0.0,0.25,0.05,0.09,0.1,0.12,50,,,,
2020-07-24,0.09,0.0,0.25,0.05,0.09,0.1,0.11,45,,,,
2020-07-27,0.1,0.0,0.25,0.05,0.09,0.1,0.15,46,,,,
2020-07-28,0.1,0.0,0.25,0.05,0.09,0.1,0.11,47,,,,
2020-07-29,0.1,0.0,0.25,0.05,0.09,0.1,0.11,46,,,,
2020-07-30,0.1,0.0,0.25,0.06,0.09,0.1,0.12,56,,,,
2020-07-31,0.1,0.0,0.25,0.07,0.08,0.1,0.11,50,,,,
2020-08-03,0.1,0.0,0.25,0.05,0.09,0.1,0.11,51,,,,
2020-08-04,0.1,0.0,0.25,0.05,0.09,0.1,0.11,53,,,,
2020-08-05,0.1,0.0,0.25,0.05,0.09,0.1,0.12,53,,,,
2020-08-06,0.1,0.0,0.25,0.05,0.09,0.1,0.11,56,,,,
2020-08-07,0.1,0.0,0.25,0.05,0.09,0.1,0.11,54,,,,
2020-08-10,0.1,0.0,0.25,0.05,0.09,0.1,0.15,51,,,,
2020-08-11,0.1,0.0,0.25,0.05,0.09,0.1,0.12,54,,,,
2020-08-12,0.1,0.0,0.25,0.05,0.09,0.1,0.12,55,,,,
2020-08-13,0.1,0.0,0.25,0.05,0.09,0.1,0.11,56,,,,
2020-08-14,0.1,0.0,0.25,0.05,0.09,0.1,0.11,56,,,,
2020-08-17,0.1,0.0,0.25,0.05,0.09,0.1,0.11,57,,,,
2020-08-18,0.09,0.0,0.25,0.05,0.09,0.1,0.11,57,,,,
2020-08-19,0.09,0.0,0.25,0.05,0.09,0.1,0.11,58,,,,
2020-08-20,0.09,0.0,0.25,0.06,0.08,0.09,0.2,59,,,,
2020-08-21,0.09,0.0,0.25,0.06,0.08,0.09,0.11,59,,,,
2020-08-24,0.09,0.0,0.25,0.05,0.08,0.09,0.11,58,,,,
2020-08-25,0.09,0.0,0.25,0.06,0.08,0.09,0.11,66,,,,
2020-08-26,0.09,0.0,0.25,0.05,0.08,0.09,0.11,65,,,,
2020-08-27,0.08,0.0,0.25,0.07,0.08,0.09,0.11,69,,,,
2020-08-28,0.09,0.0,0.25,0.07,0.08,0.09,0.11,66,,,,
2020-08-31,0.09,0.0,0.25,0.03,0.08,0.09,0.12,63,,,,
2020-09-01,0.09,0.0,0.25,0.07,0.08,0.09,0.11,62,,,,
2020-09-02,0.09,0.0,0.25,0.07,0.08,0.09,0.11,63,,,,
2020-09-03,0.09,0.0,0.25,0.06,0.08,0.09,0.11,63,,,,
2020-09-04,0.09,0.0,0.25,0.07,0.08,0.09,0.11,59,,,,
2020-09-08,0.09,0.0,0.25,0.08,0.08,0.09,0.11,63,,,,
2020-09-09,0.09,0.0,0.25,0.07,0.08,0.09,0.11,59,,,,
2020-09-10,0.09,0.0,0.25,0.07,0.08,0.09,0.11,64,,,,
2020-09-11,0.09,0.0,0.25,0.06,0.08,0.1,0.11,52,,,,
2020-09-14,0.09,0.0,0.25,0.07,0.08,0.09,0.11,57,,,,
2020-09-15,0.09,0.0,0.25,0.07,0.09,0.09,0.11,55,,,,
2020-09-16,0.09,0.0,0.25,0.06,0.08,0.09,0.11,61,,,,
2020-09-17,0.09,0.0,0.25,0.06,0.08,0.09,0.11,73,,,,
2020-09-18,0.09,0.0,0.25,0.07,0.08,0.09,0.11,68,,,,
2020-09-21,0.09,0.0,0.25,0.07,0.08,0.09,0.11,64,,,,
2020-09-22,0.09,0.0,0.25,0.06,0.08,0.09,0.11,66,,,,
2020-09-23,0.09,0.0,0.25,0.05,0.08,0.09,0.11,70,,,,
2020-09-24,0.09,0.0,0.25,0.06,0.08,0.09,0.11,72,,,,
2020-09-25,0.09,0.0,0.25,0.07,0.08,0.09,0.11,68,,,,
2020-09-28,0.09,0.0,0.25,0.05,0.08,0.09,0.11,70,,,,
2020-09-29,0.09,0.0,0.25,0.06,0.08,0.09,0.12,64,,,,
2020-09-30,0.09,0.0,0.25,0.03,0.07,0.09,0.12,47,,,,
2020-10-01,0.09,0.0,0.25,0.07,0.08,0.09,0.11,61,,,,
2020-10-02,0.09,0.0,0.25,0.07,0.08,0.09,0.11,55,,,,
2020-10-05,0.09,0.0,0.25,0.07,0.08,0.09,0.11,57,,,,
2020-10-06,0.09,0.0,0.25,0.07,0.08,0.09,0.11,61,,,,
2020-10-07,0.09,0.0,0.25,0.07,0.08,0.09,0.1,58,,,,
2020-10-08,0.09,0.0,0.25,0.07,0.08,0.09,0.1,56,,,,
2020-10-09,0.09,0.0,0.25,0.05,0.08,0.09,0.1,52,,,,
2020-10-13,0.09,0.0,0.25,0.05,0.08,0.09,0.1,54,,,,
2020-10-14,0.09,0.0,0.25,0.06,0.08,0.09,0.1,54,,,,
2020-10-15,0.09,0.0,0.25,0.05,0.08,0.09,0.1,58,,,,
2020-10-16,0.09,0.0,0.25,0.05,0.08,0.09,0.11,59,,,,
2020-10-19,0.09,0.0,0.25,0.06,0.08,0.09,0.11,54,,,,
2020-10-20,0.09,0.0,0.25,0.05,0.08,0.09,0.1,54,,,,
2020-10-21,0.09,0.0,0.25,0.05,0.08,0.09,0.1,59,,,,
2020-10-22,0.09,0.0,0.25,0.05,0.08,0.09,0.1,61,,,,
2020-10-23,0.09,0.0,0.25,0.05,0.08,0.09,0.1,57,,,,
2020-10-26,0.09,0.0,0.25,0.05,0.08,0.09,0.1,58,,,,
2020-10-27,0.09,0.0,0.25,0.05,0.08,0.09,0.1,60,,,,
2020-10-28,0.09,0.0,0.25,0.05,0.08,0.09,0.1,59,,,,
2020-10-29,0.09,0.0,0.25,0.05,0.08,0.09,0.1,59,,,,
2020-10-30,0.09,0.0,0.25,0.04,0.08,0.09,0.11,56,,,,
2020-11-02,0.09,0.0,0.25,0.05,0.08,0.09,0.11,58,,,,
2020-11-03,0.09,0.0,0.25,0.05,0.08,0.09,0.1,64,,,,
2020-11-04,0.09,0.0,0.25,0.05,0.08,0.09,0.1,67,,,,
2020-11-05,0.09,0.0,0.25,0.05,0.08,0.09,0.1,65,,,,
2020-11-06,0.09,0.0,0.25,0.05,0.08,0.09,0.1,61,,,,
2020-11-09,0.09,0.0,0.25,0.05,0.08,0.09,0.11,57,,,,
2020-11-10,0.09,0.0,0.25,0.05,0.08,0.09,0.1,57,,,,
2020-11-12,0.09,0.0,0.25,0.06,0.08,0.09,0.1,57,,,,
2020-11-13,0.09,0.0,0.25,0.05,0.08,0.09,0.1,55,,,,
2020-11-16,0.09,0.0,0.25,0.05,0.08,0.09,0.1,58,,,,
2020-11-17,0.09,0.0,0.25,0.05,0.08,0.09,0.1,60,,,,
2020-11-18,0.09,0.0,0.25,0.05,0.08,0.09,0.1,60,,,,
2020-11-19,0.08,0.0,0.25,0.05,0.08,0.09,0.1,62,,,,
2020-11-20,0.08,0.0,0.25,0.05,0.08,0.09,0.11,64,,,,
2020-11-23,0.08,0.0,0.25,0.05,0.08,0.09,0.1,62,,,,
2020-11-24,0.08,0.0,0.25,0.05,0.08,0.09,0.1,62,,,,
2020-11-25,0.08,0.0,0.25,0.05,0.08,0.09,0.1,66,,,,
2020-11-27,0.08,0.0,0.25,0.05,0.08,0.09,0.1,61,,,,
2020-11-30,0.09,0.0,0.25,0.01,0.08,0.09,0.11,57,,,,
2020-12-01,0.09,0.0,0.25,0.05,0.08,0.09,0.1,56,,,,
2020-12-02,0.09,0.0,0.25,0.05,0.08,0.09,0.1,55,,,,
2020-12-03,0.09,0.0,0.25,0.05,0.08,0.09,0.11,60,,,,
2020-12-04,0.09,0.0,0.25,0.05,0.08,0.09,0.1,56,,,,
2020-12-07,0.09,0.0,0.25,0.05,0.08,0.09,0.1,57,,,,
2020-12-08,0.09,0.0,0.25,0.05,0.08,0.09,0.1,57,,,,
2020-12-09,0.09,0.0,0.25,0.05,0.08,0.09,0.1,57,,,,
2020-12-10,0.09,0.0,0.25,0.05,0.08,0.09,0.1,57,,,,
2020-12-11,0.09,0.0,0.25,0.05,0.08,0.09,0.1,51,,,,
2020-12-14,0.09,0.0,0.25,0.06,0.08,0.09,0.11,51,,,,
2020-12-15,0.09,0.0,0.25,0.06,0.08,0.09,0.1,50,,,,
2020-12-16,0.09,0.0,0.25,0.06,0.08,0.09,0.1,57,,,,
2020-12-17,0.09,0.0,0.25,0.05,0.08,0.09,0.1,58,,,,
2020-12-18,0.09,0.0,0.25,0.06,0.08,0.09,0.12,57,,,,
2020-12-21,0.09,0.0,0.25,0.06,0.08,0.09,0.11,66,,,,
2020-12-22,0.09,0.0,0.25,0.06,0.08,0.09,0.11,66,,,,
2020-12-23,0.09,0.0,0.25,0.05,0.08,0.09,0.1,70,,,,
2020-12-24,0.09,0.0,0.25,0.05,0.08,0.09,0.1,70,,,,
2020-12-28,0.09,0.0,0.25,0.05,0.08,0.09,0.1,73,,,,
2020-12-29,0.09,0.0,0.25,0.05,0.08,0.09,0.12,69,,,,
2020-12-30,0.09,0.0,0.25,0.06,0.08,0.09,0.1,62,,,,
2020-12-31,0.09,0.0,0.25,0.04,0.08,0.1,0.12,34,,,,
2021-01-04,0.09,0.0,0.25,0.03,0.08,0.09,0.1,57,,,,
2021-01-05,0.09,0.0,0.25,0.05,0.08,0.09,0.1,55,,,,
2021-01-06,0.09,0.0,0.25,0.05,0.08,0.09,0.1,56,,,,
2021-01-07,0.09,0.0,0.25,0.05,0.08,0.09,0.11,59,,,,
2021-01-08,0.09,0.0,0.25,0.04,0.08,0.09,0.11,55,,,,
2021-01-11,0.09,0.0,0.25,0.05,0.08,0.09,0.11,55,,,,
2021-01-12,0.09,0.0,0.25,0.04,0.08,0.09,0.11,61,,,,
2021-01-13,0.09,0.0,0.25,0.05,0.08,0.09,0.12,64,,,,
2021-01-14,0.09,0.0,0.25,0.05,0.08,0.09,0.11,64,,,,
2021-01-15,0.09,0.0,0.25,0.05,0.08,0.09,0.11,64,,,,
2021-01-19,0.09,0.0,0.25,0.05,0.08,0.09,0.12,61,,,,
2021-01-20,0.09,0.0,0.25,0.05,0.08,0.09,0.12,72,,,,
2021-01-21,0.08,0.0,0.25,0.05,0.08,0.09,0.12,74,,,,
2021-01-22,0.08,0.0,0.25,0.05,0.08,0.09,0.11,70,,,,
2021-01-25,0.08,0.0,0.25,0.05,0.08,0.09,0.11,74,,,,
2021-01-26,0.08,0.0,0.25,0.05,0.08,0.08,0.1,74,,,,
2021-01-27,0.08,0.0,0.25,0.04,0.07,0.08,0.11,71,,,,
2021-01-28,0.07,0.0,0.25,0.05,0.07,0.08,0.11,67,,,,
2021-01-29,0.07,0.0,0.25,0.03,0.07,0.08,0.11,62,,,,
2021-02-01,0.08,0.0,0.25,0.05,0.07,0.08,0.11,64,,,,
2021-02-02,0.08,0.0,0.25,0.05,0.08,0.08,0.11,67,,,,
2021-02-03,0.08,0.0,0.25,0.05,0.08,0.08,0.11,67,,,,
2021-02-04,0.08,0.0,0.25,0.05,0.08,0.08,0.11,69,,,,
2021-02-05,0.08,0.0,0.25,0.05,0.07,0.08,0.1,72,,,,
2021-02-08,0.07,0.0,0.25,0.05,0.07,0.08,0.1,72,,,,
2021-02-09,0.08,0.0,0.25,0.05,0.07,0.08,0.1,73,,,,
2021-02-10,0.08,0.0,0.25,0.05,0.07,0.08,0.1,68,,,,
2021-02-11,0.08,0.0,0.25,0.05,0.07,0.08,0.1,67,,,,
2021-02-12,0.08,0.0,0.25,0.05,0.07,0.08,0.11,63,,,,
2021-02-16,0.08,0.0,0.25,0.05,0.07,0.08,0.11,65,,,,
2021-02-17,0.08,0.0,0.25,0.05,0.07,0.08,0.1,66,,,,
2021-02-18,0.07,0.0,0.25,0.05,0.07,0.08,0.1,73,,,,
2021-02-19,0.07,0.0,0.25,0.05,0.07,0.08,0.1,71,,,,
2021-02-22,0.07,0.0,0.25,0.05,0.07,0.08,0.1,70,,,,
2021-02-23,0.07,0.0,0.25,0.05,0.07,0.08,0.1,70,,,,
2021-02-24,0.07,0.0,0.25,0.05,0.07,0.08,0.11,70,,,,
2021-02-25,0.07,0.0,0.25,0.05,0.07,0.08,0.1,77,,,,
2021-02-26,0.07,0.0,0.25,0.03,0.07,0.08,0.1,71,,,,
2021-03-01,0.07,0.0,0.25,0.05,0.07,0.08,0.1,68,,,,
2021-03-02,0.07,0.0,0.25,0.05,0.07,0.08,0.1,68,,,,
2021-03-03,0.07,0.0,0.25,0.05,0.07,0.08,0.1,68,,,,
2021-03-04,0.07,0.0,0.25,0.05,0.07,0.08,0.1,69,,,,
2021-03-05,0.07,0.0,0.25,0.05,0.07,0.08,0.1,69,,,,
2021-03-08,0.07,0.0,0.25,0.05,0.07,0.08,0.1,66,,,,
2021-03-09,0.07,0.0,0.25,0.05,0.07,0.08,0.1,69,,,,
2021-03-10,0.07,0.0,0.25,0.05,0.07,0.08,0.1,66,,,,
2021-03-11,0.07,0.0,0.25,0.04,0.07,0.08,0.1,67,,,,
2021-03-12,0.07,0.0,0.25,0.05,0.07,0.08,0.1,63,,,,
2021-03-15,0.07,0.0,0.25,0.05,0.07,0.08,0.1,70,,,,
2021-03-16,0.07,0.0,0.25,0.05,0.07,0.08,0.1,69,,,,
2021-03-17,0.07,0.0,0.25,0.05,0.07,0.08,0.1,72,,,,
2021-03-18,0.07,0.0,0.25,0.05,0.07,0.08,0.1,75,,,,
2021-03-19,0.07,0.0,0.25,0.05,0.07,0.08,0.1,72,,,,
2021-03-22,0.07,0.0,0.25,0.05,0.07,0.08,0.13,68,,,,
2021-03-23,0.07,0.0,0.25,0.05,0.07,0.08,0.1,71,,,,
2021-03-24,0.07,0.0,0.25,0.05,0.07,0.08,0.1,70,,,,
2021-03-25,0.07,0.0,0.25,0.05,0.07,0.08,0.1,79,,,,
2021-03-26,0.07,0.0,0.25,0.05,0.07,0.08,0.1,75,,,,
2021-03-29,0.07,0.0,0.25,0.05,0.07,0.08,0.1,74,,,,
2021-03-30,0.07,0.0,0.25,0.05,0.06,0.08,0.1,76,,,,
2021-03-31,0.06,0.0,0.25,0.02,0.05,0.07,0.1,56,,,,
2021-04-01,0.07,0.0,0.25,0.05,0.06,0.08,0.1,72,,,,
2021-04-02,0.07,0.0,0.25,0.05,0.06,0.08,0.1,72,,,,
2021-04-05,0.07,0.0,0.25,0.05,0.06,0.08,0.1,73,,,,
2021-04-06,0.07,0.0,0.25,0.05,0.06,0.08,0.1,74,,,,
2021-04-07,0.07,0.0,0.25,0.05,0.06,0.08,0.1,73,,,,
2021-04-08,0.07,0.0,0.25,0.04,0.06,0.08,0.1,75,,,,
2021-04-09,0.07,0.0,0.25,0.05,0.06,0.08,0.1,69,,,,
2021-04-12,0.07,0.0,0.25,0.05,0.06,0.08,0.1,68,,,,
2021-04-13,0.07,0.0,0.25,0.05,0.06,0.08,0.1,67,,,,
2021-04-14,0.07,0.0,0.25,0.05,0.06,0.08,0.1,68,,,,
2021-04-15,0.07,0.0,0.25,0.05,0.06,0.08,0.1,66,,,,
2021-04-16,0.07,0.0,0.25,0.05,0.06,0.08,0.1,66,,,,
2021-04-19,0.07,0.0,0.25,0.05,0.06,0.08,0.1,65,,,,
2021-04-20,0.07,0.0,0.25,0.05,0.06,0.08,0.1,70,,,,
2021-04-21,0.07,0.0,0.25,0.05,0.06,0.08,0.1,72,,,,
2021-04-22,0.07,0.0,0.25,0.05,0.06,0.08,0.1,70,,,,
2021-04-23,0.07,0.0,0.25,0.05,0.06,0.08,0.1,66,,,,
2021-04-26,0.07,0.0,0.25,0.05,0.06,0.07,0.1,72,,,,
2021-04-27,0.07,0.0,0.25,0.05,0.06,0.08,0.1,65,,,,
2021-04-28,0.07,0.0,0.25,0.05,0.05,0.08,0.1,67,,,,
2021-04-29,0.06,0.0,0.25,0.04,0.05,0.08,0.1,72,,,,
2021-04-30,0.05,0.0,0.25,0.02,0.03,0.07,0.1,70,,,,
2021-05-03,0.06,0.0,0.25,0.04,0.05,0.07,0.13,74,,,,
2021-05-04,0.06,0.0,0.25,0.04,0.05,0.07,0.1,73,,,,
2021-05-05,0.06,0.0,0.25,0.04,0.05,0.07,0.13,73,,,,
2021-05-06,0.06,0.0,0.25,0.04,0.05,0.07,0.1,72,,,,
2021-05-07,0.06,0.0,0.25,0.04,0.05,0.07,0.1,69,,,,
2021-05-10,0.06,0.0,0.25,0.04,0.05,0.07,0.1,66,,,,
2021-05-11,0.06,0.0,0.25,0.04,0.05,0.07,0.1,64,,,,
2021-05-12,0.06,0.0,0.25,0.04,0.05,0.07,0.1,67,,,,
2021-05-13,0.06,0.0,0.25,0.04,0.05,0.07,0.1,63,,,,
2021-05-14,0.06,0.0,0.25,0.04,0.05,0.07,0.1,62,,,,
2021-05-17,0.06,0.0,0.25,0.03,0.05,0.07,0.1,63,,,,
2021-05-18,0.06,0.0,0.25,0.04,0.05,0.07,0.1,63,,,,
2021-05-19,0.06,0.0,0.25,0.04,0.05,0.07,0.1,60,,,,
2021-05-20,0.06,0.0,0.25,0.05,0.05,0.07,0.1,66,,,,
2021-05-21,0.06,0.0,0.25,0.04,0.05,0.07,0.1,65,,,,
2021-05-24,0.06,0.0,0.25,0.04,0.05,0.07,0.1,64,,,,
2021-05-25,0.06,0.0,0.25,0.03,0.05,0.07,0.11,65,,,,
2021-05-26,0.06,0.0,0.25,0.04,0.05,0.07,0.12,64,,,,
2021-05-27,0.06,0.0,0.25,0.04,0.05,0.07,0.1,67,,,,
2021-05-28,0.05,0.0,0.25,0.01,0.03,0.07,0.12,61,,,,
2021-06-01,0.06,0.0,0.25,0.04,0.05,0.07,0.14,60,,,,
2021-06-02,0.06,0.0,0.25,0.04,0.05,0.07,0.1,70,,,,
2021-06-03,0.06,0.0,0.25,0.04,0.05,0.07,0.1,69,,,,
2021-06-04,0.06,0.0,0.25,0.04,0.05,0.07,0.1,68,,,,
2021-06-07,0.06,0.0,0.25,0.04,0.05,0.06,0.1,67,,,,
2021-06-08,0.06,0.0,0.25,0.04,0.05,0.07,0.1,64,,,,
2021-06-09,0.06,0.0,0.25,0.04,0.05,0.07,0.1,64,,,,
2021-06-10,0.06,0.0,0.25,0.04,0.05,0.07,0.1,63,,,,
2021-06-11,0.06,0.0,0.25,0.04,0.05,0.07,0.1,60,,,,
2021-06-14,0.06,0.0,0.25,0.04,0.05,0.07,0.1,58,,,,
2021-06-15,0.06,0.0,0.25,0.04,0.05,0.07,0.1,60,,,,
2021-06-16,0.06,0.0,0.25,0.04,0.05,0.07,0.1,62,,,,
2021-06-17,0.1,0.0,0.25,0.05,0.09,0.1,0.11,64,,,,
2021-06-18,0.1,0.0,0.25,0.07,0.09,0.1,0.11,68,,,,
2021-06-21,0.1,0.0,0.25,0.08,0.09,0.1,0.11,66,,,,
2021-06-22,0.1,0.0,0.25,0.08,0.09,0.1,0.11,70,,,,
2021-06-23,0.1,0.0,0.25,0.05,0.09,0.1,0.11,71,,,,
2021-06-24,0.1,0.0,0.25,0.07,0.09,0.1,0.11,74,,,,
2021-06-25,0.1,0.0,0.25,0.07,0.09,0.1,0.11,77,,,,
2021-06-28,0.1,0.0,0.25,0.05,0.09,0.1,0.11,77,,,,
2021-06-29,0.1,0.0,0.25,0.07,0.09,0.1,0.11,75,,,,
2021-06-30,0.08,0.0,0.25,0.04,0.06,0.1,0.11,49,,,,
2021-07-01,0.1,0.0,0.25,0.05,0.09,0.1,0.11,70,,,,
2021-07-02,0.1,0.0,0.25,0.05,0.09,0.1,0.11,81,,,,
2021-07-06,0.1,0.0,0.25,0.05,0.09,0.1,0.11,76,,,,
2021-07-07,0.1,0.0,0.25,0.05,0.09,0.1,0.11,77,,,,
2021-07-08,0.1,0.0,0.25,0.05,0.09,0.1,0.11,76,,,,
2021-07-09,0.1,0.0,0.25,0.07,0.08,0.1,0.11,75,,,,
2021-07-12,0.1,0.0,0.25,0.05,0.08,0.1,0.11,75,,,,
2021-07-13,0.1,0.0,0.25,0.07,0.08,0.1,0.11,74,,,,
2021-07-14,0.1,0.0,0.25,0.06,0.08,0.1,0.11,72,,,,
2021-07-15,0.1,0.0,0.25,0.07,0.08,0.1,0.11,73,,,,
2021-07-16,0.1,0.0,0.25,0.05,0.08,0.1,0.11,72,,,,
2021-07-19,0.1,0.0,0.25,0.07,0.08,0.1,0.11,67,,,,
2021-07-20,0.1,0.0,0.25,0.06,0.08,0.1,0.11,70,,,,
2021-07-21,0.1,0.0,0.25,0.06,0.08,0.1,0.11,71,,,,
2021-07-22,0.1,0.0,0.25,0.06,0.08,0.1,0.11,71,,,,
2021-07-23,0.1,0.0,0.25,0.07,0.08,0.1,0.11,68,,,,
2021-07-26,0.1,0.0,0.25,0.05,0.08,0.1,0.11,73,,,,
2021-07-27,0.1,0.0,0.25,0.05,0.08,0.1,0.11,69,,,,
2021-07-28,0.1,0.0,0.25,0.07,0.08,0.1,0.11,65,,,,
2021-07-29,0.1,0.0,0.25,0.06,0.08,0.1,0.11,70,,,,
2021-07-30,0.07,0.0,0.25,0.04,0.06,0.08,0.11,61,,,,
2021-08-02,0.1,0.0,0.25,0.05,0.08,0.1,0.11,74,,,,
2021-08-03,0.1,0.0,0.25,0.07,0.08,0.1,0.11,69,,,,
2021-08-04,0.1,0.0,0.25,0.07,0.08,0.1,0.11,71,,,,
2021-08-05,0.1,0.0,0.25,0.07,0.08,0.1,0.11,70,,,,
2021-08-06,0.1,0.0,0.25,0.07,0.08,0.1,0.11,70,,,,
2021-08-09,0.1,0.0,0.25,0.07,0.08,0.1,0.11,68,,,,
2021-08-10,0.1,0.0,0.25,0.07,0.08,0.1,0.11,69,,,,
2021-08-11,0.1,0.0,0.25,0.07,0.08,0.1,0.11,68,,,,
2021-08-12,0.1,0.0,0.25,0.05,0.08,0.1,0.11,68,,,,
2021-08-13,0.1,0.0,0.25,0.07,0.08,0.1,0.11,65,,,,
2021-08-16,0.1,0.0,0.25,0.05,0.08,0.1,0.11,66,,,,
2021-08-17,0.1,0.0,0.25,0.05,0.08,0.1,0.11,64,,,,
2021-08-18,0.09,0.0,0.25,0.07,0.08,0.1,0.11,65,,,,
2021-08-19,0.09,0.0,0.25,0.07,0.08,0.1,0.11,67,,,,
2021-08-20,0.09,0.0,0.25,0.05,0.08,0.1,0.11,68,,,,
2021-08-23,0.09,0.0,0.25,0.07,0.08,0.1,0.11,67,,,,
2021-08-24,0.09,0.0,0.25,0.05,0.08,0.09,0.1,66,,,,
2021-08-25,0.09,0.0,0.25,0.05,0.07,0.09,0.1,70,,,,
2021-08-26,0.09,0.0,0.25,0.05,0.07,0.09,0.1,69,,,,
2021-08-27,0.08,0.0,0.25,0.05,0.07,0.09,0.11,71,,,,
2021-08-30,0.08,0.0,0.25,0.05,0.07,0.09,0.1,71,,,,
2021-08-31,0.06,0.0,0.25,0.05,0.06,0.08,0.1,59,,,,
2021-09-01,0.08,0.0,0.25,0.05,0.07,0.08,0.1,72,,,,
2021-09-02,0.08,0.0,0.25,0.05,0.07,0.08,0.11,69,,,,
2021-09-03,0.08,0.0,0.25,0.06,0.07,0.08,0.1,68,,,,
2021-09-07,0.08,0.0,0.25,0.05,0.07,0.08,0.1,71,,,,
2021-09-08,0.08,0.0,0.25,0.05,0.07,0.08,0.1,70,,,,
2021-09-09,0.08,0.0,0.25,0.05,0.07,0.08,0.09,70,,,,
2021-09-10,0.08,0.0,0.25,0.06,0.07,0.08,0.09,67,,,,
2021-09-13,0.08,0.0,0.25,0.05,0.07,0.08,0.09,67,,,,
2021-09-14,0.08,0.0,0.25,0.05,0.07,0.08,0.09,69,,,,
2021-09-15,0.08,0.0,0.25,0.05,0.07,0.08,0.09,69,,,,
2021-09-16,0.08,0.0,0.25,0.05,0.07,0.08,0.09,66,,,,
2021-09-17,0.08,0.0,0.25,0.05,0.07,0.08,0.1,64,,,,
2021-09-20,0.08,0.0,0.25,0.06,0.07,0.08,0.1,69,,,,
2021-09-21,0.08,0.0,0.25,0.06,0.07,0.08,0.09,70,,,,
2021-09-22,0.08,0.0,0.25,0.06,0.07,0.08,0.1,71,,,,
2021-09-23,0.08,0.0,0.25,0.05,0.07,0.08,0.1,70,,,,
2021-09-24,0.08,0.0,0.25,0.06,0.07,0.08,0.09,69,,,,
2021-09-27,0.08,0.0,0.25,0.05,0.07,0.08,0.09,72,,,,
2021-09-28,0.08,0.0,0.25,0.06,0.07,0.08,0.09,71,,,,
2021-09-29,0.08,0.0,0.25,0.05,0.07,0.08,0.09,73,,,,
2021-09-30,0.06,0.0,0.25,0.05,0.06,0.07,0.09,52,,,,
2021-10-01,0.08,0.0,0.25,0.06,0.07,0.08,0.1,68,,,,
2021-10-04,0.08,0.0,0.25,0.05,0.07,0.08,0.1,73,,,,
2021-10-05,0.08,0.0,0.25,0.05,0.07,0.08,0.09,74,,,,
2021-10-06,0.08,0.0,0.25,0.05,0.07,0.08,0.09,75,,,,
2021-10-07,0.08,0.0,0.25,0.05,0.07,0.08,0.09,77,,,,
2021-10-08,0.08,0.0,0.25,0.05,0.07,0.08,0.09,77,,,,
2021-10-12,0.08,0.0,0.25,0.05,0.07,0.08,0.09,76,,,,
2021-10-13,0.08,0.0,0.25,0.05,0.07,0.08,0.09,73,,,,
2021-10-14,0.08,0.0,0.25,0.05,0.07,0.08,0.09,72,,,,
2021-10-15,0.08,0.0,0.25,0.05,0.07,0.08,0.09,73,,,,
2021-10-18,0.08,0.0,0.25,0.05,0.07,0.08,0.09,71,,,,
2021-10-19,0.08,0.0,0.25,0.05,0.07,0.08,0.1,70,,,,
2021-10-20,0.08,0.0,0.25,0.06,0.07,0.09,0.15,72,,,,
2021-10-21,0.08,0.0,0.25,0.05,0.07,0.08,0.12,75,,,,
2021-10-22,0.08,0.0,0.25,0.05,0.07,0.08,0.1,74,,,,
2021-10-25,0.08,0.0,0.25,0.06,0.07,0.08,0.1,78,,,,
2021-10-26,0.08,0.0,0.25,0.05,0.07,0.08,0.1,77,,,,
2021-10-27,0.08,0.0,0.25,0.06,0.07,0.09,0.1,78,,,,
2021-10-28,0.08,0.0,0.25,0.06,0.07,0.08,0.11,84,,,,
2021-10-29,0.07,0.0,0.25,0.05,0.06,0.08,0.15,70,,,,
2021-11-01,0.08,0.0,0.25,0.05,0.07,0.08,0.12,78,,,,
2021-11-02,0.08,0.0,0.25,0.05,0.07,0.08,0.1,78,,,,
2021-11-03,0.08,0.0,0.25,0.05,0.07,0.08,0.09,75,,,,
2021-11-04,0.08,0.0,0.25,0.05,0.07,0.08,0.1,76,,,,
2021-11-05,0.08,0.0,0.25,0.04,0.07,0.08,0.1,79,,,,
2021-11-08,0.08,0.0,0.25,0.06,0.07,0.08,0.1,76,,,,
2021-11-09,0.08,0.0,0.25,0.06,0.07,0.08,0.1,75,,,,
2021-11-10,0.08,0.0,0.25,0.05,0.07,0.09,0.09,72,,,,
2021-11-12,0.08,0.0,0.25,0.05,0.07,0.08,0.09,74,,,,
2021-11-15,0.08,0.0,0.25,0.05,0.07,0.08,0.09,77,,,,
2021-11-16,0.08,0.0,0.25,0.05,0.07,0.08,0.09,76,,,,
2021-11-17,0.08,0.0,0.25,0.05,0.07,0.09,0.09,74,,,,
2021-11-18,0.08,0.0,0.25,0.06,0.07,0.08,0.1,77,,,,
2021-11-19,0.08,0.0,0.25,0.06,0.07,0.08,0.1,74,,,,
2021-11-22,0.08,0.0,0.25,0.06,0.07,0.08,0.12,74,,,,
2021-11-23,0.08,0.0,0.25,0.06,0.07,0.09,0.12,74,,,,
2021-11-24,0.08,0.0,0.25,0.06,0.07,0.08,0.12,79,,,,
2021-11-26,0.08,0.0,0.25,0.06,0.07,0.08,0.11,85,,,,
2021-11-29,0.08,0.0,0.25,0.06,0.07,0.09,0.12,85,,,,
2021-11-30,0.07,0.0,0.25,0.05,0.06,0.08,0.12,77,,,,
2021-12-01,0.08,0.0,0.25,0.06,0.07,0.09,0.12,76,,,,
2021-12-02,0.08,0.0,0.25,0.06,0.07,0.09,0.17,78,,,,
2021-12-03,0.08,0.0,0.25,0.06,0.07,0.09,0.17,77,,,,
2021-12-06,0.08,0.0,0.25,0.06,0.07,0.09,0.2,74,,,,
2021-12-07,0.08,0.0,0.25,0.06,0.08,0.09,0.2,74,,,,
2021-12-08,0.08,0.0,0.25,0.06,0.07,0.09,0.17,76,,,,
2021-12-09,0.08,0.0,0.25,0.06,0.07,0.09,0.2,76,,,,
2021-12-10,0.08,0.0,0.25,0.06,0.07,0.09,0.17,74,,,,
2021-12-13,0.08,0.0,0.25,0.06,0.07,0.09,0.2,69,,,,
2021-12-14,0.08,0.0,0.25,0.06,0.07,0.08,0.11,73,,,,
2021-12-15,0.08,0.0,0.25,0.06,0.07,0.08,0.1,74,,,,
2021-12-16,0.08,0.0,0.25,0.06,0.07,0.08,0.1,73,,,,
2021-12-17,0.08,0.0,0.25,0.06,0.07,0.08,0.2,71,,,,
2021-12-20,0.08,0.0,0.25,0.06,0.07,0.08,0.2,72,,,,
2021-12-21,0.08,0.0,0.25,0.06,0.07,0.08,0.2,69,,,,
2021-12-22,0.08,0.0,0.25,0.06,0.07,0.08,0.2,69,,,,
2021-12-23,0.08,0.0,0.25,0.06,0.07,0.09,0.2,71,,,,
2021-12-24,0.08,0.0,0.25,0.06,0.07,0.08,0.2,69,,,,
2021-12-27,0.08,0.0,0.25,0.06,0.07,0.08,0.2,75,,,,
2021-12-28,0.08,0.0,0.25,0.06,0.07,0.08,0.2,72,,,,
2021-12-29,0.08,0.0,0.25,0.06,0.07,0.08,0.16,71,,,,
2021-12-30,0.08,0.0,0.25,0.05,0.07,0.08,0.1,77,,,,
2021-12-31,0.07,0.0,0.25,0.05,0.07,0.09,0.2,49,,,,
2022-01-03,0.08,0.0,0.25,0.06,0.08,0.08,0.15,74,,,,
2022-01-04,0.08,0.0,0.25,0.06,0.07,0.08,0.1,74,,,,
2022-01-05,0.08,0.0,0.25,0.05,0.07,0.08,0.1,74,,,,
2022-01-06,0.08,0.0,0.25,0.06,0.07,0.08,0.1,73,,,,
2022-01-07,0.08,0.0,0.25,0.06,0.07,0.08,0.1,71,,,,
2022-01-10,0.08,0.0,0.25,0.06,0.07,0.08,0.1,71,,,,
2022-01-11,0.08,0.0,0.25,0.05,0.07,0.08,0.1,71,,,,
2022-01-12,0.08,0.0,0.25,0.05,0.07,0.08,0.1,70,,,,
2022-01-13,0.08,0.0,0.25,0.06,0.07,0.08,0.1,71,,,,
2022-01-14,0.08,0.0,0.25,0.06,0.07,0.08,0.1,72,,,,
2022-01-18,0.08,0.0,0.25,0.06,0.07,0.08,0.16,71,,,,
2022-01-19,0.08,0.0,0.25,0.06,0.07,0.08,0.2,73,,,,
2022-01-20,0.08,0.0,0.25,0.06,0.07,0.08,0.2,75,,,,
2022-01-21,0.08,0.0,0.25,0.06,0.07,0.08,0.2,76,,,,
2022-01-24,0.08,0.0,0.25,0.06,0.07,0.08,0.2,75,,,,
2022-01-25,0.08,0.0,0.25,0.06,0.07,0.08,0.2,78,,,,
2022-01-26,0.08,0.0,0.25,0.06,0.07,0.08,0.2,78,,,,
2022-01-27,0.08,0.0,0.25,0.06,0.07,0.08,0.2,80,,,,
2022-01-28,0.08,0.0,0.25,0.06,0.07,0.08,0.16,82,,,,
2022-01-31,0.08,0.0,0.25,0.05,0.07,0.08,0.1,78,,,,
2022-02-01,0.08,0.0,0.25,0.06,0.07,0.08,0.1,75,,,,
2022-02-02,0.08,0.0,0.25,0.06,0.07,0.08,0.1,72,,,,
2022-02-03,0.08,0.0,0.25,0.06,0.07,0.08,0.2,72,,,,
2022-02-04,0.08,0.0,0.25,0.06,0.07,0.08,0.1,69,,,,
2022-02-07,0.08,0.0,0.25,0.06,0.07,0.08,0.11,72,,,,
2022-02-08,0.08,0.0,0.25,0.06,0.07,0.08,0.11,70,,,,
2022-02-09,0.08,0.0,0.25,0.06,0.07,0.08,0.1,70,,,,
2022-02-10,0.08,0.0,0.25,0.06,0.07,0.08,0.11,71,,,,
2022-02-11,0.08,0.0,0.25,0.06,0.07,0.08,0.11,67,,,,
2022-02-14,0.08,0.0,0.25,0.06,0.07,0.08,0.1,63,,,,
2022-02-15,0.08,0.0,0.25,0.06,0.07,0.08,0.1,65,,,,
2022-02-16,0.08,0.0,0.25,0.06,0.07,0.08,0.11,70,,,,
2022-02-17,0.08,0.0,0.25,0.06,0.07,0.08,0.18,73,,,,
2022-02-18,0.08,0.0,0.25,0.06,0.07,0.09,0.2,71,,,,
2022-02-22,0.08,0.0,0.25,0.06,0.07,0.08,0.2,72,,,,
2022-02-23,0.08,0.0,0.25,0.06,0.07,0.08,0.16,72,,,,
2022-02-24,0.08,0.0,0.25,0.06,0.07,0.09,0.11,64,,,,
2022-02-25,0.08,0.0,0.25,0.06,0.07,0.09,0.17,69,,,,
2022-02-28,0.08,0.0,0.25,0.06,0.07,0.09,0.18,65,,,,
2022-03-01,0.08,0.0,0.25,0.06,0.08,0.09,0.18,64,,,,
2022-03-02,0.08,0.0,0.25,0.06,0.07,0.09,0.11,70,,,,
2022-03-03,0.08,0.0,0.25,0.06,0.07,0.09,0.11,68,,,,
2022-03-04,0.08,0.0,0.25,0.06,0.07,0.09,0.16,72,,,,
2022-03-07,0.08,0.0,0.25,0.06,0.07,0.09,0.17,71,,,,
2022-03-08,0.08,0.0,0.25,0.06,0.07,0.08,0.1,69,,,,
2022-03-09,0.08,0.0,0.25,0.06,0.07,0.09,0.16,71,,,,
2022-03-10,0.08,0.0,0.25,0.06,0.07,0.09,0.1,72,,,,
2022-03-11,0.08,0.0,0.25,0.06,0.07,0.08,0.1,73,,,,
2022-03-14,0.08,0.0,0.25,0.06,0.07,0.08,0.1,72,,,,
2022-03-15,0.08,0.0,0.25,0.06,0.07,0.08,0.1,76,,,,
2022-03-16,0.08,0.0,0.25,0.06,0.07,0.09,0.15,74,,,,
2022-03-17,0.33,0.25,0.5,0.3,0.32,0.34,0.36,73,,,,
2022-03-18,0.33,0.25,0.5,0.31,0.32,0.34,0.4,72,,,,
2022-03-21,0.33,0.25,0.5,0.31,0.32,0.34,0.4,76,,,,
2022-03-22,0.33,0.25,0.5,0.3,0.32,0.33,0.35,76,,,,
2022-03-23,0.33,0.25,0.5,0.31,0.32,0.34,0.34,74,,,,
2022-03-24,0.33,0.25,0.5,0.31,0.32,0.34,0.34,74,,,,
2022-03-25,0.33,0.25,0.5,0.31,0.32,0.33,0.34,78,,,,
2022-03-28,0.33,0.25,0.5,0.31,0.32,0.34,0.36,77,,,,
2022-03-29,0.33,0.25,0.5,0.31,0.32,0.34,0.36,83,,,,
2022-03-30,0.33,0.25,0.5,0.31,0.32,0.34,0.36,80,,,,
2022-03-31,0.33,0.25,0.5,0.3,0.32,0.33,0.4,57,,,,
2022-04-01,0.33,0.25,0.5,0.31,0.32,0.33,0.35,78,,,,
2022-04-04,0.33,0.25,0.5,0.31,0.32,0.33,0.35,78,,,,
2022-04-05,0.33,0.25,0.5,0.31,0.32,0.33,0.35,79,,,,
2022-04-06,0.33,0.25,0.5,0.31,0.32,0.33,0.35,77,,,,
2022-04-07,0.33,0.25,0.5,0.31,0.32,0.33,0.35,78,,,,
2022-04-08,0.33,0.25,0.5,0.31,0.32,0.33,0.35,77,,,,
2022-04-11,0.33,0.25,0.5,0.31,0.32,0.33,0.35,80,,,,
2022-04-12,0.33,0.25,0.5,0.31,0.32,0.33,0.36,80,,,,
2022-04-13,0.33,0.25,0.5,0.31,0.32,0.34,0.35,77,,,,
2022-04-14,0.33,0.25,0.5,0.31,0.32,0.34,0.34,71,,,,
2022-04-15,0.33,0.25,0.5,0.31,0.32,0.34,0.34,75,,,,
2022-04-18,0.33,0.25,0.5,0.31,0.32,0.34,0.36,76,,,,
2022-04-19,0.33,0.25,0.5,0.31,0.32,0.34,0.43,70,,,,
2022-04-20,0.33,0.25,0.5,0.31,0.33,0.34,0.45,71,,,,
2022-04-21,0.33,0.25,0.5,0.31,0.33,0.34,0.45,70,,,,
2022-04-22,0.33,0.25,0.5,0.31,0.33,0.34,0.41,74,,,,
2022-04-25,0.33,0.25,0.5,0.31,0.33,0.34,0.45,78,,,,
2022-04-26,0.33,0.25,0.5,0.31,0.32,0.34,0.4,73,,,,
2022-04-27,0.33,0.25,0.5,0.31,0.33,0.34,0.45,78,,,,
2022-04-28,0.33,0.25,0.5,0.31,0.33,0.34,0.45,81,,,,
2022-04-29,0.33,0.25,0.5,0.31,0.32,0.34,0.45,76,,,,
2022-05-02,0.33,0.25,0.5,0.31,0.33,0.34,0.45,77,,,,
2022-05-03,0.33,0.25,0.5,0.31,0.33,0.34,0.45,79,,,,
2022-05-04,0.33,0.25,0.5,0.31,0.32,0.34,0.45,77,,,,
2022-05-05,0.83,0.75,1.0,0.81,0.83,0.84,0.95,74,,,,
2022-05-06,0.83,0.75,1.0,0.8,0.82,0.84,0.95,81,,,,
2022-05-09,0.83,0.75,1.0,0.81,0.83,0.84,0.95,75,,,,
2022-05-10,0.83,0.75,1.0,0.81,0.82,0.84,0.95,72,,,,
2022-05-11,0.83,0.75,1.0,0.81,0.82,0.84,0.95,78,,,,
2022-05-12,0.83,0.75,1.0,0.81,0.82,0.84,0.91,81,,,,
2022-05-13,0.83,0.75,1.0,0.81,0.82,0.84,0.91,84,,,,
2022-05-16,0.83,0.75,1.0,0.81,0.82,0.84,0.91,84,,,,
2022-05-17,0.83,0.75,1.0,0.81,0.82,0.84,0.93,80,,,,
2022-05-18,0.83,0.75,1.0,0.81,0.82,0.84,0.95,75,,,,
2022-05-19,0.83,0.75,1.0,0.81,0.82,0.84,0.95,76,,,,
2022-05-20,0.83,0.75,1.0,0.81,0.82,0.84,0.9,82,,,,
2022-05-23,0.83,0.75,1.0,0.8,0.82,0.84,0.95,82,,,,
2022-05-24,0.83,0.75,1.0,0.81,0.82,0.84,0.95,82,,,,
2022-05-25,0.83,0.75,1.0,0.8,0.82,0.84,0.95,85,,,,
2022-05-26,0.83,0.75,1.0,0.8,0.82,0.84,0.95,81,,,,
2022-05-27,0.83,0.75,1.0,0.8,0.82,0.84,0.95,79,,,,
2022-05-31,0.83,0.75,1.0,0.79,0.82,0.84,0.91,76,,,,
2022-06-01,0.83,0.75,1.0,0.8,0.82,0.84,0.9,85,,,,
2022-06-02,0.83,0.75,1.0,0.8,0.82,0.84,0.88,83,,,,
2022-06-03,0.83,0.75,1.0,0.8,0.82,0.83,0.88,85,,,,
2022-06-06,0.83,0.75,1.0,0.8,0.82,0.83,0.9,85,,,,
2022-06-07,0.83,0.75,1.0,0.8,0.82,0.84,0.88,82,,,,
2022-06-08,0.83,0.75,1.0,0.8,0.82,0.84,0.88,79,,,,
2022-06-09,0.83,0.75,1.0,0.81,0.82,0.84,0.88,79,,,,
2022-06-10,0.83,0.75,1.0,0.81,0.82,0.84,0.88,76,,,,
2022-06-13,0.83,0.75,1.0,0.8,0.82,0.84,0.91,75,,,,
2022-06-14,0.83,0.75,1.0,0.8,0.82,0.84,0.95,81,,,,
2022-06-15,0.83,0.75,1.0,0.81,0.82,0.84,0.95,83,,,,
2022-06-16,1.58,1.5,1.75,1.55,1.57,1.59,1.7,80,,,,
2022-06-17,1.58,1.5,1.75,1.56,1.57,1.59,1.7,84,,,,
2022-06-21,1.58,1.5,1.75,1.56,1.57,1.59,1.72,67,,,,
2022-06-22,1.58,1.5,1.75,1.56,1.57,1.59,1.72,85,,,,
2022-06-23,1.58,1.5,1.75,1.56,1.57,1.59,1.7,84,,,,
2022-06-24,1.58,1.5,1.75,1.55,1.57,1.58,1.7,91,,,,
2022-06-27,1.58,1.5,1.75,1.55,1.57,1.58,1.7,90,,,,
2022-06-28,1.58,1.5,1.75,1.56,1.57,1.58,1.7,95,,,,
2022-06-29,1.58,1.5,1.75,1.56,1.57,1.58,1.7,85,,,,
2022-06-30,1.58,1.5,1.75,1.55,1.58,1.59,1.72,67,,,,
2022-07-01,1.58,1.5,1.75,1.56,1.57,1.58,1.7,90,,,,
2022-07-05,1.58,1.5,1.75,1.55,1.57,1.58,1.7,94,,,,
2022-07-06,1.58,1.5,1.75,1.55,1.57,1.58,1.7,95,,,,
2022-07-07,1.58,1.5,1.75,1.55,1.57,1.58,1.7,92,,,,
2022-07-08,1.58,1.5,1.75,1.55,1.57,1.58,1.7,99,,,,
2022-07-11,1.58,1.5,1.75,1.55,1.57,1.58,1.7,93,,,,
2022-07-12,1.58,1.5,1.75,1.55,1.57,1.58,1.7,98,,,,
2022-07-13,1.58,1.5,1.75,1.55,1.57,1.58,1.7,96,,,,
2022-07-14,1.58,1.5,1.75,1.55,1.57,1.58,1.7,91,,,,
2022-07-15,1.58,1.5,1.75,1.55,1.57,1.58,1.7,97,,,,
2022-07-18,1.58,1.5,1.75,1.55,1.57,1.58,1.71,97,,,,
2022-07-19,1.58,1.5,1.75,1.56,1.57,1.59,1.73,90,,,,
2022-07-20,1.58,1.5,1.75,1.56,1.57,1.58,1.73,95,,,,
2022-07-21,1.58,1.5,1.75,1.56,1.57,1.58,1.73,96,,,,
2022-07-22,1.58,1.5,1.75,1.56,1.57,1.58,1.75,96,,,,
2022-07-25,1.58,1.5,1.75,1.55,1.57,1.59,1.73,94,,,,
2022-07-26,1.58,1.5,1.75,1.56,1.57,1.58,1.73,97,,,,
2022-07-27,1.58,1.5,1.75,1.56,1.57,1.58,1.75,98,,,,
2022-07-28,2.33,2.25,2.5,2.3,2.32,2.33,2.48,90,,,,
2022-07-29,2.32,2.25,2.5,2.3,2.31,2.34,2.48,86,,,,
2022-08-01,2.33,2.25,2.5,2.3,2.32,2.33,2.45,93,,,,
2022-08-02,2.33,2.25,2.5,2.3,2.32,2.33,2.45,95,,,,
2022-08-03,2.33,2.25,2.5,2.3,2.32,2.33,2.45,92,,,,
2022-08-04,2.33,2.25,2.5,2.31,2.32,2.33,2.45,91,,,,
2022-08-05,2.33,2.25,2.5,2.31,2.32,2.33,2.45,91,,,,
2022-08-08,2.33,2.25,2.5,2.31,2.32,2.33,2.45,89,,,,
2022-08-09,2.33,2.25,2.5,2.31,2.32,2.33,2.45,90,,,,
2022-08-10,2.33,2.25,2.5,2.31,2.32,2.33,2.45,93,,,,
2022-08-11,2.33,2.25,2.5,2.31,2.32,2.33,2.45,94,,,,
2022-08-12,2.33,2.25,2.5,2.3,2.32,2.33,2.45,97,,,,
2022-08-15,2.33,2.25,2.5,2.3,2.32,2.33,2.45,97,,,,
2022-08-16,2.33,2.25,2.5,2.31,2.32,2.33,2.45,94,,,,
2022-08-17,2.33,2.25,2.5,2.31,2.32,2.33,2.45,92,,,,
2022-08-18,2.33,2.25,2.5,2.31,2.32,2.33,2.45,91,,,,
2022-08-19,2.33,2.25,2.5,2.31,2.32,2.34,2.45,94,,,,
2022-08-22,2.33,2.25,2.5,2.3,2.32,2.34,2.45,91,,,,
2022-08-23,2.33,2.25,2.5,2.31,2.32,2.34,2.45,91,,,,
2022-08-24,2.33,2.25,2.5,2.31,2.32,2.33,2.45,94,,,,
2022-08-25,2.33,2.25,2.5,2.3,2.32,2.33,2.45,96,,,,
2022-08-26,2.33,2.25,2.5,2.31,2.32,2.33,2.45,98,,,,
2022-08-29,2.33,2.25,2.5,2.3,2.32,2.34,2.45,89,,,,
2022-08-30,2.33,2.25,2.5,2.3,2.32,2.34,2.45,90,,,,
2022-08-31,2.33,2.25,2.5,2.29,2.32,2.34,2.45,86,,,,
2022-09-01,2.33,2.25,2.5,2.3,2.32,2.33,2.45,100,,,,
2022-09-02,2.33,2.25,2.5,2.3,2.32,2.33,2.45,100,,,,
2022-09-06,2.33,2.25,2.5,2.3,2.32,2.33,2.45,94,,,,
2022-09-07,2.33,2.25,2.5,2.3,2.32,2.33,2.45,97,,,,
2022-09-08,2.33,2.25,2.5,2.3,2.32,2.33,2.45,94,,,,
2022-09-09,2.33,2.25,2.5,2.3,2.32,2.33,2.45,101,,,,
2022-09-12,2.33,2.25,2.5,2.3,2.32,2.33,2.45,93,,,,
2022-09-13,2.33,2.25,2.5,2.3,2.32,2.33,2.45,94,,,,
2022-09-14,2.33,2.25,2.5,2.3,2.32,2.33,2.45,95,,,,
2022-09-15,2.33,2.25,2.5,2.3,2.32,2.33,2.45,96,,,,
2022-09-16,2.33,2.25,2.5,2.3,2.32,2.34,2.45,96,,,,
2022-09-19,2.33,2.25,2.5,2.3,2.32,2.34,2.45,93,,,,
2022-09-20,2.33,2.25,2.5,2.3,2.32,2.34,2.48,91,,,,
2022-09-21,2.33,2.25,2.5,2.3,2.32,2.33,2.5,99,,,,
2022-09-22,3.08,3.0,3.25,3.05,3.07,3.08,3.25,99,,,,
2022-09-23,3.08,3.0,3.25,3.05,3.07,3.08,3.25,109,,,,
2022-09-26,3.08,3.0,3.25,3.05,3.07,3.08,3.25,111,,,,
2022-09-27,3.08,3.0,3.25,3.05,3.07,3.08,3.25,111,,,,
2022-09-28,3.08,3.0,3.25,3.05,3.07,3.08,3.25,110,,,,
2022-09-29,3.08,3.0,3.25,3.05,3.07,3.08,3.25,103,,,,
2022-09-30,3.08,3.0,3.25,3.05,3.07,3.08,3.23,90,,,,
2022-10-03,3.08,3.0,3.25,3.05,3.07,3.08,3.23,115,,,,
2022-10-04,3.08,3.0,3.25,3.05,3.07,3.08,3.25,107,,,,
2022-10-05,3.08,3.0,3.25,3.05,3.07,3.08,3.23,104,,,,
2022-10-06,3.08,3.0,3.25,3.05,3.07,3.08,3.25,109,,,,
2022-10-07,3.08,3.0,3.25,3.05,3.07,3.08,3.23,113,,,,
2022-10-11,3.08,3.0,3.25,3.05,3.07,3.08,3.23,104,,,,
2022-10-12,3.08,3.0,3.25,3.05,3.07,3.08,3.23,110,,,,
2022-10-13,3.08,3.0,3.25,3.05,3.07,3.08,3.24,106,,,,
2022-10-14,3.08,3.0,3.25,3.05,3.07,3.08,3.23,110,,,,
2022-10-17,3.08,3.0,3.25,3.05,3.07,3.08,3.23,103,,,,
2022-10-18,3.08,3.0,3.25,3.05,3.07,3.08,3.23,103,,,,
2022-10-19,3.08,3.0,3.25,3.05,3.07,3.08,3.25,104,,,,
2022-10-20,3.08,3.0,3.25,3.05,3.07,3.09,3.25,92,,,,
2022-10-21,3.08,3.0,3.25,3.05,3.07,3.09,3.25,99,,,,
2022-10-24,3.08,3.0,3.25,3.05,3.07,3.09,3.25,99,,,,
2022-10-25,3.08,3.0,3.25,3.05,3.07,3.09,3.29,103,,,,
2022-10-26,3.08,3.0,3.25,3.05,3.07,3.09,3.3,99,,,,
2022-10-27,3.08,3.0,3.25,3.05,3.07,3.09,3.3,103,,,,
2022-10-28,3.08,3.0,3.25,3.05,3.07,3.09,3.3,107,,,,
2022-10-31,3.08,3.0,3.25,3.05,3.07,3.09,3.3,82,,,,
2022-11-01,3.08,3.0,3.25,3.05,3.07,3.08,3.35,108,,,,
2022-11-02,3.08,3.0,3.25,3.05,3.07,3.09,3.35,103,,,,
2022-11-03,3.83,3.75,4.0,3.8,3.82,3.84,4.05,97,,,,
2022-11-04,3.83,3.75,4.0,3.8,3.82,3.83,4.0,105,,,,
2022-11-07,3.83,3.75,4.0,3.8,3.82,3.84,4.0,99,,,,
2022-11-08,3.83,3.75,4.0,3.8,3.82,3.84,4.05,101,,,,
2022-11-09,3.83,3.75,4.0,2.34,3.82,3.84,4.0,100,,,,
2022-11-10,3.83,3.75,4.0,3.8,3.82,3.84,4.0,97,,,,
2022-11-14,3.83,3.75,4.0,3.8,3.82,3.84,4.0,99,,,,
2022-11-15,3.83,3.75,4.0,3.8,3.82,3.84,4.0,97,,,,
2022-11-16,3.83,3.75,4.0,3.8,3.82,3.84,4.0,98,,,,
2022-11-17,3.83,3.75,4.0,3.8,3.82,3.84,4.0,99,,,,
2022-11-18,3.83,3.75,4.0,3.8,3.82,3.84,4.05,102,,,,
2022-11-21,3.83,3.75,4.0,3.8,3.82,3.84,4.05,94,,,,
2022-11-22,3.83,3.75,4.0,3.8,3.82,3.84,4.05,99,,,,
2022-11-23,3.83,3.75,4.0,3.8,3.82,3.84,4.05,108,,,,
2022-11-25,3.83,3.75,4.0,3.7,3.82,3.83,4.05,105,,,,
2022-11-28,3.83,3.75,4.0,3.8,3.82,3.84,4.05,97,,,,
2022-11-29,3.83,3.75,4.0,3.8,3.82,3.84,4.05,95,,,,
2022-11-30,3.83,3.75,4.0,3.79,3.82,3.84,4.05,92,,,,
2022-12-01,3.83,3.75,4.0,3.8,3.82,3.84,4.05,99,,,,
2022-12-02,3.83,3.75,4.0,3.8,3.82,3.83,4.0,108,,,,
2022-12-05,3.83,3.75,4.0,3.8,3.82,3.84,4.05,107,,,,
2022-12-06,3.83,3.75,4.0,3.8,3.82,3.84,4.05,110,,,,
2022-12-07,3.83,3.75,4.0,3.8,3.82,3.84,4.05,103,,,,
2022-12-08,3.83,3.75,4.0,3.8,3.82,3.84,4.05,99,,,,
2022-12-09,3.83,3.75,4.0,3.8,3.82,3.84,4.05,102,,,,
2022-12-12,3.83,3.75,4.0,3.8,3.82,3.84,4.05,97,,,,
2022-12-13,3.83,3.75,4.0,3.8,3.82,3.84,4.05,100,,,,
2022-12-14,3.83,3.75,4.0,3.8,3.82,3.84,4.05,101,,,,
2022-12-15,4.33,4.25,4.5,4.3,4.32,4.34,4.5,104,,,,
2022-12-16,4.33,4.25,4.5,4.3,4.32,4.34,4.55,99,,,,
2022-12-19,4.33,4.25,4.5,4.3,4.32,4.34,4.55,91,,,,
2022-12-20,4.33,4.25,4.5,4.3,4.32,4.34,4.55,99,,,,
2022-12-21,4.33,4.25,4.5,4.3,4.32,4.34,4.55,98,,,,
2022-12-22,4.33,4.25,4.5,4.3,4.32,4.34,4.6,99,,,,
2022-12-23,4.33,4.25,4.5,4.3,4.32,4.34,4.6,107,,,,
2022-12-27,4.33,4.25,4.5,4.3,4.32,4.34,4.6,109,,,,
2022-12-28,4.33,4.25,4.5,4.3,4.32,4.34,4.6,99,,,,
2022-12-29,4.33,4.25,4.5,4.3,4.31,4.34,4.6,94,,,,
2022-12-30,4.33,4.25,4.5,4.3,4.32,4.34,4.6,67,,,,
2023-01-03,4.33,4.25,4.5,4.3,4.32,4.33,4.6,105,,,,
2023-01-04,4.33,4.25,4.5,4.3,4.32,4.33,4.65,108,,,,
2023-01-05,4.33,4.25,4.5,4.3,4.32,4.33,4.6,107,,,,
2023-01-06,4.33,4.25,4.5,4.3,4.32,4.33,4.6,114,,,,
2023-01-09,4.33,4.25,4.5,4.3,4.32,4.34,4.6,106,,,,
2023-01-10,4.33,4.25,4.5,4.3,4.32,4.33,4.6,109,,,,
2023-01-11,4.33,4.25,4.5,4.3,4.32,4.33,4.6,110,,,,
2023-01-12,4.33,4.25,4.5,4.3,4.32,4.34,4.61,107,,,,
2023-01-13,4.33,4.25,4.5,4.3,4.32,4.34,4.6,110,,,,
2023-01-17,4.33,4.25,4.5,4.3,4.31,4.34,4.61,94,,,,
2023-01-18,4.33,4.25,4.5,4.3,4.32,4.34,4.62,106,,,,
2023-01-19,4.33,4.25,4.5,4.3,4.32,4.34,4.63,100,,,,
2023-01-20,4.33,4.25,4.5,4.3,4.32,4.34,4.65,99,,,,
2023-01-23,4.33,4.25,4.5,4.3,4.32,4.34,4.65,96,,,,
2023-01-24,4.33,4.25,4.5,4.3,4.32,4.34,4.65,104,,,,
2023-01-25,4.33,4.25,4.5,4.3,4.32,4.34,4.65,111,,,,
2023-01-26,4.33,4.25,4.5,4.3,4.32,4.34,4.65,113,,,,
2023-01-27,4.33,4.25,4.5,4.3,4.32,4.33,4.65,120,,,,
2023-01-30,4.33,4.25,4.5,4.3,4.32,4.33,4.65,109,,,,
2023-01-31,4.33,4.25,4.5,4.29,4.32,4.34,4.65,98,,,,
2023-02-01,4.33,4.25,4.5,4.3,4.32,4.34,4.65,106,,,,
2023-02-02,4.58,4.5,4.75,4.55,4.57,4.59,4.9,99,,,,
2023-02-03,4.58,4.5,4.75,4.55,4.57,4.59,4.9,104,,,,
2023-02-06,4.58,4.5,4.75,4.55,4.57,4.59,4.85,99,,,,
2023-02-07,4.58,4.5,4.75,4.55,4.57,4.59,4.85,103,,,,
2023-02-08,4.58,4.5,4.75,4.55,4.57,4.59,4.85,106,,,,
2023-02-09,4.57,4.5,4.75,4.55,4.57,4.59,4.85,111,,,,
2023-02-10,4.58,4.5,4.75,4.55,4.57,4.59,4.85,112,,,,
2023-02-13,4.58,4.5,4.75,4.55,4.57,4.59,4.85,107,,,,
2023-02-14,4.58,4.5,4.75,4.55,4.57,4.59,4.85,105,,,,
2023-02-15,4.58,4.5,4.75,4.55,4.57,4.59,4.85,111,,,,
2023-02-16,4.58,4.5,4.75,4.55,4.57,4.59,4.85,105,,,,
2023-02-17,4.58,4.5,4.75,4.55,4.57,4.59,4.9,107,,,,
2023-02-21,4.58,4.5,4.75,4.55,4.57,4.59,4.9,100,,,,
2023-02-22,4.58,4.5,4.75,4.55,4.57,4.59,4.9,109,,,,
2023-02-23,4.58,4.5,4.75,4.55,4.57,4.59,4.9,106,,,,
2023-02-24,4.58,4.5,4.75,4.55,4.57,4.59,4.9,109,,,,
2023-02-27,4.57,4.5,4.75,4.55,4.57,4.59,4.9,108,,,,
2023-02-28,4.57,4.5,4.75,4.54,4.57,4.59,4.9,103,,,,
2023-03-01,4.58,4.5,4.75,4.55,4.57,4.58,4.9,117,,,,
2023-03-02,4.57,4.5,4.75,4.55,4.57,4.59,4.9,108,,,,
2023-03-03,4.57,4.5,4.75,4.55,4.57,4.59,4.9,114,,,,
2023-03-06,4.57,4.5,4.75,4.55,4.56,4.59,4.9,114,,,,
2023-03-07,4.57,4.5,4.75,4.55,4.56,4.58,4.9,118,,,,
2023-03-08,4.57,4.5,4.75,4.55,4.56,4.58,4.9,107,,,,
2023-03-09,4.57,4.5,4.75,4.55,4.56,4.59,4.9,115,,,,
2023-03-10,4.57,4.5,4.75,4.55,4.56,4.59,4.9,81,,,,
2023-03-13,4.58,4.5,4.75,4.55,4.58,4.59,4.9,41,,,,
2023-03-14,4.58,4.5,4.75,4.55,4.58,4.59,4.9,79,,,,
2023-03-15,4.58,4.5,4.75,4.55,4.58,4.59,4.9,89,,,,
2023-03-16,4.58,4.5,4.75,4.55,4.58,4.59,4.9,83,,,,
2023-03-17,4.58,4.5,4.75,4.55,4.58,4.59,4.9,85,,,,
2023-03-20,4.58,4.5,4.75,4.55,4.58,4.59,4.9,92,,,,
2023-03-21,4.58,4.5,4.75,4.55,4.58,4.59,4.9,92,,,,
2023-03-22,4.58,4.5,4.75,4.55,4.58,4.59,4.9,100,,,,
2023-03-23,4.83,4.75,5.0,4.8,4.83,4.84,5.15,92,,,,
2023-03-24,4.83,4.75,5.0,4.8,4.83,4.84,5.15,92,,,,
2023-03-27,4.83,4.75,5.0,4.8,4.83,4.84,5.15,92,,,,
2023-03-28,4.83,4.75,5.0,4.8,4.83,4.84,5.15,98,,,,
2023-03-29,4.83,4.75,5.0,4.8,4.83,4.84,5.15,97,,,,
2023-03-30,4.83,4.75,5.0,4.8,4.82,4.84,5.15,95,,,,
2023-03-31,4.83,4.75,5.0,4.8,4.82,4.84,5.15,86,,,,
2023-04-03,4.83,4.75,5.0,4.8,4.82,4.84,5.15,105,,,,
2023-04-04,4.83,4.75,5.0,4.8,4.82,4.84,5.15,103,,,,
2023-04-05,4.83,4.75,5.0,4.8,4.82,4.84,5.15,102,,,,
2023-04-06,4.83,4.75,5.0,4.8,4.82,4.84,5.15,98,,,,
2023-04-07,4.83,4.75,5.0,4.8,4.82,4.84,5.15,100,,,,
2023-04-10,4.83,4.75,5.0,4.8,4.82,4.84,5.15,106,,,,
2023-04-11,4.83,4.75,5.0,4.8,4.82,4.84,5.15,108,,,,
2023-04-12,4.83,4.75,5.0,4.8,4.82,4.84,5.15,114,,,,
2023-04-13,4.83,4.75,5.0,4.8,4.82,4.84,5.15,109,,,,
2023-04-14,4.83,4.75,5.0,4.8,4.82,4.84,5.15,113,,,,
2023-04-17,4.83,4.75,5.0,4.8,4.82,4.84,5.15,106,,,,
2023-04-18,4.83,4.75,5.0,4.8,4.82,4.84,5.15,112,,,,
2023-04-19,4.83,4.75,5.0,4.8,4.82,4.84,5.15,109,,,,
2023-04-20,4.83,4.75,5.0,4.8,4.82,4.84,5.15,115,,,,
2023-04-21,4.83,4.75,5.0,4.8,4.82,4.84,5.15,114,,,,
2023-04-24,4.83,4.75,5.0,4.8,4.81,4.84,5.15,110,,,,
2023-04-25,4.83,4.75,5.0,4.8,4.82,4.84,5.15,112,,,,
2023-04-26,4.83,4.75,5.0,4.8,4.82,4.84,5.15,115,,,,
2023-04-27,4.83,4.75,5.0,4.8,4.81,4.84,5.15,119,,,,
2023-04-28,4.83,4.75,5.0,4.8,4.82,4.84,5.15,113,,,,
2023-05-01,4.83,4.75,5.0,4.8,4.81,4.84,5.15,117,,,,
2023-05-02,4.83,4.75,5.0,4.8,4.81,4.84,5.15,118,,,,
2023-05-03,4.83,4.75,5.0,4.8,4.82,4.84,5.15,115,,,,
2023-05-04,5.08,5.0,5.25,5.05,5.06,5.09,5.4,114,,,,
2023-05-05,5.08,5.0,5.25,5.05,5.07,5.09,5.4,112,,,,
2023-05-08,5.08,5.0,5.25,5.05,5.07,5.09,5.4,111,,,,
2023-05-09,5.08,5.0,5.25,5.05,5.07,5.09,5.4,112,,,,
2023-05-10,5.08,5.0,5.25,5.05,5.07,5.08,5.4,120,,,,
2023-05-11,5.08,5.0,5.25,5.05,5.07,5.09,5.4,117,,,,
2023-05-12,5.08,5.0,5.25,5.05,5.07,5.09,5.35,124,,,,
2023-05-15,5.08,5.0,5.25,5.05,5.07,5.08,5.35,126,,,,
2023-05-16,5.08,5.0,5.25,5.05,5.07,5.08,5.35,124,,,,
2023-05-17,5.08,5.0,5.25,5.05,5.07,5.08,5.35,130,,,,
2023-05-18,5.08,5.0,5.25,5.05,5.06,5.08,5.35,127,,,,
2023-05-19,5.08,5.0,5.25,5.05,5.06,5.08,5.35,132,,,,
2023-05-22,5.08,5.0,5.25,5.05,5.06,5.09,5.35,124,,,,
2023-05-23,5.08,5.0,5.25,5.05,5.06,5.09,5.35,126,,,,
2023-05-24,5.08,5.0,5.25,5.05,5.06,5.08,5.35,126,,,,
2023-05-25,5.08,5.0,5.25,5.05,5.06,5.08,5.35,131,,,,
2023-05-26,5.08,5.0,5.25,5.05,5.06,5.08,5.35,136,,,,
2023-05-30,5.08,5.0,5.25,5.05,5.06,5.08,5.35,127,,,,
2023-05-31,5.08,5.0,5.25,5.05,5.06,5.08,5.4,118,,,,
2023-06-01,5.08,5.0,5.25,5.05,5.06,5.08,5.35,131,,,,
2023-06-02,5.08,5.0,5.25,5.05,5.06,5.08,5.3,141,,,,
2023-06-05,5.08,5.0,5.25,5.05,5.06,5.08,5.3,136,,,,
2023-06-06,5.08,5.0,5.25,5.05,5.06,5.08,5.3,144,,,,
2023-06-07,5.08,5.0,5.25,5.05,5.06,5.08,5.3,137,,,,
2023-06-08,5.08,5.0,5.25,5.05,5.06,5.08,5.3,136,,,,
2023-06-09,5.08,5.0,5.25,5.05,5.06,5.08,5.3,133,,,,
2023-06-12,5.08,5.0,5.25,5.05,5.06,5.08,5.3,134,,,,
2023-06-13,5.08,5.0,5.25,5.05,5.06,5.08,5.3,131,,,,
2023-06-14,5.08,5.0,5.25,5.05,5.06,5.08,5.35,128,,,,
2023-06-15,5.07,5.0,5.25,5.05,5.06,5.08,5.35,128,,,,
2023-06-16,5.08,5.0,5.25,5.05,5.06,5.08,5.3,129,,,,
2023-06-20,5.07,5.0,5.25,5.05,5.06,5.08,5.3,134,,,,
2023-06-21,5.07,5.0,5.25,5.05,5.06,5.08,5.3,130,,,,
2023-06-22,5.07,5.0,5.25,5.05,5.06,5.08,5.35,132,,,,
2023-06-23,5.07,5.0,5.25,5.05,5.06,5.08,5.35,135,,,,
2023-06-26,5.07,5.0,5.25,5.05,5.06,5.08,5.3,138,,,,
2023-06-27,5.07,5.0,5.25,5.05,5.06,5.08,5.4,132,,,,
2023-06-28,5.07,5.0,5.25,5.05,5.06,5.08,5.3,140,,,,
2023-06-29,5.07,5.0,5.25,5.05,5.06,5.08,5.3,135,,,,
2023-06-30,5.08,5.0,5.25,5.05,5.07,5.09,5.4,97,,,,
2023-07-03,5.08,5.0,5.25,5.05,5.06,5.08,5.3,124,,,,
2023-07-05,5.08,5.0,5.25,5.05,5.06,5.08,5.3,123,,,,
2023-07-06,5.08,5.0,5.25,5.05,5.06,5.08,5.35,119,,,,
2023-07-07,5.08,5.0,5.25,5.05,5.06,5.08,5.3,127,,,,
2023-07-10,5.07,5.0,5.25,5.05,5.06,5.08,5.3,125,,,,
2023-07-11,5.08,5.0,5.25,5.05,5.06,5.08,5.35,121,,,,
2023-07-12,5.08,5.0,5.25,5.05,5.06,5.08,5.4,116,,,,
2023-07-13,5.08,5.0,5.25,5.05,5.06,5.08,5.4,122,,,,
2023-07-14,5.08,5.0,5.25,5.05,5.06,5.08,5.4,115,,,,
2023-07-17,5.08,5.0,5.25,5.05,5.06,5.08,5.4,112,,,,
2023-07-18,5.08,5.0,5.25,5.05,5.07,5.08,5.4,106,,,,
2023-07-19,5.08,5.0,5.25,5.05,5.07,5.08,5.4,106,,,,
2023-07-20,5.08,5.0,5.25,5.05,5.06,5.08,5.4,111,,,,
2023-07-21,5.08,5.0,5.25,5.05,5.06,5.08,5.4,110,,,,
2023-07-24,5.08,5.0,5.25,5.05,5.06,5.08,5.4,101,,,,
2023-07-25,5.08,5.0,5.25,5.05,5.07,5.08,5.4,89,,,,
2023-07-26,5.08,5.0,5.25,5.05,5.07,5.09,5.4,98,,,,
2023-07-27,5.33,5.25,5.5,5.3,5.32,5.33,5.65,105,,,,
2023-07-28,5.33,5.25,5.5,5.3,5.32,5.33,5.65,106,,,,
2023-07-31,5.33,5.25,5.5,5.3,5.32,5.34,5.65,103,,,,
2023-08-01,5.33,5.25,5.5,5.3,5.32,5.33,5.65,108,,,,
2023-08-02,5.33,5.25,5.5,5.3,5.32,5.33,5.65,105,,,,
2023-08-03,5.33,5.25,5.5,5.3,5.32,5.33,5.65,105,,,,
2023-08-04,5.33,5.25,5.5,5.3,5.32,5.33,5.65,112,,,,
2023-08-07,5.33,5.25,5.5,5.3,5.32,5.33,5.65,106,,,,
2023-08-08,5.33,5.25,5.5,5.3,5.32,5.33,5.65,110,,,,
2023-08-09,5.33,5.25,5.5,5.3,5.31,5.33,5.65,111,,,,
2023-08-10,5.33,5.25,5.5,5.3,5.32,5.33,5.65,108,,,,
2023-08-11,5.33,5.25,5.5,5.3,5.31,5.33,5.65,105,,,,
2023-08-14,5.33,5.25,5.5,5.3,5.32,5.33,5.65,103,,,,
2023-08-15,5.33,5.25,5.5,5.3,5.32,5.33,5.65,102,,,,
2023-08-16,5.33,5.25,5.5,5.3,5.32,5.34,5.65,96,,,,
2023-08-17,5.33,5.25,5.5,5.3,5.32,5.33,5.6,98,,,,
2023-08-18,5.33,5.25,5.5,5.3,5.32,5.33,5.55,100,,,,
2023-08-21,5.33,5.25,5.5,5.3,5.32,5.33,5.55,100,,,,
2023-08-22,5.33,5.25,5.5,5.3,5.32,5.33,5.55,101,,,,
2023-08-23,5.33,5.25,5.5,5.3,5.32,5.33,5.55,105,,,,
2023-08-24,5.33,5.25,5.5,5.3,5.32,5.33,5.5,105,,,,
2023-08-25,5.33,5.25,5.5,5.3,5.32,5.33,5.5,103,,,,
2023-08-28,5.33,5.25,5.5,5.3,5.31,5.33,5.5,107,,,,
2023-08-29,5.33,5.25,5.5,5.3,5.32,5.33,5.55,102,,,,
2023-08-30,5.33,5.25,5.5,5.3,5.32,5.33,5.5,100,,,,
2023-08-31,5.33,5.25,5.5,5.3,5.32,5.33,5.5,97,,,,
2023-09-01,5.33,5.25,5.5,5.3,5.32,5.34,5.5,104,,,,
2023-09-05,5.33,5.25,5.5,5.3,5.32,5.33,5.5,102,,,,
2023-09-06,5.33,5.25,5.5,5.3,5.32,5.33,5.5,100,,,,
2023-09-07,5.33,5.25,5.5,5.3,5.32,5.33,5.5,105,,,,
2023-09-08,5.33,5.25,5.5,5.3,5.32,5.33,5.5,104,,,,
2023-09-11,5.33,5.25,5.5,5.3,5.32,5.33,5.5,105,,,,
2023-09-12,5.33,5.25,5.5,5.3,5.32,5.33,5.5,108,,,,
2023-09-13,5.33,5.25,5.5,5.3,5.32,5.33,5.55,104,,,,
2023-09-14,5.33,5.25,5.5,5.3,5.32,5.34,5.55,92,,,,
2023-09-15,5.33,5.25,5.5,5.3,5.32,5.33,5.5,96,,,,
2023-09-18,5.33,5.25,5.5,5.3,5.32,5.34,5.53,94,,,,
2023-09-19,5.33,5.25,5.5,5.3,5.32,5.34,5.55,90,,,,
2023-09-20,5.33,5.25,5.5,5.3,5.32,5.34,5.55,89,,,,
2023-09-21,5.33,5.25,5.5,5.3,5.32,5.34,5.55,87,,,,
2023-09-22,5.33,5.25,5.5,5.3,5.32,5.34,5.55,94,,,,
2023-09-25,5.33,5.25,5.5,5.3,5.32,5.34,5.55,93,,,,
2023-09-26,5.33,5.25,5.5,5.3,5.32,5.34,5.55,96,,,,
2023-09-27,5.33,5.25,5.5,5.3,5.32,5.34,5.55,99,,,,
2023-09-28,5.33,5.25,5.5,5.3,5.32,5.34,5.44,104,,,,
2023-09-29,5.33,5.25,5.5,5.3,5.32,5.34,5.55,86,,,,
2023-10-02,5.33,5.25,5.5,5.3,5.32,5.34,5.55,89,,,,
2023-10-03,5.33,5.25,5.5,5.3,5.32,5.34,5.55,94,,,,
2023-10-04,5.33,5.25,5.5,5.3,5.32,5.34,5.53,103,,,,
2023-10-05,5.33,5.25,5.5,5.3,5.32,5.34,5.55,102,,,,
2023-10-06,5.33,5.25,5.5,5.3,5.32,5.33,5.53,100,,,,
2023-10-10,5.33,5.25,5.5,5.3,5.32,5.34,5.55,95,,,,
2023-10-11,5.33,5.25,5.5,5.3,5.32,5.34,5.55,94,,,,
2023-10-12,5.33,5.25,5.5,5.3,5.32,5.33,5.53,103,,,,
2023-10-13,5.33,5.25,5.5,5.3,5.32,5.33,5.5,99,,,,
2023-10-16,5.33,5.25,5.5,5.3,5.32,5.34,5.55,96,,,,
2023-10-17,5.33,5.25,5.5,5.3,5.32,5.34,5.55,93,,,,
2023-10-18,5.33,5.25,5.5,5.3,5.32,5.34,5.55,89,,,,
2023-10-19,5.33,5.25,5.5,5.3,5.32,5.34,5.55,90,,,,
2023-10-20,5.33,5.25,5.5,5.3,5.32,5.34,5.55,87,,,,
2023-10-23,5.33,5.25,5.5,5.3,5.32,5.34,5.55,88,,,,
2023-10-24,5.33,5.25,5.5,5.3,5.32,5.34,5.55,83,,,,
2023-10-25,5.33,5.25,5.5,5.3,5.32,5.34,5.55,93,,,,
2023-10-26,5.33,5.25,5.5,5.3,5.32,5.34,5.5,100,,,,
2023-10-27,5.33,5.25,5.5,5.3,5.32,5.34,5.55,94,,,,
2023-10-30,5.33,5.25,5.5,5.3,5.32,5.33,5.5,97,,,,
2023-10-31,5.33,5.25,5.5,5.3,5.32,5.34,5.55,86,,,,
2023-11-01,5.33,5.25,5.5,5.3,5.32,5.34,5.53,92,,,,
2023-11-02,5.33,5.25,5.5,5.3,5.32,5.33,5.55,99,,,,
2023-11-03,5.33,5.25,5.5,5.3,5.32,5.33,5.5,102,,,,
2023-11-06,5.33,5.25,5.5,5.3,5.32,5.33,5.5,101,,,,
2023-11-07,5.33,5.25,5.5,5.3,5.32,5.33,5.53,104,,,,
2023-11-08,5.33,5.25,5.5,5.3,5.32,5.33,5.5,101,,,,
2023-11-09,5.33,5.25,5.5,5.3,5.32,5.33,5.5,105,,,,
2023-11-10,5.33,5.25,5.5,5.3,5.32,5.33,5.5,106,,,,
2023-11-13,5.33,5.25,5.5,5.3,5.32,5.33,5.5,102,,,,
2023-11-14,5.33,5.25,5.5,5.3,5.32,5.33,5.5,102,,,,
2023-11-15,5.33,5.25,5.5,5.3,5.32,5.33,5.5,96,,,,
2023-11-16,5.33,5.25,5.5,5.3,5.32,5.33,5.5,99,,,,
2023-11-17,5.33,5.25,5.5,5.3,5.32,5.33,5.5,98,,,,
2023-11-20,5.33,5.25,5.5,5.3,5.32,5.33,5.5,101,,,,
2023-11-21,5.33,5.25,5.5,5.3,5.32,5.33,5.5,102,,,,
2023-11-22,5.33,5.25,5.5,5.3,5.32,5.33,5.5,102,,,,
2023-11-24,5.33,5.25,5.5,5.3,5.32,5.33,5.5,101,,,,
2023-11-27,5.33,5.25,5.5,5.3,5.32,5.33,5.5,97,,,,
2023-11-28,5.33,5.25,5.5,5.3,5.32,5.33,5.5,97,,,,
2023-11-29,5.33,5.25,5.5,5.3,5.32,5.33,5.5,96,,,,
2023-11-30,5.33,5.25,5.5,5.3,5.32,5.34,5.5,91,,,,
2023-12-01,5.33,5.25,5.5,5.3,5.32,5.33,5.44,107,,,,
2023-12-04,5.33,5.25,5.5,5.3,5.32,5.33,5.45,103,,,,
2023-12-05,5.33,5.25,5.5,5.3,5.32,5.33,5.45,103,,,,
2023-12-06,5.33,5.25,5.5,5.3,5.32,5.33,5.45,103,,,,
2023-12-07,5.33,5.25,5.5,5.3,5.31,5.34,5.45,102,,,,
2023-12-08,5.33,5.25,5.5,5.3,5.32,5.33,5.45,101,,,,
2023-12-11,5.33,5.25,5.5,5.3,5.32,5.33,5.45,102,,,,
2023-12-12,5.33,5.25,5.5,5.3,5.31,5.33,5.44,106,,,,
2023-12-13,5.33,5.25,5.5,5.3,5.31,5.33,5.45,106,,,,
2023-12-14,5.33,5.25,5.5,5.3,5.31,5.33,5.35,108,,,,
2023-12-15,5.33,5.25,5.5,5.3,5.32,5.33,5.4,101,,,,
2023-12-18,5.33,5.25,5.5,5.3,5.32,5.33,5.45,95,,,,
2023-12-19,5.33,5.25,5.5,5.3,5.32,5.33,5.4,96,,,,
2023-12-20,5.33,5.25,5.5,5.3,5.32,5.33,5.4,97,,,,
2023-12-21,5.33,5.25,5.5,5.3,5.32,5.33,5.45,101,,,,
2023-12-22,5.33,5.25,5.5,5.3,5.32,5.33,5.4,90,,,,
2023-12-26,5.33,5.25,5.5,5.3,5.32,5.33,5.5,96,,,,
2023-12-27,5.33,5.25,5.5,5.3,5.32,5.33,5.5,88,,,,
2023-12-28,5.33,5.25,5.5,5.3,5.32,5.34,5.5,81,,,,
2023-12-29,5.33,5.25,5.5,5.31,5.32,5.35,5.55,59,,,,
2024-01-02,5.33,5.25,5.5,5.3,5.32,5.34,5.5,83,,,,
2024-01-03,5.33,5.25,5.5,5.3,5.32,5.34,5.48,87,,,,
2024-01-04,5.33,5.25,5.5,5.3,5.32,5.34,5.48,86,,,,
2024-01-05,5.33,5.25,5.5,5.3,5.32,5.34,5.45,84,,,,
2024-01-08,5.33,5.25,5.5,5.3,5.32,5.34,5.45,86,,,,
2024-01-09,5.33,5.25,5.5,5.3,5.32,5.33,5.45,91,,,,
2024-01-10,5.33,5.25,5.5,5.3,5.32,5.33,5.45,91,,,,
2024-01-11,5.33,5.25,5.5,5.3,5.32,5.33,5.4,96,,,,
2024-01-12,5.33,5.25,5.5,5.3,5.32,5.33,5.4,93,,,,
2024-01-16,5.33,5.25,5.5,5.3,5.32,5.34,5.45,85,,,,
2024-01-17,5.33,5.25,5.5,5.3,5.32,5.33,5.4,88,,,,
2024-01-18,5.33,5.25,5.5,5.31,5.32,5.34,5.45,87,,,,
2024-01-19,5.33,5.25,5.5,5.31,5.32,5.33,5.45,94,,,,
2024-01-22,5.33,5.25,5.5,5.31,5.32,5.33,5.45,92,,,,
2024-01-23,5.33,5.25,5.5,5.31,5.31,5.33,5.45,97,,,,
2024-01-24,5.33,5.25,5.5,5.3,5.32,5.33,5.45,96,,,,
2024-01-25,5.33,5.25,5.5,5.3,5.31,5.33,5.45,101,,,,
2024-01-26,5.33,5.25,5.5,5.3,5.31,5.33,5.45,100,,,,
2024-01-29,5.33,5.25,5.5,5.31,5.32,5.33,5.45,92,,,,
2024-01-30,5.33,5.25,5.5,5.31,5.32,5.33,5.5,92,,,,
2024-01-31,5.33,5.25,5.5,5.3,5.32,5.34,5.5,75,,,,
2024-02-01,5.33,5.25,5.5,5.31,5.32,5.34,5.5,81,,,,
2024-02-02,5.33,5.25,5.5,5.31,5.32,5.33,5.5,91,,,,
2024-02-05,5.33,5.25,5.5,5.31,5.32,5.33,5.5,96,,,,
2024-02-06,5.33,5.25,5.5,5.31,5.32,5.33,5.45,97,,,,
2024-02-07,5.33,5.25,5.5,5.31,5.32,5.33,5.45,96,,,,
2024-02-08,5.33,5.25,5.5,5.31,5.31,5.33,5.4,96,,,,
2024-02-09,5.33,5.25,5.5,5.31,5.32,5.33,5.35,96,,,,
2024-02-12,5.33,5.25,5.5,5.31,5.32,5.33,5.35,93,,,,
2024-02-13,5.33,5.25,5.5,5.31,5.32,5.33,5.4,98,,,,
2024-02-14,5.33,5.25,5.5,5.31,5.31,5.33,5.4,107,,,,
2024-02-15,5.33,5.25,5.5,5.31,5.31,5.33,5.42,112,,,,
2024-02-16,5.33,5.25,5.5,5.31,5.31,5.33,5.4,110,,,,
2024-02-20,5.33,5.25,5.5,5.31,5.31,5.33,5.45,104,,,,
2024-02-21,5.33,5.25,5.5,5.31,5.31,5.33,5.45,101,,,,
2024-02-22,5.33,5.25,5.5,5.31,5.32,5.33,5.4,103,,,,
2024-02-23,5.33,5.25,5.5,5.31,5.31,5.33,5.4,103,,,,
2024-02-26,5.33,5.25,5.5,5.31,5.32,5.33,5.47,98,,,,
2024-02-27,5.33,5.25,5.5,5.31,5.32,5.33,5.47,96,,,,
2024-02-28,5.33,5.25,5.5,5.31,5.32,5.33,5.45,96,,,,
2024-02-29,5.33,5.25,5.5,5.3,5.32,5.33,5.47,96,,,,
2024-03-01,5.33,5.25,5.5,5.31,5.32,5.34,5.47,84,,,,
2024-03-04,5.33,5.25,5.5,5.31,5.32,5.34,5.4,91,,,,
2024-03-05,5.33,5.25,5.5,5.31,5.32,5.33,5.4,101,,,,
2024-03-06,5.33,5.25,5.5,5.31,5.32,5.34,5.47,99,,,,
2024-03-07,5.33,5.25,5.5,5.31,5.32,5.34,5.35,98,,,,
2024-03-08,5.33,5.25,5.5,5.31,5.32,5.34,5.45,85,,,,
2024-03-11,5.33,5.25,5.5,5.31,5.32,5.34,5.47,85,,,,
2024-03-12,5.33,5.25,5.5,5.31,5.32,5.34,5.47,86,,,,
2024-03-13,5.33,5.25,5.5,5.31,5.32,5.34,5.45,89,,,,
2024-03-14,5.33,5.25,5.5,5.31,5.32,5.34,5.45,95,,,,
2024-03-15,5.33,5.25,5.5,5.31,5.32,5.34,5.45,90,,,,
2024-03-18,5.33,5.25,5.5,5.31,5.32,5.34,5.45,91,,,,
2024-03-19,5.33,5.25,5.5,5.31,5.32,5.34,5.45,89,,,,
2024-03-20,5.33,5.25,5.5,5.31,5.32,5.34,5.45,91,,,,
2024-03-21,5.33,5.25,5.5,5.31,5.32,5.34,5.45,93,,,,
2024-03-22,5.33,5.25,5.5,5.31,5.32,5.34,5.45,91,,,,
2024-03-25,5.33,5.25,5.5,5.31,5.32,5.34,5.46,85,,,,
2024-03-26,5.33,5.25,5.5,5.31,5.32,5.34,5.45,85,,,,
2024-03-27,5.33,5.25,5.5,5.3,5.32,5.34,5.45,82,,,,
2024-03-28,5.33,5.25,5.5,5.3,5.33,5.35,5.5,53,,,,
2024-03-29,5.33,5.25,5.5,5.31,5.33,5.34,5.45,62,,,,
2024-04-01,5.33,5.25,5.5,5.31,5.32,5.34,5.45,93,,,,
2024-04-02,5.33,5.25,5.5,5.31,5.32,5.34,5.35,94,,,,
2024-04-03,5.33,5.25,5.5,5.31,5.32,5.34,5.35,93,,,,
2024-04-04,5.33,5.25,5.5,5.31,5.32,5.34,5.35,93,,,,
2024-04-05,5.33,5.25,5.5,5.31,5.32,5.34,5.35,88,,,,
2024-04-08,5.33,5.25,5.5,5.31,5.33,5.34,5.45,82,,,,
2024-04-09,5.33,5.25,5.5,5.31,5.33,5.34,5.35,85,,,,
2024-04-10,5.33,5.25,5.5,5.31,5.33,5.34,5.35,86,,,,
2024-04-11,5.33,5.25,5.5,5.31,5.32,5.34,5.35,92,,,,
2024-04-12,5.33,5.25,5.5,5.31,5.32,5.34,5.35,88,,,,
2024-04-15,5.33,5.25,5.5,5.31,5.33,5.34,5.46,83,,,,
2024-04-16,5.33,5.25,5.5,5.31,5.32,5.34,5.46,83,,,,
2024-04-17,5.33,5.25,5.5,5.31,5.32,5.34,5.45,80,,,,
2024-04-18,5.33,5.25,5.5,5.31,5.32,5.34,5.46,82,,,,
2024-04-19,5.33,5.25,5.5,5.31,5.32,5.34,5.45,85,,,,
2024-04-22,5.33,5.25,5.5,5.31,5.32,5.34,5.46,79,,,,
2024-04-23,5.33,5.25,5.5,5.31,5.32,5.34,5.5,74,,,,
2024-04-24,5.33,5.25,5.5,5.31,5.33,5.34,5.55,71,,,,
2024-04-25,5.33,5.25,5.5,5.31,5.32,5.34,5.5,89,,,,
2024-04-26,5.33,5.25,5.5,5.31,5.32,5.34,5.5,94,,,,
2024-04-29,5.33,5.25,5.5,5.31,5.32,5.34,5.5,78,,,,
2024-04-30,5.33,5.25,5.5,5.3,5.32,5.34,5.5,82,,,,
2024-05-01,5.33,5.25,5.5,5.31,5.32,5.34,5.5,83,,,,
2024-05-02,5.33,5.25,5.5,5.31,5.32,5.34,5.5,83,,,,
2024-05-03,5.33,5.25,5.5,5.31,5.32,5.34,5.5,82,,,,
2024-05-06,5.33,5.25,5.5,5.31,5.32,5.34,5.5,75,,,,
2024-05-07,5.33,5.25,5.5,5.31,5.32,5.34,5.5,78,,,,
2024-05-08,5.33,5.25,5.5,5.31,5.32,5.34,5.5,77,,,,
2024-05-09,5.33,5.25,5.5,5.31,5.32,5.34,5.5,79,,,,
2024-05-10,5.33,5.25,5.5,5.31,5.32,5.34,5.5,79,,,,
2024-05-13,5.33,5.25,5.5,5.31,5.33,5.34,5.5,76,,,,
2024-05-14,5.33,5.25,5.5,5.31,5.33,5.34,5.5,76,,,,
2024-05-15,5.33,5.25,5.5,5.31,5.33,5.34,5.5,78,,,,
2024-05-16,5.33,5.25,5.5,5.31,5.32,5.34,5.5,78,,,,
2024-05-17,5.33,5.25,5.5,5.31,5.32,5.34,5.5,77,,,,
2024-05-20,5.33,5.25,5.5,5.31,5.32,5.34,5.5,75,,,,
2024-05-21,5.33,5.25,5.5,5.31,5.33,5.34,5.5,76,,,,
2024-05-22,5.33,5.25,5.5,5.31,5.33,5.34,5.5,80,,,,
2024-05-23,5.33,5.25,5.5,5.31,5.32,5.34,5.5,82,,,,
2024-05-24,5.33,5.25,5.5,5.31,5.32,5.34,5.5,90,,,,
2024-05-28,5.33,5.25,5.5,5.31,5.32,5.34,5.5,88,,,,
2024-05-29,5.33,5.25,5.5,5.31,5.32,5.34,5.5,88,,,,
2024-05-30,5.33,5.25,5.5,5.31,5.32,5.34,5.46,96,,,,
2024-05-31,5.33,5.25,5.5,5.3,5.32,5.34,5.47,99,,,,
2024-06-03,5.33,5.25,5.5,5.31,5.32,5.34,5.46,93,,,,
2024-06-04,5.33,5.25,5.5,5.31,5.32,5.34,5.46,100,,,,
2024-06-05,5.33,5.25,5.5,5.31,5.32,5.34,5.46,105,,,,
2024-06-06,5.33,5.25,5.5,5.31,5.32,5.34,5.45,105,,,,
2024-06-07,5.33,5.25,5.5,5.31,5.32,5.34,5.45,100,,,,
2024-06-10,5.33,5.25,5.5,5.31,5.32,5.34,5.45,93,,,,
2024-06-11,5.33,5.25,5.5,5.31,5.32,5.34,5.45,95,,,,
2024-06-12,5.33,5.25,5.5,5.31,5.32,5.34,5.45,93,,,,
2024-06-13,5.33,5.25,5.5,5.31,5.32,5.34,5.35,99,,,,
2024-06-14,5.33,5.25,5.5,5.31,5.32,5.34,5.45,87,,,,
2024-06-17,5.33,5.25,5.5,5.31,5.32,5.34,5.45,83,,,,
2024-06-18,5.33,5.25,5.5,5.31,5.32,5.34,5.45,85,,,,
2024-06-20,5.33,5.25,5.5,5.31,5.32,5.34,5.46,83,,,,
2024-06-21,5.33,5.25,5.5,5.31,5.32,5.34,5.5,78,,,,
2024-06-24,5.33,5.25,5.5,5.31,5.32,5.34,5.46,76,,,,
2024-06-25,5.33,5.25,5.5,5.31,5.32,5.34,5.45,85,,,,
2024-06-26,5.33,5.25,5.5,5.31,5.32,5.34,5.45,82,,,,
2024-06-27,5.33,5.25,5.5,5.31,5.32,5.34,5.45,83,,,,
2024-06-28,5.33,5.25,5.5,5.31,5.32,5.34,5.55,67,,,,
2024-07-01,5.33,5.25,5.5,5.31,5.32,5.34,5.45,85,,,,
2024-07-02,5.33,5.25,5.5,5.31,5.32,5.34,5.45,85,,,,
2024-07-03,5.33,5.25,5.5,5.31,5.32,5.34,5.45,88,,,,
2024-07-05,5.33,5.25,5.5,5.31,5.32,5.34,5.45,89,,,,
2024-07-08,5.33,5.25,5.5,5.31,5.32,5.34,5.45,80,,,,
2024-07-09,5.33,5.25,5.5,5.31,5.32,5.34,5.45,84,,,,
2024-07-10,5.33,5.25,5.5,5.31,5.32,5.34,5.45,88,,,,
2024-07-11,5.33,5.25,5.5,5.31,5.32,5.34,5.45,90,,,,
2024-07-12,5.33,5.25,5.5,5.31,5.32,5.34,5.45,88,,,,
2024-07-15,5.33,5.25,5.5,5.31,5.32,5.34,5.45,88,,,,
2024-07-16,5.33,5.25,5.5,5.31,5.32,5.34,5.45,85,,,,
2024-07-17,5.33,5.25,5.5,5.31,5.33,5.34,5.45,80,,,,
2024-07-18,5.33,5.25,5.5,5.31,5.32,5.34,5.35,83,,,,
2024-07-19,5.33,5.25,5.5,5.31,5.32,5.34,5.45,79,,,,
2024-07-22,5.33,5.25,5.5,5.31,5.32,5.34,5.45,84,,,,
2024-07-23,5.33,5.25,5.5,5.31,5.32,5.34,5.45,85,,,,
2024-07-24,5.33,5.25,5.5,5.31,5.32,5.34,5.45,86,,,,
2024-07-25,5.33,5.25,5.5,5.31,5.32,5.34,5.45,88,,,,
2024-07-26,5.33,5.25,5.5,5.31,5.32,5.34,5.44,85,,,,
2024-07-29,5.33,5.25,5.5,5.31,5.32,5.33,5.46,90,,,,
2024-07-30,5.33,5.25,5.5,5.31,5.32,5.34,5.35,87,,,,
2024-07-31,5.33,5.25,5.5,5.31,5.32,5.33,5.45,78,,,,
2024-08-01,5.33,5.25,5.5,5.31,5.32,5.34,5.35,83,,,,
2024-08-02,5.33,5.25,5.5,5.31,5.32,5.34,5.45,89,,,,
2024-08-05,5.33,5.25,5.5,5.31,5.32,5.34,5.45,86,,,,
2024-08-06,5.33,5.25,5.5,5.31,5.32,5.34,5.45,89,,,,
2024-08-07,5.33,5.25,5.5,5.31,5.32,5.34,5.35,96,,,,
2024-08-08,5.33,5.25,5.5,5.31,5.32,5.33,5.35,106,,,,
2024-08-09,5.33,5.25,5.5,5.31,5.32,5.33,5.35,104,,,,
2024-08-12,5.33,5.25,5.5,5.31,5.32,5.33,5.35,102,,,,
2024-08-13,5.33,5.25,5.5,5.31,5.32,5.33,5.35,100,,,,
2024-08-14,5.33,5.25,5.5,5.31,5.32,5.33,5.35,99,,,,
2024-08-15,5.33,5.25,5.5,5.31,5.32,5.33,5.35,96,,,,
2024-08-16,5.33,5.25,5.5,5.31,5.32,5.33,5.35,93,,,,
2024-08-19,5.33,5.25,5.5,5.31,5.32,5.33,5.35,95,,,,
2024-08-20,5.33,5.25,5.5,5.31,5.32,5.33,5.5,90,,,,
2024-08-21,5.33,5.25,5.5,5.31,5.32,5.34,5.45,93,,,,
2024-08-22,5.33,5.25,5.5,5.31,5.32,5.33,5.35,91,,,,
2024-08-23,5.33,5.25,5.5,5.31,5.32,5.33,5.38,93,,,,
2024-08-26,5.33,5.25,5.5,5.31,5.32,5.33,5.45,94,,,,
2024-08-27,5.33,5.25,5.5,5.31,5.32,5.34,5.35,86,,,,
2024-08-28,5.33,5.25,5.5,5.31,5.32,5.33,5.35,95,,,,
2024-08-29,5.33,5.25,5.5,5.31,5.32,5.33,5.35,97,,,,
2024-08-30,5.33,5.25,5.5,5.31,5.32,5.33,5.35,89,,,,
2024-09-03,5.33,5.25,5.5,5.31,5.32,5.33,5.35,100,,,,
2024-09-04,5.33,5.25,5.5,5.31,5.32,5.33,5.35,103,,,,
2024-09-05,5.33,5.25,5.5,5.31,5.32,5.33,5.35,102,,,,
2024-09-06,5.33,5.25,5.5,5.31,5.32,5.33,5.35,100,,,,
2024-09-09,5.33,5.25,5.5,5.31,5.32,5.34,5.35,95,,,,
2024-09-10,5.33,5.25,5.5,5.31,5.32,5.33,5.35,101,,,,
2024-09-11,5.33,5.25,5.5,5.31,5.32,5.33,5.35,105,,,,
2024-09-12,5.33,5.25,5.5,5.31,5.32,5.33,5.35,111,,,,
2024-09-13,5.33,5.25,5.5,5.31,5.32,5.33,5.35,105,,,,
2024-09-16,5.33,5.25,5.5,5.31,5.32,5.33,5.35,96,,,,
2024-09-17,5.33,5.25,5.5,5.31,5.32,5.33,5.35,103,,,,
2024-09-18,5.33,5.25,5.5,5.31,5.32,5.33,5.4,102,,,,
2024-09-19,4.83,4.75,5.0,4.81,4.82,4.84,4.95,90,,,,
2024-09-20,4.83,4.75,5.0,4.81,4.82,4.84,4.95,93,,,,
2024-09-23,4.83,4.75,5.0,4.81,4.82,4.84,4.92,95,,,,
2024-09-24,4.83,4.75,5.0,4.81,4.82,4.84,4.85,94,,,,
2024-09-25,4.83,4.75,5.0,4.81,4.82,4.83,4.85,103,,,,
2024-09-26,4.83,4.75,5.0,4.81,4.82,4.84,4.85,100,,,,
2024-09-27,4.83,4.75,5.0,4.81,4.82,4.84,4.86,94,,,,
2024-09-30,4.83,4.75,5.0,4.8,4.82,4.84,4.95,73,,,,
2024-10-01,4.83,4.75,5.0,4.81,4.83,4.84,4.85,85,,,,
2024-10-02,4.83,4.75,5.0,4.81,4.83,4.84,4.85,81,,,,
2024-10-03,4.83,4.75,5.0,4.81,4.83,4.84,4.85,81,,,,
2024-10-04,4.83,4.75,5.0,4.81,4.83,4.84,4.85,84,,,,
2024-10-07,4.83,4.75,5.0,4.81,4.83,4.84,4.85,86,,,,
2024-10-08,4.83,4.75,5.0,4.81,4.83,4.84,4.85,90,,,,
2024-10-09,4.83,4.75,5.0,4.81,4.83,4.84,4.85,94,,,,
2024-10-10,4.83,4.75,5.0,4.81,4.82,4.84,4.85,98,,,,
2024-10-11,4.83,4.75,5.0,4.81,4.82,4.84,4.85,94,,,,
2024-10-15,4.83,4.75,5.0,4.81,4.83,4.84,4.85,91,,,,
2024-10-16,4.83,4.75,5.0,4.81,4.83,4.84,4.85,97,,,,
2024-10-17,4.83,4.75,5.0,4.81,4.83,4.84,4.85,96,,,,
2024-10-18,4.83,4.75,5.0,4.81,4.83,4.84,4.85,98,,,,
2024-10-21,4.83,4.75,5.0,4.81,4.83,4.84,4.85,96,,,,
2024-10-22,4.83,4.75,5.0,4.81,4.83,4.84,4.85,98,,,,
2024-10-23,4.83,4.75,5.0,4.81,4.83,4.84,4.85,99,,,,
2024-10-24,4.83,4.75,5.0,4.81,4.82,4.84,4.85,98,,,,
2024-10-25,4.83,4.75,5.0,4.81,4.82,4.84,4.9,104,,,,
2024-10-28,4.83,4.75,5.0,4.81,4.83,4.84,4.92,99,,,,
2024-10-29,4.83,4.75,5.0,4.81,4.83,4.84,4.9,100,,,,
2024-10-30,4.83,4.75,5.0,4.81,4.83,4.84,4.85,104,,,,
2024-10-31,4.83,4.75,5.0,4.81,4.83,4.84,4.92,96,,,,
2024-11-01,4.83,4.75,5.0,4.81,4.83,4.84,4.89,99,,,,
2024-11-04,4.83,4.75,5.0,4.81,4.83,4.84,4.9,98,,,,
2024-11-05,4.83,4.75,5.0,4.81,4.82,4.84,4.9,104,,,,
2024-11-06,4.83,4.75,5.0,4.81,4.82,4.84,4.9,102,,,,
2024-11-07,4.83,4.75,5.0,4.81,4.82,4.84,4.9,100,,,,
2024-11-08,4.58,4.5,4.75,4.56,4.57,4.59,4.6,103,,,,
2024-11-12,4.58,4.5,4.75,4.56,4.57,4.59,4.6,101,,,,
2024-11-13,4.58,4.5,4.75,4.56,4.57,4.59,4.65,105,,,,
2024-11-14,4.58,4.5,4.75,4.56,4.57,4.59,4.64,107,,,,
2024-11-15,4.58,4.5,4.75,4.56,4.57,4.59,4.65,104,,,,
2024-11-18,4.58,4.5,4.75,4.56,4.57,4.59,4.6,103,,,,
2024-11-19,4.58,4.5,4.75,4.56,4.57,4.59,4.6,99,,,,
2024-11-20,4.58,4.5,4.75,4.56,4.57,4.59,4.6,102,,,,
2024-11-21,4.58,4.5,4.75,4.56,4.57,4.59,4.6,101,,,,
2024-11-22,4.58,4.5,4.75,4.56,4.57,4.59,4.7,100,,,,
2024-11-25,4.58,4.5,4.75,4.56,4.58,4.59,4.6,103,,,,
2024-11-26,4.58,4.5,4.75,4.56,4.57,4.59,4.6,101,,,,
2024-11-27,4.58,4.5,4.75,4.56,4.57,4.59,4.6,103,,,,
2024-11-29,4.58,4.5,4.75,4.55,4.58,4.59,4.6,95,,,,
2024-12-02,4.58,4.5,4.75,4.56,4.58,4.59,4.64,92,,,,
2024-12-03,4.58,4.5,4.75,4.56,4.57,4.59,4.6,94,,,,
2024-12-04,4.58,4.5,4.75,4.56,4.58,4.59,4.6,99,,,,
2024-12-05,4.58,4.5,4.75,4.56,4.57,4.59,4.6,109,,,,
2024-12-06,4.58,4.5,4.75,4.56,4.57,4.59,4.6,107,,,,
2024-12-09,4.58,4.5,4.75,4.56,4.58,4.59,4.6,100,,,,
2024-12-10,4.58,4.5,4.75,4.56,4.58,4.59,4.7,102,,,,
2024-12-11,4.58,4.5,4.75,4.56,4.58,4.59,4.6,106,,,,
2024-12-12,4.58,4.5,4.75,4.56,4.58,4.59,4.6,111,,,,
2024-12-13,4.58,4.5,4.75,4.56,4.58,4.59,4.6,102,,,,
2024-12-16,4.58,4.5,4.75,4.56,4.58,4.59,4.6,99,,,,
2024-12-17,4.58,4.5,4.75,4.56,4.58,4.59,4.6,103,,,,
2024-12-18,4.58,4.5,4.75,4.56,4.58,4.59,4.6,112,,,,
2024-12-19,4.33,4.25,4.5,4.31,4.33,4.34,4.35,104,,,,
2024-12-20,4.33,4.25,4.5,4.31,4.33,4.34,4.35,113,,,,
2024-12-23,4.33,4.25,4.5,4.31,4.33,4.33,4.35,119,,,,
2024-12-24,4.33,4.25,4.5,4.31,4.33,4.33,4.35,118,,,,
2024-12-26,4.33,4.25,4.5,4.31,4.32,4.33,4.35,128,,,,
2024-12-27,4.33,4.25,4.5,4.31,4.33,4.34,4.35,119,,,,
2024-12-30,4.33,4.25,4.5,4.31,4.33,4.33,4.35,108,,,,
2024-12-31,4.33,4.25,4.5,4.31,4.33,4.35,4.45,53,,,,
2025-01-02,4.33,4.25,4.5,4.31,4.33,4.34,4.35,106,,,,
2025-01-03,4.33,4.25,4.5,4.31,4.33,4.34,4.4,102,,,,
2025-01-06,4.33,4.25,4.5,4.31,4.33,4.34,4.4,98,,,,
2025-01-07,4.33,4.25,4.5,4.31,4.33,4.34,4.4,99,,,,
2025-01-08,4.33,4.25,4.5,4.31,4.33,4.34,4.35,105,,,,
2025-01-09,4.33,4.25,4.5,4.31,4.33,4.34,4.35,104,,,,
2025-01-10,4.33,4.25,4.5,4.31,4.33,4.34,4.35,102,,,,
2025-01-13,4.33,4.25,4.5,4.31,4.33,4.33,4.35,104,,,,
2025-01-14,4.33,4.25,4.5,4.31,4.32,4.33,4.35,112,,,,
2025-01-15,4.33,4.25,4.5,4.31,4.32,4.34,4.35,108,,,,
2025-01-16,4.33,4.25,4.5,4.31,4.32,4.34,4.35,105,,,,
2025-01-17,4.33,4.25,4.5,4.31,4.32,4.34,4.38,102,,,,
2025-01-21,4.33,4.25,4.5,4.31,4.32,4.34,4.4,100,,,,
2025-01-22,4.33,4.25,4.5,4.31,4.33,4.34,4.43,101,,,,
2025-01-23,4.33,4.25,4.5,4.31,4.33,4.34,4.4,93,,,,
2025-01-24,4.33,4.25,4.5,4.31,4.33,4.34,4.4,97,,,,
2025-01-27,4.33,4.25,4.5,4.31,4.33,4.34,4.4,97,,,,
2025-01-28,4.33,4.25,4.5,4.31,4.33,4.34,4.4,95,,,,
2025-01-29,4.33,4.25,4.5,4.31,4.33,4.34,4.4,92,,,,
2025-01-30,4.33,4.25,4.5,4.31,4.33,4.34,4.4,103,,,,
2025-01-31,4.33,4.25,4.5,4.32,4.32,4.34,4.42,83,,,,
2025-02-03,4.33,4.25,4.5,4.31,4.33,4.34,4.4,94,,,,
2025-02-04,4.33,4.25,4.5,4.31,4.33,4.34,4.4,104,,,,
2025-02-05,4.33,4.25,4.5,4.31,4.33,4.34,4.4,105,,,,
2025-02-06,4.33,4.25,4.5,4.31,4.33,4.34,4.4,105,,,,
2025-02-07,4.33,4.25,4.5,4.31,4.33,4.34,4.4,107,,,,
2025-02-10,4.33,4.25,4.5,4.31,4.33,4.34,4.4,96,,,,
2025-02-11,4.33,4.25,4.5,4.31,4.33,4.34,4.4,92,,,,
2025-02-12,4.33,4.25,4.5,4.31,4.33,4.34,4.4,94,,,,
2025-02-13,4.33,4.25,4.5,4.31,4.33,4.34,4.4,94,,,,
2025-02-14,4.33,4.25,4.5,4.31,4.33,4.34,4.4,91,,,,
2025-02-18,4.33,4.25,4.5,4.31,4.33,4.34,4.45,89,,,,
2025-02-19,4.33,4.25,4.5,4.31,4.33,4.34,4.45,95,,,,
2025-02-20,4.33,4.25,4.5,4.31,4.33,4.34,4.4,98,,,,
2025-02-21,4.33,4.25,4.5,4.31,4.33,4.34,4.4,103,,,,
2025-02-24,4.33,4.25,4.5,4.31,4.33,4.34,4.4,99,,,,
2025-02-25,4.33,4.25,4.5,4.31,4.33,4.34,4.45,108,,,,
2025-02-26,4.33,4.25,4.5,4.31,4.33,4.34,4.4,108,,,,
2025-02-27,4.33,4.25,4.5,4.31,4.33,4.34,4.4,110,,,,
2025-02-28,4.33,4.25,4.5,4.31,4.32,4.34,4.4,95,,,,
2025-03-03,4.33,4.25,4.5,4.31,4.33,4.34,4.4,110,,,,
2025-03-04,4.33,4.25,4.5,4.31,4.33,4.34,4.4,104,,,,
2025-03-05,4.33,4.25,4.5,4.31,4.33,4.34,4.4,112,,,,
2025-03-06,4.33,4.25,4.5,4.31,4.33,4.33,4.4,115,,,,
2025-03-07,4.33,4.25,4.5,4.31,4.33,4.34,4.4,110,,,,
2025-03-10,4.33,4.25,4.5,4.31,4.33,4.34,4.4,105,,,,
2025-03-11,4.33,4.25,4.5,4.31,4.33,4.34,4.4,97,,,,
2025-03-12,4.33,4.25,4.5,4.31,4.33,4.34,4.4,98,,,,
2025-03-13,4.33,4.25,4.5,4.31,4.33,4.33,4.4,105,,,,
2025-03-14,4.33,4.25,4.5,4.31,4.33,4.34,4.4,104,,,,
2025-03-17,4.33,4.25,4.5,4.31,4.33,4.34,4.4,106,,,,
2025-03-18,4.33,4.25,4.5,4.31,4.33,4.33,4.35,113,,,,
2025-03-19,4.33,4.25,4.5,4.31,4.33,4.33,4.4,106,,,,
2025-03-20,4.33,4.25,4.5,4.31,4.32,4.33,4.4,109,,,,
2025-03-21,4.33,4.25,4.5,4.31,4.33,4.34,4.4,106,,,,
2025-03-24,4.33,4.25,4.5,4.31,4.32,4.33,4.4,107,,,,
2025-03-25,4.33,4.25,4.5,4.31,4.33,4.33,4.4,105,,,,
2025-03-26,4.33,4.25,4.5,4.31,4.33,4.34,4.4,104,,,,
2025-03-27,4.33,4.25,4.5,4.31,4.33,4.33,4.35,109,,,,
2025-03-28,4.33,4.25,4.5,4.31,4.33,4.33,4.35,112,,,,
2025-03-31,4.33,4.25,4.5,4.3,4.32,4.34,4.45,78,,,,
2025-04-01,4.33,4.25,4.5,4.31,4.33,4.33,4.4,112,,,,
2025-04-02,4.33,4.25,4.5,4.31,4.33,4.33,4.4,104,,,,
2025-04-03,4.33,4.25,4.5,4.31,4.33,4.34,4.4,103,,,,
2025-04-04,4.33,4.25,4.5,4.31,4.33,4.34,4.4,95,,,,
2025-04-07,4.33,4.25,4.5,4.31,4.33,4.34,4.4,93,,,,
2025-04-08,4.33,4.25,4.5,4.31,4.33,4.34,4.4,93,,,,
2025-04-09,4.33,4.25,4.5,4.31,4.33,4.34,4.4,92,,,,
2025-04-10,4.33,4.25,4.5,4.31,4.33,4.34,4.35,98,,,,
2025-04-11,4.33,4.25,4.5,4.31,4.33,4.34,4.4,105,,,,
2025-04-14,4.33,4.25,4.5,4.31,4.33,4.34,4.4,99,,,,
2025-04-15,4.33,4.25,4.5,4.31,4.33,4.34,4.4,96,,,,
2025-04-16,4.33,4.25,4.5,4.31,4.33,4.34,4.4,88,,,,
2025-04-17,4.33,4.25,4.5,4.31,4.33,4.34,4.4,99,,,,
2025-04-18,4.33,4.25,4.5,4.31,4.33,4.34,4.4,94,,,,
2025-04-21,4.33,4.25,4.5,4.31,4.33,4.34,4.44,96,,,,
2025-04-22,4.33,4.25,4.5,4.31,4.33,4.34,4.45,99,,,,
2025-04-23,4.33,4.25,4.5,4.31,4.33,4.34,4.45,107,,,,
2025-04-24,4.33,4.25,4.5,4.31,4.33,4.34,4.45,103,,,,
2025-04-25,4.33,4.25,4.5,4.31,4.33,4.34,4.46,112,,,,
2025-04-28,4.33,4.25,4.5,4.31,4.33,4.34,4.45,105,,,,
2025-04-29,4.33,4.25,4.5,4.31,4.33,4.34,4.46,104,,,,
2025-04-30,4.33,4.25,4.5,4.31,4.33,4.34,4.46,92,,,,
2025-05-01,4.33,4.25,4.5,4.31,4.33,4.34,4.46,107,,,,
2025-05-02,4.33,4.25,4.5,4.31,4.33,4.34,4.45,111,,,,
2025-05-05,4.33,4.25,4.5,4.31,4.33,4.33,4.45,117,,,,
2025-05-06,4.33,4.25,4.5,4.31,4.33,4.33,4.45,120,,,,
2025-05-07,4.33,4.25,4.5,4.31,4.33,4.34,4.45,111,,,,
2025-05-08,4.33,4.25,4.5,4.31,4.33,4.34,4.45,113,,,,
2025-05-09,4.33,4.25,4.5,4.31,4.33,4.34,4.45,107,,,,
2025-05-12,4.33,4.25,4.5,4.31,4.33,4.34,4.45,105,,,,
2025-05-13,4.33,4.25,4.5,4.31,4.33,4.34,4.45,113,,,,
2025-05-14,4.33,4.25,4.5,4.31,4.33,4.34,4.45,112,,,,
2025-05-15,4.33,4.25,4.5,4.31,4.33,4.33,4.45,120,,,,
2025-05-16,4.33,4.25,4.5,4.31,4.33,4.33,4.45,117,,,,
2025-05-19,4.33,4.25,4.5,4.31,4.33,4.33,4.45,116,,,,
2025-05-20,4.33,4.25,4.5,4.31,4.33,4.34,4.45,111,,,,
2025-05-21,4.33,4.25,4.5,4.31,4.33,4.33,4.4,118,,,,
2025-05-22,4.33,4.25,4.5,4.25,4.33,4.33,4.4,118,,,,
2025-05-23,4.33,4.25,4.5,4.31,4.33,4.34,4.45,123,,,,
2025-05-27,4.33,4.25,4.5,4.31,4.33,4.34,4.45,115,,,,
2025-05-28,4.33,4.25,4.5,4.31,4.33,4.34,4.45,108,,,,
2025-05-29,4.33,4.25,4.5,4.31,4.33,4.34,4.45,114,,,,
2025-05-30,4.33,4.25,4.5,4.31,4.32,4.33,4.45,105,,,,
2025-06-02,4.33,4.25,4.5,4.31,4.33,4.34,4.45,113,,,,
2025-06-03,4.33,4.25,4.5,4.31,4.33,4.33,4.4,120,,,,
2025-06-04,4.33,4.25,4.5,4.31,4.33,4.33,4.45,114,,,,
2025-06-05,4.33,4.25,4.5,4.31,4.33,4.33,4.4,118,,,,
2025-06-06,4.33,4.25,4.5,4.31,4.33,4.33,4.4,118,,,,
2025-06-09,4.33,4.25,4.5,4.31,4.33,4.33,4.45,114,,,,
2025-06-10,4.33,4.25,4.5,4.31,4.33,4.33,4.45,112,,,,
2025-06-11,4.33,4.25,4.5,4.31,4.33,4.33,4.45,111,,,,
2025-06-12,4.33,4.25,4.5,4.31,4.32,4.33,4.45,114,,,,
2025-06-13,4.33,4.25,4.5,4.31,4.32,4.33,4.45,110,,,,
2025-06-16,4.33,4.25,4.5,4.31,4.33,4.34,4.45,101,,,,
2025-06-17,4.33,4.25,4.5,4.31,4.33,4.34,4.45,104,,,,
2025-06-18,4.33,4.25,4.5,4.31,4.33,4.34,4.45,109,,,,
2025-06-20,4.33,4.25,4.5,4.31,4.33,4.33,4.45,118,,,,
2025-06-23,4.33,4.25,4.5,4.31,4.33,4.33,4.45,115,,,,
2025-06-24,4.33,4.25,4.5,4.31,4.33,4.34,4.45,115,,,,
2025-06-25,4.33,4.25,4.5,4.31,4.33,4.33,4.45,128,,,,
2025-06-26,4.33,4.25,4.5,4.31,4.32,4.33,4.45,124,,,,
2025-06-27,4.33,4.25,4.5,4.31,4.33,4.33,4.45,122,,,,
2025-06-30,4.33,4.25,4.5,4.3,4.33,4.34,4.45,79,,,,
2025-07-01,4.33,4.25,4.5,4.31,4.33,4.33,4.45,133,,,,
2025-07-02,4.33,4.25,4.5,4.31,4.33,4.33,4.43,129,,,,
2025-07-03,4.33,4.25,4.5,4.31,4.33,4.33,4.43,129,,,,
2025-07-07,4.33,4.25,4.5,4.31,4.33,4.33,4.43,118,,,,
2025-07-08,4.33,4.25,4.5,4.31,4.33,4.33,4.45,117,,,,
2025-07-09,4.33,4.25,4.5,4.31,4.33,4.34,4.45,105,,,,
2025-07-10,4.33,4.25,4.5,4.31,4.33,4.33,4.4,106,,,,
2025-07-11,4.33,4.25,4.5,4.31,4.33,4.33,4.4,103,,,,
2025-07-14,4.33,4.25,4.5,4.31,4.33,4.34,4.43,104,,,,
2025-07-15,4.33,4.25,4.5,4.31,4.33,4.34,4.43,101,,,,
2025-07-16,4.33,4.25,4.5,4.31,4.33,4.33,4.4,115,,,,
2025-07-17,4.33,4.25,4.5,4.31,4.33,4.33,4.4,113,,,,
2025-07-18,4.33,4.25,4.5,4.31,4.33,4.33,4.4,110,,,,
2025-07-21,4.33,4.25,4.5,4.31,4.33,4.34,4.44,108,,,,
2025-07-22,4.33,4.25,4.5,4.31,4.33,4.33,4.35,107,,,,
2025-07-23,4.33,4.25,4.5,4.31,4.33,4.33,4.35,115,,,,
2025-07-24,4.33,4.25,4.5,4.31,4.33,4.34,4.4,109,,,,
2025-07-25,4.33,4.25,4.5,4.31,4.33,4.33,4.4,114,,,,
2025-07-28,4.33,4.25,4.5,4.31,4.33,4.33,4.4,112,,,,
2025-07-29,4.33,4.25,4.5,4.31,4.33,4.34,4.4,112,,,,
2025-07-30,4.33,4.25,4.5,4.31,4.33,4.33,4.35,105,,,,
2025-07-31,4.33,4.25,4.5,4.32,4.33,4.34,4.4,92,,,,
2025-08-01,4.33,4.25,4.5,4.31,4.33,4.33,4.35,129,,,,
2025-08-04,4.33,4.25,4.5,4.31,4.33,4.33,4.4,117,,,,
2025-08-05,4.33,4.25,4.5,4.31,4.33,4.33,4.35,115,,,,
2025-08-06,4.33,4.25,4.5,4.31,4.33,4.33,4.35,112,,,,
2025-08-07,4.33,4.25,4.5,4.31,4.33,4.33,4.35,108,,,,
2025-08-08,4.33,4.25,4.5,4.31,4.33,4.33,4.35,115,,,,
2025-08-11,4.33,4.25,4.5,4.31,4.33,4.33,4.35,115,,,,
2025-08-12,4.33,4.25,4.5,4.31,4.33,4.33,4.4,114,,,,
2025-08-13,4.33,4.25,4.5,4.31,4.33,4.33,4.4,116,,,,
2025-08-14,4.33,4.25,4.5,4.31,4.33,4.33,4.4,114,,,,
2025-08-15,4.33,4.25,4.5,4.31,4.33,4.33,4.4,112,,,,
2025-08-18,4.33,4.25,4.5,4.31,4.33,4.34,4.43,112,,,,
2025-08-19,4.33,4.25,4.5,4.31,4.33,4.33,4.43,109,,,,
2025-08-20,4.33,4.25,4.5,4.31,4.33,4.33,4.4,115,,,,
2025-08-21,4.33,4.25,4.5,4.31,4.33,4.33,4.4,117,,,,
2025-08-22,4.33,4.25,4.5,4.31,4.33,4.33,4.4,114,,,,
2025-08-25,4.33,4.25,4.5,4.31,4.33,4.33,4.4,113,,,,
2025-08-26,4.33,4.25,4.5,4.31,4.33,4.33,4.35,113,,,,
2025-08-27,4.33,4.25,4.5,4.31,4.33,4.33,4.35,114,,,,
2025-08-28,4.33,4.25,4.5,4.31,4.33,4.33,4.35,115,,,,
2025-08-29,4.33,4.25,4.5,4.31,4.32,4.33,4.4,115,,,,
2025-09-02,4.33,4.25,4.5,4.31,4.33,4.33,4.4,120,,,,
2025-09-03,4.33,4.25,4.5,4.31,4.33,4.33,4.4,119,,,,
2025-09-04,4.33,4.25,4.5,4.31,4.33,4.33,4.35,118,,,,
2025-09-05,4.33,4.25,4.5,4.31,4.33,4.33,4.35,116,,,,
2025-09-08,4.33,4.25,4.5,4.31,4.33,4.34,4.4,110,,,,
2025-09-09,4.33,4.25,4.5,4.31,4.33,4.34,4.4,112,,,,
2025-09-10,4.33,4.25,4.5,4.31,4.33,4.34,4.4,111,,,,
2025-09-11,4.33,4.25,4.5,4.31,4.33,4.34,4.4,117,,,,
2025-09-12,4.33,4.25,4.5,4.31,4.33,4.34,4.4,106,,,,
2025-09-15,4.33,4.25,4.5,4.32,4.33,4.34,4.4,91,,,,
2025-09-16,4.33,4.25,4.5,4.32,4.33,4.34,4.4,98,,,,
2025-09-17,4.33,4.25,4.5,4.32,4.33,4.34,4.45,96,,,,
2025-09-18,4.08,4.0,4.25,4.07,4.08,4.09,4.18,92,,,,
2025-09-19,4.08,4.0,4.25,4.07,4.08,4.09,4.18,95,,,,
2025-09-22,4.09,4.0,4.25,4.07,4.08,4.09,4.15,93,,,,
2025-09-23,4.09,4.0,4.25,4.07,4.08,4.09,4.15,95,,,,
2025-09-24,4.09,4.0,4.25,4.08,4.08,4.1,4.12,88,,,,
2025-09-25,4.09,4.0,4.25,4.08,4.08,4.1,4.15,92,,,,
2025-09-26,4.09,4.0,4.25,4.08,4.09,4.1,4.15,95,,,,
2025-09-29,4.09,4.0,4.25,4.08,4.09,4.1,4.15,89,,,,
2025-09-30,4.09,4.0,4.25,4.07,4.08,4.1,4.18,92,,,,
2025-10-01,4.09,4.0,4.25,4.08,4.09,4.1,4.15,103,,,,
2025-10-02,4.09,4.0,4.25,4.08,4.09,4.1,4.15,102,,,,
2025-10-03,4.09,4.0,4.25,4.08,4.09,4.1,4.15,95,,,,
2025-10-06,4.09,4.0,4.25,4.08,4.09,4.1,4.18,84,,,,
2025-10-07,4.09,4.0,4.25,4.08,4.09,4.1,4.15,81,,,,
2025-10-08,4.1,4.0,4.25,4.08,4.09,4.1,4.15,76,,,,
2025-10-09,4.1,4.0,4.25,4.08,4.09,4.1,4.15,84,,,,
2025-10-10,4.1,4.0,4.25,4.08,4.09,4.1,4.15,87,,,,
2025-10-14,4.1,4.0,4.25,4.08,4.1,4.11,4.18,80,,,,
2025-10-15,4.1,4.0,4.25,4.09,4.1,4.12,4.15,81,,,,
2025-10-16,4.11,4.0,4.25,4.09,4.1,4.12,4.15,85,,,,
2025-10-17,4.11,4.0,4.25,4.09,4.1,4.12,4.18,79,,,,
2025-10-20,4.11,4.0,4.25,4.09,4.1,4.12,4.15,82,,,,
2025-10-21,4.11,4.0,4.25,4.09,4.1,4.12,4.18,85,,,,
2025-10-22,4.11,4.0,4.25,4.09,4.1,4.12,4.15,91,,,,
2025-10-23,4.11,4.0,4.25,4.09,4.11,4.12,4.15,93,,,,
2025-10-24,4.11,4.0,4.25,4.09,4.11,4.12,4.15,90,,,,
2025-10-27,4.12,4.0,4.25,4.09,4.11,4.12,4.15,88,,,,
2025-10-28,4.12,4.0,4.25,4.09,4.11,4.12,4.15,92,,,,
2025-10-29,4.12,4.0,4.25,4.09,4.11,4.12,4.15,98,,,,
2025-10-30,3.87,3.75,4.0,3.84,3.86,3.87,3.9,104,,,,
2025-10-31,3.86,3.75,4.0,3.84,3.85,3.87,3.93,107,,,,
2025-11-03,3.87,3.75,4.0,3.84,3.86,3.87,3.9,98,,,,
2025-11-04,3.87,3.75,4.0,3.84,3.86,3.87,3.9,94,,,,
2025-11-05,3.87,3.75,4.0,3.84,3.86,3.87,3.9,94,,,,
2025-11-06,3.87,3.75,4.0,3.84,3.86,3.87,3.93,87,,,,
2025-11-07,3.87,3.75,4.0,3.84,3.86,3.88,3.93,83,,,,
2025-11-10,3.87,3.75,4.0,3.84,3.86,3.88,3.9,77,,,,
2025-11-12,3.87,3.75,4.0,3.84,3.87,3.88,3.93,77,,,,
2025-11-13,3.88,3.75,4.0,3.84,3.87,3.89,3.93,78,,,,
2025-11-14,3.88,3.75,4.0,3.84,3.87,3.89,3.93,72,,,,
2025-11-17,3.88,3.75,4.0,3.84,3.87,3.89,3.93,75,,,,
2025-11-18,3.88,3.75,4.0,3.84,3.88,3.89,3.91,78,,,,
2025-11-19,3.88,3.75,4.0,3.84,3.88,3.89,3.91,76,,,,
2025-11-20,3.88,3.75,4.0,3.84,3.88,3.89,3.93,75,,,,
2025-11-21,3.88,3.75,4.0,3.84,3.88,3.89,3.91,81,,,,
2025-11-24,3.88,3.75,4.0,3.84,3.88,3.89,3.93,73,,,,
2025-11-25,3.88,3.75,4.0,3.84,3.88,3.89,3.93,78,,,,
2025-11-26,3.88,3.75,4.0,3.84,3.88,3.89,3.93,89,,,,
2025-11-28,3.89,3.75,4.0,3.84,3.88,3.89,3.92,90,,,,
2025-12-01,3.89,3.75,4.0,3.84,3.88,3.9,3.93,85,,,,
2025-12-02,3.89,3.75,4.0,3.84,3.88,3.9,3.93,91,,,,
2025-12-03,3.89,3.75,4.0,3.84,3.88,3.9,3.93,85,,,,
2025-12-04,3.89,3.75,4.0,3.84,3.88,3.9,3.93,87,,,,
2025-12-05,3.89,3.75,4.0,3.84,3.88,3.9,3.91,88,,,,
2025-12-08,3.89,3.75,4.0,3.84,3.88,3.9,3.91,84,,,,
2025-12-09,3.89,3.75,4.0,3.84,3.88,3.9,3.91,85,,,,
2025-12-10,3.89,3.75,4.0,3.84,3.88,3.9,3.91,98,,,,
2025-12-11,3.64,3.5,3.75,3.6,3.63,3.65,3.66,99,,,,
2025-12-12,3.64,3.5,3.75,3.6,3.63,3.65,3.68,102,,,,
2025-12-15,3.64,3.5,3.75,3.6,3.63,3.65,3.66,97,,,,
2025-12-16,3.64,3.5,3.75,3.6,3.64,3.65,3.66,95,,,,
2025-12-17,3.64,3.5,3.75,3.6,3.63,3.65,3.66,94,,,,
2025-12-18,3.64,3.5,3.75,3.6,3.64,3.65,3.66,88,,,,
2025-12-19,3.64,3.5,3.75,3.6,3.64,3.65,3.65,93,,,,
2025-12-22,3.64,3.5,3.75,3.6,3.64,3.65,3.65,87,,,,
2025-12-23,3.64,3.5,3.75,3.6,3.63,3.65,3.65,85,,,,
2025-12-24,3.64,3.5,3.75,3.6,3.64,3.65,3.65,88,,,,
2025-12-26,3.64,3.5,3.75,3.6,3.63,3.65,3.65,101,,,,
2025-12-29,3.64,3.5,3.75,3.6,3.63,3.65,3.68,87,,,,
2025-12-30,3.64,3.5,3.75,3.6,3.64,3.65,3.68,87,,,,
2025-12-31,3.64,3.5,3.75,3.6,3.64,3.65,3.69,74,,,,
2026-01-02,3.64,3.5,3.75,3.6,3.63,3.65,3.68,92,,,,
2026-01-05,3.64,3.5,3.75,3.6,3.64,3.65,3.68,88,,,,
2026-01-06,3.64,3.5,3.75,3.6,3.63,3.65,3.67,88,,,,
2026-01-07,3.64,3.5,3.75,3.6,3.63,3.65,3.68,83,,,,
2026-01-08,3.64,3.5,3.75,3.6,3.63,3.65,3.66,87,,,,
2026-01-09,3.64,3.5,3.75,3.6,3.63,3.65,3.65,93,,,,
2026-01-12,3.64,3.5,3.75,3.6,3.63,3.65,3.66,93,,,,
2026-01-13,3.64,3.5,3.75,3.6,3.63,3.64,3.65,92,,,,
2026-01-14,3.64,3.5,3.75,3.6,3.63,3.64,3.65,94,,,,
2026-01-15,3.64,3.5,3.75,3.6,3.63,3.64,3.68,91,,,,
2026-01-16,3.64,3.5,3.75,3.6,3.63,3.64,3.68,84,,,,
2026-01-20,3.64,3.5,3.75,3.6,3.63,3.64,3.68,83,,,,
2026-01-21,3.64,3.5,3.75,3.6,3.63,3.64,3.68,95,,,,
2026-01-22,3.64,3.5,3.75,3.56,3.63,3.64,3.68,89,,,,
2026-01-23,3.64,3.5,3.75,3.6,3.63,3.64,3.67,99,,,,
2026-01-26,3.64,3.5,3.75,3.6,3.63,3.64,3.68,83,,,,
2026-01-27,3.64,3.5,3.75,3.6,3.63,3.64,3.68,88,,,,
2026-01-28,3.64,3.5,3.75,3.6,3.63,3.64,3.68,89,,,,
2026-01-29,3.64,3.5,3.75,3.6,3.63,3.64,3.68,104,,,,
2026-01-30,3.64,3.5,3.75,3.6,3.63,3.64,3.68,101,,,,
2026-02-02,3.64,3.5,3.75,3.6,3.63,3.64,3.68,93,,,,
2026-02-03,3.64,3.5,3.75,3.6,3.63,3.64,3.68,107,,,,
2026-02-04,3.64,3.5,3.75,3.6,3.63,3.64,3.66,109,,,,
2026-02-05,3.64,3.5,3.75,3.6,3.63,3.64,3.66,110,,,,
2026-02-06,3.64,3.5,3.75,3.6,3.63,3.64,3.68,106,,,,
2026-02-09,3.64,3.5,3.75,3.6,3.63,3.64,3.68,92,,,,
2026-02-10,3.64,3.5,3.75,3.6,3.63,3.64,3.66,104,,,,
2026-02-11,3.64,3.5,3.75,3.6,3.63,3.64,3.68,101,,,,
2026-02-12,3.64,3.5,3.75,3.6,3.63,3.64,3.68,97,,,,
2026-02-13,3.64,3.5,3.75,3.6,3.63,3.64,3.68,90,,,,
2026-02-17,3.64,3.5,3.75,3.6,3.63,3.64,3.68,97,,,,
2026-02-18,3.64,3.5,3.75,3.6,3.63,3.64,3.68,104,,,,
2026-02-19,3.64,3.5,3.75,3.6,3.63,3.64,3.68,100,,,,
2026-02-20,3.64,3.5,3.75,3.6,3.63,3.64,3.66,101,,,,
2026-02-23,3.64,3.5,3.75,3.6,3.63,3.64,3.68,97,,,,
2026-02-24,3.64,3.5,3.75,3.6,3.63,3.64,3.68,106,,,,
2026-02-25,3.64,3.5,3.75,3.6,3.63,3.64,3.68,108,,,,
2026-02-26,3.64,3.5,3.75,3.6,3.63,3.64,3.68,108,,,,
2026-02-27,3.64,3.5,3.75,3.6,3.63,3.64,3.65,107,,,,
2026-03-02,3.64,3.5,3.75,3.6,3.63,3.64,3.68,97,,,,
2026-03-03,3.64,3.5,3.75,3.6,3.63,3.64,3.68,101,,,,
2026-03-04,3.64,3.5,3.75,3.6,3.63,3.64,3.66,106,,,,
2026-03-05,3.64,3.5,3.75,3.6,3.63,3.64,3.68,106,,,,
2026-03-06,3.64,3.5,3.75,3.6,3.63,3.64,3.66,102,,,,
2026-03-09,3.64,3.5,3.75,3.6,3.63,3.64,3.66,99,,,,
2026-03-10,3.64,3.5,3.75,3.6,3.63,3.64,3.68,104,,,,
2026-03-11,3.64,3.5,3.75,3.6,3.63,3.64,3.66,97,,,,
2026-03-12,3.64,3.5,3.75,3.6,3.63,3.64,3.66,99,,,,
2026-03-13,3.64,3.5,3.75,3.6,3.63,3.64,3.66,92,,,,
2026-03-16,3.64,3.5,3.75,3.6,3.63,3.64,3.68,88,,,,
2026-03-17,3.64,3.5,3.75,3.6,3.63,3.64,3.68,93,,,,
2026-03-18,3.64,3.5,3.75,3.6,3.63,3.65,3.69,93,,,,
2026-03-19,3.64,3.5,3.75,3.6,3.63,3.65,3.68,103,,,,
2026-03-20,3.64,3.5,3.75,3.6,3.63,3.65,3.68,103,,,,
2026-03-23,3.64,3.5,3.75,3.6,3.63,3.65,3.68,97,,,,
2026-03-24,3.64,3.5,3.75,3.6,3.64,3.65,3.68,96,,,,
2026-03-25,3.64,3.5,3.75,3.6,3.63,3.65,3.68,93,,,,
2026-03-26,3.64,3.5,3.75,3.6,3.63,3.65,3.65,101,,,,
2026-03-27,3.64,3.5,3.75,3.6,3.63,3.64,3.66,105,,,,
2026-03-30,3.64,3.5,3.75,3.6,3.63,3.65,3.66,105,,,,
2026-03-31,3.64,3.5,3.75,3.6,3.64,3.64,3.69,86,,,,
2026-04-01,3.64,3.5,3.75,3.6,3.63,3.64,3.68,110,,,,
2026-04-02,3.64,3.5,3.75,3.6,3.63,3.64,3.68,105,,,,
2026-04-03,3.64,3.5,3.75,3.6,3.63,3.64,3.66,106,,,,
2026-04-06,3.64,3.5,3.75,3.6,3.63,3.64,3.66,103,,,,
2026-04-07,3.64,3.5,3.75,3.6,3.63,3.64,3.66,106,,,,
2026-04-08,3.64,3.5,3.75,3.6,3.63,3.64,3.66,106,,,,
2026-04-09,3.64,3.5,3.75,3.6,3.63,3.64,3.65,105,,,,
2026-04-10,3.64,3.5,3.75,3.6,3.63,3.64,3.66,106,,,,
2026-04-13,3.64,3.5,3.75,3.6,3.63,3.64,3.68,97,,,,
2026-04-14,3.64,3.5,3.75,3.6,3.63,3.64,3.68,94,,,,
2026-04-15,3.64,3.5,3.75,3.6,3.63,3.65,3.68,83,,,,
2026-04-16,3.64,3.5,3.75,3.6,3.64,3.65,3.68,85,,,,
2026-04-17,3.64,3.5,3.75,3.6,3.63,3.65,3.7,85,,,,
2026-04-20,3.64,3.5,3.75,3.6,3.64,3.65,3.7,69,,,,
2026-04-21,3.64,3.5,3.75,3.6,3.64,3.65,3.7,85,,,,
2026-04-22,3.64,3.5,3.75,3.6,3.64,3.65,3.7,89,,,,
2026-04-23,3.64,3.5,3.75,3.6,3.64,3.65,3.7,93,,,,
2026-04-24,3.64,3.5,3.75,3.6,3.64,3.65,3.69,97,,,,
2026-04-27,3.64,3.5,3.75,3.6,3.63,3.65,3.7,85,,,,
2026-04-28,3.64,3.5,3.75,3.6,3.64,3.65,3.7,82,,,,
2026-04-29,3.64,3.5,3.75,3.6,3.64,3.65,3.7,87,,,,
2026-04-30,3.64,3.5,3.75,3.6,3.63,3.65,3.7,90,,,,
2026-05-01,3.64,3.5,3.75,3.6,3.63,3.64,3.7,115,,,,
2026-05-04,3.64,3.5,3.75,3.6,3.63,3.64,3.7,111,,,,
2026-05-05,3.64,3.5,3.75,3.6,3.63,3.64,3.7,113,,,,
2026-05-06,3.64,3.5,3.75,3.6,3.63,3.64,3.69,118,,,,
2026-05-07,3.63,3.5,3.75,3.6,3.63,3.64,3.69,119,,,,
2026-05-08,3.63,3.5,3.75,3.6,3.63,3.64,3.7,123,,,,
2026-05-11,3.63,3.5,3.75,3.6,3.63,3.64,3.7,114,,,,
2026-05-12,3.63,3.5,3.75,3.6,3.62,3.64,3.7,118,,,,
2026-05-13,3.63,3.5,3.75,3.6,3.62,3.63,3.69,123,,,,
2026-05-14,3.63,3.5,3.75,3.6,3.62,3.63,3.68,120,,,,
2026-05-15,3.63,3.5,3.75,3.6,3.62,3.63,3.68,123,,,,
2026-05-18,3.63,3.5,3.75,3.6,3.62,3.63,3.69,118,,,,
2026-05-19,3.62,3.5,3.75,3.6,3.62,3.63,3.68,119,,,,
2026-05-20,3.62,3.5,3.75,3.6,3.62,3.63,3.68,119,,,,
2026-05-21,3.62,3.5,3.75,3.59,3.61,3.62,3.68,120,,,,
2026-05-22,3.62,3.5,3.75,3.59,3.61,3.62,3.69,121,,,,
2026-05-26,3.62,3.5,3.75,3.6,3.62,3.63,3.68,113,,,,
2026-05-27,3.62,3.5,3.75,3.6,3.62,3.63,3.7,106,,,,
2026-05-28,3.62,3.5,3.75,3.6,3.62,3.63,3.7,106,,,,
2026-05-29,3.62,3.5,3.75,3.6,3.62,3.63,3.7,109,,,,
2026-06-01,3.62,3.5,3.75,3.6,3.62,3.63,3.7,123,,,,
2026-06-02,3.62,3.5,3.75,3.6,3.62,3.63,3.69,133,,,,
2026-06-03,3.62,3.5,3.75,3.6,3.62,3.63,3.69,119,,,,
2026-06-04,3.62,3.5,3.75,3.6,3.62,3.63,3.68,121,,,,
2026-06-05,3.62,3.5,3.75,3.6,3.62,3.63,3.69,117,,,,
2026-06-08,3.62,3.5,3.75,3.6,3.62,3.63,3.69,108,,,,
2026-06-09,3.62,3.5,3.75,3.6,3.62,3.63,3.7,106,,,,
2026-06-10,3.62,3.5,3.75,3.6,3.62,3.63,3.69,106,,,,
2026-06-11,3.62,3.5,3.75,3.6,3.62,3.63,3.69,106,,,,
2026-06-12,3.62,3.5,3.75,3.6,3.62,3.63,3.7,110,,,,
2026-06-15,3.63,3.5,3.75,3.6,3.62,3.63,3.7,102,,,,
2026-06-16,3.63,3.5,3.75,3.6,3.62,3.63,3.7,106,,,,
2026-06-17,3.63,3.5,3.75,3.6,3.62,3.63,3.7,107,,,,
2026-06-18,3.63,3.5,3.75,3.6,3.62,3.63,3.68,115,,,,
2026-06-22,3.63,3.5,3.75,3.6,3.62,3.63,3.69,115,,,,
2026-06-23,3.63,3.5,3.75,3.6,3.62,3.63,3.69,109,,,,
2026-06-24,3.63,3.5,3.75,3.6,3.62,3.63,3.68,113,,,,
2026-06-25,3.63,3.5,3.75,3.6,3.62,3.63,3.68,120,,,,
2026-06-26,3.63,3.5,3.75,3.6,3.62,3.63,3.66,120,,,,
2026-06-29,3.63,3.5,3.75,3.6,3.62,3.63,3.68,123,,,,
2026-06-30,3.63,3.5,3.75,3.6,3.62,3.63,3.7,98,,,,
2026-07-01,3.63,3.5,3.75,3.6,3.62,3.63,3.65,119,,,,
2026-07-02,3.63,3.5,3.75,3.6,3.62,3.63,3.65,121,,,,
2026-07-03,3.63,3.5,3.75,3.6,3.62,3.63,3.65,121,,,,
2026-07-06,3.63,3.5,3.75,3.6,3.62,3.63,3.65,117,,,,
2026-07-07,3.63,3.5,3.75,3.6,3.62,3.63,3.64,117,,,,
2026-07-08,3.62,3.5,3.75,3.6,3.62,3.63,3.65,131,,,,
2026-07-09,3.62,3.5,3.75,3.6,3.62,3.63,3.64,126,,,,
2026-07-10,3.62,3.5,3.75,3.6,3.62,3.63,3.64,126,,,,
2026-07-13,3.62,3.5,3.75,3.6,3.62,3.63,3.64,112,,,,
2026-07-14,3.63,3.5,3.75,3.6,3.62,3.63,3.65,111,,,,
2026-07-15,3.63,3.5,3.75,3.6,3.62,3.63,3.65,109,,,,
2026-07-16,3.63,3.5,3.75,3.6,3.62,3.63,3.65,113,,,,
2026-07-17,3.63,3.5,3.75,3.6,3.62,3.63,3.68,111,,,,
2026-07-20,3.63,3.5,3.75,3.6,3.62,3.63,3.68,106,,,,
2026-07-21,3.63,3.5,3.75,3.6,3.62,3.63,3.66,106,,,,
2026-07-22,3.63,3.5,3.75,3.6,3.62,3.63,3.66,102,,,,
2026-07-23,3.63,3.5,3.75,3.6,3.62,3.63,3.67,104,,,,
2026-07-24,3.63,3.5,3.75,3.6,3.62,3.63,3.68,106,,,,
2026-07-27,3.63,3.5,3.75,3.6,3.62,3.63,3.69,104,,,,
2026-07-28,3.63,3.5,3.75,3.6,3.62,3.63,3.68,106,,,,
2026-07-29,3.63,3.5,3.75,3.6,3.62,3.63,3.69,101,,,,
