run_at,code,period,value,status,reason
2026-10-06T12:54:18,fed_upper,2026-10-05,4.0,green,data
2026-10-06T12:54:18,fed_lower,2026-10-05,3.75,green,data
2026-10-06T12:54:18,effr,2026-10-02,3.88,green,data
2026-10-06T12:54:18,ust_2y,2026-10-02,4.83,green,data
2026-10-06T12:54:18,ust_10y,2026-10-02,5.28,yellow,data
2026-10-06T12:54:18,ust_10y2y,2026-10-05,0.47,green,data
2026-10-06T12:54:18,usd_broad,2026-10-02,121.3848,green,data
2026-10-06T12:54:18,dxy,2026-10-06,,green,data
2026-10-06T12:54:18,brent,2026-09-29,113.96,yellow,data
2026-10-06T12:54:18,brent_futures,2026-10-06,,yellow,data
2026-10-06T12:54:18,copper,2026-10-05,,red,data
2026-10-06T12:54:18,copper_lme_stock,2026-10-05,,green,data
2026-10-06T12:54:18,copper_comex,2026-10-06,,red,data
2026-10-06T12:54:18,copper_imf,2026-07-31,13542.82086956522,red,data
2026-10-06T12:54:18,hy_spread,2026-10-02,3.1,green,data
2026-10-06T12:54:18,breakeven_10y,2026-10-05,2.36,green,data
2026-10-06T12:54:18,vix,2026-10-02,15.31,green,data
2026-10-06T12:54:18,us_mortgage_30y,2026-10-01,7.28,yellow,data
2026-10-06T12:54:18,gdp_yoy_published,2026-06-30,8.39,green,data
2026-10-06T12:54:18,gdp_yoy,2026-06-30,89.72774377855093,insufficient,data
2026-10-06T12:54:18,gdp_realestate_yoy,2026-06-30,71.97617301993135,insufficient,data
2026-10-06T12:54:18,gdp_construction_yoy,2026-06-30,107.43704178752104,insufficient,data
2026-10-06T12:54:18,cpi_yoy,2026-07-31,4.450148747395732,green,data
2026-10-06T12:54:18,cpi_avg_ytd,2026-07-31,4.393497411553593,green,data
2026-10-06T12:54:18,cpi_housing_yoy,2026-07-31,6.716548797590294,green,data
2026-10-06T12:54:18,fx_central,2026-08-10,25491.0,yellow,data
2026-10-06T12:54:18,fx_central_ytd,2026-08-10,1.4728713028939966,green,data
2026-10-06T12:54:18,deposit_12m_big4,2026-10-06,5.9,green,data
2026-10-06T12:54:18,deposit_12m_all,2026-10-06,6.147368421052632,green,data
2026-10-06T12:54:18,interbank_on,2026-07-31,5.72,yellow,data
2026-10-06T12:54:18,refi_rate,2026-08-03,4.5,green,data
2026-10-06T12:54:18,govbond_10y,2026-07-31,4.464118,yellow,data
2026-10-06T12:54:18,real_rate,2026-07-31,1.449851252604268,green,data
2026-10-06T12:54:18,credit_ytd,2026-05-31,4.719252597353663,green,data
2026-10-06T12:54:18,credit_construction_ytd,2026-05-31,5.860894457233434,green,data
2026-10-06T12:54:18,m2_ytd,2026-05-31,2.7283275723141154,green,data
2026-10-06T12:54:18,credit_minus_m2,2026-05-31,1.9909250250395472,green,data
2026-10-06T12:54:18,land_use_revenue,2024-12-31,217245.0,insufficient,data
2026-10-06T12:54:18,public_investment,2026-06-30,81430.19253,yellow,data
2026-10-06T12:54:18,public_investment_ytd_yoy,2026-06-30,13.475454350150606,green,data
2026-10-06T12:54:18,fdi_registered_ytd,2026-07-31,21045.97153151,red,data
2026-10-06T12:54:18,fdi_registered_ytd_yoy,2026-07-31,109.72732069382424,yellow,data
2026-10-06T12:54:18,pmi_vn,2026-08-31,53.3,green,data
2026-10-06T12:56:54,fed_upper,2026-10-05,4.0,green,data
2026-10-06T12:56:54,fed_lower,2026-10-05,3.75,green,data
2026-10-06T12:56:54,effr,2026-10-02,3.88,green,data
2026-10-06T12:56:54,ust_2y,2026-10-02,4.83,green,data
2026-10-06T12:56:54,ust_10y,2026-10-02,5.28,yellow,data
2026-10-06T12:56:54,ust_10y2y,2026-10-05,0.47,green,data
2026-10-06T12:56:54,usd_broad,2026-10-02,121.3848,green,data
2026-10-06T12:56:54,dxy,2026-10-06,,green,data
2026-10-06T12:56:54,brent,2026-09-29,113.96,yellow,data
2026-10-06T12:56:54,brent_futures,2026-10-06,,yellow,data
2026-10-06T12:56:54,copper,2026-10-05,,red,data
2026-10-06T12:56:54,copper_lme_stock,2026-10-05,,green,data
2026-10-06T12:56:54,copper_comex,2026-10-06,,red,data
2026-10-06T12:56:54,copper_imf,2026-07-31,13542.82086956522,red,data
2026-10-06T12:56:54,hy_spread,2026-10-02,3.1,green,data
2026-10-06T12:56:54,breakeven_10y,2026-10-05,2.36,green,data
2026-10-06T12:56:54,vix,2026-10-02,15.31,green,data
2026-10-06T12:56:54,us_mortgage_30y,2026-10-01,7.28,yellow,data
2026-10-06T12:56:54,gdp_yoy_published,2026-06-30,8.39,green,data
2026-10-06T12:56:54,gdp_yoy,2026-06-30,89.72774377855093,insufficient,data
2026-10-06T12:56:54,gdp_realestate_yoy,2026-06-30,71.97617301993135,insufficient,data
2026-10-06T12:56:54,gdp_construction_yoy,2026-06-30,107.43704178752104,insufficient,data
2026-10-06T12:56:54,cpi_yoy,2026-07-31,4.450148747395732,green,data
2026-10-06T12:56:54,cpi_avg_ytd,2026-07-31,4.393497411553593,green,data
2026-10-06T12:56:54,cpi_housing_yoy,2026-07-31,6.716548797590294,green,data
2026-10-06T12:56:54,fx_central,2026-08-10,25491.0,yellow,data
2026-10-06T12:56:54,fx_central_ytd,2026-08-10,1.4728713028939966,green,data
2026-10-06T12:56:54,deposit_12m_big4,2026-10-06,5.9,green,data
2026-10-06T12:56:54,deposit_12m_all,2026-10-06,6.147368421052632,green,data
2026-10-06T12:56:54,interbank_on,2026-07-31,5.72,yellow,data
2026-10-06T12:56:54,refi_rate,2026-08-03,4.5,green,data
2026-10-06T12:56:54,govbond_10y,2026-07-31,4.464118,yellow,data
2026-10-06T12:56:54,real_rate,2026-07-31,1.449851252604268,green,data
2026-10-06T12:56:54,credit_ytd,2026-05-31,4.719252597353663,green,data
2026-10-06T12:56:54,credit_construction_ytd,2026-05-31,5.860894457233434,green,data
2026-10-06T12:56:54,m2_ytd,2026-05-31,2.7283275723141154,green,data
2026-10-06T12:56:54,credit_minus_m2,2026-05-31,1.9909250250395472,green,data
2026-10-06T12:56:54,land_use_revenue,2024-12-31,217245.0,insufficient,data
2026-10-06T12:56:54,public_investment,2026-06-30,81430.19253,yellow,data
2026-10-06T12:56:54,public_investment_ytd_yoy,2026-06-30,13.475454350150606,green,data
2026-10-06T12:56:54,fdi_registered_ytd,2026-07-31,21045.97153151,red,data
2026-10-06T12:56:54,fdi_registered_ytd_yoy,2026-07-31,109.72732069382424,yellow,data
2026-10-06T12:56:54,pmi_vn,2026-08-31,53.3,green,data
2026-10-06T12:58:37,fed_upper,2026-10-05,4.0,green,data
2026-10-06T12:58:37,fed_lower,2026-10-05,3.75,green,data
2026-10-06T12:58:37,effr,2026-10-02,3.88,green,data
2026-10-06T12:58:37,ust_2y,2026-10-02,4.83,green,data
2026-10-06T12:58:37,ust_10y,2026-10-02,5.28,yellow,data
2026-10-06T12:58:37,ust_10y2y,2026-10-05,0.47,green,data
2026-10-06T12:58:37,usd_broad,2026-10-02,121.3848,green,data
2026-10-06T12:58:37,dxy,2026-10-06,,green,data
2026-10-06T12:58:37,brent,2026-09-29,113.96,yellow,data
2026-10-06T12:58:37,brent_futures,2026-10-06,,yellow,data
2026-10-06T12:58:37,copper,2026-10-05,,red,data
2026-10-06T12:58:37,copper_lme_stock,2026-10-05,,green,data
2026-10-06T12:58:37,copper_comex,2026-10-06,,red,data
2026-10-06T12:58:37,copper_imf,2026-07-31,13542.82086956522,red,data
2026-10-06T12:58:37,hy_spread,2026-10-02,3.1,green,data
2026-10-06T12:58:37,breakeven_10y,2026-10-05,2.36,green,data
2026-10-06T12:58:37,vix,2026-10-02,15.31,green,data
2026-10-06T12:58:37,us_mortgage_30y,2026-10-01,7.28,yellow,data
2026-10-06T12:58:37,gdp_yoy_published,2026-06-30,8.39,green,data
2026-10-06T12:58:37,gdp_yoy,2026-06-30,89.72774377855093,insufficient,data
2026-10-06T12:58:37,gdp_realestate_yoy,2026-06-30,71.97617301993135,insufficient,data
2026-10-06T12:58:37,gdp_construction_yoy,2026-06-30,107.43704178752104,insufficient,data
2026-10-06T12:58:37,cpi_yoy,2026-07-31,4.450148747395732,green,data
2026-10-06T12:58:37,cpi_avg_ytd,2026-07-31,4.393497411553593,green,data
2026-10-06T12:58:37,cpi_housing_yoy,2026-07-31,6.716548797590294,green,data
2026-10-06T12:58:37,fx_central,2026-08-10,25491.0,yellow,data
2026-10-06T12:58:37,fx_central_ytd,2026-08-10,1.4728713028939966,green,data
2026-10-06T12:58:37,deposit_12m_big4,2026-10-06,5.9,green,data
2026-10-06T12:58:37,deposit_12m_all,2026-10-06,6.147368421052632,green,data
2026-10-06T12:58:37,interbank_on,2026-07-31,5.72,yellow,data
2026-10-06T12:58:37,refi_rate,2026-08-03,4.5,green,data
2026-10-06T12:58:37,govbond_10y,2026-07-31,4.464118,yellow,data
2026-10-06T12:58:37,real_rate,2026-07-31,1.449851252604268,green,data
2026-10-06T12:58:37,credit_ytd,2026-05-31,4.719252597353663,green,data
2026-10-06T12:58:37,credit_construction_ytd,2026-05-31,5.860894457233434,green,data
2026-10-06T12:58:37,m2_ytd,2026-05-31,2.7283275723141154,green,data
2026-10-06T12:58:37,credit_minus_m2,2026-05-31,1.9909250250395472,green,data
2026-10-06T12:58:37,land_use_revenue,2024-12-31,217245.0,insufficient,data
2026-10-06T12:58:37,public_investment,2026-06-30,81430.19253,yellow,data
2026-10-06T12:58:37,public_investment_ytd_yoy,2026-06-30,13.475454350150606,green,data
2026-10-06T12:58:37,fdi_registered_ytd,2026-07-31,21045.97153151,red,data
2026-10-06T12:58:37,fdi_registered_ytd_yoy,2026-07-31,109.72732069382424,yellow,data
2026-10-06T12:58:37,pmi_vn,2026-08-31,53.3,green,data
2026-10-06T13:12:56,fed_upper,2026-10-05,4.0,green,data
2026-10-06T13:12:56,fed_lower,2026-10-05,3.75,green,data
2026-10-06T13:12:56,effr,2026-10-02,3.88,green,data
2026-10-06T13:12:56,ust_2y,2026-10-02,4.83,green,data
2026-10-06T13:12:56,ust_10y,2026-10-02,5.28,yellow,data
2026-10-06T13:12:56,ust_10y2y,2026-10-05,0.47,green,data
2026-10-06T13:12:56,usd_broad,2026-10-02,121.3848,green,data
2026-10-06T13:12:56,dxy,2026-10-06,,green,data
2026-10-06T13:12:56,brent,2026-09-29,113.96,yellow,data
2026-10-06T13:12:56,brent_futures,2026-10-06,,yellow,data
2026-10-06T13:12:56,copper,2026-10-05,,red,data
2026-10-06T13:12:56,copper_lme_stock,2026-10-05,,green,data
2026-10-06T13:12:56,copper_comex,2026-10-06,,red,data
2026-10-06T13:12:56,copper_imf,2026-07-31,13542.82086956522,red,data
2026-10-06T13:12:56,hy_spread,2026-10-02,3.1,green,data
2026-10-06T13:12:56,breakeven_10y,2026-10-05,2.36,green,data
2026-10-06T13:12:56,vix,2026-10-02,15.31,green,data
2026-10-06T13:12:56,us_mortgage_30y,2026-10-01,7.28,yellow,data
2026-10-06T13:12:56,gdp_yoy_published,2026-06-30,8.39,green,data
2026-10-06T13:12:56,gdp_yoy,2026-06-30,89.72774377855093,insufficient,data
2026-10-06T13:12:56,gdp_realestate_yoy,2026-06-30,71.97617301993135,insufficient,data
2026-10-06T13:12:56,gdp_construction_yoy,2026-06-30,107.43704178752104,insufficient,data
2026-10-06T13:12:56,cpi_yoy,2026-07-31,4.450148747395732,green,data
2026-10-06T13:12:56,cpi_avg_ytd,2026-07-31,4.393497411553593,green,data
2026-10-06T13:12:56,cpi_housing_yoy,2026-07-31,6.716548797590294,green,data
2026-10-06T13:12:56,fx_central,2026-08-10,25491.0,yellow,data
2026-10-06T13:12:56,fx_central_ytd,2026-08-10,1.4728713028939966,green,data
2026-10-06T13:12:56,deposit_12m_big4,2026-10-06,5.9,green,data
2026-10-06T13:12:56,deposit_12m_all,2026-10-06,6.147368421052632,green,data
2026-10-06T13:12:56,interbank_on,2026-07-31,5.72,yellow,data
2026-10-06T13:12:56,refi_rate,2026-08-03,4.5,green,data
2026-10-06T13:12:56,govbond_10y,2026-07-31,4.464118,yellow,data
2026-10-06T13:12:56,real_rate,2026-07-31,1.449851252604268,green,data
2026-10-06T13:12:56,credit_ytd,2026-05-31,4.719252597353663,green,data
2026-10-06T13:12:56,credit_construction_ytd,2026-05-31,5.860894457233434,green,data
2026-10-06T13:12:56,m2_ytd,2026-05-31,2.7283275723141154,green,data
2026-10-06T13:12:56,credit_minus_m2,2026-05-31,1.9909250250395472,green,data
2026-10-06T13:12:56,land_use_revenue,2024-12-31,217245.0,insufficient,data
2026-10-06T13:12:56,public_investment,2026-06-30,81430.19253,yellow,data
2026-10-06T13:12:56,public_investment_ytd_yoy,2026-06-30,13.475454350150606,green,data
2026-10-06T13:12:56,fdi_registered_ytd,2026-07-31,21045.97153151,red,data
2026-10-06T13:12:56,fdi_registered_ytd_yoy,2026-07-31,109.72732069382424,yellow,data
2026-10-06T13:12:56,pmi_vn,2026-08-31,53.3,green,data
2026-10-06T13:15:12,fed_upper,2026-10-05,4.0,green,data
2026-10-06T13:15:12,fed_lower,2026-10-05,3.75,green,data
2026-10-06T13:15:12,effr,2026-10-02,3.88,green,data
2026-10-06T13:15:12,ust_2y,2026-10-02,4.83,green,data
2026-10-06T13:15:12,ust_10y,2026-10-02,5.28,yellow,data
2026-10-06T13:15:12,ust_10y2y,2026-10-05,0.47,green,data
2026-10-06T13:15:12,usd_broad,2026-10-02,121.3848,green,data
2026-10-06T13:15:12,dxy,2026-10-06,,green,data
2026-10-06T13:15:12,brent,2026-09-29,113.96,yellow,data
2026-10-06T13:15:12,brent_futures,2026-10-06,,yellow,data
2026-10-06T13:15:12,copper,2026-10-05,,red,data
2026-10-06T13:15:12,copper_lme_stock,2026-10-05,,green,data
2026-10-06T13:15:12,copper_comex,2026-10-06,,red,data
2026-10-06T13:15:12,copper_imf,2026-07-31,13542.82086956522,red,data
2026-10-06T13:15:12,hy_spread,2026-10-02,3.1,green,data
2026-10-06T13:15:12,breakeven_10y,2026-10-05,2.36,green,data
2026-10-06T13:15:12,vix,2026-10-02,15.31,green,data
2026-10-06T13:15:12,us_mortgage_30y,2026-10-01,7.28,yellow,data
2026-10-06T13:15:12,gdp_yoy_published,2026-06-30,8.39,green,data
2026-10-06T13:15:12,gdp_yoy,2026-06-30,89.72774377855093,insufficient,data
2026-10-06T13:15:12,gdp_realestate_yoy,2026-06-30,71.97617301993135,insufficient,data
2026-10-06T13:15:12,gdp_construction_yoy,2026-06-30,107.43704178752104,insufficient,data
2026-10-06T13:15:12,cpi_yoy,2026-07-31,4.450148747395732,green,data
2026-10-06T13:15:12,cpi_avg_ytd,2026-07-31,4.393497411553593,green,data
2026-10-06T13:15:12,cpi_housing_yoy,2026-07-31,6.716548797590294,green,data
2026-10-06T13:15:12,fx_central,2026-08-10,25491.0,yellow,data
2026-10-06T13:15:12,fx_central_ytd,2026-08-10,1.4728713028939966,green,data
2026-10-06T13:15:12,deposit_12m_big4,2026-10-06,5.9,green,data
2026-10-06T13:15:12,deposit_12m_all,2026-10-06,6.147368421052632,green,data
2026-10-06T13:15:12,interbank_on,2026-07-31,5.72,yellow,data
2026-10-06T13:15:12,refi_rate,2026-08-03,4.5,green,data
2026-10-06T13:15:12,govbond_10y,2026-07-31,4.464118,yellow,data
2026-10-06T13:15:12,real_rate,2026-07-31,1.449851252604268,green,data
2026-10-06T13:15:12,credit_ytd,2026-05-31,4.719252597353663,green,data
2026-10-06T13:15:12,credit_construction_ytd,2026-05-31,5.860894457233434,green,data
2026-10-06T13:15:12,m2_ytd,2026-05-31,2.7283275723141154,green,data
2026-10-06T13:15:12,credit_minus_m2,2026-05-31,1.9909250250395472,green,data
2026-10-06T13:15:12,land_use_revenue,2024-12-31,217245.0,insufficient,data
2026-10-06T13:15:12,public_investment,2026-06-30,81430.19253,yellow,data
2026-10-06T13:15:12,public_investment_ytd_yoy,2026-06-30,13.475454350150606,green,data
2026-10-06T13:15:12,fdi_registered_ytd,2026-07-31,21045.97153151,red,data
2026-10-06T13:15:12,fdi_registered_ytd_yoy,2026-07-31,109.72732069382424,yellow,data
2026-10-06T13:15:12,pmi_vn,2026-08-31,53.3,green,data
2026-10-06T13:27:01,fed_upper,2026-10-05,4.0,green,data
2026-10-06T13:27:01,fed_lower,2026-10-05,3.75,green,data
2026-10-06T13:27:01,effr,2026-10-02,3.88,green,data
2026-10-06T13:27:01,ust_2y,2026-10-02,4.83,green,data
2026-10-06T13:27:01,ust_10y,2026-10-02,5.28,yellow,data
2026-10-06T13:27:01,ust_10y2y,2026-10-05,0.47,green,data
2026-10-06T13:27:01,usd_broad,2026-10-02,121.3848,green,data
2026-10-06T13:27:01,dxy,2026-10-06,,green,data
2026-10-06T13:27:01,brent,2026-09-29,113.96,yellow,data
2026-10-06T13:27:01,brent_futures,2026-10-06,,yellow,data
2026-10-06T13:27:01,copper,2026-10-05,,red,data
2026-10-06T13:27:01,copper_lme_stock,2026-10-05,,green,data
2026-10-06T13:27:01,copper_comex,2026-10-06,,red,data
2026-10-06T13:27:01,copper_imf,2026-07-31,13542.82086956522,red,data
2026-10-06T13:27:01,hy_spread,2026-10-02,3.1,green,data
2026-10-06T13:27:01,breakeven_10y,2026-10-05,2.36,green,data
2026-10-06T13:27:01,vix,2026-10-02,15.31,green,data
2026-10-06T13:27:01,us_mortgage_30y,2026-10-01,7.28,yellow,data
2026-10-06T13:27:01,gdp_yoy_published,2026-06-30,8.39,green,data
2026-10-06T13:27:01,gdp_yoy,2026-06-30,89.72774377855093,insufficient,data
2026-10-06T13:27:01,gdp_realestate_yoy,2026-06-30,71.97617301993135,insufficient,data
2026-10-06T13:27:01,gdp_construction_yoy,2026-06-30,107.43704178752104,insufficient,data
2026-10-06T13:27:01,cpi_yoy,2026-07-31,4.450148747395732,green,data
2026-10-06T13:27:01,cpi_avg_ytd,2026-07-31,4.393497411553593,green,data
2026-10-06T13:27:01,cpi_housing_yoy,2026-07-31,6.716548797590294,green,data
2026-10-06T13:27:01,fx_central,2026-08-10,25491.0,yellow,data
2026-10-06T13:27:01,fx_central_ytd,2026-08-10,1.4728713028939966,green,data
2026-10-06T13:27:01,deposit_12m_big4,2026-10-06,5.9,green,data
2026-10-06T13:27:01,deposit_12m_all,2026-10-06,6.147368421052632,green,data
2026-10-06T13:27:01,interbank_on,2026-07-31,5.72,yellow,data
2026-10-06T13:27:01,refi_rate,2026-08-03,4.5,green,data
2026-10-06T13:27:01,govbond_10y,2026-07-31,4.464118,yellow,data
2026-10-06T13:27:01,real_rate,2026-07-31,1.449851252604268,green,data
2026-10-06T13:27:01,credit_ytd,2026-05-31,4.719252597353663,green,data
2026-10-06T13:27:01,credit_yoy,2026-05-31,18.231791969536125,green,data
2026-10-06T13:27:01,credit_construction_ytd,2026-05-31,5.860894457233434,green,data
2026-10-06T13:27:01,m2_ytd,2026-05-31,2.7283275723141154,green,data
2026-10-06T13:27:01,credit_minus_m2,2026-05-31,1.9909250250395472,green,data
2026-10-06T13:27:01,land_use_revenue,2024-12-31,217245.0,insufficient,data
2026-10-06T13:27:01,public_investment,2026-06-30,81430.19253,yellow,data
2026-10-06T13:27:01,public_investment_ytd_yoy,2026-06-30,13.475454350150606,green,data
2026-10-06T13:27:01,fdi_registered_ytd,2026-07-31,21045.97153151,red,data
2026-10-06T13:27:01,fdi_registered_ytd_yoy,2026-07-31,109.72732069382424,yellow,data
2026-10-06T13:27:01,pmi_vn,2026-08-31,53.3,green,data
2026-10-06T13:32:13,fed_upper,2026-10-05,4.0,green,data
2026-10-06T13:32:13,fed_lower,2026-10-05,3.75,green,data
2026-10-06T13:32:13,effr,2026-10-02,3.88,green,data
2026-10-06T13:32:13,ust_2y,2026-10-02,4.83,green,data
2026-10-06T13:32:13,ust_10y,2026-10-02,5.28,yellow,data
2026-10-06T13:32:13,ust_10y2y,2026-10-05,0.47,green,data
2026-10-06T13:32:13,usd_broad,2026-10-02,121.3848,green,data
2026-10-06T13:32:13,dxy,2026-10-06,,green,data
2026-10-06T13:32:13,brent,2026-09-29,113.96,yellow,data
2026-10-06T13:32:13,brent_futures,2026-10-06,,yellow,data
2026-10-06T13:32:13,copper,2026-10-05,,red,data
2026-10-06T13:32:13,copper_lme_stock,2026-10-05,,green,data
2026-10-06T13:32:13,copper_comex,2026-10-06,,red,data
2026-10-06T13:32:13,copper_imf,2026-07-31,13542.82086956522,red,data
2026-10-06T13:32:13,hy_spread,2026-10-02,3.1,green,data
2026-10-06T13:32:13,breakeven_10y,2026-10-05,2.36,green,data
2026-10-06T13:32:13,vix,2026-10-02,15.31,green,data
2026-10-06T13:32:13,us_mortgage_30y,2026-10-01,7.28,yellow,data
2026-10-06T13:32:13,gdp_yoy_published,2026-06-30,8.39,green,data
2026-10-06T13:32:13,gdp_yoy,2026-06-30,89.72774377855093,insufficient,data
2026-10-06T13:32:13,gdp_realestate_yoy,2026-06-30,71.97617301993135,insufficient,data
2026-10-06T13:32:13,gdp_construction_yoy,2026-06-30,107.43704178752104,insufficient,data
2026-10-06T13:32:13,cpi_yoy,2026-08-31,4.89,yellow,data
2026-10-06T13:32:13,cpi_avg_ytd,2026-07-31,4.393497411553593,green,data
2026-10-06T13:32:13,cpi_housing_yoy,2026-08-31,6.6,green,data
2026-10-06T13:32:13,fx_central,2026-08-10,25491.0,yellow,data
2026-10-06T13:32:13,fx_central_ytd,2026-08-10,1.4728713028939966,green,data
2026-10-06T13:32:13,deposit_12m_big4,2026-10-06,5.9,green,data
2026-10-06T13:32:13,deposit_12m_all,2026-10-06,6.147368421052632,green,data
2026-10-06T13:32:13,interbank_on,2026-07-31,5.72,yellow,data
2026-10-06T13:32:13,refi_rate,2026-08-03,4.5,green,data
2026-10-06T13:32:13,govbond_10y,2026-07-31,4.464118,yellow,data
2026-10-06T13:32:13,real_rate,2026-08-31,1.010000000000001,green,data
2026-10-06T13:32:13,credit_ytd,2026-05-31,4.719252597353663,green,data
2026-10-06T13:32:13,credit_yoy,2026-05-31,18.231791969536125,green,data
2026-10-06T13:32:13,credit_construction_ytd,2026-05-31,5.860894457233434,green,data
2026-10-06T13:32:13,m2_ytd,2026-05-31,2.7283275723141154,green,data
2026-10-06T13:32:13,credit_minus_m2,2026-05-31,1.9909250250395472,green,data
2026-10-06T13:32:13,land_use_revenue,2024-12-31,217245.0,insufficient,data
2026-10-06T13:32:13,public_investment,2026-06-30,81430.19253,yellow,data
2026-10-06T13:32:13,public_investment_ytd_yoy,2026-06-30,13.475454350150606,green,data
2026-10-06T13:32:13,fdi_registered_ytd,2026-07-31,21045.97153151,red,data
2026-10-06T13:32:13,fdi_registered_ytd_yoy,2026-07-31,109.72732069382424,yellow,data
2026-10-06T13:32:13,pmi_vn,2026-08-31,53.3,green,data
2026-10-06T13:38:18,fed_upper,2026-10-05,4.0,green,data
2026-10-06T13:38:18,fed_lower,2026-10-05,3.75,green,data
2026-10-06T13:38:18,effr,2026-10-02,3.88,green,data
2026-10-06T13:38:18,ust_2y,2026-10-02,4.83,green,data
2026-10-06T13:38:18,ust_10y,2026-10-02,5.28,yellow,data
2026-10-06T13:38:18,ust_10y2y,2026-10-05,0.47,green,data
2026-10-06T13:38:18,usd_broad,2026-10-02,121.3848,green,data
2026-10-06T13:38:18,dxy,2026-10-06,,green,data
2026-10-06T13:38:18,brent,2026-09-29,113.96,yellow,data
2026-10-06T13:38:18,brent_futures,2026-10-06,,yellow,data
2026-10-06T13:38:18,copper,2026-10-05,,red,data
2026-10-06T13:38:18,copper_lme_stock,2026-10-05,,green,data
2026-10-06T13:38:18,copper_comex,2026-10-06,,red,data
2026-10-06T13:38:18,copper_imf,2026-07-31,13542.82086956522,red,data
2026-10-06T13:38:18,hy_spread,2026-10-02,3.1,green,data
2026-10-06T13:38:18,breakeven_10y,2026-10-05,2.36,green,data
2026-10-06T13:38:18,vix,2026-10-02,15.31,green,data
2026-10-06T13:38:18,us_mortgage_30y,2026-10-01,7.28,yellow,data
2026-10-06T13:38:18,gdp_yoy_published,2026-06-30,8.39,green,data
2026-10-06T13:38:18,gdp_yoy,2026-06-30,89.72774377855093,insufficient,data
2026-10-06T13:38:18,gdp_realestate_yoy,2026-06-30,71.97617301993135,insufficient,data
2026-10-06T13:38:18,gdp_construction_yoy,2026-06-30,107.43704178752104,insufficient,data
2026-10-06T13:38:18,cpi_yoy,2026-08-31,4.89,yellow,data
2026-10-06T13:38:18,cpi_avg_ytd,2026-07-31,4.393497411553593,green,data
2026-10-06T13:38:18,cpi_housing_yoy,2026-08-31,6.6,green,data
2026-10-06T13:38:18,fx_central,2026-08-10,25491.0,yellow,data
2026-10-06T13:38:18,fx_central_ytd,2026-08-10,1.4728713028939966,green,data
2026-10-06T13:38:18,deposit_12m_big4,2026-10-06,5.9,green,data
2026-10-06T13:38:18,deposit_12m_all,2026-10-06,6.147368421052632,green,data
2026-10-06T13:38:18,interbank_on,2026-07-31,5.72,yellow,data
2026-10-06T13:38:18,refi_rate,2026-08-03,4.5,green,data
2026-10-06T13:38:18,govbond_10y,2026-07-31,4.464118,yellow,data
2026-10-06T13:38:18,real_rate,2026-08-31,1.010000000000001,green,data
2026-10-06T13:38:18,credit_ytd,2026-05-31,4.719252597353663,green,data
2026-10-06T13:38:18,credit_yoy,2026-05-31,16.837719328775336,green,data
2026-10-06T13:38:18,credit_construction_ytd,2026-05-31,5.860894457233434,green,data
2026-10-06T13:38:18,m2_ytd,2026-05-31,2.7283275723141154,green,data
2026-10-06T13:38:18,credit_minus_m2,2026-05-31,1.9909250250395472,green,data
2026-10-06T13:38:18,land_use_revenue,2024-12-31,217245.0,insufficient,data
2026-10-06T13:38:18,public_investment,2026-06-30,81430.19253,yellow,data
2026-10-06T13:38:18,public_investment_ytd_yoy,2026-06-30,13.475454350150606,green,data
2026-10-06T13:38:18,fdi_registered_ytd,2026-07-31,21045.97153151,red,data
2026-10-06T13:38:18,fdi_registered_ytd_yoy,2026-07-31,109.72732069382424,yellow,data
2026-10-06T13:38:18,pmi_vn,2026-08-31,53.3,green,data
2026-10-06T13:40:31,fed_upper,2026-10-05,4.0,green,data
2026-10-06T13:40:31,fed_lower,2026-10-05,3.75,green,data
2026-10-06T13:40:31,effr,2026-10-02,3.88,green,data
2026-10-06T13:40:31,ust_2y,2026-10-02,4.83,green,data
2026-10-06T13:40:31,ust_10y,2026-10-02,5.28,yellow,data
2026-10-06T13:40:31,ust_10y2y,2026-10-05,0.47,green,data
2026-10-06T13:40:31,usd_broad,2026-10-02,121.3848,green,data
2026-10-06T13:40:31,dxy,2026-10-06,,green,data
2026-10-06T13:40:31,brent,2026-09-29,113.96,yellow,data
2026-10-06T13:40:31,brent_futures,2026-10-06,,yellow,data
2026-10-06T13:40:31,copper,2026-10-05,,red,data
2026-10-06T13:40:31,copper_lme_stock,2026-10-05,,green,data
2026-10-06T13:40:31,copper_comex,2026-10-06,,red,data
2026-10-06T13:40:31,copper_imf,2026-07-31,13542.82086956522,red,data
2026-10-06T13:40:31,hy_spread,2026-10-02,3.1,green,data
2026-10-06T13:40:31,breakeven_10y,2026-10-05,2.36,green,data
2026-10-06T13:40:31,vix,2026-10-02,15.31,green,data
2026-10-06T13:40:31,us_mortgage_30y,2026-10-01,7.28,yellow,data
2026-10-06T13:40:31,gdp_yoy_published,2026-06-30,8.39,green,data
2026-10-06T13:40:31,gdp_yoy,2026-06-30,89.72774377855093,insufficient,data
2026-10-06T13:40:31,gdp_realestate_yoy,2026-06-30,71.97617301993135,insufficient,data
2026-10-06T13:40:31,gdp_construction_yoy,2026-06-30,107.43704178752104,insufficient,data
2026-10-06T13:40:31,cpi_yoy,2026-08-31,4.89,yellow,data
2026-10-06T13:40:31,cpi_avg_ytd,2026-07-31,4.393497411553593,green,data
2026-10-06T13:40:31,cpi_housing_yoy,2026-08-31,6.6,green,data
2026-10-06T13:40:31,fx_central,2026-08-10,25491.0,yellow,data
2026-10-06T13:40:31,fx_central_ytd,2026-08-10,1.4728713028939966,green,data
2026-10-06T13:40:31,deposit_12m_big4,2026-10-06,5.9,green,data
2026-10-06T13:40:31,deposit_12m_all,2026-10-06,6.147368421052632,green,data
2026-10-06T13:40:31,interbank_on,2026-07-31,5.72,yellow,data
2026-10-06T13:40:31,refi_rate,2026-08-03,4.5,green,data
2026-10-06T13:40:31,govbond_10y,2026-07-31,4.464118,yellow,data
2026-10-06T13:40:31,real_rate,2026-08-31,1.010000000000001,green,data
2026-10-06T13:40:31,credit_ytd,2026-05-31,4.719252597353663,green,data
2026-10-06T13:40:31,credit_yoy,2026-05-31,16.837719328775336,green,data
2026-10-06T13:40:31,credit_construction_ytd,2026-05-31,5.860894457233434,green,data
2026-10-06T13:40:31,m2_ytd,2026-05-31,2.7283275723141154,green,data
2026-10-06T13:40:31,credit_minus_m2,2026-05-31,1.9909250250395472,green,data
2026-10-06T13:40:31,land_use_revenue,2024-12-31,217245.0,insufficient,data
2026-10-06T13:40:31,public_investment,2026-06-30,81430.19253,yellow,data
2026-10-06T13:40:31,public_investment_ytd_yoy,2026-06-30,13.475454350150606,green,data
2026-10-06T13:40:31,fdi_registered_ytd,2026-07-31,21045.97153151,red,data
2026-10-06T13:40:31,fdi_registered_ytd_yoy,2026-07-31,109.72732069382424,yellow,data
2026-10-06T13:40:31,pmi_vn,2026-08-31,53.3,green,data
2026-10-06T14:27:20,fed_upper,2026-10-05,4.0,green,data
2026-10-06T14:27:20,fed_lower,2026-10-05,3.75,green,data
2026-10-06T14:27:20,effr,2026-10-02,3.88,green,data
2026-10-06T14:27:20,ust_2y,2026-10-02,4.83,green,data
2026-10-06T14:27:20,ust_10y,2026-10-02,5.28,yellow,data
2026-10-06T14:27:20,ust_10y2y,2026-10-05,0.47,green,data
2026-10-06T14:27:20,usd_broad,2026-10-02,121.3848,green,data
2026-10-06T14:27:20,dxy,2026-10-06,,green,data
2026-10-06T14:27:20,brent,2026-09-29,113.96,yellow,data
2026-10-06T14:27:20,brent_futures,2026-10-06,,yellow,data
2026-10-06T14:27:20,copper,2026-10-05,,red,data
2026-10-06T14:27:20,copper_lme_stock,2026-10-05,,green,data
2026-10-06T14:27:20,copper_comex,2026-10-06,,red,data
2026-10-06T14:27:20,copper_imf,2026-07-31,13542.82086956522,red,data
2026-10-06T14:27:20,hy_spread,2026-10-02,3.1,green,data
2026-10-06T14:27:20,breakeven_10y,2026-10-05,2.36,green,data
2026-10-06T14:27:20,vix,2026-10-02,15.31,green,data
2026-10-06T14:27:20,us_mortgage_30y,2026-10-01,7.28,yellow,data
2026-10-06T14:27:20,gdp_yoy_published,2026-06-30,8.39,green,data
2026-10-06T14:27:20,gdp_yoy,2026-06-30,89.72774377855093,insufficient,data
2026-10-06T14:27:20,gdp_realestate_yoy,2026-06-30,71.97617301993135,insufficient,data
2026-10-06T14:27:20,gdp_construction_yoy,2026-06-30,107.43704178752104,insufficient,data
2026-10-06T14:27:20,cpi_yoy,2026-08-31,4.89,yellow,data
2026-10-06T14:27:20,cpi_avg_ytd,2026-07-31,4.393497411553593,green,data
2026-10-06T14:27:20,cpi_housing_yoy,2026-08-31,6.6,green,data
2026-10-06T14:27:20,fx_central,2026-08-10,25491.0,yellow,data
2026-10-06T14:27:20,fx_central_ytd,2026-08-10,1.4728713028939966,green,data
2026-10-06T14:27:20,deposit_12m_big4,2026-10-06,5.9,green,data
2026-10-06T14:27:20,deposit_12m_all,2026-10-06,6.147368421052632,green,data
2026-10-06T14:27:20,interbank_on,2026-07-31,5.72,yellow,data
2026-10-06T14:27:20,refi_rate,2026-08-03,4.5,green,data
2026-10-06T14:27:20,govbond_10y,2026-07-31,4.464118,yellow,data
2026-10-06T14:27:20,real_rate,2026-08-31,1.010000000000001,green,data
2026-10-06T14:27:20,credit_ytd,2026-05-31,4.719252597353663,green,data
2026-10-06T14:27:20,credit_yoy,2026-05-31,16.837719328775336,green,data
2026-10-06T14:27:20,credit_construction_ytd,2026-05-31,5.860894457233434,green,data
2026-10-06T14:27:20,m2_ytd,2026-05-31,2.7283275723141154,green,data
2026-10-06T14:27:20,credit_minus_m2,2026-05-31,1.9909250250395472,green,data
2026-10-06T14:27:20,land_use_revenue,2024-12-31,217245.0,insufficient,data
2026-10-06T14:27:20,public_investment,2026-06-30,81430.19253,yellow,data
2026-10-06T14:27:20,public_investment_ytd_yoy,2026-06-30,13.475454350150606,green,data
2026-10-06T14:27:20,fdi_registered_ytd,2026-07-31,21045.97153151,red,data
2026-10-06T14:27:20,fdi_registered_ytd_yoy,2026-07-31,109.72732069382424,yellow,data
2026-10-06T14:27:20,pmi_vn,2026-08-31,53.3,green,data
2026-10-06T14:43:58,fed_upper,2026-10-05,4.0,green,data
2026-10-06T14:43:58,fed_lower,2026-10-05,3.75,green,data
2026-10-06T14:43:58,effr,2026-10-02,3.88,green,data
2026-10-06T14:43:58,ust_2y,2026-10-02,4.83,green,data
2026-10-06T14:43:58,ust_10y,2026-10-02,5.28,red,threshold
2026-10-06T14:43:58,ust_10y2y,2026-10-05,0.47,yellow,threshold
2026-10-06T14:43:58,usd_broad,2026-10-02,121.3848,green,data
2026-10-06T14:43:58,dxy,2026-10-06,,green,data
2026-10-06T14:43:58,brent,2026-09-29,113.96,orange,threshold
2026-10-06T14:43:58,brent_futures,2026-10-06,,yellow,data
2026-10-06T14:43:58,copper,2026-10-05,,red,data
2026-10-06T14:43:58,copper_lme_stock,2026-10-05,,green,data
2026-10-06T14:43:58,copper_comex,2026-10-06,,red,data
2026-10-06T14:43:58,copper_imf,2026-07-31,13542.82086956522,red,data
2026-10-06T14:43:58,hy_spread,2026-10-02,3.1,green_strong,threshold
2026-10-06T14:43:58,breakeven_10y,2026-10-05,2.36,yellow,threshold
2026-10-06T14:43:58,vix,2026-10-02,15.31,yellow,threshold
2026-10-06T14:43:58,us_mortgage_30y,2026-10-01,7.28,yellow,data
2026-10-06T14:43:58,gdp_yoy_published,2026-06-30,8.39,yellow,threshold
2026-10-06T14:43:58,gdp_yoy,2026-06-30,89.72774377855093,insufficient,data
2026-10-06T14:43:58,gdp_realestate_yoy,2026-06-30,71.97617301993135,insufficient,data
2026-10-06T14:43:58,gdp_construction_yoy,2026-06-30,107.43704178752104,insufficient,data
2026-10-06T14:43:58,cpi_yoy,2026-08-31,4.89,red,threshold
2026-10-06T14:43:58,cpi_avg_ytd,2026-07-31,4.393497411553593,yellow,threshold
2026-10-06T14:43:58,cpi_housing_yoy,2026-08-31,6.6,green,data
2026-10-06T14:43:58,fx_central,2026-08-10,25491.0,yellow,data
2026-10-06T14:43:58,fx_central_ytd,2026-08-10,1.4728713028939966,green,data
2026-10-06T14:43:58,deposit_12m_big4,2026-10-06,5.9,orange,threshold
2026-10-06T14:43:58,deposit_12m_all,2026-10-06,6.147368421052632,green,data
2026-10-06T14:43:58,interbank_on,2026-07-31,5.72,yellow,data
2026-10-06T14:43:58,refi_rate,2026-08-03,4.5,green,data
2026-10-06T14:43:58,govbond_10y,2026-07-31,4.464118,red,threshold
2026-10-06T14:43:58,real_rate,2026-08-31,1.010000000000001,yellow,threshold
2026-10-06T14:43:58,credit_ytd,2026-05-31,4.719252597353663,green,data
2026-10-06T14:43:58,credit_yoy,2026-05-31,16.837719328775336,green,data
2026-10-06T14:43:58,credit_construction_ytd,2026-05-31,5.860894457233434,green,data
2026-10-06T14:43:58,m2_ytd,2026-05-31,2.7283275723141154,green,data
2026-10-06T14:43:58,credit_minus_m2,2026-05-31,1.9909250250395472,green,data
2026-10-06T14:43:58,land_use_revenue,2024-12-31,217245.0,insufficient,data
2026-10-06T14:43:58,public_investment,2026-06-30,81430.19253,yellow,data
2026-10-06T14:43:58,public_investment_ytd_yoy,2026-06-30,13.475454350150606,green,data
2026-10-06T14:43:58,fdi_registered_ytd,2026-07-31,21045.97153151,red,data
2026-10-06T14:43:58,fdi_registered_ytd_yoy,2026-07-31,109.72732069382424,yellow,data
2026-10-06T14:43:58,pmi_vn,2026-08-31,53.3,green,data
2026-10-06T14:50:45,fed_upper,2026-10-05,4.0,green,data
2026-10-06T14:50:45,fed_lower,2026-10-05,3.75,green,data
2026-10-06T14:50:45,effr,2026-10-02,3.88,green,data
2026-10-06T14:50:45,ust_2y,2026-10-02,4.83,green,data
2026-10-06T14:50:45,ust_10y,2026-10-02,5.28,red,data
2026-10-06T14:50:45,ust_10y2y,2026-10-05,0.47,yellow,data
2026-10-06T14:50:45,usd_broad,2026-10-02,121.3848,green,data
2026-10-06T14:50:45,dxy,2026-10-06,,green,data
2026-10-06T14:50:45,brent,2026-09-29,113.96,orange,data
2026-10-06T14:50:45,brent_futures,2026-10-06,,yellow,data
2026-10-06T14:50:45,copper,2026-10-05,,red,data
2026-10-06T14:50:45,copper_lme_stock,2026-10-05,,green,data
2026-10-06T14:50:45,copper_comex,2026-10-06,,red,data
2026-10-06T14:50:45,copper_imf,2026-07-31,13542.82086956522,red,data
2026-10-06T14:50:45,hy_spread,2026-10-02,3.1,green_strong,data
2026-10-06T14:50:45,breakeven_10y,2026-10-05,2.36,yellow,data
2026-10-06T14:50:45,vix,2026-10-02,15.31,yellow,data
2026-10-06T14:50:45,us_mortgage_30y,2026-10-01,7.28,yellow,data
2026-10-06T14:50:45,gdp_yoy_published,2026-06-30,8.39,yellow,data
2026-10-06T14:50:45,gdp_yoy,2026-06-30,89.72774377855093,insufficient,data
2026-10-06T14:50:45,gdp_realestate_yoy,2026-06-30,71.97617301993135,insufficient,data
2026-10-06T14:50:45,gdp_construction_yoy,2026-06-30,107.43704178752104,insufficient,data
2026-10-06T14:50:45,export_yoy,2026-07-31,25.590081904262973,yellow,data
2026-10-06T14:50:45,cpi_yoy,2026-08-31,4.89,red,data
2026-10-06T14:50:45,cpi_avg_ytd,2026-07-31,4.393497411553593,yellow,data
2026-10-06T14:50:45,cpi_housing_yoy,2026-08-31,6.6,green,data
2026-10-06T14:50:45,fx_central,2026-08-10,25491.0,yellow,data
2026-10-06T14:50:45,fx_central_ytd,2026-08-10,1.4728713028939966,green,data
2026-10-06T14:50:45,deposit_12m_big4,2026-10-06,5.9,orange,data
2026-10-06T14:50:45,deposit_12m_all,2026-10-06,6.147368421052632,green,data
2026-10-06T14:50:45,interbank_on,2026-07-31,5.72,yellow,data
2026-10-06T14:50:45,refi_rate,2026-08-03,4.5,green,data
2026-10-06T14:50:45,govbond_10y,2026-07-31,4.464118,red,data
2026-10-06T14:50:45,real_rate,2026-08-31,1.010000000000001,yellow,data
2026-10-06T14:50:45,credit_ytd,2026-05-31,4.719252597353663,green,data
2026-10-06T14:50:45,credit_yoy,2026-05-31,16.837719328775336,green,data
2026-10-06T14:50:45,credit_construction_ytd,2026-05-31,5.860894457233434,green,data
2026-10-06T14:50:45,m2_ytd,2026-05-31,2.7283275723141154,green,data
2026-10-06T14:50:45,credit_minus_m2,2026-05-31,1.9909250250395472,green,data
2026-10-06T14:50:45,land_use_revenue,2024-12-31,217245.0,insufficient,data
2026-10-06T14:50:45,public_investment,2026-06-30,81430.19253,yellow,data
2026-10-06T14:50:45,public_investment_ytd_yoy,2026-06-30,13.475454350150606,green,data
2026-10-06T14:50:45,fdi_registered_ytd,2026-07-31,21045.97153151,red,data
2026-10-06T14:50:45,fdi_registered_ytd_yoy,2026-07-31,109.72732069382424,yellow,data
2026-10-06T14:50:45,pmi_vn,2026-08-31,53.3,green,data
2026-10-06T14:52:42,fed_upper,2026-10-05,4.0,green,data
2026-10-06T14:52:42,fed_lower,2026-10-05,3.75,green,data
2026-10-06T14:52:42,effr,2026-10-02,3.88,green,data
2026-10-06T14:52:42,ust_2y,2026-10-02,4.83,green,data
2026-10-06T14:52:42,ust_10y,2026-10-02,5.28,red,data
2026-10-06T14:52:42,ust_10y2y,2026-10-05,0.47,yellow,data
2026-10-06T14:52:42,usd_broad,2026-10-02,121.3848,green,data
2026-10-06T14:52:42,dxy,2026-10-06,,green,data
2026-10-06T14:52:42,brent,2026-09-29,113.96,orange,data
2026-10-06T14:52:42,brent_futures,2026-10-06,,yellow,data
2026-10-06T14:52:42,copper,2026-10-05,,red,data
2026-10-06T14:52:42,copper_lme_stock,2026-10-05,,green,data
2026-10-06T14:52:42,copper_comex,2026-10-06,,red,data
2026-10-06T14:52:42,copper_imf,2026-07-31,13542.82086956522,red,data
2026-10-06T14:52:42,hy_spread,2026-10-02,3.1,green_strong,data
2026-10-06T14:52:42,breakeven_10y,2026-10-05,2.36,yellow,data
2026-10-06T14:52:42,vix,2026-10-02,15.31,yellow,data
2026-10-06T14:52:42,us_mortgage_30y,2026-10-01,7.28,yellow,data
2026-10-06T14:52:42,gdp_yoy_published,2026-06-30,8.39,yellow,data
2026-10-06T14:52:42,gdp_yoy,2026-06-30,89.72774377855093,insufficient,data
2026-10-06T14:52:42,gdp_realestate_yoy,2026-06-30,71.97617301993135,insufficient,data
2026-10-06T14:52:42,gdp_construction_yoy,2026-06-30,107.43704178752104,insufficient,data
2026-10-06T14:52:42,export_yoy,2026-07-31,25.590081904262973,yellow,data
2026-10-06T14:52:42,cpi_yoy,2026-08-31,4.89,red,data
2026-10-06T14:52:42,cpi_avg_ytd,2026-07-31,4.393497411553593,yellow,data
2026-10-06T14:52:42,cpi_housing_yoy,2026-08-31,6.6,green,data
2026-10-06T14:52:42,fx_central,2026-08-10,25491.0,yellow,data
2026-10-06T14:52:42,fx_central_ytd,2026-08-10,1.4728713028939966,green,data
2026-10-06T14:52:42,deposit_12m_big4,2026-10-06,5.9,orange,data
2026-10-06T14:52:42,deposit_12m_all,2026-10-06,6.147368421052632,green,data
2026-10-06T14:52:42,interbank_on,2026-07-31,5.72,yellow,data
2026-10-06T14:52:42,refi_rate,2026-08-03,4.5,green,data
2026-10-06T14:52:42,govbond_10y,2026-07-31,4.464118,red,data
2026-10-06T14:52:42,real_rate,2026-08-31,1.010000000000001,yellow,data
2026-10-06T14:52:42,credit_ytd,2026-05-31,4.719252597353663,green,data
2026-10-06T14:52:42,credit_yoy,2026-05-31,16.837719328775336,green,data
2026-10-06T14:52:42,credit_construction_ytd,2026-05-31,5.860894457233434,green,data
2026-10-06T14:52:42,m2_ytd,2026-05-31,2.7283275723141154,green,data
2026-10-06T14:52:42,credit_minus_m2,2026-05-31,1.9909250250395472,green,data
2026-10-06T14:52:42,land_use_revenue,2024-12-31,217245.0,insufficient,data
2026-10-06T14:52:42,public_investment,2026-06-30,81430.19253,yellow,data
2026-10-06T14:52:42,public_investment_ytd_yoy,2026-06-30,13.475454350150606,green,data
2026-10-06T14:52:42,fdi_registered_ytd,2026-07-31,21045.97153151,red,data
2026-10-06T14:52:42,fdi_registered_ytd_yoy,2026-07-31,109.72732069382424,yellow,data
2026-10-06T14:52:42,pmi_vn,2026-08-31,53.3,green,data
2026-10-06T15:06:01,fed_upper,2026-10-05,4.0,green,data
2026-10-06T15:06:01,fed_lower,2026-10-05,3.75,green,data
2026-10-06T15:06:01,effr,2026-10-02,3.88,green,data
2026-10-06T15:06:01,ust_2y,2026-10-02,4.83,green,data
2026-10-06T15:06:01,ust_10y,2026-10-02,5.28,red,data
2026-10-06T15:06:01,ust_10y2y,2026-10-05,0.47,yellow,data
2026-10-06T15:06:01,usd_broad,2026-10-02,121.3848,green,data
2026-10-06T15:06:01,dxy,2026-10-06,,green,data
2026-10-06T15:06:01,brent,2026-09-29,113.96,orange,data
2026-10-06T15:06:01,brent_futures,2026-10-06,,yellow,data
2026-10-06T15:06:01,copper,2026-10-05,,red,data
2026-10-06T15:06:01,copper_lme_stock,2026-10-05,,green,data
2026-10-06T15:06:01,copper_comex,2026-10-06,,red,data
2026-10-06T15:06:01,copper_imf,2026-07-31,13542.82086956522,red,data
2026-10-06T15:06:01,hy_spread,2026-10-02,3.1,green_strong,data
2026-10-06T15:06:01,breakeven_10y,2026-10-05,2.36,yellow,data
2026-10-06T15:06:01,vix,2026-10-02,15.31,yellow,data
2026-10-06T15:06:01,us_mortgage_30y,2026-10-01,7.28,yellow,data
2026-10-06T15:06:01,gdp_yoy_published,2026-06-30,8.39,yellow,data
2026-10-06T15:06:01,gdp_yoy,2026-06-30,89.72774377855093,insufficient,data
2026-10-06T15:06:01,gdp_realestate_yoy,2026-06-30,71.97617301993135,insufficient,data
2026-10-06T15:06:01,gdp_construction_yoy,2026-06-30,107.43704178752104,insufficient,data
2026-10-06T15:06:01,export_yoy,2026-07-31,25.590081904262973,yellow,data
2026-10-06T15:06:01,cpi_yoy,2026-08-31,4.89,red,data
2026-10-06T15:06:01,cpi_avg_ytd,2026-07-31,4.393497411553593,yellow,data
2026-10-06T15:06:01,cpi_housing_yoy,2026-08-31,6.6,green,data
2026-10-06T15:06:01,fx_central,2026-08-10,25491.0,yellow,data
2026-10-06T15:06:01,fx_central_ytd,2026-08-10,1.4728713028939966,green,data
2026-10-06T15:06:01,deposit_12m_big4,2026-10-06,5.9,orange,data
2026-10-06T15:06:01,deposit_12m_all,2026-10-06,6.147368421052632,green,data
2026-10-06T15:06:01,interbank_on,2026-07-31,5.72,yellow,data
2026-10-06T15:06:01,refi_rate,2026-08-03,4.5,green,data
2026-10-06T15:06:01,govbond_10y,2026-07-31,4.464118,red,data
2026-10-06T15:06:01,real_rate,2026-08-31,1.010000000000001,yellow,data
2026-10-06T15:06:01,credit_ytd,2026-05-31,4.719252597353663,green,data
2026-10-06T15:06:01,credit_yoy,2026-05-31,16.837719328775336,green,data
2026-10-06T15:06:01,credit_construction_ytd,2026-05-31,5.860894457233434,green,data
2026-10-06T15:06:01,m2_ytd,2026-05-31,2.7283275723141154,green,data
2026-10-06T15:06:01,credit_minus_m2,2026-05-31,1.9909250250395472,green,data
2026-10-06T15:06:01,land_use_revenue,2024-12-31,217245.0,insufficient,data
2026-10-06T15:06:01,public_investment,2026-06-30,81430.19253,yellow,data
2026-10-06T15:06:01,public_investment_ytd_yoy,2026-06-30,13.475454350150606,green,data
2026-10-06T15:06:01,fdi_registered_ytd,2026-07-31,21045.97153151,red,data
2026-10-06T15:06:01,fdi_registered_ytd_yoy,2026-07-31,109.72732069382424,yellow,data
2026-10-06T15:06:01,pmi_vn,2026-08-31,53.3,green,data
2026-10-06T15:06:20,fed_upper,2026-10-05,4.0,green,data
2026-10-06T15:06:20,fed_lower,2026-10-05,3.75,green,data
2026-10-06T15:06:20,effr,2026-10-02,3.88,green,data
2026-10-06T15:06:20,ust_2y,2026-10-02,4.83,green,data
2026-10-06T15:06:20,ust_10y,2026-10-02,5.28,red,data
2026-10-06T15:06:20,ust_10y2y,2026-10-05,0.47,yellow,data
2026-10-06T15:06:20,usd_broad,2026-10-02,121.3848,green,data
2026-10-06T15:06:20,dxy,2026-10-06,,green,data
2026-10-06T15:06:20,brent,2026-09-29,113.96,orange,data
2026-10-06T15:06:20,brent_futures,2026-10-06,,yellow,data
2026-10-06T15:06:20,copper,2026-10-05,,red,data
2026-10-06T15:06:20,copper_lme_stock,2026-10-05,,green,data
2026-10-06T15:06:20,copper_comex,2026-10-06,,red,data
2026-10-06T15:06:20,copper_imf,2026-07-31,13542.82086956522,red,data
2026-10-06T15:06:20,hy_spread,2026-10-02,3.1,green_strong,data
2026-10-06T15:06:20,breakeven_10y,2026-10-05,2.36,yellow,data
2026-10-06T15:06:20,vix,2026-10-02,15.31,yellow,data
2026-10-06T15:06:20,us_mortgage_30y,2026-10-01,7.28,yellow,data
2026-10-06T15:06:20,gdp_yoy_published,2026-06-30,8.39,yellow,data
2026-10-06T15:06:20,gdp_yoy,2026-06-30,89.72774377855093,insufficient,data
2026-10-06T15:06:20,gdp_realestate_yoy,2026-06-30,71.97617301993135,insufficient,data
2026-10-06T15:06:20,gdp_construction_yoy,2026-06-30,107.43704178752104,insufficient,data
2026-10-06T15:06:20,export_yoy,2026-07-31,25.590081904262973,yellow,data
2026-10-06T15:06:20,cpi_yoy,2026-08-31,4.89,red,data
2026-10-06T15:06:20,cpi_avg_ytd,2026-07-31,4.393497411553593,yellow,data
2026-10-06T15:06:20,cpi_housing_yoy,2026-08-31,6.6,green,data
2026-10-06T15:06:20,fx_central,2026-08-10,25491.0,yellow,data
2026-10-06T15:06:20,fx_central_ytd,2026-08-10,1.4728713028939966,green,data
2026-10-06T15:06:20,deposit_12m_big4,2026-10-06,5.9,orange,data
2026-10-06T15:06:20,deposit_12m_all,2026-10-06,6.147368421052632,green,data
2026-10-06T15:06:20,interbank_on,2026-07-31,5.72,yellow,data
2026-10-06T15:06:20,refi_rate,2026-08-03,4.5,green,data
2026-10-06T15:06:20,govbond_10y,2026-07-31,4.464118,red,data
2026-10-06T15:06:20,real_rate,2026-08-31,1.010000000000001,yellow,data
2026-10-06T15:06:20,credit_ytd,2026-05-31,4.719252597353663,green,data
2026-10-06T15:06:20,credit_yoy,2026-05-31,16.837719328775336,green,data
2026-10-06T15:06:20,credit_construction_ytd,2026-05-31,5.860894457233434,green,data
2026-10-06T15:06:20,m2_ytd,2026-05-31,2.7283275723141154,green,data
2026-10-06T15:06:20,credit_minus_m2,2026-05-31,1.9909250250395472,green,data
2026-10-06T15:06:20,land_use_revenue,2024-12-31,217245.0,insufficient,data
2026-10-06T15:06:20,public_investment,2026-06-30,81430.19253,yellow,data
2026-10-06T15:06:20,public_investment_ytd_yoy,2026-06-30,13.475454350150606,green,data
2026-10-06T15:06:20,fdi_registered_ytd,2026-07-31,21045.97153151,red,data
2026-10-06T15:06:20,fdi_registered_ytd_yoy,2026-07-31,109.72732069382424,yellow,data
2026-10-06T15:06:20,pmi_vn,2026-08-31,53.3,green,data
2026-10-06T15:06:59,fed_upper,2026-10-05,4.0,green,data
2026-10-06T15:06:59,fed_lower,2026-10-05,3.75,green,data
2026-10-06T15:06:59,effr,2026-10-02,3.88,green,data
2026-10-06T15:06:59,ust_2y,2026-10-02,4.83,green,data
2026-10-06T15:06:59,ust_10y,2026-10-02,5.28,red,data
2026-10-06T15:06:59,ust_10y2y,2026-10-05,0.47,yellow,data
2026-10-06T15:06:59,usd_broad,2026-10-02,121.3848,green,data
2026-10-06T15:06:59,dxy,2026-10-06,,green,data
2026-10-06T15:06:59,brent,2026-09-29,113.96,orange,data
2026-10-06T15:06:59,brent_futures,2026-10-06,,yellow,data
2026-10-06T15:06:59,copper,2026-10-05,,red,data
2026-10-06T15:06:59,copper_lme_stock,2026-10-05,,green,data
2026-10-06T15:06:59,copper_comex,2026-10-06,,red,data
2026-10-06T15:06:59,copper_imf,2026-07-31,13542.82086956522,red,data
2026-10-06T15:06:59,hy_spread,2026-10-02,3.1,green_strong,data
2026-10-06T15:06:59,breakeven_10y,2026-10-05,2.36,yellow,data
2026-10-06T15:06:59,vix,2026-10-02,15.31,yellow,data
2026-10-06T15:06:59,us_mortgage_30y,2026-10-01,7.28,yellow,data
2026-10-06T15:06:59,gdp_yoy_published,2026-06-30,8.39,yellow,data
2026-10-06T15:06:59,gdp_yoy,2026-06-30,89.72774377855093,insufficient,data
2026-10-06T15:06:59,gdp_realestate_yoy,2026-06-30,71.97617301993135,insufficient,data
2026-10-06T15:06:59,gdp_construction_yoy,2026-06-30,107.43704178752104,insufficient,data
2026-10-06T15:06:59,export_yoy,2026-07-31,25.590081904262973,yellow,data
2026-10-06T15:06:59,cpi_yoy,2026-08-31,4.89,red,data
2026-10-06T15:06:59,cpi_avg_ytd,2026-07-31,4.393497411553593,yellow,data
2026-10-06T15:06:59,cpi_housing_yoy,2026-08-31,6.6,green,data
2026-10-06T15:06:59,fx_central,2026-08-10,25491.0,yellow,data
2026-10-06T15:06:59,fx_central_ytd,2026-08-10,1.4728713028939966,green,data
2026-10-06T15:06:59,deposit_12m_big4,2026-10-06,5.9,orange,data
2026-10-06T15:06:59,deposit_12m_all,2026-10-06,6.147368421052632,green,data
2026-10-06T15:06:59,interbank_on,2026-07-31,5.72,yellow,data
2026-10-06T15:06:59,refi_rate,2026-08-03,4.5,green,data
2026-10-06T15:06:59,govbond_10y,2026-07-31,4.464118,red,data
2026-10-06T15:06:59,real_rate,2026-08-31,1.010000000000001,yellow,data
2026-10-06T15:06:59,credit_ytd,2026-05-31,4.719252597353663,green,data
2026-10-06T15:06:59,credit_yoy,2026-05-31,16.837719328775336,green,data
2026-10-06T15:06:59,credit_construction_ytd,2026-05-31,5.860894457233434,green,data
2026-10-06T15:06:59,m2_ytd,2026-05-31,2.7283275723141154,green,data
2026-10-06T15:06:59,credit_minus_m2,2026-05-31,1.9909250250395472,green,data
2026-10-06T15:06:59,land_use_revenue,2024-12-31,217245.0,insufficient,data
2026-10-06T15:06:59,public_investment,2026-06-30,81430.19253,yellow,data
2026-10-06T15:06:59,public_investment_ytd_yoy,2026-06-30,13.475454350150606,green,data
2026-10-06T15:06:59,fdi_registered_ytd,2026-07-31,21045.97153151,red,data
2026-10-06T15:06:59,fdi_registered_ytd_yoy,2026-07-31,109.72732069382424,yellow,data
2026-10-06T15:06:59,pmi_vn,2026-08-31,53.3,green,data
2026-10-06T15:07:17,fed_upper,2026-10-05,4.0,green,data
2026-10-06T15:07:17,fed_lower,2026-10-05,3.75,green,data
2026-10-06T15:07:17,effr,2026-10-02,3.88,green,data
2026-10-06T15:07:17,ust_2y,2026-10-02,4.83,green,data
2026-10-06T15:07:17,ust_10y,2026-10-02,5.28,red,data
2026-10-06T15:07:17,ust_10y2y,2026-10-05,0.47,yellow,data
2026-10-06T15:07:17,usd_broad,2026-10-02,121.3848,green,data
2026-10-06T15:07:17,dxy,2026-10-06,,green,data
2026-10-06T15:07:17,brent,2026-09-29,113.96,orange,data
2026-10-06T15:07:17,brent_futures,2026-10-06,,yellow,data
2026-10-06T15:07:17,copper,2026-10-05,,red,data
2026-10-06T15:07:17,copper_lme_stock,2026-10-05,,green,data
2026-10-06T15:07:17,copper_comex,2026-10-06,,red,data
2026-10-06T15:07:17,copper_imf,2026-07-31,13542.82086956522,red,data
2026-10-06T15:07:17,hy_spread,2026-10-02,3.1,green_strong,data
2026-10-06T15:07:17,breakeven_10y,2026-10-05,2.36,yellow,data
2026-10-06T15:07:17,vix,2026-10-02,15.31,yellow,data
2026-10-06T15:07:17,us_mortgage_30y,2026-10-01,7.28,yellow,data
2026-10-06T15:07:17,gdp_yoy_published,2026-06-30,8.39,yellow,data
2026-10-06T15:07:17,gdp_yoy,2026-06-30,89.72774377855093,insufficient,data
2026-10-06T15:07:17,gdp_realestate_yoy,2026-06-30,71.97617301993135,insufficient,data
2026-10-06T15:07:17,gdp_construction_yoy,2026-06-30,107.43704178752104,insufficient,data
2026-10-06T15:07:17,export_yoy,2026-07-31,25.590081904262973,yellow,data
2026-10-06T15:07:17,cpi_yoy,2026-08-31,4.89,red,data
2026-10-06T15:07:17,cpi_avg_ytd,2026-07-31,4.393497411553593,yellow,data
2026-10-06T15:07:17,cpi_housing_yoy,2026-08-31,6.6,green,data
2026-10-06T15:07:17,fx_central,2026-08-10,25491.0,yellow,data
2026-10-06T15:07:17,fx_central_ytd,2026-08-10,1.4728713028939966,green,data
2026-10-06T15:07:17,deposit_12m_big4,2026-10-06,5.9,orange,data
2026-10-06T15:07:17,deposit_12m_all,2026-10-06,6.147368421052632,green,data
2026-10-06T15:07:17,interbank_on,2026-07-31,5.72,yellow,data
2026-10-06T15:07:17,refi_rate,2026-08-03,4.5,green,data
2026-10-06T15:07:17,govbond_10y,2026-07-31,4.464118,red,data
2026-10-06T15:07:17,real_rate,2026-08-31,1.010000000000001,yellow,data
2026-10-06T15:07:17,credit_ytd,2026-05-31,4.719252597353663,green,data
2026-10-06T15:07:17,credit_yoy,2026-05-31,16.837719328775336,green,data
2026-10-06T15:07:17,credit_construction_ytd,2026-05-31,5.860894457233434,green,data
2026-10-06T15:07:17,m2_ytd,2026-05-31,2.7283275723141154,green,data
2026-10-06T15:07:17,credit_minus_m2,2026-05-31,1.9909250250395472,green,data
2026-10-06T15:07:17,land_use_revenue,2024-12-31,217245.0,insufficient,data
2026-10-06T15:07:17,public_investment,2026-06-30,81430.19253,yellow,data
2026-10-06T15:07:17,public_investment_ytd_yoy,2026-06-30,13.475454350150606,green,data
2026-10-06T15:07:17,fdi_registered_ytd,2026-07-31,21045.97153151,red,data
2026-10-06T15:07:17,fdi_registered_ytd_yoy,2026-07-31,109.72732069382424,yellow,data
2026-10-06T15:07:17,pmi_vn,2026-08-31,53.3,green,data
2026-10-06T15:08:04,fed_upper,2026-10-05,4.0,green,data
2026-10-06T15:08:04,fed_lower,2026-10-05,3.75,green,data
2026-10-06T15:08:04,effr,2026-10-02,3.88,green,data
2026-10-06T15:08:04,ust_2y,2026-10-02,4.83,green,data
2026-10-06T15:08:04,ust_10y,2026-10-02,5.28,red,data
2026-10-06T15:08:04,ust_10y2y,2026-10-05,0.47,yellow,data
2026-10-06T15:08:04,usd_broad,2026-10-02,121.3848,green,data
2026-10-06T15:08:04,dxy,2026-10-06,,green,data
2026-10-06T15:08:04,brent,2026-09-29,113.96,orange,data
2026-10-06T15:08:04,brent_futures,2026-10-06,,yellow,data
2026-10-06T15:08:04,copper,2026-10-05,,red,data
2026-10-06T15:08:04,copper_lme_stock,2026-10-05,,green,data
2026-10-06T15:08:04,copper_comex,2026-10-06,,red,data
2026-10-06T15:08:04,copper_imf,2026-07-31,13542.82086956522,red,data
2026-10-06T15:08:04,hy_spread,2026-10-02,3.1,green_strong,data
2026-10-06T15:08:04,breakeven_10y,2026-10-05,2.36,yellow,data
2026-10-06T15:08:04,vix,2026-10-02,15.31,yellow,data
2026-10-06T15:08:04,us_mortgage_30y,2026-10-01,7.28,yellow,data
2026-10-06T15:08:04,gdp_yoy_published,2026-06-30,8.39,yellow,data
2026-10-06T15:08:04,gdp_yoy,2026-06-30,89.72774377855093,insufficient,data
2026-10-06T15:08:04,gdp_realestate_yoy,2026-06-30,71.97617301993135,insufficient,data
2026-10-06T15:08:04,gdp_construction_yoy,2026-06-30,107.43704178752104,insufficient,data
2026-10-06T15:08:04,export_yoy,2026-07-31,25.590081904262973,yellow,data
2026-10-06T15:08:04,cpi_yoy,2026-08-31,4.89,red,data
2026-10-06T15:08:04,cpi_avg_ytd,2026-07-31,4.393497411553593,yellow,data
2026-10-06T15:08:04,cpi_housing_yoy,2026-08-31,6.6,green,data
2026-10-06T15:08:04,fx_central,2026-08-10,25491.0,yellow,data
2026-10-06T15:08:04,fx_central_ytd,2026-08-10,1.4728713028939966,green,data
2026-10-06T15:08:04,deposit_12m_big4,2026-10-06,5.9,orange,data
2026-10-06T15:08:04,deposit_12m_all,2026-10-06,6.147368421052632,green,data
2026-10-06T15:08:04,interbank_on,2026-07-31,5.72,yellow,data
2026-10-06T15:08:04,refi_rate,2026-08-03,4.5,green,data
2026-10-06T15:08:04,govbond_10y,2026-07-31,4.464118,red,data
2026-10-06T15:08:04,real_rate,2026-08-31,1.010000000000001,yellow,data
2026-10-06T15:08:04,credit_ytd,2026-05-31,4.719252597353663,green,data
2026-10-06T15:08:04,credit_yoy,2026-05-31,16.837719328775336,green,data
2026-10-06T15:08:04,credit_construction_ytd,2026-05-31,5.860894457233434,green,data
2026-10-06T15:08:04,m2_ytd,2026-05-31,2.7283275723141154,green,data
2026-10-06T15:08:04,credit_minus_m2,2026-05-31,1.9909250250395472,green,data
2026-10-06T15:08:04,land_use_revenue,2024-12-31,217245.0,insufficient,data
2026-10-06T15:08:04,public_investment,2026-06-30,81430.19253,yellow,data
2026-10-06T15:08:04,public_investment_ytd_yoy,2026-06-30,13.475454350150606,green,data
2026-10-06T15:08:04,fdi_registered_ytd,2026-07-31,21045.97153151,red,data
2026-10-06T15:08:04,fdi_registered_ytd_yoy,2026-07-31,109.72732069382424,yellow,data
2026-10-06T15:08:04,pmi_vn,2026-08-31,53.3,green,data
2026-10-06T15:08:13,fed_upper,2026-10-05,4.0,green,data
2026-10-06T15:08:13,fed_lower,2026-10-05,3.75,green,data
2026-10-06T15:08:13,effr,2026-10-02,3.88,green,data
2026-10-06T15:08:13,ust_2y,2026-10-02,4.83,green,data
2026-10-06T15:08:13,ust_10y,2026-10-02,5.28,red,data
2026-10-06T15:08:13,ust_10y2y,2026-10-05,0.47,yellow,data
2026-10-06T15:08:13,usd_broad,2026-10-02,121.3848,green,data
2026-10-06T15:08:13,dxy,2026-10-06,,green,data
2026-10-06T15:08:13,brent,2026-09-29,113.96,orange,data
2026-10-06T15:08:13,brent_futures,2026-10-06,,yellow,data
2026-10-06T15:08:13,copper,2026-10-05,,red,data
2026-10-06T15:08:13,copper_lme_stock,2026-10-05,,green,data
2026-10-06T15:08:13,copper_comex,2026-10-06,,red,data
2026-10-06T15:08:13,copper_imf,2026-07-31,13542.82086956522,red,data
2026-10-06T15:08:13,hy_spread,2026-10-02,3.1,green_strong,data
2026-10-06T15:08:13,breakeven_10y,2026-10-05,2.36,yellow,data
2026-10-06T15:08:13,vix,2026-10-02,15.31,yellow,data
2026-10-06T15:08:13,us_mortgage_30y,2026-10-01,7.28,yellow,data
2026-10-06T15:08:13,gdp_yoy_published,2026-06-30,8.39,yellow,data
2026-10-06T15:08:13,gdp_yoy,2026-06-30,89.72774377855093,insufficient,data
2026-10-06T15:08:13,gdp_realestate_yoy,2026-06-30,71.97617301993135,insufficient,data
2026-10-06T15:08:13,gdp_construction_yoy,2026-06-30,107.43704178752104,insufficient,data
2026-10-06T15:08:13,export_yoy,2026-07-31,25.590081904262973,yellow,data
2026-10-06T15:08:13,cpi_yoy,2026-08-31,4.89,red,data
2026-10-06T15:08:13,cpi_avg_ytd,2026-07-31,4.393497411553593,yellow,data
2026-10-06T15:08:13,cpi_housing_yoy,2026-08-31,6.6,green,data
2026-10-06T15:08:13,fx_central,2026-08-10,25491.0,yellow,data
2026-10-06T15:08:13,fx_central_ytd,2026-08-10,1.4728713028939966,green,data
2026-10-06T15:08:13,deposit_12m_big4,2026-10-06,5.9,orange,data
2026-10-06T15:08:13,deposit_12m_all,2026-10-06,6.147368421052632,green,data
2026-10-06T15:08:13,interbank_on,2026-07-31,5.72,yellow,data
2026-10-06T15:08:13,refi_rate,2026-08-03,4.5,green,data
2026-10-06T15:08:13,govbond_10y,2026-07-31,4.464118,red,data
2026-10-06T15:08:13,real_rate,2026-08-31,1.010000000000001,yellow,data
2026-10-06T15:08:13,credit_ytd,2026-05-31,4.719252597353663,green,data
2026-10-06T15:08:13,credit_yoy,2026-05-31,16.837719328775336,green,data
2026-10-06T15:08:13,credit_construction_ytd,2026-05-31,5.860894457233434,green,data
2026-10-06T15:08:13,m2_ytd,2026-05-31,2.7283275723141154,green,data
2026-10-06T15:08:13,credit_minus_m2,2026-05-31,1.9909250250395472,green,data
2026-10-06T15:08:13,land_use_revenue,2024-12-31,217245.0,insufficient,data
2026-10-06T15:08:13,public_investment,2026-06-30,81430.19253,yellow,data
2026-10-06T15:08:13,public_investment_ytd_yoy,2026-06-30,13.475454350150606,green,data
2026-10-06T15:08:13,fdi_registered_ytd,2026-07-31,21045.97153151,red,data
2026-10-06T15:08:13,fdi_registered_ytd_yoy,2026-07-31,109.72732069382424,yellow,data
2026-10-06T15:08:13,pmi_vn,2026-08-31,53.3,green,data
2026-10-06T15:08:15,fed_upper,2026-10-05,4.0,green,data
2026-10-06T15:08:15,fed_lower,2026-10-05,3.75,green,data
2026-10-06T15:08:15,effr,2026-10-02,3.88,green,data
2026-10-06T15:08:15,ust_2y,2026-10-02,4.83,green,data
2026-10-06T15:08:15,ust_10y,2026-10-02,5.28,red,data
2026-10-06T15:08:15,ust_10y2y,2026-10-05,0.47,yellow,data
2026-10-06T15:08:15,usd_broad,2026-10-02,121.3848,green,data
2026-10-06T15:08:15,dxy,2026-10-06,,green,data
2026-10-06T15:08:15,brent,2026-09-29,113.96,orange,data
2026-10-06T15:08:15,brent_futures,2026-10-06,,yellow,data
2026-10-06T15:08:15,copper,2026-10-05,,red,data
2026-10-06T15:08:15,copper_lme_stock,2026-10-05,,green,data
2026-10-06T15:08:15,copper_comex,2026-10-06,,red,data
2026-10-06T15:08:15,copper_imf,2026-07-31,13542.82086956522,red,data
2026-10-06T15:08:15,hy_spread,2026-10-02,3.1,green_strong,data
2026-10-06T15:08:15,breakeven_10y,2026-10-05,2.36,yellow,data
2026-10-06T15:08:15,vix,2026-10-02,15.31,yellow,data
2026-10-06T15:08:15,us_mortgage_30y,2026-10-01,7.28,yellow,data
2026-10-06T15:08:15,gdp_yoy_published,2026-06-30,8.39,yellow,data
2026-10-06T15:08:15,gdp_yoy,2026-06-30,89.72774377855093,insufficient,data
2026-10-06T15:08:15,gdp_realestate_yoy,2026-06-30,71.97617301993135,insufficient,data
2026-10-06T15:08:15,gdp_construction_yoy,2026-06-30,107.43704178752104,insufficient,data
2026-10-06T15:08:15,export_yoy,2026-07-31,25.590081904262973,yellow,data
2026-10-06T15:08:15,cpi_yoy,2026-08-31,4.89,red,data
2026-10-06T15:08:15,cpi_avg_ytd,2026-07-31,4.393497411553593,yellow,data
2026-10-06T15:08:15,cpi_housing_yoy,2026-08-31,6.6,green,data
2026-10-06T15:08:15,fx_central,2026-08-10,25491.0,yellow,data
2026-10-06T15:08:15,fx_central_ytd,2026-08-10,1.4728713028939966,green,data
2026-10-06T15:08:15,deposit_12m_big4,2026-10-06,5.9,orange,data
2026-10-06T15:08:15,deposit_12m_all,2026-10-06,6.147368421052632,green,data
2026-10-06T15:08:15,interbank_on,2026-07-31,5.72,yellow,data
2026-10-06T15:08:15,refi_rate,2026-08-03,4.5,green,data
2026-10-06T15:08:15,govbond_10y,2026-07-31,4.464118,red,data
2026-10-06T15:08:15,real_rate,2026-08-31,1.010000000000001,yellow,data
2026-10-06T15:08:15,credit_ytd,2026-05-31,4.719252597353663,green,data
2026-10-06T15:08:15,credit_yoy,2026-05-31,16.837719328775336,green,data
2026-10-06T15:08:15,credit_construction_ytd,2026-05-31,5.860894457233434,green,data
2026-10-06T15:08:15,m2_ytd,2026-05-31,2.7283275723141154,green,data
2026-10-06T15:08:15,credit_minus_m2,2026-05-31,1.9909250250395472,green,data
2026-10-06T15:08:15,land_use_revenue,2024-12-31,217245.0,insufficient,data
2026-10-06T15:08:15,public_investment,2026-06-30,81430.19253,yellow,data
2026-10-06T15:08:15,public_investment_ytd_yoy,2026-06-30,13.475454350150606,green,data
2026-10-06T15:08:15,fdi_registered_ytd,2026-07-31,21045.97153151,red,data
2026-10-06T15:08:15,fdi_registered_ytd_yoy,2026-07-31,109.72732069382424,yellow,data
2026-10-06T15:08:15,pmi_vn,2026-08-31,53.3,green,data
2026-10-06T15:09:11,fed_upper,2026-10-05,4.0,green,data
2026-10-06T15:09:11,fed_lower,2026-10-05,3.75,green,data
2026-10-06T15:09:11,effr,2026-10-02,3.88,green,data
2026-10-06T15:09:11,ust_2y,2026-10-02,4.83,green,data
2026-10-06T15:09:11,ust_10y,2026-10-02,5.28,red,data
2026-10-06T15:09:11,ust_10y2y,2026-10-05,0.47,yellow,data
2026-10-06T15:09:11,usd_broad,2026-10-02,121.3848,green,data
2026-10-06T15:09:11,dxy,2026-10-06,,green,data
2026-10-06T15:09:11,brent,2026-09-29,113.96,orange,data
2026-10-06T15:09:11,brent_futures,2026-10-06,,yellow,data
2026-10-06T15:09:11,copper,2026-10-05,,red,data
2026-10-06T15:09:11,copper_lme_stock,2026-10-05,,green,data
2026-10-06T15:09:11,copper_comex,2026-10-06,,red,data
2026-10-06T15:09:11,copper_imf,2026-07-31,13542.82086956522,red,data
2026-10-06T15:09:11,hy_spread,2026-10-02,3.1,green_strong,data
2026-10-06T15:09:11,breakeven_10y,2026-10-05,2.36,yellow,data
2026-10-06T15:09:11,vix,2026-10-02,15.31,yellow,data
2026-10-06T15:09:11,us_mortgage_30y,2026-10-01,7.28,yellow,data
2026-10-06T15:09:11,gdp_yoy_published,2026-06-30,8.39,yellow,data
2026-10-06T15:09:11,gdp_yoy,2026-06-30,89.72774377855093,insufficient,data
2026-10-06T15:09:11,gdp_realestate_yoy,2026-06-30,71.97617301993135,insufficient,data
2026-10-06T15:09:11,gdp_construction_yoy,2026-06-30,107.43704178752104,insufficient,data
2026-10-06T15:09:11,export_yoy,2026-07-31,25.590081904262973,yellow,data
2026-10-06T15:09:11,cpi_yoy,2026-08-31,4.89,red,data
2026-10-06T15:09:11,cpi_avg_ytd,2026-07-31,4.393497411553593,yellow,data
2026-10-06T15:09:11,cpi_housing_yoy,2026-08-31,6.6,green,data
2026-10-06T15:09:11,fx_central,2026-08-10,25491.0,yellow,data
2026-10-06T15:09:11,fx_central_ytd,2026-08-10,1.4728713028939966,green,data
2026-10-06T15:09:11,deposit_12m_big4,2026-10-06,5.9,orange,data
2026-10-06T15:09:11,deposit_12m_all,2026-10-06,6.147368421052632,green,data
2026-10-06T15:09:11,interbank_on,2026-07-31,5.72,yellow,data
2026-10-06T15:09:11,refi_rate,2026-08-03,4.5,green,data
2026-10-06T15:09:11,govbond_10y,2026-07-31,4.464118,red,data
2026-10-06T15:09:11,real_rate,2026-08-31,1.010000000000001,yellow,data
2026-10-06T15:09:11,credit_ytd,2026-05-31,4.719252597353663,green,data
2026-10-06T15:09:11,credit_yoy,2026-05-31,16.837719328775336,green,data
2026-10-06T15:09:11,credit_construction_ytd,2026-05-31,5.860894457233434,green,data
2026-10-06T15:09:11,m2_ytd,2026-05-31,2.7283275723141154,green,data
2026-10-06T15:09:11,credit_minus_m2,2026-05-31,1.9909250250395472,green,data
2026-10-06T15:09:11,land_use_revenue,2024-12-31,217245.0,insufficient,data
2026-10-06T15:09:11,public_investment,2026-06-30,81430.19253,yellow,data
2026-10-06T15:09:11,public_investment_ytd_yoy,2026-06-30,13.475454350150606,green,data
2026-10-06T15:09:11,fdi_registered_ytd,2026-07-31,21045.97153151,red,data
2026-10-06T15:09:11,fdi_registered_ytd_yoy,2026-07-31,109.72732069382424,yellow,data
2026-10-06T15:09:11,pmi_vn,2026-08-31,53.3,green,data
2026-10-06T15:09:45,fed_upper,2026-10-05,4.0,green_strong,threshold
2026-10-06T15:09:45,fed_lower,2026-10-05,3.75,green,data
2026-10-06T15:09:45,effr,2026-10-02,3.88,green,data
2026-10-06T15:09:45,ust_2y,2026-10-02,4.83,green,data
2026-10-06T15:09:45,ust_10y,2026-10-02,5.28,red,data
2026-10-06T15:09:45,ust_10y2y,2026-10-05,0.47,yellow,data
2026-10-06T15:09:45,usd_broad,2026-10-02,121.3848,green,data
2026-10-06T15:09:45,dxy,2026-10-06,,green,data
2026-10-06T15:09:45,brent,2026-09-29,113.96,orange,data
2026-10-06T15:09:45,brent_futures,2026-10-06,,yellow,data
2026-10-06T15:09:45,copper,2026-10-05,,red,data
2026-10-06T15:09:45,copper_lme_stock,2026-10-05,,green,data
2026-10-06T15:09:45,copper_comex,2026-10-06,,red,data
2026-10-06T15:09:45,copper_imf,2026-07-31,13542.82086956522,red,data
2026-10-06T15:09:45,hy_spread,2026-10-02,3.1,green_strong,data
2026-10-06T15:09:45,breakeven_10y,2026-10-05,2.36,yellow,data
2026-10-06T15:09:45,vix,2026-10-02,15.31,yellow,data
2026-10-06T15:09:45,us_mortgage_30y,2026-10-01,7.28,yellow,data
2026-10-06T15:09:45,gdp_yoy_published,2026-06-30,8.39,yellow,data
2026-10-06T15:09:45,gdp_yoy,2026-06-30,89.72774377855093,insufficient,data
2026-10-06T15:09:45,gdp_realestate_yoy,2026-06-30,71.97617301993135,insufficient,data
2026-10-06T15:09:45,gdp_construction_yoy,2026-06-30,107.43704178752104,insufficient,data
2026-10-06T15:09:45,export_yoy,2026-07-31,25.590081904262973,yellow,data
2026-10-06T15:09:45,cpi_yoy,2026-08-31,4.89,red,data
2026-10-06T15:09:45,cpi_avg_ytd,2026-07-31,4.393497411553593,yellow,data
2026-10-06T15:09:45,cpi_housing_yoy,2026-08-31,6.6,green,data
2026-10-06T15:09:45,fx_central,2026-08-10,25491.0,yellow,data
2026-10-06T15:09:45,fx_central_ytd,2026-08-10,1.4728713028939966,green,data
2026-10-06T15:09:45,deposit_12m_big4,2026-10-06,5.9,orange,data
2026-10-06T15:09:45,deposit_12m_all,2026-10-06,6.147368421052632,green,data
2026-10-06T15:09:45,interbank_on,2026-07-31,5.72,yellow,data
2026-10-06T15:09:45,refi_rate,2026-08-03,4.5,green,data
2026-10-06T15:09:45,govbond_10y,2026-07-31,4.464118,red,data
2026-10-06T15:09:45,real_rate,2026-08-31,1.010000000000001,yellow,data
2026-10-06T15:09:45,credit_ytd,2026-05-31,4.719252597353663,green,data
2026-10-06T15:09:45,credit_yoy,2026-05-31,16.837719328775336,green,data
2026-10-06T15:09:45,credit_construction_ytd,2026-05-31,5.860894457233434,green,data
2026-10-06T15:09:45,m2_ytd,2026-05-31,2.7283275723141154,green,data
2026-10-06T15:09:45,credit_minus_m2,2026-05-31,1.9909250250395472,green,data
2026-10-06T15:09:45,land_use_revenue,2024-12-31,217245.0,insufficient,data
2026-10-06T15:09:45,public_investment,2026-06-30,81430.19253,yellow,data
2026-10-06T15:09:45,public_investment_ytd_yoy,2026-06-30,13.475454350150606,green,data
2026-10-06T15:09:45,fdi_registered_ytd,2026-07-31,21045.97153151,red,data
2026-10-06T15:09:45,fdi_registered_ytd_yoy,2026-07-31,109.72732069382424,yellow,data
2026-10-06T15:09:45,pmi_vn,2026-08-31,53.3,green,data
2026-10-06T15:09:54,fed_upper,2026-10-05,4.0,green,threshold
2026-10-06T15:09:54,fed_lower,2026-10-05,3.75,green,data
2026-10-06T15:09:54,effr,2026-10-02,3.88,green,data
2026-10-06T15:09:54,ust_2y,2026-10-02,4.83,green,data
2026-10-06T15:09:54,ust_10y,2026-10-02,5.28,red,data
2026-10-06T15:09:54,ust_10y2y,2026-10-05,0.47,yellow,data
2026-10-06T15:09:54,usd_broad,2026-10-02,121.3848,green,data
2026-10-06T15:09:54,dxy,2026-10-06,,green,data
2026-10-06T15:09:54,brent,2026-09-29,113.96,orange,data
2026-10-06T15:09:54,brent_futures,2026-10-06,,yellow,data
2026-10-06T15:09:54,copper,2026-10-05,,red,data
2026-10-06T15:09:54,copper_lme_stock,2026-10-05,,green,data
2026-10-06T15:09:54,copper_comex,2026-10-06,,red,data
2026-10-06T15:09:54,copper_imf,2026-07-31,13542.82086956522,red,data
2026-10-06T15:09:54,hy_spread,2026-10-02,3.1,green_strong,data
2026-10-06T15:09:54,breakeven_10y,2026-10-05,2.36,yellow,data
2026-10-06T15:09:54,vix,2026-10-02,15.31,yellow,data
2026-10-06T15:09:54,us_mortgage_30y,2026-10-01,7.28,yellow,data
2026-10-06T15:09:54,gdp_yoy_published,2026-06-30,8.39,yellow,data
2026-10-06T15:09:54,gdp_yoy,2026-06-30,89.72774377855093,insufficient,data
2026-10-06T15:09:54,gdp_realestate_yoy,2026-06-30,71.97617301993135,insufficient,data
2026-10-06T15:09:54,gdp_construction_yoy,2026-06-30,107.43704178752104,insufficient,data
2026-10-06T15:09:54,export_yoy,2026-07-31,25.590081904262973,yellow,data
2026-10-06T15:09:54,cpi_yoy,2026-08-31,4.89,red,data
2026-10-06T15:09:54,cpi_avg_ytd,2026-07-31,4.393497411553593,yellow,data
2026-10-06T15:09:54,cpi_housing_yoy,2026-08-31,6.6,green,data
2026-10-06T15:09:54,fx_central,2026-08-10,25491.0,yellow,data
2026-10-06T15:09:54,fx_central_ytd,2026-08-10,1.4728713028939966,green,data
2026-10-06T15:09:54,deposit_12m_big4,2026-10-06,5.9,orange,data
2026-10-06T15:09:54,deposit_12m_all,2026-10-06,6.147368421052632,green,data
2026-10-06T15:09:54,interbank_on,2026-07-31,5.72,yellow,data
2026-10-06T15:09:54,refi_rate,2026-08-03,4.5,green,data
2026-10-06T15:09:54,govbond_10y,2026-07-31,4.464118,red,data
2026-10-06T15:09:54,real_rate,2026-08-31,1.010000000000001,yellow,data
2026-10-06T15:09:54,credit_ytd,2026-05-31,4.719252597353663,green,data
2026-10-06T15:09:54,credit_yoy,2026-05-31,16.837719328775336,green,data
2026-10-06T15:09:54,credit_construction_ytd,2026-05-31,5.860894457233434,green,data
2026-10-06T15:09:54,m2_ytd,2026-05-31,2.7283275723141154,green,data
2026-10-06T15:09:54,credit_minus_m2,2026-05-31,1.9909250250395472,green,data
2026-10-06T15:09:54,land_use_revenue,2024-12-31,217245.0,insufficient,data
2026-10-06T15:09:54,public_investment,2026-06-30,81430.19253,yellow,data
2026-10-06T15:09:54,public_investment_ytd_yoy,2026-06-30,13.475454350150606,green,data
2026-10-06T15:09:54,fdi_registered_ytd,2026-07-31,21045.97153151,red,data
2026-10-06T15:09:54,fdi_registered_ytd_yoy,2026-07-31,109.72732069382424,yellow,data
2026-10-06T15:09:54,pmi_vn,2026-08-31,53.3,green,data
2026-10-06T15:10:10,fed_upper,2026-10-05,4.0,green,data
2026-10-06T15:10:10,fed_lower,2026-10-05,3.75,green,data
2026-10-06T15:10:10,effr,2026-10-02,3.88,green,data
2026-10-06T15:10:10,ust_2y,2026-10-02,4.83,green,data
2026-10-06T15:10:10,ust_10y,2026-10-02,5.28,red,data
2026-10-06T15:10:10,ust_10y2y,2026-10-05,0.47,yellow,data
2026-10-06T15:10:10,usd_broad,2026-10-02,121.3848,green,data
2026-10-06T15:10:10,dxy,2026-10-06,,green,data
2026-10-06T15:10:10,brent,2026-09-29,113.96,orange,data
2026-10-06T15:10:10,brent_futures,2026-10-06,,yellow,data
2026-10-06T15:10:10,copper,2026-10-05,,red,data
2026-10-06T15:10:10,copper_lme_stock,2026-10-05,,green,data
2026-10-06T15:10:10,copper_comex,2026-10-06,,red,data
2026-10-06T15:10:10,copper_imf,2026-07-31,13542.82086956522,red,data
2026-10-06T15:10:10,hy_spread,2026-10-02,3.1,green_strong,data
2026-10-06T15:10:10,breakeven_10y,2026-10-05,2.36,yellow,data
2026-10-06T15:10:10,vix,2026-10-02,15.31,yellow,data
2026-10-06T15:10:10,us_mortgage_30y,2026-10-01,7.28,yellow,data
2026-10-06T15:10:10,gdp_yoy_published,2026-06-30,8.39,yellow,data
2026-10-06T15:10:10,gdp_yoy,2026-06-30,89.72774377855093,insufficient,data
2026-10-06T15:10:10,gdp_realestate_yoy,2026-06-30,71.97617301993135,insufficient,data
2026-10-06T15:10:10,gdp_construction_yoy,2026-06-30,107.43704178752104,insufficient,data
2026-10-06T15:10:10,export_yoy,2026-07-31,25.590081904262973,yellow,data
2026-10-06T15:10:10,cpi_yoy,2026-08-31,4.89,red,data
2026-10-06T15:10:10,cpi_avg_ytd,2026-07-31,4.393497411553593,yellow,data
2026-10-06T15:10:10,cpi_housing_yoy,2026-08-31,6.6,green,data
2026-10-06T15:10:10,fx_central,2026-08-10,25491.0,yellow,data
2026-10-06T15:10:10,fx_central_ytd,2026-08-10,1.4728713028939966,green,data
2026-10-06T15:10:10,deposit_12m_big4,2026-10-06,5.9,orange,data
2026-10-06T15:10:10,deposit_12m_all,2026-10-06,6.147368421052632,green,data
2026-10-06T15:10:10,interbank_on,2026-07-31,5.72,yellow,data
2026-10-06T15:10:10,refi_rate,2026-08-03,4.5,green,data
2026-10-06T15:10:10,govbond_10y,2026-07-31,4.464118,red,data
2026-10-06T15:10:10,real_rate,2026-08-31,1.010000000000001,yellow,data
2026-10-06T15:10:10,credit_ytd,2026-05-31,4.719252597353663,green,data
2026-10-06T15:10:10,credit_yoy,2026-05-31,16.837719328775336,green,data
2026-10-06T15:10:10,credit_construction_ytd,2026-05-31,5.860894457233434,green,data
2026-10-06T15:10:10,m2_ytd,2026-05-31,2.7283275723141154,green,data
2026-10-06T15:10:10,credit_minus_m2,2026-05-31,1.9909250250395472,green,data
2026-10-06T15:10:10,land_use_revenue,2024-12-31,217245.0,insufficient,data
2026-10-06T15:10:10,public_investment,2026-06-30,81430.19253,yellow,data
2026-10-06T15:10:10,public_investment_ytd_yoy,2026-06-30,13.475454350150606,green,data
2026-10-06T15:10:10,fdi_registered_ytd,2026-07-31,21045.97153151,red,data
2026-10-06T15:10:10,fdi_registered_ytd_yoy,2026-07-31,109.72732069382424,yellow,data
2026-10-06T15:10:10,pmi_vn,2026-08-31,53.3,green,data
2026-10-06T15:23:36,fed_upper,2026-10-05,4.0,green,data
2026-10-06T15:23:36,fed_lower,2026-10-05,3.75,green,data
2026-10-06T15:23:36,effr,2026-10-02,3.88,green,data
2026-10-06T15:23:36,ust_2y,2026-10-02,4.83,green,data
2026-10-06T15:23:36,ust_10y,2026-10-02,5.28,red,data
2026-10-06T15:23:36,ust_10y2y,2026-10-05,0.47,yellow,data
2026-10-06T15:23:36,usd_broad,2026-10-02,121.3848,green,data
2026-10-06T15:23:36,dxy,2026-10-06,,green,data
2026-10-06T15:23:36,brent,2026-09-29,113.96,orange,data
2026-10-06T15:23:36,brent_futures,2026-10-06,,yellow,data
2026-10-06T15:23:36,copper,2026-10-05,,red,data
2026-10-06T15:23:36,copper_lme_stock,2026-10-05,,green,data
2026-10-06T15:23:36,copper_comex,2026-10-06,,red,data
2026-10-06T15:23:36,copper_imf,2026-07-31,13542.82086956522,red,data
2026-10-06T15:23:36,hy_spread,2026-10-02,3.1,green_strong,data
2026-10-06T15:23:36,breakeven_10y,2026-10-05,2.36,yellow,data
2026-10-06T15:23:36,vix,2026-10-02,15.31,yellow,data
2026-10-06T15:23:36,us_mortgage_30y,2026-10-01,7.28,yellow,data
2026-10-06T15:23:36,gdp_yoy_published,2026-06-30,8.39,yellow,data
2026-10-06T15:23:36,gdp_yoy,2026-06-30,89.72774377855093,insufficient,data
2026-10-06T15:23:36,gdp_realestate_yoy,2026-06-30,71.97617301993135,insufficient,data
2026-10-06T15:23:36,gdp_construction_yoy,2026-06-30,107.43704178752104,insufficient,data
2026-10-06T15:23:36,export_yoy,2026-07-31,25.590081904262973,yellow,data
2026-10-06T15:23:36,cpi_yoy,2026-08-31,4.89,red,data
2026-10-06T15:23:36,cpi_avg_ytd,2026-07-31,4.393497411553593,yellow,data
2026-10-06T15:23:36,cpi_housing_yoy,2026-08-31,6.6,green,data
2026-10-06T15:23:36,fx_central,2026-08-10,25491.0,yellow,data
2026-10-06T15:23:36,fx_central_ytd,2026-08-10,1.4728713028939966,green,data
2026-10-06T15:23:36,deposit_12m_big4,2026-10-06,5.9,orange,data
2026-10-06T15:23:36,deposit_12m_all,2026-10-06,6.147368421052632,green,data
2026-10-06T15:23:36,interbank_on,2026-07-31,5.72,yellow,data
2026-10-06T15:23:36,refi_rate,2026-08-03,4.5,green,data
2026-10-06T15:23:36,govbond_10y,2026-07-31,4.464118,red,data
2026-10-06T15:23:36,real_rate,2026-08-31,1.010000000000001,yellow,data
2026-10-06T15:23:36,credit_ytd,2026-05-31,4.719252597353663,green,data
2026-10-06T15:23:36,credit_yoy,2026-05-31,16.837719328775336,green,data
2026-10-06T15:23:36,credit_construction_ytd,2026-05-31,5.860894457233434,green,data
2026-10-06T15:23:36,m2_ytd,2026-05-31,2.7283275723141154,green,data
2026-10-06T15:23:36,credit_minus_m2,2026-05-31,1.9909250250395472,green,data
2026-10-06T15:23:36,land_use_revenue,2024-12-31,217245.0,insufficient,data
2026-10-06T15:23:36,public_investment,2026-06-30,81430.19253,yellow,data
2026-10-06T15:23:36,public_investment_ytd_yoy,2026-06-30,13.475454350150606,green,data
2026-10-06T15:23:36,fdi_registered_ytd,2026-07-31,21045.97153151,red,data
2026-10-06T15:23:36,fdi_registered_ytd_yoy,2026-07-31,109.72732069382424,yellow,data
2026-10-06T15:23:36,pmi_vn,2026-08-31,53.3,green,data
2026-10-06T15:23:45,fed_upper,2026-10-05,4.0,green,data
2026-10-06T15:23:45,fed_lower,2026-10-05,3.75,green,data
2026-10-06T15:23:45,effr,2026-10-02,3.88,green,data
2026-10-06T15:23:45,ust_2y,2026-10-02,4.83,green,data
2026-10-06T15:23:45,ust_10y,2026-10-02,5.28,red,data
2026-10-06T15:23:45,ust_10y2y,2026-10-05,0.47,yellow,data
2026-10-06T15:23:45,usd_broad,2026-10-02,121.3848,green,data
2026-10-06T15:23:45,dxy,2026-10-06,,green,data
2026-10-06T15:23:45,brent,2026-09-29,113.96,orange,data
2026-10-06T15:23:45,brent_futures,2026-10-06,,yellow,data
2026-10-06T15:23:45,copper,2026-10-05,,red,data
2026-10-06T15:23:45,copper_lme_stock,2026-10-05,,green,data
2026-10-06T15:23:45,copper_comex,2026-10-06,,red,data
2026-10-06T15:23:45,copper_imf,2026-07-31,13542.82086956522,red,data
2026-10-06T15:23:45,hy_spread,2026-10-02,3.1,green_strong,data
2026-10-06T15:23:45,breakeven_10y,2026-10-05,2.36,yellow,data
2026-10-06T15:23:45,vix,2026-10-02,15.31,yellow,data
2026-10-06T15:23:45,us_mortgage_30y,2026-10-01,7.28,yellow,data
2026-10-06T15:23:45,gdp_yoy_published,2026-06-30,8.39,yellow,data
2026-10-06T15:23:45,gdp_yoy,2026-06-30,89.72774377855093,insufficient,data
2026-10-06T15:23:45,gdp_realestate_yoy,2026-06-30,71.97617301993135,insufficient,data
2026-10-06T15:23:45,gdp_construction_yoy,2026-06-30,107.43704178752104,insufficient,data
2026-10-06T15:23:45,export_yoy,2026-07-31,25.590081904262973,yellow,data
2026-10-06T15:23:45,cpi_yoy,2026-08-31,4.89,red,data
2026-10-06T15:23:45,cpi_avg_ytd,2026-07-31,4.393497411553593,yellow,data
2026-10-06T15:23:45,cpi_housing_yoy,2026-08-31,6.6,green,data
2026-10-06T15:23:45,fx_central,2026-08-10,25491.0,yellow,data
2026-10-06T15:23:45,fx_central_ytd,2026-08-10,1.4728713028939966,green,data
2026-10-06T15:23:45,deposit_12m_big4,2026-10-06,5.9,orange,data
2026-10-06T15:23:45,deposit_12m_all,2026-10-06,6.147368421052632,green,data
2026-10-06T15:23:45,interbank_on,2026-07-31,5.72,yellow,data
2026-10-06T15:23:45,refi_rate,2026-08-03,4.5,green,data
2026-10-06T15:23:45,govbond_10y,2026-07-31,4.464118,red,data
2026-10-06T15:23:45,real_rate,2026-08-31,1.010000000000001,yellow,data
2026-10-06T15:23:45,credit_ytd,2026-05-31,4.719252597353663,green,data
2026-10-06T15:23:45,credit_yoy,2026-05-31,16.837719328775336,green,data
2026-10-06T15:23:45,credit_construction_ytd,2026-05-31,5.860894457233434,green,data
2026-10-06T15:23:45,m2_ytd,2026-05-31,2.7283275723141154,green,data
2026-10-06T15:23:45,credit_minus_m2,2026-05-31,1.9909250250395472,green,data
2026-10-06T15:23:45,land_use_revenue,2024-12-31,217245.0,insufficient,data
2026-10-06T15:23:45,public_investment,2026-06-30,81430.19253,yellow,data
2026-10-06T15:23:45,public_investment_ytd_yoy,2026-06-30,13.475454350150606,green,data
2026-10-06T15:23:45,fdi_registered_ytd,2026-07-31,21045.97153151,red,data
2026-10-06T15:23:45,fdi_registered_ytd_yoy,2026-07-31,109.72732069382424,yellow,data
2026-10-06T15:23:45,pmi_vn,2026-08-31,53.3,green,data
2026-10-06T15:24:02,fed_upper,2026-10-05,4.0,green,data
2026-10-06T15:24:02,fed_lower,2026-10-05,3.75,green,data
2026-10-06T15:24:02,effr,2026-10-02,3.88,green,data
2026-10-06T15:24:02,ust_2y,2026-10-02,4.83,green,data
2026-10-06T15:24:02,ust_10y,2026-10-02,5.28,red,data
2026-10-06T15:24:02,ust_10y2y,2026-10-05,0.47,yellow,data
2026-10-06T15:24:02,usd_broad,2026-10-02,121.3848,green,data
2026-10-06T15:24:02,dxy,2026-10-06,,green,data
2026-10-06T15:24:02,brent,2026-09-29,113.96,orange,data
2026-10-06T15:24:02,brent_futures,2026-10-06,,yellow,data
2026-10-06T15:24:02,copper,2026-10-05,,red,data
2026-10-06T15:24:02,copper_lme_stock,2026-10-05,,green,data
2026-10-06T15:24:02,copper_comex,2026-10-06,,red,data
2026-10-06T15:24:02,copper_imf,2026-07-31,13542.82086956522,red,data
2026-10-06T15:24:02,hy_spread,2026-10-02,3.1,green_strong,data
2026-10-06T15:24:02,breakeven_10y,2026-10-05,2.36,yellow,data
2026-10-06T15:24:02,vix,2026-10-02,15.31,yellow,data
2026-10-06T15:24:02,us_mortgage_30y,2026-10-01,7.28,yellow,data
2026-10-06T15:24:02,gdp_yoy_published,2026-06-30,8.39,yellow,data
2026-10-06T15:24:02,gdp_yoy,2026-06-30,89.72774377855093,insufficient,data
2026-10-06T15:24:02,gdp_realestate_yoy,2026-06-30,71.97617301993135,insufficient,data
2026-10-06T15:24:02,gdp_construction_yoy,2026-06-30,107.43704178752104,insufficient,data
2026-10-06T15:24:02,export_yoy,2026-07-31,25.590081904262973,yellow,data
2026-10-06T15:24:02,cpi_yoy,2026-08-31,4.89,red,data
2026-10-06T15:24:02,cpi_avg_ytd,2026-07-31,4.393497411553593,yellow,data
2026-10-06T15:24:02,cpi_housing_yoy,2026-08-31,6.6,green,data
2026-10-06T15:24:02,fx_central,2026-08-10,25491.0,yellow,data
2026-10-06T15:24:02,fx_central_ytd,2026-08-10,1.4728713028939966,green,data
2026-10-06T15:24:02,deposit_12m_big4,2026-10-06,5.9,orange,data
2026-10-06T15:24:02,deposit_12m_all,2026-10-06,6.147368421052632,green,data
2026-10-06T15:24:02,interbank_on,2026-07-31,5.72,yellow,data
2026-10-06T15:24:02,refi_rate,2026-08-03,4.5,green,data
2026-10-06T15:24:02,govbond_10y,2026-07-31,4.464118,red,data
2026-10-06T15:24:02,real_rate,2026-08-31,1.010000000000001,yellow,data
2026-10-06T15:24:02,credit_ytd,2026-05-31,4.719252597353663,green,data
2026-10-06T15:24:02,credit_yoy,2026-05-31,16.837719328775336,green,data
2026-10-06T15:24:02,credit_construction_ytd,2026-05-31,5.860894457233434,green,data
2026-10-06T15:24:02,m2_ytd,2026-05-31,2.7283275723141154,green,data
2026-10-06T15:24:02,credit_minus_m2,2026-05-31,1.9909250250395472,green,data
2026-10-06T15:24:02,land_use_revenue,2024-12-31,217245.0,insufficient,data
2026-10-06T15:24:02,public_investment,2026-06-30,81430.19253,yellow,data
2026-10-06T15:24:02,public_investment_ytd_yoy,2026-06-30,13.475454350150606,green,data
2026-10-06T15:24:02,fdi_registered_ytd,2026-07-31,21045.97153151,red,data
2026-10-06T15:24:02,fdi_registered_ytd_yoy,2026-07-31,109.72732069382424,yellow,data
2026-10-06T15:24:02,pmi_vn,2026-08-31,53.3,green,data
2026-10-06T15:24:05,fed_upper,2026-10-05,4.0,green,data
2026-10-06T15:24:05,fed_lower,2026-10-05,3.75,green,data
2026-10-06T15:24:05,effr,2026-10-02,3.88,green,data
2026-10-06T15:24:05,ust_2y,2026-10-02,4.83,green,data
2026-10-06T15:24:05,ust_10y,2026-10-02,5.28,red,data
2026-10-06T15:24:05,ust_10y2y,2026-10-05,0.47,yellow,data
2026-10-06T15:24:05,usd_broad,2026-10-02,121.3848,green,data
2026-10-06T15:24:05,dxy,2026-10-06,,green,data
2026-10-06T15:24:05,brent,2026-09-29,113.96,orange,data
2026-10-06T15:24:05,brent_futures,2026-10-06,,yellow,data
2026-10-06T15:24:05,copper,2026-10-05,,red,data
2026-10-06T15:24:05,copper_lme_stock,2026-10-05,,green,data
2026-10-06T15:24:05,copper_comex,2026-10-06,,red,data
2026-10-06T15:24:05,copper_imf,2026-07-31,13542.82086956522,red,data
2026-10-06T15:24:05,hy_spread,2026-10-02,3.1,green_strong,data
2026-10-06T15:24:05,breakeven_10y,2026-10-05,2.36,yellow,data
2026-10-06T15:24:05,vix,2026-10-02,15.31,yellow,data
2026-10-06T15:24:05,us_mortgage_30y,2026-10-01,7.28,yellow,data
2026-10-06T15:24:05,gdp_yoy_published,2026-06-30,8.39,yellow,data
2026-10-06T15:24:05,gdp_yoy,2026-06-30,89.72774377855093,insufficient,data
2026-10-06T15:24:05,gdp_realestate_yoy,2026-06-30,71.97617301993135,insufficient,data
2026-10-06T15:24:05,gdp_construction_yoy,2026-06-30,107.43704178752104,insufficient,data
2026-10-06T15:24:05,export_yoy,2026-07-31,25.590081904262973,yellow,data
2026-10-06T15:24:05,cpi_yoy,2026-08-31,4.89,red,data
2026-10-06T15:24:05,cpi_avg_ytd,2026-07-31,4.393497411553593,yellow,data
2026-10-06T15:24:05,cpi_housing_yoy,2026-08-31,6.6,green,data
2026-10-06T15:24:05,fx_central,2026-08-10,25491.0,yellow,data
2026-10-06T15:24:05,fx_central_ytd,2026-08-10,1.4728713028939966,green,data
2026-10-06T15:24:05,deposit_12m_big4,2026-10-06,5.9,orange,data
2026-10-06T15:24:05,deposit_12m_all,2026-10-06,6.147368421052632,green,data
2026-10-06T15:24:05,interbank_on,2026-07-31,5.72,yellow,data
2026-10-06T15:24:05,refi_rate,2026-08-03,4.5,green,data
2026-10-06T15:24:05,govbond_10y,2026-07-31,4.464118,red,data
2026-10-06T15:24:05,real_rate,2026-08-31,1.010000000000001,yellow,data
2026-10-06T15:24:05,credit_ytd,2026-05-31,4.719252597353663,green,data
2026-10-06T15:24:05,credit_yoy,2026-05-31,16.837719328775336,green,data
2026-10-06T15:24:05,credit_construction_ytd,2026-05-31,5.860894457233434,green,data
2026-10-06T15:24:05,m2_ytd,2026-05-31,2.7283275723141154,green,data
2026-10-06T15:24:05,credit_minus_m2,2026-05-31,1.9909250250395472,green,data
2026-10-06T15:24:05,land_use_revenue,2024-12-31,217245.0,insufficient,data
2026-10-06T15:24:05,public_investment,2026-06-30,81430.19253,yellow,data
2026-10-06T15:24:05,public_investment_ytd_yoy,2026-06-30,13.475454350150606,green,data
2026-10-06T15:24:05,fdi_registered_ytd,2026-07-31,21045.97153151,red,data
2026-10-06T15:24:05,fdi_registered_ytd_yoy,2026-07-31,109.72732069382424,yellow,data
2026-10-06T15:24:05,pmi_vn,2026-08-31,53.3,green,data
2026-10-06T15:24:33,fed_upper,2026-10-05,4.0,green,data
2026-10-06T15:24:33,fed_lower,2026-10-05,3.75,green,data
2026-10-06T15:24:33,effr,2026-10-02,3.88,green,data
2026-10-06T15:24:33,ust_2y,2026-10-02,4.83,green,data
2026-10-06T15:24:33,ust_10y,2026-10-02,5.28,red,data
2026-10-06T15:24:33,ust_10y2y,2026-10-05,0.47,yellow,data
2026-10-06T15:24:33,usd_broad,2026-10-02,121.3848,green,data
2026-10-06T15:24:33,dxy,2026-10-06,,green,data
2026-10-06T15:24:33,brent,2026-09-29,113.96,orange,data
2026-10-06T15:24:33,brent_futures,2026-10-06,,yellow,data
2026-10-06T15:24:33,copper,2026-10-05,,red,data
2026-10-06T15:24:33,copper_lme_stock,2026-10-05,,green,data
2026-10-06T15:24:33,copper_comex,2026-10-06,,red,data
2026-10-06T15:24:33,copper_imf,2026-07-31,13542.82086956522,red,data
2026-10-06T15:24:33,hy_spread,2026-10-02,3.1,green_strong,data
2026-10-06T15:24:33,breakeven_10y,2026-10-05,2.36,yellow,data
2026-10-06T15:24:33,vix,2026-10-02,15.31,yellow,data
2026-10-06T15:24:33,us_mortgage_30y,2026-10-01,7.28,yellow,data
2026-10-06T15:24:33,gdp_yoy_published,2026-06-30,8.39,yellow,data
2026-10-06T15:24:33,gdp_yoy,2026-06-30,89.72774377855093,insufficient,data
2026-10-06T15:24:33,gdp_realestate_yoy,2026-06-30,71.97617301993135,insufficient,data
2026-10-06T15:24:33,gdp_construction_yoy,2026-06-30,107.43704178752104,insufficient,data
2026-10-06T15:24:33,export_yoy,2026-07-31,25.590081904262973,yellow,data
2026-10-06T15:24:33,cpi_yoy,2026-08-31,4.89,red,data
2026-10-06T15:24:33,cpi_avg_ytd,2026-07-31,4.393497411553593,yellow,data
2026-10-06T15:24:33,cpi_housing_yoy,2026-08-31,6.6,green,data
2026-10-06T15:24:33,fx_central,2026-08-10,25491.0,yellow,data
2026-10-06T15:24:33,fx_central_ytd,2026-08-10,1.4728713028939966,green,data
2026-10-06T15:24:33,deposit_12m_big4,2026-10-06,5.9,orange,data
2026-10-06T15:24:33,deposit_12m_all,2026-10-06,6.147368421052632,green,data
2026-10-06T15:24:33,interbank_on,2026-07-31,5.72,yellow,data
2026-10-06T15:24:33,refi_rate,2026-08-03,4.5,green,data
2026-10-06T15:24:33,govbond_10y,2026-07-31,4.464118,red,data
2026-10-06T15:24:33,real_rate,2026-08-31,1.010000000000001,yellow,data
2026-10-06T15:24:33,credit_ytd,2026-05-31,4.719252597353663,green,data
2026-10-06T15:24:33,credit_yoy,2026-05-31,16.837719328775336,green,data
2026-10-06T15:24:33,credit_construction_ytd,2026-05-31,5.860894457233434,green,data
2026-10-06T15:24:33,m2_ytd,2026-05-31,2.7283275723141154,green,data
2026-10-06T15:24:33,credit_minus_m2,2026-05-31,1.9909250250395472,green,data
2026-10-06T15:24:33,land_use_revenue,2024-12-31,217245.0,insufficient,data
2026-10-06T15:24:33,public_investment,2026-06-30,81430.19253,yellow,data
2026-10-06T15:24:33,public_investment_ytd_yoy,2026-06-30,13.475454350150606,green,data
2026-10-06T15:24:33,fdi_registered_ytd,2026-07-31,21045.97153151,red,data
2026-10-06T15:24:33,fdi_registered_ytd_yoy,2026-07-31,109.72732069382424,yellow,data
2026-10-06T15:24:33,pmi_vn,2026-08-31,53.3,green,data
2026-10-06T15:24:35,fed_upper,2026-10-05,4.0,green,data
2026-10-06T15:24:35,fed_lower,2026-10-05,3.75,green,data
2026-10-06T15:24:35,effr,2026-10-02,3.88,green,data
2026-10-06T15:24:35,ust_2y,2026-10-02,4.83,green,data
2026-10-06T15:24:35,ust_10y,2026-10-02,5.28,red,data
2026-10-06T15:24:35,ust_10y2y,2026-10-05,0.47,yellow,data
2026-10-06T15:24:35,usd_broad,2026-10-02,121.3848,green,data
2026-10-06T15:24:35,dxy,2026-10-06,,green,data
2026-10-06T15:24:35,brent,2026-09-29,113.96,orange,data
2026-10-06T15:24:35,brent_futures,2026-10-06,,yellow,data
2026-10-06T15:24:35,copper,2026-10-05,,red,data
2026-10-06T15:24:35,copper_lme_stock,2026-10-05,,green,data
2026-10-06T15:24:35,copper_comex,2026-10-06,,red,data
2026-10-06T15:24:35,copper_imf,2026-07-31,13542.82086956522,red,data
2026-10-06T15:24:35,hy_spread,2026-10-02,3.1,green_strong,data
2026-10-06T15:24:35,breakeven_10y,2026-10-05,2.36,yellow,data
2026-10-06T15:24:35,vix,2026-10-02,15.31,yellow,data
2026-10-06T15:24:35,us_mortgage_30y,2026-10-01,7.28,yellow,data
2026-10-06T15:24:35,gdp_yoy_published,2026-06-30,8.39,yellow,data
2026-10-06T15:24:35,gdp_yoy,2026-06-30,89.72774377855093,insufficient,data
2026-10-06T15:24:35,gdp_realestate_yoy,2026-06-30,71.97617301993135,insufficient,data
2026-10-06T15:24:35,gdp_construction_yoy,2026-06-30,107.43704178752104,insufficient,data
2026-10-06T15:24:35,export_yoy,2026-07-31,25.590081904262973,yellow,data
2026-10-06T15:24:35,cpi_yoy,2026-08-31,4.89,red,data
2026-10-06T15:24:35,cpi_avg_ytd,2026-07-31,4.393497411553593,yellow,data
2026-10-06T15:24:35,cpi_housing_yoy,2026-08-31,6.6,green,data
2026-10-06T15:24:35,fx_central,2026-08-10,25491.0,yellow,data
2026-10-06T15:24:35,fx_central_ytd,2026-08-10,1.4728713028939966,green,data
2026-10-06T15:24:35,deposit_12m_big4,2026-10-06,5.9,orange,data
2026-10-06T15:24:35,deposit_12m_all,2026-10-06,6.147368421052632,green,data
2026-10-06T15:24:35,interbank_on,2026-07-31,5.72,yellow,data
2026-10-06T15:24:35,refi_rate,2026-08-03,4.5,green,data
2026-10-06T15:24:35,govbond_10y,2026-07-31,4.464118,red,data
2026-10-06T15:24:35,real_rate,2026-08-31,1.010000000000001,yellow,data
2026-10-06T15:24:35,credit_ytd,2026-05-31,4.719252597353663,green,data
2026-10-06T15:24:35,credit_yoy,2026-05-31,16.837719328775336,green,data
2026-10-06T15:24:35,credit_construction_ytd,2026-05-31,5.860894457233434,green,data
2026-10-06T15:24:35,m2_ytd,2026-05-31,2.7283275723141154,green,data
2026-10-06T15:24:35,credit_minus_m2,2026-05-31,1.9909250250395472,green,data
2026-10-06T15:24:35,land_use_revenue,2024-12-31,217245.0,insufficient,data
2026-10-06T15:24:35,public_investment,2026-06-30,81430.19253,yellow,data
2026-10-06T15:24:35,public_investment_ytd_yoy,2026-06-30,13.475454350150606,green,data
2026-10-06T15:24:35,fdi_registered_ytd,2026-07-31,21045.97153151,red,data
2026-10-06T15:24:35,fdi_registered_ytd_yoy,2026-07-31,109.72732069382424,yellow,data
2026-10-06T15:24:35,pmi_vn,2026-08-31,53.3,green,data
2026-10-06T15:24:36,fed_upper,2026-10-05,4.0,green,data
2026-10-06T15:24:36,fed_lower,2026-10-05,3.75,green,data
2026-10-06T15:24:36,effr,2026-10-02,3.88,green,data
2026-10-06T15:24:36,ust_2y,2026-10-02,4.83,green,data
2026-10-06T15:24:36,ust_10y,2026-10-02,5.28,red,data
2026-10-06T15:24:36,ust_10y2y,2026-10-05,0.47,yellow,data
2026-10-06T15:24:36,usd_broad,2026-10-02,121.3848,green,data
2026-10-06T15:24:36,dxy,2026-10-06,,green,data
2026-10-06T15:24:36,brent,2026-09-29,113.96,orange,data
2026-10-06T15:24:36,brent_futures,2026-10-06,,yellow,data
2026-10-06T15:24:36,copper,2026-10-05,,red,data
2026-10-06T15:24:36,copper_lme_stock,2026-10-05,,green,data
2026-10-06T15:24:36,copper_comex,2026-10-06,,red,data
2026-10-06T15:24:36,copper_imf,2026-07-31,13542.82086956522,red,data
2026-10-06T15:24:36,hy_spread,2026-10-02,3.1,green_strong,data
2026-10-06T15:24:36,breakeven_10y,2026-10-05,2.36,yellow,data
2026-10-06T15:24:36,vix,2026-10-02,15.31,yellow,data
2026-10-06T15:24:36,us_mortgage_30y,2026-10-01,7.28,yellow,data
2026-10-06T15:24:36,gdp_yoy_published,2026-06-30,8.39,yellow,data
2026-10-06T15:24:36,gdp_yoy,2026-06-30,89.72774377855093,insufficient,data
2026-10-06T15:24:36,gdp_realestate_yoy,2026-06-30,71.97617301993135,insufficient,data
2026-10-06T15:24:36,gdp_construction_yoy,2026-06-30,107.43704178752104,insufficient,data
2026-10-06T15:24:36,export_yoy,2026-07-31,25.590081904262973,yellow,data
2026-10-06T15:24:36,cpi_yoy,2026-08-31,4.89,red,data
2026-10-06T15:24:36,cpi_avg_ytd,2026-07-31,4.393497411553593,yellow,data
2026-10-06T15:24:36,cpi_housing_yoy,2026-08-31,6.6,green,data
2026-10-06T15:24:36,fx_central,2026-08-10,25491.0,yellow,data
2026-10-06T15:24:36,fx_central_ytd,2026-08-10,1.4728713028939966,green,data
2026-10-06T15:24:36,deposit_12m_big4,2026-10-06,5.9,orange,data
2026-10-06T15:24:36,deposit_12m_all,2026-10-06,6.147368421052632,green,data
2026-10-06T15:24:36,interbank_on,2026-07-31,5.72,yellow,data
2026-10-06T15:24:36,refi_rate,2026-08-03,4.5,green,data
2026-10-06T15:24:36,govbond_10y,2026-07-31,4.464118,red,data
2026-10-06T15:24:36,real_rate,2026-08-31,1.010000000000001,yellow,data
2026-10-06T15:24:36,credit_ytd,2026-05-31,4.719252597353663,green,data
2026-10-06T15:24:36,credit_yoy,2026-05-31,16.837719328775336,green,data
2026-10-06T15:24:36,credit_construction_ytd,2026-05-31,5.860894457233434,green,data
2026-10-06T15:24:36,m2_ytd,2026-05-31,2.7283275723141154,green,data
2026-10-06T15:24:36,credit_minus_m2,2026-05-31,1.9909250250395472,green,data
2026-10-06T15:24:36,land_use_revenue,2024-12-31,217245.0,insufficient,data
2026-10-06T15:24:36,public_investment,2026-06-30,81430.19253,yellow,data
2026-10-06T15:24:36,public_investment_ytd_yoy,2026-06-30,13.475454350150606,green,data
2026-10-06T15:24:36,fdi_registered_ytd,2026-07-31,21045.97153151,red,data
2026-10-06T15:24:36,fdi_registered_ytd_yoy,2026-07-31,109.72732069382424,yellow,data
2026-10-06T15:24:36,pmi_vn,2026-08-31,53.3,green,data
2026-10-06T15:24:38,fed_upper,2026-10-05,4.0,green,data
2026-10-06T15:24:38,fed_lower,2026-10-05,3.75,green,data
2026-10-06T15:24:38,effr,2026-10-02,3.88,green,data
2026-10-06T15:24:38,ust_2y,2026-10-02,4.83,green,data
2026-10-06T15:24:38,ust_10y,2026-10-02,5.28,red,data
2026-10-06T15:24:38,ust_10y2y,2026-10-05,0.47,yellow,data
2026-10-06T15:24:38,usd_broad,2026-10-02,121.3848,green,data
2026-10-06T15:24:38,dxy,2026-10-06,,green,data
2026-10-06T15:24:38,brent,2026-09-29,113.96,orange,data
2026-10-06T15:24:38,brent_futures,2026-10-06,,yellow,data
2026-10-06T15:24:38,copper,2026-10-05,,red,data
2026-10-06T15:24:38,copper_lme_stock,2026-10-05,,green,data
2026-10-06T15:24:38,copper_comex,2026-10-06,,red,data
2026-10-06T15:24:38,copper_imf,2026-07-31,13542.82086956522,red,data
2026-10-06T15:24:38,hy_spread,2026-10-02,3.1,green_strong,data
2026-10-06T15:24:38,breakeven_10y,2026-10-05,2.36,yellow,data
2026-10-06T15:24:38,vix,2026-10-02,15.31,yellow,data
2026-10-06T15:24:38,us_mortgage_30y,2026-10-01,7.28,yellow,data
2026-10-06T15:24:38,gdp_yoy_published,2026-06-30,8.39,yellow,data
2026-10-06T15:24:38,gdp_yoy,2026-06-30,89.72774377855093,insufficient,data
2026-10-06T15:24:38,gdp_realestate_yoy,2026-06-30,71.97617301993135,insufficient,data
2026-10-06T15:24:38,gdp_construction_yoy,2026-06-30,107.43704178752104,insufficient,data
2026-10-06T15:24:38,export_yoy,2026-07-31,25.590081904262973,yellow,data
2026-10-06T15:24:38,cpi_yoy,2026-08-31,4.89,red,data
2026-10-06T15:24:38,cpi_avg_ytd,2026-07-31,4.393497411553593,yellow,data
2026-10-06T15:24:38,cpi_housing_yoy,2026-08-31,6.6,green,data
2026-10-06T15:24:38,fx_central,2026-08-10,25491.0,yellow,data
2026-10-06T15:24:38,fx_central_ytd,2026-08-10,1.4728713028939966,green,data
2026-10-06T15:24:38,deposit_12m_big4,2026-10-06,5.9,orange,data
2026-10-06T15:24:38,deposit_12m_all,2026-10-06,6.147368421052632,green,data
2026-10-06T15:24:38,interbank_on,2026-07-31,5.72,yellow,data
2026-10-06T15:24:38,refi_rate,2026-08-03,4.5,green,data
2026-10-06T15:24:38,govbond_10y,2026-07-31,4.464118,red,data
2026-10-06T15:24:38,real_rate,2026-08-31,1.010000000000001,yellow,data
2026-10-06T15:24:38,credit_ytd,2026-05-31,4.719252597353663,green,data
2026-10-06T15:24:38,credit_yoy,2026-05-31,16.837719328775336,green,data
2026-10-06T15:24:38,credit_construction_ytd,2026-05-31,5.860894457233434,green,data
2026-10-06T15:24:38,m2_ytd,2026-05-31,2.7283275723141154,green,data
2026-10-06T15:24:38,credit_minus_m2,2026-05-31,1.9909250250395472,green,data
2026-10-06T15:24:38,land_use_revenue,2024-12-31,217245.0,insufficient,data
2026-10-06T15:24:38,public_investment,2026-06-30,81430.19253,yellow,data
2026-10-06T15:24:38,public_investment_ytd_yoy,2026-06-30,13.475454350150606,green,data
2026-10-06T15:24:38,fdi_registered_ytd,2026-07-31,21045.97153151,red,data
2026-10-06T15:24:38,fdi_registered_ytd_yoy,2026-07-31,109.72732069382424,yellow,data
2026-10-06T15:24:38,pmi_vn,2026-08-31,53.3,green,data
2026-10-06T15:24:40,fed_upper,2026-10-05,4.0,green,data
2026-10-06T15:24:40,fed_lower,2026-10-05,3.75,green,data
2026-10-06T15:24:40,effr,2026-10-02,3.88,green,data
2026-10-06T15:24:40,ust_2y,2026-10-02,4.83,green,data
2026-10-06T15:24:40,ust_10y,2026-10-02,5.28,red,data
2026-10-06T15:24:40,ust_10y2y,2026-10-05,0.47,yellow,data
2026-10-06T15:24:40,usd_broad,2026-10-02,121.3848,green,data
2026-10-06T15:24:40,dxy,2026-10-06,,green,data
2026-10-06T15:24:40,brent,2026-09-29,113.96,orange,data
2026-10-06T15:24:40,brent_futures,2026-10-06,,yellow,data
2026-10-06T15:24:40,copper,2026-10-05,,red,data
2026-10-06T15:24:40,copper_lme_stock,2026-10-05,,green,data
2026-10-06T15:24:40,copper_comex,2026-10-06,,red,data
2026-10-06T15:24:40,copper_imf,2026-07-31,13542.82086956522,red,data
2026-10-06T15:24:40,hy_spread,2026-10-02,3.1,green_strong,data
2026-10-06T15:24:40,breakeven_10y,2026-10-05,2.36,yellow,data
2026-10-06T15:24:40,vix,2026-10-02,15.31,yellow,data
2026-10-06T15:24:40,us_mortgage_30y,2026-10-01,7.28,yellow,data
2026-10-06T15:24:40,gdp_yoy_published,2026-06-30,8.39,yellow,data
2026-10-06T15:24:40,gdp_yoy,2026-06-30,89.72774377855093,insufficient,data
2026-10-06T15:24:40,gdp_realestate_yoy,2026-06-30,71.97617301993135,insufficient,data
2026-10-06T15:24:40,gdp_construction_yoy,2026-06-30,107.43704178752104,insufficient,data
2026-10-06T15:24:40,export_yoy,2026-07-31,25.590081904262973,yellow,data
2026-10-06T15:24:40,cpi_yoy,2026-08-31,4.89,red,data
2026-10-06T15:24:40,cpi_avg_ytd,2026-07-31,4.393497411553593,yellow,data
2026-10-06T15:24:40,cpi_housing_yoy,2026-08-31,6.6,green,data
2026-10-06T15:24:40,fx_central,2026-08-10,25491.0,yellow,data
2026-10-06T15:24:40,fx_central_ytd,2026-08-10,1.4728713028939966,green,data
2026-10-06T15:24:40,deposit_12m_big4,2026-10-06,5.9,orange,data
2026-10-06T15:24:40,deposit_12m_all,2026-10-06,6.147368421052632,green,data
2026-10-06T15:24:40,interbank_on,2026-07-31,5.72,yellow,data
2026-10-06T15:24:40,refi_rate,2026-08-03,4.5,green,data
2026-10-06T15:24:40,govbond_10y,2026-07-31,4.464118,red,data
2026-10-06T15:24:40,real_rate,2026-08-31,1.010000000000001,yellow,data
2026-10-06T15:24:40,credit_ytd,2026-05-31,4.719252597353663,green,data
2026-10-06T15:24:40,credit_yoy,2026-05-31,16.837719328775336,green,data
2026-10-06T15:24:40,credit_construction_ytd,2026-05-31,5.860894457233434,green,data
2026-10-06T15:24:40,m2_ytd,2026-05-31,2.7283275723141154,green,data
2026-10-06T15:24:40,credit_minus_m2,2026-05-31,1.9909250250395472,green,data
2026-10-06T15:24:40,land_use_revenue,2024-12-31,217245.0,insufficient,data
2026-10-06T15:24:40,public_investment,2026-06-30,81430.19253,yellow,data
2026-10-06T15:24:40,public_investment_ytd_yoy,2026-06-30,13.475454350150606,green,data
2026-10-06T15:24:40,fdi_registered_ytd,2026-07-31,21045.97153151,red,data
2026-10-06T15:24:40,fdi_registered_ytd_yoy,2026-07-31,109.72732069382424,yellow,data
2026-10-06T15:24:40,pmi_vn,2026-08-31,53.3,green,data
2026-10-06T15:24:43,fed_upper,2026-10-05,4.0,green,data
2026-10-06T15:24:43,fed_lower,2026-10-05,3.75,green,data
2026-10-06T15:24:43,effr,2026-10-02,3.88,green,data
2026-10-06T15:24:43,ust_2y,2026-10-02,4.83,green,data
2026-10-06T15:24:43,ust_10y,2026-10-02,5.28,red,data
2026-10-06T15:24:43,ust_10y2y,2026-10-05,0.47,yellow,data
2026-10-06T15:24:43,usd_broad,2026-10-02,121.3848,green,data
2026-10-06T15:24:43,dxy,2026-10-06,,green,data
2026-10-06T15:24:43,brent,2026-09-29,113.96,orange,data
2026-10-06T15:24:43,brent_futures,2026-10-06,,yellow,data
2026-10-06T15:24:43,copper,2026-10-05,,red,data
2026-10-06T15:24:43,copper_lme_stock,2026-10-05,,green,data
2026-10-06T15:24:43,copper_comex,2026-10-06,,red,data
2026-10-06T15:24:43,copper_imf,2026-07-31,13542.82086956522,red,data
2026-10-06T15:24:43,hy_spread,2026-10-02,3.1,green_strong,data
2026-10-06T15:24:43,breakeven_10y,2026-10-05,2.36,yellow,data
2026-10-06T15:24:43,vix,2026-10-02,15.31,yellow,data
2026-10-06T15:24:43,us_mortgage_30y,2026-10-01,7.28,yellow,data
2026-10-06T15:24:43,gdp_yoy_published,2026-06-30,8.39,yellow,data
2026-10-06T15:24:43,gdp_yoy,2026-06-30,89.72774377855093,insufficient,data
2026-10-06T15:24:43,gdp_realestate_yoy,2026-06-30,71.97617301993135,insufficient,data
2026-10-06T15:24:43,gdp_construction_yoy,2026-06-30,107.43704178752104,insufficient,data
2026-10-06T15:24:43,export_yoy,2026-07-31,25.590081904262973,yellow,data
2026-10-06T15:24:43,cpi_yoy,2026-08-31,4.89,red,data
2026-10-06T15:24:43,cpi_avg_ytd,2026-07-31,4.393497411553593,yellow,data
2026-10-06T15:24:43,cpi_housing_yoy,2026-08-31,6.6,green,data
2026-10-06T15:24:43,fx_central,2026-08-10,25491.0,yellow,data
2026-10-06T15:24:43,fx_central_ytd,2026-08-10,1.4728713028939966,green,data
2026-10-06T15:24:43,deposit_12m_big4,2026-10-06,5.9,orange,data
2026-10-06T15:24:43,deposit_12m_all,2026-10-06,6.147368421052632,green,data
2026-10-06T15:24:43,interbank_on,2026-07-31,5.72,yellow,data
2026-10-06T15:24:43,refi_rate,2026-08-03,4.5,green,data
2026-10-06T15:24:43,govbond_10y,2026-07-31,4.464118,red,data
2026-10-06T15:24:43,real_rate,2026-08-31,1.010000000000001,yellow,data
2026-10-06T15:24:43,credit_ytd,2026-05-31,4.719252597353663,green,data
2026-10-06T15:24:43,credit_yoy,2026-05-31,16.837719328775336,green,data
2026-10-06T15:24:43,credit_construction_ytd,2026-05-31,5.860894457233434,green,data
2026-10-06T15:24:43,m2_ytd,2026-05-31,2.7283275723141154,green,data
2026-10-06T15:24:43,credit_minus_m2,2026-05-31,1.9909250250395472,green,data
2026-10-06T15:24:43,land_use_revenue,2024-12-31,217245.0,insufficient,data
2026-10-06T15:24:43,public_investment,2026-06-30,81430.19253,yellow,data
2026-10-06T15:24:43,public_investment_ytd_yoy,2026-06-30,13.475454350150606,green,data
2026-10-06T15:24:43,fdi_registered_ytd,2026-07-31,21045.97153151,red,data
2026-10-06T15:24:43,fdi_registered_ytd_yoy,2026-07-31,109.72732069382424,yellow,data
2026-10-06T15:24:43,pmi_vn,2026-08-31,53.3,green,data
2026-10-06T15:24:45,fed_upper,2026-10-05,4.0,green,data
2026-10-06T15:24:45,fed_lower,2026-10-05,3.75,green,data
2026-10-06T15:24:45,effr,2026-10-02,3.88,green,data
2026-10-06T15:24:45,ust_2y,2026-10-02,4.83,green,data
2026-10-06T15:24:45,ust_10y,2026-10-02,5.28,red,data
2026-10-06T15:24:45,ust_10y2y,2026-10-05,0.47,yellow,data
2026-10-06T15:24:45,usd_broad,2026-10-02,121.3848,green,data
2026-10-06T15:24:45,dxy,2026-10-06,,green,data
2026-10-06T15:24:45,brent,2026-09-29,113.96,orange,data
2026-10-06T15:24:45,brent_futures,2026-10-06,,yellow,data
2026-10-06T15:24:45,copper,2026-10-05,,red,data
2026-10-06T15:24:45,copper_lme_stock,2026-10-05,,green,data
2026-10-06T15:24:45,copper_comex,2026-10-06,,red,data
2026-10-06T15:24:45,copper_imf,2026-07-31,13542.82086956522,red,data
2026-10-06T15:24:45,hy_spread,2026-10-02,3.1,green_strong,data
2026-10-06T15:24:45,breakeven_10y,2026-10-05,2.36,yellow,data
2026-10-06T15:24:45,vix,2026-10-02,15.31,yellow,data
2026-10-06T15:24:45,us_mortgage_30y,2026-10-01,7.28,yellow,data
2026-10-06T15:24:45,gdp_yoy_published,2026-06-30,8.39,yellow,data
2026-10-06T15:24:45,gdp_yoy,2026-06-30,89.72774377855093,insufficient,data
2026-10-06T15:24:45,gdp_realestate_yoy,2026-06-30,71.97617301993135,insufficient,data
2026-10-06T15:24:45,gdp_construction_yoy,2026-06-30,107.43704178752104,insufficient,data
2026-10-06T15:24:45,export_yoy,2026-07-31,25.590081904262973,yellow,data
2026-10-06T15:24:45,cpi_yoy,2026-08-31,4.89,red,data
2026-10-06T15:24:45,cpi_avg_ytd,2026-07-31,4.393497411553593,yellow,data
2026-10-06T15:24:45,cpi_housing_yoy,2026-08-31,6.6,green,data
2026-10-06T15:24:45,fx_central,2026-08-10,25491.0,yellow,data
2026-10-06T15:24:45,fx_central_ytd,2026-08-10,1.4728713028939966,green,data
2026-10-06T15:24:45,deposit_12m_big4,2026-10-06,5.9,orange,data
2026-10-06T15:24:45,deposit_12m_all,2026-10-06,6.147368421052632,green,data
2026-10-06T15:24:45,interbank_on,2026-07-31,5.72,yellow,data
2026-10-06T15:24:45,refi_rate,2026-08-03,4.5,green,data
2026-10-06T15:24:45,govbond_10y,2026-07-31,4.464118,red,data
2026-10-06T15:24:45,real_rate,2026-08-31,1.010000000000001,yellow,data
2026-10-06T15:24:45,credit_ytd,2026-05-31,4.719252597353663,green,data
2026-10-06T15:24:45,credit_yoy,2026-05-31,16.837719328775336,green,data
2026-10-06T15:24:45,credit_construction_ytd,2026-05-31,5.860894457233434,green,data
2026-10-06T15:24:45,m2_ytd,2026-05-31,2.7283275723141154,green,data
2026-10-06T15:24:45,credit_minus_m2,2026-05-31,1.9909250250395472,green,data
2026-10-06T15:24:45,land_use_revenue,2024-12-31,217245.0,insufficient,data
2026-10-06T15:24:45,public_investment,2026-06-30,81430.19253,yellow,data
2026-10-06T15:24:45,public_investment_ytd_yoy,2026-06-30,13.475454350150606,green,data
2026-10-06T15:24:45,fdi_registered_ytd,2026-07-31,21045.97153151,red,data
2026-10-06T15:24:45,fdi_registered_ytd_yoy,2026-07-31,109.72732069382424,yellow,data
2026-10-06T15:24:45,pmi_vn,2026-08-31,53.3,green,data
2026-10-06T15:24:47,fed_upper,2026-10-05,4.0,green,data
2026-10-06T15:24:47,fed_lower,2026-10-05,3.75,green,data
2026-10-06T15:24:47,effr,2026-10-02,3.88,green,data
2026-10-06T15:24:47,ust_2y,2026-10-02,4.83,green,data
2026-10-06T15:24:47,ust_10y,2026-10-02,5.28,red,data
2026-10-06T15:24:47,ust_10y2y,2026-10-05,0.47,yellow,data
2026-10-06T15:24:47,usd_broad,2026-10-02,121.3848,green,data
2026-10-06T15:24:47,dxy,2026-10-06,,green,data
2026-10-06T15:24:47,brent,2026-09-29,113.96,orange,data
2026-10-06T15:24:47,brent_futures,2026-10-06,,yellow,data
2026-10-06T15:24:47,copper,2026-10-05,,red,data
2026-10-06T15:24:47,copper_lme_stock,2026-10-05,,green,data
2026-10-06T15:24:47,copper_comex,2026-10-06,,red,data
2026-10-06T15:24:47,copper_imf,2026-07-31,13542.82086956522,red,data
2026-10-06T15:24:47,hy_spread,2026-10-02,3.1,green_strong,data
2026-10-06T15:24:47,breakeven_10y,2026-10-05,2.36,yellow,data
2026-10-06T15:24:47,vix,2026-10-02,15.31,yellow,data
2026-10-06T15:24:47,us_mortgage_30y,2026-10-01,7.28,yellow,data
2026-10-06T15:24:47,gdp_yoy_published,2026-06-30,8.39,yellow,data
2026-10-06T15:24:47,gdp_yoy,2026-06-30,89.72774377855093,insufficient,data
2026-10-06T15:24:47,gdp_realestate_yoy,2026-06-30,71.97617301993135,insufficient,data
2026-10-06T15:24:47,gdp_construction_yoy,2026-06-30,107.43704178752104,insufficient,data
2026-10-06T15:24:47,export_yoy,2026-07-31,25.590081904262973,yellow,data
2026-10-06T15:24:47,cpi_yoy,2026-08-31,4.89,red,data
2026-10-06T15:24:47,cpi_avg_ytd,2026-07-31,4.393497411553593,yellow,data
2026-10-06T15:24:47,cpi_housing_yoy,2026-08-31,6.6,green,data
2026-10-06T15:24:47,fx_central,2026-08-10,25491.0,yellow,data
2026-10-06T15:24:47,fx_central_ytd,2026-08-10,1.4728713028939966,green,data
2026-10-06T15:24:47,deposit_12m_big4,2026-10-06,5.9,orange,data
2026-10-06T15:24:47,deposit_12m_all,2026-10-06,6.147368421052632,green,data
2026-10-06T15:24:47,interbank_on,2026-07-31,5.72,yellow,data
2026-10-06T15:24:47,refi_rate,2026-08-03,4.5,green,data
2026-10-06T15:24:47,govbond_10y,2026-07-31,4.464118,red,data
2026-10-06T15:24:47,real_rate,2026-08-31,1.010000000000001,yellow,data
2026-10-06T15:24:47,credit_ytd,2026-05-31,4.719252597353663,green,data
2026-10-06T15:24:47,credit_yoy,2026-05-31,16.837719328775336,green,data
2026-10-06T15:24:47,credit_construction_ytd,2026-05-31,5.860894457233434,green,data
2026-10-06T15:24:47,m2_ytd,2026-05-31,2.7283275723141154,green,data
2026-10-06T15:24:47,credit_minus_m2,2026-05-31,1.9909250250395472,green,data
2026-10-06T15:24:47,land_use_revenue,2024-12-31,217245.0,insufficient,data
2026-10-06T15:24:47,public_investment,2026-06-30,81430.19253,yellow,data
2026-10-06T15:24:47,public_investment_ytd_yoy,2026-06-30,13.475454350150606,green,data
2026-10-06T15:24:47,fdi_registered_ytd,2026-07-31,21045.97153151,red,data
2026-10-06T15:24:47,fdi_registered_ytd_yoy,2026-07-31,109.72732069382424,yellow,data
2026-10-06T15:24:47,pmi_vn,2026-08-31,53.3,green,data
2026-10-06T15:24:49,fed_upper,2026-10-05,4.0,green,data
2026-10-06T15:24:49,fed_lower,2026-10-05,3.75,green,data
2026-10-06T15:24:49,effr,2026-10-02,3.88,green,data
2026-10-06T15:24:49,ust_2y,2026-10-02,4.83,green,data
2026-10-06T15:24:49,ust_10y,2026-10-02,5.28,red,data
2026-10-06T15:24:49,ust_10y2y,2026-10-05,0.47,yellow,data
2026-10-06T15:24:49,usd_broad,2026-10-02,121.3848,green,data
2026-10-06T15:24:49,dxy,2026-10-06,,green,data
2026-10-06T15:24:49,brent,2026-09-29,113.96,orange,data
2026-10-06T15:24:49,brent_futures,2026-10-06,,yellow,data
2026-10-06T15:24:49,copper,2026-10-05,,red,data
2026-10-06T15:24:49,copper_lme_stock,2026-10-05,,green,data
2026-10-06T15:24:49,copper_comex,2026-10-06,,red,data
2026-10-06T15:24:49,copper_imf,2026-07-31,13542.82086956522,red,data
2026-10-06T15:24:49,hy_spread,2026-10-02,3.1,green_strong,data
2026-10-06T15:24:49,breakeven_10y,2026-10-05,2.36,yellow,data
2026-10-06T15:24:49,vix,2026-10-02,15.31,yellow,data
2026-10-06T15:24:49,us_mortgage_30y,2026-10-01,7.28,yellow,data
2026-10-06T15:24:49,gdp_yoy_published,2026-06-30,8.39,yellow,data
2026-10-06T15:24:49,gdp_yoy,2026-06-30,89.72774377855093,insufficient,data
2026-10-06T15:24:49,gdp_realestate_yoy,2026-06-30,71.97617301993135,insufficient,data
2026-10-06T15:24:49,gdp_construction_yoy,2026-06-30,107.43704178752104,insufficient,data
2026-10-06T15:24:49,export_yoy,2026-07-31,25.590081904262973,yellow,data
2026-10-06T15:24:49,cpi_yoy,2026-08-31,4.89,red,data
2026-10-06T15:24:49,cpi_avg_ytd,2026-07-31,4.393497411553593,yellow,data
2026-10-06T15:24:49,cpi_housing_yoy,2026-08-31,6.6,green,data
2026-10-06T15:24:49,fx_central,2026-08-10,25491.0,yellow,data
2026-10-06T15:24:49,fx_central_ytd,2026-08-10,1.4728713028939966,green,data
2026-10-06T15:24:49,deposit_12m_big4,2026-10-06,5.9,orange,data
2026-10-06T15:24:49,deposit_12m_all,2026-10-06,6.147368421052632,green,data
2026-10-06T15:24:49,interbank_on,2026-07-31,5.72,yellow,data
2026-10-06T15:24:49,refi_rate,2026-08-03,4.5,green,data
2026-10-06T15:24:49,govbond_10y,2026-07-31,4.464118,red,data
2026-10-06T15:24:49,real_rate,2026-08-31,1.010000000000001,yellow,data
2026-10-06T15:24:49,credit_ytd,2026-05-31,4.719252597353663,green,data
2026-10-06T15:24:49,credit_yoy,2026-05-31,16.837719328775336,green,data
2026-10-06T15:24:49,credit_construction_ytd,2026-05-31,5.860894457233434,green,data
2026-10-06T15:24:49,m2_ytd,2026-05-31,2.7283275723141154,green,data
2026-10-06T15:24:49,credit_minus_m2,2026-05-31,1.9909250250395472,green,data
2026-10-06T15:24:49,land_use_revenue,2024-12-31,217245.0,insufficient,data
2026-10-06T15:24:49,public_investment,2026-06-30,81430.19253,yellow,data
2026-10-06T15:24:49,public_investment_ytd_yoy,2026-06-30,13.475454350150606,green,data
2026-10-06T15:24:49,fdi_registered_ytd,2026-07-31,21045.97153151,red,data
2026-10-06T15:24:49,fdi_registered_ytd_yoy,2026-07-31,109.72732069382424,yellow,data
2026-10-06T15:24:49,pmi_vn,2026-08-31,53.3,green,data
2026-10-06T15:24:50,fed_upper,2026-10-05,4.0,green,data
2026-10-06T15:24:50,fed_lower,2026-10-05,3.75,green,data
2026-10-06T15:24:50,effr,2026-10-02,3.88,green,data
2026-10-06T15:24:50,ust_2y,2026-10-02,4.83,green,data
2026-10-06T15:24:50,ust_10y,2026-10-02,5.28,red,data
2026-10-06T15:24:50,ust_10y2y,2026-10-05,0.47,yellow,data
2026-10-06T15:24:50,usd_broad,2026-10-02,121.3848,green,data
2026-10-06T15:24:50,dxy,2026-10-06,,green,data
2026-10-06T15:24:50,brent,2026-09-29,113.96,orange,data
2026-10-06T15:24:50,brent_futures,2026-10-06,,yellow,data
2026-10-06T15:24:50,copper,2026-10-05,,red,data
2026-10-06T15:24:50,copper_lme_stock,2026-10-05,,green,data
2026-10-06T15:24:50,copper_comex,2026-10-06,,red,data
2026-10-06T15:24:50,copper_imf,2026-07-31,13542.82086956522,red,data
2026-10-06T15:24:50,hy_spread,2026-10-02,3.1,green_strong,data
2026-10-06T15:24:50,breakeven_10y,2026-10-05,2.36,yellow,data
2026-10-06T15:24:50,vix,2026-10-02,15.31,yellow,data
2026-10-06T15:24:50,us_mortgage_30y,2026-10-01,7.28,yellow,data
2026-10-06T15:24:50,gdp_yoy_published,2026-06-30,8.39,yellow,data
2026-10-06T15:24:50,gdp_yoy,2026-06-30,89.72774377855093,insufficient,data
2026-10-06T15:24:50,gdp_realestate_yoy,2026-06-30,71.97617301993135,insufficient,data
2026-10-06T15:24:50,gdp_construction_yoy,2026-06-30,107.43704178752104,insufficient,data
2026-10-06T15:24:50,export_yoy,2026-07-31,25.590081904262973,yellow,data
2026-10-06T15:24:50,cpi_yoy,2026-08-31,4.89,red,data
2026-10-06T15:24:50,cpi_avg_ytd,2026-07-31,4.393497411553593,yellow,data
2026-10-06T15:24:50,cpi_housing_yoy,2026-08-31,6.6,green,data
2026-10-06T15:24:50,fx_central,2026-08-10,25491.0,yellow,data
2026-10-06T15:24:50,fx_central_ytd,2026-08-10,1.4728713028939966,green,data
2026-10-06T15:24:50,deposit_12m_big4,2026-10-06,5.9,orange,data
2026-10-06T15:24:50,deposit_12m_all,2026-10-06,6.147368421052632,green,data
2026-10-06T15:24:50,interbank_on,2026-07-31,5.72,yellow,data
2026-10-06T15:24:50,refi_rate,2026-08-03,4.5,green,data
2026-10-06T15:24:50,govbond_10y,2026-07-31,4.464118,red,data
2026-10-06T15:24:50,real_rate,2026-08-31,1.010000000000001,yellow,data
2026-10-06T15:24:50,credit_ytd,2026-05-31,4.719252597353663,green,data
2026-10-06T15:24:50,credit_yoy,2026-05-31,16.837719328775336,green,data
2026-10-06T15:24:50,credit_construction_ytd,2026-05-31,5.860894457233434,green,data
2026-10-06T15:24:50,m2_ytd,2026-05-31,2.7283275723141154,green,data
2026-10-06T15:24:50,credit_minus_m2,2026-05-31,1.9909250250395472,green,data
2026-10-06T15:24:50,land_use_revenue,2024-12-31,217245.0,insufficient,data
2026-10-06T15:24:50,public_investment,2026-06-30,81430.19253,yellow,data
2026-10-06T15:24:50,public_investment_ytd_yoy,2026-06-30,13.475454350150606,green,data
2026-10-06T15:24:50,fdi_registered_ytd,2026-07-31,21045.97153151,red,data
2026-10-06T15:24:50,fdi_registered_ytd_yoy,2026-07-31,109.72732069382424,yellow,data
2026-10-06T15:24:50,pmi_vn,2026-08-31,53.3,green,data
2026-10-06T15:24:52,fed_upper,2026-10-05,4.0,green,data
2026-10-06T15:24:52,fed_lower,2026-10-05,3.75,green,data
2026-10-06T15:24:52,effr,2026-10-02,3.88,green,data
2026-10-06T15:24:52,ust_2y,2026-10-02,4.83,green,data
2026-10-06T15:24:52,ust_10y,2026-10-02,5.28,red,data
2026-10-06T15:24:52,ust_10y2y,2026-10-05,0.47,yellow,data
2026-10-06T15:24:52,usd_broad,2026-10-02,121.3848,green,data
2026-10-06T15:24:52,dxy,2026-10-06,,green,data
2026-10-06T15:24:52,brent,2026-09-29,113.96,orange,data
2026-10-06T15:24:52,brent_futures,2026-10-06,,yellow,data
2026-10-06T15:24:52,copper,2026-10-05,,red,data
2026-10-06T15:24:52,copper_lme_stock,2026-10-05,,green,data
2026-10-06T15:24:52,copper_comex,2026-10-06,,red,data
2026-10-06T15:24:52,copper_imf,2026-07-31,13542.82086956522,red,data
2026-10-06T15:24:52,hy_spread,2026-10-02,3.1,green_strong,data
2026-10-06T15:24:52,breakeven_10y,2026-10-05,2.36,yellow,data
2026-10-06T15:24:52,vix,2026-10-02,15.31,yellow,data
2026-10-06T15:24:52,us_mortgage_30y,2026-10-01,7.28,yellow,data
2026-10-06T15:24:52,gdp_yoy_published,2026-06-30,8.39,yellow,data
2026-10-06T15:24:52,gdp_yoy,2026-06-30,89.72774377855093,insufficient,data
2026-10-06T15:24:52,gdp_realestate_yoy,2026-06-30,71.97617301993135,insufficient,data
2026-10-06T15:24:52,gdp_construction_yoy,2026-06-30,107.43704178752104,insufficient,data
2026-10-06T15:24:52,export_yoy,2026-07-31,25.590081904262973,yellow,data
2026-10-06T15:24:52,cpi_yoy,2026-08-31,4.89,red,data
2026-10-06T15:24:52,cpi_avg_ytd,2026-07-31,4.393497411553593,yellow,data
2026-10-06T15:24:52,cpi_housing_yoy,2026-08-31,6.6,green,data
2026-10-06T15:24:52,fx_central,2026-08-10,25491.0,yellow,data
2026-10-06T15:24:52,fx_central_ytd,2026-08-10,1.4728713028939966,green,data
2026-10-06T15:24:52,deposit_12m_big4,2026-10-06,5.9,orange,data
2026-10-06T15:24:52,deposit_12m_all,2026-10-06,6.147368421052632,green,data
2026-10-06T15:24:52,interbank_on,2026-07-31,5.72,yellow,data
2026-10-06T15:24:52,refi_rate,2026-08-03,4.5,green,data
2026-10-06T15:24:52,govbond_10y,2026-07-31,4.464118,red,data
2026-10-06T15:24:52,real_rate,2026-08-31,1.010000000000001,yellow,data
2026-10-06T15:24:52,credit_ytd,2026-05-31,4.719252597353663,green,data
2026-10-06T15:24:52,credit_yoy,2026-05-31,16.837719328775336,green,data
2026-10-06T15:24:52,credit_construction_ytd,2026-05-31,5.860894457233434,green,data
2026-10-06T15:24:52,m2_ytd,2026-05-31,2.7283275723141154,green,data
2026-10-06T15:24:52,credit_minus_m2,2026-05-31,1.9909250250395472,green,data
2026-10-06T15:24:52,land_use_revenue,2024-12-31,217245.0,insufficient,data
2026-10-06T15:24:52,public_investment,2026-06-30,81430.19253,yellow,data
2026-10-06T15:24:52,public_investment_ytd_yoy,2026-06-30,13.475454350150606,green,data
2026-10-06T15:24:52,fdi_registered_ytd,2026-07-31,21045.97153151,red,data
2026-10-06T15:24:52,fdi_registered_ytd_yoy,2026-07-31,109.72732069382424,yellow,data
2026-10-06T15:24:52,pmi_vn,2026-08-31,53.3,green,data
2026-10-06T15:24:55,fed_upper,2026-10-05,4.0,green,data
2026-10-06T15:24:55,fed_lower,2026-10-05,3.75,green,data
2026-10-06T15:24:55,effr,2026-10-02,3.88,green,data
2026-10-06T15:24:55,ust_2y,2026-10-02,4.83,green,data
2026-10-06T15:24:55,ust_10y,2026-10-02,5.28,red,data
2026-10-06T15:24:55,ust_10y2y,2026-10-05,0.47,yellow,data
2026-10-06T15:24:55,usd_broad,2026-10-02,121.3848,green,data
2026-10-06T15:24:55,dxy,2026-10-06,,green,data
2026-10-06T15:24:55,brent,2026-09-29,113.96,orange,data
2026-10-06T15:24:55,brent_futures,2026-10-06,,yellow,data
2026-10-06T15:24:55,copper,2026-10-05,,red,data
2026-10-06T15:24:55,copper_lme_stock,2026-10-05,,green,data
2026-10-06T15:24:55,copper_comex,2026-10-06,,red,data
2026-10-06T15:24:55,copper_imf,2026-07-31,13542.82086956522,red,data
2026-10-06T15:24:55,hy_spread,2026-10-02,3.1,green_strong,data
2026-10-06T15:24:55,breakeven_10y,2026-10-05,2.36,yellow,data
2026-10-06T15:24:55,vix,2026-10-02,15.31,yellow,data
2026-10-06T15:24:55,us_mortgage_30y,2026-10-01,7.28,yellow,data
2026-10-06T15:24:55,gdp_yoy_published,2026-06-30,8.39,yellow,data
2026-10-06T15:24:55,gdp_yoy,2026-06-30,89.72774377855093,insufficient,data
2026-10-06T15:24:55,gdp_realestate_yoy,2026-06-30,71.97617301993135,insufficient,data
2026-10-06T15:24:55,gdp_construction_yoy,2026-06-30,107.43704178752104,insufficient,data
2026-10-06T15:24:55,export_yoy,2026-07-31,25.590081904262973,yellow,data
2026-10-06T15:24:55,cpi_yoy,2026-08-31,4.89,red,data
2026-10-06T15:24:55,cpi_avg_ytd,2026-07-31,4.393497411553593,yellow,data
2026-10-06T15:24:55,cpi_housing_yoy,2026-08-31,6.6,green,data
2026-10-06T15:24:55,fx_central,2026-08-10,25491.0,yellow,data
2026-10-06T15:24:55,fx_central_ytd,2026-08-10,1.4728713028939966,green,data
2026-10-06T15:24:55,deposit_12m_big4,2026-10-06,5.9,orange,data
2026-10-06T15:24:55,deposit_12m_all,2026-10-06,6.147368421052632,green,data
2026-10-06T15:24:55,interbank_on,2026-07-31,5.72,yellow,data
2026-10-06T15:24:55,refi_rate,2026-08-03,4.5,green,data
2026-10-06T15:24:55,govbond_10y,2026-07-31,4.464118,red,data
2026-10-06T15:24:55,real_rate,2026-08-31,1.010000000000001,yellow,data
2026-10-06T15:24:55,credit_ytd,2026-05-31,4.719252597353663,green,data
2026-10-06T15:24:55,credit_yoy,2026-05-31,16.837719328775336,green,data
2026-10-06T15:24:55,credit_construction_ytd,2026-05-31,5.860894457233434,green,data
2026-10-06T15:24:55,m2_ytd,2026-05-31,2.7283275723141154,green,data
2026-10-06T15:24:55,credit_minus_m2,2026-05-31,1.9909250250395472,green,data
2026-10-06T15:24:55,land_use_revenue,2024-12-31,217245.0,insufficient,data
2026-10-06T15:24:55,public_investment,2026-06-30,81430.19253,yellow,data
2026-10-06T15:24:55,public_investment_ytd_yoy,2026-06-30,13.475454350150606,green,data
2026-10-06T15:24:55,fdi_registered_ytd,2026-07-31,21045.97153151,red,data
2026-10-06T15:24:55,fdi_registered_ytd_yoy,2026-07-31,109.72732069382424,yellow,data
2026-10-06T15:24:55,pmi_vn,2026-08-31,53.3,green,data
2026-10-06T15:24:56,fed_upper,2026-10-05,4.0,green,data
2026-10-06T15:24:56,fed_lower,2026-10-05,3.75,green,data
2026-10-06T15:24:56,effr,2026-10-02,3.88,green,data
2026-10-06T15:24:56,ust_2y,2026-10-02,4.83,green,data
2026-10-06T15:24:56,ust_10y,2026-10-02,5.28,red,data
2026-10-06T15:24:56,ust_10y2y,2026-10-05,0.47,yellow,data
2026-10-06T15:24:56,usd_broad,2026-10-02,121.3848,green,data
2026-10-06T15:24:56,dxy,2026-10-06,,green,data
2026-10-06T15:24:56,brent,2026-09-29,113.96,orange,data
2026-10-06T15:24:56,brent_futures,2026-10-06,,yellow,data
2026-10-06T15:24:56,copper,2026-10-05,,red,data
2026-10-06T15:24:56,copper_lme_stock,2026-10-05,,green,data
2026-10-06T15:24:56,copper_comex,2026-10-06,,red,data
2026-10-06T15:24:56,copper_imf,2026-07-31,13542.82086956522,red,data
2026-10-06T15:24:56,hy_spread,2026-10-02,3.1,green_strong,data
2026-10-06T15:24:56,breakeven_10y,2026-10-05,2.36,yellow,data
2026-10-06T15:24:56,vix,2026-10-02,15.31,yellow,data
2026-10-06T15:24:56,us_mortgage_30y,2026-10-01,7.28,yellow,data
2026-10-06T15:24:56,gdp_yoy_published,2026-06-30,8.39,yellow,data
2026-10-06T15:24:56,gdp_yoy,2026-06-30,89.72774377855093,insufficient,data
2026-10-06T15:24:56,gdp_realestate_yoy,2026-06-30,71.97617301993135,insufficient,data
2026-10-06T15:24:56,gdp_construction_yoy,2026-06-30,107.43704178752104,insufficient,data
2026-10-06T15:24:56,export_yoy,2026-07-31,25.590081904262973,yellow,data
2026-10-06T15:24:56,cpi_yoy,2026-08-31,4.89,red,data
2026-10-06T15:24:56,cpi_avg_ytd,2026-07-31,4.393497411553593,yellow,data
2026-10-06T15:24:56,cpi_housing_yoy,2026-08-31,6.6,green,data
2026-10-06T15:24:56,fx_central,2026-08-10,25491.0,yellow,data
2026-10-06T15:24:56,fx_central_ytd,2026-08-10,1.4728713028939966,green,data
2026-10-06T15:24:56,deposit_12m_big4,2026-10-06,5.9,orange,data
2026-10-06T15:24:56,deposit_12m_all,2026-10-06,6.147368421052632,green,data
2026-10-06T15:24:56,interbank_on,2026-07-31,5.72,yellow,data
2026-10-06T15:24:56,refi_rate,2026-08-03,4.5,green,data
2026-10-06T15:24:56,govbond_10y,2026-07-31,4.464118,red,data
2026-10-06T15:24:56,real_rate,2026-08-31,1.010000000000001,yellow,data
2026-10-06T15:24:56,credit_ytd,2026-05-31,4.719252597353663,green,data
2026-10-06T15:24:56,credit_yoy,2026-05-31,16.837719328775336,green,data
2026-10-06T15:24:56,credit_construction_ytd,2026-05-31,5.860894457233434,green,data
2026-10-06T15:24:56,m2_ytd,2026-05-31,2.7283275723141154,green,data
2026-10-06T15:24:56,credit_minus_m2,2026-05-31,1.9909250250395472,green,data
2026-10-06T15:24:56,land_use_revenue,2024-12-31,217245.0,insufficient,data
2026-10-06T15:24:56,public_investment,2026-06-30,81430.19253,yellow,data
2026-10-06T15:24:56,public_investment_ytd_yoy,2026-06-30,13.475454350150606,green,data
2026-10-06T15:24:56,fdi_registered_ytd,2026-07-31,21045.97153151,red,data
2026-10-06T15:24:56,fdi_registered_ytd_yoy,2026-07-31,109.72732069382424,yellow,data
2026-10-06T15:24:56,pmi_vn,2026-08-31,53.3,green,data
2026-10-06T15:25:00,fed_upper,2026-10-05,4.0,green,data
2026-10-06T15:25:00,fed_lower,2026-10-05,3.75,green,data
2026-10-06T15:25:00,effr,2026-10-02,3.88,green,data
2026-10-06T15:25:00,ust_2y,2026-10-02,4.83,green,data
2026-10-06T15:25:00,ust_10y,2026-10-02,5.28,red,data
2026-10-06T15:25:00,ust_10y2y,2026-10-05,0.47,yellow,data
2026-10-06T15:25:00,usd_broad,2026-10-02,121.3848,green,data
2026-10-06T15:25:00,dxy,2026-10-06,,green,data
2026-10-06T15:25:00,brent,2026-09-29,113.96,orange,data
2026-10-06T15:25:00,brent_futures,2026-10-06,,yellow,data
2026-10-06T15:25:00,copper,2026-10-05,,red,data
2026-10-06T15:25:00,copper_lme_stock,2026-10-05,,green,data
2026-10-06T15:25:00,copper_comex,2026-10-06,,red,data
2026-10-06T15:25:00,copper_imf,2026-07-31,13542.82086956522,red,data
2026-10-06T15:25:00,hy_spread,2026-10-02,3.1,green_strong,data
2026-10-06T15:25:00,breakeven_10y,2026-10-05,2.36,yellow,data
2026-10-06T15:25:00,vix,2026-10-02,15.31,yellow,data
2026-10-06T15:25:00,us_mortgage_30y,2026-10-01,7.28,yellow,data
2026-10-06T15:25:00,gdp_yoy_published,2026-06-30,8.39,yellow,data
2026-10-06T15:25:00,gdp_yoy,2026-06-30,89.72774377855093,insufficient,data
2026-10-06T15:25:00,gdp_realestate_yoy,2026-06-30,71.97617301993135,insufficient,data
2026-10-06T15:25:00,gdp_construction_yoy,2026-06-30,107.43704178752104,insufficient,data
2026-10-06T15:25:00,export_yoy,2026-07-31,25.590081904262973,yellow,data
2026-10-06T15:25:00,cpi_yoy,2026-08-31,4.89,red,data
2026-10-06T15:25:00,cpi_avg_ytd,2026-07-31,4.393497411553593,yellow,data
2026-10-06T15:25:00,cpi_housing_yoy,2026-08-31,6.6,green,data
2026-10-06T15:25:00,fx_central,2026-08-10,25491.0,yellow,data
2026-10-06T15:25:00,fx_central_ytd,2026-08-10,1.4728713028939966,green,data
2026-10-06T15:25:00,deposit_12m_big4,2026-10-06,5.9,orange,data
2026-10-06T15:25:00,deposit_12m_all,2026-10-06,6.147368421052632,green,data
2026-10-06T15:25:00,interbank_on,2026-07-31,5.72,yellow,data
2026-10-06T15:25:00,refi_rate,2026-08-03,4.5,green,data
2026-10-06T15:25:00,govbond_10y,2026-07-31,4.464118,red,data
2026-10-06T15:25:00,real_rate,2026-08-31,1.010000000000001,yellow,data
2026-10-06T15:25:00,credit_ytd,2026-05-31,4.719252597353663,green,data
2026-10-06T15:25:00,credit_yoy,2026-05-31,16.837719328775336,green,data
2026-10-06T15:25:00,credit_construction_ytd,2026-05-31,5.860894457233434,green,data
2026-10-06T15:25:00,m2_ytd,2026-05-31,2.7283275723141154,green,data
2026-10-06T15:25:00,credit_minus_m2,2026-05-31,1.9909250250395472,green,data
2026-10-06T15:25:00,land_use_revenue,2024-12-31,217245.0,insufficient,data
2026-10-06T15:25:00,public_investment,2026-06-30,81430.19253,yellow,data
2026-10-06T15:25:00,public_investment_ytd_yoy,2026-06-30,13.475454350150606,green,data
2026-10-06T15:25:00,fdi_registered_ytd,2026-07-31,21045.97153151,red,data
2026-10-06T15:25:00,fdi_registered_ytd_yoy,2026-07-31,109.72732069382424,yellow,data
2026-10-06T15:25:00,pmi_vn,2026-08-31,53.3,green,data
2026-10-06T15:25:01,fed_upper,2026-10-05,4.0,green,data
2026-10-06T15:25:01,fed_lower,2026-10-05,3.75,green,data
2026-10-06T15:25:01,effr,2026-10-02,3.88,green,data
2026-10-06T15:25:01,ust_2y,2026-10-02,4.83,green,data
2026-10-06T15:25:01,ust_10y,2026-10-02,5.28,red,data
2026-10-06T15:25:01,ust_10y2y,2026-10-05,0.47,yellow,data
2026-10-06T15:25:01,usd_broad,2026-10-02,121.3848,green,data
2026-10-06T15:25:01,dxy,2026-10-06,,green,data
2026-10-06T15:25:01,brent,2026-09-29,113.96,orange,data
2026-10-06T15:25:01,brent_futures,2026-10-06,,yellow,data
2026-10-06T15:25:01,copper,2026-10-05,,red,data
2026-10-06T15:25:01,copper_lme_stock,2026-10-05,,green,data
2026-10-06T15:25:01,copper_comex,2026-10-06,,red,data
2026-10-06T15:25:01,copper_imf,2026-07-31,13542.82086956522,red,data
2026-10-06T15:25:01,hy_spread,2026-10-02,3.1,green_strong,data
2026-10-06T15:25:01,breakeven_10y,2026-10-05,2.36,yellow,data
2026-10-06T15:25:01,vix,2026-10-02,15.31,yellow,data
2026-10-06T15:25:01,us_mortgage_30y,2026-10-01,7.28,yellow,data
2026-10-06T15:25:01,gdp_yoy_published,2026-06-30,8.39,yellow,data
2026-10-06T15:25:01,gdp_yoy,2026-06-30,89.72774377855093,insufficient,data
2026-10-06T15:25:01,gdp_realestate_yoy,2026-06-30,71.97617301993135,insufficient,data
2026-10-06T15:25:01,gdp_construction_yoy,2026-06-30,107.43704178752104,insufficient,data
2026-10-06T15:25:01,export_yoy,2026-07-31,25.590081904262973,yellow,data
2026-10-06T15:25:01,cpi_yoy,2026-08-31,4.89,red,data
2026-10-06T15:25:01,cpi_avg_ytd,2026-07-31,4.393497411553593,yellow,data
2026-10-06T15:25:01,cpi_housing_yoy,2026-08-31,6.6,green,data
2026-10-06T15:25:01,fx_central,2026-08-10,25491.0,yellow,data
2026-10-06T15:25:01,fx_central_ytd,2026-08-10,1.4728713028939966,green,data
2026-10-06T15:25:01,deposit_12m_big4,2026-10-06,5.9,orange,data
2026-10-06T15:25:01,deposit_12m_all,2026-10-06,6.147368421052632,green,data
2026-10-06T15:25:01,interbank_on,2026-07-31,5.72,yellow,data
2026-10-06T15:25:01,refi_rate,2026-08-03,4.5,green,data
2026-10-06T15:25:01,govbond_10y,2026-07-31,4.464118,red,data
2026-10-06T15:25:01,real_rate,2026-08-31,1.010000000000001,yellow,data
2026-10-06T15:25:01,credit_ytd,2026-05-31,4.719252597353663,green,data
2026-10-06T15:25:01,credit_yoy,2026-05-31,16.837719328775336,green,data
2026-10-06T15:25:01,credit_construction_ytd,2026-05-31,5.860894457233434,green,data
2026-10-06T15:25:01,m2_ytd,2026-05-31,2.7283275723141154,green,data
2026-10-06T15:25:01,credit_minus_m2,2026-05-31,1.9909250250395472,green,data
2026-10-06T15:25:01,land_use_revenue,2024-12-31,217245.0,insufficient,data
2026-10-06T15:25:01,public_investment,2026-06-30,81430.19253,yellow,data
2026-10-06T15:25:01,public_investment_ytd_yoy,2026-06-30,13.475454350150606,green,data
2026-10-06T15:25:01,fdi_registered_ytd,2026-07-31,21045.97153151,red,data
2026-10-06T15:25:01,fdi_registered_ytd_yoy,2026-07-31,109.72732069382424,yellow,data
2026-10-06T15:25:01,pmi_vn,2026-08-31,53.3,green,data
2026-10-06T15:25:06,fed_upper,2026-10-05,4.0,green,data
2026-10-06T15:25:06,fed_lower,2026-10-05,3.75,green,data
2026-10-06T15:25:06,effr,2026-10-02,3.88,green,data
2026-10-06T15:25:06,ust_2y,2026-10-02,4.83,green,data
2026-10-06T15:25:06,ust_10y,2026-10-02,5.28,red,data
2026-10-06T15:25:06,ust_10y2y,2026-10-05,0.47,yellow,data
2026-10-06T15:25:06,usd_broad,2026-10-02,121.3848,green,data
2026-10-06T15:25:06,dxy,2026-10-06,,green,data
2026-10-06T15:25:06,brent,2026-09-29,113.96,orange,data
2026-10-06T15:25:06,brent_futures,2026-10-06,,yellow,data
2026-10-06T15:25:06,copper,2026-10-05,,red,data
2026-10-06T15:25:06,copper_lme_stock,2026-10-05,,green,data
2026-10-06T15:25:06,copper_comex,2026-10-06,,red,data
2026-10-06T15:25:06,copper_imf,2026-07-31,13542.82086956522,red,data
2026-10-06T15:25:06,hy_spread,2026-10-02,3.1,green_strong,data
2026-10-06T15:25:06,breakeven_10y,2026-10-05,2.36,yellow,data
2026-10-06T15:25:06,vix,2026-10-02,15.31,yellow,data
2026-10-06T15:25:06,us_mortgage_30y,2026-10-01,7.28,yellow,data
2026-10-06T15:25:06,gdp_yoy_published,2026-06-30,8.39,yellow,data
2026-10-06T15:25:06,gdp_yoy,2026-06-30,89.72774377855093,insufficient,data
2026-10-06T15:25:06,gdp_realestate_yoy,2026-06-30,71.97617301993135,insufficient,data
2026-10-06T15:25:06,gdp_construction_yoy,2026-06-30,107.43704178752104,insufficient,data
2026-10-06T15:25:06,export_yoy,2026-07-31,25.590081904262973,yellow,data
2026-10-06T15:25:06,cpi_yoy,2026-08-31,4.89,red,data
2026-10-06T15:25:06,cpi_avg_ytd,2026-07-31,4.393497411553593,yellow,data
2026-10-06T15:25:06,cpi_housing_yoy,2026-08-31,6.6,green,data
2026-10-06T15:25:06,fx_central,2026-08-10,25491.0,yellow,data
2026-10-06T15:25:06,fx_central_ytd,2026-08-10,1.4728713028939966,green,data
2026-10-06T15:25:06,deposit_12m_big4,2026-10-06,5.9,orange,data
2026-10-06T15:25:06,deposit_12m_all,2026-10-06,6.147368421052632,green,data
2026-10-06T15:25:06,interbank_on,2026-07-31,5.72,yellow,data
2026-10-06T15:25:06,refi_rate,2026-08-03,4.5,green,data
2026-10-06T15:25:06,govbond_10y,2026-07-31,4.464118,red,data
2026-10-06T15:25:06,real_rate,2026-08-31,1.010000000000001,yellow,data
2026-10-06T15:25:06,credit_ytd,2026-05-31,4.719252597353663,green,data
2026-10-06T15:25:06,credit_yoy,2026-05-31,16.837719328775336,green,data
2026-10-06T15:25:06,credit_construction_ytd,2026-05-31,5.860894457233434,green,data
2026-10-06T15:25:06,m2_ytd,2026-05-31,2.7283275723141154,green,data
2026-10-06T15:25:06,credit_minus_m2,2026-05-31,1.9909250250395472,green,data
2026-10-06T15:25:06,land_use_revenue,2024-12-31,217245.0,insufficient,data
2026-10-06T15:25:06,public_investment,2026-06-30,81430.19253,yellow,data
2026-10-06T15:25:06,public_investment_ytd_yoy,2026-06-30,13.475454350150606,green,data
2026-10-06T15:25:06,fdi_registered_ytd,2026-07-31,21045.97153151,red,data
2026-10-06T15:25:06,fdi_registered_ytd_yoy,2026-07-31,109.72732069382424,yellow,data
2026-10-06T15:25:06,pmi_vn,2026-08-31,53.3,green,data
2026-10-06T15:25:09,fed_upper,2026-10-05,4.0,green,data
2026-10-06T15:25:09,fed_lower,2026-10-05,3.75,green,data
2026-10-06T15:25:09,effr,2026-10-02,3.88,green,data
2026-10-06T15:25:09,ust_2y,2026-10-02,4.83,green,data
2026-10-06T15:25:09,ust_10y,2026-10-02,5.28,red,data
2026-10-06T15:25:09,ust_10y2y,2026-10-05,0.47,yellow,data
2026-10-06T15:25:09,usd_broad,2026-10-02,121.3848,green,data
2026-10-06T15:25:09,dxy,2026-10-06,,green,data
2026-10-06T15:25:09,brent,2026-09-29,113.96,orange,data
2026-10-06T15:25:09,brent_futures,2026-10-06,,yellow,data
2026-10-06T15:25:09,copper,2026-10-05,,red,data
2026-10-06T15:25:09,copper_lme_stock,2026-10-05,,green,data
2026-10-06T15:25:09,copper_comex,2026-10-06,,red,data
2026-10-06T15:25:09,copper_imf,2026-07-31,13542.82086956522,red,data
2026-10-06T15:25:09,hy_spread,2026-10-02,3.1,green_strong,data
2026-10-06T15:25:09,breakeven_10y,2026-10-05,2.36,yellow,data
2026-10-06T15:25:09,vix,2026-10-02,15.31,yellow,data
2026-10-06T15:25:09,us_mortgage_30y,2026-10-01,7.28,yellow,data
2026-10-06T15:25:09,gdp_yoy_published,2026-06-30,8.39,yellow,data
2026-10-06T15:25:09,gdp_yoy,2026-06-30,89.72774377855093,insufficient,data
2026-10-06T15:25:09,gdp_realestate_yoy,2026-06-30,71.97617301993135,insufficient,data
2026-10-06T15:25:09,gdp_construction_yoy,2026-06-30,107.43704178752104,insufficient,data
2026-10-06T15:25:09,export_yoy,2026-07-31,25.590081904262973,yellow,data
2026-10-06T15:25:09,cpi_yoy,2026-08-31,4.89,red,data
2026-10-06T15:25:09,cpi_avg_ytd,2026-07-31,4.393497411553593,yellow,data
2026-10-06T15:25:09,cpi_housing_yoy,2026-08-31,6.6,green,data
2026-10-06T15:25:09,fx_central,2026-08-10,25491.0,yellow,data
2026-10-06T15:25:09,fx_central_ytd,2026-08-10,1.4728713028939966,green,data
2026-10-06T15:25:09,deposit_12m_big4,2026-10-06,5.9,orange,data
2026-10-06T15:25:09,deposit_12m_all,2026-10-06,6.147368421052632,green,data
2026-10-06T15:25:09,interbank_on,2026-07-31,5.72,yellow,data
2026-10-06T15:25:09,refi_rate,2026-08-03,4.5,green,data
2026-10-06T15:25:09,govbond_10y,2026-07-31,4.464118,red,data
2026-10-06T15:25:09,real_rate,2026-08-31,1.010000000000001,yellow,data
2026-10-06T15:25:09,credit_ytd,2026-05-31,4.719252597353663,green,data
2026-10-06T15:25:09,credit_yoy,2026-05-31,16.837719328775336,green,data
2026-10-06T15:25:09,credit_construction_ytd,2026-05-31,5.860894457233434,green,data
2026-10-06T15:25:09,m2_ytd,2026-05-31,2.7283275723141154,green,data
2026-10-06T15:25:09,credit_minus_m2,2026-05-31,1.9909250250395472,green,data
2026-10-06T15:25:09,land_use_revenue,2024-12-31,217245.0,insufficient,data
2026-10-06T15:25:09,public_investment,2026-06-30,81430.19253,yellow,data
2026-10-06T15:25:09,public_investment_ytd_yoy,2026-06-30,13.475454350150606,green,data
2026-10-06T15:25:09,fdi_registered_ytd,2026-07-31,21045.97153151,red,data
2026-10-06T15:25:09,fdi_registered_ytd_yoy,2026-07-31,109.72732069382424,yellow,data
2026-10-06T15:25:09,pmi_vn,2026-08-31,53.3,green,data
2026-10-06T15:25:10,fed_upper,2026-10-05,4.0,green,data
2026-10-06T15:25:10,fed_lower,2026-10-05,3.75,green,data
2026-10-06T15:25:10,effr,2026-10-02,3.88,green,data
2026-10-06T15:25:10,ust_2y,2026-10-02,4.83,green,data
2026-10-06T15:25:10,ust_10y,2026-10-02,5.28,red,data
2026-10-06T15:25:10,ust_10y2y,2026-10-05,0.47,yellow,data
2026-10-06T15:25:10,usd_broad,2026-10-02,121.3848,green,data
2026-10-06T15:25:10,dxy,2026-10-06,,green,data
2026-10-06T15:25:10,brent,2026-09-29,113.96,orange,data
2026-10-06T15:25:10,brent_futures,2026-10-06,,yellow,data
2026-10-06T15:25:10,copper,2026-10-05,,red,data
2026-10-06T15:25:10,copper_lme_stock,2026-10-05,,green,data
2026-10-06T15:25:10,copper_comex,2026-10-06,,red,data
2026-10-06T15:25:10,copper_imf,2026-07-31,13542.82086956522,red,data
2026-10-06T15:25:10,hy_spread,2026-10-02,3.1,green_strong,data
2026-10-06T15:25:10,breakeven_10y,2026-10-05,2.36,yellow,data
2026-10-06T15:25:10,vix,2026-10-02,15.31,yellow,data
2026-10-06T15:25:10,us_mortgage_30y,2026-10-01,7.28,yellow,data
2026-10-06T15:25:10,gdp_yoy_published,2026-06-30,8.39,yellow,data
2026-10-06T15:25:10,gdp_yoy,2026-06-30,89.72774377855093,insufficient,data
2026-10-06T15:25:10,gdp_realestate_yoy,2026-06-30,71.97617301993135,insufficient,data
2026-10-06T15:25:10,gdp_construction_yoy,2026-06-30,107.43704178752104,insufficient,data
2026-10-06T15:25:10,export_yoy,2026-07-31,25.590081904262973,yellow,data
2026-10-06T15:25:10,cpi_yoy,2026-08-31,4.89,red,data
2026-10-06T15:25:10,cpi_avg_ytd,2026-07-31,4.393497411553593,yellow,data
2026-10-06T15:25:10,cpi_housing_yoy,2026-08-31,6.6,green,data
2026-10-06T15:25:10,fx_central,2026-08-10,25491.0,yellow,data
2026-10-06T15:25:10,fx_central_ytd,2026-08-10,1.4728713028939966,green,data
2026-10-06T15:25:10,deposit_12m_big4,2026-10-06,5.9,orange,data
2026-10-06T15:25:10,deposit_12m_all,2026-10-06,6.147368421052632,green,data
2026-10-06T15:25:10,interbank_on,2026-07-31,5.72,yellow,data
2026-10-06T15:25:10,refi_rate,2026-08-03,4.5,green,data
2026-10-06T15:25:10,govbond_10y,2026-07-31,4.464118,red,data
2026-10-06T15:25:10,real_rate,2026-08-31,1.010000000000001,yellow,data
2026-10-06T15:25:10,credit_ytd,2026-05-31,4.719252597353663,green,data
2026-10-06T15:25:10,credit_yoy,2026-05-31,16.837719328775336,green,data
2026-10-06T15:25:10,credit_construction_ytd,2026-05-31,5.860894457233434,green,data
2026-10-06T15:25:10,m2_ytd,2026-05-31,2.7283275723141154,green,data
2026-10-06T15:25:10,credit_minus_m2,2026-05-31,1.9909250250395472,green,data
2026-10-06T15:25:10,land_use_revenue,2024-12-31,217245.0,insufficient,data
2026-10-06T15:25:10,public_investment,2026-06-30,81430.19253,yellow,data
2026-10-06T15:25:10,public_investment_ytd_yoy,2026-06-30,13.475454350150606,green,data
2026-10-06T15:25:10,fdi_registered_ytd,2026-07-31,21045.97153151,red,data
2026-10-06T15:25:10,fdi_registered_ytd_yoy,2026-07-31,109.72732069382424,yellow,data
2026-10-06T15:25:10,pmi_vn,2026-08-31,53.3,green,data
2026-10-06T15:25:13,fed_upper,2026-10-05,4.0,green,data
2026-10-06T15:25:13,fed_lower,2026-10-05,3.75,green,data
2026-10-06T15:25:13,effr,2026-10-02,3.88,green,data
2026-10-06T15:25:13,ust_2y,2026-10-02,4.83,green,data
2026-10-06T15:25:13,ust_10y,2026-10-02,5.28,red,data
2026-10-06T15:25:13,ust_10y2y,2026-10-05,0.47,yellow,data
2026-10-06T15:25:13,usd_broad,2026-10-02,121.3848,green,data
2026-10-06T15:25:13,dxy,2026-10-06,,green,data
2026-10-06T15:25:13,brent,2026-09-29,113.96,orange,data
2026-10-06T15:25:13,brent_futures,2026-10-06,,yellow,data
2026-10-06T15:25:13,copper,2026-10-05,,red,data
2026-10-06T15:25:13,copper_lme_stock,2026-10-05,,green,data
2026-10-06T15:25:13,copper_comex,2026-10-06,,red,data
2026-10-06T15:25:13,copper_imf,2026-07-31,13542.82086956522,red,data
2026-10-06T15:25:13,hy_spread,2026-10-02,3.1,green_strong,data
2026-10-06T15:25:13,breakeven_10y,2026-10-05,2.36,yellow,data
2026-10-06T15:25:13,vix,2026-10-02,15.31,yellow,data
2026-10-06T15:25:13,us_mortgage_30y,2026-10-01,7.28,yellow,data
2026-10-06T15:25:13,gdp_yoy_published,2026-06-30,8.39,yellow,data
2026-10-06T15:25:13,gdp_yoy,2026-06-30,89.72774377855093,insufficient,data
2026-10-06T15:25:13,gdp_realestate_yoy,2026-06-30,71.97617301993135,insufficient,data
2026-10-06T15:25:13,gdp_construction_yoy,2026-06-30,107.43704178752104,insufficient,data
2026-10-06T15:25:13,export_yoy,2026-07-31,25.590081904262973,yellow,data
2026-10-06T15:25:13,cpi_yoy,2026-08-31,4.89,red,data
2026-10-06T15:25:13,cpi_avg_ytd,2026-07-31,4.393497411553593,yellow,data
2026-10-06T15:25:13,cpi_housing_yoy,2026-08-31,6.6,green,data
2026-10-06T15:25:13,fx_central,2026-08-10,25491.0,yellow,data
2026-10-06T15:25:13,fx_central_ytd,2026-08-10,1.4728713028939966,green,data
2026-10-06T15:25:13,deposit_12m_big4,2026-10-06,5.9,orange,data
2026-10-06T15:25:13,deposit_12m_all,2026-10-06,6.147368421052632,green,data
2026-10-06T15:25:13,interbank_on,2026-07-31,5.72,yellow,data
2026-10-06T15:25:13,refi_rate,2026-08-03,4.5,green,data
2026-10-06T15:25:13,govbond_10y,2026-07-31,4.464118,red,data
2026-10-06T15:25:13,real_rate,2026-08-31,1.010000000000001,yellow,data
2026-10-06T15:25:13,credit_ytd,2026-05-31,4.719252597353663,green,data
2026-10-06T15:25:13,credit_yoy,2026-05-31,16.837719328775336,green,data
2026-10-06T15:25:13,credit_construction_ytd,2026-05-31,5.860894457233434,green,data
2026-10-06T15:25:13,m2_ytd,2026-05-31,2.7283275723141154,green,data
2026-10-06T15:25:13,credit_minus_m2,2026-05-31,1.9909250250395472,green,data
2026-10-06T15:25:13,land_use_revenue,2024-12-31,217245.0,insufficient,data
2026-10-06T15:25:13,public_investment,2026-06-30,81430.19253,yellow,data
2026-10-06T15:25:13,public_investment_ytd_yoy,2026-06-30,13.475454350150606,green,data
2026-10-06T15:25:13,fdi_registered_ytd,2026-07-31,21045.97153151,red,data
2026-10-06T15:25:13,fdi_registered_ytd_yoy,2026-07-31,109.72732069382424,yellow,data
2026-10-06T15:25:13,pmi_vn,2026-08-31,53.3,green,data
2026-10-06T15:25:15,fed_upper,2026-10-05,4.0,green,data
2026-10-06T15:25:15,fed_lower,2026-10-05,3.75,green,data
2026-10-06T15:25:15,effr,2026-10-02,3.88,green,data
2026-10-06T15:25:15,ust_2y,2026-10-02,4.83,green,data
2026-10-06T15:25:15,ust_10y,2026-10-02,5.28,red,data
2026-10-06T15:25:15,ust_10y2y,2026-10-05,0.47,yellow,data
2026-10-06T15:25:15,usd_broad,2026-10-02,121.3848,green,data
2026-10-06T15:25:15,dxy,2026-10-06,,green,data
2026-10-06T15:25:15,brent,2026-09-29,113.96,orange,data
2026-10-06T15:25:15,brent_futures,2026-10-06,,yellow,data
2026-10-06T15:25:15,copper,2026-10-05,,red,data
2026-10-06T15:25:15,copper_lme_stock,2026-10-05,,green,data
2026-10-06T15:25:15,copper_comex,2026-10-06,,red,data
2026-10-06T15:25:15,copper_imf,2026-07-31,13542.82086956522,red,data
2026-10-06T15:25:15,hy_spread,2026-10-02,3.1,green_strong,data
2026-10-06T15:25:15,breakeven_10y,2026-10-05,2.36,yellow,data
2026-10-06T15:25:15,vix,2026-10-02,15.31,yellow,data
2026-10-06T15:25:15,us_mortgage_30y,2026-10-01,7.28,yellow,data
2026-10-06T15:25:15,gdp_yoy_published,2026-06-30,8.39,yellow,data
2026-10-06T15:25:15,gdp_yoy,2026-06-30,89.72774377855093,insufficient,data
2026-10-06T15:25:15,gdp_realestate_yoy,2026-06-30,71.97617301993135,insufficient,data
2026-10-06T15:25:15,gdp_construction_yoy,2026-06-30,107.43704178752104,insufficient,data
2026-10-06T15:25:15,export_yoy,2026-07-31,25.590081904262973,yellow,data
2026-10-06T15:25:15,cpi_yoy,2026-08-31,4.89,red,data
2026-10-06T15:25:15,cpi_avg_ytd,2026-07-31,4.393497411553593,yellow,data
2026-10-06T15:25:15,cpi_housing_yoy,2026-08-31,6.6,green,data
2026-10-06T15:25:15,fx_central,2026-08-10,25491.0,yellow,data
2026-10-06T15:25:15,fx_central_ytd,2026-08-10,1.4728713028939966,green,data
2026-10-06T15:25:15,deposit_12m_big4,2026-10-06,5.9,orange,data
2026-10-06T15:25:15,deposit_12m_all,2026-10-06,6.147368421052632,green,data
2026-10-06T15:25:15,interbank_on,2026-07-31,5.72,yellow,data
2026-10-06T15:25:15,refi_rate,2026-08-03,4.5,green,data
2026-10-06T15:25:15,govbond_10y,2026-07-31,4.464118,red,data
2026-10-06T15:25:15,real_rate,2026-08-31,1.010000000000001,yellow,data
2026-10-06T15:25:15,credit_ytd,2026-05-31,4.719252597353663,green,data
2026-10-06T15:25:15,credit_yoy,2026-05-31,16.837719328775336,green,data
2026-10-06T15:25:15,credit_construction_ytd,2026-05-31,5.860894457233434,green,data
2026-10-06T15:25:15,m2_ytd,2026-05-31,2.7283275723141154,green,data
2026-10-06T15:25:15,credit_minus_m2,2026-05-31,1.9909250250395472,green,data
2026-10-06T15:25:15,land_use_revenue,2024-12-31,217245.0,insufficient,data
2026-10-06T15:25:15,public_investment,2026-06-30,81430.19253,yellow,data
2026-10-06T15:25:15,public_investment_ytd_yoy,2026-06-30,13.475454350150606,green,data
2026-10-06T15:25:15,fdi_registered_ytd,2026-07-31,21045.97153151,red,data
2026-10-06T15:25:15,fdi_registered_ytd_yoy,2026-07-31,109.72732069382424,yellow,data
2026-10-06T15:25:15,pmi_vn,2026-08-31,53.3,green,data
2026-10-06T15:25:18,fed_upper,2026-10-05,4.0,red,threshold
2026-10-06T15:25:18,fed_lower,2026-10-05,3.75,green,data
2026-10-06T15:25:18,effr,2026-10-02,3.88,green,data
2026-10-06T15:25:18,ust_2y,2026-10-02,4.83,green,data
2026-10-06T15:25:18,ust_10y,2026-10-02,5.28,red,data
2026-10-06T15:25:18,ust_10y2y,2026-10-05,0.47,yellow,data
2026-10-06T15:25:18,usd_broad,2026-10-02,121.3848,green,data
2026-10-06T15:25:18,dxy,2026-10-06,,green,data
2026-10-06T15:25:18,brent,2026-09-29,113.96,orange,data
2026-10-06T15:25:18,brent_futures,2026-10-06,,yellow,data
2026-10-06T15:25:18,copper,2026-10-05,,red,data
2026-10-06T15:25:18,copper_lme_stock,2026-10-05,,green,data
2026-10-06T15:25:18,copper_comex,2026-10-06,,red,data
2026-10-06T15:25:18,copper_imf,2026-07-31,13542.82086956522,red,data
2026-10-06T15:25:18,hy_spread,2026-10-02,3.1,green_strong,data
2026-10-06T15:25:18,breakeven_10y,2026-10-05,2.36,yellow,data
2026-10-06T15:25:18,vix,2026-10-02,15.31,yellow,data
2026-10-06T15:25:18,us_mortgage_30y,2026-10-01,7.28,yellow,data
2026-10-06T15:25:18,gdp_yoy_published,2026-06-30,8.39,yellow,data
2026-10-06T15:25:18,gdp_yoy,2026-06-30,89.72774377855093,insufficient,data
2026-10-06T15:25:18,gdp_realestate_yoy,2026-06-30,71.97617301993135,insufficient,data
2026-10-06T15:25:18,gdp_construction_yoy,2026-06-30,107.43704178752104,insufficient,data
2026-10-06T15:25:18,export_yoy,2026-07-31,25.590081904262973,yellow,data
2026-10-06T15:25:18,cpi_yoy,2026-08-31,4.89,red,data
2026-10-06T15:25:18,cpi_avg_ytd,2026-07-31,4.393497411553593,yellow,data
2026-10-06T15:25:18,cpi_housing_yoy,2026-08-31,6.6,green,data
2026-10-06T15:25:18,fx_central,2026-08-10,25491.0,yellow,data
2026-10-06T15:25:18,fx_central_ytd,2026-08-10,1.4728713028939966,green,data
2026-10-06T15:25:18,deposit_12m_big4,2026-10-06,5.9,orange,data
2026-10-06T15:25:18,deposit_12m_all,2026-10-06,6.147368421052632,green,data
2026-10-06T15:25:18,interbank_on,2026-07-31,5.72,yellow,data
2026-10-06T15:25:18,refi_rate,2026-08-03,4.5,green,data
2026-10-06T15:25:18,govbond_10y,2026-07-31,4.464118,red,data
2026-10-06T15:25:18,real_rate,2026-08-31,1.010000000000001,yellow,data
2026-10-06T15:25:18,credit_ytd,2026-05-31,4.719252597353663,green,data
2026-10-06T15:25:18,credit_yoy,2026-05-31,16.837719328775336,green,data
2026-10-06T15:25:18,credit_construction_ytd,2026-05-31,5.860894457233434,green,data
2026-10-06T15:25:18,m2_ytd,2026-05-31,2.7283275723141154,green,data
2026-10-06T15:25:18,credit_minus_m2,2026-05-31,1.9909250250395472,green,data
2026-10-06T15:25:18,land_use_revenue,2024-12-31,217245.0,insufficient,data
2026-10-06T15:25:18,public_investment,2026-06-30,81430.19253,yellow,data
2026-10-06T15:25:18,public_investment_ytd_yoy,2026-06-30,13.475454350150606,green,data
2026-10-06T15:25:18,fdi_registered_ytd,2026-07-31,21045.97153151,red,data
2026-10-06T15:25:18,fdi_registered_ytd_yoy,2026-07-31,109.72732069382424,yellow,data
2026-10-06T15:25:18,pmi_vn,2026-08-31,53.3,green,data
2026-10-06T15:25:20,fed_upper,2026-10-05,4.0,red,data
2026-10-06T15:25:20,fed_lower,2026-10-05,3.75,green,data
2026-10-06T15:25:20,effr,2026-10-02,3.88,green,data
2026-10-06T15:25:20,ust_2y,2026-10-02,4.83,green,data
2026-10-06T15:25:20,ust_10y,2026-10-02,5.28,red,data
2026-10-06T15:25:20,ust_10y2y,2026-10-05,0.47,yellow,data
2026-10-06T15:25:20,usd_broad,2026-10-02,121.3848,green,data
2026-10-06T15:25:20,dxy,2026-10-06,,green,data
2026-10-06T15:25:20,brent,2026-09-29,113.96,orange,data
2026-10-06T15:25:20,brent_futures,2026-10-06,,yellow,data
2026-10-06T15:25:20,copper,2026-10-05,,red,data
2026-10-06T15:25:20,copper_lme_stock,2026-10-05,,green,data
2026-10-06T15:25:20,copper_comex,2026-10-06,,red,data
2026-10-06T15:25:20,copper_imf,2026-07-31,13542.82086956522,red,data
2026-10-06T15:25:20,hy_spread,2026-10-02,3.1,green_strong,data
2026-10-06T15:25:20,breakeven_10y,2026-10-05,2.36,yellow,data
2026-10-06T15:25:20,vix,2026-10-02,15.31,yellow,data
2026-10-06T15:25:20,us_mortgage_30y,2026-10-01,7.28,yellow,data
2026-10-06T15:25:20,gdp_yoy_published,2026-06-30,8.39,yellow,data
2026-10-06T15:25:20,gdp_yoy,2026-06-30,89.72774377855093,insufficient,data
2026-10-06T15:25:20,gdp_realestate_yoy,2026-06-30,71.97617301993135,insufficient,data
2026-10-06T15:25:20,gdp_construction_yoy,2026-06-30,107.43704178752104,insufficient,data
2026-10-06T15:25:20,export_yoy,2026-07-31,25.590081904262973,yellow,data
2026-10-06T15:25:20,cpi_yoy,2026-08-31,4.89,red,data
2026-10-06T15:25:20,cpi_avg_ytd,2026-07-31,4.393497411553593,yellow,data
2026-10-06T15:25:20,cpi_housing_yoy,2026-08-31,6.6,green,data
2026-10-06T15:25:20,fx_central,2026-08-10,25491.0,yellow,data
2026-10-06T15:25:20,fx_central_ytd,2026-08-10,1.4728713028939966,green,data
2026-10-06T15:25:20,deposit_12m_big4,2026-10-06,5.9,orange,data
2026-10-06T15:25:20,deposit_12m_all,2026-10-06,6.147368421052632,green,data
2026-10-06T15:25:20,interbank_on,2026-07-31,5.72,yellow,data
2026-10-06T15:25:20,refi_rate,2026-08-03,4.5,green,data
2026-10-06T15:25:20,govbond_10y,2026-07-31,4.464118,red,data
2026-10-06T15:25:20,real_rate,2026-08-31,1.010000000000001,yellow,data
2026-10-06T15:25:20,credit_ytd,2026-05-31,4.719252597353663,green,data
2026-10-06T15:25:20,credit_yoy,2026-05-31,16.837719328775336,green,data
2026-10-06T15:25:20,credit_construction_ytd,2026-05-31,5.860894457233434,green,data
2026-10-06T15:25:20,m2_ytd,2026-05-31,2.7283275723141154,green,data
2026-10-06T15:25:20,credit_minus_m2,2026-05-31,1.9909250250395472,green,data
2026-10-06T15:25:20,land_use_revenue,2024-12-31,217245.0,insufficient,data
2026-10-06T15:25:20,public_investment,2026-06-30,81430.19253,yellow,data
2026-10-06T15:25:20,public_investment_ytd_yoy,2026-06-30,13.475454350150606,green,data
2026-10-06T15:25:20,fdi_registered_ytd,2026-07-31,21045.97153151,red,data
2026-10-06T15:25:20,fdi_registered_ytd_yoy,2026-07-31,109.72732069382424,yellow,data
2026-10-06T15:25:20,pmi_vn,2026-08-31,53.3,green,data
2026-10-06T15:25:23,fed_upper,2026-10-05,4.0,red,data
2026-10-06T15:25:23,fed_lower,2026-10-05,3.75,green,data
2026-10-06T15:25:23,effr,2026-10-02,3.88,green,data
2026-10-06T15:25:23,ust_2y,2026-10-02,4.83,green,data
2026-10-06T15:25:23,ust_10y,2026-10-02,5.28,red,data
2026-10-06T15:25:23,ust_10y2y,2026-10-05,0.47,yellow,data
2026-10-06T15:25:23,usd_broad,2026-10-02,121.3848,green,data
2026-10-06T15:25:23,dxy,2026-10-06,,green,data
2026-10-06T15:25:23,brent,2026-09-29,113.96,orange,data
2026-10-06T15:25:23,brent_futures,2026-10-06,,yellow,data
2026-10-06T15:25:23,copper,2026-10-05,,red,data
2026-10-06T15:25:23,copper_lme_stock,2026-10-05,,green,data
2026-10-06T15:25:23,copper_comex,2026-10-06,,red,data
2026-10-06T15:25:23,copper_imf,2026-07-31,13542.82086956522,red,data
2026-10-06T15:25:23,hy_spread,2026-10-02,3.1,green_strong,data
2026-10-06T15:25:23,breakeven_10y,2026-10-05,2.36,yellow,data
2026-10-06T15:25:23,vix,2026-10-02,15.31,yellow,data
2026-10-06T15:25:23,us_mortgage_30y,2026-10-01,7.28,yellow,data
2026-10-06T15:25:23,gdp_yoy_published,2026-06-30,8.39,yellow,data
2026-10-06T15:25:23,gdp_yoy,2026-06-30,89.72774377855093,insufficient,data
2026-10-06T15:25:23,gdp_realestate_yoy,2026-06-30,71.97617301993135,insufficient,data
2026-10-06T15:25:23,gdp_construction_yoy,2026-06-30,107.43704178752104,insufficient,data
2026-10-06T15:25:23,export_yoy,2026-07-31,25.590081904262973,yellow,data
2026-10-06T15:25:23,cpi_yoy,2026-08-31,4.89,red,data
2026-10-06T15:25:23,cpi_avg_ytd,2026-07-31,4.393497411553593,yellow,data
2026-10-06T15:25:23,cpi_housing_yoy,2026-08-31,6.6,green,data
2026-10-06T15:25:23,fx_central,2026-08-10,25491.0,yellow,data
2026-10-06T15:25:23,fx_central_ytd,2026-08-10,1.4728713028939966,green,data
2026-10-06T15:25:23,deposit_12m_big4,2026-10-06,5.9,orange,data
2026-10-06T15:25:23,deposit_12m_all,2026-10-06,6.147368421052632,green,data
2026-10-06T15:25:23,interbank_on,2026-07-31,5.72,yellow,data
2026-10-06T15:25:23,refi_rate,2026-08-03,4.5,green,data
2026-10-06T15:25:23,govbond_10y,2026-07-31,4.464118,red,data
2026-10-06T15:25:23,real_rate,2026-08-31,1.010000000000001,yellow,data
2026-10-06T15:25:23,credit_ytd,2026-05-31,4.719252597353663,green,data
2026-10-06T15:25:23,credit_yoy,2026-05-31,16.837719328775336,green,data
2026-10-06T15:25:23,credit_construction_ytd,2026-05-31,5.860894457233434,green,data
2026-10-06T15:25:23,m2_ytd,2026-05-31,2.7283275723141154,green,data
2026-10-06T15:25:23,credit_minus_m2,2026-05-31,1.9909250250395472,green,data
2026-10-06T15:25:23,land_use_revenue,2024-12-31,217245.0,insufficient,data
2026-10-06T15:25:23,public_investment,2026-06-30,81430.19253,yellow,data
2026-10-06T15:25:23,public_investment_ytd_yoy,2026-06-30,13.475454350150606,green,data
2026-10-06T15:25:23,fdi_registered_ytd,2026-07-31,21045.97153151,red,data
2026-10-06T15:25:23,fdi_registered_ytd_yoy,2026-07-31,109.72732069382424,yellow,data
2026-10-06T15:25:23,pmi_vn,2026-08-31,53.3,green,data
2026-10-06T15:25:24,fed_upper,2026-10-05,4.0,red,data
2026-10-06T15:25:24,fed_lower,2026-10-05,3.75,green,data
2026-10-06T15:25:24,effr,2026-10-02,3.88,green,data
2026-10-06T15:25:24,ust_2y,2026-10-02,4.83,green,data
2026-10-06T15:25:24,ust_10y,2026-10-02,5.28,red,data
2026-10-06T15:25:24,ust_10y2y,2026-10-05,0.47,yellow,data
2026-10-06T15:25:24,usd_broad,2026-10-02,121.3848,green,data
2026-10-06T15:25:24,dxy,2026-10-06,,green,data
2026-10-06T15:25:24,brent,2026-09-29,113.96,orange,data
2026-10-06T15:25:24,brent_futures,2026-10-06,,yellow,data
2026-10-06T15:25:24,copper,2026-10-05,,red,data
2026-10-06T15:25:24,copper_lme_stock,2026-10-05,,green,data
2026-10-06T15:25:24,copper_comex,2026-10-06,,red,data
2026-10-06T15:25:24,copper_imf,2026-07-31,13542.82086956522,red,data
2026-10-06T15:25:24,hy_spread,2026-10-02,3.1,green_strong,data
2026-10-06T15:25:24,breakeven_10y,2026-10-05,2.36,yellow,data
2026-10-06T15:25:24,vix,2026-10-02,15.31,yellow,data
2026-10-06T15:25:24,us_mortgage_30y,2026-10-01,7.28,yellow,data
2026-10-06T15:25:24,gdp_yoy_published,2026-06-30,8.39,yellow,data
2026-10-06T15:25:24,gdp_yoy,2026-06-30,89.72774377855093,insufficient,data
2026-10-06T15:25:24,gdp_realestate_yoy,2026-06-30,71.97617301993135,insufficient,data
2026-10-06T15:25:24,gdp_construction_yoy,2026-06-30,107.43704178752104,insufficient,data
2026-10-06T15:25:24,export_yoy,2026-07-31,25.590081904262973,yellow,data
2026-10-06T15:25:24,cpi_yoy,2026-08-31,4.89,red,data
2026-10-06T15:25:24,cpi_avg_ytd,2026-07-31,4.393497411553593,yellow,data
2026-10-06T15:25:24,cpi_housing_yoy,2026-08-31,6.6,green,data
2026-10-06T15:25:24,fx_central,2026-08-10,25491.0,yellow,data
2026-10-06T15:25:24,fx_central_ytd,2026-08-10,1.4728713028939966,green,data
2026-10-06T15:25:24,deposit_12m_big4,2026-10-06,5.9,orange,data
2026-10-06T15:25:24,deposit_12m_all,2026-10-06,6.147368421052632,green,data
2026-10-06T15:25:24,interbank_on,2026-07-31,5.72,yellow,data
2026-10-06T15:25:24,refi_rate,2026-08-03,4.5,green,data
2026-10-06T15:25:24,govbond_10y,2026-07-31,4.464118,red,data
2026-10-06T15:25:24,real_rate,2026-08-31,1.010000000000001,yellow,data
2026-10-06T15:25:24,credit_ytd,2026-05-31,4.719252597353663,green,data
2026-10-06T15:25:24,credit_yoy,2026-05-31,16.837719328775336,green,data
2026-10-06T15:25:24,credit_construction_ytd,2026-05-31,5.860894457233434,green,data
2026-10-06T15:25:24,m2_ytd,2026-05-31,2.7283275723141154,green,data
2026-10-06T15:25:24,credit_minus_m2,2026-05-31,1.9909250250395472,green,data
2026-10-06T15:25:24,land_use_revenue,2024-12-31,217245.0,insufficient,data
2026-10-06T15:25:24,public_investment,2026-06-30,81430.19253,yellow,data
2026-10-06T15:25:24,public_investment_ytd_yoy,2026-06-30,13.475454350150606,green,data
2026-10-06T15:25:24,fdi_registered_ytd,2026-07-31,21045.97153151,red,data
2026-10-06T15:25:24,fdi_registered_ytd_yoy,2026-07-31,109.72732069382424,yellow,data
2026-10-06T15:25:24,pmi_vn,2026-08-31,53.3,green,data
2026-10-06T15:25:25,fed_upper,2026-10-05,4.0,red,data
2026-10-06T15:25:25,fed_lower,2026-10-05,3.75,green,data
2026-10-06T15:25:25,effr,2026-10-02,3.88,green,data
2026-10-06T15:25:25,ust_2y,2026-10-02,4.83,green,data
2026-10-06T15:25:25,ust_10y,2026-10-02,5.28,red,data
2026-10-06T15:25:25,ust_10y2y,2026-10-05,0.47,yellow,data
2026-10-06T15:25:25,usd_broad,2026-10-02,121.3848,green,data
2026-10-06T15:25:25,dxy,2026-10-06,,green,data
2026-10-06T15:25:25,brent,2026-09-29,113.96,orange,data
2026-10-06T15:25:25,brent_futures,2026-10-06,,yellow,data
2026-10-06T15:25:25,copper,2026-10-05,,red,data
2026-10-06T15:25:25,copper_lme_stock,2026-10-05,,green,data
2026-10-06T15:25:25,copper_comex,2026-10-06,,red,data
2026-10-06T15:25:25,copper_imf,2026-07-31,13542.82086956522,red,data
2026-10-06T15:25:25,hy_spread,2026-10-02,3.1,green_strong,data
2026-10-06T15:25:25,breakeven_10y,2026-10-05,2.36,yellow,data
2026-10-06T15:25:25,vix,2026-10-02,15.31,yellow,data
2026-10-06T15:25:25,us_mortgage_30y,2026-10-01,7.28,yellow,data
2026-10-06T15:25:25,gdp_yoy_published,2026-06-30,8.39,yellow,data
2026-10-06T15:25:25,gdp_yoy,2026-06-30,89.72774377855093,insufficient,data
2026-10-06T15:25:25,gdp_realestate_yoy,2026-06-30,71.97617301993135,insufficient,data
2026-10-06T15:25:25,gdp_construction_yoy,2026-06-30,107.43704178752104,insufficient,data
2026-10-06T15:25:25,export_yoy,2026-07-31,25.590081904262973,yellow,data
2026-10-06T15:25:25,cpi_yoy,2026-08-31,4.89,red,data
2026-10-06T15:25:25,cpi_avg_ytd,2026-07-31,4.393497411553593,yellow,data
2026-10-06T15:25:25,cpi_housing_yoy,2026-08-31,6.6,green,data
2026-10-06T15:25:25,fx_central,2026-08-10,25491.0,yellow,data
2026-10-06T15:25:25,fx_central_ytd,2026-08-10,1.4728713028939966,green,data
2026-10-06T15:25:25,deposit_12m_big4,2026-10-06,5.9,orange,data
2026-10-06T15:25:25,deposit_12m_all,2026-10-06,6.147368421052632,green,data
2026-10-06T15:25:25,interbank_on,2026-07-31,5.72,yellow,data
2026-10-06T15:25:25,refi_rate,2026-08-03,4.5,green,data
2026-10-06T15:25:25,govbond_10y,2026-07-31,4.464118,red,data
2026-10-06T15:25:25,real_rate,2026-08-31,1.010000000000001,yellow,data
2026-10-06T15:25:25,credit_ytd,2026-05-31,4.719252597353663,green,data
2026-10-06T15:25:25,credit_yoy,2026-05-31,16.837719328775336,green,data
2026-10-06T15:25:25,credit_construction_ytd,2026-05-31,5.860894457233434,green,data
2026-10-06T15:25:25,m2_ytd,2026-05-31,2.7283275723141154,green,data
2026-10-06T15:25:25,credit_minus_m2,2026-05-31,1.9909250250395472,green,data
2026-10-06T15:25:25,land_use_revenue,2024-12-31,217245.0,insufficient,data
2026-10-06T15:25:25,public_investment,2026-06-30,81430.19253,yellow,data
2026-10-06T15:25:25,public_investment_ytd_yoy,2026-06-30,13.475454350150606,green,data
2026-10-06T15:25:25,fdi_registered_ytd,2026-07-31,21045.97153151,red,data
2026-10-06T15:25:25,fdi_registered_ytd_yoy,2026-07-31,109.72732069382424,yellow,data
2026-10-06T15:25:25,pmi_vn,2026-08-31,53.3,green,data
2026-10-06T15:25:27,fed_upper,2026-10-05,4.0,red,data
2026-10-06T15:25:27,fed_lower,2026-10-05,3.75,green,data
2026-10-06T15:25:27,effr,2026-10-02,3.88,green,data
2026-10-06T15:25:27,ust_2y,2026-10-02,4.83,green,data
2026-10-06T15:25:27,ust_10y,2026-10-02,5.28,red,data
2026-10-06T15:25:27,ust_10y2y,2026-10-05,0.47,yellow,data
2026-10-06T15:25:27,usd_broad,2026-10-02,121.3848,green,data
2026-10-06T15:25:27,dxy,2026-10-06,,green,data
2026-10-06T15:25:27,brent,2026-09-29,113.96,orange,data
2026-10-06T15:25:27,brent_futures,2026-10-06,,yellow,data
2026-10-06T15:25:27,copper,2026-10-05,,red,data
2026-10-06T15:25:27,copper_lme_stock,2026-10-05,,green,data
2026-10-06T15:25:27,copper_comex,2026-10-06,,red,data
2026-10-06T15:25:27,copper_imf,2026-07-31,13542.82086956522,red,data
2026-10-06T15:25:27,hy_spread,2026-10-02,3.1,green_strong,data
2026-10-06T15:25:27,breakeven_10y,2026-10-05,2.36,yellow,data
2026-10-06T15:25:27,vix,2026-10-02,15.31,yellow,data
2026-10-06T15:25:27,us_mortgage_30y,2026-10-01,7.28,yellow,data
2026-10-06T15:25:27,gdp_yoy_published,2026-06-30,8.39,yellow,data
2026-10-06T15:25:27,gdp_yoy,2026-06-30,89.72774377855093,insufficient,data
2026-10-06T15:25:27,gdp_realestate_yoy,2026-06-30,71.97617301993135,insufficient,data
2026-10-06T15:25:27,gdp_construction_yoy,2026-06-30,107.43704178752104,insufficient,data
2026-10-06T15:25:27,export_yoy,2026-07-31,25.590081904262973,yellow,data
2026-10-06T15:25:27,cpi_yoy,2026-08-31,4.89,red,data
2026-10-06T15:25:27,cpi_avg_ytd,2026-07-31,4.393497411553593,yellow,data
2026-10-06T15:25:27,cpi_housing_yoy,2026-08-31,6.6,green,data
2026-10-06T15:25:27,fx_central,2026-08-10,25491.0,yellow,data
2026-10-06T15:25:27,fx_central_ytd,2026-08-10,1.4728713028939966,green,data
2026-10-06T15:25:27,deposit_12m_big4,2026-10-06,5.9,orange,data
2026-10-06T15:25:27,deposit_12m_all,2026-10-06,6.147368421052632,green,data
2026-10-06T15:25:27,interbank_on,2026-07-31,5.72,yellow,data
2026-10-06T15:25:27,refi_rate,2026-08-03,4.5,green,data
2026-10-06T15:25:27,govbond_10y,2026-07-31,4.464118,red,data
2026-10-06T15:25:27,real_rate,2026-08-31,1.010000000000001,yellow,data
2026-10-06T15:25:27,credit_ytd,2026-05-31,4.719252597353663,green,data
2026-10-06T15:25:27,credit_yoy,2026-05-31,16.837719328775336,green,data
2026-10-06T15:25:27,credit_construction_ytd,2026-05-31,5.860894457233434,green,data
2026-10-06T15:25:27,m2_ytd,2026-05-31,2.7283275723141154,green,data
2026-10-06T15:25:27,credit_minus_m2,2026-05-31,1.9909250250395472,green,data
2026-10-06T15:25:27,land_use_revenue,2024-12-31,217245.0,insufficient,data
2026-10-06T15:25:27,public_investment,2026-06-30,81430.19253,yellow,data
2026-10-06T15:25:27,public_investment_ytd_yoy,2026-06-30,13.475454350150606,green,data
2026-10-06T15:25:27,fdi_registered_ytd,2026-07-31,21045.97153151,red,data
2026-10-06T15:25:27,fdi_registered_ytd_yoy,2026-07-31,109.72732069382424,yellow,data
2026-10-06T15:25:27,pmi_vn,2026-08-31,53.3,green,data
2026-10-06T15:25:38,fed_upper,2026-10-05,4.0,red,data
2026-10-06T15:25:38,fed_lower,2026-10-05,3.75,green,data
2026-10-06T15:25:38,effr,2026-10-02,3.88,green,data
2026-10-06T15:25:38,ust_2y,2026-10-02,4.83,green,data
2026-10-06T15:25:38,ust_10y,2026-10-02,5.28,red,data
2026-10-06T15:25:38,ust_10y2y,2026-10-05,0.47,yellow,data
2026-10-06T15:25:38,usd_broad,2026-10-02,121.3848,green,data
2026-10-06T15:25:38,dxy,2026-10-06,,green,data
2026-10-06T15:25:38,brent,2026-09-29,113.96,orange,data
2026-10-06T15:25:38,brent_futures,2026-10-06,,yellow,data
2026-10-06T15:25:38,copper,2026-10-05,,red,data
2026-10-06T15:25:38,copper_lme_stock,2026-10-05,,green,data
2026-10-06T15:25:38,copper_comex,2026-10-06,,red,data
2026-10-06T15:25:38,copper_imf,2026-07-31,13542.82086956522,red,data
2026-10-06T15:25:38,hy_spread,2026-10-02,3.1,green_strong,data
2026-10-06T15:25:38,breakeven_10y,2026-10-05,2.36,yellow,data
2026-10-06T15:25:38,vix,2026-10-02,15.31,yellow,data
2026-10-06T15:25:38,us_mortgage_30y,2026-10-01,7.28,yellow,data
2026-10-06T15:25:38,gdp_yoy_published,2026-06-30,8.39,yellow,data
2026-10-06T15:25:38,gdp_yoy,2026-06-30,89.72774377855093,insufficient,data
2026-10-06T15:25:38,gdp_realestate_yoy,2026-06-30,71.97617301993135,insufficient,data
2026-10-06T15:25:38,gdp_construction_yoy,2026-06-30,107.43704178752104,insufficient,data
2026-10-06T15:25:38,export_yoy,2026-07-31,25.590081904262973,yellow,data
2026-10-06T15:25:38,cpi_yoy,2026-08-31,4.89,red,data
2026-10-06T15:25:38,cpi_avg_ytd,2026-07-31,4.393497411553593,yellow,data
2026-10-06T15:25:38,cpi_housing_yoy,2026-08-31,6.6,green,data
2026-10-06T15:25:38,fx_central,2026-08-10,25491.0,yellow,data
2026-10-06T15:25:38,fx_central_ytd,2026-08-10,1.4728713028939966,green,data
2026-10-06T15:25:38,deposit_12m_big4,2026-10-06,5.9,orange,data
2026-10-06T15:25:38,deposit_12m_all,2026-10-06,6.147368421052632,green,data
2026-10-06T15:25:38,interbank_on,2026-07-31,5.72,yellow,data
2026-10-06T15:25:38,refi_rate,2026-08-03,4.5,green,data
2026-10-06T15:25:38,govbond_10y,2026-07-31,4.464118,red,data
2026-10-06T15:25:38,real_rate,2026-08-31,1.010000000000001,yellow,data
2026-10-06T15:25:38,credit_ytd,2026-05-31,4.719252597353663,green,data
2026-10-06T15:25:38,credit_yoy,2026-05-31,16.837719328775336,green,data
2026-10-06T15:25:38,credit_construction_ytd,2026-05-31,5.860894457233434,green,data
2026-10-06T15:25:38,m2_ytd,2026-05-31,2.7283275723141154,green,data
2026-10-06T15:25:38,credit_minus_m2,2026-05-31,1.9909250250395472,green,data
2026-10-06T15:25:38,land_use_revenue,2024-12-31,217245.0,insufficient,data
2026-10-06T15:25:38,public_investment,2026-06-30,81430.19253,yellow,data
2026-10-06T15:25:38,public_investment_ytd_yoy,2026-06-30,13.475454350150606,green,data
2026-10-06T15:25:38,fdi_registered_ytd,2026-07-31,21045.97153151,red,data
2026-10-06T15:25:38,fdi_registered_ytd_yoy,2026-07-31,109.72732069382424,yellow,data
2026-10-06T15:25:38,pmi_vn,2026-08-31,53.3,green,data
2026-10-06T15:25:42,fed_upper,2026-10-05,4.0,red,data
2026-10-06T15:25:42,fed_lower,2026-10-05,3.75,green,data
2026-10-06T15:25:42,effr,2026-10-02,3.88,green,data
2026-10-06T15:25:42,ust_2y,2026-10-02,4.83,green,data
2026-10-06T15:25:42,ust_10y,2026-10-02,5.28,red,data
2026-10-06T15:25:42,ust_10y2y,2026-10-05,0.47,yellow,data
2026-10-06T15:25:42,usd_broad,2026-10-02,121.3848,green,data
2026-10-06T15:25:42,dxy,2026-10-06,,green,data
2026-10-06T15:25:42,brent,2026-09-29,113.96,orange,data
2026-10-06T15:25:42,brent_futures,2026-10-06,,yellow,data
2026-10-06T15:25:42,copper,2026-10-05,,red,data
2026-10-06T15:25:42,copper_lme_stock,2026-10-05,,green,data
2026-10-06T15:25:42,copper_comex,2026-10-06,,red,data
2026-10-06T15:25:42,copper_imf,2026-07-31,13542.82086956522,red,data
2026-10-06T15:25:42,hy_spread,2026-10-02,3.1,green_strong,data
2026-10-06T15:25:42,breakeven_10y,2026-10-05,2.36,yellow,data
2026-10-06T15:25:42,vix,2026-10-02,15.31,yellow,data
2026-10-06T15:25:42,us_mortgage_30y,2026-10-01,7.28,yellow,data
2026-10-06T15:25:42,gdp_yoy_published,2026-06-30,8.39,yellow,data
2026-10-06T15:25:42,gdp_yoy,2026-06-30,89.72774377855093,insufficient,data
2026-10-06T15:25:42,gdp_realestate_yoy,2026-06-30,71.97617301993135,insufficient,data
2026-10-06T15:25:42,gdp_construction_yoy,2026-06-30,107.43704178752104,insufficient,data
2026-10-06T15:25:42,export_yoy,2026-07-31,25.590081904262973,yellow,data
2026-10-06T15:25:42,cpi_yoy,2026-08-31,4.89,red,data
2026-10-06T15:25:42,cpi_avg_ytd,2026-07-31,4.393497411553593,yellow,data
2026-10-06T15:25:42,cpi_housing_yoy,2026-08-31,6.6,green,data
2026-10-06T15:25:42,fx_central,2026-08-10,25491.0,yellow,data
2026-10-06T15:25:42,fx_central_ytd,2026-08-10,1.4728713028939966,green,data
2026-10-06T15:25:42,deposit_12m_big4,2026-10-06,5.9,orange,data
2026-10-06T15:25:42,deposit_12m_all,2026-10-06,6.147368421052632,green,data
2026-10-06T15:25:42,interbank_on,2026-07-31,5.72,yellow,data
2026-10-06T15:25:42,refi_rate,2026-08-03,4.5,green,data
2026-10-06T15:25:42,govbond_10y,2026-07-31,4.464118,red,data
2026-10-06T15:25:42,real_rate,2026-08-31,1.010000000000001,yellow,data
2026-10-06T15:25:42,credit_ytd,2026-05-31,4.719252597353663,green,data
2026-10-06T15:25:42,credit_yoy,2026-05-31,16.837719328775336,green,data
2026-10-06T15:25:42,credit_construction_ytd,2026-05-31,5.860894457233434,green,data
2026-10-06T15:25:42,m2_ytd,2026-05-31,2.7283275723141154,green,data
2026-10-06T15:25:42,credit_minus_m2,2026-05-31,1.9909250250395472,green,data
2026-10-06T15:25:42,land_use_revenue,2024-12-31,217245.0,insufficient,data
2026-10-06T15:25:42,public_investment,2026-06-30,81430.19253,yellow,data
2026-10-06T15:25:42,public_investment_ytd_yoy,2026-06-30,13.475454350150606,green,data
2026-10-06T15:25:42,fdi_registered_ytd,2026-07-31,21045.97153151,red,data
2026-10-06T15:25:42,fdi_registered_ytd_yoy,2026-07-31,109.72732069382424,yellow,data
2026-10-06T15:25:42,pmi_vn,2026-08-31,53.3,green,data
2026-10-06T15:25:47,fed_upper,2026-10-05,4.0,red,data
2026-10-06T15:25:47,fed_lower,2026-10-05,3.75,green,data
2026-10-06T15:25:47,effr,2026-10-02,3.88,green,data
2026-10-06T15:25:47,ust_2y,2026-10-02,4.83,green,data
2026-10-06T15:25:47,ust_10y,2026-10-02,5.28,red,data
2026-10-06T15:25:47,ust_10y2y,2026-10-05,0.47,yellow,data
2026-10-06T15:25:47,usd_broad,2026-10-02,121.3848,green,data
2026-10-06T15:25:47,dxy,2026-10-06,,green,data
2026-10-06T15:25:47,brent,2026-09-29,113.96,orange,data
2026-10-06T15:25:47,brent_futures,2026-10-06,,yellow,data
2026-10-06T15:25:47,copper,2026-10-05,,red,data
2026-10-06T15:25:47,copper_lme_stock,2026-10-05,,green,data
2026-10-06T15:25:47,copper_comex,2026-10-06,,red,data
2026-10-06T15:25:47,copper_imf,2026-07-31,13542.82086956522,red,data
2026-10-06T15:25:47,hy_spread,2026-10-02,3.1,green_strong,data
2026-10-06T15:25:47,breakeven_10y,2026-10-05,2.36,yellow,data
2026-10-06T15:25:47,vix,2026-10-02,15.31,yellow,data
2026-10-06T15:25:47,us_mortgage_30y,2026-10-01,7.28,yellow,data
2026-10-06T15:25:47,gdp_yoy_published,2026-06-30,8.39,yellow,data
2026-10-06T15:25:47,gdp_yoy,2026-06-30,89.72774377855093,insufficient,data
2026-10-06T15:25:47,gdp_realestate_yoy,2026-06-30,71.97617301993135,insufficient,data
2026-10-06T15:25:47,gdp_construction_yoy,2026-06-30,107.43704178752104,insufficient,data
2026-10-06T15:25:47,export_yoy,2026-07-31,25.590081904262973,yellow,data
2026-10-06T15:25:47,cpi_yoy,2026-08-31,4.89,red,data
2026-10-06T15:25:47,cpi_avg_ytd,2026-07-31,4.393497411553593,yellow,data
2026-10-06T15:25:47,cpi_housing_yoy,2026-08-31,6.6,green,data
2026-10-06T15:25:47,fx_central,2026-08-10,25491.0,yellow,data
2026-10-06T15:25:47,fx_central_ytd,2026-08-10,1.4728713028939966,green,data
2026-10-06T15:25:47,deposit_12m_big4,2026-10-06,5.9,orange,data
2026-10-06T15:25:47,deposit_12m_all,2026-10-06,6.147368421052632,green,data
2026-10-06T15:25:47,interbank_on,2026-07-31,5.72,yellow,data
2026-10-06T15:25:47,refi_rate,2026-08-03,4.5,green,data
2026-10-06T15:25:47,govbond_10y,2026-07-31,4.464118,red,data
2026-10-06T15:25:47,real_rate,2026-08-31,1.010000000000001,yellow,data
2026-10-06T15:25:47,credit_ytd,2026-05-31,4.719252597353663,green,data
2026-10-06T15:25:47,credit_yoy,2026-05-31,16.837719328775336,green,data
2026-10-06T15:25:47,credit_construction_ytd,2026-05-31,5.860894457233434,green,data
2026-10-06T15:25:47,m2_ytd,2026-05-31,2.7283275723141154,green,data
2026-10-06T15:25:47,credit_minus_m2,2026-05-31,1.9909250250395472,green,data
2026-10-06T15:25:47,land_use_revenue,2024-12-31,217245.0,insufficient,data
2026-10-06T15:25:47,public_investment,2026-06-30,81430.19253,yellow,data
2026-10-06T15:25:47,public_investment_ytd_yoy,2026-06-30,13.475454350150606,green,data
2026-10-06T15:25:47,fdi_registered_ytd,2026-07-31,21045.97153151,red,data
2026-10-06T15:25:47,fdi_registered_ytd_yoy,2026-07-31,109.72732069382424,yellow,data
2026-10-06T15:25:47,pmi_vn,2026-08-31,53.3,green,data
2026-10-06T15:25:53,fed_upper,2026-10-05,4.0,red,data
2026-10-06T15:25:53,fed_lower,2026-10-05,3.75,green,data
2026-10-06T15:25:53,effr,2026-10-02,3.88,green,data
2026-10-06T15:25:53,ust_2y,2026-10-02,4.83,green,data
2026-10-06T15:25:53,ust_10y,2026-10-02,5.28,red,data
2026-10-06T15:25:53,ust_10y2y,2026-10-05,0.47,yellow,data
2026-10-06T15:25:53,usd_broad,2026-10-02,121.3848,green,data
2026-10-06T15:25:53,dxy,2026-10-06,,green,data
2026-10-06T15:25:53,brent,2026-09-29,113.96,orange,data
2026-10-06T15:25:53,brent_futures,2026-10-06,,yellow,data
2026-10-06T15:25:53,copper,2026-10-05,,red,data
2026-10-06T15:25:53,copper_lme_stock,2026-10-05,,green,data
2026-10-06T15:25:53,copper_comex,2026-10-06,,red,data
2026-10-06T15:25:53,copper_imf,2026-07-31,13542.82086956522,red,data
2026-10-06T15:25:53,hy_spread,2026-10-02,3.1,green_strong,data
2026-10-06T15:25:53,breakeven_10y,2026-10-05,2.36,yellow,data
2026-10-06T15:25:53,vix,2026-10-02,15.31,yellow,data
2026-10-06T15:25:53,us_mortgage_30y,2026-10-01,7.28,yellow,data
2026-10-06T15:25:53,gdp_yoy_published,2026-06-30,8.39,yellow,data
2026-10-06T15:25:53,gdp_yoy,2026-06-30,89.72774377855093,insufficient,data
2026-10-06T15:25:53,gdp_realestate_yoy,2026-06-30,71.97617301993135,insufficient,data
2026-10-06T15:25:53,gdp_construction_yoy,2026-06-30,107.43704178752104,insufficient,data
2026-10-06T15:25:53,export_yoy,2026-07-31,25.590081904262973,yellow,data
2026-10-06T15:25:53,cpi_yoy,2026-08-31,4.89,red,data
2026-10-06T15:25:53,cpi_avg_ytd,2026-07-31,4.393497411553593,yellow,data
2026-10-06T15:25:53,cpi_housing_yoy,2026-08-31,6.6,green,data
2026-10-06T15:25:53,fx_central,2026-08-10,25491.0,yellow,data
2026-10-06T15:25:53,fx_central_ytd,2026-08-10,1.4728713028939966,green,data
2026-10-06T15:25:53,deposit_12m_big4,2026-10-06,5.9,orange,data
2026-10-06T15:25:53,deposit_12m_all,2026-10-06,6.147368421052632,green,data
2026-10-06T15:25:53,interbank_on,2026-07-31,5.72,yellow,data
2026-10-06T15:25:53,refi_rate,2026-08-03,4.5,green,data
2026-10-06T15:25:53,govbond_10y,2026-07-31,4.464118,red,data
2026-10-06T15:25:53,real_rate,2026-08-31,1.010000000000001,yellow,data
2026-10-06T15:25:53,credit_ytd,2026-05-31,4.719252597353663,green,data
2026-10-06T15:25:53,credit_yoy,2026-05-31,16.837719328775336,green,data
2026-10-06T15:25:53,credit_construction_ytd,2026-05-31,5.860894457233434,green,data
2026-10-06T15:25:53,m2_ytd,2026-05-31,2.7283275723141154,green,data
2026-10-06T15:25:53,credit_minus_m2,2026-05-31,1.9909250250395472,green,data
2026-10-06T15:25:53,land_use_revenue,2024-12-31,217245.0,insufficient,data
2026-10-06T15:25:53,public_investment,2026-06-30,81430.19253,yellow,data
2026-10-06T15:25:53,public_investment_ytd_yoy,2026-06-30,13.475454350150606,green,data
2026-10-06T15:25:53,fdi_registered_ytd,2026-07-31,21045.97153151,red,data
2026-10-06T15:25:53,fdi_registered_ytd_yoy,2026-07-31,109.72732069382424,yellow,data
2026-10-06T15:25:53,pmi_vn,2026-08-31,53.3,green,data
2026-10-06T15:25:58,fed_upper,2026-10-05,4.0,red,data
2026-10-06T15:25:58,fed_lower,2026-10-05,3.75,green,data
2026-10-06T15:25:58,effr,2026-10-02,3.88,green,data
2026-10-06T15:25:58,ust_2y,2026-10-02,4.83,green,data
2026-10-06T15:25:58,ust_10y,2026-10-02,5.28,red,data
2026-10-06T15:25:58,ust_10y2y,2026-10-05,0.47,yellow,data
2026-10-06T15:25:58,usd_broad,2026-10-02,121.3848,green,data
2026-10-06T15:25:58,dxy,2026-10-06,,green,data
2026-10-06T15:25:58,brent,2026-09-29,113.96,orange,data
2026-10-06T15:25:58,brent_futures,2026-10-06,,yellow,data
2026-10-06T15:25:58,copper,2026-10-05,,red,data
2026-10-06T15:25:58,copper_lme_stock,2026-10-05,,green,data
2026-10-06T15:25:58,copper_comex,2026-10-06,,red,data
2026-10-06T15:25:58,copper_imf,2026-07-31,13542.82086956522,red,data
2026-10-06T15:25:58,hy_spread,2026-10-02,3.1,green_strong,data
2026-10-06T15:25:58,breakeven_10y,2026-10-05,2.36,yellow,data
2026-10-06T15:25:58,vix,2026-10-02,15.31,yellow,data
2026-10-06T15:25:58,us_mortgage_30y,2026-10-01,7.28,yellow,data
2026-10-06T15:25:58,gdp_yoy_published,2026-06-30,8.39,yellow,data
2026-10-06T15:25:58,gdp_yoy,2026-06-30,89.72774377855093,insufficient,data
2026-10-06T15:25:58,gdp_realestate_yoy,2026-06-30,71.97617301993135,insufficient,data
2026-10-06T15:25:58,gdp_construction_yoy,2026-06-30,107.43704178752104,insufficient,data
2026-10-06T15:25:58,export_yoy,2026-07-31,25.590081904262973,yellow,data
2026-10-06T15:25:58,cpi_yoy,2026-08-31,4.89,red,data
2026-10-06T15:25:58,cpi_avg_ytd,2026-07-31,4.393497411553593,yellow,data
2026-10-06T15:25:58,cpi_housing_yoy,2026-08-31,6.6,green,data
2026-10-06T15:25:58,fx_central,2026-08-10,25491.0,yellow,data
2026-10-06T15:25:58,fx_central_ytd,2026-08-10,1.4728713028939966,green,data
2026-10-06T15:25:58,deposit_12m_big4,2026-10-06,5.9,orange,data
2026-10-06T15:25:58,deposit_12m_all,2026-10-06,6.147368421052632,green,data
2026-10-06T15:25:58,interbank_on,2026-07-31,5.72,yellow,data
2026-10-06T15:25:58,refi_rate,2026-08-03,4.5,green,data
2026-10-06T15:25:58,govbond_10y,2026-07-31,4.464118,red,data
2026-10-06T15:25:58,real_rate,2026-08-31,1.010000000000001,yellow,data
2026-10-06T15:25:58,credit_ytd,2026-05-31,4.719252597353663,green,data
2026-10-06T15:25:58,credit_yoy,2026-05-31,16.837719328775336,green,data
2026-10-06T15:25:58,credit_construction_ytd,2026-05-31,5.860894457233434,green,data
2026-10-06T15:25:58,m2_ytd,2026-05-31,2.7283275723141154,green,data
2026-10-06T15:25:58,credit_minus_m2,2026-05-31,1.9909250250395472,green,data
2026-10-06T15:25:58,land_use_revenue,2024-12-31,217245.0,insufficient,data
2026-10-06T15:25:58,public_investment,2026-06-30,81430.19253,yellow,data
2026-10-06T15:25:58,public_investment_ytd_yoy,2026-06-30,13.475454350150606,green,data
2026-10-06T15:25:58,fdi_registered_ytd,2026-07-31,21045.97153151,red,data
2026-10-06T15:25:58,fdi_registered_ytd_yoy,2026-07-31,109.72732069382424,yellow,data
2026-10-06T15:25:58,pmi_vn,2026-08-31,53.3,green,data
2026-10-06T15:26:03,fed_upper,2026-10-05,4.0,red,data
2026-10-06T15:26:03,fed_lower,2026-10-05,3.75,green,data
2026-10-06T15:26:03,effr,2026-10-02,3.88,green,data
2026-10-06T15:26:03,ust_2y,2026-10-02,4.83,green,data
2026-10-06T15:26:03,ust_10y,2026-10-02,5.28,red,data
2026-10-06T15:26:03,ust_10y2y,2026-10-05,0.47,yellow,data
2026-10-06T15:26:03,usd_broad,2026-10-02,121.3848,green,data
2026-10-06T15:26:03,dxy,2026-10-06,,green,data
2026-10-06T15:26:03,brent,2026-09-29,113.96,orange,data
2026-10-06T15:26:03,brent_futures,2026-10-06,,yellow,data
2026-10-06T15:26:03,copper,2026-10-05,,red,data
2026-10-06T15:26:03,copper_lme_stock,2026-10-05,,green,data
2026-10-06T15:26:03,copper_comex,2026-10-06,,red,data
2026-10-06T15:26:03,copper_imf,2026-07-31,13542.82086956522,red,data
2026-10-06T15:26:03,hy_spread,2026-10-02,3.1,green_strong,data
2026-10-06T15:26:03,breakeven_10y,2026-10-05,2.36,yellow,data
2026-10-06T15:26:03,vix,2026-10-02,15.31,yellow,data
2026-10-06T15:26:03,us_mortgage_30y,2026-10-01,7.28,yellow,data
2026-10-06T15:26:03,gdp_yoy_published,2026-06-30,8.39,yellow,data
2026-10-06T15:26:03,gdp_yoy,2026-06-30,89.72774377855093,insufficient,data
2026-10-06T15:26:03,gdp_realestate_yoy,2026-06-30,71.97617301993135,insufficient,data
2026-10-06T15:26:03,gdp_construction_yoy,2026-06-30,107.43704178752104,insufficient,data
2026-10-06T15:26:03,export_yoy,2026-07-31,25.590081904262973,yellow,data
2026-10-06T15:26:03,cpi_yoy,2026-08-31,4.89,red,data
2026-10-06T15:26:03,cpi_avg_ytd,2026-07-31,4.393497411553593,yellow,data
2026-10-06T15:26:03,cpi_housing_yoy,2026-08-31,6.6,green,data
2026-10-06T15:26:03,fx_central,2026-08-10,25491.0,yellow,data
2026-10-06T15:26:03,fx_central_ytd,2026-08-10,1.4728713028939966,green,data
2026-10-06T15:26:03,deposit_12m_big4,2026-10-06,5.9,orange,data
2026-10-06T15:26:03,deposit_12m_all,2026-10-06,6.147368421052632,green,data
2026-10-06T15:26:03,interbank_on,2026-07-31,5.72,yellow,data
2026-10-06T15:26:03,refi_rate,2026-08-03,4.5,green,data
2026-10-06T15:26:03,govbond_10y,2026-07-31,4.464118,red,data
2026-10-06T15:26:03,real_rate,2026-08-31,1.010000000000001,yellow,data
2026-10-06T15:26:03,credit_ytd,2026-05-31,4.719252597353663,green,data
2026-10-06T15:26:03,credit_yoy,2026-05-31,16.837719328775336,green,data
2026-10-06T15:26:03,credit_construction_ytd,2026-05-31,5.860894457233434,green,data
2026-10-06T15:26:03,m2_ytd,2026-05-31,2.7283275723141154,green,data
2026-10-06T15:26:03,credit_minus_m2,2026-05-31,1.9909250250395472,green,data
2026-10-06T15:26:03,land_use_revenue,2024-12-31,217245.0,insufficient,data
2026-10-06T15:26:03,public_investment,2026-06-30,81430.19253,yellow,data
2026-10-06T15:26:03,public_investment_ytd_yoy,2026-06-30,13.475454350150606,green,data
2026-10-06T15:26:03,fdi_registered_ytd,2026-07-31,21045.97153151,red,data
2026-10-06T15:26:03,fdi_registered_ytd_yoy,2026-07-31,109.72732069382424,yellow,data
2026-10-06T15:26:03,pmi_vn,2026-08-31,53.3,green,data
2026-10-06T15:26:08,fed_upper,2026-10-05,4.0,red,data
2026-10-06T15:26:08,fed_lower,2026-10-05,3.75,green,data
2026-10-06T15:26:08,effr,2026-10-02,3.88,green,data
2026-10-06T15:26:08,ust_2y,2026-10-02,4.83,green,data
2026-10-06T15:26:08,ust_10y,2026-10-02,5.28,red,data
2026-10-06T15:26:08,ust_10y2y,2026-10-05,0.47,yellow,data
2026-10-06T15:26:08,usd_broad,2026-10-02,121.3848,green,data
2026-10-06T15:26:08,dxy,2026-10-06,,green,data
2026-10-06T15:26:08,brent,2026-09-29,113.96,orange,data
2026-10-06T15:26:08,brent_futures,2026-10-06,,yellow,data
2026-10-06T15:26:08,copper,2026-10-05,,red,data
2026-10-06T15:26:08,copper_lme_stock,2026-10-05,,green,data
2026-10-06T15:26:08,copper_comex,2026-10-06,,red,data
2026-10-06T15:26:08,copper_imf,2026-07-31,13542.82086956522,red,data
2026-10-06T15:26:08,hy_spread,2026-10-02,3.1,green_strong,data
2026-10-06T15:26:08,breakeven_10y,2026-10-05,2.36,yellow,data
2026-10-06T15:26:08,vix,2026-10-02,15.31,yellow,data
2026-10-06T15:26:08,us_mortgage_30y,2026-10-01,7.28,yellow,data
2026-10-06T15:26:08,gdp_yoy_published,2026-06-30,8.39,yellow,data
2026-10-06T15:26:08,gdp_yoy,2026-06-30,89.72774377855093,insufficient,data
2026-10-06T15:26:08,gdp_realestate_yoy,2026-06-30,71.97617301993135,insufficient,data
2026-10-06T15:26:08,gdp_construction_yoy,2026-06-30,107.43704178752104,insufficient,data
2026-10-06T15:26:08,export_yoy,2026-07-31,25.590081904262973,yellow,data
2026-10-06T15:26:08,cpi_yoy,2026-08-31,4.89,red,data
2026-10-06T15:26:08,cpi_avg_ytd,2026-07-31,4.393497411553593,yellow,data
2026-10-06T15:26:08,cpi_housing_yoy,2026-08-31,6.6,green,data
2026-10-06T15:26:08,fx_central,2026-08-10,25491.0,yellow,data
2026-10-06T15:26:08,fx_central_ytd,2026-08-10,1.4728713028939966,green,data
2026-10-06T15:26:08,deposit_12m_big4,2026-10-06,5.9,orange,data
2026-10-06T15:26:08,deposit_12m_all,2026-10-06,6.147368421052632,green,data
2026-10-06T15:26:08,interbank_on,2026-07-31,5.72,yellow,data
2026-10-06T15:26:08,refi_rate,2026-08-03,4.5,green,data
2026-10-06T15:26:08,govbond_10y,2026-07-31,4.464118,red,data
2026-10-06T15:26:08,real_rate,2026-08-31,1.010000000000001,yellow,data
2026-10-06T15:26:08,credit_ytd,2026-05-31,4.719252597353663,green,data
2026-10-06T15:26:08,credit_yoy,2026-05-31,16.837719328775336,green,data
2026-10-06T15:26:08,credit_construction_ytd,2026-05-31,5.860894457233434,green,data
2026-10-06T15:26:08,m2_ytd,2026-05-31,2.7283275723141154,green,data
2026-10-06T15:26:08,credit_minus_m2,2026-05-31,1.9909250250395472,green,data
2026-10-06T15:26:08,land_use_revenue,2024-12-31,217245.0,insufficient,data
2026-10-06T15:26:08,public_investment,2026-06-30,81430.19253,yellow,data
2026-10-06T15:26:08,public_investment_ytd_yoy,2026-06-30,13.475454350150606,green,data
2026-10-06T15:26:08,fdi_registered_ytd,2026-07-31,21045.97153151,red,data
2026-10-06T15:26:08,fdi_registered_ytd_yoy,2026-07-31,109.72732069382424,yellow,data
2026-10-06T15:26:08,pmi_vn,2026-08-31,53.3,green,data
2026-10-06T15:26:13,fed_upper,2026-10-05,4.0,red,data
2026-10-06T15:26:13,fed_lower,2026-10-05,3.75,green,data
2026-10-06T15:26:13,effr,2026-10-02,3.88,green,data
2026-10-06T15:26:13,ust_2y,2026-10-02,4.83,green,data
2026-10-06T15:26:13,ust_10y,2026-10-02,5.28,red,data
2026-10-06T15:26:13,ust_10y2y,2026-10-05,0.47,yellow,data
2026-10-06T15:26:13,usd_broad,2026-10-02,121.3848,green,data
2026-10-06T15:26:13,dxy,2026-10-06,,green,data
2026-10-06T15:26:13,brent,2026-09-29,113.96,orange,data
2026-10-06T15:26:13,brent_futures,2026-10-06,,yellow,data
2026-10-06T15:26:13,copper,2026-10-05,,red,data
2026-10-06T15:26:13,copper_lme_stock,2026-10-05,,green,data
2026-10-06T15:26:13,copper_comex,2026-10-06,,red,data
2026-10-06T15:26:13,copper_imf,2026-07-31,13542.82086956522,red,data
2026-10-06T15:26:13,hy_spread,2026-10-02,3.1,green_strong,data
2026-10-06T15:26:13,breakeven_10y,2026-10-05,2.36,yellow,data
2026-10-06T15:26:13,vix,2026-10-02,15.31,yellow,data
2026-10-06T15:26:13,us_mortgage_30y,2026-10-01,7.28,yellow,data
2026-10-06T15:26:13,gdp_yoy_published,2026-06-30,8.39,yellow,data
2026-10-06T15:26:13,gdp_yoy,2026-06-30,89.72774377855093,insufficient,data
2026-10-06T15:26:13,gdp_realestate_yoy,2026-06-30,71.97617301993135,insufficient,data
2026-10-06T15:26:13,gdp_construction_yoy,2026-06-30,107.43704178752104,insufficient,data
2026-10-06T15:26:13,export_yoy,2026-07-31,25.590081904262973,yellow,data
2026-10-06T15:26:13,cpi_yoy,2026-08-31,4.89,red,data
2026-10-06T15:26:13,cpi_avg_ytd,2026-07-31,4.393497411553593,yellow,data
2026-10-06T15:26:13,cpi_housing_yoy,2026-08-31,6.6,green,data
2026-10-06T15:26:13,fx_central,2026-08-10,25491.0,yellow,data
2026-10-06T15:26:13,fx_central_ytd,2026-08-10,1.4728713028939966,green,data
2026-10-06T15:26:13,deposit_12m_big4,2026-10-06,5.9,orange,data
2026-10-06T15:26:13,deposit_12m_all,2026-10-06,6.147368421052632,green,data
2026-10-06T15:26:13,interbank_on,2026-07-31,5.72,yellow,data
2026-10-06T15:26:13,refi_rate,2026-08-03,4.5,green,data
2026-10-06T15:26:13,govbond_10y,2026-07-31,4.464118,red,data
2026-10-06T15:26:13,real_rate,2026-08-31,1.010000000000001,yellow,data
2026-10-06T15:26:13,credit_ytd,2026-05-31,4.719252597353663,green,data
2026-10-06T15:26:13,credit_yoy,2026-05-31,16.837719328775336,green,data
2026-10-06T15:26:13,credit_construction_ytd,2026-05-31,5.860894457233434,green,data
2026-10-06T15:26:13,m2_ytd,2026-05-31,2.7283275723141154,green,data
2026-10-06T15:26:13,credit_minus_m2,2026-05-31,1.9909250250395472,green,data
2026-10-06T15:26:13,land_use_revenue,2024-12-31,217245.0,insufficient,data
2026-10-06T15:26:13,public_investment,2026-06-30,81430.19253,yellow,data
2026-10-06T15:26:13,public_investment_ytd_yoy,2026-06-30,13.475454350150606,green,data
2026-10-06T15:26:13,fdi_registered_ytd,2026-07-31,21045.97153151,red,data
2026-10-06T15:26:13,fdi_registered_ytd_yoy,2026-07-31,109.72732069382424,yellow,data
2026-10-06T15:26:13,pmi_vn,2026-08-31,53.3,green,data
2026-10-06T15:26:15,fed_upper,2026-10-05,4.0,green_strong,threshold
2026-10-06T15:26:15,fed_lower,2026-10-05,3.75,green,data
2026-10-06T15:26:15,effr,2026-10-02,3.88,green,data
2026-10-06T15:26:15,ust_2y,2026-10-02,4.83,green,data
2026-10-06T15:26:15,ust_10y,2026-10-02,5.28,red,data
2026-10-06T15:26:15,ust_10y2y,2026-10-05,0.47,yellow,data
2026-10-06T15:26:15,usd_broad,2026-10-02,121.3848,green,data
2026-10-06T15:26:15,dxy,2026-10-06,,green,data
2026-10-06T15:26:15,brent,2026-09-29,113.96,orange,data
2026-10-06T15:26:15,brent_futures,2026-10-06,,yellow,data
2026-10-06T15:26:15,copper,2026-10-05,,red,data
2026-10-06T15:26:15,copper_lme_stock,2026-10-05,,green,data
2026-10-06T15:26:15,copper_comex,2026-10-06,,red,data
2026-10-06T15:26:15,copper_imf,2026-07-31,13542.82086956522,red,data
2026-10-06T15:26:15,hy_spread,2026-10-02,3.1,green_strong,data
2026-10-06T15:26:15,breakeven_10y,2026-10-05,2.36,yellow,data
2026-10-06T15:26:15,vix,2026-10-02,15.31,yellow,data
2026-10-06T15:26:15,us_mortgage_30y,2026-10-01,7.28,yellow,data
2026-10-06T15:26:15,gdp_yoy_published,2026-06-30,8.39,yellow,data
2026-10-06T15:26:15,gdp_yoy,2026-06-30,89.72774377855093,insufficient,data
2026-10-06T15:26:15,gdp_realestate_yoy,2026-06-30,71.97617301993135,insufficient,data
2026-10-06T15:26:15,gdp_construction_yoy,2026-06-30,107.43704178752104,insufficient,data
2026-10-06T15:26:15,export_yoy,2026-07-31,25.590081904262973,yellow,data
2026-10-06T15:26:15,cpi_yoy,2026-08-31,4.89,red,data
2026-10-06T15:26:15,cpi_avg_ytd,2026-07-31,4.393497411553593,yellow,data
2026-10-06T15:26:15,cpi_housing_yoy,2026-08-31,6.6,green,data
2026-10-06T15:26:15,fx_central,2026-08-10,25491.0,yellow,data
2026-10-06T15:26:15,fx_central_ytd,2026-08-10,1.4728713028939966,green,data
2026-10-06T15:26:15,deposit_12m_big4,2026-10-06,5.9,orange,data
2026-10-06T15:26:15,deposit_12m_all,2026-10-06,6.147368421052632,green,data
2026-10-06T15:26:15,interbank_on,2026-07-31,5.72,yellow,data
2026-10-06T15:26:15,refi_rate,2026-08-03,4.5,green,data
2026-10-06T15:26:15,govbond_10y,2026-07-31,4.464118,red,data
2026-10-06T15:26:15,real_rate,2026-08-31,1.010000000000001,yellow,data
2026-10-06T15:26:15,credit_ytd,2026-05-31,4.719252597353663,green,data
2026-10-06T15:26:15,credit_yoy,2026-05-31,16.837719328775336,green,data
2026-10-06T15:26:15,credit_construction_ytd,2026-05-31,5.860894457233434,green,data
2026-10-06T15:26:15,m2_ytd,2026-05-31,2.7283275723141154,green,data
2026-10-06T15:26:15,credit_minus_m2,2026-05-31,1.9909250250395472,green,data
2026-10-06T15:26:15,land_use_revenue,2024-12-31,217245.0,insufficient,data
2026-10-06T15:26:15,public_investment,2026-06-30,81430.19253,yellow,data
2026-10-06T15:26:15,public_investment_ytd_yoy,2026-06-30,13.475454350150606,green,data
2026-10-06T15:26:15,fdi_registered_ytd,2026-07-31,21045.97153151,red,data
2026-10-06T15:26:15,fdi_registered_ytd_yoy,2026-07-31,109.72732069382424,yellow,data
2026-10-06T15:26:15,pmi_vn,2026-08-31,53.3,green,data
2026-10-06T15:26:23,fed_upper,2026-10-05,4.0,green_strong,data
2026-10-06T15:26:23,fed_lower,2026-10-05,3.75,green,data
2026-10-06T15:26:23,effr,2026-10-02,3.88,green,data
2026-10-06T15:26:23,ust_2y,2026-10-02,4.83,green,data
2026-10-06T15:26:23,ust_10y,2026-10-02,5.28,red,data
2026-10-06T15:26:23,ust_10y2y,2026-10-05,0.47,yellow,data
2026-10-06T15:26:23,usd_broad,2026-10-02,121.3848,green,data
2026-10-06T15:26:23,dxy,2026-10-06,,green,data
2026-10-06T15:26:23,brent,2026-09-29,113.96,orange,data
2026-10-06T15:26:23,brent_futures,2026-10-06,,yellow,data
2026-10-06T15:26:23,copper,2026-10-05,,red,data
2026-10-06T15:26:23,copper_lme_stock,2026-10-05,,green,data
2026-10-06T15:26:23,copper_comex,2026-10-06,,red,data
2026-10-06T15:26:23,copper_imf,2026-07-31,13542.82086956522,red,data
2026-10-06T15:26:23,hy_spread,2026-10-02,3.1,green_strong,data
2026-10-06T15:26:23,breakeven_10y,2026-10-05,2.36,yellow,data
2026-10-06T15:26:23,vix,2026-10-02,15.31,yellow,data
2026-10-06T15:26:23,us_mortgage_30y,2026-10-01,7.28,yellow,data
2026-10-06T15:26:23,gdp_yoy_published,2026-06-30,8.39,yellow,data
2026-10-06T15:26:23,gdp_yoy,2026-06-30,89.72774377855093,insufficient,data
2026-10-06T15:26:23,gdp_realestate_yoy,2026-06-30,71.97617301993135,insufficient,data
2026-10-06T15:26:23,gdp_construction_yoy,2026-06-30,107.43704178752104,insufficient,data
2026-10-06T15:26:23,export_yoy,2026-07-31,25.590081904262973,yellow,data
2026-10-06T15:26:23,cpi_yoy,2026-08-31,4.89,red,data
2026-10-06T15:26:23,cpi_avg_ytd,2026-07-31,4.393497411553593,yellow,data
2026-10-06T15:26:23,cpi_housing_yoy,2026-08-31,6.6,green,data
2026-10-06T15:26:23,fx_central,2026-08-10,25491.0,yellow,data
2026-10-06T15:26:23,fx_central_ytd,2026-08-10,1.4728713028939966,green,data
2026-10-06T15:26:23,deposit_12m_big4,2026-10-06,5.9,orange,data
2026-10-06T15:26:23,deposit_12m_all,2026-10-06,6.147368421052632,green,data
2026-10-06T15:26:23,interbank_on,2026-07-31,5.72,yellow,data
2026-10-06T15:26:23,refi_rate,2026-08-03,4.5,green,data
2026-10-06T15:26:23,govbond_10y,2026-07-31,4.464118,red,data
2026-10-06T15:26:23,real_rate,2026-08-31,1.010000000000001,yellow,data
2026-10-06T15:26:23,credit_ytd,2026-05-31,4.719252597353663,green,data
2026-10-06T15:26:23,credit_yoy,2026-05-31,16.837719328775336,green,data
2026-10-06T15:26:23,credit_construction_ytd,2026-05-31,5.860894457233434,green,data
2026-10-06T15:26:23,m2_ytd,2026-05-31,2.7283275723141154,green,data
2026-10-06T15:26:23,credit_minus_m2,2026-05-31,1.9909250250395472,green,data
2026-10-06T15:26:23,land_use_revenue,2024-12-31,217245.0,insufficient,data
2026-10-06T15:26:23,public_investment,2026-06-30,81430.19253,yellow,data
2026-10-06T15:26:23,public_investment_ytd_yoy,2026-06-30,13.475454350150606,green,data
2026-10-06T15:26:23,fdi_registered_ytd,2026-07-31,21045.97153151,red,data
2026-10-06T15:26:23,fdi_registered_ytd_yoy,2026-07-31,109.72732069382424,yellow,data
2026-10-06T15:26:23,pmi_vn,2026-08-31,53.3,green,data
2026-10-06T15:26:26,fed_upper,2026-10-05,4.0,green_strong,data
2026-10-06T15:26:26,fed_lower,2026-10-05,3.75,green,data
2026-10-06T15:26:26,effr,2026-10-02,3.88,green,data
2026-10-06T15:26:26,ust_2y,2026-10-02,4.83,green,data
2026-10-06T15:26:26,ust_10y,2026-10-02,5.28,red,data
2026-10-06T15:26:26,ust_10y2y,2026-10-05,0.47,yellow,data
2026-10-06T15:26:26,usd_broad,2026-10-02,121.3848,green,data
2026-10-06T15:26:26,dxy,2026-10-06,,green,data
2026-10-06T15:26:26,brent,2026-09-29,113.96,orange,data
2026-10-06T15:26:26,brent_futures,2026-10-06,,yellow,data
2026-10-06T15:26:26,copper,2026-10-05,,red,data
2026-10-06T15:26:26,copper_lme_stock,2026-10-05,,green,data
2026-10-06T15:26:26,copper_comex,2026-10-06,,red,data
2026-10-06T15:26:26,copper_imf,2026-07-31,13542.82086956522,red,data
2026-10-06T15:26:26,hy_spread,2026-10-02,3.1,green_strong,data
2026-10-06T15:26:26,breakeven_10y,2026-10-05,2.36,yellow,data
2026-10-06T15:26:26,vix,2026-10-02,15.31,yellow,data
2026-10-06T15:26:26,us_mortgage_30y,2026-10-01,7.28,yellow,data
2026-10-06T15:26:26,gdp_yoy_published,2026-06-30,8.39,yellow,data
2026-10-06T15:26:26,gdp_yoy,2026-06-30,89.72774377855093,insufficient,data
2026-10-06T15:26:26,gdp_realestate_yoy,2026-06-30,71.97617301993135,insufficient,data
2026-10-06T15:26:26,gdp_construction_yoy,2026-06-30,107.43704178752104,insufficient,data
2026-10-06T15:26:26,export_yoy,2026-07-31,25.590081904262973,yellow,data
2026-10-06T15:26:26,cpi_yoy,2026-08-31,4.89,red,data
2026-10-06T15:26:26,cpi_avg_ytd,2026-07-31,4.393497411553593,yellow,data
2026-10-06T15:26:26,cpi_housing_yoy,2026-08-31,6.6,green,data
2026-10-06T15:26:26,fx_central,2026-08-10,25491.0,yellow,data
2026-10-06T15:26:26,fx_central_ytd,2026-08-10,1.4728713028939966,green,data
2026-10-06T15:26:26,deposit_12m_big4,2026-10-06,5.9,orange,data
2026-10-06T15:26:26,deposit_12m_all,2026-10-06,6.147368421052632,green,data
2026-10-06T15:26:26,interbank_on,2026-07-31,5.72,yellow,data
2026-10-06T15:26:26,refi_rate,2026-08-03,4.5,green,data
2026-10-06T15:26:26,govbond_10y,2026-07-31,4.464118,red,data
2026-10-06T15:26:26,real_rate,2026-08-31,1.010000000000001,yellow,data
2026-10-06T15:26:26,credit_ytd,2026-05-31,4.719252597353663,green,data
2026-10-06T15:26:26,credit_yoy,2026-05-31,16.837719328775336,green,data
2026-10-06T15:26:26,credit_construction_ytd,2026-05-31,5.860894457233434,green,data
2026-10-06T15:26:26,m2_ytd,2026-05-31,2.7283275723141154,green,data
2026-10-06T15:26:26,credit_minus_m2,2026-05-31,1.9909250250395472,green,data
2026-10-06T15:26:26,land_use_revenue,2024-12-31,217245.0,insufficient,data
2026-10-06T15:26:26,public_investment,2026-06-30,81430.19253,yellow,data
2026-10-06T15:26:26,public_investment_ytd_yoy,2026-06-30,13.475454350150606,green,data
2026-10-06T15:26:26,fdi_registered_ytd,2026-07-31,21045.97153151,red,data
2026-10-06T15:26:26,fdi_registered_ytd_yoy,2026-07-31,109.72732069382424,yellow,data
2026-10-06T15:26:26,pmi_vn,2026-08-31,53.3,green,data
2026-10-06T15:26:29,fed_upper,2026-10-05,4.0,green_strong,data
2026-10-06T15:26:29,fed_lower,2026-10-05,3.75,green,data
2026-10-06T15:26:29,effr,2026-10-02,3.88,green,data
2026-10-06T15:26:29,ust_2y,2026-10-02,4.83,green,data
2026-10-06T15:26:29,ust_10y,2026-10-02,5.28,red,data
2026-10-06T15:26:29,ust_10y2y,2026-10-05,0.47,yellow,data
2026-10-06T15:26:29,usd_broad,2026-10-02,121.3848,green,data
2026-10-06T15:26:29,dxy,2026-10-06,,green,data
2026-10-06T15:26:29,brent,2026-09-29,113.96,orange,data
2026-10-06T15:26:29,brent_futures,2026-10-06,,yellow,data
2026-10-06T15:26:29,copper,2026-10-05,,red,data
2026-10-06T15:26:29,copper_lme_stock,2026-10-05,,green,data
2026-10-06T15:26:29,copper_comex,2026-10-06,,red,data
2026-10-06T15:26:29,copper_imf,2026-07-31,13542.82086956522,red,data
2026-10-06T15:26:29,hy_spread,2026-10-02,3.1,green_strong,data
2026-10-06T15:26:29,breakeven_10y,2026-10-05,2.36,yellow,data
2026-10-06T15:26:29,vix,2026-10-02,15.31,yellow,data
2026-10-06T15:26:29,us_mortgage_30y,2026-10-01,7.28,yellow,data
2026-10-06T15:26:29,gdp_yoy_published,2026-06-30,8.39,yellow,data
2026-10-06T15:26:29,gdp_yoy,2026-06-30,89.72774377855093,insufficient,data
2026-10-06T15:26:29,gdp_realestate_yoy,2026-06-30,71.97617301993135,insufficient,data
2026-10-06T15:26:29,gdp_construction_yoy,2026-06-30,107.43704178752104,insufficient,data
2026-10-06T15:26:29,export_yoy,2026-07-31,25.590081904262973,yellow,data
2026-10-06T15:26:29,cpi_yoy,2026-08-31,4.89,red,data
2026-10-06T15:26:29,cpi_avg_ytd,2026-07-31,4.393497411553593,yellow,data
2026-10-06T15:26:29,cpi_housing_yoy,2026-08-31,6.6,green,data
2026-10-06T15:26:29,fx_central,2026-08-10,25491.0,yellow,data
2026-10-06T15:26:29,fx_central_ytd,2026-08-10,1.4728713028939966,green,data
2026-10-06T15:26:29,deposit_12m_big4,2026-10-06,5.9,orange,data
2026-10-06T15:26:29,deposit_12m_all,2026-10-06,6.147368421052632,green,data
2026-10-06T15:26:29,interbank_on,2026-07-31,5.72,yellow,data
2026-10-06T15:26:29,refi_rate,2026-08-03,4.5,green,data
2026-10-06T15:26:29,govbond_10y,2026-07-31,4.464118,red,data
2026-10-06T15:26:29,real_rate,2026-08-31,1.010000000000001,yellow,data
2026-10-06T15:26:29,credit_ytd,2026-05-31,4.719252597353663,green,data
2026-10-06T15:26:29,credit_yoy,2026-05-31,16.837719328775336,green,data
2026-10-06T15:26:29,credit_construction_ytd,2026-05-31,5.860894457233434,green,data
2026-10-06T15:26:29,m2_ytd,2026-05-31,2.7283275723141154,green,data
2026-10-06T15:26:29,credit_minus_m2,2026-05-31,1.9909250250395472,green,data
2026-10-06T15:26:29,land_use_revenue,2024-12-31,217245.0,insufficient,data
2026-10-06T15:26:29,public_investment,2026-06-30,81430.19253,yellow,data
2026-10-06T15:26:29,public_investment_ytd_yoy,2026-06-30,13.475454350150606,green,data
2026-10-06T15:26:29,fdi_registered_ytd,2026-07-31,21045.97153151,red,data
2026-10-06T15:26:29,fdi_registered_ytd_yoy,2026-07-31,109.72732069382424,yellow,data
2026-10-06T15:26:29,pmi_vn,2026-08-31,53.3,green,data
2026-10-06T15:26:32,fed_upper,2026-10-05,4.0,green_strong,data
2026-10-06T15:26:32,fed_lower,2026-10-05,3.75,green,data
2026-10-06T15:26:32,effr,2026-10-02,3.88,green,data
2026-10-06T15:26:32,ust_2y,2026-10-02,4.83,green,data
2026-10-06T15:26:32,ust_10y,2026-10-02,5.28,red,data
2026-10-06T15:26:32,ust_10y2y,2026-10-05,0.47,yellow,data
2026-10-06T15:26:32,usd_broad,2026-10-02,121.3848,green,data
2026-10-06T15:26:32,dxy,2026-10-06,,green,data
2026-10-06T15:26:32,brent,2026-09-29,113.96,orange,data
2026-10-06T15:26:32,brent_futures,2026-10-06,,yellow,data
2026-10-06T15:26:32,copper,2026-10-05,,red,data
2026-10-06T15:26:32,copper_lme_stock,2026-10-05,,green,data
2026-10-06T15:26:32,copper_comex,2026-10-06,,red,data
2026-10-06T15:26:32,copper_imf,2026-07-31,13542.82086956522,red,data
2026-10-06T15:26:32,hy_spread,2026-10-02,3.1,green_strong,data
2026-10-06T15:26:32,breakeven_10y,2026-10-05,2.36,yellow,data
2026-10-06T15:26:32,vix,2026-10-02,15.31,yellow,data
2026-10-06T15:26:32,us_mortgage_30y,2026-10-01,7.28,yellow,data
2026-10-06T15:26:32,gdp_yoy_published,2026-06-30,8.39,yellow,data
2026-10-06T15:26:32,gdp_yoy,2026-06-30,89.72774377855093,insufficient,data
2026-10-06T15:26:32,gdp_realestate_yoy,2026-06-30,71.97617301993135,insufficient,data
2026-10-06T15:26:32,gdp_construction_yoy,2026-06-30,107.43704178752104,insufficient,data
2026-10-06T15:26:32,export_yoy,2026-07-31,25.590081904262973,yellow,data
2026-10-06T15:26:32,cpi_yoy,2026-08-31,4.89,red,data
2026-10-06T15:26:32,cpi_avg_ytd,2026-07-31,4.393497411553593,yellow,data
2026-10-06T15:26:32,cpi_housing_yoy,2026-08-31,6.6,green,data
2026-10-06T15:26:32,fx_central,2026-08-10,25491.0,yellow,data
2026-10-06T15:26:32,fx_central_ytd,2026-08-10,1.4728713028939966,green,data
2026-10-06T15:26:32,deposit_12m_big4,2026-10-06,5.9,orange,data
2026-10-06T15:26:32,deposit_12m_all,2026-10-06,6.147368421052632,green,data
2026-10-06T15:26:32,interbank_on,2026-07-31,5.72,yellow,data
2026-10-06T15:26:32,refi_rate,2026-08-03,4.5,green,data
2026-10-06T15:26:32,govbond_10y,2026-07-31,4.464118,red,data
2026-10-06T15:26:32,real_rate,2026-08-31,1.010000000000001,yellow,data
2026-10-06T15:26:32,credit_ytd,2026-05-31,4.719252597353663,green,data
2026-10-06T15:26:32,credit_yoy,2026-05-31,16.837719328775336,green,data
2026-10-06T15:26:32,credit_construction_ytd,2026-05-31,5.860894457233434,green,data
2026-10-06T15:26:32,m2_ytd,2026-05-31,2.7283275723141154,green,data
2026-10-06T15:26:32,credit_minus_m2,2026-05-31,1.9909250250395472,green,data
2026-10-06T15:26:32,land_use_revenue,2024-12-31,217245.0,insufficient,data
2026-10-06T15:26:32,public_investment,2026-06-30,81430.19253,yellow,data
2026-10-06T15:26:32,public_investment_ytd_yoy,2026-06-30,13.475454350150606,green,data
2026-10-06T15:26:32,fdi_registered_ytd,2026-07-31,21045.97153151,red,data
2026-10-06T15:26:32,fdi_registered_ytd_yoy,2026-07-31,109.72732069382424,yellow,data
2026-10-06T15:26:32,pmi_vn,2026-08-31,53.3,green,data
2026-10-06T15:26:34,fed_upper,2026-10-05,4.0,green_strong,data
2026-10-06T15:26:34,fed_lower,2026-10-05,3.75,green,data
2026-10-06T15:26:34,effr,2026-10-02,3.88,green,data
2026-10-06T15:26:34,ust_2y,2026-10-02,4.83,green,data
2026-10-06T15:26:34,ust_10y,2026-10-02,5.28,red,data
2026-10-06T15:26:34,ust_10y2y,2026-10-05,0.47,yellow,data
2026-10-06T15:26:34,usd_broad,2026-10-02,121.3848,green,data
2026-10-06T15:26:34,dxy,2026-10-06,,green,data
2026-10-06T15:26:34,brent,2026-09-29,113.96,orange,data
2026-10-06T15:26:34,brent_futures,2026-10-06,,yellow,data
2026-10-06T15:26:34,copper,2026-10-05,,red,data
2026-10-06T15:26:34,copper_lme_stock,2026-10-05,,green,data
2026-10-06T15:26:34,copper_comex,2026-10-06,,red,data
2026-10-06T15:26:34,copper_imf,2026-07-31,13542.82086956522,red,data
2026-10-06T15:26:34,hy_spread,2026-10-02,3.1,green_strong,data
2026-10-06T15:26:34,breakeven_10y,2026-10-05,2.36,yellow,data
2026-10-06T15:26:34,vix,2026-10-02,15.31,yellow,data
2026-10-06T15:26:34,us_mortgage_30y,2026-10-01,7.28,yellow,data
2026-10-06T15:26:34,gdp_yoy_published,2026-06-30,8.39,yellow,data
2026-10-06T15:26:34,gdp_yoy,2026-06-30,89.72774377855093,insufficient,data
2026-10-06T15:26:34,gdp_realestate_yoy,2026-06-30,71.97617301993135,insufficient,data
2026-10-06T15:26:34,gdp_construction_yoy,2026-06-30,107.43704178752104,insufficient,data
2026-10-06T15:26:34,export_yoy,2026-07-31,25.590081904262973,yellow,data
2026-10-06T15:26:34,cpi_yoy,2026-08-31,4.89,red,data
2026-10-06T15:26:34,cpi_avg_ytd,2026-07-31,4.393497411553593,yellow,data
2026-10-06T15:26:34,cpi_housing_yoy,2026-08-31,6.6,green,data
2026-10-06T15:26:34,fx_central,2026-08-10,25491.0,yellow,data
2026-10-06T15:26:34,fx_central_ytd,2026-08-10,1.4728713028939966,green,data
2026-10-06T15:26:34,deposit_12m_big4,2026-10-06,5.9,orange,data
2026-10-06T15:26:34,deposit_12m_all,2026-10-06,6.147368421052632,green,data
2026-10-06T15:26:34,interbank_on,2026-07-31,5.72,yellow,data
2026-10-06T15:26:34,refi_rate,2026-08-03,4.5,green,data
2026-10-06T15:26:34,govbond_10y,2026-07-31,4.464118,red,data
2026-10-06T15:26:34,real_rate,2026-08-31,1.010000000000001,yellow,data
2026-10-06T15:26:34,credit_ytd,2026-05-31,4.719252597353663,green,data
2026-10-06T15:26:34,credit_yoy,2026-05-31,16.837719328775336,green,data
2026-10-06T15:26:34,credit_construction_ytd,2026-05-31,5.860894457233434,green,data
2026-10-06T15:26:34,m2_ytd,2026-05-31,2.7283275723141154,green,data
2026-10-06T15:26:34,credit_minus_m2,2026-05-31,1.9909250250395472,green,data
2026-10-06T15:26:34,land_use_revenue,2024-12-31,217245.0,insufficient,data
2026-10-06T15:26:34,public_investment,2026-06-30,81430.19253,yellow,data
2026-10-06T15:26:34,public_investment_ytd_yoy,2026-06-30,13.475454350150606,green,data
2026-10-06T15:26:34,fdi_registered_ytd,2026-07-31,21045.97153151,red,data
2026-10-06T15:26:34,fdi_registered_ytd_yoy,2026-07-31,109.72732069382424,yellow,data
2026-10-06T15:26:34,pmi_vn,2026-08-31,53.3,green,data
2026-10-06T15:26:37,fed_upper,2026-10-05,4.0,green_strong,data
2026-10-06T15:26:37,fed_lower,2026-10-05,3.75,green,data
2026-10-06T15:26:37,effr,2026-10-02,3.88,green,data
2026-10-06T15:26:37,ust_2y,2026-10-02,4.83,green,data
2026-10-06T15:26:37,ust_10y,2026-10-02,5.28,red,data
2026-10-06T15:26:37,ust_10y2y,2026-10-05,0.47,yellow,data
2026-10-06T15:26:37,usd_broad,2026-10-02,121.3848,green,data
2026-10-06T15:26:37,dxy,2026-10-06,,green,data
2026-10-06T15:26:37,brent,2026-09-29,113.96,orange,data
2026-10-06T15:26:37,brent_futures,2026-10-06,,yellow,data
2026-10-06T15:26:37,copper,2026-10-05,,red,data
2026-10-06T15:26:37,copper_lme_stock,2026-10-05,,green,data
2026-10-06T15:26:37,copper_comex,2026-10-06,,red,data
2026-10-06T15:26:37,copper_imf,2026-07-31,13542.82086956522,red,data
2026-10-06T15:26:37,hy_spread,2026-10-02,3.1,green_strong,data
2026-10-06T15:26:37,breakeven_10y,2026-10-05,2.36,yellow,data
2026-10-06T15:26:37,vix,2026-10-02,15.31,yellow,data
2026-10-06T15:26:37,us_mortgage_30y,2026-10-01,7.28,yellow,data
2026-10-06T15:26:37,gdp_yoy_published,2026-06-30,8.39,yellow,data
2026-10-06T15:26:37,gdp_yoy,2026-06-30,89.72774377855093,insufficient,data
2026-10-06T15:26:37,gdp_realestate_yoy,2026-06-30,71.97617301993135,insufficient,data
2026-10-06T15:26:37,gdp_construction_yoy,2026-06-30,107.43704178752104,insufficient,data
2026-10-06T15:26:37,export_yoy,2026-07-31,25.590081904262973,yellow,data
2026-10-06T15:26:37,cpi_yoy,2026-08-31,4.89,red,data
2026-10-06T15:26:37,cpi_avg_ytd,2026-07-31,4.393497411553593,yellow,data
2026-10-06T15:26:37,cpi_housing_yoy,2026-08-31,6.6,green,data
2026-10-06T15:26:37,fx_central,2026-08-10,25491.0,yellow,data
2026-10-06T15:26:37,fx_central_ytd,2026-08-10,1.4728713028939966,green,data
2026-10-06T15:26:37,deposit_12m_big4,2026-10-06,5.9,orange,data
2026-10-06T15:26:37,deposit_12m_all,2026-10-06,6.147368421052632,green,data
2026-10-06T15:26:37,interbank_on,2026-07-31,5.72,yellow,data
2026-10-06T15:26:37,refi_rate,2026-08-03,4.5,green,data
2026-10-06T15:26:37,govbond_10y,2026-07-31,4.464118,red,data
2026-10-06T15:26:37,real_rate,2026-08-31,1.010000000000001,yellow,data
2026-10-06T15:26:37,credit_ytd,2026-05-31,4.719252597353663,green,data
2026-10-06T15:26:37,credit_yoy,2026-05-31,16.837719328775336,green,data
2026-10-06T15:26:37,credit_construction_ytd,2026-05-31,5.860894457233434,green,data
2026-10-06T15:26:37,m2_ytd,2026-05-31,2.7283275723141154,green,data
2026-10-06T15:26:37,credit_minus_m2,2026-05-31,1.9909250250395472,green,data
2026-10-06T15:26:37,land_use_revenue,2024-12-31,217245.0,insufficient,data
2026-10-06T15:26:37,public_investment,2026-06-30,81430.19253,yellow,data
2026-10-06T15:26:37,public_investment_ytd_yoy,2026-06-30,13.475454350150606,green,data
2026-10-06T15:26:37,fdi_registered_ytd,2026-07-31,21045.97153151,red,data
2026-10-06T15:26:37,fdi_registered_ytd_yoy,2026-07-31,109.72732069382424,yellow,data
2026-10-06T15:26:37,pmi_vn,2026-08-31,53.3,green,data
2026-10-06T15:26:39,fed_upper,2026-10-05,4.0,green_strong,data
2026-10-06T15:26:39,fed_lower,2026-10-05,3.75,green,data
2026-10-06T15:26:39,effr,2026-10-02,3.88,green,data
2026-10-06T15:26:39,ust_2y,2026-10-02,4.83,green,data
2026-10-06T15:26:39,ust_10y,2026-10-02,5.28,red,data
2026-10-06T15:26:39,ust_10y2y,2026-10-05,0.47,yellow,data
2026-10-06T15:26:39,usd_broad,2026-10-02,121.3848,green,data
2026-10-06T15:26:39,dxy,2026-10-06,,green,data
2026-10-06T15:26:39,brent,2026-09-29,113.96,orange,data
2026-10-06T15:26:39,brent_futures,2026-10-06,,yellow,data
2026-10-06T15:26:39,copper,2026-10-05,,red,data
2026-10-06T15:26:39,copper_lme_stock,2026-10-05,,green,data
2026-10-06T15:26:39,copper_comex,2026-10-06,,red,data
2026-10-06T15:26:39,copper_imf,2026-07-31,13542.82086956522,red,data
2026-10-06T15:26:39,hy_spread,2026-10-02,3.1,green_strong,data
2026-10-06T15:26:39,breakeven_10y,2026-10-05,2.36,yellow,data
2026-10-06T15:26:39,vix,2026-10-02,15.31,yellow,data
2026-10-06T15:26:39,us_mortgage_30y,2026-10-01,7.28,yellow,data
2026-10-06T15:26:39,gdp_yoy_published,2026-06-30,8.39,yellow,data
2026-10-06T15:26:39,gdp_yoy,2026-06-30,89.72774377855093,insufficient,data
2026-10-06T15:26:39,gdp_realestate_yoy,2026-06-30,71.97617301993135,insufficient,data
2026-10-06T15:26:39,gdp_construction_yoy,2026-06-30,107.43704178752104,insufficient,data
2026-10-06T15:26:39,export_yoy,2026-07-31,25.590081904262973,yellow,data
2026-10-06T15:26:39,cpi_yoy,2026-08-31,4.89,red,data
2026-10-06T15:26:39,cpi_avg_ytd,2026-07-31,4.393497411553593,yellow,data
2026-10-06T15:26:39,cpi_housing_yoy,2026-08-31,6.6,green,data
2026-10-06T15:26:39,fx_central,2026-08-10,25491.0,yellow,data
2026-10-06T15:26:39,fx_central_ytd,2026-08-10,1.4728713028939966,green,data
2026-10-06T15:26:39,deposit_12m_big4,2026-10-06,5.9,orange,data
2026-10-06T15:26:39,deposit_12m_all,2026-10-06,6.147368421052632,green,data
2026-10-06T15:26:39,interbank_on,2026-07-31,5.72,yellow,data
2026-10-06T15:26:39,refi_rate,2026-08-03,4.5,green,data
2026-10-06T15:26:39,govbond_10y,2026-07-31,4.464118,red,data
2026-10-06T15:26:39,real_rate,2026-08-31,1.010000000000001,yellow,data
2026-10-06T15:26:39,credit_ytd,2026-05-31,4.719252597353663,green,data
2026-10-06T15:26:39,credit_yoy,2026-05-31,16.837719328775336,green,data
2026-10-06T15:26:39,credit_construction_ytd,2026-05-31,5.860894457233434,green,data
2026-10-06T15:26:39,m2_ytd,2026-05-31,2.7283275723141154,green,data
2026-10-06T15:26:39,credit_minus_m2,2026-05-31,1.9909250250395472,green,data
2026-10-06T15:26:39,land_use_revenue,2024-12-31,217245.0,insufficient,data
2026-10-06T15:26:39,public_investment,2026-06-30,81430.19253,yellow,data
2026-10-06T15:26:39,public_investment_ytd_yoy,2026-06-30,13.475454350150606,green,data
2026-10-06T15:26:39,fdi_registered_ytd,2026-07-31,21045.97153151,red,data
2026-10-06T15:26:39,fdi_registered_ytd_yoy,2026-07-31,109.72732069382424,yellow,data
2026-10-06T15:26:39,pmi_vn,2026-08-31,53.3,green,data
2026-10-06T15:26:42,fed_upper,2026-10-05,4.0,green_strong,data
2026-10-06T15:26:42,fed_lower,2026-10-05,3.75,green,data
2026-10-06T15:26:42,effr,2026-10-02,3.88,green,data
2026-10-06T15:26:42,ust_2y,2026-10-02,4.83,green,data
2026-10-06T15:26:42,ust_10y,2026-10-02,5.28,red,data
2026-10-06T15:26:42,ust_10y2y,2026-10-05,0.47,yellow,data
2026-10-06T15:26:42,usd_broad,2026-10-02,121.3848,green,data
2026-10-06T15:26:42,dxy,2026-10-06,,green,data
2026-10-06T15:26:42,brent,2026-09-29,113.96,orange,data
2026-10-06T15:26:42,brent_futures,2026-10-06,,yellow,data
2026-10-06T15:26:42,copper,2026-10-05,,red,data
2026-10-06T15:26:42,copper_lme_stock,2026-10-05,,green,data
2026-10-06T15:26:42,copper_comex,2026-10-06,,red,data
2026-10-06T15:26:42,copper_imf,2026-07-31,13542.82086956522,red,data
2026-10-06T15:26:42,hy_spread,2026-10-02,3.1,green_strong,data
2026-10-06T15:26:42,breakeven_10y,2026-10-05,2.36,yellow,data
2026-10-06T15:26:42,vix,2026-10-02,15.31,yellow,data
2026-10-06T15:26:42,us_mortgage_30y,2026-10-01,7.28,yellow,data
2026-10-06T15:26:42,gdp_yoy_published,2026-06-30,8.39,yellow,data
2026-10-06T15:26:42,gdp_yoy,2026-06-30,89.72774377855093,insufficient,data
2026-10-06T15:26:42,gdp_realestate_yoy,2026-06-30,71.97617301993135,insufficient,data
2026-10-06T15:26:42,gdp_construction_yoy,2026-06-30,107.43704178752104,insufficient,data
2026-10-06T15:26:42,export_yoy,2026-07-31,25.590081904262973,yellow,data
2026-10-06T15:26:42,cpi_yoy,2026-08-31,4.89,red,data
2026-10-06T15:26:42,cpi_avg_ytd,2026-07-31,4.393497411553593,yellow,data
2026-10-06T15:26:42,cpi_housing_yoy,2026-08-31,6.6,green,data
2026-10-06T15:26:42,fx_central,2026-08-10,25491.0,yellow,data
2026-10-06T15:26:42,fx_central_ytd,2026-08-10,1.4728713028939966,green,data
2026-10-06T15:26:42,deposit_12m_big4,2026-10-06,5.9,orange,data
2026-10-06T15:26:42,deposit_12m_all,2026-10-06,6.147368421052632,green,data
2026-10-06T15:26:42,interbank_on,2026-07-31,5.72,yellow,data
2026-10-06T15:26:42,refi_rate,2026-08-03,4.5,green,data
2026-10-06T15:26:42,govbond_10y,2026-07-31,4.464118,red,data
2026-10-06T15:26:42,real_rate,2026-08-31,1.010000000000001,yellow,data
2026-10-06T15:26:42,credit_ytd,2026-05-31,4.719252597353663,green,data
2026-10-06T15:26:42,credit_yoy,2026-05-31,16.837719328775336,green,data
2026-10-06T15:26:42,credit_construction_ytd,2026-05-31,5.860894457233434,green,data
2026-10-06T15:26:42,m2_ytd,2026-05-31,2.7283275723141154,green,data
2026-10-06T15:26:42,credit_minus_m2,2026-05-31,1.9909250250395472,green,data
2026-10-06T15:26:42,land_use_revenue,2024-12-31,217245.0,insufficient,data
2026-10-06T15:26:42,public_investment,2026-06-30,81430.19253,yellow,data
2026-10-06T15:26:42,public_investment_ytd_yoy,2026-06-30,13.475454350150606,green,data
2026-10-06T15:26:42,fdi_registered_ytd,2026-07-31,21045.97153151,red,data
2026-10-06T15:26:42,fdi_registered_ytd_yoy,2026-07-31,109.72732069382424,yellow,data
2026-10-06T15:26:42,pmi_vn,2026-08-31,53.3,green,data
2026-10-06T15:26:44,fed_upper,2026-10-05,4.0,green_strong,data
2026-10-06T15:26:44,fed_lower,2026-10-05,3.75,green,data
2026-10-06T15:26:44,effr,2026-10-02,3.88,green,data
2026-10-06T15:26:44,ust_2y,2026-10-02,4.83,green,data
2026-10-06T15:26:44,ust_10y,2026-10-02,5.28,red,data
2026-10-06T15:26:44,ust_10y2y,2026-10-05,0.47,yellow,data
2026-10-06T15:26:44,usd_broad,2026-10-02,121.3848,green,data
2026-10-06T15:26:44,dxy,2026-10-06,,green,data
2026-10-06T15:26:44,brent,2026-09-29,113.96,orange,data
2026-10-06T15:26:44,brent_futures,2026-10-06,,yellow,data
2026-10-06T15:26:44,copper,2026-10-05,,red,data
2026-10-06T15:26:44,copper_lme_stock,2026-10-05,,green,data
2026-10-06T15:26:44,copper_comex,2026-10-06,,red,data
2026-10-06T15:26:44,copper_imf,2026-07-31,13542.82086956522,red,data
2026-10-06T15:26:44,hy_spread,2026-10-02,3.1,green_strong,data
2026-10-06T15:26:44,breakeven_10y,2026-10-05,2.36,yellow,data
2026-10-06T15:26:44,vix,2026-10-02,15.31,yellow,data
2026-10-06T15:26:44,us_mortgage_30y,2026-10-01,7.28,yellow,data
2026-10-06T15:26:44,gdp_yoy_published,2026-06-30,8.39,yellow,data
2026-10-06T15:26:44,gdp_yoy,2026-06-30,89.72774377855093,insufficient,data
2026-10-06T15:26:44,gdp_realestate_yoy,2026-06-30,71.97617301993135,insufficient,data
2026-10-06T15:26:44,gdp_construction_yoy,2026-06-30,107.43704178752104,insufficient,data
2026-10-06T15:26:44,export_yoy,2026-07-31,25.590081904262973,yellow,data
2026-10-06T15:26:44,cpi_yoy,2026-08-31,4.89,red,data
2026-10-06T15:26:44,cpi_avg_ytd,2026-07-31,4.393497411553593,yellow,data
2026-10-06T15:26:44,cpi_housing_yoy,2026-08-31,6.6,green,data
2026-10-06T15:26:44,fx_central,2026-08-10,25491.0,yellow,data
2026-10-06T15:26:44,fx_central_ytd,2026-08-10,1.4728713028939966,green,data
2026-10-06T15:26:44,deposit_12m_big4,2026-10-06,5.9,orange,data
2026-10-06T15:26:44,deposit_12m_all,2026-10-06,6.147368421052632,green,data
2026-10-06T15:26:44,interbank_on,2026-07-31,5.72,yellow,data
2026-10-06T15:26:44,refi_rate,2026-08-03,4.5,green,data
2026-10-06T15:26:44,govbond_10y,2026-07-31,4.464118,red,data
2026-10-06T15:26:44,real_rate,2026-08-31,1.010000000000001,yellow,data
2026-10-06T15:26:44,credit_ytd,2026-05-31,4.719252597353663,green,data
2026-10-06T15:26:44,credit_yoy,2026-05-31,16.837719328775336,green,data
2026-10-06T15:26:44,credit_construction_ytd,2026-05-31,5.860894457233434,green,data
2026-10-06T15:26:44,m2_ytd,2026-05-31,2.7283275723141154,green,data
2026-10-06T15:26:44,credit_minus_m2,2026-05-31,1.9909250250395472,green,data
2026-10-06T15:26:44,land_use_revenue,2024-12-31,217245.0,insufficient,data
2026-10-06T15:26:44,public_investment,2026-06-30,81430.19253,yellow,data
2026-10-06T15:26:44,public_investment_ytd_yoy,2026-06-30,13.475454350150606,green,data
2026-10-06T15:26:44,fdi_registered_ytd,2026-07-31,21045.97153151,red,data
2026-10-06T15:26:44,fdi_registered_ytd_yoy,2026-07-31,109.72732069382424,yellow,data
2026-10-06T15:26:44,pmi_vn,2026-08-31,53.3,green,data
2026-10-06T15:26:46,fed_upper,2026-10-05,4.0,green_strong,data
2026-10-06T15:26:46,fed_lower,2026-10-05,3.75,green,data
2026-10-06T15:26:46,effr,2026-10-02,3.88,green,data
2026-10-06T15:26:46,ust_2y,2026-10-02,4.83,green,data
2026-10-06T15:26:46,ust_10y,2026-10-02,5.28,red,data
2026-10-06T15:26:46,ust_10y2y,2026-10-05,0.47,yellow,data
2026-10-06T15:26:46,usd_broad,2026-10-02,121.3848,green,data
2026-10-06T15:26:46,dxy,2026-10-06,,green,data
2026-10-06T15:26:46,brent,2026-09-29,113.96,orange,data
2026-10-06T15:26:46,brent_futures,2026-10-06,,yellow,data
2026-10-06T15:26:46,copper,2026-10-05,,red,data
2026-10-06T15:26:46,copper_lme_stock,2026-10-05,,green,data
2026-10-06T15:26:46,copper_comex,2026-10-06,,red,data
2026-10-06T15:26:46,copper_imf,2026-07-31,13542.82086956522,red,data
2026-10-06T15:26:46,hy_spread,2026-10-02,3.1,green_strong,data
2026-10-06T15:26:46,breakeven_10y,2026-10-05,2.36,yellow,data
2026-10-06T15:26:46,vix,2026-10-02,15.31,yellow,data
2026-10-06T15:26:46,us_mortgage_30y,2026-10-01,7.28,yellow,data
2026-10-06T15:26:46,gdp_yoy_published,2026-06-30,8.39,yellow,data
2026-10-06T15:26:46,gdp_yoy,2026-06-30,89.72774377855093,insufficient,data
2026-10-06T15:26:46,gdp_realestate_yoy,2026-06-30,71.97617301993135,insufficient,data
2026-10-06T15:26:46,gdp_construction_yoy,2026-06-30,107.43704178752104,insufficient,data
2026-10-06T15:26:46,export_yoy,2026-07-31,25.590081904262973,yellow,data
2026-10-06T15:26:46,cpi_yoy,2026-08-31,4.89,red,data
2026-10-06T15:26:46,cpi_avg_ytd,2026-07-31,4.393497411553593,yellow,data
2026-10-06T15:26:46,cpi_housing_yoy,2026-08-31,6.6,green,data
2026-10-06T15:26:46,fx_central,2026-08-10,25491.0,yellow,data
2026-10-06T15:26:46,fx_central_ytd,2026-08-10,1.4728713028939966,green,data
2026-10-06T15:26:46,deposit_12m_big4,2026-10-06,5.9,orange,data
2026-10-06T15:26:46,deposit_12m_all,2026-10-06,6.147368421052632,green,data
2026-10-06T15:26:46,interbank_on,2026-07-31,5.72,yellow,data
2026-10-06T15:26:46,refi_rate,2026-08-03,4.5,green,data
2026-10-06T15:26:46,govbond_10y,2026-07-31,4.464118,red,data
2026-10-06T15:26:46,real_rate,2026-08-31,1.010000000000001,yellow,data
2026-10-06T15:26:46,credit_ytd,2026-05-31,4.719252597353663,green,data
2026-10-06T15:26:46,credit_yoy,2026-05-31,16.837719328775336,green,data
2026-10-06T15:26:46,credit_construction_ytd,2026-05-31,5.860894457233434,green,data
2026-10-06T15:26:46,m2_ytd,2026-05-31,2.7283275723141154,green,data
2026-10-06T15:26:46,credit_minus_m2,2026-05-31,1.9909250250395472,green,data
2026-10-06T15:26:46,land_use_revenue,2024-12-31,217245.0,insufficient,data
2026-10-06T15:26:46,public_investment,2026-06-30,81430.19253,yellow,data
2026-10-06T15:26:46,public_investment_ytd_yoy,2026-06-30,13.475454350150606,green,data
2026-10-06T15:26:46,fdi_registered_ytd,2026-07-31,21045.97153151,red,data
2026-10-06T15:26:46,fdi_registered_ytd_yoy,2026-07-31,109.72732069382424,yellow,data
2026-10-06T15:26:46,pmi_vn,2026-08-31,53.3,green,data
2026-10-06T15:26:48,fed_upper,2026-10-05,4.0,green_strong,data
2026-10-06T15:26:48,fed_lower,2026-10-05,3.75,green,data
2026-10-06T15:26:48,effr,2026-10-02,3.88,green,data
2026-10-06T15:26:48,ust_2y,2026-10-02,4.83,green,data
2026-10-06T15:26:48,ust_10y,2026-10-02,5.28,red,data
2026-10-06T15:26:48,ust_10y2y,2026-10-05,0.47,yellow,data
2026-10-06T15:26:48,usd_broad,2026-10-02,121.3848,green,data
2026-10-06T15:26:48,dxy,2026-10-06,,green,data
2026-10-06T15:26:48,brent,2026-09-29,113.96,orange,data
2026-10-06T15:26:48,brent_futures,2026-10-06,,yellow,data
2026-10-06T15:26:48,copper,2026-10-05,,red,data
2026-10-06T15:26:48,copper_lme_stock,2026-10-05,,green,data
2026-10-06T15:26:48,copper_comex,2026-10-06,,red,data
2026-10-06T15:26:48,copper_imf,2026-07-31,13542.82086956522,red,data
2026-10-06T15:26:48,hy_spread,2026-10-02,3.1,green_strong,data
2026-10-06T15:26:48,breakeven_10y,2026-10-05,2.36,yellow,data
2026-10-06T15:26:48,vix,2026-10-02,15.31,yellow,data
2026-10-06T15:26:48,us_mortgage_30y,2026-10-01,7.28,yellow,data
2026-10-06T15:26:48,gdp_yoy_published,2026-06-30,8.39,yellow,data
2026-10-06T15:26:48,gdp_yoy,2026-06-30,89.72774377855093,insufficient,data
2026-10-06T15:26:48,gdp_realestate_yoy,2026-06-30,71.97617301993135,insufficient,data
2026-10-06T15:26:48,gdp_construction_yoy,2026-06-30,107.43704178752104,insufficient,data
2026-10-06T15:26:48,export_yoy,2026-07-31,25.590081904262973,yellow,data
2026-10-06T15:26:48,cpi_yoy,2026-08-31,4.89,red,data
2026-10-06T15:26:48,cpi_avg_ytd,2026-07-31,4.393497411553593,yellow,data
2026-10-06T15:26:48,cpi_housing_yoy,2026-08-31,6.6,green,data
2026-10-06T15:26:48,fx_central,2026-08-10,25491.0,yellow,data
2026-10-06T15:26:48,fx_central_ytd,2026-08-10,1.4728713028939966,green,data
2026-10-06T15:26:48,deposit_12m_big4,2026-10-06,5.9,orange,data
2026-10-06T15:26:48,deposit_12m_all,2026-10-06,6.147368421052632,green,data
2026-10-06T15:26:48,interbank_on,2026-07-31,5.72,yellow,data
2026-10-06T15:26:48,refi_rate,2026-08-03,4.5,green,data
2026-10-06T15:26:48,govbond_10y,2026-07-31,4.464118,red,data
2026-10-06T15:26:48,real_rate,2026-08-31,1.010000000000001,yellow,data
2026-10-06T15:26:48,credit_ytd,2026-05-31,4.719252597353663,green,data
2026-10-06T15:26:48,credit_yoy,2026-05-31,16.837719328775336,green,data
2026-10-06T15:26:48,credit_construction_ytd,2026-05-31,5.860894457233434,green,data
2026-10-06T15:26:48,m2_ytd,2026-05-31,2.7283275723141154,green,data
2026-10-06T15:26:48,credit_minus_m2,2026-05-31,1.9909250250395472,green,data
2026-10-06T15:26:48,land_use_revenue,2024-12-31,217245.0,insufficient,data
2026-10-06T15:26:48,public_investment,2026-06-30,81430.19253,yellow,data
2026-10-06T15:26:48,public_investment_ytd_yoy,2026-06-30,13.475454350150606,green,data
2026-10-06T15:26:48,fdi_registered_ytd,2026-07-31,21045.97153151,red,data
2026-10-06T15:26:48,fdi_registered_ytd_yoy,2026-07-31,109.72732069382424,yellow,data
2026-10-06T15:26:48,pmi_vn,2026-08-31,53.3,green,data
2026-10-06T15:26:50,fed_upper,2026-10-05,4.0,green_strong,data
2026-10-06T15:26:50,fed_lower,2026-10-05,3.75,green,data
2026-10-06T15:26:50,effr,2026-10-02,3.88,green,data
2026-10-06T15:26:50,ust_2y,2026-10-02,4.83,green,data
2026-10-06T15:26:50,ust_10y,2026-10-02,5.28,red,data
2026-10-06T15:26:50,ust_10y2y,2026-10-05,0.47,yellow,data
2026-10-06T15:26:50,usd_broad,2026-10-02,121.3848,green,data
2026-10-06T15:26:50,dxy,2026-10-06,,green,data
2026-10-06T15:26:50,brent,2026-09-29,113.96,orange,data
2026-10-06T15:26:50,brent_futures,2026-10-06,,yellow,data
2026-10-06T15:26:50,copper,2026-10-05,,red,data
2026-10-06T15:26:50,copper_lme_stock,2026-10-05,,green,data
2026-10-06T15:26:50,copper_comex,2026-10-06,,red,data
2026-10-06T15:26:50,copper_imf,2026-07-31,13542.82086956522,red,data
2026-10-06T15:26:50,hy_spread,2026-10-02,3.1,green_strong,data
2026-10-06T15:26:50,breakeven_10y,2026-10-05,2.36,yellow,data
2026-10-06T15:26:50,vix,2026-10-02,15.31,yellow,data
2026-10-06T15:26:50,us_mortgage_30y,2026-10-01,7.28,yellow,data
2026-10-06T15:26:50,gdp_yoy_published,2026-06-30,8.39,yellow,data
2026-10-06T15:26:50,gdp_yoy,2026-06-30,89.72774377855093,insufficient,data
2026-10-06T15:26:50,gdp_realestate_yoy,2026-06-30,71.97617301993135,insufficient,data
2026-10-06T15:26:50,gdp_construction_yoy,2026-06-30,107.43704178752104,insufficient,data
2026-10-06T15:26:50,export_yoy,2026-07-31,25.590081904262973,yellow,data
2026-10-06T15:26:50,cpi_yoy,2026-08-31,4.89,red,data
2026-10-06T15:26:50,cpi_avg_ytd,2026-07-31,4.393497411553593,yellow,data
2026-10-06T15:26:50,cpi_housing_yoy,2026-08-31,6.6,green,data
2026-10-06T15:26:50,fx_central,2026-08-10,25491.0,yellow,data
2026-10-06T15:26:50,fx_central_ytd,2026-08-10,1.4728713028939966,green,data
2026-10-06T15:26:50,deposit_12m_big4,2026-10-06,5.9,orange,data
2026-10-06T15:26:50,deposit_12m_all,2026-10-06,6.147368421052632,green,data
2026-10-06T15:26:50,interbank_on,2026-07-31,5.72,yellow,data
2026-10-06T15:26:50,refi_rate,2026-08-03,4.5,green,data
2026-10-06T15:26:50,govbond_10y,2026-07-31,4.464118,red,data
2026-10-06T15:26:50,real_rate,2026-08-31,1.010000000000001,yellow,data
2026-10-06T15:26:50,credit_ytd,2026-05-31,4.719252597353663,green,data
2026-10-06T15:26:50,credit_yoy,2026-05-31,16.837719328775336,green,data
2026-10-06T15:26:50,credit_construction_ytd,2026-05-31,5.860894457233434,green,data
2026-10-06T15:26:50,m2_ytd,2026-05-31,2.7283275723141154,green,data
2026-10-06T15:26:50,credit_minus_m2,2026-05-31,1.9909250250395472,green,data
2026-10-06T15:26:50,land_use_revenue,2024-12-31,217245.0,insufficient,data
2026-10-06T15:26:50,public_investment,2026-06-30,81430.19253,yellow,data
2026-10-06T15:26:50,public_investment_ytd_yoy,2026-06-30,13.475454350150606,green,data
2026-10-06T15:26:50,fdi_registered_ytd,2026-07-31,21045.97153151,red,data
2026-10-06T15:26:50,fdi_registered_ytd_yoy,2026-07-31,109.72732069382424,yellow,data
2026-10-06T15:26:50,pmi_vn,2026-08-31,53.3,green,data
2026-10-06T15:26:52,fed_upper,2026-10-05,4.0,green_strong,data
2026-10-06T15:26:52,fed_lower,2026-10-05,3.75,green,data
2026-10-06T15:26:52,effr,2026-10-02,3.88,green,data
2026-10-06T15:26:52,ust_2y,2026-10-02,4.83,green,data
2026-10-06T15:26:52,ust_10y,2026-10-02,5.28,red,data
2026-10-06T15:26:52,ust_10y2y,2026-10-05,0.47,yellow,data
2026-10-06T15:26:52,usd_broad,2026-10-02,121.3848,green,data
2026-10-06T15:26:52,dxy,2026-10-06,,green,data
2026-10-06T15:26:52,brent,2026-09-29,113.96,orange,data
2026-10-06T15:26:52,brent_futures,2026-10-06,,yellow,data
2026-10-06T15:26:52,copper,2026-10-05,,red,data
2026-10-06T15:26:52,copper_lme_stock,2026-10-05,,green,data
2026-10-06T15:26:52,copper_comex,2026-10-06,,red,data
2026-10-06T15:26:52,copper_imf,2026-07-31,13542.82086956522,red,data
2026-10-06T15:26:52,hy_spread,2026-10-02,3.1,green_strong,data
2026-10-06T15:26:52,breakeven_10y,2026-10-05,2.36,yellow,data
2026-10-06T15:26:52,vix,2026-10-02,15.31,yellow,data
2026-10-06T15:26:52,us_mortgage_30y,2026-10-01,7.28,yellow,data
2026-10-06T15:26:52,gdp_yoy_published,2026-06-30,8.39,yellow,data
2026-10-06T15:26:52,gdp_yoy,2026-06-30,89.72774377855093,insufficient,data
2026-10-06T15:26:52,gdp_realestate_yoy,2026-06-30,71.97617301993135,insufficient,data
2026-10-06T15:26:52,gdp_construction_yoy,2026-06-30,107.43704178752104,insufficient,data
2026-10-06T15:26:52,export_yoy,2026-07-31,25.590081904262973,yellow,data
2026-10-06T15:26:52,cpi_yoy,2026-08-31,4.89,red,data
2026-10-06T15:26:52,cpi_avg_ytd,2026-07-31,4.393497411553593,yellow,data
2026-10-06T15:26:52,cpi_housing_yoy,2026-08-31,6.6,green,data
2026-10-06T15:26:52,fx_central,2026-08-10,25491.0,yellow,data
2026-10-06T15:26:52,fx_central_ytd,2026-08-10,1.4728713028939966,green,data
2026-10-06T15:26:52,deposit_12m_big4,2026-10-06,5.9,orange,data
2026-10-06T15:26:52,deposit_12m_all,2026-10-06,6.147368421052632,green,data
2026-10-06T15:26:52,interbank_on,2026-07-31,5.72,yellow,data
2026-10-06T15:26:52,refi_rate,2026-08-03,4.5,green,data
2026-10-06T15:26:52,govbond_10y,2026-07-31,4.464118,red,data
2026-10-06T15:26:52,real_rate,2026-08-31,1.010000000000001,yellow,data
2026-10-06T15:26:52,credit_ytd,2026-05-31,4.719252597353663,green,data
2026-10-06T15:26:52,credit_yoy,2026-05-31,16.837719328775336,green,data
2026-10-06T15:26:52,credit_construction_ytd,2026-05-31,5.860894457233434,green,data
2026-10-06T15:26:52,m2_ytd,2026-05-31,2.7283275723141154,green,data
2026-10-06T15:26:52,credit_minus_m2,2026-05-31,1.9909250250395472,green,data
2026-10-06T15:26:52,land_use_revenue,2024-12-31,217245.0,insufficient,data
2026-10-06T15:26:52,public_investment,2026-06-30,81430.19253,yellow,data
2026-10-06T15:26:52,public_investment_ytd_yoy,2026-06-30,13.475454350150606,green,data
2026-10-06T15:26:52,fdi_registered_ytd,2026-07-31,21045.97153151,red,data
2026-10-06T15:26:52,fdi_registered_ytd_yoy,2026-07-31,109.72732069382424,yellow,data
2026-10-06T15:26:52,pmi_vn,2026-08-31,53.3,green,data
2026-10-06T15:26:54,fed_upper,2026-10-05,4.0,green_strong,data
2026-10-06T15:26:54,fed_lower,2026-10-05,3.75,green,data
2026-10-06T15:26:54,effr,2026-10-02,3.88,green,data
2026-10-06T15:26:54,ust_2y,2026-10-02,4.83,green,data
2026-10-06T15:26:54,ust_10y,2026-10-02,5.28,red,data
2026-10-06T15:26:54,ust_10y2y,2026-10-05,0.47,yellow,data
2026-10-06T15:26:54,usd_broad,2026-10-02,121.3848,green,data
2026-10-06T15:26:54,dxy,2026-10-06,,green,data
2026-10-06T15:26:54,brent,2026-09-29,113.96,orange,data
2026-10-06T15:26:54,brent_futures,2026-10-06,,yellow,data
2026-10-06T15:26:54,copper,2026-10-05,,red,data
2026-10-06T15:26:54,copper_lme_stock,2026-10-05,,green,data
2026-10-06T15:26:54,copper_comex,2026-10-06,,red,data
2026-10-06T15:26:54,copper_imf,2026-07-31,13542.82086956522,red,data
2026-10-06T15:26:54,hy_spread,2026-10-02,3.1,green_strong,data
2026-10-06T15:26:54,breakeven_10y,2026-10-05,2.36,yellow,data
2026-10-06T15:26:54,vix,2026-10-02,15.31,yellow,data
2026-10-06T15:26:54,us_mortgage_30y,2026-10-01,7.28,yellow,data
2026-10-06T15:26:54,gdp_yoy_published,2026-06-30,8.39,yellow,data
2026-10-06T15:26:54,gdp_yoy,2026-06-30,89.72774377855093,insufficient,data
2026-10-06T15:26:54,gdp_realestate_yoy,2026-06-30,71.97617301993135,insufficient,data
2026-10-06T15:26:54,gdp_construction_yoy,2026-06-30,107.43704178752104,insufficient,data
2026-10-06T15:26:54,export_yoy,2026-07-31,25.590081904262973,yellow,data
2026-10-06T15:26:54,cpi_yoy,2026-08-31,4.89,red,data
2026-10-06T15:26:54,cpi_avg_ytd,2026-07-31,4.393497411553593,yellow,data
2026-10-06T15:26:54,cpi_housing_yoy,2026-08-31,6.6,green,data
2026-10-06T15:26:54,fx_central,2026-08-10,25491.0,yellow,data
2026-10-06T15:26:54,fx_central_ytd,2026-08-10,1.4728713028939966,green,data
2026-10-06T15:26:54,deposit_12m_big4,2026-10-06,5.9,orange,data
2026-10-06T15:26:54,deposit_12m_all,2026-10-06,6.147368421052632,green,data
2026-10-06T15:26:54,interbank_on,2026-07-31,5.72,yellow,data
2026-10-06T15:26:54,refi_rate,2026-08-03,4.5,green,data
2026-10-06T15:26:54,govbond_10y,2026-07-31,4.464118,red,data
2026-10-06T15:26:54,real_rate,2026-08-31,1.010000000000001,yellow,data
2026-10-06T15:26:54,credit_ytd,2026-05-31,4.719252597353663,green,data
2026-10-06T15:26:54,credit_yoy,2026-05-31,16.837719328775336,green,data
2026-10-06T15:26:54,credit_construction_ytd,2026-05-31,5.860894457233434,green,data
2026-10-06T15:26:54,m2_ytd,2026-05-31,2.7283275723141154,green,data
2026-10-06T15:26:54,credit_minus_m2,2026-05-31,1.9909250250395472,green,data
2026-10-06T15:26:54,land_use_revenue,2024-12-31,217245.0,insufficient,data
2026-10-06T15:26:54,public_investment,2026-06-30,81430.19253,yellow,data
2026-10-06T15:26:54,public_investment_ytd_yoy,2026-06-30,13.475454350150606,green,data
2026-10-06T15:26:54,fdi_registered_ytd,2026-07-31,21045.97153151,red,data
2026-10-06T15:26:54,fdi_registered_ytd_yoy,2026-07-31,109.72732069382424,yellow,data
2026-10-06T15:26:54,pmi_vn,2026-08-31,53.3,green,data
2026-10-06T15:26:56,fed_upper,2026-10-05,4.0,green_strong,data
2026-10-06T15:26:56,fed_lower,2026-10-05,3.75,green,data
2026-10-06T15:26:56,effr,2026-10-02,3.88,green,data
2026-10-06T15:26:56,ust_2y,2026-10-02,4.83,green,data
2026-10-06T15:26:56,ust_10y,2026-10-02,5.28,red,data
2026-10-06T15:26:56,ust_10y2y,2026-10-05,0.47,yellow,data
2026-10-06T15:26:56,usd_broad,2026-10-02,121.3848,green,data
2026-10-06T15:26:56,dxy,2026-10-06,,green,data
2026-10-06T15:26:56,brent,2026-09-29,113.96,orange,data
2026-10-06T15:26:56,brent_futures,2026-10-06,,yellow,data
2026-10-06T15:26:56,copper,2026-10-05,,red,data
2026-10-06T15:26:56,copper_lme_stock,2026-10-05,,green,data
2026-10-06T15:26:56,copper_comex,2026-10-06,,red,data
2026-10-06T15:26:56,copper_imf,2026-07-31,13542.82086956522,red,data
2026-10-06T15:26:56,hy_spread,2026-10-02,3.1,green_strong,data
2026-10-06T15:26:56,breakeven_10y,2026-10-05,2.36,yellow,data
2026-10-06T15:26:56,vix,2026-10-02,15.31,yellow,data
2026-10-06T15:26:56,us_mortgage_30y,2026-10-01,7.28,yellow,data
2026-10-06T15:26:56,gdp_yoy_published,2026-06-30,8.39,yellow,data
2026-10-06T15:26:56,gdp_yoy,2026-06-30,89.72774377855093,insufficient,data
2026-10-06T15:26:56,gdp_realestate_yoy,2026-06-30,71.97617301993135,insufficient,data
2026-10-06T15:26:56,gdp_construction_yoy,2026-06-30,107.43704178752104,insufficient,data
2026-10-06T15:26:56,export_yoy,2026-07-31,25.590081904262973,yellow,data
2026-10-06T15:26:56,cpi_yoy,2026-08-31,4.89,red,data
2026-10-06T15:26:56,cpi_avg_ytd,2026-07-31,4.393497411553593,yellow,data
2026-10-06T15:26:56,cpi_housing_yoy,2026-08-31,6.6,green,data
2026-10-06T15:26:56,fx_central,2026-08-10,25491.0,yellow,data
2026-10-06T15:26:56,fx_central_ytd,2026-08-10,1.4728713028939966,green,data
2026-10-06T15:26:56,deposit_12m_big4,2026-10-06,5.9,orange,data
2026-10-06T15:26:56,deposit_12m_all,2026-10-06,6.147368421052632,green,data
2026-10-06T15:26:56,interbank_on,2026-07-31,5.72,yellow,data
2026-10-06T15:26:56,refi_rate,2026-08-03,4.5,green,data
2026-10-06T15:26:56,govbond_10y,2026-07-31,4.464118,red,data
2026-10-06T15:26:56,real_rate,2026-08-31,1.010000000000001,yellow,data
2026-10-06T15:26:56,credit_ytd,2026-05-31,4.719252597353663,green,data
2026-10-06T15:26:56,credit_yoy,2026-05-31,16.837719328775336,green,data
2026-10-06T15:26:56,credit_construction_ytd,2026-05-31,5.860894457233434,green,data
2026-10-06T15:26:56,m2_ytd,2026-05-31,2.7283275723141154,green,data
2026-10-06T15:26:56,credit_minus_m2,2026-05-31,1.9909250250395472,green,data
2026-10-06T15:26:56,land_use_revenue,2024-12-31,217245.0,insufficient,data
2026-10-06T15:26:56,public_investment,2026-06-30,81430.19253,yellow,data
2026-10-06T15:26:56,public_investment_ytd_yoy,2026-06-30,13.475454350150606,green,data
2026-10-06T15:26:56,fdi_registered_ytd,2026-07-31,21045.97153151,red,data
2026-10-06T15:26:56,fdi_registered_ytd_yoy,2026-07-31,109.72732069382424,yellow,data
2026-10-06T15:26:56,pmi_vn,2026-08-31,53.3,green,data
2026-10-06T15:26:58,fed_upper,2026-10-05,4.0,green_strong,data
2026-10-06T15:26:58,fed_lower,2026-10-05,3.75,green,data
2026-10-06T15:26:58,effr,2026-10-02,3.88,green,data
2026-10-06T15:26:58,ust_2y,2026-10-02,4.83,green,data
2026-10-06T15:26:58,ust_10y,2026-10-02,5.28,red,data
2026-10-06T15:26:58,ust_10y2y,2026-10-05,0.47,yellow,data
2026-10-06T15:26:58,usd_broad,2026-10-02,121.3848,green,data
2026-10-06T15:26:58,dxy,2026-10-06,,green,data
2026-10-06T15:26:58,brent,2026-09-29,113.96,orange,data
2026-10-06T15:26:58,brent_futures,2026-10-06,,yellow,data
2026-10-06T15:26:58,copper,2026-10-05,,red,data
2026-10-06T15:26:58,copper_lme_stock,2026-10-05,,green,data
2026-10-06T15:26:58,copper_comex,2026-10-06,,red,data
2026-10-06T15:26:58,copper_imf,2026-07-31,13542.82086956522,red,data
2026-10-06T15:26:58,hy_spread,2026-10-02,3.1,green_strong,data
2026-10-06T15:26:58,breakeven_10y,2026-10-05,2.36,yellow,data
2026-10-06T15:26:58,vix,2026-10-02,15.31,yellow,data
2026-10-06T15:26:58,us_mortgage_30y,2026-10-01,7.28,yellow,data
2026-10-06T15:26:58,gdp_yoy_published,2026-06-30,8.39,yellow,data
2026-10-06T15:26:58,gdp_yoy,2026-06-30,89.72774377855093,insufficient,data
2026-10-06T15:26:58,gdp_realestate_yoy,2026-06-30,71.97617301993135,insufficient,data
2026-10-06T15:26:58,gdp_construction_yoy,2026-06-30,107.43704178752104,insufficient,data
2026-10-06T15:26:58,export_yoy,2026-07-31,25.590081904262973,yellow,data
2026-10-06T15:26:58,cpi_yoy,2026-08-31,4.89,red,data
2026-10-06T15:26:58,cpi_avg_ytd,2026-07-31,4.393497411553593,yellow,data
2026-10-06T15:26:58,cpi_housing_yoy,2026-08-31,6.6,green,data
2026-10-06T15:26:58,fx_central,2026-08-10,25491.0,yellow,data
2026-10-06T15:26:58,fx_central_ytd,2026-08-10,1.4728713028939966,green,data
2026-10-06T15:26:58,deposit_12m_big4,2026-10-06,5.9,orange,data
2026-10-06T15:26:58,deposit_12m_all,2026-10-06,6.147368421052632,green,data
2026-10-06T15:26:58,interbank_on,2026-07-31,5.72,yellow,data
2026-10-06T15:26:58,refi_rate,2026-08-03,4.5,green,data
2026-10-06T15:26:58,govbond_10y,2026-07-31,4.464118,red,data
2026-10-06T15:26:58,real_rate,2026-08-31,1.010000000000001,yellow,data
2026-10-06T15:26:58,credit_ytd,2026-05-31,4.719252597353663,green,data
2026-10-06T15:26:58,credit_yoy,2026-05-31,16.837719328775336,green,data
2026-10-06T15:26:58,credit_construction_ytd,2026-05-31,5.860894457233434,green,data
2026-10-06T15:26:58,m2_ytd,2026-05-31,2.7283275723141154,green,data
2026-10-06T15:26:58,credit_minus_m2,2026-05-31,1.9909250250395472,green,data
2026-10-06T15:26:58,land_use_revenue,2024-12-31,217245.0,insufficient,data
2026-10-06T15:26:58,public_investment,2026-06-30,81430.19253,yellow,data
2026-10-06T15:26:58,public_investment_ytd_yoy,2026-06-30,13.475454350150606,green,data
2026-10-06T15:26:58,fdi_registered_ytd,2026-07-31,21045.97153151,red,data
2026-10-06T15:26:58,fdi_registered_ytd_yoy,2026-07-31,109.72732069382424,yellow,data
2026-10-06T15:26:58,pmi_vn,2026-08-31,53.3,green,data
2026-10-06T15:27:00,fed_upper,2026-10-05,4.0,green_strong,data
2026-10-06T15:27:00,fed_lower,2026-10-05,3.75,green,data
2026-10-06T15:27:00,effr,2026-10-02,3.88,green,data
2026-10-06T15:27:00,ust_2y,2026-10-02,4.83,green,data
2026-10-06T15:27:00,ust_10y,2026-10-02,5.28,red,data
2026-10-06T15:27:00,ust_10y2y,2026-10-05,0.47,yellow,data
2026-10-06T15:27:00,usd_broad,2026-10-02,121.3848,green,data
2026-10-06T15:27:00,dxy,2026-10-06,,green,data
2026-10-06T15:27:00,brent,2026-09-29,113.96,orange,data
2026-10-06T15:27:00,brent_futures,2026-10-06,,yellow,data
2026-10-06T15:27:00,copper,2026-10-05,,red,data
2026-10-06T15:27:00,copper_lme_stock,2026-10-05,,green,data
2026-10-06T15:27:00,copper_comex,2026-10-06,,red,data
2026-10-06T15:27:00,copper_imf,2026-07-31,13542.82086956522,red,data
2026-10-06T15:27:00,hy_spread,2026-10-02,3.1,green_strong,data
2026-10-06T15:27:00,breakeven_10y,2026-10-05,2.36,yellow,data
2026-10-06T15:27:00,vix,2026-10-02,15.31,yellow,data
2026-10-06T15:27:00,us_mortgage_30y,2026-10-01,7.28,yellow,data
2026-10-06T15:27:00,gdp_yoy_published,2026-06-30,8.39,yellow,data
2026-10-06T15:27:00,gdp_yoy,2026-06-30,89.72774377855093,insufficient,data
2026-10-06T15:27:00,gdp_realestate_yoy,2026-06-30,71.97617301993135,insufficient,data
2026-10-06T15:27:00,gdp_construction_yoy,2026-06-30,107.43704178752104,insufficient,data
2026-10-06T15:27:00,export_yoy,2026-07-31,25.590081904262973,yellow,data
2026-10-06T15:27:00,cpi_yoy,2026-08-31,4.89,red,data
2026-10-06T15:27:00,cpi_avg_ytd,2026-07-31,4.393497411553593,yellow,data
2026-10-06T15:27:00,cpi_housing_yoy,2026-08-31,6.6,green,data
2026-10-06T15:27:00,fx_central,2026-08-10,25491.0,yellow,data
2026-10-06T15:27:00,fx_central_ytd,2026-08-10,1.4728713028939966,green,data
2026-10-06T15:27:00,deposit_12m_big4,2026-10-06,5.9,orange,data
2026-10-06T15:27:00,deposit_12m_all,2026-10-06,6.147368421052632,green,data
2026-10-06T15:27:00,interbank_on,2026-07-31,5.72,yellow,data
2026-10-06T15:27:00,refi_rate,2026-08-03,4.5,green,data
2026-10-06T15:27:00,govbond_10y,2026-07-31,4.464118,red,data
2026-10-06T15:27:00,real_rate,2026-08-31,1.010000000000001,yellow,data
2026-10-06T15:27:00,credit_ytd,2026-05-31,4.719252597353663,green,data
2026-10-06T15:27:00,credit_yoy,2026-05-31,16.837719328775336,green,data
2026-10-06T15:27:00,credit_construction_ytd,2026-05-31,5.860894457233434,green,data
2026-10-06T15:27:00,m2_ytd,2026-05-31,2.7283275723141154,green,data
2026-10-06T15:27:00,credit_minus_m2,2026-05-31,1.9909250250395472,green,data
2026-10-06T15:27:00,land_use_revenue,2024-12-31,217245.0,insufficient,data
2026-10-06T15:27:00,public_investment,2026-06-30,81430.19253,yellow,data
2026-10-06T15:27:00,public_investment_ytd_yoy,2026-06-30,13.475454350150606,green,data
2026-10-06T15:27:00,fdi_registered_ytd,2026-07-31,21045.97153151,red,data
2026-10-06T15:27:00,fdi_registered_ytd_yoy,2026-07-31,109.72732069382424,yellow,data
2026-10-06T15:27:00,pmi_vn,2026-08-31,53.3,green,data
2026-10-06T15:27:04,fed_upper,2026-10-05,4.0,green_strong,data
2026-10-06T15:27:04,fed_lower,2026-10-05,3.75,green,data
2026-10-06T15:27:04,effr,2026-10-02,3.88,green,data
2026-10-06T15:27:04,ust_2y,2026-10-02,4.83,green,data
2026-10-06T15:27:04,ust_10y,2026-10-02,5.28,red,data
2026-10-06T15:27:04,ust_10y2y,2026-10-05,0.47,yellow,data
2026-10-06T15:27:04,usd_broad,2026-10-02,121.3848,green,data
2026-10-06T15:27:04,dxy,2026-10-06,,green,data
2026-10-06T15:27:04,brent,2026-09-29,113.96,orange,data
2026-10-06T15:27:04,brent_futures,2026-10-06,,yellow,data
2026-10-06T15:27:04,copper,2026-10-05,,red,data
2026-10-06T15:27:04,copper_lme_stock,2026-10-05,,green,data
2026-10-06T15:27:04,copper_comex,2026-10-06,,red,data
2026-10-06T15:27:04,copper_imf,2026-07-31,13542.82086956522,red,data
2026-10-06T15:27:04,hy_spread,2026-10-02,3.1,green_strong,data
2026-10-06T15:27:04,breakeven_10y,2026-10-05,2.36,yellow,data
2026-10-06T15:27:04,vix,2026-10-02,15.31,yellow,data
2026-10-06T15:27:04,us_mortgage_30y,2026-10-01,7.28,yellow,data
2026-10-06T15:27:04,gdp_yoy_published,2026-06-30,8.39,yellow,data
2026-10-06T15:27:04,gdp_yoy,2026-06-30,89.72774377855093,insufficient,data
2026-10-06T15:27:04,gdp_realestate_yoy,2026-06-30,71.97617301993135,insufficient,data
2026-10-06T15:27:04,gdp_construction_yoy,2026-06-30,107.43704178752104,insufficient,data
2026-10-06T15:27:04,export_yoy,2026-07-31,25.590081904262973,yellow,data
2026-10-06T15:27:04,cpi_yoy,2026-08-31,4.89,red,data
2026-10-06T15:27:04,cpi_avg_ytd,2026-07-31,4.393497411553593,yellow,data
2026-10-06T15:27:04,cpi_housing_yoy,2026-08-31,6.6,green,data
2026-10-06T15:27:04,fx_central,2026-08-10,25491.0,yellow,data
2026-10-06T15:27:04,fx_central_ytd,2026-08-10,1.4728713028939966,green,data
2026-10-06T15:27:04,deposit_12m_big4,2026-10-06,5.9,orange,data
2026-10-06T15:27:04,deposit_12m_all,2026-10-06,6.147368421052632,green,data
2026-10-06T15:27:04,interbank_on,2026-07-31,5.72,yellow,data
2026-10-06T15:27:04,refi_rate,2026-08-03,4.5,green,data
2026-10-06T15:27:04,govbond_10y,2026-07-31,4.464118,red,data
2026-10-06T15:27:04,real_rate,2026-08-31,1.010000000000001,yellow,data
2026-10-06T15:27:04,credit_ytd,2026-05-31,4.719252597353663,green,data
2026-10-06T15:27:04,credit_yoy,2026-05-31,16.837719328775336,green,data
2026-10-06T15:27:04,credit_construction_ytd,2026-05-31,5.860894457233434,green,data
2026-10-06T15:27:04,m2_ytd,2026-05-31,2.7283275723141154,green,data
2026-10-06T15:27:04,credit_minus_m2,2026-05-31,1.9909250250395472,green,data
2026-10-06T15:27:04,land_use_revenue,2024-12-31,217245.0,insufficient,data
2026-10-06T15:27:04,public_investment,2026-06-30,81430.19253,yellow,data
2026-10-06T15:27:04,public_investment_ytd_yoy,2026-06-30,13.475454350150606,green,data
2026-10-06T15:27:04,fdi_registered_ytd,2026-07-31,21045.97153151,red,data
2026-10-06T15:27:04,fdi_registered_ytd_yoy,2026-07-31,109.72732069382424,yellow,data
2026-10-06T15:27:04,pmi_vn,2026-08-31,53.3,green,data
2026-10-06T15:27:07,fed_upper,2026-10-05,4.0,green_strong,data
2026-10-06T15:27:07,fed_lower,2026-10-05,3.75,green,data
2026-10-06T15:27:07,effr,2026-10-02,3.88,green,data
2026-10-06T15:27:07,ust_2y,2026-10-02,4.83,green,data
2026-10-06T15:27:07,ust_10y,2026-10-02,5.28,red,data
2026-10-06T15:27:07,ust_10y2y,2026-10-05,0.47,yellow,data
2026-10-06T15:27:07,usd_broad,2026-10-02,121.3848,green,data
2026-10-06T15:27:07,dxy,2026-10-06,,green,data
2026-10-06T15:27:07,brent,2026-09-29,113.96,orange,data
2026-10-06T15:27:07,brent_futures,2026-10-06,,yellow,data
2026-10-06T15:27:07,copper,2026-10-05,,red,data
2026-10-06T15:27:07,copper_lme_stock,2026-10-05,,green,data
2026-10-06T15:27:07,copper_comex,2026-10-06,,red,data
2026-10-06T15:27:07,copper_imf,2026-07-31,13542.82086956522,red,data
2026-10-06T15:27:07,hy_spread,2026-10-02,3.1,green_strong,data
2026-10-06T15:27:07,breakeven_10y,2026-10-05,2.36,yellow,data
2026-10-06T15:27:07,vix,2026-10-02,15.31,yellow,data
2026-10-06T15:27:07,us_mortgage_30y,2026-10-01,7.28,yellow,data
2026-10-06T15:27:07,gdp_yoy_published,2026-06-30,8.39,yellow,data
2026-10-06T15:27:07,gdp_yoy,2026-06-30,89.72774377855093,insufficient,data
2026-10-06T15:27:07,gdp_realestate_yoy,2026-06-30,71.97617301993135,insufficient,data
2026-10-06T15:27:07,gdp_construction_yoy,2026-06-30,107.43704178752104,insufficient,data
2026-10-06T15:27:07,export_yoy,2026-07-31,25.590081904262973,yellow,data
2026-10-06T15:27:07,cpi_yoy,2026-08-31,4.89,red,data
2026-10-06T15:27:07,cpi_avg_ytd,2026-07-31,4.393497411553593,yellow,data
2026-10-06T15:27:07,cpi_housing_yoy,2026-08-31,6.6,green,data
2026-10-06T15:27:07,fx_central,2026-08-10,25491.0,yellow,data
2026-10-06T15:27:07,fx_central_ytd,2026-08-10,1.4728713028939966,green,data
2026-10-06T15:27:07,deposit_12m_big4,2026-10-06,5.9,orange,data
2026-10-06T15:27:07,deposit_12m_all,2026-10-06,6.147368421052632,green,data
2026-10-06T15:27:07,interbank_on,2026-07-31,5.72,yellow,data
2026-10-06T15:27:07,refi_rate,2026-08-03,4.5,green,data
2026-10-06T15:27:07,govbond_10y,2026-07-31,4.464118,red,data
2026-10-06T15:27:07,real_rate,2026-08-31,1.010000000000001,yellow,data
2026-10-06T15:27:07,credit_ytd,2026-05-31,4.719252597353663,green,data
2026-10-06T15:27:07,credit_yoy,2026-05-31,16.837719328775336,green,data
2026-10-06T15:27:07,credit_construction_ytd,2026-05-31,5.860894457233434,green,data
2026-10-06T15:27:07,m2_ytd,2026-05-31,2.7283275723141154,green,data
2026-10-06T15:27:07,credit_minus_m2,2026-05-31,1.9909250250395472,green,data
2026-10-06T15:27:07,land_use_revenue,2024-12-31,217245.0,insufficient,data
2026-10-06T15:27:07,public_investment,2026-06-30,81430.19253,yellow,data
2026-10-06T15:27:07,public_investment_ytd_yoy,2026-06-30,13.475454350150606,green,data
2026-10-06T15:27:07,fdi_registered_ytd,2026-07-31,21045.97153151,red,data
2026-10-06T15:27:07,fdi_registered_ytd_yoy,2026-07-31,109.72732069382424,yellow,data
2026-10-06T15:27:07,pmi_vn,2026-08-31,53.3,green,data
2026-10-06T15:27:10,fed_upper,2026-10-05,4.0,green_strong,data
2026-10-06T15:27:10,fed_lower,2026-10-05,3.75,green,data
2026-10-06T15:27:10,effr,2026-10-02,3.88,green,data
2026-10-06T15:27:10,ust_2y,2026-10-02,4.83,green,data
2026-10-06T15:27:10,ust_10y,2026-10-02,5.28,red,data
2026-10-06T15:27:10,ust_10y2y,2026-10-05,0.47,yellow,data
2026-10-06T15:27:10,usd_broad,2026-10-02,121.3848,green,data
2026-10-06T15:27:10,dxy,2026-10-06,,green,data
2026-10-06T15:27:10,brent,2026-09-29,113.96,orange,data
2026-10-06T15:27:10,brent_futures,2026-10-06,,yellow,data
2026-10-06T15:27:10,copper,2026-10-05,,red,data
2026-10-06T15:27:10,copper_lme_stock,2026-10-05,,green,data
2026-10-06T15:27:10,copper_comex,2026-10-06,,red,data
2026-10-06T15:27:10,copper_imf,2026-07-31,13542.82086956522,red,data
2026-10-06T15:27:10,hy_spread,2026-10-02,3.1,green_strong,data
2026-10-06T15:27:10,breakeven_10y,2026-10-05,2.36,yellow,data
2026-10-06T15:27:10,vix,2026-10-02,15.31,yellow,data
2026-10-06T15:27:10,us_mortgage_30y,2026-10-01,7.28,yellow,data
2026-10-06T15:27:10,gdp_yoy_published,2026-06-30,8.39,yellow,data
2026-10-06T15:27:10,gdp_yoy,2026-06-30,89.72774377855093,insufficient,data
2026-10-06T15:27:10,gdp_realestate_yoy,2026-06-30,71.97617301993135,insufficient,data
2026-10-06T15:27:10,gdp_construction_yoy,2026-06-30,107.43704178752104,insufficient,data
2026-10-06T15:27:10,export_yoy,2026-07-31,25.590081904262973,yellow,data
2026-10-06T15:27:10,cpi_yoy,2026-08-31,4.89,red,data
2026-10-06T15:27:10,cpi_avg_ytd,2026-07-31,4.393497411553593,yellow,data
2026-10-06T15:27:10,cpi_housing_yoy,2026-08-31,6.6,green,data
2026-10-06T15:27:10,fx_central,2026-08-10,25491.0,yellow,data
2026-10-06T15:27:10,fx_central_ytd,2026-08-10,1.4728713028939966,green,data
2026-10-06T15:27:10,deposit_12m_big4,2026-10-06,5.9,orange,data
2026-10-06T15:27:10,deposit_12m_all,2026-10-06,6.147368421052632,green,data
2026-10-06T15:27:10,interbank_on,2026-07-31,5.72,yellow,data
2026-10-06T15:27:10,refi_rate,2026-08-03,4.5,green,data
2026-10-06T15:27:10,govbond_10y,2026-07-31,4.464118,red,data
2026-10-06T15:27:10,real_rate,2026-08-31,1.010000000000001,yellow,data
2026-10-06T15:27:10,credit_ytd,2026-05-31,4.719252597353663,green,data
2026-10-06T15:27:10,credit_yoy,2026-05-31,16.837719328775336,green,data
2026-10-06T15:27:10,credit_construction_ytd,2026-05-31,5.860894457233434,green,data
2026-10-06T15:27:10,m2_ytd,2026-05-31,2.7283275723141154,green,data
2026-10-06T15:27:10,credit_minus_m2,2026-05-31,1.9909250250395472,green,data
2026-10-06T15:27:10,land_use_revenue,2024-12-31,217245.0,insufficient,data
2026-10-06T15:27:10,public_investment,2026-06-30,81430.19253,yellow,data
2026-10-06T15:27:10,public_investment_ytd_yoy,2026-06-30,13.475454350150606,green,data
2026-10-06T15:27:10,fdi_registered_ytd,2026-07-31,21045.97153151,red,data
2026-10-06T15:27:10,fdi_registered_ytd_yoy,2026-07-31,109.72732069382424,yellow,data
2026-10-06T15:27:10,pmi_vn,2026-08-31,53.3,green,data
2026-10-06T15:27:12,fed_upper,2026-10-05,4.0,green_strong,data
2026-10-06T15:27:12,fed_lower,2026-10-05,3.75,green,data
2026-10-06T15:27:12,effr,2026-10-02,3.88,green,data
2026-10-06T15:27:12,ust_2y,2026-10-02,4.83,green,data
2026-10-06T15:27:12,ust_10y,2026-10-02,5.28,red,data
2026-10-06T15:27:12,ust_10y2y,2026-10-05,0.47,yellow,data
2026-10-06T15:27:12,usd_broad,2026-10-02,121.3848,green,data
2026-10-06T15:27:12,dxy,2026-10-06,,green,data
2026-10-06T15:27:12,brent,2026-09-29,113.96,orange,data
2026-10-06T15:27:12,brent_futures,2026-10-06,,yellow,data
2026-10-06T15:27:12,copper,2026-10-05,,red,data
2026-10-06T15:27:12,copper_lme_stock,2026-10-05,,green,data
2026-10-06T15:27:12,copper_comex,2026-10-06,,red,data
2026-10-06T15:27:12,copper_imf,2026-07-31,13542.82086956522,red,data
2026-10-06T15:27:12,hy_spread,2026-10-02,3.1,green_strong,data
2026-10-06T15:27:12,breakeven_10y,2026-10-05,2.36,yellow,data
2026-10-06T15:27:12,vix,2026-10-02,15.31,yellow,data
2026-10-06T15:27:12,us_mortgage_30y,2026-10-01,7.28,yellow,data
2026-10-06T15:27:12,gdp_yoy_published,2026-06-30,8.39,yellow,data
2026-10-06T15:27:12,gdp_yoy,2026-06-30,89.72774377855093,insufficient,data
2026-10-06T15:27:12,gdp_realestate_yoy,2026-06-30,71.97617301993135,insufficient,data
2026-10-06T15:27:12,gdp_construction_yoy,2026-06-30,107.43704178752104,insufficient,data
2026-10-06T15:27:12,export_yoy,2026-07-31,25.590081904262973,yellow,data
2026-10-06T15:27:12,cpi_yoy,2026-08-31,4.89,red,data
2026-10-06T15:27:12,cpi_avg_ytd,2026-07-31,4.393497411553593,yellow,data
2026-10-06T15:27:12,cpi_housing_yoy,2026-08-31,6.6,green,data
2026-10-06T15:27:12,fx_central,2026-08-10,25491.0,yellow,data
2026-10-06T15:27:12,fx_central_ytd,2026-08-10,1.4728713028939966,green,data
2026-10-06T15:27:12,deposit_12m_big4,2026-10-06,5.9,orange,data
2026-10-06T15:27:12,deposit_12m_all,2026-10-06,6.147368421052632,green,data
2026-10-06T15:27:12,interbank_on,2026-07-31,5.72,yellow,data
2026-10-06T15:27:12,refi_rate,2026-08-03,4.5,green,data
2026-10-06T15:27:12,govbond_10y,2026-07-31,4.464118,red,data
2026-10-06T15:27:12,real_rate,2026-08-31,1.010000000000001,yellow,data
2026-10-06T15:27:12,credit_ytd,2026-05-31,4.719252597353663,green,data
2026-10-06T15:27:12,credit_yoy,2026-05-31,16.837719328775336,green,data
2026-10-06T15:27:12,credit_construction_ytd,2026-05-31,5.860894457233434,green,data
2026-10-06T15:27:12,m2_ytd,2026-05-31,2.7283275723141154,green,data
2026-10-06T15:27:12,credit_minus_m2,2026-05-31,1.9909250250395472,green,data
2026-10-06T15:27:12,land_use_revenue,2024-12-31,217245.0,insufficient,data
2026-10-06T15:27:12,public_investment,2026-06-30,81430.19253,yellow,data
2026-10-06T15:27:12,public_investment_ytd_yoy,2026-06-30,13.475454350150606,green,data
2026-10-06T15:27:12,fdi_registered_ytd,2026-07-31,21045.97153151,red,data
2026-10-06T15:27:12,fdi_registered_ytd_yoy,2026-07-31,109.72732069382424,yellow,data
2026-10-06T15:27:12,pmi_vn,2026-08-31,53.3,green,data
2026-10-06T15:27:14,fed_upper,2026-10-05,4.0,green_strong,data
2026-10-06T15:27:14,fed_lower,2026-10-05,3.75,green,data
2026-10-06T15:27:14,effr,2026-10-02,3.88,green,data
2026-10-06T15:27:14,ust_2y,2026-10-02,4.83,green,data
2026-10-06T15:27:14,ust_10y,2026-10-02,5.28,red,data
2026-10-06T15:27:14,ust_10y2y,2026-10-05,0.47,yellow,data
2026-10-06T15:27:14,usd_broad,2026-10-02,121.3848,green,data
2026-10-06T15:27:14,dxy,2026-10-06,,green,data
2026-10-06T15:27:14,brent,2026-09-29,113.96,orange,data
2026-10-06T15:27:14,brent_futures,2026-10-06,,yellow,data
2026-10-06T15:27:14,copper,2026-10-05,,red,data
2026-10-06T15:27:14,copper_lme_stock,2026-10-05,,green,data
2026-10-06T15:27:14,copper_comex,2026-10-06,,red,data
2026-10-06T15:27:14,copper_imf,2026-07-31,13542.82086956522,red,data
2026-10-06T15:27:14,hy_spread,2026-10-02,3.1,green_strong,data
2026-10-06T15:27:14,breakeven_10y,2026-10-05,2.36,yellow,data
2026-10-06T15:27:14,vix,2026-10-02,15.31,yellow,data
2026-10-06T15:27:14,us_mortgage_30y,2026-10-01,7.28,yellow,data
2026-10-06T15:27:14,gdp_yoy_published,2026-06-30,8.39,yellow,data
2026-10-06T15:27:14,gdp_yoy,2026-06-30,89.72774377855093,insufficient,data
2026-10-06T15:27:14,gdp_realestate_yoy,2026-06-30,71.97617301993135,insufficient,data
2026-10-06T15:27:14,gdp_construction_yoy,2026-06-30,107.43704178752104,insufficient,data
2026-10-06T15:27:14,export_yoy,2026-07-31,25.590081904262973,yellow,data
2026-10-06T15:27:14,cpi_yoy,2026-08-31,4.89,red,data
2026-10-06T15:27:14,cpi_avg_ytd,2026-07-31,4.393497411553593,yellow,data
2026-10-06T15:27:14,cpi_housing_yoy,2026-08-31,6.6,green,data
2026-10-06T15:27:14,fx_central,2026-08-10,25491.0,yellow,data
2026-10-06T15:27:14,fx_central_ytd,2026-08-10,1.4728713028939966,green,data
2026-10-06T15:27:14,deposit_12m_big4,2026-10-06,5.9,orange,data
2026-10-06T15:27:14,deposit_12m_all,2026-10-06,6.147368421052632,green,data
2026-10-06T15:27:14,interbank_on,2026-07-31,5.72,yellow,data
2026-10-06T15:27:14,refi_rate,2026-08-03,4.5,green,data
2026-10-06T15:27:14,govbond_10y,2026-07-31,4.464118,red,data
2026-10-06T15:27:14,real_rate,2026-08-31,1.010000000000001,yellow,data
2026-10-06T15:27:14,credit_ytd,2026-05-31,4.719252597353663,green,data
2026-10-06T15:27:14,credit_yoy,2026-05-31,16.837719328775336,green,data
2026-10-06T15:27:14,credit_construction_ytd,2026-05-31,5.860894457233434,green,data
2026-10-06T15:27:14,m2_ytd,2026-05-31,2.7283275723141154,green,data
2026-10-06T15:27:14,credit_minus_m2,2026-05-31,1.9909250250395472,green,data
2026-10-06T15:27:14,land_use_revenue,2024-12-31,217245.0,insufficient,data
2026-10-06T15:27:14,public_investment,2026-06-30,81430.19253,yellow,data
2026-10-06T15:27:14,public_investment_ytd_yoy,2026-06-30,13.475454350150606,green,data
2026-10-06T15:27:14,fdi_registered_ytd,2026-07-31,21045.97153151,red,data
2026-10-06T15:27:14,fdi_registered_ytd_yoy,2026-07-31,109.72732069382424,yellow,data
2026-10-06T15:27:14,pmi_vn,2026-08-31,53.3,green,data
2026-10-06T15:27:17,fed_upper,2026-10-05,4.0,green_strong,data
2026-10-06T15:27:17,fed_lower,2026-10-05,3.75,green,data
2026-10-06T15:27:17,effr,2026-10-02,3.88,green,data
2026-10-06T15:27:17,ust_2y,2026-10-02,4.83,green,data
2026-10-06T15:27:17,ust_10y,2026-10-02,5.28,red,data
2026-10-06T15:27:17,ust_10y2y,2026-10-05,0.47,yellow,data
2026-10-06T15:27:17,usd_broad,2026-10-02,121.3848,green,data
2026-10-06T15:27:17,dxy,2026-10-06,,green,data
2026-10-06T15:27:17,brent,2026-09-29,113.96,orange,data
2026-10-06T15:27:17,brent_futures,2026-10-06,,yellow,data
2026-10-06T15:27:17,copper,2026-10-05,,red,data
2026-10-06T15:27:17,copper_lme_stock,2026-10-05,,green,data
2026-10-06T15:27:17,copper_comex,2026-10-06,,red,data
2026-10-06T15:27:17,copper_imf,2026-07-31,13542.82086956522,red,data
2026-10-06T15:27:17,hy_spread,2026-10-02,3.1,green_strong,data
2026-10-06T15:27:17,breakeven_10y,2026-10-05,2.36,yellow,data
2026-10-06T15:27:17,vix,2026-10-02,15.31,yellow,data
2026-10-06T15:27:17,us_mortgage_30y,2026-10-01,7.28,yellow,data
2026-10-06T15:27:17,gdp_yoy_published,2026-06-30,8.39,yellow,data
2026-10-06T15:27:17,gdp_yoy,2026-06-30,89.72774377855093,insufficient,data
2026-10-06T15:27:17,gdp_realestate_yoy,2026-06-30,71.97617301993135,insufficient,data
2026-10-06T15:27:17,gdp_construction_yoy,2026-06-30,107.43704178752104,insufficient,data
2026-10-06T15:27:17,export_yoy,2026-07-31,25.590081904262973,yellow,data
2026-10-06T15:27:17,cpi_yoy,2026-08-31,4.89,red,data
2026-10-06T15:27:17,cpi_avg_ytd,2026-07-31,4.393497411553593,yellow,data
2026-10-06T15:27:17,cpi_housing_yoy,2026-08-31,6.6,green,data
2026-10-06T15:27:17,fx_central,2026-08-10,25491.0,yellow,data
2026-10-06T15:27:17,fx_central_ytd,2026-08-10,1.4728713028939966,green,data
2026-10-06T15:27:17,deposit_12m_big4,2026-10-06,5.9,orange,data
2026-10-06T15:27:17,deposit_12m_all,2026-10-06,6.147368421052632,green,data
2026-10-06T15:27:17,interbank_on,2026-07-31,5.72,yellow,data
2026-10-06T15:27:17,refi_rate,2026-08-03,4.5,green,data
2026-10-06T15:27:17,govbond_10y,2026-07-31,4.464118,red,data
2026-10-06T15:27:17,real_rate,2026-08-31,1.010000000000001,yellow,data
2026-10-06T15:27:17,credit_ytd,2026-05-31,4.719252597353663,green,data
2026-10-06T15:27:17,credit_yoy,2026-05-31,16.837719328775336,green,data
2026-10-06T15:27:17,credit_construction_ytd,2026-05-31,5.860894457233434,green,data
2026-10-06T15:27:17,m2_ytd,2026-05-31,2.7283275723141154,green,data
2026-10-06T15:27:17,credit_minus_m2,2026-05-31,1.9909250250395472,green,data
2026-10-06T15:27:17,land_use_revenue,2024-12-31,217245.0,insufficient,data
2026-10-06T15:27:17,public_investment,2026-06-30,81430.19253,yellow,data
2026-10-06T15:27:17,public_investment_ytd_yoy,2026-06-30,13.475454350150606,green,data
2026-10-06T15:27:17,fdi_registered_ytd,2026-07-31,21045.97153151,red,data
2026-10-06T15:27:17,fdi_registered_ytd_yoy,2026-07-31,109.72732069382424,yellow,data
2026-10-06T15:27:17,pmi_vn,2026-08-31,53.3,green,data
2026-10-06T15:27:20,fed_upper,2026-10-05,4.0,green_strong,data
2026-10-06T15:27:20,fed_lower,2026-10-05,3.75,green,data
2026-10-06T15:27:20,effr,2026-10-02,3.88,green,data
2026-10-06T15:27:20,ust_2y,2026-10-02,4.83,green,data
2026-10-06T15:27:20,ust_10y,2026-10-02,5.28,red,data
2026-10-06T15:27:20,ust_10y2y,2026-10-05,0.47,yellow,data
2026-10-06T15:27:20,usd_broad,2026-10-02,121.3848,green,data
2026-10-06T15:27:20,dxy,2026-10-06,,green,data
2026-10-06T15:27:20,brent,2026-09-29,113.96,orange,data
2026-10-06T15:27:20,brent_futures,2026-10-06,,yellow,data
2026-10-06T15:27:20,copper,2026-10-05,,red,data
2026-10-06T15:27:20,copper_lme_stock,2026-10-05,,green,data
2026-10-06T15:27:20,copper_comex,2026-10-06,,red,data
2026-10-06T15:27:20,copper_imf,2026-07-31,13542.82086956522,red,data
2026-10-06T15:27:20,hy_spread,2026-10-02,3.1,green_strong,data
2026-10-06T15:27:20,breakeven_10y,2026-10-05,2.36,yellow,data
2026-10-06T15:27:20,vix,2026-10-02,15.31,yellow,data
2026-10-06T15:27:20,us_mortgage_30y,2026-10-01,7.28,yellow,data
2026-10-06T15:27:20,gdp_yoy_published,2026-06-30,8.39,yellow,data
2026-10-06T15:27:20,gdp_yoy,2026-06-30,89.72774377855093,insufficient,data
2026-10-06T15:27:20,gdp_realestate_yoy,2026-06-30,71.97617301993135,insufficient,data
2026-10-06T15:27:20,gdp_construction_yoy,2026-06-30,107.43704178752104,insufficient,data
2026-10-06T15:27:20,export_yoy,2026-07-31,25.590081904262973,yellow,data
2026-10-06T15:27:20,cpi_yoy,2026-08-31,4.89,red,data
2026-10-06T15:27:20,cpi_avg_ytd,2026-07-31,4.393497411553593,yellow,data
2026-10-06T15:27:20,cpi_housing_yoy,2026-08-31,6.6,green,data
2026-10-06T15:27:20,fx_central,2026-08-10,25491.0,yellow,data
2026-10-06T15:27:20,fx_central_ytd,2026-08-10,1.4728713028939966,green,data
2026-10-06T15:27:20,deposit_12m_big4,2026-10-06,5.9,orange,data
2026-10-06T15:27:20,deposit_12m_all,2026-10-06,6.147368421052632,green,data
2026-10-06T15:27:20,interbank_on,2026-07-31,5.72,yellow,data
2026-10-06T15:27:20,refi_rate,2026-08-03,4.5,green,data
2026-10-06T15:27:20,govbond_10y,2026-07-31,4.464118,red,data
2026-10-06T15:27:20,real_rate,2026-08-31,1.010000000000001,yellow,data
2026-10-06T15:27:20,credit_ytd,2026-05-31,4.719252597353663,green,data
2026-10-06T15:27:20,credit_yoy,2026-05-31,16.837719328775336,green,data
2026-10-06T15:27:20,credit_construction_ytd,2026-05-31,5.860894457233434,green,data
2026-10-06T15:27:20,m2_ytd,2026-05-31,2.7283275723141154,green,data
2026-10-06T15:27:20,credit_minus_m2,2026-05-31,1.9909250250395472,green,data
2026-10-06T15:27:20,land_use_revenue,2024-12-31,217245.0,insufficient,data
2026-10-06T15:27:20,public_investment,2026-06-30,81430.19253,yellow,data
2026-10-06T15:27:20,public_investment_ytd_yoy,2026-06-30,13.475454350150606,green,data
2026-10-06T15:27:20,fdi_registered_ytd,2026-07-31,21045.97153151,red,data
2026-10-06T15:27:20,fdi_registered_ytd_yoy,2026-07-31,109.72732069382424,yellow,data
2026-10-06T15:27:20,pmi_vn,2026-08-31,53.3,green,data
2026-10-06T15:27:22,fed_upper,2026-10-05,4.0,green_strong,data
2026-10-06T15:27:22,fed_lower,2026-10-05,3.75,green,data
2026-10-06T15:27:22,effr,2026-10-02,3.88,green,data
2026-10-06T15:27:22,ust_2y,2026-10-02,4.83,green,data
2026-10-06T15:27:22,ust_10y,2026-10-02,5.28,red,data
2026-10-06T15:27:22,ust_10y2y,2026-10-05,0.47,yellow,data
2026-10-06T15:27:22,usd_broad,2026-10-02,121.3848,green,data
2026-10-06T15:27:22,dxy,2026-10-06,,green,data
2026-10-06T15:27:22,brent,2026-09-29,113.96,orange,data
2026-10-06T15:27:22,brent_futures,2026-10-06,,yellow,data
2026-10-06T15:27:22,copper,2026-10-05,,red,data
2026-10-06T15:27:22,copper_lme_stock,2026-10-05,,green,data
2026-10-06T15:27:22,copper_comex,2026-10-06,,red,data
2026-10-06T15:27:22,copper_imf,2026-07-31,13542.82086956522,red,data
2026-10-06T15:27:22,hy_spread,2026-10-02,3.1,green_strong,data
2026-10-06T15:27:22,breakeven_10y,2026-10-05,2.36,yellow,data
2026-10-06T15:27:22,vix,2026-10-02,15.31,yellow,data
2026-10-06T15:27:22,us_mortgage_30y,2026-10-01,7.28,yellow,data
2026-10-06T15:27:22,gdp_yoy_published,2026-06-30,8.39,yellow,data
2026-10-06T15:27:22,gdp_yoy,2026-06-30,89.72774377855093,insufficient,data
2026-10-06T15:27:22,gdp_realestate_yoy,2026-06-30,71.97617301993135,insufficient,data
2026-10-06T15:27:22,gdp_construction_yoy,2026-06-30,107.43704178752104,insufficient,data
2026-10-06T15:27:22,export_yoy,2026-07-31,25.590081904262973,yellow,data
2026-10-06T15:27:22,cpi_yoy,2026-08-31,4.89,red,data
2026-10-06T15:27:22,cpi_avg_ytd,2026-07-31,4.393497411553593,yellow,data
2026-10-06T15:27:22,cpi_housing_yoy,2026-08-31,6.6,green,data
2026-10-06T15:27:22,fx_central,2026-08-10,25491.0,yellow,data
2026-10-06T15:27:22,fx_central_ytd,2026-08-10,1.4728713028939966,green,data
2026-10-06T15:27:22,deposit_12m_big4,2026-10-06,5.9,orange,data
2026-10-06T15:27:22,deposit_12m_all,2026-10-06,6.147368421052632,green,data
2026-10-06T15:27:22,interbank_on,2026-07-31,5.72,yellow,data
2026-10-06T15:27:22,refi_rate,2026-08-03,4.5,green,data
2026-10-06T15:27:22,govbond_10y,2026-07-31,4.464118,red,data
2026-10-06T15:27:22,real_rate,2026-08-31,1.010000000000001,yellow,data
2026-10-06T15:27:22,credit_ytd,2026-05-31,4.719252597353663,green,data
2026-10-06T15:27:22,credit_yoy,2026-05-31,16.837719328775336,green,data
2026-10-06T15:27:22,credit_construction_ytd,2026-05-31,5.860894457233434,green,data
2026-10-06T15:27:22,m2_ytd,2026-05-31,2.7283275723141154,green,data
2026-10-06T15:27:22,credit_minus_m2,2026-05-31,1.9909250250395472,green,data
2026-10-06T15:27:22,land_use_revenue,2024-12-31,217245.0,insufficient,data
2026-10-06T15:27:22,public_investment,2026-06-30,81430.19253,yellow,data
2026-10-06T15:27:22,public_investment_ytd_yoy,2026-06-30,13.475454350150606,green,data
2026-10-06T15:27:22,fdi_registered_ytd,2026-07-31,21045.97153151,red,data
2026-10-06T15:27:22,fdi_registered_ytd_yoy,2026-07-31,109.72732069382424,yellow,data
2026-10-06T15:27:22,pmi_vn,2026-08-31,53.3,green,data
2026-10-06T15:27:25,fed_upper,2026-10-05,4.0,green_strong,data
2026-10-06T15:27:25,fed_lower,2026-10-05,3.75,green,data
2026-10-06T15:27:25,effr,2026-10-02,3.88,green,data
2026-10-06T15:27:25,ust_2y,2026-10-02,4.83,green,data
2026-10-06T15:27:25,ust_10y,2026-10-02,5.28,red,data
2026-10-06T15:27:25,ust_10y2y,2026-10-05,0.47,yellow,data
2026-10-06T15:27:25,usd_broad,2026-10-02,121.3848,green,data
2026-10-06T15:27:25,dxy,2026-10-06,,green,data
2026-10-06T15:27:25,brent,2026-09-29,113.96,orange,data
2026-10-06T15:27:25,brent_futures,2026-10-06,,yellow,data
2026-10-06T15:27:25,copper,2026-10-05,,red,data
2026-10-06T15:27:25,copper_lme_stock,2026-10-05,,green,data
2026-10-06T15:27:25,copper_comex,2026-10-06,,red,data
2026-10-06T15:27:25,copper_imf,2026-07-31,13542.82086956522,red,data
2026-10-06T15:27:25,hy_spread,2026-10-02,3.1,green_strong,data
2026-10-06T15:27:25,breakeven_10y,2026-10-05,2.36,yellow,data
2026-10-06T15:27:25,vix,2026-10-02,15.31,yellow,data
2026-10-06T15:27:25,us_mortgage_30y,2026-10-01,7.28,yellow,data
2026-10-06T15:27:25,gdp_yoy_published,2026-06-30,8.39,yellow,data
2026-10-06T15:27:25,gdp_yoy,2026-06-30,89.72774377855093,insufficient,data
2026-10-06T15:27:25,gdp_realestate_yoy,2026-06-30,71.97617301993135,insufficient,data
2026-10-06T15:27:25,gdp_construction_yoy,2026-06-30,107.43704178752104,insufficient,data
2026-10-06T15:27:25,export_yoy,2026-07-31,25.590081904262973,yellow,data
2026-10-06T15:27:25,cpi_yoy,2026-08-31,4.89,red,data
2026-10-06T15:27:25,cpi_avg_ytd,2026-07-31,4.393497411553593,yellow,data
2026-10-06T15:27:25,cpi_housing_yoy,2026-08-31,6.6,green,data
2026-10-06T15:27:25,fx_central,2026-08-10,25491.0,yellow,data
2026-10-06T15:27:25,fx_central_ytd,2026-08-10,1.4728713028939966,green,data
2026-10-06T15:27:25,deposit_12m_big4,2026-10-06,5.9,orange,data
2026-10-06T15:27:25,deposit_12m_all,2026-10-06,6.147368421052632,green,data
2026-10-06T15:27:25,interbank_on,2026-07-31,5.72,yellow,data
2026-10-06T15:27:25,refi_rate,2026-08-03,4.5,green,data
2026-10-06T15:27:25,govbond_10y,2026-07-31,4.464118,red,data
2026-10-06T15:27:25,real_rate,2026-08-31,1.010000000000001,yellow,data
2026-10-06T15:27:25,credit_ytd,2026-05-31,4.719252597353663,green,data
2026-10-06T15:27:25,credit_yoy,2026-05-31,16.837719328775336,green,data
2026-10-06T15:27:25,credit_construction_ytd,2026-05-31,5.860894457233434,green,data
2026-10-06T15:27:25,m2_ytd,2026-05-31,2.7283275723141154,green,data
2026-10-06T15:27:25,credit_minus_m2,2026-05-31,1.9909250250395472,green,data
2026-10-06T15:27:25,land_use_revenue,2024-12-31,217245.0,insufficient,data
2026-10-06T15:27:25,public_investment,2026-06-30,81430.19253,yellow,data
2026-10-06T15:27:25,public_investment_ytd_yoy,2026-06-30,13.475454350150606,green,data
2026-10-06T15:27:25,fdi_registered_ytd,2026-07-31,21045.97153151,red,data
2026-10-06T15:27:25,fdi_registered_ytd_yoy,2026-07-31,109.72732069382424,yellow,data
2026-10-06T15:27:25,pmi_vn,2026-08-31,53.3,green,data
2026-10-06T15:27:25,fed_upper,2026-10-05,4.0,green_strong,data
2026-10-06T15:27:25,fed_lower,2026-10-05,3.75,green,data
2026-10-06T15:27:25,effr,2026-10-02,3.88,green,data
2026-10-06T15:27:25,ust_2y,2026-10-02,4.83,green,data
2026-10-06T15:27:25,ust_10y,2026-10-02,5.28,red,data
2026-10-06T15:27:25,ust_10y2y,2026-10-05,0.47,yellow,data
2026-10-06T15:27:25,usd_broad,2026-10-02,121.3848,green,data
2026-10-06T15:27:25,dxy,2026-10-06,,green,data
2026-10-06T15:27:25,brent,2026-09-29,113.96,orange,data
2026-10-06T15:27:25,brent_futures,2026-10-06,,yellow,data
2026-10-06T15:27:25,copper,2026-10-05,,red,data
2026-10-06T15:27:25,copper_lme_stock,2026-10-05,,green,data
2026-10-06T15:27:25,copper_comex,2026-10-06,,red,data
2026-10-06T15:27:25,copper_imf,2026-07-31,13542.82086956522,red,data
2026-10-06T15:27:25,hy_spread,2026-10-02,3.1,green_strong,data
2026-10-06T15:27:25,breakeven_10y,2026-10-05,2.36,yellow,data
2026-10-06T15:27:25,vix,2026-10-02,15.31,yellow,data
2026-10-06T15:27:25,us_mortgage_30y,2026-10-01,7.28,yellow,data
2026-10-06T15:27:25,gdp_yoy_published,2026-06-30,8.39,yellow,data
2026-10-06T15:27:25,gdp_yoy,2026-06-30,89.72774377855093,insufficient,data
2026-10-06T15:27:25,gdp_realestate_yoy,2026-06-30,71.97617301993135,insufficient,data
2026-10-06T15:27:25,gdp_construction_yoy,2026-06-30,107.43704178752104,insufficient,data
2026-10-06T15:27:25,export_yoy,2026-07-31,25.590081904262973,yellow,data
2026-10-06T15:27:25,cpi_yoy,2026-08-31,4.89,red,data
2026-10-06T15:27:25,cpi_avg_ytd,2026-07-31,4.393497411553593,yellow,data
2026-10-06T15:27:25,cpi_housing_yoy,2026-08-31,6.6,green,data
2026-10-06T15:27:25,fx_central,2026-08-10,25491.0,yellow,data
2026-10-06T15:27:25,fx_central_ytd,2026-08-10,1.4728713028939966,green,data
2026-10-06T15:27:25,deposit_12m_big4,2026-10-06,5.9,orange,data
2026-10-06T15:27:25,deposit_12m_all,2026-10-06,6.147368421052632,green,data
2026-10-06T15:27:25,interbank_on,2026-07-31,5.72,yellow,data
2026-10-06T15:27:25,refi_rate,2026-08-03,4.5,green,data
2026-10-06T15:27:25,govbond_10y,2026-07-31,4.464118,red,data
2026-10-06T15:27:25,real_rate,2026-08-31,1.010000000000001,yellow,data
2026-10-06T15:27:25,credit_ytd,2026-05-31,4.719252597353663,green,data
2026-10-06T15:27:25,credit_yoy,2026-05-31,16.837719328775336,green,data
2026-10-06T15:27:25,credit_construction_ytd,2026-05-31,5.860894457233434,green,data
2026-10-06T15:27:25,m2_ytd,2026-05-31,2.7283275723141154,green,data
2026-10-06T15:27:25,credit_minus_m2,2026-05-31,1.9909250250395472,green,data
2026-10-06T15:27:25,land_use_revenue,2024-12-31,217245.0,insufficient,data
2026-10-06T15:27:25,public_investment,2026-06-30,81430.19253,yellow,data
2026-10-06T15:27:25,public_investment_ytd_yoy,2026-06-30,13.475454350150606,green,data
2026-10-06T15:27:25,fdi_registered_ytd,2026-07-31,21045.97153151,red,data
2026-10-06T15:27:25,fdi_registered_ytd_yoy,2026-07-31,109.72732069382424,yellow,data
2026-10-06T15:27:25,pmi_vn,2026-08-31,53.3,green,data
2026-10-06T15:27:28,fed_upper,2026-10-05,4.0,green_strong,data
2026-10-06T15:27:28,fed_lower,2026-10-05,3.75,green,data
2026-10-06T15:27:28,effr,2026-10-02,3.88,green,data
2026-10-06T15:27:28,ust_2y,2026-10-02,4.83,green,data
2026-10-06T15:27:28,ust_10y,2026-10-02,5.28,red,data
2026-10-06T15:27:28,ust_10y2y,2026-10-05,0.47,yellow,data
2026-10-06T15:27:28,usd_broad,2026-10-02,121.3848,green,data
2026-10-06T15:27:28,dxy,2026-10-06,,green,data
2026-10-06T15:27:28,brent,2026-09-29,113.96,orange,data
2026-10-06T15:27:28,brent_futures,2026-10-06,,yellow,data
2026-10-06T15:27:28,copper,2026-10-05,,red,data
2026-10-06T15:27:28,copper_lme_stock,2026-10-05,,green,data
2026-10-06T15:27:28,copper_comex,2026-10-06,,red,data
2026-10-06T15:27:28,copper_imf,2026-07-31,13542.82086956522,red,data
2026-10-06T15:27:28,hy_spread,2026-10-02,3.1,green_strong,data
2026-10-06T15:27:28,breakeven_10y,2026-10-05,2.36,yellow,data
2026-10-06T15:27:28,vix,2026-10-02,15.31,yellow,data
2026-10-06T15:27:28,us_mortgage_30y,2026-10-01,7.28,yellow,data
2026-10-06T15:27:28,gdp_yoy_published,2026-06-30,8.39,yellow,data
2026-10-06T15:27:28,gdp_yoy,2026-06-30,89.72774377855093,insufficient,data
2026-10-06T15:27:28,gdp_realestate_yoy,2026-06-30,71.97617301993135,insufficient,data
2026-10-06T15:27:28,gdp_construction_yoy,2026-06-30,107.43704178752104,insufficient,data
2026-10-06T15:27:28,export_yoy,2026-07-31,25.590081904262973,yellow,data
2026-10-06T15:27:28,cpi_yoy,2026-08-31,4.89,red,data
2026-10-06T15:27:28,cpi_avg_ytd,2026-07-31,4.393497411553593,yellow,data
2026-10-06T15:27:28,cpi_housing_yoy,2026-08-31,6.6,green,data
2026-10-06T15:27:28,fx_central,2026-08-10,25491.0,yellow,data
2026-10-06T15:27:28,fx_central_ytd,2026-08-10,1.4728713028939966,green,data
2026-10-06T15:27:28,deposit_12m_big4,2026-10-06,5.9,orange,data
2026-10-06T15:27:28,deposit_12m_all,2026-10-06,6.147368421052632,green,data
2026-10-06T15:27:28,interbank_on,2026-07-31,5.72,yellow,data
2026-10-06T15:27:28,refi_rate,2026-08-03,4.5,green,data
2026-10-06T15:27:28,govbond_10y,2026-07-31,4.464118,red,data
2026-10-06T15:27:28,real_rate,2026-08-31,1.010000000000001,yellow,data
2026-10-06T15:27:28,credit_ytd,2026-05-31,4.719252597353663,green,data
2026-10-06T15:27:28,credit_yoy,2026-05-31,16.837719328775336,green,data
2026-10-06T15:27:28,credit_construction_ytd,2026-05-31,5.860894457233434,green,data
2026-10-06T15:27:28,m2_ytd,2026-05-31,2.7283275723141154,green,data
2026-10-06T15:27:28,credit_minus_m2,2026-05-31,1.9909250250395472,green,data
2026-10-06T15:27:28,land_use_revenue,2024-12-31,217245.0,insufficient,data
2026-10-06T15:27:28,public_investment,2026-06-30,81430.19253,yellow,data
2026-10-06T15:27:28,public_investment_ytd_yoy,2026-06-30,13.475454350150606,green,data
2026-10-06T15:27:28,fdi_registered_ytd,2026-07-31,21045.97153151,red,data
2026-10-06T15:27:28,fdi_registered_ytd_yoy,2026-07-31,109.72732069382424,yellow,data
2026-10-06T15:27:28,pmi_vn,2026-08-31,53.3,green,data
2026-10-06T15:27:31,fed_upper,2026-10-05,4.0,green_strong,data
2026-10-06T15:27:31,fed_lower,2026-10-05,3.75,green,data
2026-10-06T15:27:31,effr,2026-10-02,3.88,green,data
2026-10-06T15:27:31,ust_2y,2026-10-02,4.83,green,data
2026-10-06T15:27:31,ust_10y,2026-10-02,5.28,red,data
2026-10-06T15:27:31,ust_10y2y,2026-10-05,0.47,yellow,data
2026-10-06T15:27:31,usd_broad,2026-10-02,121.3848,green,data
2026-10-06T15:27:31,dxy,2026-10-06,,green,data
2026-10-06T15:27:31,brent,2026-09-29,113.96,orange,data
2026-10-06T15:27:31,brent_futures,2026-10-06,,yellow,data
2026-10-06T15:27:31,copper,2026-10-05,,red,data
2026-10-06T15:27:31,copper_lme_stock,2026-10-05,,green,data
2026-10-06T15:27:31,copper_comex,2026-10-06,,red,data
2026-10-06T15:27:31,copper_imf,2026-07-31,13542.82086956522,red,data
2026-10-06T15:27:31,hy_spread,2026-10-02,3.1,green_strong,data
2026-10-06T15:27:31,breakeven_10y,2026-10-05,2.36,yellow,data
2026-10-06T15:27:31,vix,2026-10-02,15.31,yellow,data
2026-10-06T15:27:31,us_mortgage_30y,2026-10-01,7.28,yellow,data
2026-10-06T15:27:31,gdp_yoy_published,2026-06-30,8.39,yellow,data
2026-10-06T15:27:31,gdp_yoy,2026-06-30,89.72774377855093,insufficient,data
2026-10-06T15:27:31,gdp_realestate_yoy,2026-06-30,71.97617301993135,insufficient,data
2026-10-06T15:27:31,gdp_construction_yoy,2026-06-30,107.43704178752104,insufficient,data
2026-10-06T15:27:31,export_yoy,2026-07-31,25.590081904262973,yellow,data
2026-10-06T15:27:31,cpi_yoy,2026-08-31,4.89,red,data
2026-10-06T15:27:31,cpi_avg_ytd,2026-07-31,4.393497411553593,yellow,data
2026-10-06T15:27:31,cpi_housing_yoy,2026-08-31,6.6,green,data
2026-10-06T15:27:31,fx_central,2026-08-10,25491.0,yellow,data
2026-10-06T15:27:31,fx_central_ytd,2026-08-10,1.4728713028939966,green,data
2026-10-06T15:27:31,deposit_12m_big4,2026-10-06,5.9,orange,data
2026-10-06T15:27:31,deposit_12m_all,2026-10-06,6.147368421052632,green,data
2026-10-06T15:27:31,interbank_on,2026-07-31,5.72,yellow,data
2026-10-06T15:27:31,refi_rate,2026-08-03,4.5,green,data
2026-10-06T15:27:31,govbond_10y,2026-07-31,4.464118,red,data
2026-10-06T15:27:31,real_rate,2026-08-31,1.010000000000001,yellow,data
2026-10-06T15:27:31,credit_ytd,2026-05-31,4.719252597353663,green,data
2026-10-06T15:27:31,credit_yoy,2026-05-31,16.837719328775336,green,data
2026-10-06T15:27:31,credit_construction_ytd,2026-05-31,5.860894457233434,green,data
2026-10-06T15:27:31,m2_ytd,2026-05-31,2.7283275723141154,green,data
2026-10-06T15:27:31,credit_minus_m2,2026-05-31,1.9909250250395472,green,data
2026-10-06T15:27:31,land_use_revenue,2024-12-31,217245.0,insufficient,data
2026-10-06T15:27:31,public_investment,2026-06-30,81430.19253,yellow,data
2026-10-06T15:27:31,public_investment_ytd_yoy,2026-06-30,13.475454350150606,green,data
2026-10-06T15:27:31,fdi_registered_ytd,2026-07-31,21045.97153151,red,data
2026-10-06T15:27:31,fdi_registered_ytd_yoy,2026-07-31,109.72732069382424,yellow,data
2026-10-06T15:27:31,pmi_vn,2026-08-31,53.3,green,data
2026-10-06T15:27:33,fed_upper,2026-10-05,4.0,green_strong,data
2026-10-06T15:27:33,fed_lower,2026-10-05,3.75,green,data
2026-10-06T15:27:33,effr,2026-10-02,3.88,green,data
2026-10-06T15:27:33,ust_2y,2026-10-02,4.83,green,data
2026-10-06T15:27:33,ust_10y,2026-10-02,5.28,red,data
2026-10-06T15:27:33,ust_10y2y,2026-10-05,0.47,yellow,data
2026-10-06T15:27:33,usd_broad,2026-10-02,121.3848,green,data
2026-10-06T15:27:33,dxy,2026-10-06,,green,data
2026-10-06T15:27:33,brent,2026-09-29,113.96,orange,data
2026-10-06T15:27:33,brent_futures,2026-10-06,,yellow,data
2026-10-06T15:27:33,copper,2026-10-05,,red,data
2026-10-06T15:27:33,copper_lme_stock,2026-10-05,,green,data
2026-10-06T15:27:33,copper_comex,2026-10-06,,red,data
2026-10-06T15:27:33,copper_imf,2026-07-31,13542.82086956522,red,data
2026-10-06T15:27:33,hy_spread,2026-10-02,3.1,green_strong,data
2026-10-06T15:27:33,breakeven_10y,2026-10-05,2.36,yellow,data
2026-10-06T15:27:33,vix,2026-10-02,15.31,yellow,data
2026-10-06T15:27:33,us_mortgage_30y,2026-10-01,7.28,yellow,data
2026-10-06T15:27:33,gdp_yoy_published,2026-06-30,8.39,yellow,data
2026-10-06T15:27:33,gdp_yoy,2026-06-30,89.72774377855093,insufficient,data
2026-10-06T15:27:33,gdp_realestate_yoy,2026-06-30,71.97617301993135,insufficient,data
2026-10-06T15:27:33,gdp_construction_yoy,2026-06-30,107.43704178752104,insufficient,data
2026-10-06T15:27:33,export_yoy,2026-07-31,25.590081904262973,yellow,data
2026-10-06T15:27:33,cpi_yoy,2026-08-31,4.89,red,data
2026-10-06T15:27:33,cpi_avg_ytd,2026-07-31,4.393497411553593,yellow,data
2026-10-06T15:27:33,cpi_housing_yoy,2026-08-31,6.6,green,data
2026-10-06T15:27:33,fx_central,2026-08-10,25491.0,yellow,data
2026-10-06T15:27:33,fx_central_ytd,2026-08-10,1.4728713028939966,green,data
2026-10-06T15:27:33,deposit_12m_big4,2026-10-06,5.9,orange,data
2026-10-06T15:27:33,deposit_12m_all,2026-10-06,6.147368421052632,green,data
2026-10-06T15:27:33,interbank_on,2026-07-31,5.72,yellow,data
2026-10-06T15:27:33,refi_rate,2026-08-03,4.5,green,data
2026-10-06T15:27:33,govbond_10y,2026-07-31,4.464118,red,data
2026-10-06T15:27:33,real_rate,2026-08-31,1.010000000000001,yellow,data
2026-10-06T15:27:33,credit_ytd,2026-05-31,4.719252597353663,green,data
2026-10-06T15:27:33,credit_yoy,2026-05-31,16.837719328775336,green,data
2026-10-06T15:27:33,credit_construction_ytd,2026-05-31,5.860894457233434,green,data
2026-10-06T15:27:33,m2_ytd,2026-05-31,2.7283275723141154,green,data
2026-10-06T15:27:33,credit_minus_m2,2026-05-31,1.9909250250395472,green,data
2026-10-06T15:27:33,land_use_revenue,2024-12-31,217245.0,insufficient,data
2026-10-06T15:27:33,public_investment,2026-06-30,81430.19253,yellow,data
2026-10-06T15:27:33,public_investment_ytd_yoy,2026-06-30,13.475454350150606,green,data
2026-10-06T15:27:33,fdi_registered_ytd,2026-07-31,21045.97153151,red,data
2026-10-06T15:27:33,fdi_registered_ytd_yoy,2026-07-31,109.72732069382424,yellow,data
2026-10-06T15:27:33,pmi_vn,2026-08-31,53.3,green,data
2026-10-06T15:27:39,fed_upper,2026-10-05,4.0,green_strong,data
2026-10-06T15:27:39,fed_lower,2026-10-05,3.75,green,data
2026-10-06T15:27:39,effr,2026-10-02,3.88,green,data
2026-10-06T15:27:39,ust_2y,2026-10-02,4.83,green,data
2026-10-06T15:27:39,ust_10y,2026-10-02,5.28,red,data
2026-10-06T15:27:39,ust_10y2y,2026-10-05,0.47,yellow,data
2026-10-06T15:27:39,usd_broad,2026-10-02,121.3848,green,data
2026-10-06T15:27:39,dxy,2026-10-06,,green,data
2026-10-06T15:27:39,brent,2026-09-29,113.96,orange,data
2026-10-06T15:27:39,brent_futures,2026-10-06,,yellow,data
2026-10-06T15:27:39,copper,2026-10-05,,red,data
2026-10-06T15:27:39,copper_lme_stock,2026-10-05,,green,data
2026-10-06T15:27:39,copper_comex,2026-10-06,,red,data
2026-10-06T15:27:39,copper_imf,2026-07-31,13542.82086956522,red,data
2026-10-06T15:27:39,hy_spread,2026-10-02,3.1,green_strong,data
2026-10-06T15:27:39,breakeven_10y,2026-10-05,2.36,yellow,data
2026-10-06T15:27:39,vix,2026-10-02,15.31,yellow,data
2026-10-06T15:27:39,us_mortgage_30y,2026-10-01,7.28,yellow,data
2026-10-06T15:27:39,gdp_yoy_published,2026-06-30,8.39,yellow,data
2026-10-06T15:27:39,gdp_yoy,2026-06-30,89.72774377855093,insufficient,data
2026-10-06T15:27:39,gdp_realestate_yoy,2026-06-30,71.97617301993135,insufficient,data
2026-10-06T15:27:39,gdp_construction_yoy,2026-06-30,107.43704178752104,insufficient,data
2026-10-06T15:27:39,export_yoy,2026-07-31,25.590081904262973,yellow,data
2026-10-06T15:27:39,cpi_yoy,2026-08-31,4.89,red,data
2026-10-06T15:27:39,cpi_avg_ytd,2026-07-31,4.393497411553593,yellow,data
2026-10-06T15:27:39,cpi_housing_yoy,2026-08-31,6.6,green,data
2026-10-06T15:27:39,fx_central,2026-08-10,25491.0,yellow,data
2026-10-06T15:27:39,fx_central_ytd,2026-08-10,1.4728713028939966,green,data
2026-10-06T15:27:39,deposit_12m_big4,2026-10-06,5.9,orange,data
2026-10-06T15:27:39,deposit_12m_all,2026-10-06,6.147368421052632,green,data
2026-10-06T15:27:39,interbank_on,2026-07-31,5.72,yellow,data
2026-10-06T15:27:39,refi_rate,2026-08-03,4.5,green,data
2026-10-06T15:27:39,govbond_10y,2026-07-31,4.464118,red,data
2026-10-06T15:27:39,real_rate,2026-08-31,1.010000000000001,yellow,data
2026-10-06T15:27:39,credit_ytd,2026-05-31,4.719252597353663,green,data
2026-10-06T15:27:39,credit_yoy,2026-05-31,16.837719328775336,green,data
2026-10-06T15:27:39,credit_construction_ytd,2026-05-31,5.860894457233434,green,data
2026-10-06T15:27:39,m2_ytd,2026-05-31,2.7283275723141154,green,data
2026-10-06T15:27:39,credit_minus_m2,2026-05-31,1.9909250250395472,green,data
2026-10-06T15:27:39,land_use_revenue,2024-12-31,217245.0,insufficient,data
2026-10-06T15:27:39,public_investment,2026-06-30,81430.19253,yellow,data
2026-10-06T15:27:39,public_investment_ytd_yoy,2026-06-30,13.475454350150606,green,data
2026-10-06T15:27:39,fdi_registered_ytd,2026-07-31,21045.97153151,red,data
2026-10-06T15:27:39,fdi_registered_ytd_yoy,2026-07-31,109.72732069382424,yellow,data
2026-10-06T15:27:39,pmi_vn,2026-08-31,53.3,green,data
2026-10-06T15:28:21,fed_upper,2026-10-05,4.0,green_strong,data
2026-10-06T15:28:21,fed_lower,2026-10-05,3.75,green,data
2026-10-06T15:28:21,effr,2026-10-02,3.88,green,data
2026-10-06T15:28:21,ust_2y,2026-10-02,4.83,green,data
2026-10-06T15:28:21,ust_10y,2026-10-02,5.28,red,data
2026-10-06T15:28:21,ust_10y2y,2026-10-05,0.47,yellow,data
2026-10-06T15:28:21,usd_broad,2026-10-02,121.3848,green,data
2026-10-06T15:28:21,dxy,2026-10-06,,green,data
2026-10-06T15:28:21,brent,2026-09-29,113.96,orange,data
2026-10-06T15:28:21,brent_futures,2026-10-06,,yellow,data
2026-10-06T15:28:21,copper,2026-10-05,,red,data
2026-10-06T15:28:21,copper_lme_stock,2026-10-05,,green,data
2026-10-06T15:28:21,copper_comex,2026-10-06,,red,data
2026-10-06T15:28:21,copper_imf,2026-07-31,13542.82086956522,red,data
2026-10-06T15:28:21,hy_spread,2026-10-02,3.1,green_strong,data
2026-10-06T15:28:21,breakeven_10y,2026-10-05,2.36,yellow,data
2026-10-06T15:28:21,vix,2026-10-02,15.31,yellow,data
2026-10-06T15:28:21,us_mortgage_30y,2026-10-01,7.28,yellow,data
2026-10-06T15:28:21,gdp_yoy_published,2026-06-30,8.39,yellow,data
2026-10-06T15:28:21,gdp_yoy,2026-06-30,89.72774377855093,insufficient,data
2026-10-06T15:28:21,gdp_realestate_yoy,2026-06-30,71.97617301993135,insufficient,data
2026-10-06T15:28:21,gdp_construction_yoy,2026-06-30,107.43704178752104,insufficient,data
2026-10-06T15:28:21,export_yoy,2026-07-31,25.590081904262973,yellow,data
2026-10-06T15:28:21,cpi_yoy,2026-08-31,4.89,red,data
2026-10-06T15:28:21,cpi_avg_ytd,2026-07-31,4.393497411553593,yellow,data
2026-10-06T15:28:21,cpi_housing_yoy,2026-08-31,6.6,green,data
2026-10-06T15:28:21,fx_central,2026-08-10,25491.0,yellow,data
2026-10-06T15:28:21,fx_central_ytd,2026-08-10,1.4728713028939966,green,data
2026-10-06T15:28:21,deposit_12m_big4,2026-10-06,5.9,orange,data
2026-10-06T15:28:21,deposit_12m_all,2026-10-06,6.147368421052632,green,data
2026-10-06T15:28:21,interbank_on,2026-07-31,5.72,yellow,data
2026-10-06T15:28:21,refi_rate,2026-08-03,4.5,green,data
2026-10-06T15:28:21,govbond_10y,2026-07-31,4.464118,red,data
2026-10-06T15:28:21,real_rate,2026-08-31,1.010000000000001,yellow,data
2026-10-06T15:28:21,credit_ytd,2026-05-31,4.719252597353663,green,data
2026-10-06T15:28:21,credit_yoy,2026-05-31,16.837719328775336,green,data
2026-10-06T15:28:21,credit_construction_ytd,2026-05-31,5.860894457233434,green,data
2026-10-06T15:28:21,m2_ytd,2026-05-31,2.7283275723141154,green,data
2026-10-06T15:28:21,credit_minus_m2,2026-05-31,1.9909250250395472,green,data
2026-10-06T15:28:21,land_use_revenue,2024-12-31,217245.0,insufficient,data
2026-10-06T15:28:21,public_investment,2026-06-30,81430.19253,yellow,data
2026-10-06T15:28:21,public_investment_ytd_yoy,2026-06-30,13.475454350150606,green,data
2026-10-06T15:28:21,fdi_registered_ytd,2026-07-31,21045.97153151,red,data
2026-10-06T15:28:21,fdi_registered_ytd_yoy,2026-07-31,109.72732069382424,yellow,data
2026-10-06T15:28:21,pmi_vn,2026-08-31,53.3,green,data
2026-10-06T15:28:23,fed_upper,2026-10-05,4.0,green_strong,data
2026-10-06T15:28:23,fed_lower,2026-10-05,3.75,green,data
2026-10-06T15:28:23,effr,2026-10-02,3.88,green,data
2026-10-06T15:28:23,ust_2y,2026-10-02,4.83,green,data
2026-10-06T15:28:23,ust_10y,2026-10-02,5.28,red,data
2026-10-06T15:28:23,ust_10y2y,2026-10-05,0.47,yellow,data
2026-10-06T15:28:23,usd_broad,2026-10-02,121.3848,green,data
2026-10-06T15:28:23,dxy,2026-10-06,,green,data
2026-10-06T15:28:23,brent,2026-09-29,113.96,orange,data
2026-10-06T15:28:23,brent_futures,2026-10-06,,yellow,data
2026-10-06T15:28:23,copper,2026-10-05,,red,data
2026-10-06T15:28:23,copper_lme_stock,2026-10-05,,green,data
2026-10-06T15:28:23,copper_comex,2026-10-06,,red,data
2026-10-06T15:28:23,copper_imf,2026-07-31,13542.82086956522,red,data
2026-10-06T15:28:23,hy_spread,2026-10-02,3.1,green_strong,data
2026-10-06T15:28:23,breakeven_10y,2026-10-05,2.36,yellow,data
2026-10-06T15:28:23,vix,2026-10-02,15.31,yellow,data
2026-10-06T15:28:23,us_mortgage_30y,2026-10-01,7.28,yellow,data
2026-10-06T15:28:23,gdp_yoy_published,2026-06-30,8.39,yellow,data
2026-10-06T15:28:23,gdp_yoy,2026-06-30,89.72774377855093,insufficient,data
2026-10-06T15:28:23,gdp_realestate_yoy,2026-06-30,71.97617301993135,insufficient,data
2026-10-06T15:28:23,gdp_construction_yoy,2026-06-30,107.43704178752104,insufficient,data
2026-10-06T15:28:23,export_yoy,2026-07-31,25.590081904262973,yellow,data
2026-10-06T15:28:23,cpi_yoy,2026-08-31,4.89,red,data
2026-10-06T15:28:23,cpi_avg_ytd,2026-07-31,4.393497411553593,yellow,data
2026-10-06T15:28:23,cpi_housing_yoy,2026-08-31,6.6,green,data
2026-10-06T15:28:23,fx_central,2026-08-10,25491.0,yellow,data
2026-10-06T15:28:23,fx_central_ytd,2026-08-10,1.4728713028939966,green,data
2026-10-06T15:28:23,deposit_12m_big4,2026-10-06,5.9,orange,data
2026-10-06T15:28:23,deposit_12m_all,2026-10-06,6.147368421052632,green,data
2026-10-06T15:28:23,interbank_on,2026-07-31,5.72,yellow,data
2026-10-06T15:28:23,refi_rate,2026-08-03,4.5,green,data
2026-10-06T15:28:23,govbond_10y,2026-07-31,4.464118,red,data
2026-10-06T15:28:23,real_rate,2026-08-31,1.010000000000001,yellow,data
2026-10-06T15:28:23,credit_ytd,2026-05-31,4.719252597353663,green,data
2026-10-06T15:28:23,credit_yoy,2026-05-31,16.837719328775336,green,data
2026-10-06T15:28:23,credit_construction_ytd,2026-05-31,5.860894457233434,green,data
2026-10-06T15:28:23,m2_ytd,2026-05-31,2.7283275723141154,green,data
2026-10-06T15:28:23,credit_minus_m2,2026-05-31,1.9909250250395472,green,data
2026-10-06T15:28:23,land_use_revenue,2024-12-31,217245.0,insufficient,data
2026-10-06T15:28:23,public_investment,2026-06-30,81430.19253,yellow,data
2026-10-06T15:28:23,public_investment_ytd_yoy,2026-06-30,13.475454350150606,green,data
2026-10-06T15:28:23,fdi_registered_ytd,2026-07-31,21045.97153151,red,data
2026-10-06T15:28:23,fdi_registered_ytd_yoy,2026-07-31,109.72732069382424,yellow,data
2026-10-06T15:28:23,pmi_vn,2026-08-31,53.3,green,data
2026-10-06T15:28:27,fed_upper,2026-10-05,4.0,green_strong,data
2026-10-06T15:28:27,fed_lower,2026-10-05,3.75,green,data
2026-10-06T15:28:27,effr,2026-10-02,3.88,green,data
2026-10-06T15:28:27,ust_2y,2026-10-02,4.83,green,data
2026-10-06T15:28:27,ust_10y,2026-10-02,5.28,red,data
2026-10-06T15:28:27,ust_10y2y,2026-10-05,0.47,yellow,data
2026-10-06T15:28:27,usd_broad,2026-10-02,121.3848,green,data
2026-10-06T15:28:27,dxy,2026-10-06,,green,data
2026-10-06T15:28:27,brent,2026-09-29,113.96,orange,data
2026-10-06T15:28:27,brent_futures,2026-10-06,,yellow,data
2026-10-06T15:28:27,copper,2026-10-05,,red,data
2026-10-06T15:28:27,copper_lme_stock,2026-10-05,,green,data
2026-10-06T15:28:27,copper_comex,2026-10-06,,red,data
2026-10-06T15:28:27,copper_imf,2026-07-31,13542.82086956522,red,data
2026-10-06T15:28:27,hy_spread,2026-10-02,3.1,green_strong,data
2026-10-06T15:28:27,breakeven_10y,2026-10-05,2.36,yellow,data
2026-10-06T15:28:27,vix,2026-10-02,15.31,yellow,data
2026-10-06T15:28:27,us_mortgage_30y,2026-10-01,7.28,yellow,data
2026-10-06T15:28:27,gdp_yoy_published,2026-06-30,8.39,yellow,data
2026-10-06T15:28:27,gdp_yoy,2026-06-30,89.72774377855093,insufficient,data
2026-10-06T15:28:27,gdp_realestate_yoy,2026-06-30,71.97617301993135,insufficient,data
2026-10-06T15:28:27,gdp_construction_yoy,2026-06-30,107.43704178752104,insufficient,data
2026-10-06T15:28:27,export_yoy,2026-07-31,25.590081904262973,yellow,data
2026-10-06T15:28:27,cpi_yoy,2026-08-31,4.89,red,data
2026-10-06T15:28:27,cpi_avg_ytd,2026-07-31,4.393497411553593,yellow,data
2026-10-06T15:28:27,cpi_housing_yoy,2026-08-31,6.6,green,data
2026-10-06T15:28:27,fx_central,2026-08-10,25491.0,yellow,data
2026-10-06T15:28:27,fx_central_ytd,2026-08-10,1.4728713028939966,green,data
2026-10-06T15:28:27,deposit_12m_big4,2026-10-06,5.9,orange,data
2026-10-06T15:28:27,deposit_12m_all,2026-10-06,6.147368421052632,green,data
2026-10-06T15:28:27,interbank_on,2026-07-31,5.72,yellow,data
2026-10-06T15:28:27,refi_rate,2026-08-03,4.5,green,data
2026-10-06T15:28:27,govbond_10y,2026-07-31,4.464118,red,data
2026-10-06T15:28:27,real_rate,2026-08-31,1.010000000000001,yellow,data
2026-10-06T15:28:27,credit_ytd,2026-05-31,4.719252597353663,green,data
2026-10-06T15:28:27,credit_yoy,2026-05-31,16.837719328775336,green,data
2026-10-06T15:28:27,credit_construction_ytd,2026-05-31,5.860894457233434,green,data
2026-10-06T15:28:27,m2_ytd,2026-05-31,2.7283275723141154,green,data
2026-10-06T15:28:27,credit_minus_m2,2026-05-31,1.9909250250395472,green,data
2026-10-06T15:28:27,land_use_revenue,2024-12-31,217245.0,insufficient,data
2026-10-06T15:28:27,public_investment,2026-06-30,81430.19253,yellow,data
2026-10-06T15:28:27,public_investment_ytd_yoy,2026-06-30,13.475454350150606,green,data
2026-10-06T15:28:27,fdi_registered_ytd,2026-07-31,21045.97153151,red,data
2026-10-06T15:28:27,fdi_registered_ytd_yoy,2026-07-31,109.72732069382424,yellow,data
2026-10-06T15:28:27,pmi_vn,2026-08-31,53.3,green,data
2026-10-06T15:28:29,fed_upper,2026-10-05,4.0,green_strong,data
2026-10-06T15:28:29,fed_lower,2026-10-05,3.75,green,data
2026-10-06T15:28:29,effr,2026-10-02,3.88,green,data
2026-10-06T15:28:29,ust_2y,2026-10-02,4.83,green,data
2026-10-06T15:28:29,ust_10y,2026-10-02,5.28,red,data
2026-10-06T15:28:29,ust_10y2y,2026-10-05,0.47,yellow,data
2026-10-06T15:28:29,usd_broad,2026-10-02,121.3848,green,data
2026-10-06T15:28:29,dxy,2026-10-06,,green,data
2026-10-06T15:28:29,brent,2026-09-29,113.96,orange,data
2026-10-06T15:28:29,brent_futures,2026-10-06,,yellow,data
2026-10-06T15:28:29,copper,2026-10-05,,red,data
2026-10-06T15:28:29,copper_lme_stock,2026-10-05,,green,data
2026-10-06T15:28:29,copper_comex,2026-10-06,,red,data
2026-10-06T15:28:29,copper_imf,2026-07-31,13542.82086956522,red,data
2026-10-06T15:28:29,hy_spread,2026-10-02,3.1,green_strong,data
2026-10-06T15:28:29,breakeven_10y,2026-10-05,2.36,yellow,data
2026-10-06T15:28:29,vix,2026-10-02,15.31,yellow,data
2026-10-06T15:28:29,us_mortgage_30y,2026-10-01,7.28,yellow,data
2026-10-06T15:28:29,gdp_yoy_published,2026-06-30,8.39,yellow,data
2026-10-06T15:28:29,gdp_yoy,2026-06-30,89.72774377855093,insufficient,data
2026-10-06T15:28:29,gdp_realestate_yoy,2026-06-30,71.97617301993135,insufficient,data
2026-10-06T15:28:29,gdp_construction_yoy,2026-06-30,107.43704178752104,insufficient,data
2026-10-06T15:28:29,export_yoy,2026-07-31,25.590081904262973,yellow,data
2026-10-06T15:28:29,cpi_yoy,2026-08-31,4.89,red,data
2026-10-06T15:28:29,cpi_avg_ytd,2026-07-31,4.393497411553593,yellow,data
2026-10-06T15:28:29,cpi_housing_yoy,2026-08-31,6.6,green,data
2026-10-06T15:28:29,fx_central,2026-08-10,25491.0,yellow,data
2026-10-06T15:28:29,fx_central_ytd,2026-08-10,1.4728713028939966,green,data
2026-10-06T15:28:29,deposit_12m_big4,2026-10-06,5.9,orange,data
2026-10-06T15:28:29,deposit_12m_all,2026-10-06,6.147368421052632,green,data
2026-10-06T15:28:29,interbank_on,2026-07-31,5.72,yellow,data
2026-10-06T15:28:29,refi_rate,2026-08-03,4.5,green,data
2026-10-06T15:28:29,govbond_10y,2026-07-31,4.464118,red,data
2026-10-06T15:28:29,real_rate,2026-08-31,1.010000000000001,yellow,data
2026-10-06T15:28:29,credit_ytd,2026-05-31,4.719252597353663,green,data
2026-10-06T15:28:29,credit_yoy,2026-05-31,16.837719328775336,green,data
2026-10-06T15:28:29,credit_construction_ytd,2026-05-31,5.860894457233434,green,data
2026-10-06T15:28:29,m2_ytd,2026-05-31,2.7283275723141154,green,data
2026-10-06T15:28:29,credit_minus_m2,2026-05-31,1.9909250250395472,green,data
2026-10-06T15:28:29,land_use_revenue,2024-12-31,217245.0,insufficient,data
2026-10-06T15:28:29,public_investment,2026-06-30,81430.19253,yellow,data
2026-10-06T15:28:29,public_investment_ytd_yoy,2026-06-30,13.475454350150606,green,data
2026-10-06T15:28:29,fdi_registered_ytd,2026-07-31,21045.97153151,red,data
2026-10-06T15:28:29,fdi_registered_ytd_yoy,2026-07-31,109.72732069382424,yellow,data
2026-10-06T15:28:29,pmi_vn,2026-08-31,53.3,green,data
2026-10-06T15:28:31,fed_upper,2026-10-05,4.0,green_strong,data
2026-10-06T15:28:31,fed_lower,2026-10-05,3.75,green,data
2026-10-06T15:28:31,effr,2026-10-02,3.88,green,data
2026-10-06T15:28:31,ust_2y,2026-10-02,4.83,green,data
2026-10-06T15:28:31,ust_10y,2026-10-02,5.28,red,data
2026-10-06T15:28:31,ust_10y2y,2026-10-05,0.47,yellow,data
2026-10-06T15:28:31,usd_broad,2026-10-02,121.3848,green,data
2026-10-06T15:28:31,dxy,2026-10-06,,green,data
2026-10-06T15:28:31,brent,2026-09-29,113.96,orange,data
2026-10-06T15:28:31,brent_futures,2026-10-06,,yellow,data
2026-10-06T15:28:31,copper,2026-10-05,,red,data
2026-10-06T15:28:31,copper_lme_stock,2026-10-05,,green,data
2026-10-06T15:28:31,copper_comex,2026-10-06,,red,data
2026-10-06T15:28:31,copper_imf,2026-07-31,13542.82086956522,red,data
2026-10-06T15:28:31,hy_spread,2026-10-02,3.1,green_strong,data
2026-10-06T15:28:31,breakeven_10y,2026-10-05,2.36,yellow,data
2026-10-06T15:28:31,vix,2026-10-02,15.31,yellow,data
2026-10-06T15:28:31,us_mortgage_30y,2026-10-01,7.28,yellow,data
2026-10-06T15:28:31,gdp_yoy_published,2026-06-30,8.39,yellow,data
2026-10-06T15:28:31,gdp_yoy,2026-06-30,89.72774377855093,insufficient,data
2026-10-06T15:28:31,gdp_realestate_yoy,2026-06-30,71.97617301993135,insufficient,data
2026-10-06T15:28:31,gdp_construction_yoy,2026-06-30,107.43704178752104,insufficient,data
2026-10-06T15:28:31,export_yoy,2026-07-31,25.590081904262973,yellow,data
2026-10-06T15:28:31,cpi_yoy,2026-08-31,4.89,red,data
2026-10-06T15:28:31,cpi_avg_ytd,2026-07-31,4.393497411553593,yellow,data
2026-10-06T15:28:31,cpi_housing_yoy,2026-08-31,6.6,green,data
2026-10-06T15:28:31,fx_central,2026-08-10,25491.0,yellow,data
2026-10-06T15:28:31,fx_central_ytd,2026-08-10,1.4728713028939966,green,data
2026-10-06T15:28:31,deposit_12m_big4,2026-10-06,5.9,orange,data
2026-10-06T15:28:31,deposit_12m_all,2026-10-06,6.147368421052632,green,data
2026-10-06T15:28:31,interbank_on,2026-07-31,5.72,yellow,data
2026-10-06T15:28:31,refi_rate,2026-08-03,4.5,green,data
2026-10-06T15:28:31,govbond_10y,2026-07-31,4.464118,red,data
2026-10-06T15:28:31,real_rate,2026-08-31,1.010000000000001,yellow,data
2026-10-06T15:28:31,credit_ytd,2026-05-31,4.719252597353663,green,data
2026-10-06T15:28:31,credit_yoy,2026-05-31,16.837719328775336,green,data
2026-10-06T15:28:31,credit_construction_ytd,2026-05-31,5.860894457233434,green,data
2026-10-06T15:28:31,m2_ytd,2026-05-31,2.7283275723141154,green,data
2026-10-06T15:28:31,credit_minus_m2,2026-05-31,1.9909250250395472,green,data
2026-10-06T15:28:31,land_use_revenue,2024-12-31,217245.0,insufficient,data
2026-10-06T15:28:31,public_investment,2026-06-30,81430.19253,yellow,data
2026-10-06T15:28:31,public_investment_ytd_yoy,2026-06-30,13.475454350150606,green,data
2026-10-06T15:28:31,fdi_registered_ytd,2026-07-31,21045.97153151,red,data
2026-10-06T15:28:31,fdi_registered_ytd_yoy,2026-07-31,109.72732069382424,yellow,data
2026-10-06T15:28:31,pmi_vn,2026-08-31,53.3,green,data
2026-10-06T15:28:33,fed_upper,2026-10-05,4.0,green_strong,data
2026-10-06T15:28:33,fed_lower,2026-10-05,3.75,green,data
2026-10-06T15:28:33,effr,2026-10-02,3.88,green,data
2026-10-06T15:28:33,ust_2y,2026-10-02,4.83,green,data
2026-10-06T15:28:33,ust_10y,2026-10-02,5.28,red,data
2026-10-06T15:28:33,ust_10y2y,2026-10-05,0.47,yellow,data
2026-10-06T15:28:33,usd_broad,2026-10-02,121.3848,green,data
2026-10-06T15:28:33,dxy,2026-10-06,,green,data
2026-10-06T15:28:33,brent,2026-09-29,113.96,orange,data
2026-10-06T15:28:33,brent_futures,2026-10-06,,yellow,data
2026-10-06T15:28:33,copper,2026-10-05,,red,data
2026-10-06T15:28:33,copper_lme_stock,2026-10-05,,green,data
2026-10-06T15:28:33,copper_comex,2026-10-06,,red,data
2026-10-06T15:28:33,copper_imf,2026-07-31,13542.82086956522,red,data
2026-10-06T15:28:33,hy_spread,2026-10-02,3.1,green_strong,data
2026-10-06T15:28:33,breakeven_10y,2026-10-05,2.36,yellow,data
2026-10-06T15:28:33,vix,2026-10-02,15.31,yellow,data
2026-10-06T15:28:33,us_mortgage_30y,2026-10-01,7.28,yellow,data
2026-10-06T15:28:33,gdp_yoy_published,2026-06-30,8.39,yellow,data
2026-10-06T15:28:33,gdp_yoy,2026-06-30,89.72774377855093,insufficient,data
2026-10-06T15:28:33,gdp_realestate_yoy,2026-06-30,71.97617301993135,insufficient,data
2026-10-06T15:28:33,gdp_construction_yoy,2026-06-30,107.43704178752104,insufficient,data
2026-10-06T15:28:33,export_yoy,2026-07-31,25.590081904262973,yellow,data
2026-10-06T15:28:33,cpi_yoy,2026-08-31,4.89,red,data
2026-10-06T15:28:33,cpi_avg_ytd,2026-07-31,4.393497411553593,yellow,data
2026-10-06T15:28:33,cpi_housing_yoy,2026-08-31,6.6,green,data
2026-10-06T15:28:33,fx_central,2026-08-10,25491.0,yellow,data
2026-10-06T15:28:33,fx_central_ytd,2026-08-10,1.4728713028939966,green,data
2026-10-06T15:28:33,deposit_12m_big4,2026-10-06,5.9,orange,data
2026-10-06T15:28:33,deposit_12m_all,2026-10-06,6.147368421052632,green,data
2026-10-06T15:28:33,interbank_on,2026-07-31,5.72,yellow,data
2026-10-06T15:28:33,refi_rate,2026-08-03,4.5,green,data
2026-10-06T15:28:33,govbond_10y,2026-07-31,4.464118,red,data
2026-10-06T15:28:33,real_rate,2026-08-31,1.010000000000001,yellow,data
2026-10-06T15:28:33,credit_ytd,2026-05-31,4.719252597353663,green,data
2026-10-06T15:28:33,credit_yoy,2026-05-31,16.837719328775336,green,data
2026-10-06T15:28:33,credit_construction_ytd,2026-05-31,5.860894457233434,green,data
2026-10-06T15:28:33,m2_ytd,2026-05-31,2.7283275723141154,green,data
2026-10-06T15:28:33,credit_minus_m2,2026-05-31,1.9909250250395472,green,data
2026-10-06T15:28:33,land_use_revenue,2024-12-31,217245.0,insufficient,data
2026-10-06T15:28:33,public_investment,2026-06-30,81430.19253,yellow,data
2026-10-06T15:28:33,public_investment_ytd_yoy,2026-06-30,13.475454350150606,green,data
2026-10-06T15:28:33,fdi_registered_ytd,2026-07-31,21045.97153151,red,data
2026-10-06T15:28:33,fdi_registered_ytd_yoy,2026-07-31,109.72732069382424,yellow,data
2026-10-06T15:28:33,pmi_vn,2026-08-31,53.3,green,data
2026-10-06T15:28:34,fed_upper,2026-10-05,4.0,green_strong,data
2026-10-06T15:28:34,fed_lower,2026-10-05,3.75,green,data
2026-10-06T15:28:34,effr,2026-10-02,3.88,green,data
2026-10-06T15:28:34,ust_2y,2026-10-02,4.83,green,data
2026-10-06T15:28:34,ust_10y,2026-10-02,5.28,red,data
2026-10-06T15:28:34,ust_10y2y,2026-10-05,0.47,yellow,data
2026-10-06T15:28:34,usd_broad,2026-10-02,121.3848,green,data
2026-10-06T15:28:34,dxy,2026-10-06,,green,data
2026-10-06T15:28:34,brent,2026-09-29,113.96,orange,data
2026-10-06T15:28:34,brent_futures,2026-10-06,,yellow,data
2026-10-06T15:28:34,copper,2026-10-05,,red,data
2026-10-06T15:28:34,copper_lme_stock,2026-10-05,,green,data
2026-10-06T15:28:34,copper_comex,2026-10-06,,red,data
2026-10-06T15:28:34,copper_imf,2026-07-31,13542.82086956522,red,data
2026-10-06T15:28:34,hy_spread,2026-10-02,3.1,green_strong,data
2026-10-06T15:28:34,breakeven_10y,2026-10-05,2.36,yellow,data
2026-10-06T15:28:34,vix,2026-10-02,15.31,yellow,data
2026-10-06T15:28:34,us_mortgage_30y,2026-10-01,7.28,yellow,data
2026-10-06T15:28:34,gdp_yoy_published,2026-06-30,8.39,yellow,data
2026-10-06T15:28:34,gdp_yoy,2026-06-30,89.72774377855093,insufficient,data
2026-10-06T15:28:34,gdp_realestate_yoy,2026-06-30,71.97617301993135,insufficient,data
2026-10-06T15:28:34,gdp_construction_yoy,2026-06-30,107.43704178752104,insufficient,data
2026-10-06T15:28:34,export_yoy,2026-07-31,25.590081904262973,yellow,data
2026-10-06T15:28:34,cpi_yoy,2026-08-31,4.89,red,data
2026-10-06T15:28:34,cpi_avg_ytd,2026-07-31,4.393497411553593,yellow,data
2026-10-06T15:28:34,cpi_housing_yoy,2026-08-31,6.6,green,data
2026-10-06T15:28:34,fx_central,2026-08-10,25491.0,yellow,data
2026-10-06T15:28:34,fx_central_ytd,2026-08-10,1.4728713028939966,green,data
2026-10-06T15:28:34,deposit_12m_big4,2026-10-06,5.9,orange,data
2026-10-06T15:28:34,deposit_12m_all,2026-10-06,6.147368421052632,green,data
2026-10-06T15:28:34,interbank_on,2026-07-31,5.72,yellow,data
2026-10-06T15:28:34,refi_rate,2026-08-03,4.5,green,data
2026-10-06T15:28:34,govbond_10y,2026-07-31,4.464118,red,data
2026-10-06T15:28:34,real_rate,2026-08-31,1.010000000000001,yellow,data
2026-10-06T15:28:34,credit_ytd,2026-05-31,4.719252597353663,green,data
2026-10-06T15:28:34,credit_yoy,2026-05-31,16.837719328775336,green,data
2026-10-06T15:28:34,credit_construction_ytd,2026-05-31,5.860894457233434,green,data
2026-10-06T15:28:34,m2_ytd,2026-05-31,2.7283275723141154,green,data
2026-10-06T15:28:34,credit_minus_m2,2026-05-31,1.9909250250395472,green,data
2026-10-06T15:28:34,land_use_revenue,2024-12-31,217245.0,insufficient,data
2026-10-06T15:28:34,public_investment,2026-06-30,81430.19253,yellow,data
2026-10-06T15:28:34,public_investment_ytd_yoy,2026-06-30,13.475454350150606,green,data
2026-10-06T15:28:34,fdi_registered_ytd,2026-07-31,21045.97153151,red,data
2026-10-06T15:28:34,fdi_registered_ytd_yoy,2026-07-31,109.72732069382424,yellow,data
2026-10-06T15:28:34,pmi_vn,2026-08-31,53.3,green,data
2026-10-06T15:28:36,fed_upper,2026-10-05,4.0,green_strong,data
2026-10-06T15:28:36,fed_lower,2026-10-05,3.75,green,data
2026-10-06T15:28:36,effr,2026-10-02,3.88,green,data
2026-10-06T15:28:36,ust_2y,2026-10-02,4.83,green,data
2026-10-06T15:28:36,ust_10y,2026-10-02,5.28,red,data
2026-10-06T15:28:36,ust_10y2y,2026-10-05,0.47,yellow,data
2026-10-06T15:28:36,usd_broad,2026-10-02,121.3848,green,data
2026-10-06T15:28:36,dxy,2026-10-06,,green,data
2026-10-06T15:28:36,brent,2026-09-29,113.96,orange,data
2026-10-06T15:28:36,brent_futures,2026-10-06,,yellow,data
2026-10-06T15:28:36,copper,2026-10-05,,red,data
2026-10-06T15:28:36,copper_lme_stock,2026-10-05,,green,data
2026-10-06T15:28:36,copper_comex,2026-10-06,,red,data
2026-10-06T15:28:36,copper_imf,2026-07-31,13542.82086956522,red,data
2026-10-06T15:28:36,hy_spread,2026-10-02,3.1,green_strong,data
2026-10-06T15:28:36,breakeven_10y,2026-10-05,2.36,yellow,data
2026-10-06T15:28:36,vix,2026-10-02,15.31,yellow,data
2026-10-06T15:28:36,us_mortgage_30y,2026-10-01,7.28,yellow,data
2026-10-06T15:28:36,gdp_yoy_published,2026-06-30,8.39,yellow,data
2026-10-06T15:28:36,gdp_yoy,2026-06-30,89.72774377855093,insufficient,data
2026-10-06T15:28:36,gdp_realestate_yoy,2026-06-30,71.97617301993135,insufficient,data
2026-10-06T15:28:36,gdp_construction_yoy,2026-06-30,107.43704178752104,insufficient,data
2026-10-06T15:28:36,export_yoy,2026-07-31,25.590081904262973,yellow,data
2026-10-06T15:28:36,cpi_yoy,2026-08-31,4.89,red,data
2026-10-06T15:28:36,cpi_avg_ytd,2026-07-31,4.393497411553593,yellow,data
2026-10-06T15:28:36,cpi_housing_yoy,2026-08-31,6.6,green,data
2026-10-06T15:28:36,fx_central,2026-08-10,25491.0,yellow,data
2026-10-06T15:28:36,fx_central_ytd,2026-08-10,1.4728713028939966,green,data
2026-10-06T15:28:36,deposit_12m_big4,2026-10-06,5.9,orange,data
2026-10-06T15:28:36,deposit_12m_all,2026-10-06,6.147368421052632,green,data
2026-10-06T15:28:36,interbank_on,2026-07-31,5.72,yellow,data
2026-10-06T15:28:36,refi_rate,2026-08-03,4.5,green,data
2026-10-06T15:28:36,govbond_10y,2026-07-31,4.464118,red,data
2026-10-06T15:28:36,real_rate,2026-08-31,1.010000000000001,yellow,data
2026-10-06T15:28:36,credit_ytd,2026-05-31,4.719252597353663,green,data
2026-10-06T15:28:36,credit_yoy,2026-05-31,16.837719328775336,green,data
2026-10-06T15:28:36,credit_construction_ytd,2026-05-31,5.860894457233434,green,data
2026-10-06T15:28:36,m2_ytd,2026-05-31,2.7283275723141154,green,data
2026-10-06T15:28:36,credit_minus_m2,2026-05-31,1.9909250250395472,green,data
2026-10-06T15:28:36,land_use_revenue,2024-12-31,217245.0,insufficient,data
2026-10-06T15:28:36,public_investment,2026-06-30,81430.19253,yellow,data
2026-10-06T15:28:36,public_investment_ytd_yoy,2026-06-30,13.475454350150606,green,data
2026-10-06T15:28:36,fdi_registered_ytd,2026-07-31,21045.97153151,red,data
2026-10-06T15:28:36,fdi_registered_ytd_yoy,2026-07-31,109.72732069382424,yellow,data
2026-10-06T15:28:36,pmi_vn,2026-08-31,53.3,green,data
2026-10-06T15:28:38,fed_upper,2026-10-05,4.0,green_strong,data
2026-10-06T15:28:38,fed_lower,2026-10-05,3.75,green,data
2026-10-06T15:28:38,effr,2026-10-02,3.88,green,data
2026-10-06T15:28:38,ust_2y,2026-10-02,4.83,green,data
2026-10-06T15:28:38,ust_10y,2026-10-02,5.28,red,data
2026-10-06T15:28:38,ust_10y2y,2026-10-05,0.47,yellow,data
2026-10-06T15:28:38,usd_broad,2026-10-02,121.3848,green,data
2026-10-06T15:28:38,dxy,2026-10-06,,green,data
2026-10-06T15:28:38,brent,2026-09-29,113.96,orange,data
2026-10-06T15:28:38,brent_futures,2026-10-06,,yellow,data
2026-10-06T15:28:38,copper,2026-10-05,,red,data
2026-10-06T15:28:38,copper_lme_stock,2026-10-05,,green,data
2026-10-06T15:28:38,copper_comex,2026-10-06,,red,data
2026-10-06T15:28:38,copper_imf,2026-07-31,13542.82086956522,red,data
2026-10-06T15:28:38,hy_spread,2026-10-02,3.1,green_strong,data
2026-10-06T15:28:38,breakeven_10y,2026-10-05,2.36,yellow,data
2026-10-06T15:28:38,vix,2026-10-02,15.31,yellow,data
2026-10-06T15:28:38,us_mortgage_30y,2026-10-01,7.28,yellow,data
2026-10-06T15:28:38,gdp_yoy_published,2026-06-30,8.39,yellow,data
2026-10-06T15:28:38,gdp_yoy,2026-06-30,89.72774377855093,insufficient,data
2026-10-06T15:28:38,gdp_realestate_yoy,2026-06-30,71.97617301993135,insufficient,data
2026-10-06T15:28:38,gdp_construction_yoy,2026-06-30,107.43704178752104,insufficient,data
2026-10-06T15:28:38,export_yoy,2026-07-31,25.590081904262973,yellow,data
2026-10-06T15:28:38,cpi_yoy,2026-08-31,4.89,red,data
2026-10-06T15:28:38,cpi_avg_ytd,2026-07-31,4.393497411553593,yellow,data
2026-10-06T15:28:38,cpi_housing_yoy,2026-08-31,6.6,green,data
2026-10-06T15:28:38,fx_central,2026-08-10,25491.0,yellow,data
2026-10-06T15:28:38,fx_central_ytd,2026-08-10,1.4728713028939966,green,data
2026-10-06T15:28:38,deposit_12m_big4,2026-10-06,5.9,orange,data
2026-10-06T15:28:38,deposit_12m_all,2026-10-06,6.147368421052632,green,data
2026-10-06T15:28:38,interbank_on,2026-07-31,5.72,yellow,data
2026-10-06T15:28:38,refi_rate,2026-08-03,4.5,green,data
2026-10-06T15:28:38,govbond_10y,2026-07-31,4.464118,red,data
2026-10-06T15:28:38,real_rate,2026-08-31,1.010000000000001,yellow,data
2026-10-06T15:28:38,credit_ytd,2026-05-31,4.719252597353663,green,data
2026-10-06T15:28:38,credit_yoy,2026-05-31,16.837719328775336,green,data
2026-10-06T15:28:38,credit_construction_ytd,2026-05-31,5.860894457233434,green,data
2026-10-06T15:28:38,m2_ytd,2026-05-31,2.7283275723141154,green,data
2026-10-06T15:28:38,credit_minus_m2,2026-05-31,1.9909250250395472,green,data
2026-10-06T15:28:38,land_use_revenue,2024-12-31,217245.0,insufficient,data
2026-10-06T15:28:38,public_investment,2026-06-30,81430.19253,yellow,data
2026-10-06T15:28:38,public_investment_ytd_yoy,2026-06-30,13.475454350150606,green,data
2026-10-06T15:28:38,fdi_registered_ytd,2026-07-31,21045.97153151,red,data
2026-10-06T15:28:38,fdi_registered_ytd_yoy,2026-07-31,109.72732069382424,yellow,data
2026-10-06T15:28:38,pmi_vn,2026-08-31,53.3,green,data
2026-10-06T15:28:40,fed_upper,2026-10-05,4.0,green_strong,data
2026-10-06T15:28:40,fed_lower,2026-10-05,3.75,green,data
2026-10-06T15:28:40,effr,2026-10-02,3.88,green,data
2026-10-06T15:28:40,ust_2y,2026-10-02,4.83,green,data
2026-10-06T15:28:40,ust_10y,2026-10-02,5.28,red,data
2026-10-06T15:28:40,ust_10y2y,2026-10-05,0.47,yellow,data
2026-10-06T15:28:40,usd_broad,2026-10-02,121.3848,green,data
2026-10-06T15:28:40,dxy,2026-10-06,,green,data
2026-10-06T15:28:40,brent,2026-09-29,113.96,orange,data
2026-10-06T15:28:40,brent_futures,2026-10-06,,yellow,data
2026-10-06T15:28:40,copper,2026-10-05,,red,data
2026-10-06T15:28:40,copper_lme_stock,2026-10-05,,green,data
2026-10-06T15:28:40,copper_comex,2026-10-06,,red,data
2026-10-06T15:28:40,copper_imf,2026-07-31,13542.82086956522,red,data
2026-10-06T15:28:40,hy_spread,2026-10-02,3.1,green_strong,data
2026-10-06T15:28:40,breakeven_10y,2026-10-05,2.36,yellow,data
2026-10-06T15:28:40,vix,2026-10-02,15.31,yellow,data
2026-10-06T15:28:40,us_mortgage_30y,2026-10-01,7.28,yellow,data
2026-10-06T15:28:40,gdp_yoy_published,2026-06-30,8.39,yellow,data
2026-10-06T15:28:40,gdp_yoy,2026-06-30,89.72774377855093,insufficient,data
2026-10-06T15:28:40,gdp_realestate_yoy,2026-06-30,71.97617301993135,insufficient,data
2026-10-06T15:28:40,gdp_construction_yoy,2026-06-30,107.43704178752104,insufficient,data
2026-10-06T15:28:40,export_yoy,2026-07-31,25.590081904262973,yellow,data
2026-10-06T15:28:40,cpi_yoy,2026-08-31,4.89,red,data
2026-10-06T15:28:40,cpi_avg_ytd,2026-07-31,4.393497411553593,yellow,data
2026-10-06T15:28:40,cpi_housing_yoy,2026-08-31,6.6,green,data
2026-10-06T15:28:40,fx_central,2026-08-10,25491.0,yellow,data
2026-10-06T15:28:40,fx_central_ytd,2026-08-10,1.4728713028939966,green,data
2026-10-06T15:28:40,deposit_12m_big4,2026-10-06,5.9,orange,data
2026-10-06T15:28:40,deposit_12m_all,2026-10-06,6.147368421052632,green,data
2026-10-06T15:28:40,interbank_on,2026-07-31,5.72,yellow,data
2026-10-06T15:28:40,refi_rate,2026-08-03,4.5,green,data
2026-10-06T15:28:40,govbond_10y,2026-07-31,4.464118,red,data
2026-10-06T15:28:40,real_rate,2026-08-31,1.010000000000001,yellow,data
2026-10-06T15:28:40,credit_ytd,2026-05-31,4.719252597353663,green,data
2026-10-06T15:28:40,credit_yoy,2026-05-31,16.837719328775336,green,data
2026-10-06T15:28:40,credit_construction_ytd,2026-05-31,5.860894457233434,green,data
2026-10-06T15:28:40,m2_ytd,2026-05-31,2.7283275723141154,green,data
2026-10-06T15:28:40,credit_minus_m2,2026-05-31,1.9909250250395472,green,data
2026-10-06T15:28:40,land_use_revenue,2024-12-31,217245.0,insufficient,data
2026-10-06T15:28:40,public_investment,2026-06-30,81430.19253,yellow,data
2026-10-06T15:28:40,public_investment_ytd_yoy,2026-06-30,13.475454350150606,green,data
2026-10-06T15:28:40,fdi_registered_ytd,2026-07-31,21045.97153151,red,data
2026-10-06T15:28:40,fdi_registered_ytd_yoy,2026-07-31,109.72732069382424,yellow,data
2026-10-06T15:28:40,pmi_vn,2026-08-31,53.3,green,data
2026-10-06T15:28:42,fed_upper,2026-10-05,4.0,green_strong,data
2026-10-06T15:28:42,fed_lower,2026-10-05,3.75,green,data
2026-10-06T15:28:42,effr,2026-10-02,3.88,green,data
2026-10-06T15:28:42,ust_2y,2026-10-02,4.83,green,data
2026-10-06T15:28:42,ust_10y,2026-10-02,5.28,red,data
2026-10-06T15:28:42,ust_10y2y,2026-10-05,0.47,yellow,data
2026-10-06T15:28:42,usd_broad,2026-10-02,121.3848,green,data
2026-10-06T15:28:42,dxy,2026-10-06,,green,data
2026-10-06T15:28:42,brent,2026-09-29,113.96,orange,data
2026-10-06T15:28:42,brent_futures,2026-10-06,,yellow,data
2026-10-06T15:28:42,copper,2026-10-05,,red,data
2026-10-06T15:28:42,copper_lme_stock,2026-10-05,,green,data
2026-10-06T15:28:42,copper_comex,2026-10-06,,red,data
2026-10-06T15:28:42,copper_imf,2026-07-31,13542.82086956522,red,data
2026-10-06T15:28:42,hy_spread,2026-10-02,3.1,green_strong,data
2026-10-06T15:28:42,breakeven_10y,2026-10-05,2.36,yellow,data
2026-10-06T15:28:42,vix,2026-10-02,15.31,yellow,data
2026-10-06T15:28:42,us_mortgage_30y,2026-10-01,7.28,yellow,data
2026-10-06T15:28:42,gdp_yoy_published,2026-06-30,8.39,yellow,data
2026-10-06T15:28:42,gdp_yoy,2026-06-30,89.72774377855093,insufficient,data
2026-10-06T15:28:42,gdp_realestate_yoy,2026-06-30,71.97617301993135,insufficient,data
2026-10-06T15:28:42,gdp_construction_yoy,2026-06-30,107.43704178752104,insufficient,data
2026-10-06T15:28:42,export_yoy,2026-07-31,25.590081904262973,yellow,data
2026-10-06T15:28:42,cpi_yoy,2026-08-31,4.89,red,data
2026-10-06T15:28:42,cpi_avg_ytd,2026-07-31,4.393497411553593,yellow,data
2026-10-06T15:28:42,cpi_housing_yoy,2026-08-31,6.6,green,data
2026-10-06T15:28:42,fx_central,2026-08-10,25491.0,yellow,data
2026-10-06T15:28:42,fx_central_ytd,2026-08-10,1.4728713028939966,green,data
2026-10-06T15:28:42,deposit_12m_big4,2026-10-06,5.9,orange,data
2026-10-06T15:28:42,deposit_12m_all,2026-10-06,6.147368421052632,green,data
2026-10-06T15:28:42,interbank_on,2026-07-31,5.72,yellow,data
2026-10-06T15:28:42,refi_rate,2026-08-03,4.5,green,data
2026-10-06T15:28:42,govbond_10y,2026-07-31,4.464118,red,data
2026-10-06T15:28:42,real_rate,2026-08-31,1.010000000000001,yellow,data
2026-10-06T15:28:42,credit_ytd,2026-05-31,4.719252597353663,green,data
2026-10-06T15:28:42,credit_yoy,2026-05-31,16.837719328775336,green,data
2026-10-06T15:28:42,credit_construction_ytd,2026-05-31,5.860894457233434,green,data
2026-10-06T15:28:42,m2_ytd,2026-05-31,2.7283275723141154,green,data
2026-10-06T15:28:42,credit_minus_m2,2026-05-31,1.9909250250395472,green,data
2026-10-06T15:28:42,land_use_revenue,2024-12-31,217245.0,insufficient,data
2026-10-06T15:28:42,public_investment,2026-06-30,81430.19253,yellow,data
2026-10-06T15:28:42,public_investment_ytd_yoy,2026-06-30,13.475454350150606,green,data
2026-10-06T15:28:42,fdi_registered_ytd,2026-07-31,21045.97153151,red,data
2026-10-06T15:28:42,fdi_registered_ytd_yoy,2026-07-31,109.72732069382424,yellow,data
2026-10-06T15:28:42,pmi_vn,2026-08-31,53.3,green,data
2026-10-06T15:28:44,fed_upper,2026-10-05,4.0,green_strong,data
2026-10-06T15:28:44,fed_lower,2026-10-05,3.75,green,data
2026-10-06T15:28:44,effr,2026-10-02,3.88,green,data
2026-10-06T15:28:44,ust_2y,2026-10-02,4.83,green,data
2026-10-06T15:28:44,ust_10y,2026-10-02,5.28,red,data
2026-10-06T15:28:44,ust_10y2y,2026-10-05,0.47,yellow,data
2026-10-06T15:28:44,usd_broad,2026-10-02,121.3848,green,data
2026-10-06T15:28:44,dxy,2026-10-06,,green,data
2026-10-06T15:28:44,brent,2026-09-29,113.96,orange,data
2026-10-06T15:28:44,brent_futures,2026-10-06,,yellow,data
2026-10-06T15:28:44,copper,2026-10-05,,red,data
2026-10-06T15:28:44,copper_lme_stock,2026-10-05,,green,data
2026-10-06T15:28:44,copper_comex,2026-10-06,,red,data
2026-10-06T15:28:44,copper_imf,2026-07-31,13542.82086956522,red,data
2026-10-06T15:28:44,hy_spread,2026-10-02,3.1,green_strong,data
2026-10-06T15:28:44,breakeven_10y,2026-10-05,2.36,yellow,data
2026-10-06T15:28:44,vix,2026-10-02,15.31,yellow,data
2026-10-06T15:28:44,us_mortgage_30y,2026-10-01,7.28,yellow,data
2026-10-06T15:28:44,gdp_yoy_published,2026-06-30,8.39,yellow,data
2026-10-06T15:28:44,gdp_yoy,2026-06-30,89.72774377855093,insufficient,data
2026-10-06T15:28:44,gdp_realestate_yoy,2026-06-30,71.97617301993135,insufficient,data
2026-10-06T15:28:44,gdp_construction_yoy,2026-06-30,107.43704178752104,insufficient,data
2026-10-06T15:28:44,export_yoy,2026-07-31,25.590081904262973,yellow,data
2026-10-06T15:28:44,cpi_yoy,2026-08-31,4.89,red,data
2026-10-06T15:28:44,cpi_avg_ytd,2026-07-31,4.393497411553593,yellow,data
2026-10-06T15:28:44,cpi_housing_yoy,2026-08-31,6.6,green,data
2026-10-06T15:28:44,fx_central,2026-08-10,25491.0,yellow,data
2026-10-06T15:28:44,fx_central_ytd,2026-08-10,1.4728713028939966,green,data
2026-10-06T15:28:44,deposit_12m_big4,2026-10-06,5.9,orange,data
2026-10-06T15:28:44,deposit_12m_all,2026-10-06,6.147368421052632,green,data
2026-10-06T15:28:44,interbank_on,2026-07-31,5.72,yellow,data
2026-10-06T15:28:44,refi_rate,2026-08-03,4.5,green,data
2026-10-06T15:28:44,govbond_10y,2026-07-31,4.464118,red,data
2026-10-06T15:28:44,real_rate,2026-08-31,1.010000000000001,yellow,data
2026-10-06T15:28:44,credit_ytd,2026-05-31,4.719252597353663,green,data
2026-10-06T15:28:44,credit_yoy,2026-05-31,16.837719328775336,green,data
2026-10-06T15:28:44,credit_construction_ytd,2026-05-31,5.860894457233434,green,data
2026-10-06T15:28:44,m2_ytd,2026-05-31,2.7283275723141154,green,data
2026-10-06T15:28:44,credit_minus_m2,2026-05-31,1.9909250250395472,green,data
2026-10-06T15:28:44,land_use_revenue,2024-12-31,217245.0,insufficient,data
2026-10-06T15:28:44,public_investment,2026-06-30,81430.19253,yellow,data
2026-10-06T15:28:44,public_investment_ytd_yoy,2026-06-30,13.475454350150606,green,data
2026-10-06T15:28:44,fdi_registered_ytd,2026-07-31,21045.97153151,red,data
2026-10-06T15:28:44,fdi_registered_ytd_yoy,2026-07-31,109.72732069382424,yellow,data
2026-10-06T15:28:44,pmi_vn,2026-08-31,53.3,green,data
2026-10-06T15:28:46,fed_upper,2026-10-05,4.0,green_strong,data
2026-10-06T15:28:46,fed_lower,2026-10-05,3.75,green,data
2026-10-06T15:28:46,effr,2026-10-02,3.88,green,data
2026-10-06T15:28:46,ust_2y,2026-10-02,4.83,green,data
2026-10-06T15:28:46,ust_10y,2026-10-02,5.28,red,data
2026-10-06T15:28:46,ust_10y2y,2026-10-05,0.47,yellow,data
2026-10-06T15:28:46,usd_broad,2026-10-02,121.3848,green,data
2026-10-06T15:28:46,dxy,2026-10-06,,green,data
2026-10-06T15:28:46,brent,2026-09-29,113.96,orange,data
2026-10-06T15:28:46,brent_futures,2026-10-06,,yellow,data
2026-10-06T15:28:46,copper,2026-10-05,,red,data
2026-10-06T15:28:46,copper_lme_stock,2026-10-05,,green,data
2026-10-06T15:28:46,copper_comex,2026-10-06,,red,data
2026-10-06T15:28:46,copper_imf,2026-07-31,13542.82086956522,red,data
2026-10-06T15:28:46,hy_spread,2026-10-02,3.1,green_strong,data
2026-10-06T15:28:46,breakeven_10y,2026-10-05,2.36,yellow,data
2026-10-06T15:28:46,vix,2026-10-02,15.31,yellow,data
2026-10-06T15:28:46,us_mortgage_30y,2026-10-01,7.28,yellow,data
2026-10-06T15:28:46,gdp_yoy_published,2026-06-30,8.39,yellow,data
2026-10-06T15:28:46,gdp_yoy,2026-06-30,89.72774377855093,insufficient,data
2026-10-06T15:28:46,gdp_realestate_yoy,2026-06-30,71.97617301993135,insufficient,data
2026-10-06T15:28:46,gdp_construction_yoy,2026-06-30,107.43704178752104,insufficient,data
2026-10-06T15:28:46,export_yoy,2026-07-31,25.590081904262973,yellow,data
2026-10-06T15:28:46,cpi_yoy,2026-08-31,4.89,red,data
2026-10-06T15:28:46,cpi_avg_ytd,2026-07-31,4.393497411553593,yellow,data
2026-10-06T15:28:46,cpi_housing_yoy,2026-08-31,6.6,green,data
2026-10-06T15:28:46,fx_central,2026-08-10,25491.0,yellow,data
2026-10-06T15:28:46,fx_central_ytd,2026-08-10,1.4728713028939966,green,data
2026-10-06T15:28:46,deposit_12m_big4,2026-10-06,5.9,orange,data
2026-10-06T15:28:46,deposit_12m_all,2026-10-06,6.147368421052632,green,data
2026-10-06T15:28:46,interbank_on,2026-07-31,5.72,yellow,data
2026-10-06T15:28:46,refi_rate,2026-08-03,4.5,green,data
2026-10-06T15:28:46,govbond_10y,2026-07-31,4.464118,red,data
2026-10-06T15:28:46,real_rate,2026-08-31,1.010000000000001,yellow,data
2026-10-06T15:28:46,credit_ytd,2026-05-31,4.719252597353663,green,data
2026-10-06T15:28:46,credit_yoy,2026-05-31,16.837719328775336,green,data
2026-10-06T15:28:46,credit_construction_ytd,2026-05-31,5.860894457233434,green,data
2026-10-06T15:28:46,m2_ytd,2026-05-31,2.7283275723141154,green,data
2026-10-06T15:28:46,credit_minus_m2,2026-05-31,1.9909250250395472,green,data
2026-10-06T15:28:46,land_use_revenue,2024-12-31,217245.0,insufficient,data
2026-10-06T15:28:46,public_investment,2026-06-30,81430.19253,yellow,data
2026-10-06T15:28:46,public_investment_ytd_yoy,2026-06-30,13.475454350150606,green,data
2026-10-06T15:28:46,fdi_registered_ytd,2026-07-31,21045.97153151,red,data
2026-10-06T15:28:46,fdi_registered_ytd_yoy,2026-07-31,109.72732069382424,yellow,data
2026-10-06T15:28:46,pmi_vn,2026-08-31,53.3,green,data
2026-10-06T15:28:47,fed_upper,2026-10-05,4.0,green_strong,data
2026-10-06T15:28:47,fed_lower,2026-10-05,3.75,green,data
2026-10-06T15:28:47,effr,2026-10-02,3.88,green,data
2026-10-06T15:28:47,ust_2y,2026-10-02,4.83,green,data
2026-10-06T15:28:47,ust_10y,2026-10-02,5.28,red,data
2026-10-06T15:28:47,ust_10y2y,2026-10-05,0.47,yellow,data
2026-10-06T15:28:47,usd_broad,2026-10-02,121.3848,green,data
2026-10-06T15:28:47,dxy,2026-10-06,,green,data
2026-10-06T15:28:47,brent,2026-09-29,113.96,orange,data
2026-10-06T15:28:47,brent_futures,2026-10-06,,yellow,data
2026-10-06T15:28:47,copper,2026-10-05,,red,data
2026-10-06T15:28:47,copper_lme_stock,2026-10-05,,green,data
2026-10-06T15:28:47,copper_comex,2026-10-06,,red,data
2026-10-06T15:28:47,copper_imf,2026-07-31,13542.82086956522,red,data
2026-10-06T15:28:47,hy_spread,2026-10-02,3.1,green_strong,data
2026-10-06T15:28:47,breakeven_10y,2026-10-05,2.36,yellow,data
2026-10-06T15:28:47,vix,2026-10-02,15.31,yellow,data
2026-10-06T15:28:47,us_mortgage_30y,2026-10-01,7.28,yellow,data
2026-10-06T15:28:47,gdp_yoy_published,2026-06-30,8.39,yellow,data
2026-10-06T15:28:47,gdp_yoy,2026-06-30,89.72774377855093,insufficient,data
2026-10-06T15:28:47,gdp_realestate_yoy,2026-06-30,71.97617301993135,insufficient,data
2026-10-06T15:28:47,gdp_construction_yoy,2026-06-30,107.43704178752104,insufficient,data
2026-10-06T15:28:47,export_yoy,2026-07-31,25.590081904262973,yellow,data
2026-10-06T15:28:47,cpi_yoy,2026-08-31,4.89,red,data
2026-10-06T15:28:47,cpi_avg_ytd,2026-07-31,4.393497411553593,yellow,data
2026-10-06T15:28:47,cpi_housing_yoy,2026-08-31,6.6,green,data
2026-10-06T15:28:47,fx_central,2026-08-10,25491.0,yellow,data
2026-10-06T15:28:47,fx_central_ytd,2026-08-10,1.4728713028939966,green,data
2026-10-06T15:28:47,deposit_12m_big4,2026-10-06,5.9,orange,data
2026-10-06T15:28:47,deposit_12m_all,2026-10-06,6.147368421052632,green,data
2026-10-06T15:28:47,interbank_on,2026-07-31,5.72,yellow,data
2026-10-06T15:28:47,refi_rate,2026-08-03,4.5,green,data
2026-10-06T15:28:47,govbond_10y,2026-07-31,4.464118,red,data
2026-10-06T15:28:47,real_rate,2026-08-31,1.010000000000001,yellow,data
2026-10-06T15:28:47,credit_ytd,2026-05-31,4.719252597353663,green,data
2026-10-06T15:28:47,credit_yoy,2026-05-31,16.837719328775336,green,data
2026-10-06T15:28:47,credit_construction_ytd,2026-05-31,5.860894457233434,green,data
2026-10-06T15:28:47,m2_ytd,2026-05-31,2.7283275723141154,green,data
2026-10-06T15:28:47,credit_minus_m2,2026-05-31,1.9909250250395472,green,data
2026-10-06T15:28:47,land_use_revenue,2024-12-31,217245.0,insufficient,data
2026-10-06T15:28:47,public_investment,2026-06-30,81430.19253,yellow,data
2026-10-06T15:28:47,public_investment_ytd_yoy,2026-06-30,13.475454350150606,green,data
2026-10-06T15:28:47,fdi_registered_ytd,2026-07-31,21045.97153151,red,data
2026-10-06T15:28:47,fdi_registered_ytd_yoy,2026-07-31,109.72732069382424,yellow,data
2026-10-06T15:28:47,pmi_vn,2026-08-31,53.3,green,data
2026-10-06T15:28:50,fed_upper,2026-10-05,4.0,green_strong,data
2026-10-06T15:28:50,fed_lower,2026-10-05,3.75,green,data
2026-10-06T15:28:50,effr,2026-10-02,3.88,green,data
2026-10-06T15:28:50,ust_2y,2026-10-02,4.83,green,data
2026-10-06T15:28:50,ust_10y,2026-10-02,5.28,red,data
2026-10-06T15:28:50,ust_10y2y,2026-10-05,0.47,yellow,data
2026-10-06T15:28:50,usd_broad,2026-10-02,121.3848,green,data
2026-10-06T15:28:50,dxy,2026-10-06,,green,data
2026-10-06T15:28:50,brent,2026-09-29,113.96,orange,data
2026-10-06T15:28:50,brent_futures,2026-10-06,,yellow,data
2026-10-06T15:28:50,copper,2026-10-05,,red,data
2026-10-06T15:28:50,copper_lme_stock,2026-10-05,,green,data
2026-10-06T15:28:50,copper_comex,2026-10-06,,red,data
2026-10-06T15:28:50,copper_imf,2026-07-31,13542.82086956522,red,data
2026-10-06T15:28:50,hy_spread,2026-10-02,3.1,green_strong,data
2026-10-06T15:28:50,breakeven_10y,2026-10-05,2.36,yellow,data
2026-10-06T15:28:50,vix,2026-10-02,15.31,yellow,data
2026-10-06T15:28:50,us_mortgage_30y,2026-10-01,7.28,yellow,data
2026-10-06T15:28:50,gdp_yoy_published,2026-06-30,8.39,yellow,data
2026-10-06T15:28:50,gdp_yoy,2026-06-30,89.72774377855093,insufficient,data
2026-10-06T15:28:50,gdp_realestate_yoy,2026-06-30,71.97617301993135,insufficient,data
2026-10-06T15:28:50,gdp_construction_yoy,2026-06-30,107.43704178752104,insufficient,data
2026-10-06T15:28:50,export_yoy,2026-07-31,25.590081904262973,yellow,data
2026-10-06T15:28:50,cpi_yoy,2026-08-31,4.89,red,data
2026-10-06T15:28:50,cpi_avg_ytd,2026-07-31,4.393497411553593,yellow,data
2026-10-06T15:28:50,cpi_housing_yoy,2026-08-31,6.6,green,data
2026-10-06T15:28:50,fx_central,2026-08-10,25491.0,yellow,data
2026-10-06T15:28:50,fx_central_ytd,2026-08-10,1.4728713028939966,green,data
2026-10-06T15:28:50,deposit_12m_big4,2026-10-06,5.9,orange,data
2026-10-06T15:28:50,deposit_12m_all,2026-10-06,6.147368421052632,green,data
2026-10-06T15:28:50,interbank_on,2026-07-31,5.72,yellow,data
2026-10-06T15:28:50,refi_rate,2026-08-03,4.5,green,data
2026-10-06T15:28:50,govbond_10y,2026-07-31,4.464118,red,data
2026-10-06T15:28:50,real_rate,2026-08-31,1.010000000000001,yellow,data
2026-10-06T15:28:50,credit_ytd,2026-05-31,4.719252597353663,green,data
2026-10-06T15:28:50,credit_yoy,2026-05-31,16.837719328775336,green,data
2026-10-06T15:28:50,credit_construction_ytd,2026-05-31,5.860894457233434,green,data
2026-10-06T15:28:50,m2_ytd,2026-05-31,2.7283275723141154,green,data
2026-10-06T15:28:50,credit_minus_m2,2026-05-31,1.9909250250395472,green,data
2026-10-06T15:28:50,land_use_revenue,2024-12-31,217245.0,insufficient,data
2026-10-06T15:28:50,public_investment,2026-06-30,81430.19253,yellow,data
2026-10-06T15:28:50,public_investment_ytd_yoy,2026-06-30,13.475454350150606,green,data
2026-10-06T15:28:50,fdi_registered_ytd,2026-07-31,21045.97153151,red,data
2026-10-06T15:28:50,fdi_registered_ytd_yoy,2026-07-31,109.72732069382424,yellow,data
2026-10-06T15:28:50,pmi_vn,2026-08-31,53.3,green,data
2026-10-06T15:28:52,fed_upper,2026-10-05,4.0,green_strong,data
2026-10-06T15:28:52,fed_lower,2026-10-05,3.75,green,data
2026-10-06T15:28:52,effr,2026-10-02,3.88,green,data
2026-10-06T15:28:52,ust_2y,2026-10-02,4.83,green,data
2026-10-06T15:28:52,ust_10y,2026-10-02,5.28,red,data
2026-10-06T15:28:52,ust_10y2y,2026-10-05,0.47,yellow,data
2026-10-06T15:28:52,usd_broad,2026-10-02,121.3848,green,data
2026-10-06T15:28:52,dxy,2026-10-06,,green,data
2026-10-06T15:28:52,brent,2026-09-29,113.96,orange,data
2026-10-06T15:28:52,brent_futures,2026-10-06,,yellow,data
2026-10-06T15:28:52,copper,2026-10-05,,red,data
2026-10-06T15:28:52,copper_lme_stock,2026-10-05,,green,data
2026-10-06T15:28:52,copper_comex,2026-10-06,,red,data
2026-10-06T15:28:52,copper_imf,2026-07-31,13542.82086956522,red,data
2026-10-06T15:28:52,hy_spread,2026-10-02,3.1,green_strong,data
2026-10-06T15:28:52,breakeven_10y,2026-10-05,2.36,yellow,data
2026-10-06T15:28:52,vix,2026-10-02,15.31,yellow,data
2026-10-06T15:28:52,us_mortgage_30y,2026-10-01,7.28,yellow,data
2026-10-06T15:28:52,gdp_yoy_published,2026-06-30,8.39,yellow,data
2026-10-06T15:28:52,gdp_yoy,2026-06-30,89.72774377855093,insufficient,data
2026-10-06T15:28:52,gdp_realestate_yoy,2026-06-30,71.97617301993135,insufficient,data
2026-10-06T15:28:52,gdp_construction_yoy,2026-06-30,107.43704178752104,insufficient,data
2026-10-06T15:28:52,export_yoy,2026-07-31,25.590081904262973,yellow,data
2026-10-06T15:28:52,cpi_yoy,2026-08-31,4.89,red,data
2026-10-06T15:28:52,cpi_avg_ytd,2026-07-31,4.393497411553593,yellow,data
2026-10-06T15:28:52,cpi_housing_yoy,2026-08-31,6.6,green,data
2026-10-06T15:28:52,fx_central,2026-08-10,25491.0,yellow,data
2026-10-06T15:28:52,fx_central_ytd,2026-08-10,1.4728713028939966,green,data
2026-10-06T15:28:52,deposit_12m_big4,2026-10-06,5.9,orange,data
2026-10-06T15:28:52,deposit_12m_all,2026-10-06,6.147368421052632,green,data
2026-10-06T15:28:52,interbank_on,2026-07-31,5.72,yellow,data
2026-10-06T15:28:52,refi_rate,2026-08-03,4.5,green,data
2026-10-06T15:28:52,govbond_10y,2026-07-31,4.464118,red,data
2026-10-06T15:28:52,real_rate,2026-08-31,1.010000000000001,yellow,data
2026-10-06T15:28:52,credit_ytd,2026-05-31,4.719252597353663,green,data
2026-10-06T15:28:52,credit_yoy,2026-05-31,16.837719328775336,green,data
2026-10-06T15:28:52,credit_construction_ytd,2026-05-31,5.860894457233434,green,data
2026-10-06T15:28:52,m2_ytd,2026-05-31,2.7283275723141154,green,data
2026-10-06T15:28:52,credit_minus_m2,2026-05-31,1.9909250250395472,green,data
2026-10-06T15:28:52,land_use_revenue,2024-12-31,217245.0,insufficient,data
2026-10-06T15:28:52,public_investment,2026-06-30,81430.19253,yellow,data
2026-10-06T15:28:52,public_investment_ytd_yoy,2026-06-30,13.475454350150606,green,data
2026-10-06T15:28:52,fdi_registered_ytd,2026-07-31,21045.97153151,red,data
2026-10-06T15:28:52,fdi_registered_ytd_yoy,2026-07-31,109.72732069382424,yellow,data
2026-10-06T15:28:52,pmi_vn,2026-08-31,53.3,green,data
2026-10-06T15:28:55,fed_upper,2026-10-05,4.0,green_strong,data
2026-10-06T15:28:55,fed_lower,2026-10-05,3.75,green,data
2026-10-06T15:28:55,effr,2026-10-02,3.88,green,data
2026-10-06T15:28:55,ust_2y,2026-10-02,4.83,green,data
2026-10-06T15:28:55,ust_10y,2026-10-02,5.28,red,data
2026-10-06T15:28:55,ust_10y2y,2026-10-05,0.47,yellow,data
2026-10-06T15:28:55,usd_broad,2026-10-02,121.3848,green,data
2026-10-06T15:28:55,dxy,2026-10-06,,green,data
2026-10-06T15:28:55,brent,2026-09-29,113.96,orange,data
2026-10-06T15:28:55,brent_futures,2026-10-06,,yellow,data
2026-10-06T15:28:55,copper,2026-10-05,,red,data
2026-10-06T15:28:55,copper_lme_stock,2026-10-05,,green,data
2026-10-06T15:28:55,copper_comex,2026-10-06,,red,data
2026-10-06T15:28:55,copper_imf,2026-07-31,13542.82086956522,red,data
2026-10-06T15:28:55,hy_spread,2026-10-02,3.1,green_strong,data
2026-10-06T15:28:55,breakeven_10y,2026-10-05,2.36,yellow,data
2026-10-06T15:28:55,vix,2026-10-02,15.31,yellow,data
2026-10-06T15:28:55,us_mortgage_30y,2026-10-01,7.28,yellow,data
2026-10-06T15:28:55,gdp_yoy_published,2026-06-30,8.39,yellow,data
2026-10-06T15:28:55,gdp_yoy,2026-06-30,89.72774377855093,insufficient,data
2026-10-06T15:28:55,gdp_realestate_yoy,2026-06-30,71.97617301993135,insufficient,data
2026-10-06T15:28:55,gdp_construction_yoy,2026-06-30,107.43704178752104,insufficient,data
2026-10-06T15:28:55,export_yoy,2026-07-31,25.590081904262973,yellow,data
2026-10-06T15:28:55,cpi_yoy,2026-08-31,4.89,red,data
2026-10-06T15:28:55,cpi_avg_ytd,2026-07-31,4.393497411553593,yellow,data
2026-10-06T15:28:55,cpi_housing_yoy,2026-08-31,6.6,green,data
2026-10-06T15:28:55,fx_central,2026-08-10,25491.0,yellow,data
2026-10-06T15:28:55,fx_central_ytd,2026-08-10,1.4728713028939966,green,data
2026-10-06T15:28:55,deposit_12m_big4,2026-10-06,5.9,orange,data
2026-10-06T15:28:55,deposit_12m_all,2026-10-06,6.147368421052632,green,data
2026-10-06T15:28:55,interbank_on,2026-07-31,5.72,yellow,data
2026-10-06T15:28:55,refi_rate,2026-08-03,4.5,green,data
2026-10-06T15:28:55,govbond_10y,2026-07-31,4.464118,red,data
2026-10-06T15:28:55,real_rate,2026-08-31,1.010000000000001,yellow,data
2026-10-06T15:28:55,credit_ytd,2026-05-31,4.719252597353663,green,data
2026-10-06T15:28:55,credit_yoy,2026-05-31,16.837719328775336,green,data
2026-10-06T15:28:55,credit_construction_ytd,2026-05-31,5.860894457233434,green,data
2026-10-06T15:28:55,m2_ytd,2026-05-31,2.7283275723141154,green,data
2026-10-06T15:28:55,credit_minus_m2,2026-05-31,1.9909250250395472,green,data
2026-10-06T15:28:55,land_use_revenue,2024-12-31,217245.0,insufficient,data
2026-10-06T15:28:55,public_investment,2026-06-30,81430.19253,yellow,data
2026-10-06T15:28:55,public_investment_ytd_yoy,2026-06-30,13.475454350150606,green,data
2026-10-06T15:28:55,fdi_registered_ytd,2026-07-31,21045.97153151,red,data
2026-10-06T15:28:55,fdi_registered_ytd_yoy,2026-07-31,109.72732069382424,yellow,data
2026-10-06T15:28:55,pmi_vn,2026-08-31,53.3,green,data
2026-10-06T15:28:57,fed_upper,2026-10-05,4.0,green_strong,data
2026-10-06T15:28:57,fed_lower,2026-10-05,3.75,green,data
2026-10-06T15:28:57,effr,2026-10-02,3.88,green,data
2026-10-06T15:28:57,ust_2y,2026-10-02,4.83,green,data
2026-10-06T15:28:57,ust_10y,2026-10-02,5.28,red,data
2026-10-06T15:28:57,ust_10y2y,2026-10-05,0.47,yellow,data
2026-10-06T15:28:57,usd_broad,2026-10-02,121.3848,green,data
2026-10-06T15:28:57,dxy,2026-10-06,,green,data
2026-10-06T15:28:57,brent,2026-09-29,113.96,orange,data
2026-10-06T15:28:57,brent_futures,2026-10-06,,yellow,data
2026-10-06T15:28:57,copper,2026-10-05,,red,data
2026-10-06T15:28:57,copper_lme_stock,2026-10-05,,green,data
2026-10-06T15:28:57,copper_comex,2026-10-06,,red,data
2026-10-06T15:28:57,copper_imf,2026-07-31,13542.82086956522,red,data
2026-10-06T15:28:57,hy_spread,2026-10-02,3.1,green_strong,data
2026-10-06T15:28:57,breakeven_10y,2026-10-05,2.36,yellow,data
2026-10-06T15:28:57,vix,2026-10-02,15.31,yellow,data
2026-10-06T15:28:57,us_mortgage_30y,2026-10-01,7.28,yellow,data
2026-10-06T15:28:57,gdp_yoy_published,2026-06-30,8.39,yellow,data
2026-10-06T15:28:57,gdp_yoy,2026-06-30,89.72774377855093,insufficient,data
2026-10-06T15:28:57,gdp_realestate_yoy,2026-06-30,71.97617301993135,insufficient,data
2026-10-06T15:28:57,gdp_construction_yoy,2026-06-30,107.43704178752104,insufficient,data
2026-10-06T15:28:57,export_yoy,2026-07-31,25.590081904262973,yellow,data
2026-10-06T15:28:57,cpi_yoy,2026-08-31,4.89,red,data
2026-10-06T15:28:57,cpi_avg_ytd,2026-07-31,4.393497411553593,yellow,data
2026-10-06T15:28:57,cpi_housing_yoy,2026-08-31,6.6,green,data
2026-10-06T15:28:57,fx_central,2026-08-10,25491.0,yellow,data
2026-10-06T15:28:57,fx_central_ytd,2026-08-10,1.4728713028939966,green,data
2026-10-06T15:28:57,deposit_12m_big4,2026-10-06,5.9,orange,data
2026-10-06T15:28:57,deposit_12m_all,2026-10-06,6.147368421052632,green,data
2026-10-06T15:28:57,interbank_on,2026-07-31,5.72,yellow,data
2026-10-06T15:28:57,refi_rate,2026-08-03,4.5,green,data
2026-10-06T15:28:57,govbond_10y,2026-07-31,4.464118,red,data
2026-10-06T15:28:57,real_rate,2026-08-31,1.010000000000001,yellow,data
2026-10-06T15:28:57,credit_ytd,2026-05-31,4.719252597353663,green,data
2026-10-06T15:28:57,credit_yoy,2026-05-31,16.837719328775336,green,data
2026-10-06T15:28:57,credit_construction_ytd,2026-05-31,5.860894457233434,green,data
2026-10-06T15:28:57,m2_ytd,2026-05-31,2.7283275723141154,green,data
2026-10-06T15:28:57,credit_minus_m2,2026-05-31,1.9909250250395472,green,data
2026-10-06T15:28:57,land_use_revenue,2024-12-31,217245.0,insufficient,data
2026-10-06T15:28:57,public_investment,2026-06-30,81430.19253,yellow,data
2026-10-06T15:28:57,public_investment_ytd_yoy,2026-06-30,13.475454350150606,green,data
2026-10-06T15:28:57,fdi_registered_ytd,2026-07-31,21045.97153151,red,data
2026-10-06T15:28:57,fdi_registered_ytd_yoy,2026-07-31,109.72732069382424,yellow,data
2026-10-06T15:28:57,pmi_vn,2026-08-31,53.3,green,data
2026-10-06T15:28:59,fed_upper,2026-10-05,4.0,green_strong,data
2026-10-06T15:28:59,fed_lower,2026-10-05,3.75,green,data
2026-10-06T15:28:59,effr,2026-10-02,3.88,green,data
2026-10-06T15:28:59,ust_2y,2026-10-02,4.83,green,data
2026-10-06T15:28:59,ust_10y,2026-10-02,5.28,red,data
2026-10-06T15:28:59,ust_10y2y,2026-10-05,0.47,yellow,data
2026-10-06T15:28:59,usd_broad,2026-10-02,121.3848,green,data
2026-10-06T15:28:59,dxy,2026-10-06,,green,data
2026-10-06T15:28:59,brent,2026-09-29,113.96,orange,data
2026-10-06T15:28:59,brent_futures,2026-10-06,,yellow,data
2026-10-06T15:28:59,copper,2026-10-05,,red,data
2026-10-06T15:28:59,copper_lme_stock,2026-10-05,,green,data
2026-10-06T15:28:59,copper_comex,2026-10-06,,red,data
2026-10-06T15:28:59,copper_imf,2026-07-31,13542.82086956522,red,data
2026-10-06T15:28:59,hy_spread,2026-10-02,3.1,green_strong,data
2026-10-06T15:28:59,breakeven_10y,2026-10-05,2.36,yellow,data
2026-10-06T15:28:59,vix,2026-10-02,15.31,yellow,data
2026-10-06T15:28:59,us_mortgage_30y,2026-10-01,7.28,yellow,data
2026-10-06T15:28:59,gdp_yoy_published,2026-06-30,8.39,yellow,data
2026-10-06T15:28:59,gdp_yoy,2026-06-30,89.72774377855093,insufficient,data
2026-10-06T15:28:59,gdp_realestate_yoy,2026-06-30,71.97617301993135,insufficient,data
2026-10-06T15:28:59,gdp_construction_yoy,2026-06-30,107.43704178752104,insufficient,data
2026-10-06T15:28:59,export_yoy,2026-07-31,25.590081904262973,yellow,data
2026-10-06T15:28:59,cpi_yoy,2026-08-31,4.89,red,data
2026-10-06T15:28:59,cpi_avg_ytd,2026-07-31,4.393497411553593,yellow,data
2026-10-06T15:28:59,cpi_housing_yoy,2026-08-31,6.6,green,data
2026-10-06T15:28:59,fx_central,2026-08-10,25491.0,yellow,data
2026-10-06T15:28:59,fx_central_ytd,2026-08-10,1.4728713028939966,green,data
2026-10-06T15:28:59,deposit_12m_big4,2026-10-06,5.9,orange,data
2026-10-06T15:28:59,deposit_12m_all,2026-10-06,6.147368421052632,green,data
2026-10-06T15:28:59,interbank_on,2026-07-31,5.72,yellow,data
2026-10-06T15:28:59,refi_rate,2026-08-03,4.5,green,data
2026-10-06T15:28:59,govbond_10y,2026-07-31,4.464118,red,data
2026-10-06T15:28:59,real_rate,2026-08-31,1.010000000000001,yellow,data
2026-10-06T15:28:59,credit_ytd,2026-05-31,4.719252597353663,green,data
2026-10-06T15:28:59,credit_yoy,2026-05-31,16.837719328775336,green,data
2026-10-06T15:28:59,credit_construction_ytd,2026-05-31,5.860894457233434,green,data
2026-10-06T15:28:59,m2_ytd,2026-05-31,2.7283275723141154,green,data
2026-10-06T15:28:59,credit_minus_m2,2026-05-31,1.9909250250395472,green,data
2026-10-06T15:28:59,land_use_revenue,2024-12-31,217245.0,insufficient,data
2026-10-06T15:28:59,public_investment,2026-06-30,81430.19253,yellow,data
2026-10-06T15:28:59,public_investment_ytd_yoy,2026-06-30,13.475454350150606,green,data
2026-10-06T15:28:59,fdi_registered_ytd,2026-07-31,21045.97153151,red,data
2026-10-06T15:28:59,fdi_registered_ytd_yoy,2026-07-31,109.72732069382424,yellow,data
2026-10-06T15:28:59,pmi_vn,2026-08-31,53.3,green,data
2026-10-06T15:29:01,fed_upper,2026-10-05,4.0,green_strong,data
2026-10-06T15:29:01,fed_lower,2026-10-05,3.75,green,data
2026-10-06T15:29:01,effr,2026-10-02,3.88,green,data
2026-10-06T15:29:01,ust_2y,2026-10-02,4.83,green,data
2026-10-06T15:29:01,ust_10y,2026-10-02,5.28,red,data
2026-10-06T15:29:01,ust_10y2y,2026-10-05,0.47,yellow,data
2026-10-06T15:29:01,usd_broad,2026-10-02,121.3848,green,data
2026-10-06T15:29:01,dxy,2026-10-06,,green,data
2026-10-06T15:29:01,brent,2026-09-29,113.96,orange,data
2026-10-06T15:29:01,brent_futures,2026-10-06,,yellow,data
2026-10-06T15:29:01,copper,2026-10-05,,red,data
2026-10-06T15:29:01,copper_lme_stock,2026-10-05,,green,data
2026-10-06T15:29:01,copper_comex,2026-10-06,,red,data
2026-10-06T15:29:01,copper_imf,2026-07-31,13542.82086956522,red,data
2026-10-06T15:29:01,hy_spread,2026-10-02,3.1,green_strong,data
2026-10-06T15:29:01,breakeven_10y,2026-10-05,2.36,yellow,data
2026-10-06T15:29:01,vix,2026-10-02,15.31,yellow,data
2026-10-06T15:29:01,us_mortgage_30y,2026-10-01,7.28,yellow,data
2026-10-06T15:29:01,gdp_yoy_published,2026-06-30,8.39,yellow,data
2026-10-06T15:29:01,gdp_yoy,2026-06-30,89.72774377855093,insufficient,data
2026-10-06T15:29:01,gdp_realestate_yoy,2026-06-30,71.97617301993135,insufficient,data
2026-10-06T15:29:01,gdp_construction_yoy,2026-06-30,107.43704178752104,insufficient,data
2026-10-06T15:29:01,export_yoy,2026-07-31,25.590081904262973,yellow,data
2026-10-06T15:29:01,cpi_yoy,2026-08-31,4.89,red,data
2026-10-06T15:29:01,cpi_avg_ytd,2026-07-31,4.393497411553593,yellow,data
2026-10-06T15:29:01,cpi_housing_yoy,2026-08-31,6.6,green,data
2026-10-06T15:29:01,fx_central,2026-08-10,25491.0,yellow,data
2026-10-06T15:29:01,fx_central_ytd,2026-08-10,1.4728713028939966,green,data
2026-10-06T15:29:01,deposit_12m_big4,2026-10-06,5.9,orange,data
2026-10-06T15:29:01,deposit_12m_all,2026-10-06,6.147368421052632,green,data
2026-10-06T15:29:01,interbank_on,2026-07-31,5.72,yellow,data
2026-10-06T15:29:01,refi_rate,2026-08-03,4.5,green,data
2026-10-06T15:29:01,govbond_10y,2026-07-31,4.464118,red,data
2026-10-06T15:29:01,real_rate,2026-08-31,1.010000000000001,yellow,data
2026-10-06T15:29:01,credit_ytd,2026-05-31,4.719252597353663,green,data
2026-10-06T15:29:01,credit_yoy,2026-05-31,16.837719328775336,green,data
2026-10-06T15:29:01,credit_construction_ytd,2026-05-31,5.860894457233434,green,data
2026-10-06T15:29:01,m2_ytd,2026-05-31,2.7283275723141154,green,data
2026-10-06T15:29:01,credit_minus_m2,2026-05-31,1.9909250250395472,green,data
2026-10-06T15:29:01,land_use_revenue,2024-12-31,217245.0,insufficient,data
2026-10-06T15:29:01,public_investment,2026-06-30,81430.19253,yellow,data
2026-10-06T15:29:01,public_investment_ytd_yoy,2026-06-30,13.475454350150606,green,data
2026-10-06T15:29:01,fdi_registered_ytd,2026-07-31,21045.97153151,red,data
2026-10-06T15:29:01,fdi_registered_ytd_yoy,2026-07-31,109.72732069382424,yellow,data
2026-10-06T15:29:01,pmi_vn,2026-08-31,53.3,green,data
2026-10-06T15:29:03,fed_upper,2026-10-05,4.0,green_strong,data
2026-10-06T15:29:03,fed_lower,2026-10-05,3.75,green,data
2026-10-06T15:29:03,effr,2026-10-02,3.88,green,data
2026-10-06T15:29:03,ust_2y,2026-10-02,4.83,green,data
2026-10-06T15:29:03,ust_10y,2026-10-02,5.28,red,data
2026-10-06T15:29:03,ust_10y2y,2026-10-05,0.47,yellow,data
2026-10-06T15:29:03,usd_broad,2026-10-02,121.3848,green,data
2026-10-06T15:29:03,dxy,2026-10-06,,green,data
2026-10-06T15:29:03,brent,2026-09-29,113.96,orange,data
2026-10-06T15:29:03,brent_futures,2026-10-06,,yellow,data
2026-10-06T15:29:03,copper,2026-10-05,,red,data
2026-10-06T15:29:03,copper_lme_stock,2026-10-05,,green,data
2026-10-06T15:29:03,copper_comex,2026-10-06,,red,data
2026-10-06T15:29:03,copper_imf,2026-07-31,13542.82086956522,red,data
2026-10-06T15:29:03,hy_spread,2026-10-02,3.1,green_strong,data
2026-10-06T15:29:03,breakeven_10y,2026-10-05,2.36,yellow,data
2026-10-06T15:29:03,vix,2026-10-02,15.31,yellow,data
2026-10-06T15:29:03,us_mortgage_30y,2026-10-01,7.28,yellow,data
2026-10-06T15:29:03,gdp_yoy_published,2026-06-30,8.39,yellow,data
2026-10-06T15:29:03,gdp_yoy,2026-06-30,89.72774377855093,insufficient,data
2026-10-06T15:29:03,gdp_realestate_yoy,2026-06-30,71.97617301993135,insufficient,data
2026-10-06T15:29:03,gdp_construction_yoy,2026-06-30,107.43704178752104,insufficient,data
2026-10-06T15:29:03,export_yoy,2026-07-31,25.590081904262973,yellow,data
2026-10-06T15:29:03,cpi_yoy,2026-08-31,4.89,red,data
2026-10-06T15:29:03,cpi_avg_ytd,2026-07-31,4.393497411553593,yellow,data
2026-10-06T15:29:03,cpi_housing_yoy,2026-08-31,6.6,green,data
2026-10-06T15:29:03,fx_central,2026-08-10,25491.0,yellow,data
2026-10-06T15:29:03,fx_central_ytd,2026-08-10,1.4728713028939966,green,data
2026-10-06T15:29:03,deposit_12m_big4,2026-10-06,5.9,orange,data
2026-10-06T15:29:03,deposit_12m_all,2026-10-06,6.147368421052632,green,data
2026-10-06T15:29:03,interbank_on,2026-07-31,5.72,yellow,data
2026-10-06T15:29:03,refi_rate,2026-08-03,4.5,green,data
2026-10-06T15:29:03,govbond_10y,2026-07-31,4.464118,red,data
2026-10-06T15:29:03,real_rate,2026-08-31,1.010000000000001,yellow,data
2026-10-06T15:29:03,credit_ytd,2026-05-31,4.719252597353663,green,data
2026-10-06T15:29:03,credit_yoy,2026-05-31,16.837719328775336,green,data
2026-10-06T15:29:03,credit_construction_ytd,2026-05-31,5.860894457233434,green,data
2026-10-06T15:29:03,m2_ytd,2026-05-31,2.7283275723141154,green,data
2026-10-06T15:29:03,credit_minus_m2,2026-05-31,1.9909250250395472,green,data
2026-10-06T15:29:03,land_use_revenue,2024-12-31,217245.0,insufficient,data
2026-10-06T15:29:03,public_investment,2026-06-30,81430.19253,yellow,data
2026-10-06T15:29:03,public_investment_ytd_yoy,2026-06-30,13.475454350150606,green,data
2026-10-06T15:29:03,fdi_registered_ytd,2026-07-31,21045.97153151,red,data
2026-10-06T15:29:03,fdi_registered_ytd_yoy,2026-07-31,109.72732069382424,yellow,data
2026-10-06T15:29:03,pmi_vn,2026-08-31,53.3,green,data
2026-10-06T15:29:04,fed_upper,2026-10-05,4.0,green_strong,data
2026-10-06T15:29:04,fed_lower,2026-10-05,3.75,green,data
2026-10-06T15:29:04,effr,2026-10-02,3.88,green,data
2026-10-06T15:29:04,ust_2y,2026-10-02,4.83,green,data
2026-10-06T15:29:04,ust_10y,2026-10-02,5.28,red,data
2026-10-06T15:29:04,ust_10y2y,2026-10-05,0.47,yellow,data
2026-10-06T15:29:04,usd_broad,2026-10-02,121.3848,green,data
2026-10-06T15:29:04,dxy,2026-10-06,,green,data
2026-10-06T15:29:04,brent,2026-09-29,113.96,orange,data
2026-10-06T15:29:04,brent_futures,2026-10-06,,yellow,data
2026-10-06T15:29:04,copper,2026-10-05,,red,data
2026-10-06T15:29:04,copper_lme_stock,2026-10-05,,green,data
2026-10-06T15:29:04,copper_comex,2026-10-06,,red,data
2026-10-06T15:29:04,copper_imf,2026-07-31,13542.82086956522,red,data
2026-10-06T15:29:04,hy_spread,2026-10-02,3.1,green_strong,data
2026-10-06T15:29:04,breakeven_10y,2026-10-05,2.36,yellow,data
2026-10-06T15:29:04,vix,2026-10-02,15.31,yellow,data
2026-10-06T15:29:04,us_mortgage_30y,2026-10-01,7.28,yellow,data
2026-10-06T15:29:04,gdp_yoy_published,2026-06-30,8.39,yellow,data
2026-10-06T15:29:04,gdp_yoy,2026-06-30,89.72774377855093,insufficient,data
2026-10-06T15:29:04,gdp_realestate_yoy,2026-06-30,71.97617301993135,insufficient,data
2026-10-06T15:29:04,gdp_construction_yoy,2026-06-30,107.43704178752104,insufficient,data
2026-10-06T15:29:04,export_yoy,2026-07-31,25.590081904262973,yellow,data
2026-10-06T15:29:04,cpi_yoy,2026-08-31,4.89,red,data
2026-10-06T15:29:04,cpi_avg_ytd,2026-07-31,4.393497411553593,yellow,data
2026-10-06T15:29:04,cpi_housing_yoy,2026-08-31,6.6,green,data
2026-10-06T15:29:04,fx_central,2026-08-10,25491.0,yellow,data
2026-10-06T15:29:04,fx_central_ytd,2026-08-10,1.4728713028939966,green,data
2026-10-06T15:29:04,deposit_12m_big4,2026-10-06,5.9,orange,data
2026-10-06T15:29:04,deposit_12m_all,2026-10-06,6.147368421052632,green,data
2026-10-06T15:29:04,interbank_on,2026-07-31,5.72,yellow,data
2026-10-06T15:29:04,refi_rate,2026-08-03,4.5,green,data
2026-10-06T15:29:04,govbond_10y,2026-07-31,4.464118,red,data
2026-10-06T15:29:04,real_rate,2026-08-31,1.010000000000001,yellow,data
2026-10-06T15:29:04,credit_ytd,2026-05-31,4.719252597353663,green,data
2026-10-06T15:29:04,credit_yoy,2026-05-31,16.837719328775336,green,data
2026-10-06T15:29:04,credit_construction_ytd,2026-05-31,5.860894457233434,green,data
2026-10-06T15:29:04,m2_ytd,2026-05-31,2.7283275723141154,green,data
2026-10-06T15:29:04,credit_minus_m2,2026-05-31,1.9909250250395472,green,data
2026-10-06T15:29:04,land_use_revenue,2024-12-31,217245.0,insufficient,data
2026-10-06T15:29:04,public_investment,2026-06-30,81430.19253,yellow,data
2026-10-06T15:29:04,public_investment_ytd_yoy,2026-06-30,13.475454350150606,green,data
2026-10-06T15:29:04,fdi_registered_ytd,2026-07-31,21045.97153151,red,data
2026-10-06T15:29:04,fdi_registered_ytd_yoy,2026-07-31,109.72732069382424,yellow,data
2026-10-06T15:29:04,pmi_vn,2026-08-31,53.3,green,data
2026-10-06T15:29:06,fed_upper,2026-10-05,4.0,green_strong,data
2026-10-06T15:29:06,fed_lower,2026-10-05,3.75,green,data
2026-10-06T15:29:06,effr,2026-10-02,3.88,green,data
2026-10-06T15:29:06,ust_2y,2026-10-02,4.83,green,data
2026-10-06T15:29:06,ust_10y,2026-10-02,5.28,red,data
2026-10-06T15:29:06,ust_10y2y,2026-10-05,0.47,yellow,data
2026-10-06T15:29:06,usd_broad,2026-10-02,121.3848,green,data
2026-10-06T15:29:06,dxy,2026-10-06,,green,data
2026-10-06T15:29:06,brent,2026-09-29,113.96,orange,data
2026-10-06T15:29:06,brent_futures,2026-10-06,,yellow,data
2026-10-06T15:29:06,copper,2026-10-05,,red,data
2026-10-06T15:29:06,copper_lme_stock,2026-10-05,,green,data
2026-10-06T15:29:06,copper_comex,2026-10-06,,red,data
2026-10-06T15:29:06,copper_imf,2026-07-31,13542.82086956522,red,data
2026-10-06T15:29:06,hy_spread,2026-10-02,3.1,green_strong,data
2026-10-06T15:29:06,breakeven_10y,2026-10-05,2.36,yellow,data
2026-10-06T15:29:06,vix,2026-10-02,15.31,yellow,data
2026-10-06T15:29:06,us_mortgage_30y,2026-10-01,7.28,yellow,data
2026-10-06T15:29:06,gdp_yoy_published,2026-06-30,8.39,yellow,data
2026-10-06T15:29:06,gdp_yoy,2026-06-30,89.72774377855093,insufficient,data
2026-10-06T15:29:06,gdp_realestate_yoy,2026-06-30,71.97617301993135,insufficient,data
2026-10-06T15:29:06,gdp_construction_yoy,2026-06-30,107.43704178752104,insufficient,data
2026-10-06T15:29:06,export_yoy,2026-07-31,25.590081904262973,yellow,data
2026-10-06T15:29:06,cpi_yoy,2026-08-31,4.89,red,data
2026-10-06T15:29:06,cpi_avg_ytd,2026-07-31,4.393497411553593,yellow,data
2026-10-06T15:29:06,cpi_housing_yoy,2026-08-31,6.6,green,data
2026-10-06T15:29:06,fx_central,2026-08-10,25491.0,yellow,data
2026-10-06T15:29:06,fx_central_ytd,2026-08-10,1.4728713028939966,green,data
2026-10-06T15:29:06,deposit_12m_big4,2026-10-06,5.9,orange,data
2026-10-06T15:29:06,deposit_12m_all,2026-10-06,6.147368421052632,green,data
2026-10-06T15:29:06,interbank_on,2026-07-31,5.72,yellow,data
2026-10-06T15:29:06,refi_rate,2026-08-03,4.5,green,data
2026-10-06T15:29:06,govbond_10y,2026-07-31,4.464118,red,data
2026-10-06T15:29:06,real_rate,2026-08-31,1.010000000000001,yellow,data
2026-10-06T15:29:06,credit_ytd,2026-05-31,4.719252597353663,green,data
2026-10-06T15:29:06,credit_yoy,2026-05-31,16.837719328775336,green,data
2026-10-06T15:29:06,credit_construction_ytd,2026-05-31,5.860894457233434,green,data
2026-10-06T15:29:06,m2_ytd,2026-05-31,2.7283275723141154,green,data
2026-10-06T15:29:06,credit_minus_m2,2026-05-31,1.9909250250395472,green,data
2026-10-06T15:29:06,land_use_revenue,2024-12-31,217245.0,insufficient,data
2026-10-06T15:29:06,public_investment,2026-06-30,81430.19253,yellow,data
2026-10-06T15:29:06,public_investment_ytd_yoy,2026-06-30,13.475454350150606,green,data
2026-10-06T15:29:06,fdi_registered_ytd,2026-07-31,21045.97153151,red,data
2026-10-06T15:29:06,fdi_registered_ytd_yoy,2026-07-31,109.72732069382424,yellow,data
2026-10-06T15:29:06,pmi_vn,2026-08-31,53.3,green,data
2026-10-06T15:29:08,fed_upper,2026-10-05,4.0,green_strong,data
2026-10-06T15:29:08,fed_lower,2026-10-05,3.75,green,data
2026-10-06T15:29:08,effr,2026-10-02,3.88,green,data
2026-10-06T15:29:08,ust_2y,2026-10-02,4.83,green,data
2026-10-06T15:29:08,ust_10y,2026-10-02,5.28,red,data
2026-10-06T15:29:08,ust_10y2y,2026-10-05,0.47,yellow,data
2026-10-06T15:29:08,usd_broad,2026-10-02,121.3848,green,data
2026-10-06T15:29:08,dxy,2026-10-06,,green,data
2026-10-06T15:29:08,brent,2026-09-29,113.96,orange,data
2026-10-06T15:29:08,brent_futures,2026-10-06,,yellow,data
2026-10-06T15:29:08,copper,2026-10-05,,red,data
2026-10-06T15:29:08,copper_lme_stock,2026-10-05,,green,data
2026-10-06T15:29:08,copper_comex,2026-10-06,,red,data
2026-10-06T15:29:08,copper_imf,2026-07-31,13542.82086956522,red,data
2026-10-06T15:29:08,hy_spread,2026-10-02,3.1,green_strong,data
2026-10-06T15:29:08,breakeven_10y,2026-10-05,2.36,yellow,data
2026-10-06T15:29:08,vix,2026-10-02,15.31,yellow,data
2026-10-06T15:29:08,us_mortgage_30y,2026-10-01,7.28,yellow,data
2026-10-06T15:29:08,gdp_yoy_published,2026-06-30,8.39,yellow,data
2026-10-06T15:29:08,gdp_yoy,2026-06-30,89.72774377855093,insufficient,data
2026-10-06T15:29:08,gdp_realestate_yoy,2026-06-30,71.97617301993135,insufficient,data
2026-10-06T15:29:08,gdp_construction_yoy,2026-06-30,107.43704178752104,insufficient,data
2026-10-06T15:29:08,export_yoy,2026-07-31,25.590081904262973,yellow,data
2026-10-06T15:29:08,cpi_yoy,2026-08-31,4.89,red,data
2026-10-06T15:29:08,cpi_avg_ytd,2026-07-31,4.393497411553593,yellow,data
2026-10-06T15:29:08,cpi_housing_yoy,2026-08-31,6.6,green,data
2026-10-06T15:29:08,fx_central,2026-08-10,25491.0,yellow,data
2026-10-06T15:29:08,fx_central_ytd,2026-08-10,1.4728713028939966,green,data
2026-10-06T15:29:08,deposit_12m_big4,2026-10-06,5.9,orange,data
2026-10-06T15:29:08,deposit_12m_all,2026-10-06,6.147368421052632,green,data
2026-10-06T15:29:08,interbank_on,2026-07-31,5.72,yellow,data
2026-10-06T15:29:08,refi_rate,2026-08-03,4.5,green,data
2026-10-06T15:29:08,govbond_10y,2026-07-31,4.464118,red,data
2026-10-06T15:29:08,real_rate,2026-08-31,1.010000000000001,yellow,data
2026-10-06T15:29:08,credit_ytd,2026-05-31,4.719252597353663,green,data
2026-10-06T15:29:08,credit_yoy,2026-05-31,16.837719328775336,green,data
2026-10-06T15:29:08,credit_construction_ytd,2026-05-31,5.860894457233434,green,data
2026-10-06T15:29:08,m2_ytd,2026-05-31,2.7283275723141154,green,data
2026-10-06T15:29:08,credit_minus_m2,2026-05-31,1.9909250250395472,green,data
2026-10-06T15:29:08,land_use_revenue,2024-12-31,217245.0,insufficient,data
2026-10-06T15:29:08,public_investment,2026-06-30,81430.19253,yellow,data
2026-10-06T15:29:08,public_investment_ytd_yoy,2026-06-30,13.475454350150606,green,data
2026-10-06T15:29:08,fdi_registered_ytd,2026-07-31,21045.97153151,red,data
2026-10-06T15:29:08,fdi_registered_ytd_yoy,2026-07-31,109.72732069382424,yellow,data
2026-10-06T15:29:08,pmi_vn,2026-08-31,53.3,green,data
2026-10-06T15:29:11,fed_upper,2026-10-05,4.0,green_strong,data
2026-10-06T15:29:11,fed_lower,2026-10-05,3.75,green,data
2026-10-06T15:29:11,effr,2026-10-02,3.88,green,data
2026-10-06T15:29:11,ust_2y,2026-10-02,4.83,green,data
2026-10-06T15:29:11,ust_10y,2026-10-02,5.28,red,data
2026-10-06T15:29:11,ust_10y2y,2026-10-05,0.47,yellow,data
2026-10-06T15:29:11,usd_broad,2026-10-02,121.3848,green,data
2026-10-06T15:29:11,dxy,2026-10-06,,green,data
2026-10-06T15:29:11,brent,2026-09-29,113.96,orange,data
2026-10-06T15:29:11,brent_futures,2026-10-06,,yellow,data
2026-10-06T15:29:11,copper,2026-10-05,,red,data
2026-10-06T15:29:11,copper_lme_stock,2026-10-05,,green,data
2026-10-06T15:29:11,copper_comex,2026-10-06,,red,data
2026-10-06T15:29:11,copper_imf,2026-07-31,13542.82086956522,red,data
2026-10-06T15:29:11,hy_spread,2026-10-02,3.1,green_strong,data
2026-10-06T15:29:11,breakeven_10y,2026-10-05,2.36,yellow,data
2026-10-06T15:29:11,vix,2026-10-02,15.31,yellow,data
2026-10-06T15:29:11,us_mortgage_30y,2026-10-01,7.28,yellow,data
2026-10-06T15:29:11,gdp_yoy_published,2026-06-30,8.39,yellow,data
2026-10-06T15:29:11,gdp_yoy,2026-06-30,89.72774377855093,insufficient,data
2026-10-06T15:29:11,gdp_realestate_yoy,2026-06-30,71.97617301993135,insufficient,data
2026-10-06T15:29:11,gdp_construction_yoy,2026-06-30,107.43704178752104,insufficient,data
2026-10-06T15:29:11,export_yoy,2026-07-31,25.590081904262973,yellow,data
2026-10-06T15:29:11,cpi_yoy,2026-08-31,4.89,red,data
2026-10-06T15:29:11,cpi_avg_ytd,2026-07-31,4.393497411553593,yellow,data
2026-10-06T15:29:11,cpi_housing_yoy,2026-08-31,6.6,green,data
2026-10-06T15:29:11,fx_central,2026-08-10,25491.0,yellow,data
2026-10-06T15:29:11,fx_central_ytd,2026-08-10,1.4728713028939966,green,data
2026-10-06T15:29:11,deposit_12m_big4,2026-10-06,5.9,orange,data
2026-10-06T15:29:11,deposit_12m_all,2026-10-06,6.147368421052632,green,data
2026-10-06T15:29:11,interbank_on,2026-07-31,5.72,yellow,data
2026-10-06T15:29:11,refi_rate,2026-08-03,4.5,green,data
2026-10-06T15:29:11,govbond_10y,2026-07-31,4.464118,red,data
2026-10-06T15:29:11,real_rate,2026-08-31,1.010000000000001,yellow,data
2026-10-06T15:29:11,credit_ytd,2026-05-31,4.719252597353663,green,data
2026-10-06T15:29:11,credit_yoy,2026-05-31,16.837719328775336,green,data
2026-10-06T15:29:11,credit_construction_ytd,2026-05-31,5.860894457233434,green,data
2026-10-06T15:29:11,m2_ytd,2026-05-31,2.7283275723141154,green,data
2026-10-06T15:29:11,credit_minus_m2,2026-05-31,1.9909250250395472,green,data
2026-10-06T15:29:11,land_use_revenue,2024-12-31,217245.0,insufficient,data
2026-10-06T15:29:11,public_investment,2026-06-30,81430.19253,yellow,data
2026-10-06T15:29:11,public_investment_ytd_yoy,2026-06-30,13.475454350150606,green,data
2026-10-06T15:29:11,fdi_registered_ytd,2026-07-31,21045.97153151,red,data
2026-10-06T15:29:11,fdi_registered_ytd_yoy,2026-07-31,109.72732069382424,yellow,data
2026-10-06T15:29:11,pmi_vn,2026-08-31,53.3,green,data
2026-10-06T15:29:13,fed_upper,2026-10-05,4.0,green_strong,data
2026-10-06T15:29:13,fed_lower,2026-10-05,3.75,green,data
2026-10-06T15:29:13,effr,2026-10-02,3.88,green,data
2026-10-06T15:29:13,ust_2y,2026-10-02,4.83,green,data
2026-10-06T15:29:13,ust_10y,2026-10-02,5.28,red,data
2026-10-06T15:29:13,ust_10y2y,2026-10-05,0.47,yellow,data
2026-10-06T15:29:13,usd_broad,2026-10-02,121.3848,green,data
2026-10-06T15:29:13,dxy,2026-10-06,,green,data
2026-10-06T15:29:13,brent,2026-09-29,113.96,orange,data
2026-10-06T15:29:13,brent_futures,2026-10-06,,yellow,data
2026-10-06T15:29:13,copper,2026-10-05,,red,data
2026-10-06T15:29:13,copper_lme_stock,2026-10-05,,green,data
2026-10-06T15:29:13,copper_comex,2026-10-06,,red,data
2026-10-06T15:29:13,copper_imf,2026-07-31,13542.82086956522,red,data
2026-10-06T15:29:13,hy_spread,2026-10-02,3.1,green_strong,data
2026-10-06T15:29:13,breakeven_10y,2026-10-05,2.36,yellow,data
2026-10-06T15:29:13,vix,2026-10-02,15.31,yellow,data
2026-10-06T15:29:13,us_mortgage_30y,2026-10-01,7.28,yellow,data
2026-10-06T15:29:13,gdp_yoy_published,2026-06-30,8.39,yellow,data
2026-10-06T15:29:13,gdp_yoy,2026-06-30,89.72774377855093,insufficient,data
2026-10-06T15:29:13,gdp_realestate_yoy,2026-06-30,71.97617301993135,insufficient,data
2026-10-06T15:29:13,gdp_construction_yoy,2026-06-30,107.43704178752104,insufficient,data
2026-10-06T15:29:13,export_yoy,2026-07-31,25.590081904262973,yellow,data
2026-10-06T15:29:13,cpi_yoy,2026-08-31,4.89,red,data
2026-10-06T15:29:13,cpi_avg_ytd,2026-07-31,4.393497411553593,yellow,data
2026-10-06T15:29:13,cpi_housing_yoy,2026-08-31,6.6,green,data
2026-10-06T15:29:13,fx_central,2026-08-10,25491.0,yellow,data
2026-10-06T15:29:13,fx_central_ytd,2026-08-10,1.4728713028939966,green,data
2026-10-06T15:29:13,deposit_12m_big4,2026-10-06,5.9,orange,data
2026-10-06T15:29:13,deposit_12m_all,2026-10-06,6.147368421052632,green,data
2026-10-06T15:29:13,interbank_on,2026-07-31,5.72,yellow,data
2026-10-06T15:29:13,refi_rate,2026-08-03,4.5,green,data
2026-10-06T15:29:13,govbond_10y,2026-07-31,4.464118,red,data
2026-10-06T15:29:13,real_rate,2026-08-31,1.010000000000001,yellow,data
2026-10-06T15:29:13,credit_ytd,2026-05-31,4.719252597353663,green,data
2026-10-06T15:29:13,credit_yoy,2026-05-31,16.837719328775336,green,data
2026-10-06T15:29:13,credit_construction_ytd,2026-05-31,5.860894457233434,green,data
2026-10-06T15:29:13,m2_ytd,2026-05-31,2.7283275723141154,green,data
2026-10-06T15:29:13,credit_minus_m2,2026-05-31,1.9909250250395472,green,data
2026-10-06T15:29:13,land_use_revenue,2024-12-31,217245.0,insufficient,data
2026-10-06T15:29:13,public_investment,2026-06-30,81430.19253,yellow,data
2026-10-06T15:29:13,public_investment_ytd_yoy,2026-06-30,13.475454350150606,green,data
2026-10-06T15:29:13,fdi_registered_ytd,2026-07-31,21045.97153151,red,data
2026-10-06T15:29:13,fdi_registered_ytd_yoy,2026-07-31,109.72732069382424,yellow,data
2026-10-06T15:29:13,pmi_vn,2026-08-31,53.3,green,data
2026-10-06T15:29:17,fed_upper,2026-10-05,4.0,green_strong,data
2026-10-06T15:29:17,fed_lower,2026-10-05,3.75,green,data
2026-10-06T15:29:17,effr,2026-10-02,3.88,green,data
2026-10-06T15:29:17,ust_2y,2026-10-02,4.83,green,data
2026-10-06T15:29:17,ust_10y,2026-10-02,5.28,red,data
2026-10-06T15:29:17,ust_10y2y,2026-10-05,0.47,yellow,data
2026-10-06T15:29:17,usd_broad,2026-10-02,121.3848,green,data
2026-10-06T15:29:17,dxy,2026-10-06,,green,data
2026-10-06T15:29:17,brent,2026-09-29,113.96,orange,data
2026-10-06T15:29:17,brent_futures,2026-10-06,,yellow,data
2026-10-06T15:29:17,copper,2026-10-05,,red,data
2026-10-06T15:29:17,copper_lme_stock,2026-10-05,,green,data
2026-10-06T15:29:17,copper_comex,2026-10-06,,red,data
2026-10-06T15:29:17,copper_imf,2026-07-31,13542.82086956522,red,data
2026-10-06T15:29:17,hy_spread,2026-10-02,3.1,green_strong,data
2026-10-06T15:29:17,breakeven_10y,2026-10-05,2.36,yellow,data
2026-10-06T15:29:17,vix,2026-10-02,15.31,yellow,data
2026-10-06T15:29:17,us_mortgage_30y,2026-10-01,7.28,yellow,data
2026-10-06T15:29:17,gdp_yoy_published,2026-06-30,8.39,yellow,data
2026-10-06T15:29:17,gdp_yoy,2026-06-30,89.72774377855093,insufficient,data
2026-10-06T15:29:17,gdp_realestate_yoy,2026-06-30,71.97617301993135,insufficient,data
2026-10-06T15:29:17,gdp_construction_yoy,2026-06-30,107.43704178752104,insufficient,data
2026-10-06T15:29:17,export_yoy,2026-07-31,25.590081904262973,yellow,data
2026-10-06T15:29:17,cpi_yoy,2026-08-31,4.89,red,data
2026-10-06T15:29:17,cpi_avg_ytd,2026-07-31,4.393497411553593,yellow,data
2026-10-06T15:29:17,cpi_housing_yoy,2026-08-31,6.6,green,data
2026-10-06T15:29:17,fx_central,2026-08-10,25491.0,yellow,data
2026-10-06T15:29:17,fx_central_ytd,2026-08-10,1.4728713028939966,green,data
2026-10-06T15:29:17,deposit_12m_big4,2026-10-06,5.9,orange,data
2026-10-06T15:29:17,deposit_12m_all,2026-10-06,6.147368421052632,green,data
2026-10-06T15:29:17,interbank_on,2026-07-31,5.72,yellow,data
2026-10-06T15:29:17,refi_rate,2026-08-03,4.5,green,data
2026-10-06T15:29:17,govbond_10y,2026-07-31,4.464118,red,data
2026-10-06T15:29:17,real_rate,2026-08-31,1.010000000000001,yellow,data
2026-10-06T15:29:17,credit_ytd,2026-05-31,4.719252597353663,green,data
2026-10-06T15:29:17,credit_yoy,2026-05-31,16.837719328775336,green,data
2026-10-06T15:29:17,credit_construction_ytd,2026-05-31,5.860894457233434,green,data
2026-10-06T15:29:17,m2_ytd,2026-05-31,2.7283275723141154,green,data
2026-10-06T15:29:17,credit_minus_m2,2026-05-31,1.9909250250395472,green,data
2026-10-06T15:29:17,land_use_revenue,2024-12-31,217245.0,insufficient,data
2026-10-06T15:29:17,public_investment,2026-06-30,81430.19253,yellow,data
2026-10-06T15:29:17,public_investment_ytd_yoy,2026-06-30,13.475454350150606,green,data
2026-10-06T15:29:17,fdi_registered_ytd,2026-07-31,21045.97153151,red,data
2026-10-06T15:29:17,fdi_registered_ytd_yoy,2026-07-31,109.72732069382424,yellow,data
2026-10-06T15:29:17,pmi_vn,2026-08-31,53.3,green,data
2026-10-06T15:29:21,fed_upper,2026-10-05,4.0,green_strong,data
2026-10-06T15:29:21,fed_lower,2026-10-05,3.75,green,data
2026-10-06T15:29:21,effr,2026-10-02,3.88,green,data
2026-10-06T15:29:21,ust_2y,2026-10-02,4.83,green,data
2026-10-06T15:29:21,ust_10y,2026-10-02,5.28,red,data
2026-10-06T15:29:21,ust_10y2y,2026-10-05,0.47,yellow,data
2026-10-06T15:29:21,usd_broad,2026-10-02,121.3848,green,data
2026-10-06T15:29:21,dxy,2026-10-06,,green,data
2026-10-06T15:29:21,brent,2026-09-29,113.96,orange,data
2026-10-06T15:29:21,brent_futures,2026-10-06,,yellow,data
2026-10-06T15:29:21,copper,2026-10-05,,red,data
2026-10-06T15:29:21,copper_lme_stock,2026-10-05,,green,data
2026-10-06T15:29:21,copper_comex,2026-10-06,,red,data
2026-10-06T15:29:21,copper_imf,2026-07-31,13542.82086956522,red,data
2026-10-06T15:29:21,hy_spread,2026-10-02,3.1,green_strong,data
2026-10-06T15:29:21,breakeven_10y,2026-10-05,2.36,yellow,data
2026-10-06T15:29:21,vix,2026-10-02,15.31,yellow,data
2026-10-06T15:29:21,us_mortgage_30y,2026-10-01,7.28,yellow,data
2026-10-06T15:29:21,gdp_yoy_published,2026-06-30,8.39,yellow,data
2026-10-06T15:29:21,gdp_yoy,2026-06-30,89.72774377855093,insufficient,data
2026-10-06T15:29:21,gdp_realestate_yoy,2026-06-30,71.97617301993135,insufficient,data
2026-10-06T15:29:21,gdp_construction_yoy,2026-06-30,107.43704178752104,insufficient,data
2026-10-06T15:29:21,export_yoy,2026-07-31,25.590081904262973,yellow,data
2026-10-06T15:29:21,cpi_yoy,2026-08-31,4.89,red,data
2026-10-06T15:29:21,cpi_avg_ytd,2026-07-31,4.393497411553593,yellow,data
2026-10-06T15:29:21,cpi_housing_yoy,2026-08-31,6.6,green,data
2026-10-06T15:29:21,fx_central,2026-08-10,25491.0,yellow,data
2026-10-06T15:29:21,fx_central_ytd,2026-08-10,1.4728713028939966,green,data
2026-10-06T15:29:21,deposit_12m_big4,2026-10-06,5.9,orange,data
2026-10-06T15:29:21,deposit_12m_all,2026-10-06,6.147368421052632,green,data
2026-10-06T15:29:21,interbank_on,2026-07-31,5.72,yellow,data
2026-10-06T15:29:21,refi_rate,2026-08-03,4.5,green,data
2026-10-06T15:29:21,govbond_10y,2026-07-31,4.464118,red,data
2026-10-06T15:29:21,real_rate,2026-08-31,1.010000000000001,yellow,data
2026-10-06T15:29:21,credit_ytd,2026-05-31,4.719252597353663,green,data
2026-10-06T15:29:21,credit_yoy,2026-05-31,16.837719328775336,green,data
2026-10-06T15:29:21,credit_construction_ytd,2026-05-31,5.860894457233434,green,data
2026-10-06T15:29:21,m2_ytd,2026-05-31,2.7283275723141154,green,data
2026-10-06T15:29:21,credit_minus_m2,2026-05-31,1.9909250250395472,green,data
2026-10-06T15:29:21,land_use_revenue,2024-12-31,217245.0,insufficient,data
2026-10-06T15:29:21,public_investment,2026-06-30,81430.19253,yellow,data
2026-10-06T15:29:21,public_investment_ytd_yoy,2026-06-30,13.475454350150606,green,data
2026-10-06T15:29:21,fdi_registered_ytd,2026-07-31,21045.97153151,red,data
2026-10-06T15:29:21,fdi_registered_ytd_yoy,2026-07-31,109.72732069382424,yellow,data
2026-10-06T15:29:21,pmi_vn,2026-08-31,53.3,green,data
2026-10-06T15:29:25,fed_upper,2026-10-05,4.0,green_strong,data
2026-10-06T15:29:25,fed_lower,2026-10-05,3.75,green,data
2026-10-06T15:29:25,effr,2026-10-02,3.88,green,data
2026-10-06T15:29:25,ust_2y,2026-10-02,4.83,green,data
2026-10-06T15:29:25,ust_10y,2026-10-02,5.28,red,data
2026-10-06T15:29:25,ust_10y2y,2026-10-05,0.47,yellow,data
2026-10-06T15:29:25,usd_broad,2026-10-02,121.3848,green,data
2026-10-06T15:29:25,dxy,2026-10-06,,green,data
2026-10-06T15:29:25,brent,2026-09-29,113.96,orange,data
2026-10-06T15:29:25,brent_futures,2026-10-06,,yellow,data
2026-10-06T15:29:25,copper,2026-10-05,,red,data
2026-10-06T15:29:25,copper_lme_stock,2026-10-05,,green,data
2026-10-06T15:29:25,copper_comex,2026-10-06,,red,data
2026-10-06T15:29:25,copper_imf,2026-07-31,13542.82086956522,red,data
2026-10-06T15:29:25,hy_spread,2026-10-02,3.1,green_strong,data
2026-10-06T15:29:25,breakeven_10y,2026-10-05,2.36,yellow,data
2026-10-06T15:29:25,vix,2026-10-02,15.31,yellow,data
2026-10-06T15:29:25,us_mortgage_30y,2026-10-01,7.28,yellow,data
2026-10-06T15:29:25,gdp_yoy_published,2026-06-30,8.39,yellow,data
2026-10-06T15:29:25,gdp_yoy,2026-06-30,89.72774377855093,insufficient,data
2026-10-06T15:29:25,gdp_realestate_yoy,2026-06-30,71.97617301993135,insufficient,data
2026-10-06T15:29:25,gdp_construction_yoy,2026-06-30,107.43704178752104,insufficient,data
2026-10-06T15:29:25,export_yoy,2026-07-31,25.590081904262973,yellow,data
2026-10-06T15:29:25,cpi_yoy,2026-08-31,4.89,red,data
2026-10-06T15:29:25,cpi_avg_ytd,2026-07-31,4.393497411553593,yellow,data
2026-10-06T15:29:25,cpi_housing_yoy,2026-08-31,6.6,green,data
2026-10-06T15:29:25,fx_central,2026-08-10,25491.0,yellow,data
2026-10-06T15:29:25,fx_central_ytd,2026-08-10,1.4728713028939966,green,data
2026-10-06T15:29:25,deposit_12m_big4,2026-10-06,5.9,orange,data
2026-10-06T15:29:25,deposit_12m_all,2026-10-06,6.147368421052632,green,data
2026-10-06T15:29:25,interbank_on,2026-07-31,5.72,yellow,data
2026-10-06T15:29:25,refi_rate,2026-08-03,4.5,green,data
2026-10-06T15:29:25,govbond_10y,2026-07-31,4.464118,red,data
2026-10-06T15:29:25,real_rate,2026-08-31,1.010000000000001,yellow,data
2026-10-06T15:29:25,credit_ytd,2026-05-31,4.719252597353663,green,data
2026-10-06T15:29:25,credit_yoy,2026-05-31,16.837719328775336,green,data
2026-10-06T15:29:25,credit_construction_ytd,2026-05-31,5.860894457233434,green,data
2026-10-06T15:29:25,m2_ytd,2026-05-31,2.7283275723141154,green,data
2026-10-06T15:29:25,credit_minus_m2,2026-05-31,1.9909250250395472,green,data
2026-10-06T15:29:25,land_use_revenue,2024-12-31,217245.0,insufficient,data
2026-10-06T15:29:25,public_investment,2026-06-30,81430.19253,yellow,data
2026-10-06T15:29:25,public_investment_ytd_yoy,2026-06-30,13.475454350150606,green,data
2026-10-06T15:29:25,fdi_registered_ytd,2026-07-31,21045.97153151,red,data
2026-10-06T15:29:25,fdi_registered_ytd_yoy,2026-07-31,109.72732069382424,yellow,data
2026-10-06T15:29:25,pmi_vn,2026-08-31,53.3,green,data
2026-10-06T15:29:31,fed_upper,2026-10-05,4.0,green_strong,data
2026-10-06T15:29:31,fed_lower,2026-10-05,3.75,green,data
2026-10-06T15:29:31,effr,2026-10-02,3.88,green,data
2026-10-06T15:29:31,ust_2y,2026-10-02,4.83,green,data
2026-10-06T15:29:31,ust_10y,2026-10-02,5.28,red,data
2026-10-06T15:29:31,ust_10y2y,2026-10-05,0.47,yellow,data
2026-10-06T15:29:31,usd_broad,2026-10-02,121.3848,green,data
2026-10-06T15:29:31,dxy,2026-10-06,,green,data
2026-10-06T15:29:31,brent,2026-09-29,113.96,orange,data
2026-10-06T15:29:31,brent_futures,2026-10-06,,yellow,data
2026-10-06T15:29:31,copper,2026-10-05,,red,data
2026-10-06T15:29:31,copper_lme_stock,2026-10-05,,green,data
2026-10-06T15:29:31,copper_comex,2026-10-06,,red,data
2026-10-06T15:29:31,copper_imf,2026-07-31,13542.82086956522,red,data
2026-10-06T15:29:31,hy_spread,2026-10-02,3.1,green_strong,data
2026-10-06T15:29:31,breakeven_10y,2026-10-05,2.36,yellow,data
2026-10-06T15:29:31,vix,2026-10-02,15.31,yellow,data
2026-10-06T15:29:31,us_mortgage_30y,2026-10-01,7.28,yellow,data
2026-10-06T15:29:31,gdp_yoy_published,2026-06-30,8.39,yellow,data
2026-10-06T15:29:31,gdp_yoy,2026-06-30,89.72774377855093,insufficient,data
2026-10-06T15:29:31,gdp_realestate_yoy,2026-06-30,71.97617301993135,insufficient,data
2026-10-06T15:29:31,gdp_construction_yoy,2026-06-30,107.43704178752104,insufficient,data
2026-10-06T15:29:31,export_yoy,2026-07-31,25.590081904262973,yellow,data
2026-10-06T15:29:31,cpi_yoy,2026-08-31,4.89,red,data
2026-10-06T15:29:31,cpi_avg_ytd,2026-07-31,4.393497411553593,yellow,data
2026-10-06T15:29:31,cpi_housing_yoy,2026-08-31,6.6,green,data
2026-10-06T15:29:31,fx_central,2026-08-10,25491.0,yellow,data
2026-10-06T15:29:31,fx_central_ytd,2026-08-10,1.4728713028939966,green,data
2026-10-06T15:29:31,deposit_12m_big4,2026-10-06,5.9,orange,data
2026-10-06T15:29:31,deposit_12m_all,2026-10-06,6.147368421052632,green,data
2026-10-06T15:29:31,interbank_on,2026-07-31,5.72,yellow,data
2026-10-06T15:29:31,refi_rate,2026-08-03,4.5,green,data
2026-10-06T15:29:31,govbond_10y,2026-07-31,4.464118,red,data
2026-10-06T15:29:31,real_rate,2026-08-31,1.010000000000001,yellow,data
2026-10-06T15:29:31,credit_ytd,2026-05-31,4.719252597353663,green,data
2026-10-06T15:29:31,credit_yoy,2026-05-31,16.837719328775336,green,data
2026-10-06T15:29:31,credit_construction_ytd,2026-05-31,5.860894457233434,green,data
2026-10-06T15:29:31,m2_ytd,2026-05-31,2.7283275723141154,green,data
2026-10-06T15:29:31,credit_minus_m2,2026-05-31,1.9909250250395472,green,data
2026-10-06T15:29:31,land_use_revenue,2024-12-31,217245.0,insufficient,data
2026-10-06T15:29:31,public_investment,2026-06-30,81430.19253,yellow,data
2026-10-06T15:29:31,public_investment_ytd_yoy,2026-06-30,13.475454350150606,green,data
2026-10-06T15:29:31,fdi_registered_ytd,2026-07-31,21045.97153151,red,data
2026-10-06T15:29:31,fdi_registered_ytd_yoy,2026-07-31,109.72732069382424,yellow,data
2026-10-06T15:29:31,pmi_vn,2026-08-31,53.3,green,data
2026-10-06T15:29:36,fed_upper,2026-10-05,4.0,green_strong,data
2026-10-06T15:29:36,fed_lower,2026-10-05,3.75,green,data
2026-10-06T15:29:36,effr,2026-10-02,3.88,green,data
2026-10-06T15:29:36,ust_2y,2026-10-02,4.83,green,data
2026-10-06T15:29:36,ust_10y,2026-10-02,5.28,red,data
2026-10-06T15:29:36,ust_10y2y,2026-10-05,0.47,yellow,data
2026-10-06T15:29:36,usd_broad,2026-10-02,121.3848,green,data
2026-10-06T15:29:36,dxy,2026-10-06,,green,data
2026-10-06T15:29:36,brent,2026-09-29,113.96,orange,data
2026-10-06T15:29:36,brent_futures,2026-10-06,,yellow,data
2026-10-06T15:29:36,copper,2026-10-05,,red,data
2026-10-06T15:29:36,copper_lme_stock,2026-10-05,,green,data
2026-10-06T15:29:36,copper_comex,2026-10-06,,red,data
2026-10-06T15:29:36,copper_imf,2026-07-31,13542.82086956522,red,data
2026-10-06T15:29:36,hy_spread,2026-10-02,3.1,green_strong,data
2026-10-06T15:29:36,breakeven_10y,2026-10-05,2.36,yellow,data
2026-10-06T15:29:36,vix,2026-10-02,15.31,yellow,data
2026-10-06T15:29:36,us_mortgage_30y,2026-10-01,7.28,yellow,data
2026-10-06T15:29:36,gdp_yoy_published,2026-06-30,8.39,yellow,data
2026-10-06T15:29:36,gdp_yoy,2026-06-30,89.72774377855093,insufficient,data
2026-10-06T15:29:36,gdp_realestate_yoy,2026-06-30,71.97617301993135,insufficient,data
2026-10-06T15:29:36,gdp_construction_yoy,2026-06-30,107.43704178752104,insufficient,data
2026-10-06T15:29:36,export_yoy,2026-07-31,25.590081904262973,yellow,data
2026-10-06T15:29:36,cpi_yoy,2026-08-31,4.89,red,data
2026-10-06T15:29:36,cpi_avg_ytd,2026-07-31,4.393497411553593,yellow,data
2026-10-06T15:29:36,cpi_housing_yoy,2026-08-31,6.6,green,data
2026-10-06T15:29:36,fx_central,2026-08-10,25491.0,yellow,data
2026-10-06T15:29:36,fx_central_ytd,2026-08-10,1.4728713028939966,green,data
2026-10-06T15:29:36,deposit_12m_big4,2026-10-06,5.9,orange,data
2026-10-06T15:29:36,deposit_12m_all,2026-10-06,6.147368421052632,green,data
2026-10-06T15:29:36,interbank_on,2026-07-31,5.72,yellow,data
2026-10-06T15:29:36,refi_rate,2026-08-03,4.5,green,data
2026-10-06T15:29:36,govbond_10y,2026-07-31,4.464118,red,data
2026-10-06T15:29:36,real_rate,2026-08-31,1.010000000000001,yellow,data
2026-10-06T15:29:36,credit_ytd,2026-05-31,4.719252597353663,green,data
2026-10-06T15:29:36,credit_yoy,2026-05-31,16.837719328775336,green,data
2026-10-06T15:29:36,credit_construction_ytd,2026-05-31,5.860894457233434,green,data
2026-10-06T15:29:36,m2_ytd,2026-05-31,2.7283275723141154,green,data
2026-10-06T15:29:36,credit_minus_m2,2026-05-31,1.9909250250395472,green,data
2026-10-06T15:29:36,land_use_revenue,2024-12-31,217245.0,insufficient,data
2026-10-06T15:29:36,public_investment,2026-06-30,81430.19253,yellow,data
2026-10-06T15:29:36,public_investment_ytd_yoy,2026-06-30,13.475454350150606,green,data
2026-10-06T15:29:36,fdi_registered_ytd,2026-07-31,21045.97153151,red,data
2026-10-06T15:29:36,fdi_registered_ytd_yoy,2026-07-31,109.72732069382424,yellow,data
2026-10-06T15:29:36,pmi_vn,2026-08-31,53.3,green,data
2026-10-06T15:29:41,fed_upper,2026-10-05,4.0,green_strong,data
2026-10-06T15:29:41,fed_lower,2026-10-05,3.75,green,data
2026-10-06T15:29:41,effr,2026-10-02,3.88,green,data
2026-10-06T15:29:41,ust_2y,2026-10-02,4.83,green,data
2026-10-06T15:29:41,ust_10y,2026-10-02,5.28,red,data
2026-10-06T15:29:41,ust_10y2y,2026-10-05,0.47,yellow,data
2026-10-06T15:29:41,usd_broad,2026-10-02,121.3848,green,data
2026-10-06T15:29:41,dxy,2026-10-06,,green,data
2026-10-06T15:29:41,brent,2026-09-29,113.96,orange,data
2026-10-06T15:29:41,brent_futures,2026-10-06,,yellow,data
2026-10-06T15:29:41,copper,2026-10-05,,red,data
2026-10-06T15:29:41,copper_lme_stock,2026-10-05,,green,data
2026-10-06T15:29:41,copper_comex,2026-10-06,,red,data
2026-10-06T15:29:41,copper_imf,2026-07-31,13542.82086956522,red,data
2026-10-06T15:29:41,hy_spread,2026-10-02,3.1,green_strong,data
2026-10-06T15:29:41,breakeven_10y,2026-10-05,2.36,yellow,data
2026-10-06T15:29:41,vix,2026-10-02,15.31,yellow,data
2026-10-06T15:29:41,us_mortgage_30y,2026-10-01,7.28,yellow,data
2026-10-06T15:29:41,gdp_yoy_published,2026-06-30,8.39,yellow,data
2026-10-06T15:29:41,gdp_yoy,2026-06-30,89.72774377855093,insufficient,data
2026-10-06T15:29:41,gdp_realestate_yoy,2026-06-30,71.97617301993135,insufficient,data
2026-10-06T15:29:41,gdp_construction_yoy,2026-06-30,107.43704178752104,insufficient,data
2026-10-06T15:29:41,export_yoy,2026-07-31,25.590081904262973,yellow,data
2026-10-06T15:29:41,cpi_yoy,2026-08-31,4.89,red,data
2026-10-06T15:29:41,cpi_avg_ytd,2026-07-31,4.393497411553593,yellow,data
2026-10-06T15:29:41,cpi_housing_yoy,2026-08-31,6.6,green,data
2026-10-06T15:29:41,fx_central,2026-08-10,25491.0,yellow,data
2026-10-06T15:29:41,fx_central_ytd,2026-08-10,1.4728713028939966,green,data
2026-10-06T15:29:41,deposit_12m_big4,2026-10-06,5.9,orange,data
2026-10-06T15:29:41,deposit_12m_all,2026-10-06,6.147368421052632,green,data
2026-10-06T15:29:41,interbank_on,2026-07-31,5.72,yellow,data
2026-10-06T15:29:41,refi_rate,2026-08-03,4.5,green,data
2026-10-06T15:29:41,govbond_10y,2026-07-31,4.464118,red,data
2026-10-06T15:29:41,real_rate,2026-08-31,1.010000000000001,yellow,data
2026-10-06T15:29:41,credit_ytd,2026-05-31,4.719252597353663,green,data
2026-10-06T15:29:41,credit_yoy,2026-05-31,16.837719328775336,green,data
2026-10-06T15:29:41,credit_construction_ytd,2026-05-31,5.860894457233434,green,data
2026-10-06T15:29:41,m2_ytd,2026-05-31,2.7283275723141154,green,data
2026-10-06T15:29:41,credit_minus_m2,2026-05-31,1.9909250250395472,green,data
2026-10-06T15:29:41,land_use_revenue,2024-12-31,217245.0,insufficient,data
2026-10-06T15:29:41,public_investment,2026-06-30,81430.19253,yellow,data
2026-10-06T15:29:41,public_investment_ytd_yoy,2026-06-30,13.475454350150606,green,data
2026-10-06T15:29:41,fdi_registered_ytd,2026-07-31,21045.97153151,red,data
2026-10-06T15:29:41,fdi_registered_ytd_yoy,2026-07-31,109.72732069382424,yellow,data
2026-10-06T15:29:41,pmi_vn,2026-08-31,53.3,green,data
2026-10-06T15:29:47,fed_upper,2026-10-05,4.0,green_strong,data
2026-10-06T15:29:47,fed_lower,2026-10-05,3.75,green,data
2026-10-06T15:29:47,effr,2026-10-02,3.88,green,data
2026-10-06T15:29:47,ust_2y,2026-10-02,4.83,green,data
2026-10-06T15:29:47,ust_10y,2026-10-02,5.28,red,data
2026-10-06T15:29:47,ust_10y2y,2026-10-05,0.47,yellow,data
2026-10-06T15:29:47,usd_broad,2026-10-02,121.3848,green,data
2026-10-06T15:29:47,dxy,2026-10-06,,green,data
2026-10-06T15:29:47,brent,2026-09-29,113.96,orange,data
2026-10-06T15:29:47,brent_futures,2026-10-06,,yellow,data
2026-10-06T15:29:47,copper,2026-10-05,,red,data
2026-10-06T15:29:47,copper_lme_stock,2026-10-05,,green,data
2026-10-06T15:29:47,copper_comex,2026-10-06,,red,data
2026-10-06T15:29:47,copper_imf,2026-07-31,13542.82086956522,red,data
2026-10-06T15:29:47,hy_spread,2026-10-02,3.1,green_strong,data
2026-10-06T15:29:47,breakeven_10y,2026-10-05,2.36,yellow,data
2026-10-06T15:29:47,vix,2026-10-02,15.31,yellow,data
2026-10-06T15:29:47,us_mortgage_30y,2026-10-01,7.28,yellow,data
2026-10-06T15:29:47,gdp_yoy_published,2026-06-30,8.39,yellow,data
2026-10-06T15:29:47,gdp_yoy,2026-06-30,89.72774377855093,insufficient,data
2026-10-06T15:29:47,gdp_realestate_yoy,2026-06-30,71.97617301993135,insufficient,data
2026-10-06T15:29:47,gdp_construction_yoy,2026-06-30,107.43704178752104,insufficient,data
2026-10-06T15:29:47,export_yoy,2026-07-31,25.590081904262973,yellow,data
2026-10-06T15:29:47,cpi_yoy,2026-08-31,4.89,red,data
2026-10-06T15:29:47,cpi_avg_ytd,2026-07-31,4.393497411553593,yellow,data
2026-10-06T15:29:47,cpi_housing_yoy,2026-08-31,6.6,green,data
2026-10-06T15:29:47,fx_central,2026-08-10,25491.0,yellow,data
2026-10-06T15:29:47,fx_central_ytd,2026-08-10,1.4728713028939966,green,data
2026-10-06T15:29:47,deposit_12m_big4,2026-10-06,5.9,orange,data
2026-10-06T15:29:47,deposit_12m_all,2026-10-06,6.147368421052632,green,data
2026-10-06T15:29:47,interbank_on,2026-07-31,5.72,yellow,data
2026-10-06T15:29:47,refi_rate,2026-08-03,4.5,green,data
2026-10-06T15:29:47,govbond_10y,2026-07-31,4.464118,red,data
2026-10-06T15:29:47,real_rate,2026-08-31,1.010000000000001,yellow,data
2026-10-06T15:29:47,credit_ytd,2026-05-31,4.719252597353663,green,data
2026-10-06T15:29:47,credit_yoy,2026-05-31,16.837719328775336,green,data
2026-10-06T15:29:47,credit_construction_ytd,2026-05-31,5.860894457233434,green,data
2026-10-06T15:29:47,m2_ytd,2026-05-31,2.7283275723141154,green,data
2026-10-06T15:29:47,credit_minus_m2,2026-05-31,1.9909250250395472,green,data
2026-10-06T15:29:47,land_use_revenue,2024-12-31,217245.0,insufficient,data
2026-10-06T15:29:47,public_investment,2026-06-30,81430.19253,yellow,data
2026-10-06T15:29:47,public_investment_ytd_yoy,2026-06-30,13.475454350150606,green,data
2026-10-06T15:29:47,fdi_registered_ytd,2026-07-31,21045.97153151,red,data
2026-10-06T15:29:47,fdi_registered_ytd_yoy,2026-07-31,109.72732069382424,yellow,data
2026-10-06T15:29:47,pmi_vn,2026-08-31,53.3,green,data
2026-10-06T15:29:47,fed_upper,2026-10-05,4.0,green_strong,data
2026-10-06T15:29:47,fed_lower,2026-10-05,3.75,green,data
2026-10-06T15:29:47,effr,2026-10-02,3.88,green,data
2026-10-06T15:29:47,ust_2y,2026-10-02,4.83,green,data
2026-10-06T15:29:47,ust_10y,2026-10-02,5.28,red,data
2026-10-06T15:29:47,ust_10y2y,2026-10-05,0.47,yellow,data
2026-10-06T15:29:47,usd_broad,2026-10-02,121.3848,green,data
2026-10-06T15:29:47,dxy,2026-10-06,,green,data
2026-10-06T15:29:47,brent,2026-09-29,113.96,orange,data
2026-10-06T15:29:47,brent_futures,2026-10-06,,yellow,data
2026-10-06T15:29:47,copper,2026-10-05,,red,data
2026-10-06T15:29:47,copper_lme_stock,2026-10-05,,green,data
2026-10-06T15:29:47,copper_comex,2026-10-06,,red,data
2026-10-06T15:29:47,copper_imf,2026-07-31,13542.82086956522,red,data
2026-10-06T15:29:47,hy_spread,2026-10-02,3.1,green_strong,data
2026-10-06T15:29:47,breakeven_10y,2026-10-05,2.36,yellow,data
2026-10-06T15:29:47,vix,2026-10-02,15.31,yellow,data
2026-10-06T15:29:47,us_mortgage_30y,2026-10-01,7.28,yellow,data
2026-10-06T15:29:47,gdp_yoy_published,2026-06-30,8.39,yellow,data
2026-10-06T15:29:47,gdp_yoy,2026-06-30,89.72774377855093,insufficient,data
2026-10-06T15:29:47,gdp_realestate_yoy,2026-06-30,71.97617301993135,insufficient,data
2026-10-06T15:29:47,gdp_construction_yoy,2026-06-30,107.43704178752104,insufficient,data
2026-10-06T15:29:47,export_yoy,2026-07-31,25.590081904262973,yellow,data
2026-10-06T15:29:47,cpi_yoy,2026-08-31,4.89,red,data
2026-10-06T15:29:47,cpi_avg_ytd,2026-07-31,4.393497411553593,yellow,data
2026-10-06T15:29:47,cpi_housing_yoy,2026-08-31,6.6,green,data
2026-10-06T15:29:47,fx_central,2026-08-10,25491.0,yellow,data
2026-10-06T15:29:47,fx_central_ytd,2026-08-10,1.4728713028939966,green,data
2026-10-06T15:29:47,deposit_12m_big4,2026-10-06,5.9,orange,data
2026-10-06T15:29:47,deposit_12m_all,2026-10-06,6.147368421052632,green,data
2026-10-06T15:29:47,interbank_on,2026-07-31,5.72,yellow,data
2026-10-06T15:29:47,refi_rate,2026-08-03,4.5,green,data
2026-10-06T15:29:47,govbond_10y,2026-07-31,4.464118,red,data
2026-10-06T15:29:47,real_rate,2026-08-31,1.010000000000001,yellow,data
2026-10-06T15:29:47,credit_ytd,2026-05-31,4.719252597353663,green,data
2026-10-06T15:29:47,credit_yoy,2026-05-31,16.837719328775336,green,data
2026-10-06T15:29:47,credit_construction_ytd,2026-05-31,5.860894457233434,green,data
2026-10-06T15:29:47,m2_ytd,2026-05-31,2.7283275723141154,green,data
2026-10-06T15:29:47,credit_minus_m2,2026-05-31,1.9909250250395472,green,data
2026-10-06T15:29:47,land_use_revenue,2024-12-31,217245.0,insufficient,data
2026-10-06T15:29:47,public_investment,2026-06-30,81430.19253,yellow,data
2026-10-06T15:29:47,public_investment_ytd_yoy,2026-06-30,13.475454350150606,green,data
2026-10-06T15:29:47,fdi_registered_ytd,2026-07-31,21045.97153151,red,data
2026-10-06T15:29:47,fdi_registered_ytd_yoy,2026-07-31,109.72732069382424,yellow,data
2026-10-06T15:29:47,pmi_vn,2026-08-31,53.3,green,data
2026-10-06T15:29:55,fed_upper,2026-10-05,4.0,green_strong,data
2026-10-06T15:29:55,fed_lower,2026-10-05,3.75,green,data
2026-10-06T15:29:55,effr,2026-10-02,3.88,green,data
2026-10-06T15:29:55,ust_2y,2026-10-02,4.83,green,data
2026-10-06T15:29:55,ust_10y,2026-10-02,5.28,red,data
2026-10-06T15:29:55,ust_10y2y,2026-10-05,0.47,yellow,data
2026-10-06T15:29:55,usd_broad,2026-10-02,121.3848,green,data
2026-10-06T15:29:55,dxy,2026-10-06,,green,data
2026-10-06T15:29:55,brent,2026-09-29,113.96,orange,data
2026-10-06T15:29:55,brent_futures,2026-10-06,,yellow,data
2026-10-06T15:29:55,copper,2026-10-05,,red,data
2026-10-06T15:29:55,copper_lme_stock,2026-10-05,,green,data
2026-10-06T15:29:55,copper_comex,2026-10-06,,red,data
2026-10-06T15:29:55,copper_imf,2026-07-31,13542.82086956522,red,data
2026-10-06T15:29:55,hy_spread,2026-10-02,3.1,green_strong,data
2026-10-06T15:29:55,breakeven_10y,2026-10-05,2.36,yellow,data
2026-10-06T15:29:55,vix,2026-10-02,15.31,yellow,data
2026-10-06T15:29:55,us_mortgage_30y,2026-10-01,7.28,yellow,data
2026-10-06T15:29:55,gdp_yoy_published,2026-06-30,8.39,yellow,data
2026-10-06T15:29:55,gdp_yoy,2026-06-30,89.72774377855093,insufficient,data
2026-10-06T15:29:55,gdp_realestate_yoy,2026-06-30,71.97617301993135,insufficient,data
2026-10-06T15:29:55,gdp_construction_yoy,2026-06-30,107.43704178752104,insufficient,data
2026-10-06T15:29:55,export_yoy,2026-07-31,25.590081904262973,yellow,data
2026-10-06T15:29:55,cpi_yoy,2026-08-31,4.89,red,data
2026-10-06T15:29:55,cpi_avg_ytd,2026-07-31,4.393497411553593,yellow,data
2026-10-06T15:29:55,cpi_housing_yoy,2026-08-31,6.6,green,data
2026-10-06T15:29:55,fx_central,2026-08-10,25491.0,yellow,data
2026-10-06T15:29:55,fx_central_ytd,2026-08-10,1.4728713028939966,green,data
2026-10-06T15:29:55,deposit_12m_big4,2026-10-06,5.9,orange,data
2026-10-06T15:29:55,deposit_12m_all,2026-10-06,6.147368421052632,green,data
2026-10-06T15:29:55,interbank_on,2026-07-31,5.72,yellow,data
2026-10-06T15:29:55,refi_rate,2026-08-03,4.5,green,data
2026-10-06T15:29:55,govbond_10y,2026-07-31,4.464118,red,data
2026-10-06T15:29:55,real_rate,2026-08-31,1.010000000000001,yellow,data
2026-10-06T15:29:55,credit_ytd,2026-05-31,4.719252597353663,green,data
2026-10-06T15:29:55,credit_yoy,2026-05-31,16.837719328775336,green,data
2026-10-06T15:29:55,credit_construction_ytd,2026-05-31,5.860894457233434,green,data
2026-10-06T15:29:55,m2_ytd,2026-05-31,2.7283275723141154,green,data
2026-10-06T15:29:55,credit_minus_m2,2026-05-31,1.9909250250395472,green,data
2026-10-06T15:29:55,land_use_revenue,2024-12-31,217245.0,insufficient,data
2026-10-06T15:29:55,public_investment,2026-06-30,81430.19253,yellow,data
2026-10-06T15:29:55,public_investment_ytd_yoy,2026-06-30,13.475454350150606,green,data
2026-10-06T15:29:55,fdi_registered_ytd,2026-07-31,21045.97153151,red,data
2026-10-06T15:29:55,fdi_registered_ytd_yoy,2026-07-31,109.72732069382424,yellow,data
2026-10-06T15:29:55,pmi_vn,2026-08-31,53.3,green,data
2026-10-06T15:29:52,fed_upper,2026-10-05,4.0,green_strong,data
2026-10-06T15:29:52,fed_lower,2026-10-05,3.75,green,data
2026-10-06T15:29:52,effr,2026-10-02,3.88,green,data
2026-10-06T15:29:52,ust_2y,2026-10-02,4.83,green,data
2026-10-06T15:29:52,ust_10y,2026-10-02,5.28,red,data
2026-10-06T15:29:52,ust_10y2y,2026-10-05,0.47,yellow,data
2026-10-06T15:29:52,usd_broad,2026-10-02,121.3848,green,data
2026-10-06T15:29:52,dxy,2026-10-06,,green,data
2026-10-06T15:29:52,brent,2026-09-29,113.96,orange,data
2026-10-06T15:29:52,brent_futures,2026-10-06,,yellow,data
2026-10-06T15:29:52,copper,2026-10-05,,red,data
2026-10-06T15:29:52,copper_lme_stock,2026-10-05,,green,data
2026-10-06T15:29:52,copper_comex,2026-10-06,,red,data
2026-10-06T15:29:52,copper_imf,2026-07-31,13542.82086956522,red,data
2026-10-06T15:29:52,hy_spread,2026-10-02,3.1,green_strong,data
2026-10-06T15:29:52,breakeven_10y,2026-10-05,2.36,yellow,data
2026-10-06T15:29:52,vix,2026-10-02,15.31,yellow,data
2026-10-06T15:29:52,us_mortgage_30y,2026-10-01,7.28,yellow,data
2026-10-06T15:29:52,gdp_yoy_published,2026-06-30,8.39,yellow,data
2026-10-06T15:29:52,gdp_yoy,2026-06-30,89.72774377855093,insufficient,data
2026-10-06T15:29:52,gdp_realestate_yoy,2026-06-30,71.97617301993135,insufficient,data
2026-10-06T15:29:52,gdp_construction_yoy,2026-06-30,107.43704178752104,insufficient,data
2026-10-06T15:29:52,export_yoy,2026-07-31,25.590081904262973,yellow,data
2026-10-06T15:29:52,cpi_yoy,2026-08-31,4.89,red,data
2026-10-06T15:29:52,cpi_avg_ytd,2026-07-31,4.393497411553593,yellow,data
2026-10-06T15:29:52,cpi_housing_yoy,2026-08-31,6.6,green,data
2026-10-06T15:29:52,fx_central,2026-08-10,25491.0,yellow,data
2026-10-06T15:29:52,fx_central_ytd,2026-08-10,1.4728713028939966,green,data
2026-10-06T15:29:52,deposit_12m_big4,2026-10-06,5.9,orange,data
2026-10-06T15:29:52,deposit_12m_all,2026-10-06,6.147368421052632,green,data
2026-10-06T15:29:52,interbank_on,2026-07-31,5.72,yellow,data
2026-10-06T15:29:52,refi_rate,2026-08-03,4.5,green,data
2026-10-06T15:29:52,govbond_10y,2026-07-31,4.464118,red,data
2026-10-06T15:29:52,real_rate,2026-08-31,1.010000000000001,yellow,data
2026-10-06T15:29:52,credit_ytd,2026-05-31,4.719252597353663,green,data
2026-10-06T15:29:52,credit_yoy,2026-05-31,16.837719328775336,green,data
2026-10-06T15:29:52,credit_construction_ytd,2026-05-31,5.860894457233434,green,data
2026-10-06T15:29:52,m2_ytd,2026-05-31,2.7283275723141154,green,data
2026-10-06T15:29:52,credit_minus_m2,2026-05-31,1.9909250250395472,green,data
2026-10-06T15:29:52,land_use_revenue,2024-12-31,217245.0,insufficient,data
2026-10-06T15:29:52,public_investment,2026-06-30,81430.19253,yellow,data
2026-10-06T15:29:52,public_investment_ytd_yoy,2026-06-30,13.475454350150606,green,data
2026-10-06T15:29:52,fdi_registered_ytd,2026-07-31,21045.97153151,red,data
2026-10-06T15:29:52,fdi_registered_ytd_yoy,2026-07-31,109.72732069382424,yellow,data
2026-10-06T15:29:52,pmi_vn,2026-08-31,53.3,green,data
2026-10-06T15:30:01,fed_upper,2026-10-05,4.0,green_strong,data
2026-10-06T15:30:01,fed_lower,2026-10-05,3.75,green,data
2026-10-06T15:30:01,effr,2026-10-02,3.88,green,data
2026-10-06T15:30:01,ust_2y,2026-10-02,4.83,green,data
2026-10-06T15:30:01,ust_10y,2026-10-02,5.28,red,data
2026-10-06T15:30:01,ust_10y2y,2026-10-05,0.47,yellow,data
2026-10-06T15:30:01,usd_broad,2026-10-02,121.3848,green,data
2026-10-06T15:30:01,dxy,2026-10-06,,green,data
2026-10-06T15:30:01,brent,2026-09-29,113.96,orange,data
2026-10-06T15:30:01,brent_futures,2026-10-06,,yellow,data
2026-10-06T15:30:01,copper,2026-10-05,,red,data
2026-10-06T15:30:01,copper_lme_stock,2026-10-05,,green,data
2026-10-06T15:30:01,copper_comex,2026-10-06,,red,data
2026-10-06T15:30:01,copper_imf,2026-07-31,13542.82086956522,red,data
2026-10-06T15:30:01,hy_spread,2026-10-02,3.1,green_strong,data
2026-10-06T15:30:01,breakeven_10y,2026-10-05,2.36,yellow,data
2026-10-06T15:30:01,vix,2026-10-02,15.31,yellow,data
2026-10-06T15:30:01,us_mortgage_30y,2026-10-01,7.28,yellow,data
2026-10-06T15:30:01,gdp_yoy_published,2026-06-30,8.39,yellow,data
2026-10-06T15:30:01,gdp_yoy,2026-06-30,89.72774377855093,insufficient,data
2026-10-06T15:30:01,gdp_realestate_yoy,2026-06-30,71.97617301993135,insufficient,data
2026-10-06T15:30:01,gdp_construction_yoy,2026-06-30,107.43704178752104,insufficient,data
2026-10-06T15:30:01,export_yoy,2026-07-31,25.590081904262973,yellow,data
2026-10-06T15:30:01,cpi_yoy,2026-08-31,4.89,red,data
2026-10-06T15:30:01,cpi_avg_ytd,2026-07-31,4.393497411553593,yellow,data
2026-10-06T15:30:01,cpi_housing_yoy,2026-08-31,6.6,green,data
2026-10-06T15:30:01,fx_central,2026-08-10,25491.0,yellow,data
2026-10-06T15:30:01,fx_central_ytd,2026-08-10,1.4728713028939966,green,data
2026-10-06T15:30:01,deposit_12m_big4,2026-10-06,5.9,orange,data
2026-10-06T15:30:01,deposit_12m_all,2026-10-06,6.147368421052632,green,data
2026-10-06T15:30:01,interbank_on,2026-07-31,5.72,yellow,data
2026-10-06T15:30:01,refi_rate,2026-08-03,4.5,green,data
2026-10-06T15:30:01,govbond_10y,2026-07-31,4.464118,red,data
2026-10-06T15:30:01,real_rate,2026-08-31,1.010000000000001,yellow,data
2026-10-06T15:30:01,credit_ytd,2026-05-31,4.719252597353663,green,data
2026-10-06T15:30:01,credit_yoy,2026-05-31,16.837719328775336,green,data
2026-10-06T15:30:01,credit_construction_ytd,2026-05-31,5.860894457233434,green,data
2026-10-06T15:30:01,m2_ytd,2026-05-31,2.7283275723141154,green,data
2026-10-06T15:30:01,credit_minus_m2,2026-05-31,1.9909250250395472,green,data
2026-10-06T15:30:01,land_use_revenue,2024-12-31,217245.0,insufficient,data
2026-10-06T15:30:01,public_investment,2026-06-30,81430.19253,yellow,data
2026-10-06T15:30:01,public_investment_ytd_yoy,2026-06-30,13.475454350150606,green,data
2026-10-06T15:30:01,fdi_registered_ytd,2026-07-31,21045.97153151,red,data
2026-10-06T15:30:01,fdi_registered_ytd_yoy,2026-07-31,109.72732069382424,yellow,data
2026-10-06T15:30:01,pmi_vn,2026-08-31,53.3,green,data
2026-10-06T15:30:03,fed_upper,2026-10-05,4.0,green_strong,data
2026-10-06T15:30:03,fed_lower,2026-10-05,3.75,green,data
2026-10-06T15:30:03,effr,2026-10-02,3.88,green,data
2026-10-06T15:30:03,ust_2y,2026-10-02,4.83,green,data
2026-10-06T15:30:03,ust_10y,2026-10-02,5.28,red,data
2026-10-06T15:30:03,ust_10y2y,2026-10-05,0.47,yellow,data
2026-10-06T15:30:03,usd_broad,2026-10-02,121.3848,green,data
2026-10-06T15:30:03,dxy,2026-10-06,,green,data
2026-10-06T15:30:03,brent,2026-09-29,113.96,orange,data
2026-10-06T15:30:03,brent_futures,2026-10-06,,yellow,data
2026-10-06T15:30:03,copper,2026-10-05,,red,data
2026-10-06T15:30:03,copper_lme_stock,2026-10-05,,green,data
2026-10-06T15:30:03,copper_comex,2026-10-06,,red,data
2026-10-06T15:30:03,copper_imf,2026-07-31,13542.82086956522,red,data
2026-10-06T15:30:03,hy_spread,2026-10-02,3.1,green_strong,data
2026-10-06T15:30:03,breakeven_10y,2026-10-05,2.36,yellow,data
2026-10-06T15:30:03,vix,2026-10-02,15.31,yellow,data
2026-10-06T15:30:03,us_mortgage_30y,2026-10-01,7.28,yellow,data
2026-10-06T15:30:03,gdp_yoy_published,2026-06-30,8.39,yellow,data
2026-10-06T15:30:03,gdp_yoy,2026-06-30,89.72774377855093,insufficient,data
2026-10-06T15:30:03,gdp_realestate_yoy,2026-06-30,71.97617301993135,insufficient,data
2026-10-06T15:30:03,gdp_construction_yoy,2026-06-30,107.43704178752104,insufficient,data
2026-10-06T15:30:03,export_yoy,2026-07-31,25.590081904262973,yellow,data
2026-10-06T15:30:03,cpi_yoy,2026-08-31,4.89,red,data
2026-10-06T15:30:03,cpi_avg_ytd,2026-07-31,4.393497411553593,yellow,data
2026-10-06T15:30:03,cpi_housing_yoy,2026-08-31,6.6,green,data
2026-10-06T15:30:03,fx_central,2026-08-10,25491.0,yellow,data
2026-10-06T15:30:03,fx_central_ytd,2026-08-10,1.4728713028939966,green,data
2026-10-06T15:30:03,deposit_12m_big4,2026-10-06,5.9,orange,data
2026-10-06T15:30:03,deposit_12m_all,2026-10-06,6.147368421052632,green,data
2026-10-06T15:30:03,interbank_on,2026-07-31,5.72,yellow,data
2026-10-06T15:30:03,refi_rate,2026-08-03,4.5,green,data
2026-10-06T15:30:03,govbond_10y,2026-07-31,4.464118,red,data
2026-10-06T15:30:03,real_rate,2026-08-31,1.010000000000001,yellow,data
2026-10-06T15:30:03,credit_ytd,2026-05-31,4.719252597353663,green,data
2026-10-06T15:30:03,credit_yoy,2026-05-31,16.837719328775336,green,data
2026-10-06T15:30:03,credit_construction_ytd,2026-05-31,5.860894457233434,green,data
2026-10-06T15:30:03,m2_ytd,2026-05-31,2.7283275723141154,green,data
2026-10-06T15:30:03,credit_minus_m2,2026-05-31,1.9909250250395472,green,data
2026-10-06T15:30:03,land_use_revenue,2024-12-31,217245.0,insufficient,data
2026-10-06T15:30:03,public_investment,2026-06-30,81430.19253,yellow,data
2026-10-06T15:30:03,public_investment_ytd_yoy,2026-06-30,13.475454350150606,green,data
2026-10-06T15:30:03,fdi_registered_ytd,2026-07-31,21045.97153151,red,data
2026-10-06T15:30:03,fdi_registered_ytd_yoy,2026-07-31,109.72732069382424,yellow,data
2026-10-06T15:30:03,pmi_vn,2026-08-31,53.3,green,data
2026-10-06T15:30:07,fed_upper,2026-10-05,4.0,green_strong,data
2026-10-06T15:30:07,fed_lower,2026-10-05,3.75,green,data
2026-10-06T15:30:07,effr,2026-10-02,3.88,green,data
2026-10-06T15:30:07,ust_2y,2026-10-02,4.83,green,data
2026-10-06T15:30:07,ust_10y,2026-10-02,5.28,red,data
2026-10-06T15:30:07,ust_10y2y,2026-10-05,0.47,yellow,data
2026-10-06T15:30:07,usd_broad,2026-10-02,121.3848,green,data
2026-10-06T15:30:07,dxy,2026-10-06,,green,data
2026-10-06T15:30:07,brent,2026-09-29,113.96,orange,data
2026-10-06T15:30:07,brent_futures,2026-10-06,,yellow,data
2026-10-06T15:30:07,copper,2026-10-05,,red,data
2026-10-06T15:30:07,copper_lme_stock,2026-10-05,,green,data
2026-10-06T15:30:07,copper_comex,2026-10-06,,red,data
2026-10-06T15:30:07,copper_imf,2026-07-31,13542.82086956522,red,data
2026-10-06T15:30:07,hy_spread,2026-10-02,3.1,green_strong,data
2026-10-06T15:30:07,breakeven_10y,2026-10-05,2.36,yellow,data
2026-10-06T15:30:07,vix,2026-10-02,15.31,yellow,data
2026-10-06T15:30:07,us_mortgage_30y,2026-10-01,7.28,yellow,data
2026-10-06T15:30:07,gdp_yoy_published,2026-06-30,8.39,yellow,data
2026-10-06T15:30:07,gdp_yoy,2026-06-30,89.72774377855093,insufficient,data
2026-10-06T15:30:07,gdp_realestate_yoy,2026-06-30,71.97617301993135,insufficient,data
2026-10-06T15:30:07,gdp_construction_yoy,2026-06-30,107.43704178752104,insufficient,data
2026-10-06T15:30:07,export_yoy,2026-07-31,25.590081904262973,yellow,data
2026-10-06T15:30:07,cpi_yoy,2026-08-31,4.89,red,data
2026-10-06T15:30:07,cpi_avg_ytd,2026-07-31,4.393497411553593,yellow,data
2026-10-06T15:30:07,cpi_housing_yoy,2026-08-31,6.6,green,data
2026-10-06T15:30:07,fx_central,2026-08-10,25491.0,yellow,data
2026-10-06T15:30:07,fx_central_ytd,2026-08-10,1.4728713028939966,green,data
2026-10-06T15:30:07,deposit_12m_big4,2026-10-06,5.9,orange,data
2026-10-06T15:30:07,deposit_12m_all,2026-10-06,6.147368421052632,green,data
2026-10-06T15:30:07,interbank_on,2026-07-31,5.72,yellow,data
2026-10-06T15:30:07,refi_rate,2026-08-03,4.5,green,data
2026-10-06T15:30:07,govbond_10y,2026-07-31,4.464118,red,data
2026-10-06T15:30:07,real_rate,2026-08-31,1.010000000000001,yellow,data
2026-10-06T15:30:07,credit_ytd,2026-05-31,4.719252597353663,green,data
2026-10-06T15:30:07,credit_yoy,2026-05-31,16.837719328775336,green,data
2026-10-06T15:30:07,credit_construction_ytd,2026-05-31,5.860894457233434,green,data
2026-10-06T15:30:07,m2_ytd,2026-05-31,2.7283275723141154,green,data
2026-10-06T15:30:07,credit_minus_m2,2026-05-31,1.9909250250395472,green,data
2026-10-06T15:30:07,land_use_revenue,2024-12-31,217245.0,insufficient,data
2026-10-06T15:30:07,public_investment,2026-06-30,81430.19253,yellow,data
2026-10-06T15:30:07,public_investment_ytd_yoy,2026-06-30,13.475454350150606,green,data
2026-10-06T15:30:07,fdi_registered_ytd,2026-07-31,21045.97153151,red,data
2026-10-06T15:30:07,fdi_registered_ytd_yoy,2026-07-31,109.72732069382424,yellow,data
2026-10-06T15:30:07,pmi_vn,2026-08-31,53.3,green,data
2026-10-06T15:30:09,fed_upper,2026-10-05,4.0,green_strong,data
2026-10-06T15:30:09,fed_lower,2026-10-05,3.75,green,data
2026-10-06T15:30:09,effr,2026-10-02,3.88,green,data
2026-10-06T15:30:09,ust_2y,2026-10-02,4.83,green,data
2026-10-06T15:30:09,ust_10y,2026-10-02,5.28,red,data
2026-10-06T15:30:09,ust_10y2y,2026-10-05,0.47,yellow,data
2026-10-06T15:30:09,usd_broad,2026-10-02,121.3848,green,data
2026-10-06T15:30:09,dxy,2026-10-06,,green,data
2026-10-06T15:30:09,brent,2026-09-29,113.96,orange,data
2026-10-06T15:30:09,brent_futures,2026-10-06,,yellow,data
2026-10-06T15:30:09,copper,2026-10-05,,red,data
2026-10-06T15:30:09,copper_lme_stock,2026-10-05,,green,data
2026-10-06T15:30:09,copper_comex,2026-10-06,,red,data
2026-10-06T15:30:09,copper_imf,2026-07-31,13542.82086956522,red,data
2026-10-06T15:30:09,hy_spread,2026-10-02,3.1,green_strong,data
2026-10-06T15:30:09,breakeven_10y,2026-10-05,2.36,yellow,data
2026-10-06T15:30:09,vix,2026-10-02,15.31,yellow,data
2026-10-06T15:30:09,us_mortgage_30y,2026-10-01,7.28,yellow,data
2026-10-06T15:30:09,gdp_yoy_published,2026-06-30,8.39,yellow,data
2026-10-06T15:30:09,gdp_yoy,2026-06-30,89.72774377855093,insufficient,data
2026-10-06T15:30:09,gdp_realestate_yoy,2026-06-30,71.97617301993135,insufficient,data
2026-10-06T15:30:09,gdp_construction_yoy,2026-06-30,107.43704178752104,insufficient,data
2026-10-06T15:30:09,export_yoy,2026-07-31,25.590081904262973,yellow,data
2026-10-06T15:30:09,cpi_yoy,2026-08-31,4.89,red,data
2026-10-06T15:30:09,cpi_avg_ytd,2026-07-31,4.393497411553593,yellow,data
2026-10-06T15:30:09,cpi_housing_yoy,2026-08-31,6.6,green,data
2026-10-06T15:30:09,fx_central,2026-08-10,25491.0,yellow,data
2026-10-06T15:30:09,fx_central_ytd,2026-08-10,1.4728713028939966,green,data
2026-10-06T15:30:09,deposit_12m_big4,2026-10-06,5.9,orange,data
2026-10-06T15:30:09,deposit_12m_all,2026-10-06,6.147368421052632,green,data
2026-10-06T15:30:09,interbank_on,2026-07-31,5.72,yellow,data
2026-10-06T15:30:09,refi_rate,2026-08-03,4.5,green,data
2026-10-06T15:30:09,govbond_10y,2026-07-31,4.464118,red,data
2026-10-06T15:30:09,real_rate,2026-08-31,1.010000000000001,yellow,data
2026-10-06T15:30:09,credit_ytd,2026-05-31,4.719252597353663,green,data
2026-10-06T15:30:09,credit_yoy,2026-05-31,16.837719328775336,green,data
2026-10-06T15:30:09,credit_construction_ytd,2026-05-31,5.860894457233434,green,data
2026-10-06T15:30:09,m2_ytd,2026-05-31,2.7283275723141154,green,data
2026-10-06T15:30:09,credit_minus_m2,2026-05-31,1.9909250250395472,green,data
2026-10-06T15:30:09,land_use_revenue,2024-12-31,217245.0,insufficient,data
2026-10-06T15:30:09,public_investment,2026-06-30,81430.19253,yellow,data
2026-10-06T15:30:09,public_investment_ytd_yoy,2026-06-30,13.475454350150606,green,data
2026-10-06T15:30:09,fdi_registered_ytd,2026-07-31,21045.97153151,red,data
2026-10-06T15:30:09,fdi_registered_ytd_yoy,2026-07-31,109.72732069382424,yellow,data
2026-10-06T15:30:09,pmi_vn,2026-08-31,53.3,green,data
2026-10-06T15:30:13,fed_upper,2026-10-05,4.0,green_strong,data
2026-10-06T15:30:13,fed_lower,2026-10-05,3.75,green,data
2026-10-06T15:30:13,effr,2026-10-02,3.88,green,data
2026-10-06T15:30:13,ust_2y,2026-10-02,4.83,green,data
2026-10-06T15:30:13,ust_10y,2026-10-02,5.28,red,data
2026-10-06T15:30:13,ust_10y2y,2026-10-05,0.47,yellow,data
2026-10-06T15:30:13,usd_broad,2026-10-02,121.3848,green,data
2026-10-06T15:30:13,dxy,2026-10-06,,green,data
2026-10-06T15:30:13,brent,2026-09-29,113.96,orange,data
2026-10-06T15:30:13,brent_futures,2026-10-06,,yellow,data
2026-10-06T15:30:13,copper,2026-10-05,,red,data
2026-10-06T15:30:13,copper_lme_stock,2026-10-05,,green,data
2026-10-06T15:30:13,copper_comex,2026-10-06,,red,data
2026-10-06T15:30:13,copper_imf,2026-07-31,13542.82086956522,red,data
2026-10-06T15:30:13,hy_spread,2026-10-02,3.1,green_strong,data
2026-10-06T15:30:13,breakeven_10y,2026-10-05,2.36,yellow,data
2026-10-06T15:30:13,vix,2026-10-02,15.31,yellow,data
2026-10-06T15:30:13,us_mortgage_30y,2026-10-01,7.28,yellow,data
2026-10-06T15:30:13,gdp_yoy_published,2026-06-30,8.39,yellow,data
2026-10-06T15:30:13,gdp_yoy,2026-06-30,89.72774377855093,insufficient,data
2026-10-06T15:30:13,gdp_realestate_yoy,2026-06-30,71.97617301993135,insufficient,data
2026-10-06T15:30:13,gdp_construction_yoy,2026-06-30,107.43704178752104,insufficient,data
2026-10-06T15:30:13,export_yoy,2026-07-31,25.590081904262973,yellow,data
2026-10-06T15:30:13,cpi_yoy,2026-08-31,4.89,red,data
2026-10-06T15:30:13,cpi_avg_ytd,2026-07-31,4.393497411553593,yellow,data
2026-10-06T15:30:13,cpi_housing_yoy,2026-08-31,6.6,green,data
2026-10-06T15:30:13,fx_central,2026-08-10,25491.0,yellow,data
2026-10-06T15:30:13,fx_central_ytd,2026-08-10,1.4728713028939966,green,data
2026-10-06T15:30:13,deposit_12m_big4,2026-10-06,5.9,orange,data
2026-10-06T15:30:13,deposit_12m_all,2026-10-06,6.147368421052632,green,data
2026-10-06T15:30:13,interbank_on,2026-07-31,5.72,yellow,data
2026-10-06T15:30:13,refi_rate,2026-08-03,4.5,green,data
2026-10-06T15:30:13,govbond_10y,2026-07-31,4.464118,red,data
2026-10-06T15:30:13,real_rate,2026-08-31,1.010000000000001,yellow,data
2026-10-06T15:30:13,credit_ytd,2026-05-31,4.719252597353663,green,data
2026-10-06T15:30:13,credit_yoy,2026-05-31,16.837719328775336,green,data
2026-10-06T15:30:13,credit_construction_ytd,2026-05-31,5.860894457233434,green,data
2026-10-06T15:30:13,m2_ytd,2026-05-31,2.7283275723141154,green,data
2026-10-06T15:30:13,credit_minus_m2,2026-05-31,1.9909250250395472,green,data
2026-10-06T15:30:13,land_use_revenue,2024-12-31,217245.0,insufficient,data
2026-10-06T15:30:13,public_investment,2026-06-30,81430.19253,yellow,data
2026-10-06T15:30:13,public_investment_ytd_yoy,2026-06-30,13.475454350150606,green,data
2026-10-06T15:30:13,fdi_registered_ytd,2026-07-31,21045.97153151,red,data
2026-10-06T15:30:13,fdi_registered_ytd_yoy,2026-07-31,109.72732069382424,yellow,data
2026-10-06T15:30:13,pmi_vn,2026-08-31,53.3,green,data
2026-10-06T15:30:14,fed_upper,2026-10-05,4.0,green_strong,data
2026-10-06T15:30:14,fed_lower,2026-10-05,3.75,green,data
2026-10-06T15:30:14,effr,2026-10-02,3.88,green,data
2026-10-06T15:30:14,ust_2y,2026-10-02,4.83,green,data
2026-10-06T15:30:14,ust_10y,2026-10-02,5.28,red,data
2026-10-06T15:30:14,ust_10y2y,2026-10-05,0.47,yellow,data
2026-10-06T15:30:14,usd_broad,2026-10-02,121.3848,green,data
2026-10-06T15:30:14,dxy,2026-10-06,,green,data
2026-10-06T15:30:14,brent,2026-09-29,113.96,orange,data
2026-10-06T15:30:14,brent_futures,2026-10-06,,yellow,data
2026-10-06T15:30:14,copper,2026-10-05,,red,data
2026-10-06T15:30:14,copper_lme_stock,2026-10-05,,green,data
2026-10-06T15:30:14,copper_comex,2026-10-06,,red,data
2026-10-06T15:30:14,copper_imf,2026-07-31,13542.82086956522,red,data
2026-10-06T15:30:14,hy_spread,2026-10-02,3.1,green_strong,data
2026-10-06T15:30:14,breakeven_10y,2026-10-05,2.36,yellow,data
2026-10-06T15:30:14,vix,2026-10-02,15.31,yellow,data
2026-10-06T15:30:14,us_mortgage_30y,2026-10-01,7.28,yellow,data
2026-10-06T15:30:14,gdp_yoy_published,2026-06-30,8.39,yellow,data
2026-10-06T15:30:14,gdp_yoy,2026-06-30,89.72774377855093,insufficient,data
2026-10-06T15:30:14,gdp_realestate_yoy,2026-06-30,71.97617301993135,insufficient,data
2026-10-06T15:30:14,gdp_construction_yoy,2026-06-30,107.43704178752104,insufficient,data
2026-10-06T15:30:14,export_yoy,2026-07-31,25.590081904262973,yellow,data
2026-10-06T15:30:14,cpi_yoy,2026-08-31,4.89,red,data
2026-10-06T15:30:14,cpi_avg_ytd,2026-07-31,4.393497411553593,yellow,data
2026-10-06T15:30:14,cpi_housing_yoy,2026-08-31,6.6,green,data
2026-10-06T15:30:14,fx_central,2026-08-10,25491.0,yellow,data
2026-10-06T15:30:14,fx_central_ytd,2026-08-10,1.4728713028939966,green,data
2026-10-06T15:30:14,deposit_12m_big4,2026-10-06,5.9,orange,data
2026-10-06T15:30:14,deposit_12m_all,2026-10-06,6.147368421052632,green,data
2026-10-06T15:30:14,interbank_on,2026-07-31,5.72,yellow,data
2026-10-06T15:30:14,refi_rate,2026-08-03,4.5,green,data
2026-10-06T15:30:14,govbond_10y,2026-07-31,4.464118,red,data
2026-10-06T15:30:14,real_rate,2026-08-31,1.010000000000001,yellow,data
2026-10-06T15:30:14,credit_ytd,2026-05-31,4.719252597353663,green,data
2026-10-06T15:30:14,credit_yoy,2026-05-31,16.837719328775336,green,data
2026-10-06T15:30:14,credit_construction_ytd,2026-05-31,5.860894457233434,green,data
2026-10-06T15:30:14,m2_ytd,2026-05-31,2.7283275723141154,green,data
2026-10-06T15:30:14,credit_minus_m2,2026-05-31,1.9909250250395472,green,data
2026-10-06T15:30:14,land_use_revenue,2024-12-31,217245.0,insufficient,data
2026-10-06T15:30:14,public_investment,2026-06-30,81430.19253,yellow,data
2026-10-06T15:30:14,public_investment_ytd_yoy,2026-06-30,13.475454350150606,green,data
2026-10-06T15:30:14,fdi_registered_ytd,2026-07-31,21045.97153151,red,data
2026-10-06T15:30:14,fdi_registered_ytd_yoy,2026-07-31,109.72732069382424,yellow,data
2026-10-06T15:30:14,pmi_vn,2026-08-31,53.3,green,data
2026-10-06T15:30:17,fed_upper,2026-10-05,4.0,green_strong,data
2026-10-06T15:30:17,fed_lower,2026-10-05,3.75,green,data
2026-10-06T15:30:17,effr,2026-10-02,3.88,green,data
2026-10-06T15:30:17,ust_2y,2026-10-02,4.83,green,data
2026-10-06T15:30:17,ust_10y,2026-10-02,5.28,red,data
2026-10-06T15:30:17,ust_10y2y,2026-10-05,0.47,yellow,data
2026-10-06T15:30:17,usd_broad,2026-10-02,121.3848,green,data
2026-10-06T15:30:17,dxy,2026-10-06,,green,data
2026-10-06T15:30:17,brent,2026-09-29,113.96,orange,data
2026-10-06T15:30:17,brent_futures,2026-10-06,,yellow,data
2026-10-06T15:30:17,copper,2026-10-05,,red,data
2026-10-06T15:30:17,copper_lme_stock,2026-10-05,,green,data
2026-10-06T15:30:17,copper_comex,2026-10-06,,red,data
2026-10-06T15:30:17,copper_imf,2026-07-31,13542.82086956522,red,data
2026-10-06T15:30:17,hy_spread,2026-10-02,3.1,green_strong,data
2026-10-06T15:30:17,breakeven_10y,2026-10-05,2.36,yellow,data
2026-10-06T15:30:17,vix,2026-10-02,15.31,yellow,data
2026-10-06T15:30:17,us_mortgage_30y,2026-10-01,7.28,yellow,data
2026-10-06T15:30:17,gdp_yoy_published,2026-06-30,8.39,yellow,data
2026-10-06T15:30:17,gdp_yoy,2026-06-30,89.72774377855093,insufficient,data
2026-10-06T15:30:17,gdp_realestate_yoy,2026-06-30,71.97617301993135,insufficient,data
2026-10-06T15:30:17,gdp_construction_yoy,2026-06-30,107.43704178752104,insufficient,data
2026-10-06T15:30:17,export_yoy,2026-07-31,25.590081904262973,yellow,data
2026-10-06T15:30:17,cpi_yoy,2026-08-31,4.89,red,data
2026-10-06T15:30:17,cpi_avg_ytd,2026-07-31,4.393497411553593,yellow,data
2026-10-06T15:30:17,cpi_housing_yoy,2026-08-31,6.6,green,data
2026-10-06T15:30:17,fx_central,2026-08-10,25491.0,yellow,data
2026-10-06T15:30:17,fx_central_ytd,2026-08-10,1.4728713028939966,green,data
2026-10-06T15:30:17,deposit_12m_big4,2026-10-06,5.9,orange,data
2026-10-06T15:30:17,deposit_12m_all,2026-10-06,6.147368421052632,green,data
2026-10-06T15:30:17,interbank_on,2026-07-31,5.72,yellow,data
2026-10-06T15:30:17,refi_rate,2026-08-03,4.5,green,data
2026-10-06T15:30:17,govbond_10y,2026-07-31,4.464118,red,data
2026-10-06T15:30:17,real_rate,2026-08-31,1.010000000000001,yellow,data
2026-10-06T15:30:17,credit_ytd,2026-05-31,4.719252597353663,green,data
2026-10-06T15:30:17,credit_yoy,2026-05-31,16.837719328775336,green,data
2026-10-06T15:30:17,credit_construction_ytd,2026-05-31,5.860894457233434,green,data
2026-10-06T15:30:17,m2_ytd,2026-05-31,2.7283275723141154,green,data
2026-10-06T15:30:17,credit_minus_m2,2026-05-31,1.9909250250395472,green,data
2026-10-06T15:30:17,land_use_revenue,2024-12-31,217245.0,insufficient,data
2026-10-06T15:30:17,public_investment,2026-06-30,81430.19253,yellow,data
2026-10-06T15:30:17,public_investment_ytd_yoy,2026-06-30,13.475454350150606,green,data
2026-10-06T15:30:17,fdi_registered_ytd,2026-07-31,21045.97153151,red,data
2026-10-06T15:30:17,fdi_registered_ytd_yoy,2026-07-31,109.72732069382424,yellow,data
2026-10-06T15:30:17,pmi_vn,2026-08-31,53.3,green,data
2026-10-06T15:30:18,fed_upper,2026-10-05,4.0,green_strong,data
2026-10-06T15:30:18,fed_lower,2026-10-05,3.75,green,data
2026-10-06T15:30:18,effr,2026-10-02,3.88,green,data
2026-10-06T15:30:18,ust_2y,2026-10-02,4.83,green,data
2026-10-06T15:30:18,ust_10y,2026-10-02,5.28,red,data
2026-10-06T15:30:18,ust_10y2y,2026-10-05,0.47,yellow,data
2026-10-06T15:30:18,usd_broad,2026-10-02,121.3848,green,data
2026-10-06T15:30:18,dxy,2026-10-06,,green,data
2026-10-06T15:30:18,brent,2026-09-29,113.96,orange,data
2026-10-06T15:30:18,brent_futures,2026-10-06,,yellow,data
2026-10-06T15:30:18,copper,2026-10-05,,red,data
2026-10-06T15:30:18,copper_lme_stock,2026-10-05,,green,data
2026-10-06T15:30:18,copper_comex,2026-10-06,,red,data
2026-10-06T15:30:18,copper_imf,2026-07-31,13542.82086956522,red,data
2026-10-06T15:30:18,hy_spread,2026-10-02,3.1,green_strong,data
2026-10-06T15:30:18,breakeven_10y,2026-10-05,2.36,yellow,data
2026-10-06T15:30:18,vix,2026-10-02,15.31,yellow,data
2026-10-06T15:30:18,us_mortgage_30y,2026-10-01,7.28,yellow,data
2026-10-06T15:30:18,gdp_yoy_published,2026-06-30,8.39,yellow,data
2026-10-06T15:30:18,gdp_yoy,2026-06-30,89.72774377855093,insufficient,data
2026-10-06T15:30:18,gdp_realestate_yoy,2026-06-30,71.97617301993135,insufficient,data
2026-10-06T15:30:18,gdp_construction_yoy,2026-06-30,107.43704178752104,insufficient,data
2026-10-06T15:30:18,export_yoy,2026-07-31,25.590081904262973,yellow,data
2026-10-06T15:30:18,cpi_yoy,2026-08-31,4.89,red,data
2026-10-06T15:30:18,cpi_avg_ytd,2026-07-31,4.393497411553593,yellow,data
2026-10-06T15:30:18,cpi_housing_yoy,2026-08-31,6.6,green,data
2026-10-06T15:30:18,fx_central,2026-08-10,25491.0,yellow,data
2026-10-06T15:30:18,fx_central_ytd,2026-08-10,1.4728713028939966,green,data
2026-10-06T15:30:18,deposit_12m_big4,2026-10-06,5.9,orange,data
2026-10-06T15:30:18,deposit_12m_all,2026-10-06,6.147368421052632,green,data
2026-10-06T15:30:18,interbank_on,2026-07-31,5.72,yellow,data
2026-10-06T15:30:18,refi_rate,2026-08-03,4.5,green,data
2026-10-06T15:30:18,govbond_10y,2026-07-31,4.464118,red,data
2026-10-06T15:30:18,real_rate,2026-08-31,1.010000000000001,yellow,data
2026-10-06T15:30:18,credit_ytd,2026-05-31,4.719252597353663,green,data
2026-10-06T15:30:18,credit_yoy,2026-05-31,16.837719328775336,green,data
2026-10-06T15:30:18,credit_construction_ytd,2026-05-31,5.860894457233434,green,data
2026-10-06T15:30:18,m2_ytd,2026-05-31,2.7283275723141154,green,data
2026-10-06T15:30:18,credit_minus_m2,2026-05-31,1.9909250250395472,green,data
2026-10-06T15:30:18,land_use_revenue,2024-12-31,217245.0,insufficient,data
2026-10-06T15:30:18,public_investment,2026-06-30,81430.19253,yellow,data
2026-10-06T15:30:18,public_investment_ytd_yoy,2026-06-30,13.475454350150606,green,data
2026-10-06T15:30:18,fdi_registered_ytd,2026-07-31,21045.97153151,red,data
2026-10-06T15:30:18,fdi_registered_ytd_yoy,2026-07-31,109.72732069382424,yellow,data
2026-10-06T15:30:18,pmi_vn,2026-08-31,53.3,green,data
2026-10-06T15:30:21,fed_upper,2026-10-05,4.0,green_strong,data
2026-10-06T15:30:21,fed_lower,2026-10-05,3.75,green,data
2026-10-06T15:30:21,effr,2026-10-02,3.88,green,data
2026-10-06T15:30:21,ust_2y,2026-10-02,4.83,green,data
2026-10-06T15:30:21,ust_10y,2026-10-02,5.28,red,data
2026-10-06T15:30:21,ust_10y2y,2026-10-05,0.47,yellow,data
2026-10-06T15:30:21,usd_broad,2026-10-02,121.3848,green,data
2026-10-06T15:30:21,dxy,2026-10-06,,green,data
2026-10-06T15:30:21,brent,2026-09-29,113.96,orange,data
2026-10-06T15:30:21,brent_futures,2026-10-06,,yellow,data
2026-10-06T15:30:21,copper,2026-10-05,,red,data
2026-10-06T15:30:21,copper_lme_stock,2026-10-05,,green,data
2026-10-06T15:30:21,copper_comex,2026-10-06,,red,data
2026-10-06T15:30:21,copper_imf,2026-07-31,13542.82086956522,red,data
2026-10-06T15:30:21,hy_spread,2026-10-02,3.1,green_strong,data
2026-10-06T15:30:21,breakeven_10y,2026-10-05,2.36,yellow,data
2026-10-06T15:30:21,vix,2026-10-02,15.31,yellow,data
2026-10-06T15:30:21,us_mortgage_30y,2026-10-01,7.28,yellow,data
2026-10-06T15:30:21,gdp_yoy_published,2026-06-30,8.39,yellow,data
2026-10-06T15:30:21,gdp_yoy,2026-06-30,89.72774377855093,insufficient,data
2026-10-06T15:30:21,gdp_realestate_yoy,2026-06-30,71.97617301993135,insufficient,data
2026-10-06T15:30:21,gdp_construction_yoy,2026-06-30,107.43704178752104,insufficient,data
2026-10-06T15:30:21,export_yoy,2026-07-31,25.590081904262973,yellow,data
2026-10-06T15:30:21,cpi_yoy,2026-08-31,4.89,red,data
2026-10-06T15:30:21,cpi_avg_ytd,2026-07-31,4.393497411553593,yellow,data
2026-10-06T15:30:21,cpi_housing_yoy,2026-08-31,6.6,green,data
2026-10-06T15:30:21,fx_central,2026-08-10,25491.0,yellow,data
2026-10-06T15:30:21,fx_central_ytd,2026-08-10,1.4728713028939966,green,data
2026-10-06T15:30:21,deposit_12m_big4,2026-10-06,5.9,orange,data
2026-10-06T15:30:21,deposit_12m_all,2026-10-06,6.147368421052632,green,data
2026-10-06T15:30:21,interbank_on,2026-07-31,5.72,yellow,data
2026-10-06T15:30:21,refi_rate,2026-08-03,4.5,green,data
2026-10-06T15:30:21,govbond_10y,2026-07-31,4.464118,red,data
2026-10-06T15:30:21,real_rate,2026-08-31,1.010000000000001,yellow,data
2026-10-06T15:30:21,credit_ytd,2026-05-31,4.719252597353663,green,data
2026-10-06T15:30:21,credit_yoy,2026-05-31,16.837719328775336,green,data
2026-10-06T15:30:21,credit_construction_ytd,2026-05-31,5.860894457233434,green,data
2026-10-06T15:30:21,m2_ytd,2026-05-31,2.7283275723141154,green,data
2026-10-06T15:30:21,credit_minus_m2,2026-05-31,1.9909250250395472,green,data
2026-10-06T15:30:21,land_use_revenue,2024-12-31,217245.0,insufficient,data
2026-10-06T15:30:21,public_investment,2026-06-30,81430.19253,yellow,data
2026-10-06T15:30:21,public_investment_ytd_yoy,2026-06-30,13.475454350150606,green,data
2026-10-06T15:30:21,fdi_registered_ytd,2026-07-31,21045.97153151,red,data
2026-10-06T15:30:21,fdi_registered_ytd_yoy,2026-07-31,109.72732069382424,yellow,data
2026-10-06T15:30:21,pmi_vn,2026-08-31,53.3,green,data
2026-10-06T15:30:22,fed_upper,2026-10-05,4.0,green_strong,data
2026-10-06T15:30:22,fed_lower,2026-10-05,3.75,green,data
2026-10-06T15:30:22,effr,2026-10-02,3.88,green,data
2026-10-06T15:30:22,ust_2y,2026-10-02,4.83,green,data
2026-10-06T15:30:22,ust_10y,2026-10-02,5.28,red,data
2026-10-06T15:30:22,ust_10y2y,2026-10-05,0.47,yellow,data
2026-10-06T15:30:22,usd_broad,2026-10-02,121.3848,green,data
2026-10-06T15:30:22,dxy,2026-10-06,,green,data
2026-10-06T15:30:22,brent,2026-09-29,113.96,orange,data
2026-10-06T15:30:22,brent_futures,2026-10-06,,yellow,data
2026-10-06T15:30:22,copper,2026-10-05,,red,data
2026-10-06T15:30:22,copper_lme_stock,2026-10-05,,green,data
2026-10-06T15:30:22,copper_comex,2026-10-06,,red,data
2026-10-06T15:30:22,copper_imf,2026-07-31,13542.82086956522,red,data
2026-10-06T15:30:22,hy_spread,2026-10-02,3.1,green_strong,data
2026-10-06T15:30:22,breakeven_10y,2026-10-05,2.36,yellow,data
2026-10-06T15:30:22,vix,2026-10-02,15.31,yellow,data
2026-10-06T15:30:22,us_mortgage_30y,2026-10-01,7.28,yellow,data
2026-10-06T15:30:22,gdp_yoy_published,2026-06-30,8.39,yellow,data
2026-10-06T15:30:22,gdp_yoy,2026-06-30,89.72774377855093,insufficient,data
2026-10-06T15:30:22,gdp_realestate_yoy,2026-06-30,71.97617301993135,insufficient,data
2026-10-06T15:30:22,gdp_construction_yoy,2026-06-30,107.43704178752104,insufficient,data
2026-10-06T15:30:22,export_yoy,2026-07-31,25.590081904262973,yellow,data
2026-10-06T15:30:22,cpi_yoy,2026-08-31,4.89,red,data
2026-10-06T15:30:22,cpi_avg_ytd,2026-07-31,4.393497411553593,yellow,data
2026-10-06T15:30:22,cpi_housing_yoy,2026-08-31,6.6,green,data
2026-10-06T15:30:22,fx_central,2026-08-10,25491.0,yellow,data
2026-10-06T15:30:22,fx_central_ytd,2026-08-10,1.4728713028939966,green,data
2026-10-06T15:30:22,deposit_12m_big4,2026-10-06,5.9,orange,data
2026-10-06T15:30:22,deposit_12m_all,2026-10-06,6.147368421052632,green,data
2026-10-06T15:30:22,interbank_on,2026-07-31,5.72,yellow,data
2026-10-06T15:30:22,refi_rate,2026-08-03,4.5,green,data
2026-10-06T15:30:22,govbond_10y,2026-07-31,4.464118,red,data
2026-10-06T15:30:22,real_rate,2026-08-31,1.010000000000001,yellow,data
2026-10-06T15:30:22,credit_ytd,2026-05-31,4.719252597353663,green,data
2026-10-06T15:30:22,credit_yoy,2026-05-31,16.837719328775336,green,data
2026-10-06T15:30:22,credit_construction_ytd,2026-05-31,5.860894457233434,green,data
2026-10-06T15:30:22,m2_ytd,2026-05-31,2.7283275723141154,green,data
2026-10-06T15:30:22,credit_minus_m2,2026-05-31,1.9909250250395472,green,data
2026-10-06T15:30:22,land_use_revenue,2024-12-31,217245.0,insufficient,data
2026-10-06T15:30:22,public_investment,2026-06-30,81430.19253,yellow,data
2026-10-06T15:30:22,public_investment_ytd_yoy,2026-06-30,13.475454350150606,green,data
2026-10-06T15:30:22,fdi_registered_ytd,2026-07-31,21045.97153151,red,data
2026-10-06T15:30:22,fdi_registered_ytd_yoy,2026-07-31,109.72732069382424,yellow,data
2026-10-06T15:30:22,pmi_vn,2026-08-31,53.3,green,data
2026-10-06T15:30:25,fed_upper,2026-10-05,4.0,green_strong,data
2026-10-06T15:30:25,fed_lower,2026-10-05,3.75,green,data
2026-10-06T15:30:25,effr,2026-10-02,3.88,green,data
2026-10-06T15:30:25,ust_2y,2026-10-02,4.83,green,data
2026-10-06T15:30:25,ust_10y,2026-10-02,5.28,red,data
2026-10-06T15:30:25,ust_10y2y,2026-10-05,0.47,yellow,data
2026-10-06T15:30:25,usd_broad,2026-10-02,121.3848,green,data
2026-10-06T15:30:25,dxy,2026-10-06,,green,data
2026-10-06T15:30:25,brent,2026-09-29,113.96,orange,data
2026-10-06T15:30:25,brent_futures,2026-10-06,,yellow,data
2026-10-06T15:30:25,copper,2026-10-05,,red,data
2026-10-06T15:30:25,copper_lme_stock,2026-10-05,,green,data
2026-10-06T15:30:25,copper_comex,2026-10-06,,red,data
2026-10-06T15:30:25,copper_imf,2026-07-31,13542.82086956522,red,data
2026-10-06T15:30:25,hy_spread,2026-10-02,3.1,green_strong,data
2026-10-06T15:30:25,breakeven_10y,2026-10-05,2.36,yellow,data
2026-10-06T15:30:25,vix,2026-10-02,15.31,yellow,data
2026-10-06T15:30:25,us_mortgage_30y,2026-10-01,7.28,yellow,data
2026-10-06T15:30:25,gdp_yoy_published,2026-06-30,8.39,yellow,data
2026-10-06T15:30:25,gdp_yoy,2026-06-30,89.72774377855093,insufficient,data
2026-10-06T15:30:25,gdp_realestate_yoy,2026-06-30,71.97617301993135,insufficient,data
2026-10-06T15:30:25,gdp_construction_yoy,2026-06-30,107.43704178752104,insufficient,data
2026-10-06T15:30:25,export_yoy,2026-07-31,25.590081904262973,yellow,data
2026-10-06T15:30:25,cpi_yoy,2026-08-31,4.89,red,data
2026-10-06T15:30:25,cpi_avg_ytd,2026-07-31,4.393497411553593,yellow,data
2026-10-06T15:30:25,cpi_housing_yoy,2026-08-31,6.6,green,data
2026-10-06T15:30:25,fx_central,2026-08-10,25491.0,yellow,data
2026-10-06T15:30:25,fx_central_ytd,2026-08-10,1.4728713028939966,green,data
2026-10-06T15:30:25,deposit_12m_big4,2026-10-06,5.9,orange,data
2026-10-06T15:30:25,deposit_12m_all,2026-10-06,6.147368421052632,green,data
2026-10-06T15:30:25,interbank_on,2026-07-31,5.72,yellow,data
2026-10-06T15:30:25,refi_rate,2026-08-03,4.5,green,data
2026-10-06T15:30:25,govbond_10y,2026-07-31,4.464118,red,data
2026-10-06T15:30:25,real_rate,2026-08-31,1.010000000000001,yellow,data
2026-10-06T15:30:25,credit_ytd,2026-05-31,4.719252597353663,green,data
2026-10-06T15:30:25,credit_yoy,2026-05-31,16.837719328775336,green,data
2026-10-06T15:30:25,credit_construction_ytd,2026-05-31,5.860894457233434,green,data
2026-10-06T15:30:25,m2_ytd,2026-05-31,2.7283275723141154,green,data
2026-10-06T15:30:25,credit_minus_m2,2026-05-31,1.9909250250395472,green,data
2026-10-06T15:30:25,land_use_revenue,2024-12-31,217245.0,insufficient,data
2026-10-06T15:30:25,public_investment,2026-06-30,81430.19253,yellow,data
2026-10-06T15:30:25,public_investment_ytd_yoy,2026-06-30,13.475454350150606,green,data
2026-10-06T15:30:25,fdi_registered_ytd,2026-07-31,21045.97153151,red,data
2026-10-06T15:30:25,fdi_registered_ytd_yoy,2026-07-31,109.72732069382424,yellow,data
2026-10-06T15:30:25,pmi_vn,2026-08-31,53.3,green,data
2026-10-06T15:30:27,fed_upper,2026-10-05,4.0,green_strong,data
2026-10-06T15:30:27,fed_lower,2026-10-05,3.75,green,data
2026-10-06T15:30:27,effr,2026-10-02,3.88,green,data
2026-10-06T15:30:27,ust_2y,2026-10-02,4.83,green,data
2026-10-06T15:30:27,ust_10y,2026-10-02,5.28,red,data
2026-10-06T15:30:27,ust_10y2y,2026-10-05,0.47,yellow,data
2026-10-06T15:30:27,usd_broad,2026-10-02,121.3848,green,data
2026-10-06T15:30:27,dxy,2026-10-06,,green,data
2026-10-06T15:30:27,brent,2026-09-29,113.96,orange,data
2026-10-06T15:30:27,brent_futures,2026-10-06,,yellow,data
2026-10-06T15:30:27,copper,2026-10-05,,red,data
2026-10-06T15:30:27,copper_lme_stock,2026-10-05,,green,data
2026-10-06T15:30:27,copper_comex,2026-10-06,,red,data
2026-10-06T15:30:27,copper_imf,2026-07-31,13542.82086956522,red,data
2026-10-06T15:30:27,hy_spread,2026-10-02,3.1,green_strong,data
2026-10-06T15:30:27,breakeven_10y,2026-10-05,2.36,yellow,data
2026-10-06T15:30:27,vix,2026-10-02,15.31,yellow,data
2026-10-06T15:30:27,us_mortgage_30y,2026-10-01,7.28,yellow,data
2026-10-06T15:30:27,gdp_yoy_published,2026-06-30,8.39,yellow,data
2026-10-06T15:30:27,gdp_yoy,2026-06-30,89.72774377855093,insufficient,data
2026-10-06T15:30:27,gdp_realestate_yoy,2026-06-30,71.97617301993135,insufficient,data
2026-10-06T15:30:27,gdp_construction_yoy,2026-06-30,107.43704178752104,insufficient,data
2026-10-06T15:30:27,export_yoy,2026-07-31,25.590081904262973,yellow,data
2026-10-06T15:30:27,cpi_yoy,2026-08-31,4.89,red,data
2026-10-06T15:30:27,cpi_avg_ytd,2026-07-31,4.393497411553593,yellow,data
2026-10-06T15:30:27,cpi_housing_yoy,2026-08-31,6.6,green,data
2026-10-06T15:30:27,fx_central,2026-08-10,25491.0,yellow,data
2026-10-06T15:30:27,fx_central_ytd,2026-08-10,1.4728713028939966,green,data
2026-10-06T15:30:27,deposit_12m_big4,2026-10-06,5.9,orange,data
2026-10-06T15:30:27,deposit_12m_all,2026-10-06,6.147368421052632,green,data
2026-10-06T15:30:27,interbank_on,2026-07-31,5.72,yellow,data
2026-10-06T15:30:27,refi_rate,2026-08-03,4.5,green,data
2026-10-06T15:30:27,govbond_10y,2026-07-31,4.464118,red,data
2026-10-06T15:30:27,real_rate,2026-08-31,1.010000000000001,yellow,data
2026-10-06T15:30:27,credit_ytd,2026-05-31,4.719252597353663,green,data
2026-10-06T15:30:27,credit_yoy,2026-05-31,16.837719328775336,green,data
2026-10-06T15:30:27,credit_construction_ytd,2026-05-31,5.860894457233434,green,data
2026-10-06T15:30:27,m2_ytd,2026-05-31,2.7283275723141154,green,data
2026-10-06T15:30:27,credit_minus_m2,2026-05-31,1.9909250250395472,green,data
2026-10-06T15:30:27,land_use_revenue,2024-12-31,217245.0,insufficient,data
2026-10-06T15:30:27,public_investment,2026-06-30,81430.19253,yellow,data
2026-10-06T15:30:27,public_investment_ytd_yoy,2026-06-30,13.475454350150606,green,data
2026-10-06T15:30:27,fdi_registered_ytd,2026-07-31,21045.97153151,red,data
2026-10-06T15:30:27,fdi_registered_ytd_yoy,2026-07-31,109.72732069382424,yellow,data
2026-10-06T15:30:27,pmi_vn,2026-08-31,53.3,green,data
2026-10-06T15:30:28,fed_upper,2026-10-05,4.0,green_strong,data
2026-10-06T15:30:28,fed_lower,2026-10-05,3.75,green,data
2026-10-06T15:30:28,effr,2026-10-02,3.88,green,data
2026-10-06T15:30:28,ust_2y,2026-10-02,4.83,green,data
2026-10-06T15:30:28,ust_10y,2026-10-02,5.28,red,data
2026-10-06T15:30:28,ust_10y2y,2026-10-05,0.47,yellow,data
2026-10-06T15:30:28,usd_broad,2026-10-02,121.3848,green,data
2026-10-06T15:30:28,dxy,2026-10-06,,green,data
2026-10-06T15:30:28,brent,2026-09-29,113.96,orange,data
2026-10-06T15:30:28,brent_futures,2026-10-06,,yellow,data
2026-10-06T15:30:28,copper,2026-10-05,,red,data
2026-10-06T15:30:28,copper_lme_stock,2026-10-05,,green,data
2026-10-06T15:30:28,copper_comex,2026-10-06,,red,data
2026-10-06T15:30:28,copper_imf,2026-07-31,13542.82086956522,red,data
2026-10-06T15:30:28,hy_spread,2026-10-02,3.1,green_strong,data
2026-10-06T15:30:28,breakeven_10y,2026-10-05,2.36,yellow,data
2026-10-06T15:30:28,vix,2026-10-02,15.31,yellow,data
2026-10-06T15:30:28,us_mortgage_30y,2026-10-01,7.28,yellow,data
2026-10-06T15:30:28,gdp_yoy_published,2026-06-30,8.39,yellow,data
2026-10-06T15:30:28,gdp_yoy,2026-06-30,89.72774377855093,insufficient,data
2026-10-06T15:30:28,gdp_realestate_yoy,2026-06-30,71.97617301993135,insufficient,data
2026-10-06T15:30:28,gdp_construction_yoy,2026-06-30,107.43704178752104,insufficient,data
2026-10-06T15:30:28,export_yoy,2026-07-31,25.590081904262973,yellow,data
2026-10-06T15:30:28,cpi_yoy,2026-08-31,4.89,red,data
2026-10-06T15:30:28,cpi_avg_ytd,2026-07-31,4.393497411553593,yellow,data
2026-10-06T15:30:28,cpi_housing_yoy,2026-08-31,6.6,green,data
2026-10-06T15:30:28,fx_central,2026-08-10,25491.0,yellow,data
2026-10-06T15:30:28,fx_central_ytd,2026-08-10,1.4728713028939966,green,data
2026-10-06T15:30:28,deposit_12m_big4,2026-10-06,5.9,orange,data
2026-10-06T15:30:28,deposit_12m_all,2026-10-06,6.147368421052632,green,data
2026-10-06T15:30:28,interbank_on,2026-07-31,5.72,yellow,data
2026-10-06T15:30:28,refi_rate,2026-08-03,4.5,green,data
2026-10-06T15:30:28,govbond_10y,2026-07-31,4.464118,red,data
2026-10-06T15:30:28,real_rate,2026-08-31,1.010000000000001,yellow,data
2026-10-06T15:30:28,credit_ytd,2026-05-31,4.719252597353663,green,data
2026-10-06T15:30:28,credit_yoy,2026-05-31,16.837719328775336,green,data
2026-10-06T15:30:28,credit_construction_ytd,2026-05-31,5.860894457233434,green,data
2026-10-06T15:30:28,m2_ytd,2026-05-31,2.7283275723141154,green,data
2026-10-06T15:30:28,credit_minus_m2,2026-05-31,1.9909250250395472,green,data
2026-10-06T15:30:28,land_use_revenue,2024-12-31,217245.0,insufficient,data
2026-10-06T15:30:28,public_investment,2026-06-30,81430.19253,yellow,data
2026-10-06T15:30:28,public_investment_ytd_yoy,2026-06-30,13.475454350150606,green,data
2026-10-06T15:30:28,fdi_registered_ytd,2026-07-31,21045.97153151,red,data
2026-10-06T15:30:28,fdi_registered_ytd_yoy,2026-07-31,109.72732069382424,yellow,data
2026-10-06T15:30:28,pmi_vn,2026-08-31,53.3,green,data
2026-10-06T15:30:31,fed_upper,2026-10-05,4.0,green_strong,data
2026-10-06T15:30:31,fed_lower,2026-10-05,3.75,green,data
2026-10-06T15:30:31,effr,2026-10-02,3.88,green,data
2026-10-06T15:30:31,ust_2y,2026-10-02,4.83,green,data
2026-10-06T15:30:31,ust_10y,2026-10-02,5.28,red,data
2026-10-06T15:30:31,ust_10y2y,2026-10-05,0.47,yellow,data
2026-10-06T15:30:31,usd_broad,2026-10-02,121.3848,green,data
2026-10-06T15:30:31,dxy,2026-10-06,,green,data
2026-10-06T15:30:31,brent,2026-09-29,113.96,orange,data
2026-10-06T15:30:31,brent_futures,2026-10-06,,yellow,data
2026-10-06T15:30:31,copper,2026-10-05,,red,data
2026-10-06T15:30:31,copper_lme_stock,2026-10-05,,green,data
2026-10-06T15:30:31,copper_comex,2026-10-06,,red,data
2026-10-06T15:30:31,copper_imf,2026-07-31,13542.82086956522,red,data
2026-10-06T15:30:31,hy_spread,2026-10-02,3.1,green_strong,data
2026-10-06T15:30:31,breakeven_10y,2026-10-05,2.36,yellow,data
2026-10-06T15:30:31,vix,2026-10-02,15.31,yellow,data
2026-10-06T15:30:31,us_mortgage_30y,2026-10-01,7.28,yellow,data
2026-10-06T15:30:31,gdp_yoy_published,2026-06-30,8.39,yellow,data
2026-10-06T15:30:31,gdp_yoy,2026-06-30,89.72774377855093,insufficient,data
2026-10-06T15:30:31,gdp_realestate_yoy,2026-06-30,71.97617301993135,insufficient,data
2026-10-06T15:30:31,gdp_construction_yoy,2026-06-30,107.43704178752104,insufficient,data
2026-10-06T15:30:31,export_yoy,2026-07-31,25.590081904262973,yellow,data
2026-10-06T15:30:31,cpi_yoy,2026-08-31,4.89,red,data
2026-10-06T15:30:31,cpi_avg_ytd,2026-07-31,4.393497411553593,yellow,data
2026-10-06T15:30:31,cpi_housing_yoy,2026-08-31,6.6,green,data
2026-10-06T15:30:31,fx_central,2026-08-10,25491.0,yellow,data
2026-10-06T15:30:31,fx_central_ytd,2026-08-10,1.4728713028939966,green,data
2026-10-06T15:30:31,deposit_12m_big4,2026-10-06,5.9,orange,data
2026-10-06T15:30:31,deposit_12m_all,2026-10-06,6.147368421052632,green,data
2026-10-06T15:30:31,interbank_on,2026-07-31,5.72,yellow,data
2026-10-06T15:30:31,refi_rate,2026-08-03,4.5,green,data
2026-10-06T15:30:31,govbond_10y,2026-07-31,4.464118,red,data
2026-10-06T15:30:31,real_rate,2026-08-31,1.010000000000001,yellow,data
2026-10-06T15:30:31,credit_ytd,2026-05-31,4.719252597353663,green,data
2026-10-06T15:30:31,credit_yoy,2026-05-31,16.837719328775336,green,data
2026-10-06T15:30:31,credit_construction_ytd,2026-05-31,5.860894457233434,green,data
2026-10-06T15:30:31,m2_ytd,2026-05-31,2.7283275723141154,green,data
2026-10-06T15:30:31,credit_minus_m2,2026-05-31,1.9909250250395472,green,data
2026-10-06T15:30:31,land_use_revenue,2024-12-31,217245.0,insufficient,data
2026-10-06T15:30:31,public_investment,2026-06-30,81430.19253,yellow,data
2026-10-06T15:30:31,public_investment_ytd_yoy,2026-06-30,13.475454350150606,green,data
2026-10-06T15:30:31,fdi_registered_ytd,2026-07-31,21045.97153151,red,data
2026-10-06T15:30:31,fdi_registered_ytd_yoy,2026-07-31,109.72732069382424,yellow,data
2026-10-06T15:30:31,pmi_vn,2026-08-31,53.3,green,data
2026-10-06T15:30:31,fed_upper,2026-10-05,4.0,green_strong,data
2026-10-06T15:30:31,fed_lower,2026-10-05,3.75,green,data
2026-10-06T15:30:31,effr,2026-10-02,3.88,green,data
2026-10-06T15:30:31,ust_2y,2026-10-02,4.83,green,data
2026-10-06T15:30:31,ust_10y,2026-10-02,5.28,red,data
2026-10-06T15:30:31,ust_10y2y,2026-10-05,0.47,yellow,data
2026-10-06T15:30:31,usd_broad,2026-10-02,121.3848,green,data
2026-10-06T15:30:31,dxy,2026-10-06,,green,data
2026-10-06T15:30:31,brent,2026-09-29,113.96,orange,data
2026-10-06T15:30:31,brent_futures,2026-10-06,,yellow,data
2026-10-06T15:30:31,copper,2026-10-05,,red,data
2026-10-06T15:30:31,copper_lme_stock,2026-10-05,,green,data
2026-10-06T15:30:31,copper_comex,2026-10-06,,red,data
2026-10-06T15:30:31,copper_imf,2026-07-31,13542.82086956522,red,data
2026-10-06T15:30:31,hy_spread,2026-10-02,3.1,green_strong,data
2026-10-06T15:30:31,breakeven_10y,2026-10-05,2.36,yellow,data
2026-10-06T15:30:31,vix,2026-10-02,15.31,yellow,data
2026-10-06T15:30:31,us_mortgage_30y,2026-10-01,7.28,yellow,data
2026-10-06T15:30:31,gdp_yoy_published,2026-06-30,8.39,yellow,data
2026-10-06T15:30:31,gdp_yoy,2026-06-30,89.72774377855093,insufficient,data
2026-10-06T15:30:31,gdp_realestate_yoy,2026-06-30,71.97617301993135,insufficient,data
2026-10-06T15:30:31,gdp_construction_yoy,2026-06-30,107.43704178752104,insufficient,data
2026-10-06T15:30:31,export_yoy,2026-07-31,25.590081904262973,yellow,data
2026-10-06T15:30:31,cpi_yoy,2026-08-31,4.89,red,data
2026-10-06T15:30:31,cpi_avg_ytd,2026-07-31,4.393497411553593,yellow,data
2026-10-06T15:30:31,cpi_housing_yoy,2026-08-31,6.6,green,data
2026-10-06T15:30:31,fx_central,2026-08-10,25491.0,yellow,data
2026-10-06T15:30:31,fx_central_ytd,2026-08-10,1.4728713028939966,green,data
2026-10-06T15:30:31,deposit_12m_big4,2026-10-06,5.9,orange,data
2026-10-06T15:30:31,deposit_12m_all,2026-10-06,6.147368421052632,green,data
2026-10-06T15:30:31,interbank_on,2026-07-31,5.72,yellow,data
2026-10-06T15:30:31,refi_rate,2026-08-03,4.5,green,data
2026-10-06T15:30:31,govbond_10y,2026-07-31,4.464118,red,data
2026-10-06T15:30:31,real_rate,2026-08-31,1.010000000000001,yellow,data
2026-10-06T15:30:31,credit_ytd,2026-05-31,4.719252597353663,green,data
2026-10-06T15:30:31,credit_yoy,2026-05-31,16.837719328775336,green,data
2026-10-06T15:30:31,credit_construction_ytd,2026-05-31,5.860894457233434,green,data
2026-10-06T15:30:31,m2_ytd,2026-05-31,2.7283275723141154,green,data
2026-10-06T15:30:31,credit_minus_m2,2026-05-31,1.9909250250395472,green,data
2026-10-06T15:30:31,land_use_revenue,2024-12-31,217245.0,insufficient,data
2026-10-06T15:30:31,public_investment,2026-06-30,81430.19253,yellow,data
2026-10-06T15:30:31,public_investment_ytd_yoy,2026-06-30,13.475454350150606,green,data
2026-10-06T15:30:31,fdi_registered_ytd,2026-07-31,21045.97153151,red,data
2026-10-06T15:30:31,fdi_registered_ytd_yoy,2026-07-31,109.72732069382424,yellow,data
2026-10-06T15:30:31,pmi_vn,2026-08-31,53.3,green,data
2026-10-06T15:30:34,fed_upper,2026-10-05,4.0,green_strong,data
2026-10-06T15:30:34,fed_lower,2026-10-05,3.75,green,data
2026-10-06T15:30:34,effr,2026-10-02,3.88,green,data
2026-10-06T15:30:34,ust_2y,2026-10-02,4.83,green,data
2026-10-06T15:30:34,ust_10y,2026-10-02,5.28,red,data
2026-10-06T15:30:34,ust_10y2y,2026-10-05,0.47,yellow,data
2026-10-06T15:30:34,usd_broad,2026-10-02,121.3848,green,data
2026-10-06T15:30:34,dxy,2026-10-06,,green,data
2026-10-06T15:30:34,brent,2026-09-29,113.96,orange,data
2026-10-06T15:30:34,brent_futures,2026-10-06,,yellow,data
2026-10-06T15:30:34,copper,2026-10-05,,red,data
2026-10-06T15:30:34,copper_lme_stock,2026-10-05,,green,data
2026-10-06T15:30:34,copper_comex,2026-10-06,,red,data
2026-10-06T15:30:34,copper_imf,2026-07-31,13542.82086956522,red,data
2026-10-06T15:30:34,hy_spread,2026-10-02,3.1,green_strong,data
2026-10-06T15:30:34,breakeven_10y,2026-10-05,2.36,yellow,data
2026-10-06T15:30:34,vix,2026-10-02,15.31,yellow,data
2026-10-06T15:30:34,us_mortgage_30y,2026-10-01,7.28,yellow,data
2026-10-06T15:30:34,gdp_yoy_published,2026-06-30,8.39,yellow,data
2026-10-06T15:30:34,gdp_yoy,2026-06-30,89.72774377855093,insufficient,data
2026-10-06T15:30:34,gdp_realestate_yoy,2026-06-30,71.97617301993135,insufficient,data
2026-10-06T15:30:34,gdp_construction_yoy,2026-06-30,107.43704178752104,insufficient,data
2026-10-06T15:30:34,export_yoy,2026-07-31,25.590081904262973,yellow,data
2026-10-06T15:30:34,cpi_yoy,2026-08-31,4.89,red,data
2026-10-06T15:30:34,cpi_avg_ytd,2026-07-31,4.393497411553593,yellow,data
2026-10-06T15:30:34,cpi_housing_yoy,2026-08-31,6.6,green,data
2026-10-06T15:30:34,fx_central,2026-08-10,25491.0,yellow,data
2026-10-06T15:30:34,fx_central_ytd,2026-08-10,1.4728713028939966,green,data
2026-10-06T15:30:34,deposit_12m_big4,2026-10-06,5.9,orange,data
2026-10-06T15:30:34,deposit_12m_all,2026-10-06,6.147368421052632,green,data
2026-10-06T15:30:34,interbank_on,2026-07-31,5.72,yellow,data
2026-10-06T15:30:34,refi_rate,2026-08-03,4.5,green,data
2026-10-06T15:30:34,govbond_10y,2026-07-31,4.464118,red,data
2026-10-06T15:30:34,real_rate,2026-08-31,1.010000000000001,yellow,data
2026-10-06T15:30:34,credit_ytd,2026-05-31,4.719252597353663,green,data
2026-10-06T15:30:34,credit_yoy,2026-05-31,16.837719328775336,green,data
2026-10-06T15:30:34,credit_construction_ytd,2026-05-31,5.860894457233434,green,data
2026-10-06T15:30:34,m2_ytd,2026-05-31,2.7283275723141154,green,data
2026-10-06T15:30:34,credit_minus_m2,2026-05-31,1.9909250250395472,green,data
2026-10-06T15:30:34,land_use_revenue,2024-12-31,217245.0,insufficient,data
2026-10-06T15:30:34,public_investment,2026-06-30,81430.19253,yellow,data
2026-10-06T15:30:34,public_investment_ytd_yoy,2026-06-30,13.475454350150606,green,data
2026-10-06T15:30:34,fdi_registered_ytd,2026-07-31,21045.97153151,red,data
2026-10-06T15:30:34,fdi_registered_ytd_yoy,2026-07-31,109.72732069382424,yellow,data
2026-10-06T15:30:34,pmi_vn,2026-08-31,53.3,green,data
2026-10-06T15:30:34,fed_upper,2026-10-05,4.0,green_strong,data
2026-10-06T15:30:34,fed_lower,2026-10-05,3.75,green,data
2026-10-06T15:30:34,effr,2026-10-02,3.88,green,data
2026-10-06T15:30:34,ust_2y,2026-10-02,4.83,green,data
2026-10-06T15:30:34,ust_10y,2026-10-02,5.28,red,data
2026-10-06T15:30:34,ust_10y2y,2026-10-05,0.47,yellow,data
2026-10-06T15:30:34,usd_broad,2026-10-02,121.3848,green,data
2026-10-06T15:30:34,dxy,2026-10-06,,green,data
2026-10-06T15:30:34,brent,2026-09-29,113.96,orange,data
2026-10-06T15:30:34,brent_futures,2026-10-06,,yellow,data
2026-10-06T15:30:34,copper,2026-10-05,,red,data
2026-10-06T15:30:34,copper_lme_stock,2026-10-05,,green,data
2026-10-06T15:30:34,copper_comex,2026-10-06,,red,data
2026-10-06T15:30:34,copper_imf,2026-07-31,13542.82086956522,red,data
2026-10-06T15:30:34,hy_spread,2026-10-02,3.1,green_strong,data
2026-10-06T15:30:34,breakeven_10y,2026-10-05,2.36,yellow,data
2026-10-06T15:30:34,vix,2026-10-02,15.31,yellow,data
2026-10-06T15:30:34,us_mortgage_30y,2026-10-01,7.28,yellow,data
2026-10-06T15:30:34,gdp_yoy_published,2026-06-30,8.39,yellow,data
2026-10-06T15:30:34,gdp_yoy,2026-06-30,89.72774377855093,insufficient,data
2026-10-06T15:30:34,gdp_realestate_yoy,2026-06-30,71.97617301993135,insufficient,data
2026-10-06T15:30:34,gdp_construction_yoy,2026-06-30,107.43704178752104,insufficient,data
2026-10-06T15:30:34,export_yoy,2026-07-31,25.590081904262973,yellow,data
2026-10-06T15:30:34,cpi_yoy,2026-08-31,4.89,red,data
2026-10-06T15:30:34,cpi_avg_ytd,2026-07-31,4.393497411553593,yellow,data
2026-10-06T15:30:34,cpi_housing_yoy,2026-08-31,6.6,green,data
2026-10-06T15:30:34,fx_central,2026-08-10,25491.0,yellow,data
2026-10-06T15:30:34,fx_central_ytd,2026-08-10,1.4728713028939966,green,data
2026-10-06T15:30:34,deposit_12m_big4,2026-10-06,5.9,orange,data
2026-10-06T15:30:34,deposit_12m_all,2026-10-06,6.147368421052632,green,data
2026-10-06T15:30:34,interbank_on,2026-07-31,5.72,yellow,data
2026-10-06T15:30:34,refi_rate,2026-08-03,4.5,green,data
2026-10-06T15:30:34,govbond_10y,2026-07-31,4.464118,red,data
2026-10-06T15:30:34,real_rate,2026-08-31,1.010000000000001,yellow,data
2026-10-06T15:30:34,credit_ytd,2026-05-31,4.719252597353663,green,data
2026-10-06T15:30:34,credit_yoy,2026-05-31,16.837719328775336,green,data
2026-10-06T15:30:34,credit_construction_ytd,2026-05-31,5.860894457233434,green,data
2026-10-06T15:30:34,m2_ytd,2026-05-31,2.7283275723141154,green,data
2026-10-06T15:30:34,credit_minus_m2,2026-05-31,1.9909250250395472,green,data
2026-10-06T15:30:34,land_use_revenue,2024-12-31,217245.0,insufficient,data
2026-10-06T15:30:34,public_investment,2026-06-30,81430.19253,yellow,data
2026-10-06T15:30:34,public_investment_ytd_yoy,2026-06-30,13.475454350150606,green,data
2026-10-06T15:30:34,fdi_registered_ytd,2026-07-31,21045.97153151,red,data
2026-10-06T15:30:34,fdi_registered_ytd_yoy,2026-07-31,109.72732069382424,yellow,data
2026-10-06T15:30:34,pmi_vn,2026-08-31,53.3,green,data
2026-10-06T15:30:36,fed_upper,2026-10-05,4.0,green_strong,data
2026-10-06T15:30:36,fed_lower,2026-10-05,3.75,green,data
2026-10-06T15:30:36,effr,2026-10-02,3.88,green,data
2026-10-06T15:30:36,ust_2y,2026-10-02,4.83,green,data
2026-10-06T15:30:36,ust_10y,2026-10-02,5.28,red,data
2026-10-06T15:30:36,ust_10y2y,2026-10-05,0.47,yellow,data
2026-10-06T15:30:36,usd_broad,2026-10-02,121.3848,green,data
2026-10-06T15:30:36,dxy,2026-10-06,,green,data
2026-10-06T15:30:36,brent,2026-09-29,113.96,orange,data
2026-10-06T15:30:36,brent_futures,2026-10-06,,yellow,data
2026-10-06T15:30:36,copper,2026-10-05,,red,data
2026-10-06T15:30:36,copper_lme_stock,2026-10-05,,green,data
2026-10-06T15:30:36,copper_comex,2026-10-06,,red,data
2026-10-06T15:30:36,copper_imf,2026-07-31,13542.82086956522,red,data
2026-10-06T15:30:36,hy_spread,2026-10-02,3.1,green_strong,data
2026-10-06T15:30:36,breakeven_10y,2026-10-05,2.36,yellow,data
2026-10-06T15:30:36,vix,2026-10-02,15.31,yellow,data
2026-10-06T15:30:36,us_mortgage_30y,2026-10-01,7.28,yellow,data
2026-10-06T15:30:36,gdp_yoy_published,2026-06-30,8.39,yellow,data
2026-10-06T15:30:36,gdp_yoy,2026-06-30,89.72774377855093,insufficient,data
2026-10-06T15:30:36,gdp_realestate_yoy,2026-06-30,71.97617301993135,insufficient,data
2026-10-06T15:30:36,gdp_construction_yoy,2026-06-30,107.43704178752104,insufficient,data
2026-10-06T15:30:36,export_yoy,2026-07-31,25.590081904262973,yellow,data
2026-10-06T15:30:36,cpi_yoy,2026-08-31,4.89,red,data
2026-10-06T15:30:36,cpi_avg_ytd,2026-07-31,4.393497411553593,yellow,data
2026-10-06T15:30:36,cpi_housing_yoy,2026-08-31,6.6,green,data
2026-10-06T15:30:36,fx_central,2026-08-10,25491.0,yellow,data
2026-10-06T15:30:36,fx_central_ytd,2026-08-10,1.4728713028939966,green,data
2026-10-06T15:30:36,deposit_12m_big4,2026-10-06,5.9,orange,data
2026-10-06T15:30:36,deposit_12m_all,2026-10-06,6.147368421052632,green,data
2026-10-06T15:30:36,interbank_on,2026-07-31,5.72,yellow,data
2026-10-06T15:30:36,refi_rate,2026-08-03,4.5,green,data
2026-10-06T15:30:36,govbond_10y,2026-07-31,4.464118,red,data
2026-10-06T15:30:36,real_rate,2026-08-31,1.010000000000001,yellow,data
2026-10-06T15:30:36,credit_ytd,2026-05-31,4.719252597353663,green,data
2026-10-06T15:30:36,credit_yoy,2026-05-31,16.837719328775336,green,data
2026-10-06T15:30:36,credit_construction_ytd,2026-05-31,5.860894457233434,green,data
2026-10-06T15:30:36,m2_ytd,2026-05-31,2.7283275723141154,green,data
2026-10-06T15:30:36,credit_minus_m2,2026-05-31,1.9909250250395472,green,data
2026-10-06T15:30:36,land_use_revenue,2024-12-31,217245.0,insufficient,data
2026-10-06T15:30:36,public_investment,2026-06-30,81430.19253,yellow,data
2026-10-06T15:30:36,public_investment_ytd_yoy,2026-06-30,13.475454350150606,green,data
2026-10-06T15:30:36,fdi_registered_ytd,2026-07-31,21045.97153151,red,data
2026-10-06T15:30:36,fdi_registered_ytd_yoy,2026-07-31,109.72732069382424,yellow,data
2026-10-06T15:30:36,pmi_vn,2026-08-31,53.3,green,data
2026-10-06T15:30:37,fed_upper,2026-10-05,4.0,green_strong,data
2026-10-06T15:30:37,fed_lower,2026-10-05,3.75,green,data
2026-10-06T15:30:37,effr,2026-10-02,3.88,green,data
2026-10-06T15:30:37,ust_2y,2026-10-02,4.83,green,data
2026-10-06T15:30:37,ust_10y,2026-10-02,5.28,red,data
2026-10-06T15:30:37,ust_10y2y,2026-10-05,0.47,yellow,data
2026-10-06T15:30:37,usd_broad,2026-10-02,121.3848,green,data
2026-10-06T15:30:37,dxy,2026-10-06,,green,data
2026-10-06T15:30:37,brent,2026-09-29,113.96,orange,data
2026-10-06T15:30:37,brent_futures,2026-10-06,,yellow,data
2026-10-06T15:30:37,copper,2026-10-05,,red,data
2026-10-06T15:30:37,copper_lme_stock,2026-10-05,,green,data
2026-10-06T15:30:37,copper_comex,2026-10-06,,red,data
2026-10-06T15:30:37,copper_imf,2026-07-31,13542.82086956522,red,data
2026-10-06T15:30:37,hy_spread,2026-10-02,3.1,green_strong,data
2026-10-06T15:30:37,breakeven_10y,2026-10-05,2.36,yellow,data
2026-10-06T15:30:37,vix,2026-10-02,15.31,yellow,data
2026-10-06T15:30:37,us_mortgage_30y,2026-10-01,7.28,yellow,data
2026-10-06T15:30:37,gdp_yoy_published,2026-06-30,8.39,yellow,data
2026-10-06T15:30:37,gdp_yoy,2026-06-30,89.72774377855093,insufficient,data
2026-10-06T15:30:37,gdp_realestate_yoy,2026-06-30,71.97617301993135,insufficient,data
2026-10-06T15:30:37,gdp_construction_yoy,2026-06-30,107.43704178752104,insufficient,data
2026-10-06T15:30:37,export_yoy,2026-07-31,25.590081904262973,yellow,data
2026-10-06T15:30:37,cpi_yoy,2026-08-31,4.89,red,data
2026-10-06T15:30:37,cpi_avg_ytd,2026-07-31,4.393497411553593,yellow,data
2026-10-06T15:30:37,cpi_housing_yoy,2026-08-31,6.6,green,data
2026-10-06T15:30:37,fx_central,2026-08-10,25491.0,yellow,data
2026-10-06T15:30:37,fx_central_ytd,2026-08-10,1.4728713028939966,green,data
2026-10-06T15:30:37,deposit_12m_big4,2026-10-06,5.9,orange,data
2026-10-06T15:30:37,deposit_12m_all,2026-10-06,6.147368421052632,green,data
2026-10-06T15:30:37,interbank_on,2026-07-31,5.72,yellow,data
2026-10-06T15:30:37,refi_rate,2026-08-03,4.5,green,data
2026-10-06T15:30:37,govbond_10y,2026-07-31,4.464118,red,data
2026-10-06T15:30:37,real_rate,2026-08-31,1.010000000000001,yellow,data
2026-10-06T15:30:37,credit_ytd,2026-05-31,4.719252597353663,green,data
2026-10-06T15:30:37,credit_yoy,2026-05-31,16.837719328775336,green,data
2026-10-06T15:30:37,credit_construction_ytd,2026-05-31,5.860894457233434,green,data
2026-10-06T15:30:37,m2_ytd,2026-05-31,2.7283275723141154,green,data
2026-10-06T15:30:37,credit_minus_m2,2026-05-31,1.9909250250395472,green,data
2026-10-06T15:30:37,land_use_revenue,2024-12-31,217245.0,insufficient,data
2026-10-06T15:30:37,public_investment,2026-06-30,81430.19253,yellow,data
2026-10-06T15:30:37,public_investment_ytd_yoy,2026-06-30,13.475454350150606,green,data
2026-10-06T15:30:37,fdi_registered_ytd,2026-07-31,21045.97153151,red,data
2026-10-06T15:30:37,fdi_registered_ytd_yoy,2026-07-31,109.72732069382424,yellow,data
2026-10-06T15:30:37,pmi_vn,2026-08-31,53.3,green,data
2026-10-06T15:30:39,fed_upper,2026-10-05,4.0,green_strong,data
2026-10-06T15:30:39,fed_lower,2026-10-05,3.75,green,data
2026-10-06T15:30:39,effr,2026-10-02,3.88,green,data
2026-10-06T15:30:39,ust_2y,2026-10-02,4.83,green,data
2026-10-06T15:30:39,ust_10y,2026-10-02,5.28,red,data
2026-10-06T15:30:39,ust_10y2y,2026-10-05,0.47,yellow,data
2026-10-06T15:30:39,usd_broad,2026-10-02,121.3848,green,data
2026-10-06T15:30:39,dxy,2026-10-06,,green,data
2026-10-06T15:30:39,brent,2026-09-29,113.96,orange,data
2026-10-06T15:30:39,brent_futures,2026-10-06,,yellow,data
2026-10-06T15:30:39,copper,2026-10-05,,red,data
2026-10-06T15:30:39,copper_lme_stock,2026-10-05,,green,data
2026-10-06T15:30:39,copper_comex,2026-10-06,,red,data
2026-10-06T15:30:39,copper_imf,2026-07-31,13542.82086956522,red,data
2026-10-06T15:30:39,hy_spread,2026-10-02,3.1,green_strong,data
2026-10-06T15:30:39,breakeven_10y,2026-10-05,2.36,yellow,data
2026-10-06T15:30:39,vix,2026-10-02,15.31,yellow,data
2026-10-06T15:30:39,us_mortgage_30y,2026-10-01,7.28,yellow,data
2026-10-06T15:30:39,gdp_yoy_published,2026-06-30,8.39,yellow,data
2026-10-06T15:30:39,gdp_yoy,2026-06-30,89.72774377855093,insufficient,data
2026-10-06T15:30:39,gdp_realestate_yoy,2026-06-30,71.97617301993135,insufficient,data
2026-10-06T15:30:39,gdp_construction_yoy,2026-06-30,107.43704178752104,insufficient,data
2026-10-06T15:30:39,export_yoy,2026-07-31,25.590081904262973,yellow,data
2026-10-06T15:30:39,cpi_yoy,2026-08-31,4.89,red,data
2026-10-06T15:30:39,cpi_avg_ytd,2026-07-31,4.393497411553593,yellow,data
2026-10-06T15:30:39,cpi_housing_yoy,2026-08-31,6.6,green,data
2026-10-06T15:30:39,fx_central,2026-08-10,25491.0,yellow,data
2026-10-06T15:30:39,fx_central_ytd,2026-08-10,1.4728713028939966,green,data
2026-10-06T15:30:39,deposit_12m_big4,2026-10-06,5.9,orange,data
2026-10-06T15:30:39,deposit_12m_all,2026-10-06,6.147368421052632,green,data
2026-10-06T15:30:39,interbank_on,2026-07-31,5.72,yellow,data
2026-10-06T15:30:39,refi_rate,2026-08-03,4.5,green,data
2026-10-06T15:30:39,govbond_10y,2026-07-31,4.464118,red,data
2026-10-06T15:30:39,real_rate,2026-08-31,1.010000000000001,yellow,data
2026-10-06T15:30:39,credit_ytd,2026-05-31,4.719252597353663,green,data
2026-10-06T15:30:39,credit_yoy,2026-05-31,16.837719328775336,green,data
2026-10-06T15:30:39,credit_construction_ytd,2026-05-31,5.860894457233434,green,data
2026-10-06T15:30:39,m2_ytd,2026-05-31,2.7283275723141154,green,data
2026-10-06T15:30:39,credit_minus_m2,2026-05-31,1.9909250250395472,green,data
2026-10-06T15:30:39,land_use_revenue,2024-12-31,217245.0,insufficient,data
2026-10-06T15:30:39,public_investment,2026-06-30,81430.19253,yellow,data
2026-10-06T15:30:39,public_investment_ytd_yoy,2026-06-30,13.475454350150606,green,data
2026-10-06T15:30:39,fdi_registered_ytd,2026-07-31,21045.97153151,red,data
2026-10-06T15:30:39,fdi_registered_ytd_yoy,2026-07-31,109.72732069382424,yellow,data
2026-10-06T15:30:39,pmi_vn,2026-08-31,53.3,green,data
2026-10-06T15:30:39,fed_upper,2026-10-05,4.0,green_strong,data
2026-10-06T15:30:39,fed_lower,2026-10-05,3.75,green,data
2026-10-06T15:30:39,effr,2026-10-02,3.88,green,data
2026-10-06T15:30:39,ust_2y,2026-10-02,4.83,green,data
2026-10-06T15:30:39,ust_10y,2026-10-02,5.28,red,data
2026-10-06T15:30:39,ust_10y2y,2026-10-05,0.47,yellow,data
2026-10-06T15:30:39,usd_broad,2026-10-02,121.3848,green,data
2026-10-06T15:30:39,dxy,2026-10-06,,green,data
2026-10-06T15:30:39,brent,2026-09-29,113.96,orange,data
2026-10-06T15:30:39,brent_futures,2026-10-06,,yellow,data
2026-10-06T15:30:39,copper,2026-10-05,,red,data
2026-10-06T15:30:39,copper_lme_stock,2026-10-05,,green,data
2026-10-06T15:30:39,copper_comex,2026-10-06,,red,data
2026-10-06T15:30:39,copper_imf,2026-07-31,13542.82086956522,red,data
2026-10-06T15:30:39,hy_spread,2026-10-02,3.1,green_strong,data
2026-10-06T15:30:39,breakeven_10y,2026-10-05,2.36,yellow,data
2026-10-06T15:30:39,vix,2026-10-02,15.31,yellow,data
2026-10-06T15:30:39,us_mortgage_30y,2026-10-01,7.28,yellow,data
2026-10-06T15:30:39,gdp_yoy_published,2026-06-30,8.39,yellow,data
2026-10-06T15:30:39,gdp_yoy,2026-06-30,89.72774377855093,insufficient,data
2026-10-06T15:30:39,gdp_realestate_yoy,2026-06-30,71.97617301993135,insufficient,data
2026-10-06T15:30:39,gdp_construction_yoy,2026-06-30,107.43704178752104,insufficient,data
2026-10-06T15:30:39,export_yoy,2026-07-31,25.590081904262973,yellow,data
2026-10-06T15:30:39,cpi_yoy,2026-08-31,4.89,red,data
2026-10-06T15:30:39,cpi_avg_ytd,2026-07-31,4.393497411553593,yellow,data
2026-10-06T15:30:39,cpi_housing_yoy,2026-08-31,6.6,green,data
2026-10-06T15:30:39,fx_central,2026-08-10,25491.0,yellow,data
2026-10-06T15:30:39,fx_central_ytd,2026-08-10,1.4728713028939966,green,data
2026-10-06T15:30:39,deposit_12m_big4,2026-10-06,5.9,orange,data
2026-10-06T15:30:39,deposit_12m_all,2026-10-06,6.147368421052632,green,data
2026-10-06T15:30:39,interbank_on,2026-07-31,5.72,yellow,data
2026-10-06T15:30:39,refi_rate,2026-08-03,4.5,green,data
2026-10-06T15:30:39,govbond_10y,2026-07-31,4.464118,red,data
2026-10-06T15:30:39,real_rate,2026-08-31,1.010000000000001,yellow,data
2026-10-06T15:30:39,credit_ytd,2026-05-31,4.719252597353663,green,data
2026-10-06T15:30:39,credit_yoy,2026-05-31,16.837719328775336,green,data
2026-10-06T15:30:39,credit_construction_ytd,2026-05-31,5.860894457233434,green,data
2026-10-06T15:30:39,m2_ytd,2026-05-31,2.7283275723141154,green,data
2026-10-06T15:30:39,credit_minus_m2,2026-05-31,1.9909250250395472,green,data
2026-10-06T15:30:39,land_use_revenue,2024-12-31,217245.0,insufficient,data
2026-10-06T15:30:39,public_investment,2026-06-30,81430.19253,yellow,data
2026-10-06T15:30:39,public_investment_ytd_yoy,2026-06-30,13.475454350150606,green,data
2026-10-06T15:30:39,fdi_registered_ytd,2026-07-31,21045.97153151,red,data
2026-10-06T15:30:39,fdi_registered_ytd_yoy,2026-07-31,109.72732069382424,yellow,data
2026-10-06T15:30:39,pmi_vn,2026-08-31,53.3,green,data
2026-10-06T15:30:41,fed_upper,2026-10-05,4.0,green_strong,data
2026-10-06T15:30:41,fed_lower,2026-10-05,3.75,green,data
2026-10-06T15:30:41,effr,2026-10-02,3.88,green,data
2026-10-06T15:30:41,ust_2y,2026-10-02,4.83,green,data
2026-10-06T15:30:41,ust_10y,2026-10-02,5.28,red,data
2026-10-06T15:30:41,ust_10y2y,2026-10-05,0.47,yellow,data
2026-10-06T15:30:41,usd_broad,2026-10-02,121.3848,green,data
2026-10-06T15:30:41,dxy,2026-10-06,,green,data
2026-10-06T15:30:41,brent,2026-09-29,113.96,orange,data
2026-10-06T15:30:41,brent_futures,2026-10-06,,yellow,data
2026-10-06T15:30:41,copper,2026-10-05,,red,data
2026-10-06T15:30:41,copper_lme_stock,2026-10-05,,green,data
2026-10-06T15:30:41,copper_comex,2026-10-06,,red,data
2026-10-06T15:30:41,copper_imf,2026-07-31,13542.82086956522,red,data
2026-10-06T15:30:41,hy_spread,2026-10-02,3.1,green_strong,data
2026-10-06T15:30:41,breakeven_10y,2026-10-05,2.36,yellow,data
2026-10-06T15:30:41,vix,2026-10-02,15.31,yellow,data
2026-10-06T15:30:41,us_mortgage_30y,2026-10-01,7.28,yellow,data
2026-10-06T15:30:41,gdp_yoy_published,2026-06-30,8.39,yellow,data
2026-10-06T15:30:41,gdp_yoy,2026-06-30,89.72774377855093,insufficient,data
2026-10-06T15:30:41,gdp_realestate_yoy,2026-06-30,71.97617301993135,insufficient,data
2026-10-06T15:30:41,gdp_construction_yoy,2026-06-30,107.43704178752104,insufficient,data
2026-10-06T15:30:41,export_yoy,2026-07-31,25.590081904262973,yellow,data
2026-10-06T15:30:41,cpi_yoy,2026-08-31,4.89,red,data
2026-10-06T15:30:41,cpi_avg_ytd,2026-07-31,4.393497411553593,yellow,data
2026-10-06T15:30:41,cpi_housing_yoy,2026-08-31,6.6,green,data
2026-10-06T15:30:41,fx_central,2026-08-10,25491.0,yellow,data
2026-10-06T15:30:41,fx_central_ytd,2026-08-10,1.4728713028939966,green,data
2026-10-06T15:30:41,deposit_12m_big4,2026-10-06,5.9,orange,data
2026-10-06T15:30:41,deposit_12m_all,2026-10-06,6.147368421052632,green,data
2026-10-06T15:30:41,interbank_on,2026-07-31,5.72,yellow,data
2026-10-06T15:30:41,refi_rate,2026-08-03,4.5,green,data
2026-10-06T15:30:41,govbond_10y,2026-07-31,4.464118,red,data
2026-10-06T15:30:41,real_rate,2026-08-31,1.010000000000001,yellow,data
2026-10-06T15:30:41,credit_ytd,2026-05-31,4.719252597353663,green,data
2026-10-06T15:30:41,credit_yoy,2026-05-31,16.837719328775336,green,data
2026-10-06T15:30:41,credit_construction_ytd,2026-05-31,5.860894457233434,green,data
2026-10-06T15:30:41,m2_ytd,2026-05-31,2.7283275723141154,green,data
2026-10-06T15:30:41,credit_minus_m2,2026-05-31,1.9909250250395472,green,data
2026-10-06T15:30:41,land_use_revenue,2024-12-31,217245.0,insufficient,data
2026-10-06T15:30:41,public_investment,2026-06-30,81430.19253,yellow,data
2026-10-06T15:30:41,public_investment_ytd_yoy,2026-06-30,13.475454350150606,green,data
2026-10-06T15:30:41,fdi_registered_ytd,2026-07-31,21045.97153151,red,data
2026-10-06T15:30:41,fdi_registered_ytd_yoy,2026-07-31,109.72732069382424,yellow,data
2026-10-06T15:30:41,pmi_vn,2026-08-31,53.3,green,data
2026-10-06T15:30:42,fed_upper,2026-10-05,4.0,green_strong,data
2026-10-06T15:30:42,fed_lower,2026-10-05,3.75,green,data
2026-10-06T15:30:42,effr,2026-10-02,3.88,green,data
2026-10-06T15:30:42,ust_2y,2026-10-02,4.83,green,data
2026-10-06T15:30:42,ust_10y,2026-10-02,5.28,red,data
2026-10-06T15:30:42,ust_10y2y,2026-10-05,0.47,yellow,data
2026-10-06T15:30:42,usd_broad,2026-10-02,121.3848,green,data
2026-10-06T15:30:42,dxy,2026-10-06,,green,data
2026-10-06T15:30:42,brent,2026-09-29,113.96,orange,data
2026-10-06T15:30:42,brent_futures,2026-10-06,,yellow,data
2026-10-06T15:30:42,copper,2026-10-05,,red,data
2026-10-06T15:30:42,copper_lme_stock,2026-10-05,,green,data
2026-10-06T15:30:42,copper_comex,2026-10-06,,red,data
2026-10-06T15:30:42,copper_imf,2026-07-31,13542.82086956522,red,data
2026-10-06T15:30:42,hy_spread,2026-10-02,3.1,green_strong,data
2026-10-06T15:30:42,breakeven_10y,2026-10-05,2.36,yellow,data
2026-10-06T15:30:42,vix,2026-10-02,15.31,yellow,data
2026-10-06T15:30:42,us_mortgage_30y,2026-10-01,7.28,yellow,data
2026-10-06T15:30:42,gdp_yoy_published,2026-06-30,8.39,yellow,data
2026-10-06T15:30:42,gdp_yoy,2026-06-30,89.72774377855093,insufficient,data
2026-10-06T15:30:42,gdp_realestate_yoy,2026-06-30,71.97617301993135,insufficient,data
2026-10-06T15:30:42,gdp_construction_yoy,2026-06-30,107.43704178752104,insufficient,data
2026-10-06T15:30:42,export_yoy,2026-07-31,25.590081904262973,yellow,data
2026-10-06T15:30:42,cpi_yoy,2026-08-31,4.89,red,data
2026-10-06T15:30:42,cpi_avg_ytd,2026-07-31,4.393497411553593,yellow,data
2026-10-06T15:30:42,cpi_housing_yoy,2026-08-31,6.6,green,data
2026-10-06T15:30:42,fx_central,2026-08-10,25491.0,yellow,data
2026-10-06T15:30:42,fx_central_ytd,2026-08-10,1.4728713028939966,green,data
2026-10-06T15:30:42,deposit_12m_big4,2026-10-06,5.9,orange,data
2026-10-06T15:30:42,deposit_12m_all,2026-10-06,6.147368421052632,green,data
2026-10-06T15:30:42,interbank_on,2026-07-31,5.72,yellow,data
2026-10-06T15:30:42,refi_rate,2026-08-03,4.5,green,data
2026-10-06T15:30:42,govbond_10y,2026-07-31,4.464118,red,data
2026-10-06T15:30:42,real_rate,2026-08-31,1.010000000000001,yellow,data
2026-10-06T15:30:42,credit_ytd,2026-05-31,4.719252597353663,green,data
2026-10-06T15:30:42,credit_yoy,2026-05-31,16.837719328775336,green,data
2026-10-06T15:30:42,credit_construction_ytd,2026-05-31,5.860894457233434,green,data
2026-10-06T15:30:42,m2_ytd,2026-05-31,2.7283275723141154,green,data
2026-10-06T15:30:42,credit_minus_m2,2026-05-31,1.9909250250395472,green,data
2026-10-06T15:30:42,land_use_revenue,2024-12-31,217245.0,insufficient,data
2026-10-06T15:30:42,public_investment,2026-06-30,81430.19253,yellow,data
2026-10-06T15:30:42,public_investment_ytd_yoy,2026-06-30,13.475454350150606,green,data
2026-10-06T15:30:42,fdi_registered_ytd,2026-07-31,21045.97153151,red,data
2026-10-06T15:30:42,fdi_registered_ytd_yoy,2026-07-31,109.72732069382424,yellow,data
2026-10-06T15:30:42,pmi_vn,2026-08-31,53.3,green,data
2026-10-06T15:30:43,fed_upper,2026-10-05,4.0,green_strong,data
2026-10-06T15:30:43,fed_lower,2026-10-05,3.75,green,data
2026-10-06T15:30:43,effr,2026-10-02,3.88,green,data
2026-10-06T15:30:43,ust_2y,2026-10-02,4.83,green,data
2026-10-06T15:30:43,ust_10y,2026-10-02,5.28,red,data
2026-10-06T15:30:43,ust_10y2y,2026-10-05,0.47,yellow,data
2026-10-06T15:30:43,usd_broad,2026-10-02,121.3848,green,data
2026-10-06T15:30:43,dxy,2026-10-06,,green,data
2026-10-06T15:30:43,brent,2026-09-29,113.96,orange,data
2026-10-06T15:30:43,brent_futures,2026-10-06,,yellow,data
2026-10-06T15:30:43,copper,2026-10-05,,red,data
2026-10-06T15:30:43,copper_lme_stock,2026-10-05,,green,data
2026-10-06T15:30:43,copper_comex,2026-10-06,,red,data
2026-10-06T15:30:43,copper_imf,2026-07-31,13542.82086956522,red,data
2026-10-06T15:30:43,hy_spread,2026-10-02,3.1,green_strong,data
2026-10-06T15:30:43,breakeven_10y,2026-10-05,2.36,yellow,data
2026-10-06T15:30:43,vix,2026-10-02,15.31,yellow,data
2026-10-06T15:30:43,us_mortgage_30y,2026-10-01,7.28,yellow,data
2026-10-06T15:30:43,gdp_yoy_published,2026-06-30,8.39,yellow,data
2026-10-06T15:30:43,gdp_yoy,2026-06-30,89.72774377855093,insufficient,data
2026-10-06T15:30:43,gdp_realestate_yoy,2026-06-30,71.97617301993135,insufficient,data
2026-10-06T15:30:43,gdp_construction_yoy,2026-06-30,107.43704178752104,insufficient,data
2026-10-06T15:30:43,export_yoy,2026-07-31,25.590081904262973,yellow,data
2026-10-06T15:30:43,cpi_yoy,2026-08-31,4.89,red,data
2026-10-06T15:30:43,cpi_avg_ytd,2026-07-31,4.393497411553593,yellow,data
2026-10-06T15:30:43,cpi_housing_yoy,2026-08-31,6.6,green,data
2026-10-06T15:30:43,fx_central,2026-08-10,25491.0,yellow,data
2026-10-06T15:30:43,fx_central_ytd,2026-08-10,1.4728713028939966,green,data
2026-10-06T15:30:43,deposit_12m_big4,2026-10-06,5.9,orange,data
2026-10-06T15:30:43,deposit_12m_all,2026-10-06,6.147368421052632,green,data
2026-10-06T15:30:43,interbank_on,2026-07-31,5.72,yellow,data
2026-10-06T15:30:43,refi_rate,2026-08-03,4.5,green,data
2026-10-06T15:30:43,govbond_10y,2026-07-31,4.464118,red,data
2026-10-06T15:30:43,real_rate,2026-08-31,1.010000000000001,yellow,data
2026-10-06T15:30:43,credit_ytd,2026-05-31,4.719252597353663,green,data
2026-10-06T15:30:43,credit_yoy,2026-05-31,16.837719328775336,green,data
2026-10-06T15:30:43,credit_construction_ytd,2026-05-31,5.860894457233434,green,data
2026-10-06T15:30:43,m2_ytd,2026-05-31,2.7283275723141154,green,data
2026-10-06T15:30:43,credit_minus_m2,2026-05-31,1.9909250250395472,green,data
2026-10-06T15:30:43,land_use_revenue,2024-12-31,217245.0,insufficient,data
2026-10-06T15:30:43,public_investment,2026-06-30,81430.19253,yellow,data
2026-10-06T15:30:43,public_investment_ytd_yoy,2026-06-30,13.475454350150606,green,data
2026-10-06T15:30:43,fdi_registered_ytd,2026-07-31,21045.97153151,red,data
2026-10-06T15:30:43,fdi_registered_ytd_yoy,2026-07-31,109.72732069382424,yellow,data
2026-10-06T15:30:43,pmi_vn,2026-08-31,53.3,green,data
2026-10-06T15:30:45,fed_upper,2026-10-05,4.0,green_strong,data
2026-10-06T15:30:45,fed_lower,2026-10-05,3.75,green,data
2026-10-06T15:30:45,effr,2026-10-02,3.88,green,data
2026-10-06T15:30:45,ust_2y,2026-10-02,4.83,green,data
2026-10-06T15:30:45,ust_10y,2026-10-02,5.28,red,data
2026-10-06T15:30:45,ust_10y2y,2026-10-05,0.47,yellow,data
2026-10-06T15:30:45,usd_broad,2026-10-02,121.3848,green,data
2026-10-06T15:30:45,dxy,2026-10-06,,green,data
2026-10-06T15:30:45,brent,2026-09-29,113.96,orange,data
2026-10-06T15:30:45,brent_futures,2026-10-06,,yellow,data
2026-10-06T15:30:45,copper,2026-10-05,,red,data
2026-10-06T15:30:45,copper_lme_stock,2026-10-05,,green,data
2026-10-06T15:30:45,copper_comex,2026-10-06,,red,data
2026-10-06T15:30:45,copper_imf,2026-07-31,13542.82086956522,red,data
2026-10-06T15:30:45,hy_spread,2026-10-02,3.1,green_strong,data
2026-10-06T15:30:45,breakeven_10y,2026-10-05,2.36,yellow,data
2026-10-06T15:30:45,vix,2026-10-02,15.31,yellow,data
2026-10-06T15:30:45,us_mortgage_30y,2026-10-01,7.28,yellow,data
2026-10-06T15:30:45,gdp_yoy_published,2026-06-30,8.39,yellow,data
2026-10-06T15:30:45,gdp_yoy,2026-06-30,89.72774377855093,insufficient,data
2026-10-06T15:30:45,gdp_realestate_yoy,2026-06-30,71.97617301993135,insufficient,data
2026-10-06T15:30:45,gdp_construction_yoy,2026-06-30,107.43704178752104,insufficient,data
2026-10-06T15:30:45,export_yoy,2026-07-31,25.590081904262973,yellow,data
2026-10-06T15:30:45,cpi_yoy,2026-08-31,4.89,red,data
2026-10-06T15:30:45,cpi_avg_ytd,2026-07-31,4.393497411553593,yellow,data
2026-10-06T15:30:45,cpi_housing_yoy,2026-08-31,6.6,green,data
2026-10-06T15:30:45,fx_central,2026-08-10,25491.0,yellow,data
2026-10-06T15:30:45,fx_central_ytd,2026-08-10,1.4728713028939966,green,data
2026-10-06T15:30:45,deposit_12m_big4,2026-10-06,5.9,orange,data
2026-10-06T15:30:45,deposit_12m_all,2026-10-06,6.147368421052632,green,data
2026-10-06T15:30:45,interbank_on,2026-07-31,5.72,yellow,data
2026-10-06T15:30:45,refi_rate,2026-08-03,4.5,green,data
2026-10-06T15:30:45,govbond_10y,2026-07-31,4.464118,red,data
2026-10-06T15:30:45,real_rate,2026-08-31,1.010000000000001,yellow,data
2026-10-06T15:30:45,credit_ytd,2026-05-31,4.719252597353663,green,data
2026-10-06T15:30:45,credit_yoy,2026-05-31,16.837719328775336,green,data
2026-10-06T15:30:45,credit_construction_ytd,2026-05-31,5.860894457233434,green,data
2026-10-06T15:30:45,m2_ytd,2026-05-31,2.7283275723141154,green,data
2026-10-06T15:30:45,credit_minus_m2,2026-05-31,1.9909250250395472,green,data
2026-10-06T15:30:45,land_use_revenue,2024-12-31,217245.0,insufficient,data
2026-10-06T15:30:45,public_investment,2026-06-30,81430.19253,yellow,data
2026-10-06T15:30:45,public_investment_ytd_yoy,2026-06-30,13.475454350150606,green,data
2026-10-06T15:30:45,fdi_registered_ytd,2026-07-31,21045.97153151,red,data
2026-10-06T15:30:45,fdi_registered_ytd_yoy,2026-07-31,109.72732069382424,yellow,data
2026-10-06T15:30:45,pmi_vn,2026-08-31,53.3,green,data
2026-10-06T15:30:45,fed_upper,2026-10-05,4.0,green_strong,data
2026-10-06T15:30:45,fed_lower,2026-10-05,3.75,green,data
2026-10-06T15:30:45,effr,2026-10-02,3.88,green,data
2026-10-06T15:30:45,ust_2y,2026-10-02,4.83,green,data
2026-10-06T15:30:45,ust_10y,2026-10-02,5.28,red,data
2026-10-06T15:30:45,ust_10y2y,2026-10-05,0.47,yellow,data
2026-10-06T15:30:45,usd_broad,2026-10-02,121.3848,green,data
2026-10-06T15:30:45,dxy,2026-10-06,,green,data
2026-10-06T15:30:45,brent,2026-09-29,113.96,orange,data
2026-10-06T15:30:45,brent_futures,2026-10-06,,yellow,data
2026-10-06T15:30:45,copper,2026-10-05,,red,data
2026-10-06T15:30:45,copper_lme_stock,2026-10-05,,green,data
2026-10-06T15:30:45,copper_comex,2026-10-06,,red,data
2026-10-06T15:30:45,copper_imf,2026-07-31,13542.82086956522,red,data
2026-10-06T15:30:45,hy_spread,2026-10-02,3.1,green_strong,data
2026-10-06T15:30:45,breakeven_10y,2026-10-05,2.36,yellow,data
2026-10-06T15:30:45,vix,2026-10-02,15.31,yellow,data
2026-10-06T15:30:45,us_mortgage_30y,2026-10-01,7.28,yellow,data
2026-10-06T15:30:45,gdp_yoy_published,2026-06-30,8.39,yellow,data
2026-10-06T15:30:45,gdp_yoy,2026-06-30,89.72774377855093,insufficient,data
2026-10-06T15:30:45,gdp_realestate_yoy,2026-06-30,71.97617301993135,insufficient,data
2026-10-06T15:30:45,gdp_construction_yoy,2026-06-30,107.43704178752104,insufficient,data
2026-10-06T15:30:45,export_yoy,2026-07-31,25.590081904262973,yellow,data
2026-10-06T15:30:45,cpi_yoy,2026-08-31,4.89,red,data
2026-10-06T15:30:45,cpi_avg_ytd,2026-07-31,4.393497411553593,yellow,data
2026-10-06T15:30:45,cpi_housing_yoy,2026-08-31,6.6,green,data
2026-10-06T15:30:45,fx_central,2026-08-10,25491.0,yellow,data
2026-10-06T15:30:45,fx_central_ytd,2026-08-10,1.4728713028939966,green,data
2026-10-06T15:30:45,deposit_12m_big4,2026-10-06,5.9,orange,data
2026-10-06T15:30:45,deposit_12m_all,2026-10-06,6.147368421052632,green,data
2026-10-06T15:30:45,interbank_on,2026-07-31,5.72,yellow,data
2026-10-06T15:30:45,refi_rate,2026-08-03,4.5,green,data
2026-10-06T15:30:45,govbond_10y,2026-07-31,4.464118,red,data
2026-10-06T15:30:45,real_rate,2026-08-31,1.010000000000001,yellow,data
2026-10-06T15:30:45,credit_ytd,2026-05-31,4.719252597353663,green,data
2026-10-06T15:30:45,credit_yoy,2026-05-31,16.837719328775336,green,data
2026-10-06T15:30:45,credit_construction_ytd,2026-05-31,5.860894457233434,green,data
2026-10-06T15:30:45,m2_ytd,2026-05-31,2.7283275723141154,green,data
2026-10-06T15:30:45,credit_minus_m2,2026-05-31,1.9909250250395472,green,data
2026-10-06T15:30:45,land_use_revenue,2024-12-31,217245.0,insufficient,data
2026-10-06T15:30:45,public_investment,2026-06-30,81430.19253,yellow,data
2026-10-06T15:30:45,public_investment_ytd_yoy,2026-06-30,13.475454350150606,green,data
2026-10-06T15:30:45,fdi_registered_ytd,2026-07-31,21045.97153151,red,data
2026-10-06T15:30:45,fdi_registered_ytd_yoy,2026-07-31,109.72732069382424,yellow,data
2026-10-06T15:30:45,pmi_vn,2026-08-31,53.3,green,data
2026-10-06T15:30:47,fed_upper,2026-10-05,4.0,green_strong,data
2026-10-06T15:30:47,fed_lower,2026-10-05,3.75,green,data
2026-10-06T15:30:47,effr,2026-10-02,3.88,green,data
2026-10-06T15:30:47,ust_2y,2026-10-02,4.83,green,data
2026-10-06T15:30:47,ust_10y,2026-10-02,5.28,red,data
2026-10-06T15:30:47,ust_10y2y,2026-10-05,0.47,yellow,data
2026-10-06T15:30:47,usd_broad,2026-10-02,121.3848,green,data
2026-10-06T15:30:47,dxy,2026-10-06,,green,data
2026-10-06T15:30:47,brent,2026-09-29,113.96,orange,data
2026-10-06T15:30:47,brent_futures,2026-10-06,,yellow,data
2026-10-06T15:30:47,copper,2026-10-05,,red,data
2026-10-06T15:30:47,copper_lme_stock,2026-10-05,,green,data
2026-10-06T15:30:47,copper_comex,2026-10-06,,red,data
2026-10-06T15:30:47,copper_imf,2026-07-31,13542.82086956522,red,data
2026-10-06T15:30:47,hy_spread,2026-10-02,3.1,green_strong,data
2026-10-06T15:30:47,breakeven_10y,2026-10-05,2.36,yellow,data
2026-10-06T15:30:47,vix,2026-10-02,15.31,yellow,data
2026-10-06T15:30:47,us_mortgage_30y,2026-10-01,7.28,yellow,data
2026-10-06T15:30:47,gdp_yoy_published,2026-06-30,8.39,yellow,data
2026-10-06T15:30:47,gdp_yoy,2026-06-30,89.72774377855093,insufficient,data
2026-10-06T15:30:47,gdp_realestate_yoy,2026-06-30,71.97617301993135,insufficient,data
2026-10-06T15:30:47,gdp_construction_yoy,2026-06-30,107.43704178752104,insufficient,data
2026-10-06T15:30:47,export_yoy,2026-07-31,25.590081904262973,yellow,data
2026-10-06T15:30:47,cpi_yoy,2026-08-31,4.89,red,data
2026-10-06T15:30:47,cpi_avg_ytd,2026-07-31,4.393497411553593,yellow,data
2026-10-06T15:30:47,cpi_housing_yoy,2026-08-31,6.6,green,data
2026-10-06T15:30:47,fx_central,2026-08-10,25491.0,yellow,data
2026-10-06T15:30:47,fx_central_ytd,2026-08-10,1.4728713028939966,green,data
2026-10-06T15:30:47,deposit_12m_big4,2026-10-06,5.9,orange,data
2026-10-06T15:30:47,deposit_12m_all,2026-10-06,6.147368421052632,green,data
2026-10-06T15:30:47,interbank_on,2026-07-31,5.72,yellow,data
2026-10-06T15:30:47,refi_rate,2026-08-03,4.5,green,data
2026-10-06T15:30:47,govbond_10y,2026-07-31,4.464118,red,data
2026-10-06T15:30:47,real_rate,2026-08-31,1.010000000000001,yellow,data
2026-10-06T15:30:47,credit_ytd,2026-05-31,4.719252597353663,green,data
2026-10-06T15:30:47,credit_yoy,2026-05-31,16.837719328775336,green,data
2026-10-06T15:30:47,credit_construction_ytd,2026-05-31,5.860894457233434,green,data
2026-10-06T15:30:47,m2_ytd,2026-05-31,2.7283275723141154,green,data
2026-10-06T15:30:47,credit_minus_m2,2026-05-31,1.9909250250395472,green,data
2026-10-06T15:30:47,land_use_revenue,2024-12-31,217245.0,insufficient,data
2026-10-06T15:30:47,public_investment,2026-06-30,81430.19253,yellow,data
2026-10-06T15:30:47,public_investment_ytd_yoy,2026-06-30,13.475454350150606,green,data
2026-10-06T15:30:47,fdi_registered_ytd,2026-07-31,21045.97153151,red,data
2026-10-06T15:30:47,fdi_registered_ytd_yoy,2026-07-31,109.72732069382424,yellow,data
2026-10-06T15:30:47,pmi_vn,2026-08-31,53.3,green,data
2026-10-06T15:30:47,fed_upper,2026-10-05,4.0,green_strong,data
2026-10-06T15:30:47,fed_lower,2026-10-05,3.75,green,data
2026-10-06T15:30:47,effr,2026-10-02,3.88,green,data
2026-10-06T15:30:47,ust_2y,2026-10-02,4.83,green,data
2026-10-06T15:30:47,ust_10y,2026-10-02,5.28,red,data
2026-10-06T15:30:47,ust_10y2y,2026-10-05,0.47,yellow,data
2026-10-06T15:30:47,usd_broad,2026-10-02,121.3848,green,data
2026-10-06T15:30:47,dxy,2026-10-06,,green,data
2026-10-06T15:30:47,brent,2026-09-29,113.96,orange,data
2026-10-06T15:30:47,brent_futures,2026-10-06,,yellow,data
2026-10-06T15:30:47,copper,2026-10-05,,red,data
2026-10-06T15:30:47,copper_lme_stock,2026-10-05,,green,data
2026-10-06T15:30:47,copper_comex,2026-10-06,,red,data
2026-10-06T15:30:47,copper_imf,2026-07-31,13542.82086956522,red,data
2026-10-06T15:30:47,hy_spread,2026-10-02,3.1,green_strong,data
2026-10-06T15:30:47,breakeven_10y,2026-10-05,2.36,yellow,data
2026-10-06T15:30:47,vix,2026-10-02,15.31,yellow,data
2026-10-06T15:30:47,us_mortgage_30y,2026-10-01,7.28,yellow,data
2026-10-06T15:30:47,gdp_yoy_published,2026-06-30,8.39,yellow,data
2026-10-06T15:30:47,gdp_yoy,2026-06-30,89.72774377855093,insufficient,data
2026-10-06T15:30:47,gdp_realestate_yoy,2026-06-30,71.97617301993135,insufficient,data
2026-10-06T15:30:47,gdp_construction_yoy,2026-06-30,107.43704178752104,insufficient,data
2026-10-06T15:30:47,export_yoy,2026-07-31,25.590081904262973,yellow,data
2026-10-06T15:30:47,cpi_yoy,2026-08-31,4.89,red,data
2026-10-06T15:30:47,cpi_avg_ytd,2026-07-31,4.393497411553593,yellow,data
2026-10-06T15:30:47,cpi_housing_yoy,2026-08-31,6.6,green,data
2026-10-06T15:30:47,fx_central,2026-08-10,25491.0,yellow,data
2026-10-06T15:30:47,fx_central_ytd,2026-08-10,1.4728713028939966,green,data
2026-10-06T15:30:47,deposit_12m_big4,2026-10-06,5.9,orange,data
2026-10-06T15:30:47,deposit_12m_all,2026-10-06,6.147368421052632,green,data
2026-10-06T15:30:47,interbank_on,2026-07-31,5.72,yellow,data
2026-10-06T15:30:47,refi_rate,2026-08-03,4.5,green,data
2026-10-06T15:30:47,govbond_10y,2026-07-31,4.464118,red,data
2026-10-06T15:30:47,real_rate,2026-08-31,1.010000000000001,yellow,data
2026-10-06T15:30:47,credit_ytd,2026-05-31,4.719252597353663,green,data
2026-10-06T15:30:47,credit_yoy,2026-05-31,16.837719328775336,green,data
2026-10-06T15:30:47,credit_construction_ytd,2026-05-31,5.860894457233434,green,data
2026-10-06T15:30:47,m2_ytd,2026-05-31,2.7283275723141154,green,data
2026-10-06T15:30:47,credit_minus_m2,2026-05-31,1.9909250250395472,green,data
2026-10-06T15:30:47,land_use_revenue,2024-12-31,217245.0,insufficient,data
2026-10-06T15:30:47,public_investment,2026-06-30,81430.19253,yellow,data
2026-10-06T15:30:47,public_investment_ytd_yoy,2026-06-30,13.475454350150606,green,data
2026-10-06T15:30:47,fdi_registered_ytd,2026-07-31,21045.97153151,red,data
2026-10-06T15:30:47,fdi_registered_ytd_yoy,2026-07-31,109.72732069382424,yellow,data
2026-10-06T15:30:47,pmi_vn,2026-08-31,53.3,green,data
2026-10-06T15:30:49,fed_upper,2026-10-05,4.0,green_strong,data
2026-10-06T15:30:49,fed_lower,2026-10-05,3.75,green,data
2026-10-06T15:30:49,effr,2026-10-02,3.88,green,data
2026-10-06T15:30:49,ust_2y,2026-10-02,4.83,green,data
2026-10-06T15:30:49,ust_10y,2026-10-02,5.28,red,data
2026-10-06T15:30:49,ust_10y2y,2026-10-05,0.47,yellow,data
2026-10-06T15:30:49,usd_broad,2026-10-02,121.3848,green,data
2026-10-06T15:30:49,dxy,2026-10-06,,green,data
2026-10-06T15:30:49,brent,2026-09-29,113.96,orange,data
2026-10-06T15:30:49,brent_futures,2026-10-06,,yellow,data
2026-10-06T15:30:49,copper,2026-10-05,,red,data
2026-10-06T15:30:49,copper_lme_stock,2026-10-05,,green,data
2026-10-06T15:30:49,copper_comex,2026-10-06,,red,data
2026-10-06T15:30:49,copper_imf,2026-07-31,13542.82086956522,red,data
2026-10-06T15:30:49,hy_spread,2026-10-02,3.1,green_strong,data
2026-10-06T15:30:49,breakeven_10y,2026-10-05,2.36,yellow,data
2026-10-06T15:30:49,vix,2026-10-02,15.31,yellow,data
2026-10-06T15:30:49,us_mortgage_30y,2026-10-01,7.28,yellow,data
2026-10-06T15:30:49,gdp_yoy_published,2026-06-30,8.39,yellow,data
2026-10-06T15:30:49,gdp_yoy,2026-06-30,89.72774377855093,insufficient,data
2026-10-06T15:30:49,gdp_realestate_yoy,2026-06-30,71.97617301993135,insufficient,data
2026-10-06T15:30:49,gdp_construction_yoy,2026-06-30,107.43704178752104,insufficient,data
2026-10-06T15:30:49,export_yoy,2026-07-31,25.590081904262973,yellow,data
2026-10-06T15:30:49,cpi_yoy,2026-08-31,4.89,red,data
2026-10-06T15:30:49,cpi_avg_ytd,2026-07-31,4.393497411553593,yellow,data
2026-10-06T15:30:49,cpi_housing_yoy,2026-08-31,6.6,green,data
2026-10-06T15:30:49,fx_central,2026-08-10,25491.0,yellow,data
2026-10-06T15:30:49,fx_central_ytd,2026-08-10,1.4728713028939966,green,data
2026-10-06T15:30:49,deposit_12m_big4,2026-10-06,5.9,orange,data
2026-10-06T15:30:49,deposit_12m_all,2026-10-06,6.147368421052632,green,data
2026-10-06T15:30:49,interbank_on,2026-07-31,5.72,yellow,data
2026-10-06T15:30:49,refi_rate,2026-08-03,4.5,green,data
2026-10-06T15:30:49,govbond_10y,2026-07-31,4.464118,red,data
2026-10-06T15:30:49,real_rate,2026-08-31,1.010000000000001,yellow,data
2026-10-06T15:30:49,credit_ytd,2026-05-31,4.719252597353663,green,data
2026-10-06T15:30:49,credit_yoy,2026-05-31,16.837719328775336,green,data
2026-10-06T15:30:49,credit_construction_ytd,2026-05-31,5.860894457233434,green,data
2026-10-06T15:30:49,m2_ytd,2026-05-31,2.7283275723141154,green,data
2026-10-06T15:30:49,credit_minus_m2,2026-05-31,1.9909250250395472,green,data
2026-10-06T15:30:49,land_use_revenue,2024-12-31,217245.0,insufficient,data
2026-10-06T15:30:49,public_investment,2026-06-30,81430.19253,yellow,data
2026-10-06T15:30:49,public_investment_ytd_yoy,2026-06-30,13.475454350150606,green,data
2026-10-06T15:30:49,fdi_registered_ytd,2026-07-31,21045.97153151,red,data
2026-10-06T15:30:49,fdi_registered_ytd_yoy,2026-07-31,109.72732069382424,yellow,data
2026-10-06T15:30:49,pmi_vn,2026-08-31,53.3,green,data
2026-10-06T15:30:50,fed_upper,2026-10-05,4.0,green_strong,data
2026-10-06T15:30:50,fed_lower,2026-10-05,3.75,green,data
2026-10-06T15:30:50,effr,2026-10-02,3.88,green,data
2026-10-06T15:30:50,ust_2y,2026-10-02,4.83,green,data
2026-10-06T15:30:50,ust_10y,2026-10-02,5.28,red,data
2026-10-06T15:30:50,ust_10y2y,2026-10-05,0.47,yellow,data
2026-10-06T15:30:50,usd_broad,2026-10-02,121.3848,green,data
2026-10-06T15:30:50,dxy,2026-10-06,,green,data
2026-10-06T15:30:50,brent,2026-09-29,113.96,orange,data
2026-10-06T15:30:50,brent_futures,2026-10-06,,yellow,data
2026-10-06T15:30:50,copper,2026-10-05,,red,data
2026-10-06T15:30:50,copper_lme_stock,2026-10-05,,green,data
2026-10-06T15:30:50,copper_comex,2026-10-06,,red,data
2026-10-06T15:30:50,copper_imf,2026-07-31,13542.82086956522,red,data
2026-10-06T15:30:50,hy_spread,2026-10-02,3.1,green_strong,data
2026-10-06T15:30:50,breakeven_10y,2026-10-05,2.36,yellow,data
2026-10-06T15:30:50,vix,2026-10-02,15.31,yellow,data
2026-10-06T15:30:50,us_mortgage_30y,2026-10-01,7.28,yellow,data
2026-10-06T15:30:50,gdp_yoy_published,2026-06-30,8.39,yellow,data
2026-10-06T15:30:50,gdp_yoy,2026-06-30,89.72774377855093,insufficient,data
2026-10-06T15:30:50,gdp_realestate_yoy,2026-06-30,71.97617301993135,insufficient,data
2026-10-06T15:30:50,gdp_construction_yoy,2026-06-30,107.43704178752104,insufficient,data
2026-10-06T15:30:50,export_yoy,2026-07-31,25.590081904262973,yellow,data
2026-10-06T15:30:50,cpi_yoy,2026-08-31,4.89,red,data
2026-10-06T15:30:50,cpi_avg_ytd,2026-07-31,4.393497411553593,yellow,data
2026-10-06T15:30:50,cpi_housing_yoy,2026-08-31,6.6,green,data
2026-10-06T15:30:50,fx_central,2026-08-10,25491.0,yellow,data
2026-10-06T15:30:50,fx_central_ytd,2026-08-10,1.4728713028939966,green,data
2026-10-06T15:30:50,deposit_12m_big4,2026-10-06,5.9,orange,data
2026-10-06T15:30:50,deposit_12m_all,2026-10-06,6.147368421052632,green,data
2026-10-06T15:30:50,interbank_on,2026-07-31,5.72,yellow,data
2026-10-06T15:30:50,refi_rate,2026-08-03,4.5,green,data
2026-10-06T15:30:50,govbond_10y,2026-07-31,4.464118,red,data
2026-10-06T15:30:50,real_rate,2026-08-31,1.010000000000001,yellow,data
2026-10-06T15:30:50,credit_ytd,2026-05-31,4.719252597353663,green,data
2026-10-06T15:30:50,credit_yoy,2026-05-31,16.837719328775336,green,data
2026-10-06T15:30:50,credit_construction_ytd,2026-05-31,5.860894457233434,green,data
2026-10-06T15:30:50,m2_ytd,2026-05-31,2.7283275723141154,green,data
2026-10-06T15:30:50,credit_minus_m2,2026-05-31,1.9909250250395472,green,data
2026-10-06T15:30:50,land_use_revenue,2024-12-31,217245.0,insufficient,data
2026-10-06T15:30:50,public_investment,2026-06-30,81430.19253,yellow,data
2026-10-06T15:30:50,public_investment_ytd_yoy,2026-06-30,13.475454350150606,green,data
2026-10-06T15:30:50,fdi_registered_ytd,2026-07-31,21045.97153151,red,data
2026-10-06T15:30:50,fdi_registered_ytd_yoy,2026-07-31,109.72732069382424,yellow,data
2026-10-06T15:30:50,pmi_vn,2026-08-31,53.3,green,data
2026-10-06T15:30:51,fed_upper,2026-10-05,4.0,green_strong,data
2026-10-06T15:30:51,fed_lower,2026-10-05,3.75,green,data
2026-10-06T15:30:51,effr,2026-10-02,3.88,green,data
2026-10-06T15:30:51,ust_2y,2026-10-02,4.83,green,data
2026-10-06T15:30:51,ust_10y,2026-10-02,5.28,red,data
2026-10-06T15:30:51,ust_10y2y,2026-10-05,0.47,yellow,data
2026-10-06T15:30:51,usd_broad,2026-10-02,121.3848,green,data
2026-10-06T15:30:51,dxy,2026-10-06,,green,data
2026-10-06T15:30:51,brent,2026-09-29,113.96,orange,data
2026-10-06T15:30:51,brent_futures,2026-10-06,,yellow,data
2026-10-06T15:30:51,copper,2026-10-05,,red,data
2026-10-06T15:30:51,copper_lme_stock,2026-10-05,,green,data
2026-10-06T15:30:51,copper_comex,2026-10-06,,red,data
2026-10-06T15:30:51,copper_imf,2026-07-31,13542.82086956522,red,data
2026-10-06T15:30:51,hy_spread,2026-10-02,3.1,green_strong,data
2026-10-06T15:30:51,breakeven_10y,2026-10-05,2.36,yellow,data
2026-10-06T15:30:51,vix,2026-10-02,15.31,yellow,data
2026-10-06T15:30:51,us_mortgage_30y,2026-10-01,7.28,yellow,data
2026-10-06T15:30:51,gdp_yoy_published,2026-06-30,8.39,yellow,data
2026-10-06T15:30:51,gdp_yoy,2026-06-30,89.72774377855093,insufficient,data
2026-10-06T15:30:51,gdp_realestate_yoy,2026-06-30,71.97617301993135,insufficient,data
2026-10-06T15:30:51,gdp_construction_yoy,2026-06-30,107.43704178752104,insufficient,data
2026-10-06T15:30:51,export_yoy,2026-07-31,25.590081904262973,yellow,data
2026-10-06T15:30:51,cpi_yoy,2026-08-31,4.89,red,data
2026-10-06T15:30:51,cpi_avg_ytd,2026-07-31,4.393497411553593,yellow,data
2026-10-06T15:30:51,cpi_housing_yoy,2026-08-31,6.6,green,data
2026-10-06T15:30:51,fx_central,2026-08-10,25491.0,yellow,data
2026-10-06T15:30:51,fx_central_ytd,2026-08-10,1.4728713028939966,green,data
2026-10-06T15:30:51,deposit_12m_big4,2026-10-06,5.9,orange,data
2026-10-06T15:30:51,deposit_12m_all,2026-10-06,6.147368421052632,green,data
2026-10-06T15:30:51,interbank_on,2026-07-31,5.72,yellow,data
2026-10-06T15:30:51,refi_rate,2026-08-03,4.5,green,data
2026-10-06T15:30:51,govbond_10y,2026-07-31,4.464118,red,data
2026-10-06T15:30:51,real_rate,2026-08-31,1.010000000000001,yellow,data
2026-10-06T15:30:51,credit_ytd,2026-05-31,4.719252597353663,green,data
2026-10-06T15:30:51,credit_yoy,2026-05-31,16.837719328775336,green,data
2026-10-06T15:30:51,credit_construction_ytd,2026-05-31,5.860894457233434,green,data
2026-10-06T15:30:51,m2_ytd,2026-05-31,2.7283275723141154,green,data
2026-10-06T15:30:51,credit_minus_m2,2026-05-31,1.9909250250395472,green,data
2026-10-06T15:30:51,land_use_revenue,2024-12-31,217245.0,insufficient,data
2026-10-06T15:30:51,public_investment,2026-06-30,81430.19253,yellow,data
2026-10-06T15:30:51,public_investment_ytd_yoy,2026-06-30,13.475454350150606,green,data
2026-10-06T15:30:51,fdi_registered_ytd,2026-07-31,21045.97153151,red,data
2026-10-06T15:30:51,fdi_registered_ytd_yoy,2026-07-31,109.72732069382424,yellow,data
2026-10-06T15:30:51,pmi_vn,2026-08-31,53.3,green,data
2026-10-06T15:30:52,fed_upper,2026-10-05,4.0,green_strong,data
2026-10-06T15:30:52,fed_lower,2026-10-05,3.75,green,data
2026-10-06T15:30:52,effr,2026-10-02,3.88,green,data
2026-10-06T15:30:52,ust_2y,2026-10-02,4.83,green,data
2026-10-06T15:30:52,ust_10y,2026-10-02,5.28,red,data
2026-10-06T15:30:52,ust_10y2y,2026-10-05,0.47,yellow,data
2026-10-06T15:30:52,usd_broad,2026-10-02,121.3848,green,data
2026-10-06T15:30:52,dxy,2026-10-06,,green,data
2026-10-06T15:30:52,brent,2026-09-29,113.96,orange,data
2026-10-06T15:30:52,brent_futures,2026-10-06,,yellow,data
2026-10-06T15:30:52,copper,2026-10-05,,red,data
2026-10-06T15:30:52,copper_lme_stock,2026-10-05,,green,data
2026-10-06T15:30:52,copper_comex,2026-10-06,,red,data
2026-10-06T15:30:52,copper_imf,2026-07-31,13542.82086956522,red,data
2026-10-06T15:30:52,hy_spread,2026-10-02,3.1,green_strong,data
2026-10-06T15:30:52,breakeven_10y,2026-10-05,2.36,yellow,data
2026-10-06T15:30:52,vix,2026-10-02,15.31,yellow,data
2026-10-06T15:30:52,us_mortgage_30y,2026-10-01,7.28,yellow,data
2026-10-06T15:30:52,gdp_yoy_published,2026-06-30,8.39,yellow,data
2026-10-06T15:30:52,gdp_yoy,2026-06-30,89.72774377855093,insufficient,data
2026-10-06T15:30:52,gdp_realestate_yoy,2026-06-30,71.97617301993135,insufficient,data
2026-10-06T15:30:52,gdp_construction_yoy,2026-06-30,107.43704178752104,insufficient,data
2026-10-06T15:30:52,export_yoy,2026-07-31,25.590081904262973,yellow,data
2026-10-06T15:30:52,cpi_yoy,2026-08-31,4.89,red,data
2026-10-06T15:30:52,cpi_avg_ytd,2026-07-31,4.393497411553593,yellow,data
2026-10-06T15:30:52,cpi_housing_yoy,2026-08-31,6.6,green,data
2026-10-06T15:30:52,fx_central,2026-08-10,25491.0,yellow,data
2026-10-06T15:30:52,fx_central_ytd,2026-08-10,1.4728713028939966,green,data
2026-10-06T15:30:52,deposit_12m_big4,2026-10-06,5.9,orange,data
2026-10-06T15:30:52,deposit_12m_all,2026-10-06,6.147368421052632,green,data
2026-10-06T15:30:52,interbank_on,2026-07-31,5.72,yellow,data
2026-10-06T15:30:52,refi_rate,2026-08-03,4.5,green,data
2026-10-06T15:30:52,govbond_10y,2026-07-31,4.464118,red,data
2026-10-06T15:30:52,real_rate,2026-08-31,1.010000000000001,yellow,data
2026-10-06T15:30:52,credit_ytd,2026-05-31,4.719252597353663,green,data
2026-10-06T15:30:52,credit_yoy,2026-05-31,16.837719328775336,green,data
2026-10-06T15:30:52,credit_construction_ytd,2026-05-31,5.860894457233434,green,data
2026-10-06T15:30:52,m2_ytd,2026-05-31,2.7283275723141154,green,data
2026-10-06T15:30:52,credit_minus_m2,2026-05-31,1.9909250250395472,green,data
2026-10-06T15:30:52,land_use_revenue,2024-12-31,217245.0,insufficient,data
2026-10-06T15:30:52,public_investment,2026-06-30,81430.19253,yellow,data
2026-10-06T15:30:52,public_investment_ytd_yoy,2026-06-30,13.475454350150606,green,data
2026-10-06T15:30:52,fdi_registered_ytd,2026-07-31,21045.97153151,red,data
2026-10-06T15:30:52,fdi_registered_ytd_yoy,2026-07-31,109.72732069382424,yellow,data
2026-10-06T15:30:52,pmi_vn,2026-08-31,53.3,green,data
2026-10-06T15:30:53,fed_upper,2026-10-05,4.0,green_strong,data
2026-10-06T15:30:53,fed_lower,2026-10-05,3.75,green,data
2026-10-06T15:30:53,effr,2026-10-02,3.88,green,data
2026-10-06T15:30:53,ust_2y,2026-10-02,4.83,green,data
2026-10-06T15:30:53,ust_10y,2026-10-02,5.28,red,data
2026-10-06T15:30:53,ust_10y2y,2026-10-05,0.47,yellow,data
2026-10-06T15:30:53,usd_broad,2026-10-02,121.3848,green,data
2026-10-06T15:30:53,dxy,2026-10-06,,green,data
2026-10-06T15:30:53,brent,2026-09-29,113.96,orange,data
2026-10-06T15:30:53,brent_futures,2026-10-06,,yellow,data
2026-10-06T15:30:53,copper,2026-10-05,,red,data
2026-10-06T15:30:53,copper_lme_stock,2026-10-05,,green,data
2026-10-06T15:30:53,copper_comex,2026-10-06,,red,data
2026-10-06T15:30:53,copper_imf,2026-07-31,13542.82086956522,red,data
2026-10-06T15:30:53,hy_spread,2026-10-02,3.1,green_strong,data
2026-10-06T15:30:53,breakeven_10y,2026-10-05,2.36,yellow,data
2026-10-06T15:30:53,vix,2026-10-02,15.31,yellow,data
2026-10-06T15:30:53,us_mortgage_30y,2026-10-01,7.28,yellow,data
2026-10-06T15:30:53,gdp_yoy_published,2026-06-30,8.39,yellow,data
2026-10-06T15:30:53,gdp_yoy,2026-06-30,89.72774377855093,insufficient,data
2026-10-06T15:30:53,gdp_realestate_yoy,2026-06-30,71.97617301993135,insufficient,data
2026-10-06T15:30:53,gdp_construction_yoy,2026-06-30,107.43704178752104,insufficient,data
2026-10-06T15:30:53,export_yoy,2026-07-31,25.590081904262973,yellow,data
2026-10-06T15:30:53,cpi_yoy,2026-08-31,4.89,red,data
2026-10-06T15:30:53,cpi_avg_ytd,2026-07-31,4.393497411553593,yellow,data
2026-10-06T15:30:53,cpi_housing_yoy,2026-08-31,6.6,green,data
2026-10-06T15:30:53,fx_central,2026-08-10,25491.0,yellow,data
2026-10-06T15:30:53,fx_central_ytd,2026-08-10,1.4728713028939966,green,data
2026-10-06T15:30:53,deposit_12m_big4,2026-10-06,5.9,orange,data
2026-10-06T15:30:53,deposit_12m_all,2026-10-06,6.147368421052632,green,data
2026-10-06T15:30:53,interbank_on,2026-07-31,5.72,yellow,data
2026-10-06T15:30:53,refi_rate,2026-08-03,4.5,green,data
2026-10-06T15:30:53,govbond_10y,2026-07-31,4.464118,red,data
2026-10-06T15:30:53,real_rate,2026-08-31,1.010000000000001,yellow,data
2026-10-06T15:30:53,credit_ytd,2026-05-31,4.719252597353663,green,data
2026-10-06T15:30:53,credit_yoy,2026-05-31,16.837719328775336,green,data
2026-10-06T15:30:53,credit_construction_ytd,2026-05-31,5.860894457233434,green,data
2026-10-06T15:30:53,m2_ytd,2026-05-31,2.7283275723141154,green,data
2026-10-06T15:30:53,credit_minus_m2,2026-05-31,1.9909250250395472,green,data
2026-10-06T15:30:53,land_use_revenue,2024-12-31,217245.0,insufficient,data
2026-10-06T15:30:53,public_investment,2026-06-30,81430.19253,yellow,data
2026-10-06T15:30:53,public_investment_ytd_yoy,2026-06-30,13.475454350150606,green,data
2026-10-06T15:30:53,fdi_registered_ytd,2026-07-31,21045.97153151,red,data
2026-10-06T15:30:53,fdi_registered_ytd_yoy,2026-07-31,109.72732069382424,yellow,data
2026-10-06T15:30:53,pmi_vn,2026-08-31,53.3,green,data
2026-10-06T15:30:55,fed_upper,2026-10-05,4.0,green_strong,data
2026-10-06T15:30:55,fed_lower,2026-10-05,3.75,green,data
2026-10-06T15:30:55,effr,2026-10-02,3.88,green,data
2026-10-06T15:30:55,ust_2y,2026-10-02,4.83,green,data
2026-10-06T15:30:55,ust_10y,2026-10-02,5.28,red,data
2026-10-06T15:30:55,ust_10y2y,2026-10-05,0.47,yellow,data
2026-10-06T15:30:55,usd_broad,2026-10-02,121.3848,green,data
2026-10-06T15:30:55,dxy,2026-10-06,,green,data
2026-10-06T15:30:55,brent,2026-09-29,113.96,orange,data
2026-10-06T15:30:55,brent_futures,2026-10-06,,yellow,data
2026-10-06T15:30:55,copper,2026-10-05,,red,data
2026-10-06T15:30:55,copper_lme_stock,2026-10-05,,green,data
2026-10-06T15:30:55,copper_comex,2026-10-06,,red,data
2026-10-06T15:30:55,copper_imf,2026-07-31,13542.82086956522,red,data
2026-10-06T15:30:55,hy_spread,2026-10-02,3.1,green_strong,data
2026-10-06T15:30:55,breakeven_10y,2026-10-05,2.36,yellow,data
2026-10-06T15:30:55,vix,2026-10-02,15.31,yellow,data
2026-10-06T15:30:55,us_mortgage_30y,2026-10-01,7.28,yellow,data
2026-10-06T15:30:55,gdp_yoy_published,2026-06-30,8.39,yellow,data
2026-10-06T15:30:55,gdp_yoy,2026-06-30,89.72774377855093,insufficient,data
2026-10-06T15:30:55,gdp_realestate_yoy,2026-06-30,71.97617301993135,insufficient,data
2026-10-06T15:30:55,gdp_construction_yoy,2026-06-30,107.43704178752104,insufficient,data
2026-10-06T15:30:55,export_yoy,2026-07-31,25.590081904262973,yellow,data
2026-10-06T15:30:55,cpi_yoy,2026-08-31,4.89,red,data
2026-10-06T15:30:55,cpi_avg_ytd,2026-07-31,4.393497411553593,yellow,data
2026-10-06T15:30:55,cpi_housing_yoy,2026-08-31,6.6,green,data
2026-10-06T15:30:55,fx_central,2026-08-10,25491.0,yellow,data
2026-10-06T15:30:55,fx_central_ytd,2026-08-10,1.4728713028939966,green,data
2026-10-06T15:30:55,deposit_12m_big4,2026-10-06,5.9,orange,data
2026-10-06T15:30:55,deposit_12m_all,2026-10-06,6.147368421052632,green,data
2026-10-06T15:30:55,interbank_on,2026-07-31,5.72,yellow,data
2026-10-06T15:30:55,refi_rate,2026-08-03,4.5,green,data
2026-10-06T15:30:55,govbond_10y,2026-07-31,4.464118,red,data
2026-10-06T15:30:55,real_rate,2026-08-31,1.010000000000001,yellow,data
2026-10-06T15:30:55,credit_ytd,2026-05-31,4.719252597353663,green,data
2026-10-06T15:30:55,credit_yoy,2026-05-31,16.837719328775336,green,data
2026-10-06T15:30:55,credit_construction_ytd,2026-05-31,5.860894457233434,green,data
2026-10-06T15:30:55,m2_ytd,2026-05-31,2.7283275723141154,green,data
2026-10-06T15:30:55,credit_minus_m2,2026-05-31,1.9909250250395472,green,data
2026-10-06T15:30:55,land_use_revenue,2024-12-31,217245.0,insufficient,data
2026-10-06T15:30:55,public_investment,2026-06-30,81430.19253,yellow,data
2026-10-06T15:30:55,public_investment_ytd_yoy,2026-06-30,13.475454350150606,green,data
2026-10-06T15:30:55,fdi_registered_ytd,2026-07-31,21045.97153151,red,data
2026-10-06T15:30:55,fdi_registered_ytd_yoy,2026-07-31,109.72732069382424,yellow,data
2026-10-06T15:30:55,pmi_vn,2026-08-31,53.3,green,data
2026-10-06T15:30:55,fed_upper,2026-10-05,4.0,green_strong,data
2026-10-06T15:30:55,fed_lower,2026-10-05,3.75,green,data
2026-10-06T15:30:55,effr,2026-10-02,3.88,green,data
2026-10-06T15:30:55,ust_2y,2026-10-02,4.83,green,data
2026-10-06T15:30:55,ust_10y,2026-10-02,5.28,red,data
2026-10-06T15:30:55,ust_10y2y,2026-10-05,0.47,yellow,data
2026-10-06T15:30:55,usd_broad,2026-10-02,121.3848,green,data
2026-10-06T15:30:55,dxy,2026-10-06,,green,data
2026-10-06T15:30:55,brent,2026-09-29,113.96,orange,data
2026-10-06T15:30:55,brent_futures,2026-10-06,,yellow,data
2026-10-06T15:30:55,copper,2026-10-05,,red,data
2026-10-06T15:30:55,copper_lme_stock,2026-10-05,,green,data
2026-10-06T15:30:55,copper_comex,2026-10-06,,red,data
2026-10-06T15:30:55,copper_imf,2026-07-31,13542.82086956522,red,data
2026-10-06T15:30:55,hy_spread,2026-10-02,3.1,green_strong,data
2026-10-06T15:30:55,breakeven_10y,2026-10-05,2.36,yellow,data
2026-10-06T15:30:55,vix,2026-10-02,15.31,yellow,data
2026-10-06T15:30:55,us_mortgage_30y,2026-10-01,7.28,yellow,data
2026-10-06T15:30:55,gdp_yoy_published,2026-06-30,8.39,yellow,data
2026-10-06T15:30:55,gdp_yoy,2026-06-30,89.72774377855093,insufficient,data
2026-10-06T15:30:55,gdp_realestate_yoy,2026-06-30,71.97617301993135,insufficient,data
2026-10-06T15:30:55,gdp_construction_yoy,2026-06-30,107.43704178752104,insufficient,data
2026-10-06T15:30:55,export_yoy,2026-07-31,25.590081904262973,yellow,data
2026-10-06T15:30:55,cpi_yoy,2026-08-31,4.89,red,data
2026-10-06T15:30:55,cpi_avg_ytd,2026-07-31,4.393497411553593,yellow,data
2026-10-06T15:30:55,cpi_housing_yoy,2026-08-31,6.6,green,data
2026-10-06T15:30:55,fx_central,2026-08-10,25491.0,yellow,data
2026-10-06T15:30:55,fx_central_ytd,2026-08-10,1.4728713028939966,green,data
2026-10-06T15:30:55,deposit_12m_big4,2026-10-06,5.9,orange,data
2026-10-06T15:30:55,deposit_12m_all,2026-10-06,6.147368421052632,green,data
2026-10-06T15:30:55,interbank_on,2026-07-31,5.72,yellow,data
2026-10-06T15:30:55,refi_rate,2026-08-03,4.5,green,data
2026-10-06T15:30:55,govbond_10y,2026-07-31,4.464118,red,data
2026-10-06T15:30:55,real_rate,2026-08-31,1.010000000000001,yellow,data
2026-10-06T15:30:55,credit_ytd,2026-05-31,4.719252597353663,green,data
2026-10-06T15:30:55,credit_yoy,2026-05-31,16.837719328775336,green,data
2026-10-06T15:30:55,credit_construction_ytd,2026-05-31,5.860894457233434,green,data
2026-10-06T15:30:55,m2_ytd,2026-05-31,2.7283275723141154,green,data
2026-10-06T15:30:55,credit_minus_m2,2026-05-31,1.9909250250395472,green,data
2026-10-06T15:30:55,land_use_revenue,2024-12-31,217245.0,insufficient,data
2026-10-06T15:30:55,public_investment,2026-06-30,81430.19253,yellow,data
2026-10-06T15:30:55,public_investment_ytd_yoy,2026-06-30,13.475454350150606,green,data
2026-10-06T15:30:55,fdi_registered_ytd,2026-07-31,21045.97153151,red,data
2026-10-06T15:30:55,fdi_registered_ytd_yoy,2026-07-31,109.72732069382424,yellow,data
2026-10-06T15:30:55,pmi_vn,2026-08-31,53.3,green,data
2026-10-06T15:30:57,fed_upper,2026-10-05,4.0,green_strong,data
2026-10-06T15:30:57,fed_lower,2026-10-05,3.75,green,data
2026-10-06T15:30:57,effr,2026-10-02,3.88,green,data
2026-10-06T15:30:57,ust_2y,2026-10-02,4.83,green,data
2026-10-06T15:30:57,ust_10y,2026-10-02,5.28,red,data
2026-10-06T15:30:57,ust_10y2y,2026-10-05,0.47,yellow,data
2026-10-06T15:30:57,usd_broad,2026-10-02,121.3848,green,data
2026-10-06T15:30:57,dxy,2026-10-06,,green,data
2026-10-06T15:30:57,brent,2026-09-29,113.96,orange,data
2026-10-06T15:30:57,brent_futures,2026-10-06,,yellow,data
2026-10-06T15:30:57,copper,2026-10-05,,red,data
2026-10-06T15:30:57,copper_lme_stock,2026-10-05,,green,data
2026-10-06T15:30:57,copper_comex,2026-10-06,,red,data
2026-10-06T15:30:57,copper_imf,2026-07-31,13542.82086956522,red,data
2026-10-06T15:30:57,hy_spread,2026-10-02,3.1,green_strong,data
2026-10-06T15:30:57,breakeven_10y,2026-10-05,2.36,yellow,data
2026-10-06T15:30:57,vix,2026-10-02,15.31,yellow,data
2026-10-06T15:30:57,us_mortgage_30y,2026-10-01,7.28,yellow,data
2026-10-06T15:30:57,gdp_yoy_published,2026-06-30,8.39,yellow,data
2026-10-06T15:30:57,gdp_yoy,2026-06-30,89.72774377855093,insufficient,data
2026-10-06T15:30:57,gdp_realestate_yoy,2026-06-30,71.97617301993135,insufficient,data
2026-10-06T15:30:57,gdp_construction_yoy,2026-06-30,107.43704178752104,insufficient,data
2026-10-06T15:30:57,export_yoy,2026-07-31,25.590081904262973,yellow,data
2026-10-06T15:30:57,cpi_yoy,2026-08-31,4.89,red,data
2026-10-06T15:30:57,cpi_avg_ytd,2026-07-31,4.393497411553593,yellow,data
2026-10-06T15:30:57,cpi_housing_yoy,2026-08-31,6.6,green,data
2026-10-06T15:30:57,fx_central,2026-08-10,25491.0,yellow,data
2026-10-06T15:30:57,fx_central_ytd,2026-08-10,1.4728713028939966,green,data
2026-10-06T15:30:57,deposit_12m_big4,2026-10-06,5.9,orange,data
2026-10-06T15:30:57,deposit_12m_all,2026-10-06,6.147368421052632,green,data
2026-10-06T15:30:57,interbank_on,2026-07-31,5.72,yellow,data
2026-10-06T15:30:57,refi_rate,2026-08-03,4.5,green,data
2026-10-06T15:30:57,govbond_10y,2026-07-31,4.464118,red,data
2026-10-06T15:30:57,real_rate,2026-08-31,1.010000000000001,yellow,data
2026-10-06T15:30:57,credit_ytd,2026-05-31,4.719252597353663,green,data
2026-10-06T15:30:57,credit_yoy,2026-05-31,16.837719328775336,green,data
2026-10-06T15:30:57,credit_construction_ytd,2026-05-31,5.860894457233434,green,data
2026-10-06T15:30:57,m2_ytd,2026-05-31,2.7283275723141154,green,data
2026-10-06T15:30:57,credit_minus_m2,2026-05-31,1.9909250250395472,green,data
2026-10-06T15:30:57,land_use_revenue,2024-12-31,217245.0,insufficient,data
2026-10-06T15:30:57,public_investment,2026-06-30,81430.19253,yellow,data
2026-10-06T15:30:57,public_investment_ytd_yoy,2026-06-30,13.475454350150606,green,data
2026-10-06T15:30:57,fdi_registered_ytd,2026-07-31,21045.97153151,red,data
2026-10-06T15:30:57,fdi_registered_ytd_yoy,2026-07-31,109.72732069382424,yellow,data
2026-10-06T15:30:57,pmi_vn,2026-08-31,53.3,green,data
2026-10-06T15:30:58,fed_upper,2026-10-05,4.0,green_strong,data
2026-10-06T15:30:58,fed_lower,2026-10-05,3.75,green,data
2026-10-06T15:30:58,effr,2026-10-02,3.88,green,data
2026-10-06T15:30:58,ust_2y,2026-10-02,4.83,green,data
2026-10-06T15:30:58,ust_10y,2026-10-02,5.28,red,data
2026-10-06T15:30:58,ust_10y2y,2026-10-05,0.47,yellow,data
2026-10-06T15:30:58,usd_broad,2026-10-02,121.3848,green,data
2026-10-06T15:30:58,dxy,2026-10-06,,green,data
2026-10-06T15:30:58,brent,2026-09-29,113.96,orange,data
2026-10-06T15:30:58,brent_futures,2026-10-06,,yellow,data
2026-10-06T15:30:58,copper,2026-10-05,,red,data
2026-10-06T15:30:58,copper_lme_stock,2026-10-05,,green,data
2026-10-06T15:30:58,copper_comex,2026-10-06,,red,data
2026-10-06T15:30:58,copper_imf,2026-07-31,13542.82086956522,red,data
2026-10-06T15:30:58,hy_spread,2026-10-02,3.1,green_strong,data
2026-10-06T15:30:58,breakeven_10y,2026-10-05,2.36,yellow,data
2026-10-06T15:30:58,vix,2026-10-02,15.31,yellow,data
2026-10-06T15:30:58,us_mortgage_30y,2026-10-01,7.28,yellow,data
2026-10-06T15:30:58,gdp_yoy_published,2026-06-30,8.39,yellow,data
2026-10-06T15:30:58,gdp_yoy,2026-06-30,89.72774377855093,insufficient,data
2026-10-06T15:30:58,gdp_realestate_yoy,2026-06-30,71.97617301993135,insufficient,data
2026-10-06T15:30:58,gdp_construction_yoy,2026-06-30,107.43704178752104,insufficient,data
2026-10-06T15:30:58,export_yoy,2026-07-31,25.590081904262973,yellow,data
2026-10-06T15:30:58,cpi_yoy,2026-08-31,4.89,red,data
2026-10-06T15:30:58,cpi_avg_ytd,2026-07-31,4.393497411553593,yellow,data
2026-10-06T15:30:58,cpi_housing_yoy,2026-08-31,6.6,green,data
2026-10-06T15:30:58,fx_central,2026-08-10,25491.0,yellow,data
2026-10-06T15:30:58,fx_central_ytd,2026-08-10,1.4728713028939966,green,data
2026-10-06T15:30:58,deposit_12m_big4,2026-10-06,5.9,orange,data
2026-10-06T15:30:58,deposit_12m_all,2026-10-06,6.147368421052632,green,data
2026-10-06T15:30:58,interbank_on,2026-07-31,5.72,yellow,data
2026-10-06T15:30:58,refi_rate,2026-08-03,4.5,green,data
2026-10-06T15:30:58,govbond_10y,2026-07-31,4.464118,red,data
2026-10-06T15:30:58,real_rate,2026-08-31,1.010000000000001,yellow,data
2026-10-06T15:30:58,credit_ytd,2026-05-31,4.719252597353663,green,data
2026-10-06T15:30:58,credit_yoy,2026-05-31,16.837719328775336,green,data
2026-10-06T15:30:58,credit_construction_ytd,2026-05-31,5.860894457233434,green,data
2026-10-06T15:30:58,m2_ytd,2026-05-31,2.7283275723141154,green,data
2026-10-06T15:30:58,credit_minus_m2,2026-05-31,1.9909250250395472,green,data
2026-10-06T15:30:58,land_use_revenue,2024-12-31,217245.0,insufficient,data
2026-10-06T15:30:58,public_investment,2026-06-30,81430.19253,yellow,data
2026-10-06T15:30:58,public_investment_ytd_yoy,2026-06-30,13.475454350150606,green,data
2026-10-06T15:30:58,fdi_registered_ytd,2026-07-31,21045.97153151,red,data
2026-10-06T15:30:58,fdi_registered_ytd_yoy,2026-07-31,109.72732069382424,yellow,data
2026-10-06T15:30:58,pmi_vn,2026-08-31,53.3,green,data
2026-10-06T15:31:00,fed_upper,2026-10-05,4.0,green_strong,data
2026-10-06T15:31:00,fed_lower,2026-10-05,3.75,green,data
2026-10-06T15:31:00,effr,2026-10-02,3.88,green,data
2026-10-06T15:31:00,ust_2y,2026-10-02,4.83,green,data
2026-10-06T15:31:00,ust_10y,2026-10-02,5.28,red,data
2026-10-06T15:31:00,ust_10y2y,2026-10-05,0.47,yellow,data
2026-10-06T15:31:00,usd_broad,2026-10-02,121.3848,green,data
2026-10-06T15:31:00,dxy,2026-10-06,,green,data
2026-10-06T15:31:00,brent,2026-09-29,113.96,orange,data
2026-10-06T15:31:00,brent_futures,2026-10-06,,yellow,data
2026-10-06T15:31:00,copper,2026-10-05,,red,data
2026-10-06T15:31:00,copper_lme_stock,2026-10-05,,green,data
2026-10-06T15:31:00,copper_comex,2026-10-06,,red,data
2026-10-06T15:31:00,copper_imf,2026-07-31,13542.82086956522,red,data
2026-10-06T15:31:00,hy_spread,2026-10-02,3.1,green_strong,data
2026-10-06T15:31:00,breakeven_10y,2026-10-05,2.36,yellow,data
2026-10-06T15:31:00,vix,2026-10-02,15.31,yellow,data
2026-10-06T15:31:00,us_mortgage_30y,2026-10-01,7.28,yellow,data
2026-10-06T15:31:00,gdp_yoy_published,2026-06-30,8.39,yellow,data
2026-10-06T15:31:00,gdp_yoy,2026-06-30,89.72774377855093,insufficient,data
2026-10-06T15:31:00,gdp_realestate_yoy,2026-06-30,71.97617301993135,insufficient,data
2026-10-06T15:31:00,gdp_construction_yoy,2026-06-30,107.43704178752104,insufficient,data
2026-10-06T15:31:00,export_yoy,2026-07-31,25.590081904262973,yellow,data
2026-10-06T15:31:00,cpi_yoy,2026-08-31,4.89,red,data
2026-10-06T15:31:00,cpi_avg_ytd,2026-07-31,4.393497411553593,yellow,data
2026-10-06T15:31:00,cpi_housing_yoy,2026-08-31,6.6,green,data
2026-10-06T15:31:00,fx_central,2026-08-10,25491.0,yellow,data
2026-10-06T15:31:00,fx_central_ytd,2026-08-10,1.4728713028939966,green,data
2026-10-06T15:31:00,deposit_12m_big4,2026-10-06,5.9,orange,data
2026-10-06T15:31:00,deposit_12m_all,2026-10-06,6.147368421052632,green,data
2026-10-06T15:31:00,interbank_on,2026-07-31,5.72,yellow,data
2026-10-06T15:31:00,refi_rate,2026-08-03,4.5,green,data
2026-10-06T15:31:00,govbond_10y,2026-07-31,4.464118,red,data
2026-10-06T15:31:00,real_rate,2026-08-31,1.010000000000001,yellow,data
2026-10-06T15:31:00,credit_ytd,2026-05-31,4.719252597353663,green,data
2026-10-06T15:31:00,credit_yoy,2026-05-31,16.837719328775336,green,data
2026-10-06T15:31:00,credit_construction_ytd,2026-05-31,5.860894457233434,green,data
2026-10-06T15:31:00,m2_ytd,2026-05-31,2.7283275723141154,green,data
2026-10-06T15:31:00,credit_minus_m2,2026-05-31,1.9909250250395472,green,data
2026-10-06T15:31:00,land_use_revenue,2024-12-31,217245.0,insufficient,data
2026-10-06T15:31:00,public_investment,2026-06-30,81430.19253,yellow,data
2026-10-06T15:31:00,public_investment_ytd_yoy,2026-06-30,13.475454350150606,green,data
2026-10-06T15:31:00,fdi_registered_ytd,2026-07-31,21045.97153151,red,data
2026-10-06T15:31:00,fdi_registered_ytd_yoy,2026-07-31,109.72732069382424,yellow,data
2026-10-06T15:31:00,pmi_vn,2026-08-31,53.3,green,data
2026-10-06T15:31:01,fed_upper,2026-10-05,4.0,green_strong,data
2026-10-06T15:31:01,fed_lower,2026-10-05,3.75,green,data
2026-10-06T15:31:01,effr,2026-10-02,3.88,green,data
2026-10-06T15:31:01,ust_2y,2026-10-02,4.83,green,data
2026-10-06T15:31:01,ust_10y,2026-10-02,5.28,red,data
2026-10-06T15:31:01,ust_10y2y,2026-10-05,0.47,yellow,data
2026-10-06T15:31:01,usd_broad,2026-10-02,121.3848,green,data
2026-10-06T15:31:01,dxy,2026-10-06,,green,data
2026-10-06T15:31:01,brent,2026-09-29,113.96,orange,data
2026-10-06T15:31:01,brent_futures,2026-10-06,,yellow,data
2026-10-06T15:31:01,copper,2026-10-05,,red,data
2026-10-06T15:31:01,copper_lme_stock,2026-10-05,,green,data
2026-10-06T15:31:01,copper_comex,2026-10-06,,red,data
2026-10-06T15:31:01,copper_imf,2026-07-31,13542.82086956522,red,data
2026-10-06T15:31:01,hy_spread,2026-10-02,3.1,green_strong,data
2026-10-06T15:31:01,breakeven_10y,2026-10-05,2.36,yellow,data
2026-10-06T15:31:01,vix,2026-10-02,15.31,yellow,data
2026-10-06T15:31:01,us_mortgage_30y,2026-10-01,7.28,yellow,data
2026-10-06T15:31:01,gdp_yoy_published,2026-06-30,8.39,yellow,data
2026-10-06T15:31:01,gdp_yoy,2026-06-30,89.72774377855093,insufficient,data
2026-10-06T15:31:01,gdp_realestate_yoy,2026-06-30,71.97617301993135,insufficient,data
2026-10-06T15:31:01,gdp_construction_yoy,2026-06-30,107.43704178752104,insufficient,data
2026-10-06T15:31:01,export_yoy,2026-07-31,25.590081904262973,yellow,data
2026-10-06T15:31:01,cpi_yoy,2026-08-31,4.89,red,data
2026-10-06T15:31:01,cpi_avg_ytd,2026-07-31,4.393497411553593,yellow,data
2026-10-06T15:31:01,cpi_housing_yoy,2026-08-31,6.6,green,data
2026-10-06T15:31:01,fx_central,2026-08-10,25491.0,yellow,data
2026-10-06T15:31:01,fx_central_ytd,2026-08-10,1.4728713028939966,green,data
2026-10-06T15:31:01,deposit_12m_big4,2026-10-06,5.9,orange,data
2026-10-06T15:31:01,deposit_12m_all,2026-10-06,6.147368421052632,green,data
2026-10-06T15:31:01,interbank_on,2026-07-31,5.72,yellow,data
2026-10-06T15:31:01,refi_rate,2026-08-03,4.5,green,data
2026-10-06T15:31:01,govbond_10y,2026-07-31,4.464118,red,data
2026-10-06T15:31:01,real_rate,2026-08-31,1.010000000000001,yellow,data
2026-10-06T15:31:01,credit_ytd,2026-05-31,4.719252597353663,green,data
2026-10-06T15:31:01,credit_yoy,2026-05-31,16.837719328775336,green,data
2026-10-06T15:31:01,credit_construction_ytd,2026-05-31,5.860894457233434,green,data
2026-10-06T15:31:01,m2_ytd,2026-05-31,2.7283275723141154,green,data
2026-10-06T15:31:01,credit_minus_m2,2026-05-31,1.9909250250395472,green,data
2026-10-06T15:31:01,land_use_revenue,2024-12-31,217245.0,insufficient,data
2026-10-06T15:31:01,public_investment,2026-06-30,81430.19253,yellow,data
2026-10-06T15:31:01,public_investment_ytd_yoy,2026-06-30,13.475454350150606,green,data
2026-10-06T15:31:01,fdi_registered_ytd,2026-07-31,21045.97153151,red,data
2026-10-06T15:31:01,fdi_registered_ytd_yoy,2026-07-31,109.72732069382424,yellow,data
2026-10-06T15:31:01,pmi_vn,2026-08-31,53.3,green,data
2026-10-06T15:31:02,fed_upper,2026-10-05,4.0,green_strong,data
2026-10-06T15:31:02,fed_lower,2026-10-05,3.75,green,data
2026-10-06T15:31:02,effr,2026-10-02,3.88,green,data
2026-10-06T15:31:02,ust_2y,2026-10-02,4.83,green,data
2026-10-06T15:31:02,ust_10y,2026-10-02,5.28,red,data
2026-10-06T15:31:02,ust_10y2y,2026-10-05,0.47,yellow,data
2026-10-06T15:31:02,usd_broad,2026-10-02,121.3848,green,data
2026-10-06T15:31:02,dxy,2026-10-06,,green,data
2026-10-06T15:31:02,brent,2026-09-29,113.96,orange,data
2026-10-06T15:31:02,brent_futures,2026-10-06,,yellow,data
2026-10-06T15:31:02,copper,2026-10-05,,red,data
2026-10-06T15:31:02,copper_lme_stock,2026-10-05,,green,data
2026-10-06T15:31:02,copper_comex,2026-10-06,,red,data
2026-10-06T15:31:02,copper_imf,2026-07-31,13542.82086956522,red,data
2026-10-06T15:31:02,hy_spread,2026-10-02,3.1,green_strong,data
2026-10-06T15:31:02,breakeven_10y,2026-10-05,2.36,yellow,data
2026-10-06T15:31:02,vix,2026-10-02,15.31,yellow,data
2026-10-06T15:31:02,us_mortgage_30y,2026-10-01,7.28,yellow,data
2026-10-06T15:31:02,gdp_yoy_published,2026-06-30,8.39,yellow,data
2026-10-06T15:31:02,gdp_yoy,2026-06-30,89.72774377855093,insufficient,data
2026-10-06T15:31:02,gdp_realestate_yoy,2026-06-30,71.97617301993135,insufficient,data
2026-10-06T15:31:02,gdp_construction_yoy,2026-06-30,107.43704178752104,insufficient,data
2026-10-06T15:31:02,export_yoy,2026-07-31,25.590081904262973,yellow,data
2026-10-06T15:31:02,cpi_yoy,2026-08-31,4.89,red,data
2026-10-06T15:31:02,cpi_avg_ytd,2026-07-31,4.393497411553593,yellow,data
2026-10-06T15:31:02,cpi_housing_yoy,2026-08-31,6.6,green,data
2026-10-06T15:31:02,fx_central,2026-08-10,25491.0,yellow,data
2026-10-06T15:31:02,fx_central_ytd,2026-08-10,1.4728713028939966,green,data
2026-10-06T15:31:02,deposit_12m_big4,2026-10-06,5.9,orange,data
2026-10-06T15:31:02,deposit_12m_all,2026-10-06,6.147368421052632,green,data
2026-10-06T15:31:02,interbank_on,2026-07-31,5.72,yellow,data
2026-10-06T15:31:02,refi_rate,2026-08-03,4.5,green,data
2026-10-06T15:31:02,govbond_10y,2026-07-31,4.464118,red,data
2026-10-06T15:31:02,real_rate,2026-08-31,1.010000000000001,yellow,data
2026-10-06T15:31:02,credit_ytd,2026-05-31,4.719252597353663,green,data
2026-10-06T15:31:02,credit_yoy,2026-05-31,16.837719328775336,green,data
2026-10-06T15:31:02,credit_construction_ytd,2026-05-31,5.860894457233434,green,data
2026-10-06T15:31:02,m2_ytd,2026-05-31,2.7283275723141154,green,data
2026-10-06T15:31:02,credit_minus_m2,2026-05-31,1.9909250250395472,green,data
2026-10-06T15:31:02,land_use_revenue,2024-12-31,217245.0,insufficient,data
2026-10-06T15:31:02,public_investment,2026-06-30,81430.19253,yellow,data
2026-10-06T15:31:02,public_investment_ytd_yoy,2026-06-30,13.475454350150606,green,data
2026-10-06T15:31:02,fdi_registered_ytd,2026-07-31,21045.97153151,red,data
2026-10-06T15:31:02,fdi_registered_ytd_yoy,2026-07-31,109.72732069382424,yellow,data
2026-10-06T15:31:02,pmi_vn,2026-08-31,53.3,green,data
2026-10-06T15:31:04,fed_upper,2026-10-05,4.0,green_strong,data
2026-10-06T15:31:04,fed_lower,2026-10-05,3.75,green,data
2026-10-06T15:31:04,effr,2026-10-02,3.88,green,data
2026-10-06T15:31:04,ust_2y,2026-10-02,4.83,green,data
2026-10-06T15:31:04,ust_10y,2026-10-02,5.28,red,data
2026-10-06T15:31:04,ust_10y2y,2026-10-05,0.47,yellow,data
2026-10-06T15:31:04,usd_broad,2026-10-02,121.3848,green,data
2026-10-06T15:31:04,dxy,2026-10-06,,green,data
2026-10-06T15:31:04,brent,2026-09-29,113.96,orange,data
2026-10-06T15:31:04,brent_futures,2026-10-06,,yellow,data
2026-10-06T15:31:04,copper,2026-10-05,,red,data
2026-10-06T15:31:04,copper_lme_stock,2026-10-05,,green,data
2026-10-06T15:31:04,copper_comex,2026-10-06,,red,data
2026-10-06T15:31:04,copper_imf,2026-07-31,13542.82086956522,red,data
2026-10-06T15:31:04,hy_spread,2026-10-02,3.1,green_strong,data
2026-10-06T15:31:04,breakeven_10y,2026-10-05,2.36,yellow,data
2026-10-06T15:31:04,vix,2026-10-02,15.31,yellow,data
2026-10-06T15:31:04,us_mortgage_30y,2026-10-01,7.28,yellow,data
2026-10-06T15:31:04,gdp_yoy_published,2026-06-30,8.39,yellow,data
2026-10-06T15:31:04,gdp_yoy,2026-06-30,89.72774377855093,insufficient,data
2026-10-06T15:31:04,gdp_realestate_yoy,2026-06-30,71.97617301993135,insufficient,data
2026-10-06T15:31:04,gdp_construction_yoy,2026-06-30,107.43704178752104,insufficient,data
2026-10-06T15:31:04,export_yoy,2026-07-31,25.590081904262973,yellow,data
2026-10-06T15:31:04,cpi_yoy,2026-08-31,4.89,red,data
2026-10-06T15:31:04,cpi_avg_ytd,2026-07-31,4.393497411553593,yellow,data
2026-10-06T15:31:04,cpi_housing_yoy,2026-08-31,6.6,green,data
2026-10-06T15:31:04,fx_central,2026-08-10,25491.0,yellow,data
2026-10-06T15:31:04,fx_central_ytd,2026-08-10,1.4728713028939966,green,data
2026-10-06T15:31:04,deposit_12m_big4,2026-10-06,5.9,orange,data
2026-10-06T15:31:04,deposit_12m_all,2026-10-06,6.147368421052632,green,data
2026-10-06T15:31:04,interbank_on,2026-07-31,5.72,yellow,data
2026-10-06T15:31:04,refi_rate,2026-08-03,4.5,green,data
2026-10-06T15:31:04,govbond_10y,2026-07-31,4.464118,red,data
2026-10-06T15:31:04,real_rate,2026-08-31,1.010000000000001,yellow,data
2026-10-06T15:31:04,credit_ytd,2026-05-31,4.719252597353663,green,data
2026-10-06T15:31:04,credit_yoy,2026-05-31,16.837719328775336,green,data
2026-10-06T15:31:04,credit_construction_ytd,2026-05-31,5.860894457233434,green,data
2026-10-06T15:31:04,m2_ytd,2026-05-31,2.7283275723141154,green,data
2026-10-06T15:31:04,credit_minus_m2,2026-05-31,1.9909250250395472,green,data
2026-10-06T15:31:04,land_use_revenue,2024-12-31,217245.0,insufficient,data
2026-10-06T15:31:04,public_investment,2026-06-30,81430.19253,yellow,data
2026-10-06T15:31:04,public_investment_ytd_yoy,2026-06-30,13.475454350150606,green,data
2026-10-06T15:31:04,fdi_registered_ytd,2026-07-31,21045.97153151,red,data
2026-10-06T15:31:04,fdi_registered_ytd_yoy,2026-07-31,109.72732069382424,yellow,data
2026-10-06T15:31:04,pmi_vn,2026-08-31,53.3,green,data
2026-10-06T15:31:04,fed_upper,2026-10-05,4.0,green_strong,data
2026-10-06T15:31:04,fed_lower,2026-10-05,3.75,green,data
2026-10-06T15:31:04,effr,2026-10-02,3.88,green,data
2026-10-06T15:31:04,ust_2y,2026-10-02,4.83,green,data
2026-10-06T15:31:04,ust_10y,2026-10-02,5.28,red,data
2026-10-06T15:31:04,ust_10y2y,2026-10-05,0.47,yellow,data
2026-10-06T15:31:04,usd_broad,2026-10-02,121.3848,green,data
2026-10-06T15:31:04,dxy,2026-10-06,,green,data
2026-10-06T15:31:04,brent,2026-09-29,113.96,orange,data
2026-10-06T15:31:04,brent_futures,2026-10-06,,yellow,data
2026-10-06T15:31:04,copper,2026-10-05,,red,data
2026-10-06T15:31:04,copper_lme_stock,2026-10-05,,green,data
2026-10-06T15:31:04,copper_comex,2026-10-06,,red,data
2026-10-06T15:31:04,copper_imf,2026-07-31,13542.82086956522,red,data
2026-10-06T15:31:04,hy_spread,2026-10-02,3.1,green_strong,data
2026-10-06T15:31:04,breakeven_10y,2026-10-05,2.36,yellow,data
2026-10-06T15:31:04,vix,2026-10-02,15.31,yellow,data
2026-10-06T15:31:04,us_mortgage_30y,2026-10-01,7.28,yellow,data
2026-10-06T15:31:04,gdp_yoy_published,2026-06-30,8.39,yellow,data
2026-10-06T15:31:04,gdp_yoy,2026-06-30,89.72774377855093,insufficient,data
2026-10-06T15:31:04,gdp_realestate_yoy,2026-06-30,71.97617301993135,insufficient,data
2026-10-06T15:31:04,gdp_construction_yoy,2026-06-30,107.43704178752104,insufficient,data
2026-10-06T15:31:04,export_yoy,2026-07-31,25.590081904262973,yellow,data
2026-10-06T15:31:04,cpi_yoy,2026-08-31,4.89,red,data
2026-10-06T15:31:04,cpi_avg_ytd,2026-07-31,4.393497411553593,yellow,data
2026-10-06T15:31:04,cpi_housing_yoy,2026-08-31,6.6,green,data
2026-10-06T15:31:04,fx_central,2026-08-10,25491.0,yellow,data
2026-10-06T15:31:04,fx_central_ytd,2026-08-10,1.4728713028939966,green,data
2026-10-06T15:31:04,deposit_12m_big4,2026-10-06,5.9,orange,data
2026-10-06T15:31:04,deposit_12m_all,2026-10-06,6.147368421052632,green,data
2026-10-06T15:31:04,interbank_on,2026-07-31,5.72,yellow,data
2026-10-06T15:31:04,refi_rate,2026-08-03,4.5,green,data
2026-10-06T15:31:04,govbond_10y,2026-07-31,4.464118,red,data
2026-10-06T15:31:04,real_rate,2026-08-31,1.010000000000001,yellow,data
2026-10-06T15:31:04,credit_ytd,2026-05-31,4.719252597353663,green,data
2026-10-06T15:31:04,credit_yoy,2026-05-31,16.837719328775336,green,data
2026-10-06T15:31:04,credit_construction_ytd,2026-05-31,5.860894457233434,green,data
2026-10-06T15:31:04,m2_ytd,2026-05-31,2.7283275723141154,green,data
2026-10-06T15:31:04,credit_minus_m2,2026-05-31,1.9909250250395472,green,data
2026-10-06T15:31:04,land_use_revenue,2024-12-31,217245.0,insufficient,data
2026-10-06T15:31:04,public_investment,2026-06-30,81430.19253,yellow,data
2026-10-06T15:31:04,public_investment_ytd_yoy,2026-06-30,13.475454350150606,green,data
2026-10-06T15:31:04,fdi_registered_ytd,2026-07-31,21045.97153151,red,data
2026-10-06T15:31:04,fdi_registered_ytd_yoy,2026-07-31,109.72732069382424,yellow,data
2026-10-06T15:31:04,pmi_vn,2026-08-31,53.3,green,data
2026-10-06T15:31:07,fed_upper,2026-10-05,4.0,green_strong,data
2026-10-06T15:31:07,fed_lower,2026-10-05,3.75,green,data
2026-10-06T15:31:07,effr,2026-10-02,3.88,green,data
2026-10-06T15:31:07,ust_2y,2026-10-02,4.83,green,data
2026-10-06T15:31:07,ust_10y,2026-10-02,5.28,red,data
2026-10-06T15:31:07,ust_10y2y,2026-10-05,0.47,yellow,data
2026-10-06T15:31:07,usd_broad,2026-10-02,121.3848,green,data
2026-10-06T15:31:07,dxy,2026-10-06,,green,data
2026-10-06T15:31:07,brent,2026-09-29,113.96,orange,data
2026-10-06T15:31:07,brent_futures,2026-10-06,,yellow,data
2026-10-06T15:31:07,copper,2026-10-05,,red,data
2026-10-06T15:31:07,copper_lme_stock,2026-10-05,,green,data
2026-10-06T15:31:07,copper_comex,2026-10-06,,red,data
2026-10-06T15:31:07,copper_imf,2026-07-31,13542.82086956522,red,data
2026-10-06T15:31:07,hy_spread,2026-10-02,3.1,green_strong,data
2026-10-06T15:31:07,breakeven_10y,2026-10-05,2.36,yellow,data
2026-10-06T15:31:07,vix,2026-10-02,15.31,yellow,data
2026-10-06T15:31:07,us_mortgage_30y,2026-10-01,7.28,yellow,data
2026-10-06T15:31:07,gdp_yoy_published,2026-06-30,8.39,yellow,data
2026-10-06T15:31:07,gdp_yoy,2026-06-30,89.72774377855093,insufficient,data
2026-10-06T15:31:07,gdp_realestate_yoy,2026-06-30,71.97617301993135,insufficient,data
2026-10-06T15:31:07,gdp_construction_yoy,2026-06-30,107.43704178752104,insufficient,data
2026-10-06T15:31:07,export_yoy,2026-07-31,25.590081904262973,yellow,data
2026-10-06T15:31:07,cpi_yoy,2026-08-31,4.89,red,data
2026-10-06T15:31:07,cpi_avg_ytd,2026-07-31,4.393497411553593,yellow,data
2026-10-06T15:31:07,cpi_housing_yoy,2026-08-31,6.6,green,data
2026-10-06T15:31:07,fx_central,2026-08-10,25491.0,yellow,data
2026-10-06T15:31:07,fx_central_ytd,2026-08-10,1.4728713028939966,green,data
2026-10-06T15:31:07,deposit_12m_big4,2026-10-06,5.9,orange,data
2026-10-06T15:31:07,deposit_12m_all,2026-10-06,6.147368421052632,green,data
2026-10-06T15:31:07,interbank_on,2026-07-31,5.72,yellow,data
2026-10-06T15:31:07,refi_rate,2026-08-03,4.5,green,data
2026-10-06T15:31:07,govbond_10y,2026-07-31,4.464118,red,data
2026-10-06T15:31:07,real_rate,2026-08-31,1.010000000000001,yellow,data
2026-10-06T15:31:07,credit_ytd,2026-05-31,4.719252597353663,green,data
2026-10-06T15:31:07,credit_yoy,2026-05-31,16.837719328775336,green,data
2026-10-06T15:31:07,credit_construction_ytd,2026-05-31,5.860894457233434,green,data
2026-10-06T15:31:07,m2_ytd,2026-05-31,2.7283275723141154,green,data
2026-10-06T15:31:07,credit_minus_m2,2026-05-31,1.9909250250395472,green,data
2026-10-06T15:31:07,land_use_revenue,2024-12-31,217245.0,insufficient,data
2026-10-06T15:31:07,public_investment,2026-06-30,81430.19253,yellow,data
2026-10-06T15:31:07,public_investment_ytd_yoy,2026-06-30,13.475454350150606,green,data
2026-10-06T15:31:07,fdi_registered_ytd,2026-07-31,21045.97153151,red,data
2026-10-06T15:31:07,fdi_registered_ytd_yoy,2026-07-31,109.72732069382424,yellow,data
2026-10-06T15:31:07,pmi_vn,2026-08-31,53.3,green,data
2026-10-06T15:31:07,fed_upper,2026-10-05,4.0,green_strong,data
2026-10-06T15:31:07,fed_lower,2026-10-05,3.75,green,data
2026-10-06T15:31:07,effr,2026-10-02,3.88,green,data
2026-10-06T15:31:07,ust_2y,2026-10-02,4.83,green,data
2026-10-06T15:31:07,ust_10y,2026-10-02,5.28,red,data
2026-10-06T15:31:07,ust_10y2y,2026-10-05,0.47,yellow,data
2026-10-06T15:31:07,usd_broad,2026-10-02,121.3848,green,data
2026-10-06T15:31:07,dxy,2026-10-06,,green,data
2026-10-06T15:31:07,brent,2026-09-29,113.96,orange,data
2026-10-06T15:31:07,brent_futures,2026-10-06,,yellow,data
2026-10-06T15:31:07,copper,2026-10-05,,red,data
2026-10-06T15:31:07,copper_lme_stock,2026-10-05,,green,data
2026-10-06T15:31:07,copper_comex,2026-10-06,,red,data
2026-10-06T15:31:07,copper_imf,2026-07-31,13542.82086956522,red,data
2026-10-06T15:31:07,hy_spread,2026-10-02,3.1,green_strong,data
2026-10-06T15:31:07,breakeven_10y,2026-10-05,2.36,yellow,data
2026-10-06T15:31:07,vix,2026-10-02,15.31,yellow,data
2026-10-06T15:31:07,us_mortgage_30y,2026-10-01,7.28,yellow,data
2026-10-06T15:31:07,gdp_yoy_published,2026-06-30,8.39,yellow,data
2026-10-06T15:31:07,gdp_yoy,2026-06-30,89.72774377855093,insufficient,data
2026-10-06T15:31:07,gdp_realestate_yoy,2026-06-30,71.97617301993135,insufficient,data
2026-10-06T15:31:07,gdp_construction_yoy,2026-06-30,107.43704178752104,insufficient,data
2026-10-06T15:31:07,export_yoy,2026-07-31,25.590081904262973,yellow,data
2026-10-06T15:31:07,cpi_yoy,2026-08-31,4.89,red,data
2026-10-06T15:31:07,cpi_avg_ytd,2026-07-31,4.393497411553593,yellow,data
2026-10-06T15:31:07,cpi_housing_yoy,2026-08-31,6.6,green,data
2026-10-06T15:31:07,fx_central,2026-08-10,25491.0,yellow,data
2026-10-06T15:31:07,fx_central_ytd,2026-08-10,1.4728713028939966,green,data
2026-10-06T15:31:07,deposit_12m_big4,2026-10-06,5.9,orange,data
2026-10-06T15:31:07,deposit_12m_all,2026-10-06,6.147368421052632,green,data
2026-10-06T15:31:07,interbank_on,2026-07-31,5.72,yellow,data
2026-10-06T15:31:07,refi_rate,2026-08-03,4.5,green,data
2026-10-06T15:31:07,govbond_10y,2026-07-31,4.464118,red,data
2026-10-06T15:31:07,real_rate,2026-08-31,1.010000000000001,yellow,data
2026-10-06T15:31:07,credit_ytd,2026-05-31,4.719252597353663,green,data
2026-10-06T15:31:07,credit_yoy,2026-05-31,16.837719328775336,green,data
2026-10-06T15:31:07,credit_construction_ytd,2026-05-31,5.860894457233434,green,data
2026-10-06T15:31:07,m2_ytd,2026-05-31,2.7283275723141154,green,data
2026-10-06T15:31:07,credit_minus_m2,2026-05-31,1.9909250250395472,green,data
2026-10-06T15:31:07,land_use_revenue,2024-12-31,217245.0,insufficient,data
2026-10-06T15:31:07,public_investment,2026-06-30,81430.19253,yellow,data
2026-10-06T15:31:07,public_investment_ytd_yoy,2026-06-30,13.475454350150606,green,data
2026-10-06T15:31:07,fdi_registered_ytd,2026-07-31,21045.97153151,red,data
2026-10-06T15:31:07,fdi_registered_ytd_yoy,2026-07-31,109.72732069382424,yellow,data
2026-10-06T15:31:07,pmi_vn,2026-08-31,53.3,green,data
2026-10-06T15:31:09,fed_upper,2026-10-05,4.0,green_strong,data
2026-10-06T15:31:09,fed_lower,2026-10-05,3.75,green,data
2026-10-06T15:31:09,effr,2026-10-02,3.88,green,data
2026-10-06T15:31:09,ust_2y,2026-10-02,4.83,green,data
2026-10-06T15:31:09,ust_10y,2026-10-02,5.28,red,data
2026-10-06T15:31:09,ust_10y2y,2026-10-05,0.47,yellow,data
2026-10-06T15:31:09,usd_broad,2026-10-02,121.3848,green,data
2026-10-06T15:31:09,dxy,2026-10-06,,green,data
2026-10-06T15:31:09,brent,2026-09-29,113.96,orange,data
2026-10-06T15:31:09,brent_futures,2026-10-06,,yellow,data
2026-10-06T15:31:09,copper,2026-10-05,,red,data
2026-10-06T15:31:09,copper_lme_stock,2026-10-05,,green,data
2026-10-06T15:31:09,copper_comex,2026-10-06,,red,data
2026-10-06T15:31:09,copper_imf,2026-07-31,13542.82086956522,red,data
2026-10-06T15:31:09,hy_spread,2026-10-02,3.1,green_strong,data
2026-10-06T15:31:09,breakeven_10y,2026-10-05,2.36,yellow,data
2026-10-06T15:31:09,vix,2026-10-02,15.31,yellow,data
2026-10-06T15:31:09,us_mortgage_30y,2026-10-01,7.28,yellow,data
2026-10-06T15:31:09,gdp_yoy_published,2026-06-30,8.39,yellow,data
2026-10-06T15:31:09,gdp_yoy,2026-06-30,89.72774377855093,insufficient,data
2026-10-06T15:31:09,gdp_realestate_yoy,2026-06-30,71.97617301993135,insufficient,data
2026-10-06T15:31:09,gdp_construction_yoy,2026-06-30,107.43704178752104,insufficient,data
2026-10-06T15:31:09,export_yoy,2026-07-31,25.590081904262973,yellow,data
2026-10-06T15:31:09,cpi_yoy,2026-08-31,4.89,red,data
2026-10-06T15:31:09,cpi_avg_ytd,2026-07-31,4.393497411553593,yellow,data
2026-10-06T15:31:09,cpi_housing_yoy,2026-08-31,6.6,green,data
2026-10-06T15:31:09,fx_central,2026-08-10,25491.0,yellow,data
2026-10-06T15:31:09,fx_central_ytd,2026-08-10,1.4728713028939966,green,data
2026-10-06T15:31:09,deposit_12m_big4,2026-10-06,5.9,orange,data
2026-10-06T15:31:09,deposit_12m_all,2026-10-06,6.147368421052632,green,data
2026-10-06T15:31:09,interbank_on,2026-07-31,5.72,yellow,data
2026-10-06T15:31:09,refi_rate,2026-08-03,4.5,green,data
2026-10-06T15:31:09,govbond_10y,2026-07-31,4.464118,red,data
2026-10-06T15:31:09,real_rate,2026-08-31,1.010000000000001,yellow,data
2026-10-06T15:31:09,credit_ytd,2026-05-31,4.719252597353663,green,data
2026-10-06T15:31:09,credit_yoy,2026-05-31,16.837719328775336,green,data
2026-10-06T15:31:09,credit_construction_ytd,2026-05-31,5.860894457233434,green,data
2026-10-06T15:31:09,m2_ytd,2026-05-31,2.7283275723141154,green,data
2026-10-06T15:31:09,credit_minus_m2,2026-05-31,1.9909250250395472,green,data
2026-10-06T15:31:09,land_use_revenue,2024-12-31,217245.0,insufficient,data
2026-10-06T15:31:09,public_investment,2026-06-30,81430.19253,yellow,data
2026-10-06T15:31:09,public_investment_ytd_yoy,2026-06-30,13.475454350150606,green,data
2026-10-06T15:31:09,fdi_registered_ytd,2026-07-31,21045.97153151,red,data
2026-10-06T15:31:09,fdi_registered_ytd_yoy,2026-07-31,109.72732069382424,yellow,data
2026-10-06T15:31:09,pmi_vn,2026-08-31,53.3,green,data
2026-10-06T15:31:10,fed_upper,2026-10-05,4.0,green_strong,data
2026-10-06T15:31:10,fed_lower,2026-10-05,3.75,green,data
2026-10-06T15:31:10,effr,2026-10-02,3.88,green,data
2026-10-06T15:31:10,ust_2y,2026-10-02,4.83,green,data
2026-10-06T15:31:10,ust_10y,2026-10-02,5.28,red,data
2026-10-06T15:31:10,ust_10y2y,2026-10-05,0.47,yellow,data
2026-10-06T15:31:10,usd_broad,2026-10-02,121.3848,green,data
2026-10-06T15:31:10,dxy,2026-10-06,,green,data
2026-10-06T15:31:10,brent,2026-09-29,113.96,orange,data
2026-10-06T15:31:10,brent_futures,2026-10-06,,yellow,data
2026-10-06T15:31:10,copper,2026-10-05,,red,data
2026-10-06T15:31:10,copper_lme_stock,2026-10-05,,green,data
2026-10-06T15:31:10,copper_comex,2026-10-06,,red,data
2026-10-06T15:31:10,copper_imf,2026-07-31,13542.82086956522,red,data
2026-10-06T15:31:10,hy_spread,2026-10-02,3.1,green_strong,data
2026-10-06T15:31:10,breakeven_10y,2026-10-05,2.36,yellow,data
2026-10-06T15:31:10,vix,2026-10-02,15.31,yellow,data
2026-10-06T15:31:10,us_mortgage_30y,2026-10-01,7.28,yellow,data
2026-10-06T15:31:10,gdp_yoy_published,2026-06-30,8.39,yellow,data
2026-10-06T15:31:10,gdp_yoy,2026-06-30,89.72774377855093,insufficient,data
2026-10-06T15:31:10,gdp_realestate_yoy,2026-06-30,71.97617301993135,insufficient,data
2026-10-06T15:31:10,gdp_construction_yoy,2026-06-30,107.43704178752104,insufficient,data
2026-10-06T15:31:10,export_yoy,2026-07-31,25.590081904262973,yellow,data
2026-10-06T15:31:10,cpi_yoy,2026-08-31,4.89,red,data
2026-10-06T15:31:10,cpi_avg_ytd,2026-07-31,4.393497411553593,yellow,data
2026-10-06T15:31:10,cpi_housing_yoy,2026-08-31,6.6,green,data
2026-10-06T15:31:10,fx_central,2026-08-10,25491.0,yellow,data
2026-10-06T15:31:10,fx_central_ytd,2026-08-10,1.4728713028939966,green,data
2026-10-06T15:31:10,deposit_12m_big4,2026-10-06,5.9,orange,data
2026-10-06T15:31:10,deposit_12m_all,2026-10-06,6.147368421052632,green,data
2026-10-06T15:31:10,interbank_on,2026-07-31,5.72,yellow,data
2026-10-06T15:31:10,refi_rate,2026-08-03,4.5,green,data
2026-10-06T15:31:10,govbond_10y,2026-07-31,4.464118,red,data
2026-10-06T15:31:10,real_rate,2026-08-31,1.010000000000001,yellow,data
2026-10-06T15:31:10,credit_ytd,2026-05-31,4.719252597353663,green,data
2026-10-06T15:31:10,credit_yoy,2026-05-31,16.837719328775336,green,data
2026-10-06T15:31:10,credit_construction_ytd,2026-05-31,5.860894457233434,green,data
2026-10-06T15:31:10,m2_ytd,2026-05-31,2.7283275723141154,green,data
2026-10-06T15:31:10,credit_minus_m2,2026-05-31,1.9909250250395472,green,data
2026-10-06T15:31:10,land_use_revenue,2024-12-31,217245.0,insufficient,data
2026-10-06T15:31:10,public_investment,2026-06-30,81430.19253,yellow,data
2026-10-06T15:31:10,public_investment_ytd_yoy,2026-06-30,13.475454350150606,green,data
2026-10-06T15:31:10,fdi_registered_ytd,2026-07-31,21045.97153151,red,data
2026-10-06T15:31:10,fdi_registered_ytd_yoy,2026-07-31,109.72732069382424,yellow,data
2026-10-06T15:31:10,pmi_vn,2026-08-31,53.3,green,data
2026-10-06T15:31:12,fed_upper,2026-10-05,4.0,green_strong,data
2026-10-06T15:31:12,fed_lower,2026-10-05,3.75,green,data
2026-10-06T15:31:12,effr,2026-10-02,3.88,green,data
2026-10-06T15:31:12,ust_2y,2026-10-02,4.83,green,data
2026-10-06T15:31:12,ust_10y,2026-10-02,5.28,red,data
2026-10-06T15:31:12,ust_10y2y,2026-10-05,0.47,yellow,data
2026-10-06T15:31:12,usd_broad,2026-10-02,121.3848,green,data
2026-10-06T15:31:12,dxy,2026-10-06,,green,data
2026-10-06T15:31:12,brent,2026-09-29,113.96,orange,data
2026-10-06T15:31:12,brent_futures,2026-10-06,,yellow,data
2026-10-06T15:31:12,copper,2026-10-05,,red,data
2026-10-06T15:31:12,copper_lme_stock,2026-10-05,,green,data
2026-10-06T15:31:12,copper_comex,2026-10-06,,red,data
2026-10-06T15:31:12,copper_imf,2026-07-31,13542.82086956522,red,data
2026-10-06T15:31:12,hy_spread,2026-10-02,3.1,green_strong,data
2026-10-06T15:31:12,breakeven_10y,2026-10-05,2.36,yellow,data
2026-10-06T15:31:12,vix,2026-10-02,15.31,yellow,data
2026-10-06T15:31:12,us_mortgage_30y,2026-10-01,7.28,yellow,data
2026-10-06T15:31:12,gdp_yoy_published,2026-06-30,8.39,yellow,data
2026-10-06T15:31:12,gdp_yoy,2026-06-30,89.72774377855093,insufficient,data
2026-10-06T15:31:12,gdp_realestate_yoy,2026-06-30,71.97617301993135,insufficient,data
2026-10-06T15:31:12,gdp_construction_yoy,2026-06-30,107.43704178752104,insufficient,data
2026-10-06T15:31:12,export_yoy,2026-07-31,25.590081904262973,yellow,data
2026-10-06T15:31:12,cpi_yoy,2026-08-31,4.89,red,data
2026-10-06T15:31:12,cpi_avg_ytd,2026-07-31,4.393497411553593,yellow,data
2026-10-06T15:31:12,cpi_housing_yoy,2026-08-31,6.6,green,data
2026-10-06T15:31:12,fx_central,2026-08-10,25491.0,yellow,data
2026-10-06T15:31:12,fx_central_ytd,2026-08-10,1.4728713028939966,green,data
2026-10-06T15:31:12,deposit_12m_big4,2026-10-06,5.9,orange,data
2026-10-06T15:31:12,deposit_12m_all,2026-10-06,6.147368421052632,green,data
2026-10-06T15:31:12,interbank_on,2026-07-31,5.72,yellow,data
2026-10-06T15:31:12,refi_rate,2026-08-03,4.5,green,data
2026-10-06T15:31:12,govbond_10y,2026-07-31,4.464118,red,data
2026-10-06T15:31:12,real_rate,2026-08-31,1.010000000000001,yellow,data
2026-10-06T15:31:12,credit_ytd,2026-05-31,4.719252597353663,green,data
2026-10-06T15:31:12,credit_yoy,2026-05-31,16.837719328775336,green,data
2026-10-06T15:31:12,credit_construction_ytd,2026-05-31,5.860894457233434,green,data
2026-10-06T15:31:12,m2_ytd,2026-05-31,2.7283275723141154,green,data
2026-10-06T15:31:12,credit_minus_m2,2026-05-31,1.9909250250395472,green,data
2026-10-06T15:31:12,land_use_revenue,2024-12-31,217245.0,insufficient,data
2026-10-06T15:31:12,public_investment,2026-06-30,81430.19253,yellow,data
2026-10-06T15:31:12,public_investment_ytd_yoy,2026-06-30,13.475454350150606,green,data
2026-10-06T15:31:12,fdi_registered_ytd,2026-07-31,21045.97153151,red,data
2026-10-06T15:31:12,fdi_registered_ytd_yoy,2026-07-31,109.72732069382424,yellow,data
2026-10-06T15:31:12,pmi_vn,2026-08-31,53.3,green,data
2026-10-06T15:31:14,fed_upper,2026-10-05,4.0,green_strong,data
2026-10-06T15:31:14,fed_lower,2026-10-05,3.75,green,data
2026-10-06T15:31:14,effr,2026-10-02,3.88,green,data
2026-10-06T15:31:14,ust_2y,2026-10-02,4.83,green,data
2026-10-06T15:31:14,ust_10y,2026-10-02,5.28,red,data
2026-10-06T15:31:14,ust_10y2y,2026-10-05,0.47,yellow,data
2026-10-06T15:31:14,usd_broad,2026-10-02,121.3848,green,data
2026-10-06T15:31:14,dxy,2026-10-06,,green,data
2026-10-06T15:31:14,brent,2026-09-29,113.96,orange,data
2026-10-06T15:31:14,brent_futures,2026-10-06,,yellow,data
2026-10-06T15:31:14,copper,2026-10-05,,red,data
2026-10-06T15:31:14,copper_lme_stock,2026-10-05,,green,data
2026-10-06T15:31:14,copper_comex,2026-10-06,,red,data
2026-10-06T15:31:14,copper_imf,2026-07-31,13542.82086956522,red,data
2026-10-06T15:31:14,hy_spread,2026-10-02,3.1,green_strong,data
2026-10-06T15:31:14,breakeven_10y,2026-10-05,2.36,yellow,data
2026-10-06T15:31:14,vix,2026-10-02,15.31,yellow,data
2026-10-06T15:31:14,us_mortgage_30y,2026-10-01,7.28,yellow,data
2026-10-06T15:31:14,gdp_yoy_published,2026-06-30,8.39,yellow,data
2026-10-06T15:31:14,gdp_yoy,2026-06-30,89.72774377855093,insufficient,data
2026-10-06T15:31:14,gdp_realestate_yoy,2026-06-30,71.97617301993135,insufficient,data
2026-10-06T15:31:14,gdp_construction_yoy,2026-06-30,107.43704178752104,insufficient,data
2026-10-06T15:31:14,export_yoy,2026-07-31,25.590081904262973,yellow,data
2026-10-06T15:31:14,cpi_yoy,2026-08-31,4.89,red,data
2026-10-06T15:31:14,cpi_avg_ytd,2026-07-31,4.393497411553593,yellow,data
2026-10-06T15:31:14,cpi_housing_yoy,2026-08-31,6.6,green,data
2026-10-06T15:31:14,fx_central,2026-08-10,25491.0,yellow,data
2026-10-06T15:31:14,fx_central_ytd,2026-08-10,1.4728713028939966,green,data
2026-10-06T15:31:14,deposit_12m_big4,2026-10-06,5.9,orange,data
2026-10-06T15:31:14,deposit_12m_all,2026-10-06,6.147368421052632,green,data
2026-10-06T15:31:14,interbank_on,2026-07-31,5.72,yellow,data
2026-10-06T15:31:14,refi_rate,2026-08-03,4.5,green,data
2026-10-06T15:31:14,govbond_10y,2026-07-31,4.464118,red,data
2026-10-06T15:31:14,real_rate,2026-08-31,1.010000000000001,yellow,data
2026-10-06T15:31:14,credit_ytd,2026-05-31,4.719252597353663,green,data
2026-10-06T15:31:14,credit_yoy,2026-05-31,16.837719328775336,green,data
2026-10-06T15:31:14,credit_construction_ytd,2026-05-31,5.860894457233434,green,data
2026-10-06T15:31:14,m2_ytd,2026-05-31,2.7283275723141154,green,data
2026-10-06T15:31:14,credit_minus_m2,2026-05-31,1.9909250250395472,green,data
2026-10-06T15:31:14,land_use_revenue,2024-12-31,217245.0,insufficient,data
2026-10-06T15:31:14,public_investment,2026-06-30,81430.19253,yellow,data
2026-10-06T15:31:14,public_investment_ytd_yoy,2026-06-30,13.475454350150606,green,data
2026-10-06T15:31:14,fdi_registered_ytd,2026-07-31,21045.97153151,red,data
2026-10-06T15:31:14,fdi_registered_ytd_yoy,2026-07-31,109.72732069382424,yellow,data
2026-10-06T15:31:14,pmi_vn,2026-08-31,53.3,green,data
2026-10-06T15:31:14,fed_upper,2026-10-05,4.0,green_strong,data
2026-10-06T15:31:14,fed_lower,2026-10-05,3.75,green,data
2026-10-06T15:31:14,effr,2026-10-02,3.88,green,data
2026-10-06T15:31:14,ust_2y,2026-10-02,4.83,green,data
2026-10-06T15:31:14,ust_10y,2026-10-02,5.28,red,data
2026-10-06T15:31:14,ust_10y2y,2026-10-05,0.47,yellow,data
2026-10-06T15:31:14,usd_broad,2026-10-02,121.3848,green,data
2026-10-06T15:31:14,dxy,2026-10-06,,green,data
2026-10-06T15:31:14,brent,2026-09-29,113.96,orange,data
2026-10-06T15:31:14,brent_futures,2026-10-06,,yellow,data
2026-10-06T15:31:14,copper,2026-10-05,,red,data
2026-10-06T15:31:14,copper_lme_stock,2026-10-05,,green,data
2026-10-06T15:31:14,copper_comex,2026-10-06,,red,data
2026-10-06T15:31:14,copper_imf,2026-07-31,13542.82086956522,red,data
2026-10-06T15:31:14,hy_spread,2026-10-02,3.1,green_strong,data
2026-10-06T15:31:14,breakeven_10y,2026-10-05,2.36,yellow,data
2026-10-06T15:31:14,vix,2026-10-02,15.31,yellow,data
2026-10-06T15:31:14,us_mortgage_30y,2026-10-01,7.28,yellow,data
2026-10-06T15:31:14,gdp_yoy_published,2026-06-30,8.39,yellow,data
2026-10-06T15:31:14,gdp_yoy,2026-06-30,89.72774377855093,insufficient,data
2026-10-06T15:31:14,gdp_realestate_yoy,2026-06-30,71.97617301993135,insufficient,data
2026-10-06T15:31:14,gdp_construction_yoy,2026-06-30,107.43704178752104,insufficient,data
2026-10-06T15:31:14,export_yoy,2026-07-31,25.590081904262973,yellow,data
2026-10-06T15:31:14,cpi_yoy,2026-08-31,4.89,red,data
2026-10-06T15:31:14,cpi_avg_ytd,2026-07-31,4.393497411553593,yellow,data
2026-10-06T15:31:14,cpi_housing_yoy,2026-08-31,6.6,green,data
2026-10-06T15:31:14,fx_central,2026-08-10,25491.0,yellow,data
2026-10-06T15:31:14,fx_central_ytd,2026-08-10,1.4728713028939966,green,data
2026-10-06T15:31:14,deposit_12m_big4,2026-10-06,5.9,orange,data
2026-10-06T15:31:14,deposit_12m_all,2026-10-06,6.147368421052632,green,data
2026-10-06T15:31:14,interbank_on,2026-07-31,5.72,yellow,data
2026-10-06T15:31:14,refi_rate,2026-08-03,4.5,green,data
2026-10-06T15:31:14,govbond_10y,2026-07-31,4.464118,red,data
2026-10-06T15:31:14,real_rate,2026-08-31,1.010000000000001,yellow,data
2026-10-06T15:31:14,credit_ytd,2026-05-31,4.719252597353663,green,data
2026-10-06T15:31:14,credit_yoy,2026-05-31,16.837719328775336,green,data
2026-10-06T15:31:14,credit_construction_ytd,2026-05-31,5.860894457233434,green,data
2026-10-06T15:31:14,m2_ytd,2026-05-31,2.7283275723141154,green,data
2026-10-06T15:31:14,credit_minus_m2,2026-05-31,1.9909250250395472,green,data
2026-10-06T15:31:14,land_use_revenue,2024-12-31,217245.0,insufficient,data
2026-10-06T15:31:14,public_investment,2026-06-30,81430.19253,yellow,data
2026-10-06T15:31:14,public_investment_ytd_yoy,2026-06-30,13.475454350150606,green,data
2026-10-06T15:31:14,fdi_registered_ytd,2026-07-31,21045.97153151,red,data
2026-10-06T15:31:14,fdi_registered_ytd_yoy,2026-07-31,109.72732069382424,yellow,data
2026-10-06T15:31:14,pmi_vn,2026-08-31,53.3,green,data
2026-10-06T15:31:17,fed_upper,2026-10-05,4.0,green_strong,data
2026-10-06T15:31:17,fed_lower,2026-10-05,3.75,green,data
2026-10-06T15:31:17,effr,2026-10-02,3.88,green,data
2026-10-06T15:31:17,ust_2y,2026-10-02,4.83,green,data
2026-10-06T15:31:17,ust_10y,2026-10-02,5.28,red,data
2026-10-06T15:31:17,ust_10y2y,2026-10-05,0.47,yellow,data
2026-10-06T15:31:17,usd_broad,2026-10-02,121.3848,green,data
2026-10-06T15:31:17,dxy,2026-10-06,,green,data
2026-10-06T15:31:17,brent,2026-09-29,113.96,orange,data
2026-10-06T15:31:17,brent_futures,2026-10-06,,yellow,data
2026-10-06T15:31:17,copper,2026-10-05,,red,data
2026-10-06T15:31:17,copper_lme_stock,2026-10-05,,green,data
2026-10-06T15:31:17,copper_comex,2026-10-06,,red,data
2026-10-06T15:31:17,copper_imf,2026-07-31,13542.82086956522,red,data
2026-10-06T15:31:17,hy_spread,2026-10-02,3.1,green_strong,data
2026-10-06T15:31:17,breakeven_10y,2026-10-05,2.36,yellow,data
2026-10-06T15:31:17,vix,2026-10-02,15.31,yellow,data
2026-10-06T15:31:17,us_mortgage_30y,2026-10-01,7.28,yellow,data
2026-10-06T15:31:17,gdp_yoy_published,2026-06-30,8.39,yellow,data
2026-10-06T15:31:17,gdp_yoy,2026-06-30,89.72774377855093,insufficient,data
2026-10-06T15:31:17,gdp_realestate_yoy,2026-06-30,71.97617301993135,insufficient,data
2026-10-06T15:31:17,gdp_construction_yoy,2026-06-30,107.43704178752104,insufficient,data
2026-10-06T15:31:17,export_yoy,2026-07-31,25.590081904262973,yellow,data
2026-10-06T15:31:17,cpi_yoy,2026-08-31,4.89,red,data
2026-10-06T15:31:17,cpi_avg_ytd,2026-07-31,4.393497411553593,yellow,data
2026-10-06T15:31:17,cpi_housing_yoy,2026-08-31,6.6,green,data
2026-10-06T15:31:17,fx_central,2026-08-10,25491.0,yellow,data
2026-10-06T15:31:17,fx_central_ytd,2026-08-10,1.4728713028939966,green,data
2026-10-06T15:31:17,deposit_12m_big4,2026-10-06,5.9,orange,data
2026-10-06T15:31:17,deposit_12m_all,2026-10-06,6.147368421052632,green,data
2026-10-06T15:31:17,interbank_on,2026-07-31,5.72,yellow,data
2026-10-06T15:31:17,refi_rate,2026-08-03,4.5,green,data
2026-10-06T15:31:17,govbond_10y,2026-07-31,4.464118,red,data
2026-10-06T15:31:17,real_rate,2026-08-31,1.010000000000001,yellow,data
2026-10-06T15:31:17,credit_ytd,2026-05-31,4.719252597353663,green,data
2026-10-06T15:31:17,credit_yoy,2026-05-31,16.837719328775336,green,data
2026-10-06T15:31:17,credit_construction_ytd,2026-05-31,5.860894457233434,green,data
2026-10-06T15:31:17,m2_ytd,2026-05-31,2.7283275723141154,green,data
2026-10-06T15:31:17,credit_minus_m2,2026-05-31,1.9909250250395472,green,data
2026-10-06T15:31:17,land_use_revenue,2024-12-31,217245.0,insufficient,data
2026-10-06T15:31:17,public_investment,2026-06-30,81430.19253,yellow,data
2026-10-06T15:31:17,public_investment_ytd_yoy,2026-06-30,13.475454350150606,green,data
2026-10-06T15:31:17,fdi_registered_ytd,2026-07-31,21045.97153151,red,data
2026-10-06T15:31:17,fdi_registered_ytd_yoy,2026-07-31,109.72732069382424,yellow,data
2026-10-06T15:31:17,pmi_vn,2026-08-31,53.3,green,data
2026-10-06T15:31:18,fed_upper,2026-10-05,4.0,green_strong,data
2026-10-06T15:31:18,fed_lower,2026-10-05,3.75,green,data
2026-10-06T15:31:18,effr,2026-10-02,3.88,green,data
2026-10-06T15:31:18,ust_2y,2026-10-02,4.83,green,data
2026-10-06T15:31:18,ust_10y,2026-10-02,5.28,red,data
2026-10-06T15:31:18,ust_10y2y,2026-10-05,0.47,yellow,data
2026-10-06T15:31:18,usd_broad,2026-10-02,121.3848,green,data
2026-10-06T15:31:18,dxy,2026-10-06,,green,data
2026-10-06T15:31:18,brent,2026-09-29,113.96,orange,data
2026-10-06T15:31:18,brent_futures,2026-10-06,,yellow,data
2026-10-06T15:31:18,copper,2026-10-05,,red,data
2026-10-06T15:31:18,copper_lme_stock,2026-10-05,,green,data
2026-10-06T15:31:18,copper_comex,2026-10-06,,red,data
2026-10-06T15:31:18,copper_imf,2026-07-31,13542.82086956522,red,data
2026-10-06T15:31:18,hy_spread,2026-10-02,3.1,green_strong,data
2026-10-06T15:31:18,breakeven_10y,2026-10-05,2.36,yellow,data
2026-10-06T15:31:18,vix,2026-10-02,15.31,yellow,data
2026-10-06T15:31:18,us_mortgage_30y,2026-10-01,7.28,yellow,data
2026-10-06T15:31:18,gdp_yoy_published,2026-06-30,8.39,yellow,data
2026-10-06T15:31:18,gdp_yoy,2026-06-30,89.72774377855093,insufficient,data
2026-10-06T15:31:18,gdp_realestate_yoy,2026-06-30,71.97617301993135,insufficient,data
2026-10-06T15:31:18,gdp_construction_yoy,2026-06-30,107.43704178752104,insufficient,data
2026-10-06T15:31:18,export_yoy,2026-07-31,25.590081904262973,yellow,data
2026-10-06T15:31:18,cpi_yoy,2026-08-31,4.89,red,data
2026-10-06T15:31:18,cpi_avg_ytd,2026-07-31,4.393497411553593,yellow,data
2026-10-06T15:31:18,cpi_housing_yoy,2026-08-31,6.6,green,data
2026-10-06T15:31:18,fx_central,2026-08-10,25491.0,yellow,data
2026-10-06T15:31:18,fx_central_ytd,2026-08-10,1.4728713028939966,green,data
2026-10-06T15:31:18,deposit_12m_big4,2026-10-06,5.9,orange,data
2026-10-06T15:31:18,deposit_12m_all,2026-10-06,6.147368421052632,green,data
2026-10-06T15:31:18,interbank_on,2026-07-31,5.72,yellow,data
2026-10-06T15:31:18,refi_rate,2026-08-03,4.5,green,data
2026-10-06T15:31:18,govbond_10y,2026-07-31,4.464118,red,data
2026-10-06T15:31:18,real_rate,2026-08-31,1.010000000000001,yellow,data
2026-10-06T15:31:18,credit_ytd,2026-05-31,4.719252597353663,green,data
2026-10-06T15:31:18,credit_yoy,2026-05-31,16.837719328775336,green,data
2026-10-06T15:31:18,credit_construction_ytd,2026-05-31,5.860894457233434,green,data
2026-10-06T15:31:18,m2_ytd,2026-05-31,2.7283275723141154,green,data
2026-10-06T15:31:18,credit_minus_m2,2026-05-31,1.9909250250395472,green,data
2026-10-06T15:31:18,land_use_revenue,2024-12-31,217245.0,insufficient,data
2026-10-06T15:31:18,public_investment,2026-06-30,81430.19253,yellow,data
2026-10-06T15:31:18,public_investment_ytd_yoy,2026-06-30,13.475454350150606,green,data
2026-10-06T15:31:18,fdi_registered_ytd,2026-07-31,21045.97153151,red,data
2026-10-06T15:31:18,fdi_registered_ytd_yoy,2026-07-31,109.72732069382424,yellow,data
2026-10-06T15:31:18,pmi_vn,2026-08-31,53.3,green,data
2026-10-06T15:31:20,fed_upper,2026-10-05,4.0,green_strong,data
2026-10-06T15:31:20,fed_lower,2026-10-05,3.75,green,data
2026-10-06T15:31:20,effr,2026-10-02,3.88,green,data
2026-10-06T15:31:20,ust_2y,2026-10-02,4.83,green,data
2026-10-06T15:31:20,ust_10y,2026-10-02,5.28,red,data
2026-10-06T15:31:20,ust_10y2y,2026-10-05,0.47,yellow,data
2026-10-06T15:31:20,usd_broad,2026-10-02,121.3848,green,data
2026-10-06T15:31:20,dxy,2026-10-06,,green,data
2026-10-06T15:31:20,brent,2026-09-29,113.96,orange,data
2026-10-06T15:31:20,brent_futures,2026-10-06,,yellow,data
2026-10-06T15:31:20,copper,2026-10-05,,red,data
2026-10-06T15:31:20,copper_lme_stock,2026-10-05,,green,data
2026-10-06T15:31:20,copper_comex,2026-10-06,,red,data
2026-10-06T15:31:20,copper_imf,2026-07-31,13542.82086956522,red,data
2026-10-06T15:31:20,hy_spread,2026-10-02,3.1,green_strong,data
2026-10-06T15:31:20,breakeven_10y,2026-10-05,2.36,yellow,data
2026-10-06T15:31:20,vix,2026-10-02,15.31,yellow,data
2026-10-06T15:31:20,us_mortgage_30y,2026-10-01,7.28,yellow,data
2026-10-06T15:31:20,gdp_yoy_published,2026-06-30,8.39,yellow,data
2026-10-06T15:31:20,gdp_yoy,2026-06-30,89.72774377855093,insufficient,data
2026-10-06T15:31:20,gdp_realestate_yoy,2026-06-30,71.97617301993135,insufficient,data
2026-10-06T15:31:20,gdp_construction_yoy,2026-06-30,107.43704178752104,insufficient,data
2026-10-06T15:31:20,export_yoy,2026-07-31,25.590081904262973,yellow,data
2026-10-06T15:31:20,cpi_yoy,2026-08-31,4.89,red,data
2026-10-06T15:31:20,cpi_avg_ytd,2026-07-31,4.393497411553593,yellow,data
2026-10-06T15:31:20,cpi_housing_yoy,2026-08-31,6.6,green,data
2026-10-06T15:31:20,fx_central,2026-08-10,25491.0,yellow,data
2026-10-06T15:31:20,fx_central_ytd,2026-08-10,1.4728713028939966,green,data
2026-10-06T15:31:20,deposit_12m_big4,2026-10-06,5.9,orange,data
2026-10-06T15:31:20,deposit_12m_all,2026-10-06,6.147368421052632,green,data
2026-10-06T15:31:20,interbank_on,2026-07-31,5.72,yellow,data
2026-10-06T15:31:20,refi_rate,2026-08-03,4.5,green,data
2026-10-06T15:31:20,govbond_10y,2026-07-31,4.464118,red,data
2026-10-06T15:31:20,real_rate,2026-08-31,1.010000000000001,yellow,data
2026-10-06T15:31:20,credit_ytd,2026-05-31,4.719252597353663,green,data
2026-10-06T15:31:20,credit_yoy,2026-05-31,16.837719328775336,green,data
2026-10-06T15:31:20,credit_construction_ytd,2026-05-31,5.860894457233434,green,data
2026-10-06T15:31:20,m2_ytd,2026-05-31,2.7283275723141154,green,data
2026-10-06T15:31:20,credit_minus_m2,2026-05-31,1.9909250250395472,green,data
2026-10-06T15:31:20,land_use_revenue,2024-12-31,217245.0,insufficient,data
2026-10-06T15:31:20,public_investment,2026-06-30,81430.19253,yellow,data
2026-10-06T15:31:20,public_investment_ytd_yoy,2026-06-30,13.475454350150606,green,data
2026-10-06T15:31:20,fdi_registered_ytd,2026-07-31,21045.97153151,red,data
2026-10-06T15:31:20,fdi_registered_ytd_yoy,2026-07-31,109.72732069382424,yellow,data
2026-10-06T15:31:20,pmi_vn,2026-08-31,53.3,green,data
2026-10-06T15:31:21,fed_upper,2026-10-05,4.0,green_strong,data
2026-10-06T15:31:21,fed_lower,2026-10-05,3.75,green,data
2026-10-06T15:31:21,effr,2026-10-02,3.88,green,data
2026-10-06T15:31:21,ust_2y,2026-10-02,4.83,green,data
2026-10-06T15:31:21,ust_10y,2026-10-02,5.28,red,data
2026-10-06T15:31:21,ust_10y2y,2026-10-05,0.47,yellow,data
2026-10-06T15:31:21,usd_broad,2026-10-02,121.3848,green,data
2026-10-06T15:31:21,dxy,2026-10-06,,green,data
2026-10-06T15:31:21,brent,2026-09-29,113.96,orange,data
2026-10-06T15:31:21,brent_futures,2026-10-06,,yellow,data
2026-10-06T15:31:21,copper,2026-10-05,,red,data
2026-10-06T15:31:21,copper_lme_stock,2026-10-05,,green,data
2026-10-06T15:31:21,copper_comex,2026-10-06,,red,data
2026-10-06T15:31:21,copper_imf,2026-07-31,13542.82086956522,red,data
2026-10-06T15:31:21,hy_spread,2026-10-02,3.1,green_strong,data
2026-10-06T15:31:21,breakeven_10y,2026-10-05,2.36,yellow,data
2026-10-06T15:31:21,vix,2026-10-02,15.31,yellow,data
2026-10-06T15:31:21,us_mortgage_30y,2026-10-01,7.28,yellow,data
2026-10-06T15:31:21,gdp_yoy_published,2026-06-30,8.39,yellow,data
2026-10-06T15:31:21,gdp_yoy,2026-06-30,89.72774377855093,insufficient,data
2026-10-06T15:31:21,gdp_realestate_yoy,2026-06-30,71.97617301993135,insufficient,data
2026-10-06T15:31:21,gdp_construction_yoy,2026-06-30,107.43704178752104,insufficient,data
2026-10-06T15:31:21,export_yoy,2026-07-31,25.590081904262973,yellow,data
2026-10-06T15:31:21,cpi_yoy,2026-08-31,4.89,red,data
2026-10-06T15:31:21,cpi_avg_ytd,2026-07-31,4.393497411553593,yellow,data
2026-10-06T15:31:21,cpi_housing_yoy,2026-08-31,6.6,green,data
2026-10-06T15:31:21,fx_central,2026-08-10,25491.0,yellow,data
2026-10-06T15:31:21,fx_central_ytd,2026-08-10,1.4728713028939966,green,data
2026-10-06T15:31:21,deposit_12m_big4,2026-10-06,5.9,orange,data
2026-10-06T15:31:21,deposit_12m_all,2026-10-06,6.147368421052632,green,data
2026-10-06T15:31:21,interbank_on,2026-07-31,5.72,yellow,data
2026-10-06T15:31:21,refi_rate,2026-08-03,4.5,green,data
2026-10-06T15:31:21,govbond_10y,2026-07-31,4.464118,red,data
2026-10-06T15:31:21,real_rate,2026-08-31,1.010000000000001,yellow,data
2026-10-06T15:31:21,credit_ytd,2026-05-31,4.719252597353663,green,data
2026-10-06T15:31:21,credit_yoy,2026-05-31,16.837719328775336,green,data
2026-10-06T15:31:21,credit_construction_ytd,2026-05-31,5.860894457233434,green,data
2026-10-06T15:31:21,m2_ytd,2026-05-31,2.7283275723141154,green,data
2026-10-06T15:31:21,credit_minus_m2,2026-05-31,1.9909250250395472,green,data
2026-10-06T15:31:21,land_use_revenue,2024-12-31,217245.0,insufficient,data
2026-10-06T15:31:21,public_investment,2026-06-30,81430.19253,yellow,data
2026-10-06T15:31:21,public_investment_ytd_yoy,2026-06-30,13.475454350150606,green,data
2026-10-06T15:31:21,fdi_registered_ytd,2026-07-31,21045.97153151,red,data
2026-10-06T15:31:21,fdi_registered_ytd_yoy,2026-07-31,109.72732069382424,yellow,data
2026-10-06T15:31:21,pmi_vn,2026-08-31,53.3,green,data
2026-10-06T15:31:23,fed_upper,2026-10-05,4.0,green_strong,data
2026-10-06T15:31:23,fed_lower,2026-10-05,3.75,green,data
2026-10-06T15:31:23,effr,2026-10-02,3.88,green,data
2026-10-06T15:31:23,ust_2y,2026-10-02,4.83,green,data
2026-10-06T15:31:23,ust_10y,2026-10-02,5.28,red,data
2026-10-06T15:31:23,ust_10y2y,2026-10-05,0.47,yellow,data
2026-10-06T15:31:23,usd_broad,2026-10-02,121.3848,green,data
2026-10-06T15:31:23,dxy,2026-10-06,,green,data
2026-10-06T15:31:23,brent,2026-09-29,113.96,orange,data
2026-10-06T15:31:23,brent_futures,2026-10-06,,yellow,data
2026-10-06T15:31:23,copper,2026-10-05,,red,data
2026-10-06T15:31:23,copper_lme_stock,2026-10-05,,green,data
2026-10-06T15:31:23,copper_comex,2026-10-06,,red,data
2026-10-06T15:31:23,copper_imf,2026-07-31,13542.82086956522,red,data
2026-10-06T15:31:23,hy_spread,2026-10-02,3.1,green_strong,data
2026-10-06T15:31:23,breakeven_10y,2026-10-05,2.36,yellow,data
2026-10-06T15:31:23,vix,2026-10-02,15.31,yellow,data
2026-10-06T15:31:23,us_mortgage_30y,2026-10-01,7.28,yellow,data
2026-10-06T15:31:23,gdp_yoy_published,2026-06-30,8.39,yellow,data
2026-10-06T15:31:23,gdp_yoy,2026-06-30,89.72774377855093,insufficient,data
2026-10-06T15:31:23,gdp_realestate_yoy,2026-06-30,71.97617301993135,insufficient,data
2026-10-06T15:31:23,gdp_construction_yoy,2026-06-30,107.43704178752104,insufficient,data
2026-10-06T15:31:23,export_yoy,2026-07-31,25.590081904262973,yellow,data
2026-10-06T15:31:23,cpi_yoy,2026-08-31,4.89,red,data
2026-10-06T15:31:23,cpi_avg_ytd,2026-07-31,4.393497411553593,yellow,data
2026-10-06T15:31:23,cpi_housing_yoy,2026-08-31,6.6,green,data
2026-10-06T15:31:23,fx_central,2026-08-10,25491.0,yellow,data
2026-10-06T15:31:23,fx_central_ytd,2026-08-10,1.4728713028939966,green,data
2026-10-06T15:31:23,deposit_12m_big4,2026-10-06,5.9,orange,data
2026-10-06T15:31:23,deposit_12m_all,2026-10-06,6.147368421052632,green,data
2026-10-06T15:31:23,interbank_on,2026-07-31,5.72,yellow,data
2026-10-06T15:31:23,refi_rate,2026-08-03,4.5,green,data
2026-10-06T15:31:23,govbond_10y,2026-07-31,4.464118,red,data
2026-10-06T15:31:23,real_rate,2026-08-31,1.010000000000001,yellow,data
2026-10-06T15:31:23,credit_ytd,2026-05-31,4.719252597353663,green,data
2026-10-06T15:31:23,credit_yoy,2026-05-31,16.837719328775336,green,data
2026-10-06T15:31:23,credit_construction_ytd,2026-05-31,5.860894457233434,green,data
2026-10-06T15:31:23,m2_ytd,2026-05-31,2.7283275723141154,green,data
2026-10-06T15:31:23,credit_minus_m2,2026-05-31,1.9909250250395472,green,data
2026-10-06T15:31:23,land_use_revenue,2024-12-31,217245.0,insufficient,data
2026-10-06T15:31:23,public_investment,2026-06-30,81430.19253,yellow,data
2026-10-06T15:31:23,public_investment_ytd_yoy,2026-06-30,13.475454350150606,green,data
2026-10-06T15:31:23,fdi_registered_ytd,2026-07-31,21045.97153151,red,data
2026-10-06T15:31:23,fdi_registered_ytd_yoy,2026-07-31,109.72732069382424,yellow,data
2026-10-06T15:31:23,pmi_vn,2026-08-31,53.3,green,data
2026-10-06T15:31:27,fed_upper,2026-10-05,4.0,green_strong,data
2026-10-06T15:31:27,fed_lower,2026-10-05,3.75,green,data
2026-10-06T15:31:27,effr,2026-10-02,3.88,green,data
2026-10-06T15:31:27,ust_2y,2026-10-02,4.83,green,data
2026-10-06T15:31:27,ust_10y,2026-10-02,5.28,red,data
2026-10-06T15:31:27,ust_10y2y,2026-10-05,0.47,yellow,data
2026-10-06T15:31:27,usd_broad,2026-10-02,121.3848,green,data
2026-10-06T15:31:27,dxy,2026-10-06,,green,data
2026-10-06T15:31:27,brent,2026-09-29,113.96,orange,data
2026-10-06T15:31:27,brent_futures,2026-10-06,,yellow,data
2026-10-06T15:31:27,copper,2026-10-05,,red,data
2026-10-06T15:31:27,copper_lme_stock,2026-10-05,,green,data
2026-10-06T15:31:27,copper_comex,2026-10-06,,red,data
2026-10-06T15:31:27,copper_imf,2026-07-31,13542.82086956522,red,data
2026-10-06T15:31:27,hy_spread,2026-10-02,3.1,green_strong,data
2026-10-06T15:31:27,breakeven_10y,2026-10-05,2.36,yellow,data
2026-10-06T15:31:27,vix,2026-10-02,15.31,yellow,data
2026-10-06T15:31:27,us_mortgage_30y,2026-10-01,7.28,yellow,data
2026-10-06T15:31:27,gdp_yoy_published,2026-06-30,8.39,yellow,data
2026-10-06T15:31:27,gdp_yoy,2026-06-30,89.72774377855093,insufficient,data
2026-10-06T15:31:27,gdp_realestate_yoy,2026-06-30,71.97617301993135,insufficient,data
2026-10-06T15:31:27,gdp_construction_yoy,2026-06-30,107.43704178752104,insufficient,data
2026-10-06T15:31:27,export_yoy,2026-07-31,25.590081904262973,yellow,data
2026-10-06T15:31:27,cpi_yoy,2026-08-31,4.89,red,data
2026-10-06T15:31:27,cpi_avg_ytd,2026-07-31,4.393497411553593,yellow,data
2026-10-06T15:31:27,cpi_housing_yoy,2026-08-31,6.6,green,data
2026-10-06T15:31:27,fx_central,2026-08-10,25491.0,yellow,data
2026-10-06T15:31:27,fx_central_ytd,2026-08-10,1.4728713028939966,green,data
2026-10-06T15:31:27,deposit_12m_big4,2026-10-06,5.9,orange,data
2026-10-06T15:31:27,deposit_12m_all,2026-10-06,6.147368421052632,green,data
2026-10-06T15:31:27,interbank_on,2026-07-31,5.72,yellow,data
2026-10-06T15:31:27,refi_rate,2026-08-03,4.5,green,data
2026-10-06T15:31:27,govbond_10y,2026-07-31,4.464118,red,data
2026-10-06T15:31:27,real_rate,2026-08-31,1.010000000000001,yellow,data
2026-10-06T15:31:27,credit_ytd,2026-05-31,4.719252597353663,green,data
2026-10-06T15:31:27,credit_yoy,2026-05-31,16.837719328775336,green,data
2026-10-06T15:31:27,credit_construction_ytd,2026-05-31,5.860894457233434,green,data
2026-10-06T15:31:27,m2_ytd,2026-05-31,2.7283275723141154,green,data
2026-10-06T15:31:27,credit_minus_m2,2026-05-31,1.9909250250395472,green,data
2026-10-06T15:31:27,land_use_revenue,2024-12-31,217245.0,insufficient,data
2026-10-06T15:31:27,public_investment,2026-06-30,81430.19253,yellow,data
2026-10-06T15:31:27,public_investment_ytd_yoy,2026-06-30,13.475454350150606,green,data
2026-10-06T15:31:27,fdi_registered_ytd,2026-07-31,21045.97153151,red,data
2026-10-06T15:31:27,fdi_registered_ytd_yoy,2026-07-31,109.72732069382424,yellow,data
2026-10-06T15:31:27,pmi_vn,2026-08-31,53.3,green,data
2026-10-06T15:31:27,fed_upper,2026-10-05,4.0,green_strong,data
2026-10-06T15:31:27,fed_lower,2026-10-05,3.75,green,data
2026-10-06T15:31:27,effr,2026-10-02,3.88,green,data
2026-10-06T15:31:27,ust_2y,2026-10-02,4.83,green,data
2026-10-06T15:31:27,ust_10y,2026-10-02,5.28,red,data
2026-10-06T15:31:27,ust_10y2y,2026-10-05,0.47,yellow,data
2026-10-06T15:31:27,usd_broad,2026-10-02,121.3848,green,data
2026-10-06T15:31:27,dxy,2026-10-06,,green,data
2026-10-06T15:31:27,brent,2026-09-29,113.96,orange,data
2026-10-06T15:31:27,brent_futures,2026-10-06,,yellow,data
2026-10-06T15:31:27,copper,2026-10-05,,red,data
2026-10-06T15:31:27,copper_lme_stock,2026-10-05,,green,data
2026-10-06T15:31:27,copper_comex,2026-10-06,,red,data
2026-10-06T15:31:27,copper_imf,2026-07-31,13542.82086956522,red,data
2026-10-06T15:31:27,hy_spread,2026-10-02,3.1,green_strong,data
2026-10-06T15:31:27,breakeven_10y,2026-10-05,2.36,yellow,data
2026-10-06T15:31:27,vix,2026-10-02,15.31,yellow,data
2026-10-06T15:31:27,us_mortgage_30y,2026-10-01,7.28,yellow,data
2026-10-06T15:31:27,gdp_yoy_published,2026-06-30,8.39,yellow,data
2026-10-06T15:31:27,gdp_yoy,2026-06-30,89.72774377855093,insufficient,data
2026-10-06T15:31:27,gdp_realestate_yoy,2026-06-30,71.97617301993135,insufficient,data
2026-10-06T15:31:27,gdp_construction_yoy,2026-06-30,107.43704178752104,insufficient,data
2026-10-06T15:31:27,export_yoy,2026-07-31,25.590081904262973,yellow,data
2026-10-06T15:31:27,cpi_yoy,2026-08-31,4.89,red,data
2026-10-06T15:31:27,cpi_avg_ytd,2026-07-31,4.393497411553593,yellow,data
2026-10-06T15:31:27,cpi_housing_yoy,2026-08-31,6.6,green,data
2026-10-06T15:31:27,fx_central,2026-08-10,25491.0,yellow,data
2026-10-06T15:31:27,fx_central_ytd,2026-08-10,1.4728713028939966,green,data
2026-10-06T15:31:27,deposit_12m_big4,2026-10-06,5.9,orange,data
2026-10-06T15:31:27,deposit_12m_all,2026-10-06,6.147368421052632,green,data
2026-10-06T15:31:27,interbank_on,2026-07-31,5.72,yellow,data
2026-10-06T15:31:27,refi_rate,2026-08-03,4.5,green,data
2026-10-06T15:31:27,govbond_10y,2026-07-31,4.464118,red,data
2026-10-06T15:31:27,real_rate,2026-08-31,1.010000000000001,yellow,data
2026-10-06T15:31:27,credit_ytd,2026-05-31,4.719252597353663,green,data
2026-10-06T15:31:27,credit_yoy,2026-05-31,16.837719328775336,green,data
2026-10-06T15:31:27,credit_construction_ytd,2026-05-31,5.860894457233434,green,data
2026-10-06T15:31:27,m2_ytd,2026-05-31,2.7283275723141154,green,data
2026-10-06T15:31:27,credit_minus_m2,2026-05-31,1.9909250250395472,green,data
2026-10-06T15:31:27,land_use_revenue,2024-12-31,217245.0,insufficient,data
2026-10-06T15:31:27,public_investment,2026-06-30,81430.19253,yellow,data
2026-10-06T15:31:27,public_investment_ytd_yoy,2026-06-30,13.475454350150606,green,data
2026-10-06T15:31:27,fdi_registered_ytd,2026-07-31,21045.97153151,red,data
2026-10-06T15:31:27,fdi_registered_ytd_yoy,2026-07-31,109.72732069382424,yellow,data
2026-10-06T15:31:27,pmi_vn,2026-08-31,53.3,green,data
2026-10-06T15:31:32,fed_upper,2026-10-05,4.0,green_strong,data
2026-10-06T15:31:32,fed_lower,2026-10-05,3.75,green,data
2026-10-06T15:31:32,effr,2026-10-02,3.88,green,data
2026-10-06T15:31:32,ust_2y,2026-10-02,4.83,green,data
2026-10-06T15:31:32,ust_10y,2026-10-02,5.28,red,data
2026-10-06T15:31:32,ust_10y2y,2026-10-05,0.47,yellow,data
2026-10-06T15:31:32,usd_broad,2026-10-02,121.3848,green,data
2026-10-06T15:31:32,dxy,2026-10-06,,green,data
2026-10-06T15:31:32,brent,2026-09-29,113.96,orange,data
2026-10-06T15:31:32,brent_futures,2026-10-06,,yellow,data
2026-10-06T15:31:32,copper,2026-10-05,,red,data
2026-10-06T15:31:32,copper_lme_stock,2026-10-05,,green,data
2026-10-06T15:31:32,copper_comex,2026-10-06,,red,data
2026-10-06T15:31:32,copper_imf,2026-07-31,13542.82086956522,red,data
2026-10-06T15:31:32,hy_spread,2026-10-02,3.1,green_strong,data
2026-10-06T15:31:32,breakeven_10y,2026-10-05,2.36,yellow,data
2026-10-06T15:31:32,vix,2026-10-02,15.31,yellow,data
2026-10-06T15:31:32,us_mortgage_30y,2026-10-01,7.28,yellow,data
2026-10-06T15:31:32,gdp_yoy_published,2026-06-30,8.39,yellow,data
2026-10-06T15:31:32,gdp_yoy,2026-06-30,89.72774377855093,insufficient,data
2026-10-06T15:31:32,gdp_realestate_yoy,2026-06-30,71.97617301993135,insufficient,data
2026-10-06T15:31:32,gdp_construction_yoy,2026-06-30,107.43704178752104,insufficient,data
2026-10-06T15:31:32,export_yoy,2026-07-31,25.590081904262973,yellow,data
2026-10-06T15:31:32,cpi_yoy,2026-08-31,4.89,red,data
2026-10-06T15:31:32,cpi_avg_ytd,2026-07-31,4.393497411553593,yellow,data
2026-10-06T15:31:32,cpi_housing_yoy,2026-08-31,6.6,green,data
2026-10-06T15:31:32,fx_central,2026-08-10,25491.0,yellow,data
2026-10-06T15:31:32,fx_central_ytd,2026-08-10,1.4728713028939966,green,data
2026-10-06T15:31:32,deposit_12m_big4,2026-10-06,5.9,orange,data
2026-10-06T15:31:32,deposit_12m_all,2026-10-06,6.147368421052632,green,data
2026-10-06T15:31:32,interbank_on,2026-07-31,5.72,yellow,data
2026-10-06T15:31:32,refi_rate,2026-08-03,4.5,green,data
2026-10-06T15:31:32,govbond_10y,2026-07-31,4.464118,red,data
2026-10-06T15:31:32,real_rate,2026-08-31,1.010000000000001,yellow,data
2026-10-06T15:31:32,credit_ytd,2026-05-31,4.719252597353663,green,data
2026-10-06T15:31:32,credit_yoy,2026-05-31,16.837719328775336,green,data
2026-10-06T15:31:32,credit_construction_ytd,2026-05-31,5.860894457233434,green,data
2026-10-06T15:31:32,m2_ytd,2026-05-31,2.7283275723141154,green,data
2026-10-06T15:31:32,credit_minus_m2,2026-05-31,1.9909250250395472,green,data
2026-10-06T15:31:32,land_use_revenue,2024-12-31,217245.0,insufficient,data
2026-10-06T15:31:32,public_investment,2026-06-30,81430.19253,yellow,data
2026-10-06T15:31:32,public_investment_ytd_yoy,2026-06-30,13.475454350150606,green,data
2026-10-06T15:31:32,fdi_registered_ytd,2026-07-31,21045.97153151,red,data
2026-10-06T15:31:32,fdi_registered_ytd_yoy,2026-07-31,109.72732069382424,yellow,data
2026-10-06T15:31:32,pmi_vn,2026-08-31,53.3,green,data
2026-10-06T15:31:33,fed_upper,2026-10-05,4.0,green_strong,data
2026-10-06T15:31:33,fed_lower,2026-10-05,3.75,green,data
2026-10-06T15:31:33,effr,2026-10-02,3.88,green,data
2026-10-06T15:31:33,ust_2y,2026-10-02,4.83,green,data
2026-10-06T15:31:33,ust_10y,2026-10-02,5.28,red,data
2026-10-06T15:31:33,ust_10y2y,2026-10-05,0.47,yellow,data
2026-10-06T15:31:33,usd_broad,2026-10-02,121.3848,green,data
2026-10-06T15:31:33,dxy,2026-10-06,,green,data
2026-10-06T15:31:33,brent,2026-09-29,113.96,orange,data
2026-10-06T15:31:33,brent_futures,2026-10-06,,yellow,data
2026-10-06T15:31:33,copper,2026-10-05,,red,data
2026-10-06T15:31:33,copper_lme_stock,2026-10-05,,green,data
2026-10-06T15:31:33,copper_comex,2026-10-06,,red,data
2026-10-06T15:31:33,copper_imf,2026-07-31,13542.82086956522,red,data
2026-10-06T15:31:33,hy_spread,2026-10-02,3.1,green_strong,data
2026-10-06T15:31:33,breakeven_10y,2026-10-05,2.36,yellow,data
2026-10-06T15:31:33,vix,2026-10-02,15.31,yellow,data
2026-10-06T15:31:33,us_mortgage_30y,2026-10-01,7.28,yellow,data
2026-10-06T15:31:33,gdp_yoy_published,2026-06-30,8.39,yellow,data
2026-10-06T15:31:33,gdp_yoy,2026-06-30,89.72774377855093,insufficient,data
2026-10-06T15:31:33,gdp_realestate_yoy,2026-06-30,71.97617301993135,insufficient,data
2026-10-06T15:31:33,gdp_construction_yoy,2026-06-30,107.43704178752104,insufficient,data
2026-10-06T15:31:33,export_yoy,2026-07-31,25.590081904262973,yellow,data
2026-10-06T15:31:33,cpi_yoy,2026-08-31,4.89,red,data
2026-10-06T15:31:33,cpi_avg_ytd,2026-07-31,4.393497411553593,yellow,data
2026-10-06T15:31:33,cpi_housing_yoy,2026-08-31,6.6,green,data
2026-10-06T15:31:33,fx_central,2026-08-10,25491.0,yellow,data
2026-10-06T15:31:33,fx_central_ytd,2026-08-10,1.4728713028939966,green,data
2026-10-06T15:31:33,deposit_12m_big4,2026-10-06,5.9,orange,data
2026-10-06T15:31:33,deposit_12m_all,2026-10-06,6.147368421052632,green,data
2026-10-06T15:31:33,interbank_on,2026-07-31,5.72,yellow,data
2026-10-06T15:31:33,refi_rate,2026-08-03,4.5,green,data
2026-10-06T15:31:33,govbond_10y,2026-07-31,4.464118,red,data
2026-10-06T15:31:33,real_rate,2026-08-31,1.010000000000001,yellow,data
2026-10-06T15:31:33,credit_ytd,2026-05-31,4.719252597353663,green,data
2026-10-06T15:31:33,credit_yoy,2026-05-31,16.837719328775336,green,data
2026-10-06T15:31:33,credit_construction_ytd,2026-05-31,5.860894457233434,green,data
2026-10-06T15:31:33,m2_ytd,2026-05-31,2.7283275723141154,green,data
2026-10-06T15:31:33,credit_minus_m2,2026-05-31,1.9909250250395472,green,data
2026-10-06T15:31:33,land_use_revenue,2024-12-31,217245.0,insufficient,data
2026-10-06T15:31:33,public_investment,2026-06-30,81430.19253,yellow,data
2026-10-06T15:31:33,public_investment_ytd_yoy,2026-06-30,13.475454350150606,green,data
2026-10-06T15:31:33,fdi_registered_ytd,2026-07-31,21045.97153151,red,data
2026-10-06T15:31:33,fdi_registered_ytd_yoy,2026-07-31,109.72732069382424,yellow,data
2026-10-06T15:31:33,pmi_vn,2026-08-31,53.3,green,data
2026-10-06T15:31:37,fed_upper,2026-10-05,4.0,green_strong,data
2026-10-06T15:31:37,fed_lower,2026-10-05,3.75,green,data
2026-10-06T15:31:37,effr,2026-10-02,3.88,green,data
2026-10-06T15:31:37,ust_2y,2026-10-02,4.83,green,data
2026-10-06T15:31:37,ust_10y,2026-10-02,5.28,red,data
2026-10-06T15:31:37,ust_10y2y,2026-10-05,0.47,yellow,data
2026-10-06T15:31:37,usd_broad,2026-10-02,121.3848,green,data
2026-10-06T15:31:37,dxy,2026-10-06,,green,data
2026-10-06T15:31:37,brent,2026-09-29,113.96,orange,data
2026-10-06T15:31:37,brent_futures,2026-10-06,,yellow,data
2026-10-06T15:31:37,copper,2026-10-05,,red,data
2026-10-06T15:31:37,copper_lme_stock,2026-10-05,,green,data
2026-10-06T15:31:37,copper_comex,2026-10-06,,red,data
2026-10-06T15:31:37,copper_imf,2026-07-31,13542.82086956522,red,data
2026-10-06T15:31:37,hy_spread,2026-10-02,3.1,green_strong,data
2026-10-06T15:31:37,breakeven_10y,2026-10-05,2.36,yellow,data
2026-10-06T15:31:37,vix,2026-10-02,15.31,yellow,data
2026-10-06T15:31:37,us_mortgage_30y,2026-10-01,7.28,yellow,data
2026-10-06T15:31:37,gdp_yoy_published,2026-06-30,8.39,yellow,data
2026-10-06T15:31:37,gdp_yoy,2026-06-30,89.72774377855093,insufficient,data
2026-10-06T15:31:37,gdp_realestate_yoy,2026-06-30,71.97617301993135,insufficient,data
2026-10-06T15:31:37,gdp_construction_yoy,2026-06-30,107.43704178752104,insufficient,data
2026-10-06T15:31:37,export_yoy,2026-07-31,25.590081904262973,yellow,data
2026-10-06T15:31:37,cpi_yoy,2026-08-31,4.89,red,data
2026-10-06T15:31:37,cpi_avg_ytd,2026-07-31,4.393497411553593,yellow,data
2026-10-06T15:31:37,cpi_housing_yoy,2026-08-31,6.6,green,data
2026-10-06T15:31:37,fx_central,2026-08-10,25491.0,yellow,data
2026-10-06T15:31:37,fx_central_ytd,2026-08-10,1.4728713028939966,green,data
2026-10-06T15:31:37,deposit_12m_big4,2026-10-06,5.9,orange,data
2026-10-06T15:31:37,deposit_12m_all,2026-10-06,6.147368421052632,green,data
2026-10-06T15:31:37,interbank_on,2026-07-31,5.72,yellow,data
2026-10-06T15:31:37,refi_rate,2026-08-03,4.5,green,data
2026-10-06T15:31:37,govbond_10y,2026-07-31,4.464118,red,data
2026-10-06T15:31:37,real_rate,2026-08-31,1.010000000000001,yellow,data
2026-10-06T15:31:37,credit_ytd,2026-05-31,4.719252597353663,green,data
2026-10-06T15:31:37,credit_yoy,2026-05-31,16.837719328775336,green,data
2026-10-06T15:31:37,credit_construction_ytd,2026-05-31,5.860894457233434,green,data
2026-10-06T15:31:37,m2_ytd,2026-05-31,2.7283275723141154,green,data
2026-10-06T15:31:37,credit_minus_m2,2026-05-31,1.9909250250395472,green,data
2026-10-06T15:31:37,land_use_revenue,2024-12-31,217245.0,insufficient,data
2026-10-06T15:31:37,public_investment,2026-06-30,81430.19253,yellow,data
2026-10-06T15:31:37,public_investment_ytd_yoy,2026-06-30,13.475454350150606,green,data
2026-10-06T15:31:37,fdi_registered_ytd,2026-07-31,21045.97153151,red,data
2026-10-06T15:31:37,fdi_registered_ytd_yoy,2026-07-31,109.72732069382424,yellow,data
2026-10-06T15:31:37,pmi_vn,2026-08-31,53.3,green,data
2026-10-06T15:31:41,fed_upper,2026-10-05,4.0,green_strong,data
2026-10-06T15:31:41,fed_lower,2026-10-05,3.75,green,data
2026-10-06T15:31:41,effr,2026-10-02,3.88,green,data
2026-10-06T15:31:41,ust_2y,2026-10-02,4.83,green,data
2026-10-06T15:31:41,ust_10y,2026-10-02,5.28,red,data
2026-10-06T15:31:41,ust_10y2y,2026-10-05,0.47,yellow,data
2026-10-06T15:31:41,usd_broad,2026-10-02,121.3848,green,data
2026-10-06T15:31:41,dxy,2026-10-06,,green,data
2026-10-06T15:31:41,brent,2026-09-29,113.96,orange,data
2026-10-06T15:31:41,brent_futures,2026-10-06,,yellow,data
2026-10-06T15:31:41,copper,2026-10-05,,red,data
2026-10-06T15:31:41,copper_lme_stock,2026-10-05,,green,data
2026-10-06T15:31:41,copper_comex,2026-10-06,,red,data
2026-10-06T15:31:41,copper_imf,2026-07-31,13542.82086956522,red,data
2026-10-06T15:31:41,hy_spread,2026-10-02,3.1,green_strong,data
2026-10-06T15:31:41,breakeven_10y,2026-10-05,2.36,yellow,data
2026-10-06T15:31:41,vix,2026-10-02,15.31,yellow,data
2026-10-06T15:31:41,us_mortgage_30y,2026-10-01,7.28,yellow,data
2026-10-06T15:31:41,gdp_yoy_published,2026-06-30,8.39,yellow,data
2026-10-06T15:31:41,gdp_yoy,2026-06-30,89.72774377855093,insufficient,data
2026-10-06T15:31:41,gdp_realestate_yoy,2026-06-30,71.97617301993135,insufficient,data
2026-10-06T15:31:41,gdp_construction_yoy,2026-06-30,107.43704178752104,insufficient,data
2026-10-06T15:31:41,export_yoy,2026-07-31,25.590081904262973,yellow,data
2026-10-06T15:31:41,cpi_yoy,2026-08-31,4.89,red,data
2026-10-06T15:31:41,cpi_avg_ytd,2026-07-31,4.393497411553593,yellow,data
2026-10-06T15:31:41,cpi_housing_yoy,2026-08-31,6.6,green,data
2026-10-06T15:31:41,fx_central,2026-08-10,25491.0,yellow,data
2026-10-06T15:31:41,fx_central_ytd,2026-08-10,1.4728713028939966,green,data
2026-10-06T15:31:41,deposit_12m_big4,2026-10-06,5.9,orange,data
2026-10-06T15:31:41,deposit_12m_all,2026-10-06,6.147368421052632,green,data
2026-10-06T15:31:41,interbank_on,2026-07-31,5.72,yellow,data
2026-10-06T15:31:41,refi_rate,2026-08-03,4.5,green,data
2026-10-06T15:31:41,govbond_10y,2026-07-31,4.464118,red,data
2026-10-06T15:31:41,real_rate,2026-08-31,1.010000000000001,yellow,data
2026-10-06T15:31:41,credit_ytd,2026-05-31,4.719252597353663,green,data
2026-10-06T15:31:41,credit_yoy,2026-05-31,16.837719328775336,green,data
2026-10-06T15:31:41,credit_construction_ytd,2026-05-31,5.860894457233434,green,data
2026-10-06T15:31:41,m2_ytd,2026-05-31,2.7283275723141154,green,data
2026-10-06T15:31:41,credit_minus_m2,2026-05-31,1.9909250250395472,green,data
2026-10-06T15:31:41,land_use_revenue,2024-12-31,217245.0,insufficient,data
2026-10-06T15:31:41,public_investment,2026-06-30,81430.19253,yellow,data
2026-10-06T15:31:41,public_investment_ytd_yoy,2026-06-30,13.475454350150606,green,data
2026-10-06T15:31:41,fdi_registered_ytd,2026-07-31,21045.97153151,red,data
2026-10-06T15:31:41,fdi_registered_ytd_yoy,2026-07-31,109.72732069382424,yellow,data
2026-10-06T15:31:41,pmi_vn,2026-08-31,53.3,green,data
2026-10-06T15:31:42,fed_upper,2026-10-05,4.0,green_strong,data
2026-10-06T15:31:42,fed_lower,2026-10-05,3.75,green,data
2026-10-06T15:31:42,effr,2026-10-02,3.88,green,data
2026-10-06T15:31:42,ust_2y,2026-10-02,4.83,green,data
2026-10-06T15:31:42,ust_10y,2026-10-02,5.28,red,data
2026-10-06T15:31:42,ust_10y2y,2026-10-05,0.47,yellow,data
2026-10-06T15:31:42,usd_broad,2026-10-02,121.3848,green,data
2026-10-06T15:31:42,dxy,2026-10-06,,green,data
2026-10-06T15:31:42,brent,2026-09-29,113.96,orange,data
2026-10-06T15:31:42,brent_futures,2026-10-06,,yellow,data
2026-10-06T15:31:42,copper,2026-10-05,,red,data
2026-10-06T15:31:42,copper_lme_stock,2026-10-05,,green,data
2026-10-06T15:31:42,copper_comex,2026-10-06,,red,data
2026-10-06T15:31:42,copper_imf,2026-07-31,13542.82086956522,red,data
2026-10-06T15:31:42,hy_spread,2026-10-02,3.1,green_strong,data
2026-10-06T15:31:42,breakeven_10y,2026-10-05,2.36,yellow,data
2026-10-06T15:31:42,vix,2026-10-02,15.31,yellow,data
2026-10-06T15:31:42,us_mortgage_30y,2026-10-01,7.28,yellow,data
2026-10-06T15:31:42,gdp_yoy_published,2026-06-30,8.39,yellow,data
2026-10-06T15:31:42,gdp_yoy,2026-06-30,89.72774377855093,insufficient,data
2026-10-06T15:31:42,gdp_realestate_yoy,2026-06-30,71.97617301993135,insufficient,data
2026-10-06T15:31:42,gdp_construction_yoy,2026-06-30,107.43704178752104,insufficient,data
2026-10-06T15:31:42,export_yoy,2026-07-31,25.590081904262973,yellow,data
2026-10-06T15:31:42,cpi_yoy,2026-08-31,4.89,red,data
2026-10-06T15:31:42,cpi_avg_ytd,2026-07-31,4.393497411553593,yellow,data
2026-10-06T15:31:42,cpi_housing_yoy,2026-08-31,6.6,green,data
2026-10-06T15:31:42,fx_central,2026-08-10,25491.0,yellow,data
2026-10-06T15:31:42,fx_central_ytd,2026-08-10,1.4728713028939966,green,data
2026-10-06T15:31:42,deposit_12m_big4,2026-10-06,5.9,orange,data
2026-10-06T15:31:42,deposit_12m_all,2026-10-06,6.147368421052632,green,data
2026-10-06T15:31:42,interbank_on,2026-07-31,5.72,yellow,data
2026-10-06T15:31:42,refi_rate,2026-08-03,4.5,green,data
2026-10-06T15:31:42,govbond_10y,2026-07-31,4.464118,red,data
2026-10-06T15:31:42,real_rate,2026-08-31,1.010000000000001,yellow,data
2026-10-06T15:31:42,credit_ytd,2026-05-31,4.719252597353663,green,data
2026-10-06T15:31:42,credit_yoy,2026-05-31,16.837719328775336,green,data
2026-10-06T15:31:42,credit_construction_ytd,2026-05-31,5.860894457233434,green,data
2026-10-06T15:31:42,m2_ytd,2026-05-31,2.7283275723141154,green,data
2026-10-06T15:31:42,credit_minus_m2,2026-05-31,1.9909250250395472,green,data
2026-10-06T15:31:42,land_use_revenue,2024-12-31,217245.0,insufficient,data
2026-10-06T15:31:42,public_investment,2026-06-30,81430.19253,yellow,data
2026-10-06T15:31:42,public_investment_ytd_yoy,2026-06-30,13.475454350150606,green,data
2026-10-06T15:31:42,fdi_registered_ytd,2026-07-31,21045.97153151,red,data
2026-10-06T15:31:42,fdi_registered_ytd_yoy,2026-07-31,109.72732069382424,yellow,data
2026-10-06T15:31:42,pmi_vn,2026-08-31,53.3,green,data
2026-10-06T15:31:47,fed_upper,2026-10-05,4.0,green_strong,data
2026-10-06T15:31:47,fed_lower,2026-10-05,3.75,green,data
2026-10-06T15:31:47,effr,2026-10-02,3.88,green,data
2026-10-06T15:31:47,ust_2y,2026-10-02,4.83,green,data
2026-10-06T15:31:47,ust_10y,2026-10-02,5.28,red,data
2026-10-06T15:31:47,ust_10y2y,2026-10-05,0.47,yellow,data
2026-10-06T15:31:47,usd_broad,2026-10-02,121.3848,green,data
2026-10-06T15:31:47,dxy,2026-10-06,,green,data
2026-10-06T15:31:47,brent,2026-09-29,113.96,orange,data
2026-10-06T15:31:47,brent_futures,2026-10-06,,yellow,data
2026-10-06T15:31:47,copper,2026-10-05,,red,data
2026-10-06T15:31:47,copper_lme_stock,2026-10-05,,green,data
2026-10-06T15:31:47,copper_comex,2026-10-06,,red,data
2026-10-06T15:31:47,copper_imf,2026-07-31,13542.82086956522,red,data
2026-10-06T15:31:47,hy_spread,2026-10-02,3.1,green_strong,data
2026-10-06T15:31:47,breakeven_10y,2026-10-05,2.36,yellow,data
2026-10-06T15:31:47,vix,2026-10-02,15.31,yellow,data
2026-10-06T15:31:47,us_mortgage_30y,2026-10-01,7.28,yellow,data
2026-10-06T15:31:47,gdp_yoy_published,2026-06-30,8.39,yellow,data
2026-10-06T15:31:47,gdp_yoy,2026-06-30,89.72774377855093,insufficient,data
2026-10-06T15:31:47,gdp_realestate_yoy,2026-06-30,71.97617301993135,insufficient,data
2026-10-06T15:31:47,gdp_construction_yoy,2026-06-30,107.43704178752104,insufficient,data
2026-10-06T15:31:47,export_yoy,2026-07-31,25.590081904262973,yellow,data
2026-10-06T15:31:47,cpi_yoy,2026-08-31,4.89,red,data
2026-10-06T15:31:47,cpi_avg_ytd,2026-07-31,4.393497411553593,yellow,data
2026-10-06T15:31:47,cpi_housing_yoy,2026-08-31,6.6,green,data
2026-10-06T15:31:47,fx_central,2026-08-10,25491.0,yellow,data
2026-10-06T15:31:47,fx_central_ytd,2026-08-10,1.4728713028939966,green,data
2026-10-06T15:31:47,deposit_12m_big4,2026-10-06,5.9,orange,data
2026-10-06T15:31:47,deposit_12m_all,2026-10-06,6.147368421052632,green,data
2026-10-06T15:31:47,interbank_on,2026-07-31,5.72,yellow,data
2026-10-06T15:31:47,refi_rate,2026-08-03,4.5,green,data
2026-10-06T15:31:47,govbond_10y,2026-07-31,4.464118,red,data
2026-10-06T15:31:47,real_rate,2026-08-31,1.010000000000001,yellow,data
2026-10-06T15:31:47,credit_ytd,2026-05-31,4.719252597353663,green,data
2026-10-06T15:31:47,credit_yoy,2026-05-31,16.837719328775336,green,data
2026-10-06T15:31:47,credit_construction_ytd,2026-05-31,5.860894457233434,green,data
2026-10-06T15:31:47,m2_ytd,2026-05-31,2.7283275723141154,green,data
2026-10-06T15:31:47,credit_minus_m2,2026-05-31,1.9909250250395472,green,data
2026-10-06T15:31:47,land_use_revenue,2024-12-31,217245.0,insufficient,data
2026-10-06T15:31:47,public_investment,2026-06-30,81430.19253,yellow,data
2026-10-06T15:31:47,public_investment_ytd_yoy,2026-06-30,13.475454350150606,green,data
2026-10-06T15:31:47,fdi_registered_ytd,2026-07-31,21045.97153151,red,data
2026-10-06T15:31:47,fdi_registered_ytd_yoy,2026-07-31,109.72732069382424,yellow,data
2026-10-06T15:31:47,pmi_vn,2026-08-31,53.3,green,data
2026-10-06T15:31:51,fed_upper,2026-10-05,4.0,green_strong,data
2026-10-06T15:31:51,fed_lower,2026-10-05,3.75,green,data
2026-10-06T15:31:51,effr,2026-10-02,3.88,green,data
2026-10-06T15:31:51,ust_2y,2026-10-02,4.83,green,data
2026-10-06T15:31:51,ust_10y,2026-10-02,5.28,red,data
2026-10-06T15:31:51,ust_10y2y,2026-10-05,0.47,yellow,data
2026-10-06T15:31:51,usd_broad,2026-10-02,121.3848,green,data
2026-10-06T15:31:51,dxy,2026-10-06,,green,data
2026-10-06T15:31:51,brent,2026-09-29,113.96,orange,data
2026-10-06T15:31:51,brent_futures,2026-10-06,,yellow,data
2026-10-06T15:31:51,copper,2026-10-05,,red,data
2026-10-06T15:31:51,copper_lme_stock,2026-10-05,,green,data
2026-10-06T15:31:51,copper_comex,2026-10-06,,red,data
2026-10-06T15:31:51,copper_imf,2026-07-31,13542.82086956522,red,data
2026-10-06T15:31:51,hy_spread,2026-10-02,3.1,green_strong,data
2026-10-06T15:31:51,breakeven_10y,2026-10-05,2.36,yellow,data
2026-10-06T15:31:51,vix,2026-10-02,15.31,yellow,data
2026-10-06T15:31:51,us_mortgage_30y,2026-10-01,7.28,yellow,data
2026-10-06T15:31:51,gdp_yoy_published,2026-06-30,8.39,yellow,data
2026-10-06T15:31:51,gdp_yoy,2026-06-30,89.72774377855093,insufficient,data
2026-10-06T15:31:51,gdp_realestate_yoy,2026-06-30,71.97617301993135,insufficient,data
2026-10-06T15:31:51,gdp_construction_yoy,2026-06-30,107.43704178752104,insufficient,data
2026-10-06T15:31:51,export_yoy,2026-07-31,25.590081904262973,yellow,data
2026-10-06T15:31:51,cpi_yoy,2026-08-31,4.89,red,data
2026-10-06T15:31:51,cpi_avg_ytd,2026-07-31,4.393497411553593,yellow,data
2026-10-06T15:31:51,cpi_housing_yoy,2026-08-31,6.6,green,data
2026-10-06T15:31:51,fx_central,2026-08-10,25491.0,yellow,data
2026-10-06T15:31:51,fx_central_ytd,2026-08-10,1.4728713028939966,green,data
2026-10-06T15:31:51,deposit_12m_big4,2026-10-06,5.9,orange,data
2026-10-06T15:31:51,deposit_12m_all,2026-10-06,6.147368421052632,green,data
2026-10-06T15:31:51,interbank_on,2026-07-31,5.72,yellow,data
2026-10-06T15:31:51,refi_rate,2026-08-03,4.5,green,data
2026-10-06T15:31:51,govbond_10y,2026-07-31,4.464118,red,data
2026-10-06T15:31:51,real_rate,2026-08-31,1.010000000000001,yellow,data
2026-10-06T15:31:51,credit_ytd,2026-05-31,4.719252597353663,green,data
2026-10-06T15:31:51,credit_yoy,2026-05-31,16.837719328775336,green,data
2026-10-06T15:31:51,credit_construction_ytd,2026-05-31,5.860894457233434,green,data
2026-10-06T15:31:51,m2_ytd,2026-05-31,2.7283275723141154,green,data
2026-10-06T15:31:51,credit_minus_m2,2026-05-31,1.9909250250395472,green,data
2026-10-06T15:31:51,land_use_revenue,2024-12-31,217245.0,insufficient,data
2026-10-06T15:31:51,public_investment,2026-06-30,81430.19253,yellow,data
2026-10-06T15:31:51,public_investment_ytd_yoy,2026-06-30,13.475454350150606,green,data
2026-10-06T15:31:51,fdi_registered_ytd,2026-07-31,21045.97153151,red,data
2026-10-06T15:31:51,fdi_registered_ytd_yoy,2026-07-31,109.72732069382424,yellow,data
2026-10-06T15:31:51,pmi_vn,2026-08-31,53.3,green,data
2026-10-06T15:31:56,fed_upper,2026-10-05,4.0,green_strong,data
2026-10-06T15:31:56,fed_lower,2026-10-05,3.75,green,data
2026-10-06T15:31:56,effr,2026-10-02,3.88,green,data
2026-10-06T15:31:56,ust_2y,2026-10-02,4.83,green,data
2026-10-06T15:31:56,ust_10y,2026-10-02,5.28,red,data
2026-10-06T15:31:56,ust_10y2y,2026-10-05,0.47,yellow,data
2026-10-06T15:31:56,usd_broad,2026-10-02,121.3848,green,data
2026-10-06T15:31:56,dxy,2026-10-06,,green,data
2026-10-06T15:31:56,brent,2026-09-29,113.96,orange,data
2026-10-06T15:31:56,brent_futures,2026-10-06,,yellow,data
2026-10-06T15:31:56,copper,2026-10-05,,red,data
2026-10-06T15:31:56,copper_lme_stock,2026-10-05,,green,data
2026-10-06T15:31:56,copper_comex,2026-10-06,,red,data
2026-10-06T15:31:56,copper_imf,2026-07-31,13542.82086956522,red,data
2026-10-06T15:31:56,hy_spread,2026-10-02,3.1,green_strong,data
2026-10-06T15:31:56,breakeven_10y,2026-10-05,2.36,yellow,data
2026-10-06T15:31:56,vix,2026-10-02,15.31,yellow,data
2026-10-06T15:31:56,us_mortgage_30y,2026-10-01,7.28,yellow,data
2026-10-06T15:31:56,gdp_yoy_published,2026-06-30,8.39,yellow,data
2026-10-06T15:31:56,gdp_yoy,2026-06-30,89.72774377855093,insufficient,data
2026-10-06T15:31:56,gdp_realestate_yoy,2026-06-30,71.97617301993135,insufficient,data
2026-10-06T15:31:56,gdp_construction_yoy,2026-06-30,107.43704178752104,insufficient,data
2026-10-06T15:31:56,export_yoy,2026-07-31,25.590081904262973,yellow,data
2026-10-06T15:31:56,cpi_yoy,2026-08-31,4.89,red,data
2026-10-06T15:31:56,cpi_avg_ytd,2026-07-31,4.393497411553593,yellow,data
2026-10-06T15:31:56,cpi_housing_yoy,2026-08-31,6.6,green,data
2026-10-06T15:31:56,fx_central,2026-08-10,25491.0,yellow,data
2026-10-06T15:31:56,fx_central_ytd,2026-08-10,1.4728713028939966,green,data
2026-10-06T15:31:56,deposit_12m_big4,2026-10-06,5.9,orange,data
2026-10-06T15:31:56,deposit_12m_all,2026-10-06,6.147368421052632,green,data
2026-10-06T15:31:56,interbank_on,2026-07-31,5.72,yellow,data
2026-10-06T15:31:56,refi_rate,2026-08-03,4.5,green,data
2026-10-06T15:31:56,govbond_10y,2026-07-31,4.464118,red,data
2026-10-06T15:31:56,real_rate,2026-08-31,1.010000000000001,yellow,data
2026-10-06T15:31:56,credit_ytd,2026-05-31,4.719252597353663,green,data
2026-10-06T15:31:56,credit_yoy,2026-05-31,16.837719328775336,green,data
2026-10-06T15:31:56,credit_construction_ytd,2026-05-31,5.860894457233434,green,data
2026-10-06T15:31:56,m2_ytd,2026-05-31,2.7283275723141154,green,data
2026-10-06T15:31:56,credit_minus_m2,2026-05-31,1.9909250250395472,green,data
2026-10-06T15:31:56,land_use_revenue,2024-12-31,217245.0,insufficient,data
2026-10-06T15:31:56,public_investment,2026-06-30,81430.19253,yellow,data
2026-10-06T15:31:56,public_investment_ytd_yoy,2026-06-30,13.475454350150606,green,data
2026-10-06T15:31:56,fdi_registered_ytd,2026-07-31,21045.97153151,red,data
2026-10-06T15:31:56,fdi_registered_ytd_yoy,2026-07-31,109.72732069382424,yellow,data
2026-10-06T15:31:56,pmi_vn,2026-08-31,53.3,green,data
2026-10-06T15:32:01,fed_upper,2026-10-05,4.0,green_strong,data
2026-10-06T15:32:01,fed_lower,2026-10-05,3.75,green,data
2026-10-06T15:32:01,effr,2026-10-02,3.88,green,data
2026-10-06T15:32:01,ust_2y,2026-10-02,4.83,green,data
2026-10-06T15:32:01,ust_10y,2026-10-02,5.28,red,data
2026-10-06T15:32:01,ust_10y2y,2026-10-05,0.47,yellow,data
2026-10-06T15:32:01,usd_broad,2026-10-02,121.3848,green,data
2026-10-06T15:32:01,dxy,2026-10-06,,green,data
2026-10-06T15:32:01,brent,2026-09-29,113.96,orange,data
2026-10-06T15:32:01,brent_futures,2026-10-06,,yellow,data
2026-10-06T15:32:01,copper,2026-10-05,,red,data
2026-10-06T15:32:01,copper_lme_stock,2026-10-05,,green,data
2026-10-06T15:32:01,copper_comex,2026-10-06,,red,data
2026-10-06T15:32:01,copper_imf,2026-07-31,13542.82086956522,red,data
2026-10-06T15:32:01,hy_spread,2026-10-02,3.1,green_strong,data
2026-10-06T15:32:01,breakeven_10y,2026-10-05,2.36,yellow,data
2026-10-06T15:32:01,vix,2026-10-02,15.31,yellow,data
2026-10-06T15:32:01,us_mortgage_30y,2026-10-01,7.28,yellow,data
2026-10-06T15:32:01,gdp_yoy_published,2026-06-30,8.39,yellow,data
2026-10-06T15:32:01,gdp_yoy,2026-06-30,89.72774377855093,insufficient,data
2026-10-06T15:32:01,gdp_realestate_yoy,2026-06-30,71.97617301993135,insufficient,data
2026-10-06T15:32:01,gdp_construction_yoy,2026-06-30,107.43704178752104,insufficient,data
2026-10-06T15:32:01,export_yoy,2026-07-31,25.590081904262973,yellow,data
2026-10-06T15:32:01,cpi_yoy,2026-08-31,4.89,red,data
2026-10-06T15:32:01,cpi_avg_ytd,2026-07-31,4.393497411553593,yellow,data
2026-10-06T15:32:01,cpi_housing_yoy,2026-08-31,6.6,green,data
2026-10-06T15:32:01,fx_central,2026-08-10,25491.0,yellow,data
2026-10-06T15:32:01,fx_central_ytd,2026-08-10,1.4728713028939966,green,data
2026-10-06T15:32:01,deposit_12m_big4,2026-10-06,5.9,orange,data
2026-10-06T15:32:01,deposit_12m_all,2026-10-06,6.147368421052632,green,data
2026-10-06T15:32:01,interbank_on,2026-07-31,5.72,yellow,data
2026-10-06T15:32:01,refi_rate,2026-08-03,4.5,green,data
2026-10-06T15:32:01,govbond_10y,2026-07-31,4.464118,red,data
2026-10-06T15:32:01,real_rate,2026-08-31,1.010000000000001,yellow,data
2026-10-06T15:32:01,credit_ytd,2026-05-31,4.719252597353663,green,data
2026-10-06T15:32:01,credit_yoy,2026-05-31,16.837719328775336,green,data
2026-10-06T15:32:01,credit_construction_ytd,2026-05-31,5.860894457233434,green,data
2026-10-06T15:32:01,m2_ytd,2026-05-31,2.7283275723141154,green,data
2026-10-06T15:32:01,credit_minus_m2,2026-05-31,1.9909250250395472,green,data
2026-10-06T15:32:01,land_use_revenue,2024-12-31,217245.0,insufficient,data
2026-10-06T15:32:01,public_investment,2026-06-30,81430.19253,yellow,data
2026-10-06T15:32:01,public_investment_ytd_yoy,2026-06-30,13.475454350150606,green,data
2026-10-06T15:32:01,fdi_registered_ytd,2026-07-31,21045.97153151,red,data
2026-10-06T15:32:01,fdi_registered_ytd_yoy,2026-07-31,109.72732069382424,yellow,data
2026-10-06T15:32:01,pmi_vn,2026-08-31,53.3,green,data
2026-10-06T15:32:05,fed_upper,2026-10-05,4.0,green_strong,data
2026-10-06T15:32:05,fed_lower,2026-10-05,3.75,green,data
2026-10-06T15:32:05,effr,2026-10-02,3.88,green,data
2026-10-06T15:32:05,ust_2y,2026-10-02,4.83,green,data
2026-10-06T15:32:05,ust_10y,2026-10-02,5.28,red,data
2026-10-06T15:32:05,ust_10y2y,2026-10-05,0.47,yellow,data
2026-10-06T15:32:05,usd_broad,2026-10-02,121.3848,green,data
2026-10-06T15:32:05,dxy,2026-10-06,,green,data
2026-10-06T15:32:05,brent,2026-09-29,113.96,orange,data
2026-10-06T15:32:05,brent_futures,2026-10-06,,yellow,data
2026-10-06T15:32:05,copper,2026-10-05,,red,data
2026-10-06T15:32:05,copper_lme_stock,2026-10-05,,green,data
2026-10-06T15:32:05,copper_comex,2026-10-06,,red,data
2026-10-06T15:32:05,copper_imf,2026-07-31,13542.82086956522,red,data
2026-10-06T15:32:05,hy_spread,2026-10-02,3.1,green_strong,data
2026-10-06T15:32:05,breakeven_10y,2026-10-05,2.36,yellow,data
2026-10-06T15:32:05,vix,2026-10-02,15.31,yellow,data
2026-10-06T15:32:05,us_mortgage_30y,2026-10-01,7.28,yellow,data
2026-10-06T15:32:05,gdp_yoy_published,2026-06-30,8.39,yellow,data
2026-10-06T15:32:05,gdp_yoy,2026-06-30,89.72774377855093,insufficient,data
2026-10-06T15:32:05,gdp_realestate_yoy,2026-06-30,71.97617301993135,insufficient,data
2026-10-06T15:32:05,gdp_construction_yoy,2026-06-30,107.43704178752104,insufficient,data
2026-10-06T15:32:05,export_yoy,2026-07-31,25.590081904262973,yellow,data
2026-10-06T15:32:05,cpi_yoy,2026-08-31,4.89,red,data
2026-10-06T15:32:05,cpi_avg_ytd,2026-07-31,4.393497411553593,yellow,data
2026-10-06T15:32:05,cpi_housing_yoy,2026-08-31,6.6,green,data
2026-10-06T15:32:05,fx_central,2026-08-10,25491.0,yellow,data
2026-10-06T15:32:05,fx_central_ytd,2026-08-10,1.4728713028939966,green,data
2026-10-06T15:32:05,deposit_12m_big4,2026-10-06,5.9,orange,data
2026-10-06T15:32:05,deposit_12m_all,2026-10-06,6.147368421052632,green,data
2026-10-06T15:32:05,interbank_on,2026-07-31,5.72,yellow,data
2026-10-06T15:32:05,refi_rate,2026-08-03,4.5,green,data
2026-10-06T15:32:05,govbond_10y,2026-07-31,4.464118,red,data
2026-10-06T15:32:05,real_rate,2026-08-31,1.010000000000001,yellow,data
2026-10-06T15:32:05,credit_ytd,2026-05-31,4.719252597353663,green,data
2026-10-06T15:32:05,credit_yoy,2026-05-31,16.837719328775336,green,data
2026-10-06T15:32:05,credit_construction_ytd,2026-05-31,5.860894457233434,green,data
2026-10-06T15:32:05,m2_ytd,2026-05-31,2.7283275723141154,green,data
2026-10-06T15:32:05,credit_minus_m2,2026-05-31,1.9909250250395472,green,data
2026-10-06T15:32:05,land_use_revenue,2024-12-31,217245.0,insufficient,data
2026-10-06T15:32:05,public_investment,2026-06-30,81430.19253,yellow,data
2026-10-06T15:32:05,public_investment_ytd_yoy,2026-06-30,13.475454350150606,green,data
2026-10-06T15:32:05,fdi_registered_ytd,2026-07-31,21045.97153151,red,data
2026-10-06T15:32:05,fdi_registered_ytd_yoy,2026-07-31,109.72732069382424,yellow,data
2026-10-06T15:32:05,pmi_vn,2026-08-31,53.3,green,data
2026-10-06T15:32:09,fed_upper,2026-10-05,4.0,green_strong,data
2026-10-06T15:32:09,fed_lower,2026-10-05,3.75,green,data
2026-10-06T15:32:09,effr,2026-10-02,3.88,green,data
2026-10-06T15:32:09,ust_2y,2026-10-02,4.83,green,data
2026-10-06T15:32:09,ust_10y,2026-10-02,5.28,red,data
2026-10-06T15:32:09,ust_10y2y,2026-10-05,0.47,yellow,data
2026-10-06T15:32:09,usd_broad,2026-10-02,121.3848,green,data
2026-10-06T15:32:09,dxy,2026-10-06,,green,data
2026-10-06T15:32:09,brent,2026-09-29,113.96,orange,data
2026-10-06T15:32:09,brent_futures,2026-10-06,,yellow,data
2026-10-06T15:32:09,copper,2026-10-05,,red,data
2026-10-06T15:32:09,copper_lme_stock,2026-10-05,,green,data
2026-10-06T15:32:09,copper_comex,2026-10-06,,red,data
2026-10-06T15:32:09,copper_imf,2026-07-31,13542.82086956522,red,data
2026-10-06T15:32:09,hy_spread,2026-10-02,3.1,green_strong,data
2026-10-06T15:32:09,breakeven_10y,2026-10-05,2.36,yellow,data
2026-10-06T15:32:09,vix,2026-10-02,15.31,yellow,data
2026-10-06T15:32:09,us_mortgage_30y,2026-10-01,7.28,yellow,data
2026-10-06T15:32:09,gdp_yoy_published,2026-06-30,8.39,yellow,data
2026-10-06T15:32:09,gdp_yoy,2026-06-30,89.72774377855093,insufficient,data
2026-10-06T15:32:09,gdp_realestate_yoy,2026-06-30,71.97617301993135,insufficient,data
2026-10-06T15:32:09,gdp_construction_yoy,2026-06-30,107.43704178752104,insufficient,data
2026-10-06T15:32:09,export_yoy,2026-07-31,25.590081904262973,yellow,data
2026-10-06T15:32:09,cpi_yoy,2026-08-31,4.89,red,data
2026-10-06T15:32:09,cpi_avg_ytd,2026-07-31,4.393497411553593,yellow,data
2026-10-06T15:32:09,cpi_housing_yoy,2026-08-31,6.6,green,data
2026-10-06T15:32:09,fx_central,2026-08-10,25491.0,yellow,data
2026-10-06T15:32:09,fx_central_ytd,2026-08-10,1.4728713028939966,green,data
2026-10-06T15:32:09,deposit_12m_big4,2026-10-06,5.9,orange,data
2026-10-06T15:32:09,deposit_12m_all,2026-10-06,6.147368421052632,green,data
2026-10-06T15:32:09,interbank_on,2026-07-31,5.72,yellow,data
2026-10-06T15:32:09,refi_rate,2026-08-03,4.5,green,data
2026-10-06T15:32:09,govbond_10y,2026-07-31,4.464118,red,data
2026-10-06T15:32:09,real_rate,2026-08-31,1.010000000000001,yellow,data
2026-10-06T15:32:09,credit_ytd,2026-05-31,4.719252597353663,green,data
2026-10-06T15:32:09,credit_yoy,2026-05-31,16.837719328775336,green,data
2026-10-06T15:32:09,credit_construction_ytd,2026-05-31,5.860894457233434,green,data
2026-10-06T15:32:09,m2_ytd,2026-05-31,2.7283275723141154,green,data
2026-10-06T15:32:09,credit_minus_m2,2026-05-31,1.9909250250395472,green,data
2026-10-06T15:32:09,land_use_revenue,2024-12-31,217245.0,insufficient,data
2026-10-06T15:32:09,public_investment,2026-06-30,81430.19253,yellow,data
2026-10-06T15:32:09,public_investment_ytd_yoy,2026-06-30,13.475454350150606,green,data
2026-10-06T15:32:09,fdi_registered_ytd,2026-07-31,21045.97153151,red,data
2026-10-06T15:32:09,fdi_registered_ytd_yoy,2026-07-31,109.72732069382424,yellow,data
2026-10-06T15:32:09,pmi_vn,2026-08-31,53.3,green,data
2026-10-06T15:32:12,fed_upper,2026-10-05,4.0,green_strong,data
2026-10-06T15:32:12,fed_lower,2026-10-05,3.75,green,data
2026-10-06T15:32:12,effr,2026-10-02,3.88,green,data
2026-10-06T15:32:12,ust_2y,2026-10-02,4.83,green,data
2026-10-06T15:32:12,ust_10y,2026-10-02,5.28,red,data
2026-10-06T15:32:12,ust_10y2y,2026-10-05,0.47,yellow,data
2026-10-06T15:32:12,usd_broad,2026-10-02,121.3848,green,data
2026-10-06T15:32:12,dxy,2026-10-06,,green,data
2026-10-06T15:32:12,brent,2026-09-29,113.96,orange,data
2026-10-06T15:32:12,brent_futures,2026-10-06,,yellow,data
2026-10-06T15:32:12,copper,2026-10-05,,red,data
2026-10-06T15:32:12,copper_lme_stock,2026-10-05,,green,data
2026-10-06T15:32:12,copper_comex,2026-10-06,,red,data
2026-10-06T15:32:12,copper_imf,2026-07-31,13542.82086956522,red,data
2026-10-06T15:32:12,hy_spread,2026-10-02,3.1,green_strong,data
2026-10-06T15:32:12,breakeven_10y,2026-10-05,2.36,yellow,data
2026-10-06T15:32:12,vix,2026-10-02,15.31,yellow,data
2026-10-06T15:32:12,us_mortgage_30y,2026-10-01,7.28,yellow,data
2026-10-06T15:32:12,gdp_yoy_published,2026-06-30,8.39,yellow,data
2026-10-06T15:32:12,gdp_yoy,2026-06-30,89.72774377855093,insufficient,data
2026-10-06T15:32:12,gdp_realestate_yoy,2026-06-30,71.97617301993135,insufficient,data
2026-10-06T15:32:12,gdp_construction_yoy,2026-06-30,107.43704178752104,insufficient,data
2026-10-06T15:32:12,export_yoy,2026-07-31,25.590081904262973,yellow,data
2026-10-06T15:32:12,cpi_yoy,2026-08-31,4.89,red,data
2026-10-06T15:32:12,cpi_avg_ytd,2026-07-31,4.393497411553593,yellow,data
2026-10-06T15:32:12,cpi_housing_yoy,2026-08-31,6.6,green,data
2026-10-06T15:32:12,fx_central,2026-08-10,25491.0,yellow,data
2026-10-06T15:32:12,fx_central_ytd,2026-08-10,1.4728713028939966,green,data
2026-10-06T15:32:12,deposit_12m_big4,2026-10-06,5.9,orange,data
2026-10-06T15:32:12,deposit_12m_all,2026-10-06,6.147368421052632,green,data
2026-10-06T15:32:12,interbank_on,2026-07-31,5.72,yellow,data
2026-10-06T15:32:12,refi_rate,2026-08-03,4.5,green,data
2026-10-06T15:32:12,govbond_10y,2026-07-31,4.464118,red,data
2026-10-06T15:32:12,real_rate,2026-08-31,1.010000000000001,yellow,data
2026-10-06T15:32:12,credit_ytd,2026-05-31,4.719252597353663,green,data
2026-10-06T15:32:12,credit_yoy,2026-05-31,16.837719328775336,green,data
2026-10-06T15:32:12,credit_construction_ytd,2026-05-31,5.860894457233434,green,data
2026-10-06T15:32:12,m2_ytd,2026-05-31,2.7283275723141154,green,data
2026-10-06T15:32:12,credit_minus_m2,2026-05-31,1.9909250250395472,green,data
2026-10-06T15:32:12,land_use_revenue,2024-12-31,217245.0,insufficient,data
2026-10-06T15:32:12,public_investment,2026-06-30,81430.19253,yellow,data
2026-10-06T15:32:12,public_investment_ytd_yoy,2026-06-30,13.475454350150606,green,data
2026-10-06T15:32:12,fdi_registered_ytd,2026-07-31,21045.97153151,red,data
2026-10-06T15:32:12,fdi_registered_ytd_yoy,2026-07-31,109.72732069382424,yellow,data
2026-10-06T15:32:12,pmi_vn,2026-08-31,53.3,green,data
2026-10-06T15:32:15,fed_upper,2026-10-05,4.0,green_strong,data
2026-10-06T15:32:15,fed_lower,2026-10-05,3.75,green,data
2026-10-06T15:32:15,effr,2026-10-02,3.88,green,data
2026-10-06T15:32:15,ust_2y,2026-10-02,4.83,green,data
2026-10-06T15:32:15,ust_10y,2026-10-02,5.28,red,data
2026-10-06T15:32:15,ust_10y2y,2026-10-05,0.47,yellow,data
2026-10-06T15:32:15,usd_broad,2026-10-02,121.3848,green,data
2026-10-06T15:32:15,dxy,2026-10-06,,green,data
2026-10-06T15:32:15,brent,2026-09-29,113.96,orange,data
2026-10-06T15:32:15,brent_futures,2026-10-06,,yellow,data
2026-10-06T15:32:15,copper,2026-10-05,,red,data
2026-10-06T15:32:15,copper_lme_stock,2026-10-05,,green,data
2026-10-06T15:32:15,copper_comex,2026-10-06,,red,data
2026-10-06T15:32:15,copper_imf,2026-07-31,13542.82086956522,red,data
2026-10-06T15:32:15,hy_spread,2026-10-02,3.1,green_strong,data
2026-10-06T15:32:15,breakeven_10y,2026-10-05,2.36,yellow,data
2026-10-06T15:32:15,vix,2026-10-02,15.31,yellow,data
2026-10-06T15:32:15,us_mortgage_30y,2026-10-01,7.28,yellow,data
2026-10-06T15:32:15,gdp_yoy_published,2026-06-30,8.39,yellow,data
2026-10-06T15:32:15,gdp_yoy,2026-06-30,89.72774377855093,insufficient,data
2026-10-06T15:32:15,gdp_realestate_yoy,2026-06-30,71.97617301993135,insufficient,data
2026-10-06T15:32:15,gdp_construction_yoy,2026-06-30,107.43704178752104,insufficient,data
2026-10-06T15:32:15,export_yoy,2026-07-31,25.590081904262973,yellow,data
2026-10-06T15:32:15,cpi_yoy,2026-08-31,4.89,red,data
2026-10-06T15:32:15,cpi_avg_ytd,2026-07-31,4.393497411553593,yellow,data
2026-10-06T15:32:15,cpi_housing_yoy,2026-08-31,6.6,green,data
2026-10-06T15:32:15,fx_central,2026-08-10,25491.0,yellow,data
2026-10-06T15:32:15,fx_central_ytd,2026-08-10,1.4728713028939966,green,data
2026-10-06T15:32:15,deposit_12m_big4,2026-10-06,5.9,orange,data
2026-10-06T15:32:15,deposit_12m_all,2026-10-06,6.147368421052632,green,data
2026-10-06T15:32:15,interbank_on,2026-07-31,5.72,yellow,data
2026-10-06T15:32:15,refi_rate,2026-08-03,4.5,green,data
2026-10-06T15:32:15,govbond_10y,2026-07-31,4.464118,red,data
2026-10-06T15:32:15,real_rate,2026-08-31,1.010000000000001,yellow,data
2026-10-06T15:32:15,credit_ytd,2026-05-31,4.719252597353663,green,data
2026-10-06T15:32:15,credit_yoy,2026-05-31,16.837719328775336,green,data
2026-10-06T15:32:15,credit_construction_ytd,2026-05-31,5.860894457233434,green,data
2026-10-06T15:32:15,m2_ytd,2026-05-31,2.7283275723141154,green,data
2026-10-06T15:32:15,credit_minus_m2,2026-05-31,1.9909250250395472,green,data
2026-10-06T15:32:15,land_use_revenue,2024-12-31,217245.0,insufficient,data
2026-10-06T15:32:15,public_investment,2026-06-30,81430.19253,yellow,data
2026-10-06T15:32:15,public_investment_ytd_yoy,2026-06-30,13.475454350150606,green,data
2026-10-06T15:32:15,fdi_registered_ytd,2026-07-31,21045.97153151,red,data
2026-10-06T15:32:15,fdi_registered_ytd_yoy,2026-07-31,109.72732069382424,yellow,data
2026-10-06T15:32:15,pmi_vn,2026-08-31,53.3,green,data
2026-10-06T15:32:18,fed_upper,2026-10-05,4.0,green_strong,data
2026-10-06T15:32:18,fed_lower,2026-10-05,3.75,green,data
2026-10-06T15:32:18,effr,2026-10-02,3.88,green,data
2026-10-06T15:32:18,ust_2y,2026-10-02,4.83,green,data
2026-10-06T15:32:18,ust_10y,2026-10-02,5.28,red,data
2026-10-06T15:32:18,ust_10y2y,2026-10-05,0.47,yellow,data
2026-10-06T15:32:18,usd_broad,2026-10-02,121.3848,green,data
2026-10-06T15:32:18,dxy,2026-10-06,,green,data
2026-10-06T15:32:18,brent,2026-09-29,113.96,orange,data
2026-10-06T15:32:18,brent_futures,2026-10-06,,yellow,data
2026-10-06T15:32:18,copper,2026-10-05,,red,data
2026-10-06T15:32:18,copper_lme_stock,2026-10-05,,green,data
2026-10-06T15:32:18,copper_comex,2026-10-06,,red,data
2026-10-06T15:32:18,copper_imf,2026-07-31,13542.82086956522,red,data
2026-10-06T15:32:18,hy_spread,2026-10-02,3.1,green_strong,data
2026-10-06T15:32:18,breakeven_10y,2026-10-05,2.36,yellow,data
2026-10-06T15:32:18,vix,2026-10-02,15.31,yellow,data
2026-10-06T15:32:18,us_mortgage_30y,2026-10-01,7.28,yellow,data
2026-10-06T15:32:18,gdp_yoy_published,2026-06-30,8.39,yellow,data
2026-10-06T15:32:18,gdp_yoy,2026-06-30,89.72774377855093,insufficient,data
2026-10-06T15:32:18,gdp_realestate_yoy,2026-06-30,71.97617301993135,insufficient,data
2026-10-06T15:32:18,gdp_construction_yoy,2026-06-30,107.43704178752104,insufficient,data
2026-10-06T15:32:18,export_yoy,2026-07-31,25.590081904262973,yellow,data
2026-10-06T15:32:18,cpi_yoy,2026-08-31,4.89,red,data
2026-10-06T15:32:18,cpi_avg_ytd,2026-07-31,4.393497411553593,yellow,data
2026-10-06T15:32:18,cpi_housing_yoy,2026-08-31,6.6,green,data
2026-10-06T15:32:18,fx_central,2026-08-10,25491.0,yellow,data
2026-10-06T15:32:18,fx_central_ytd,2026-08-10,1.4728713028939966,green,data
2026-10-06T15:32:18,deposit_12m_big4,2026-10-06,5.9,orange,data
2026-10-06T15:32:18,deposit_12m_all,2026-10-06,6.147368421052632,green,data
2026-10-06T15:32:18,interbank_on,2026-07-31,5.72,yellow,data
2026-10-06T15:32:18,refi_rate,2026-08-03,4.5,green,data
2026-10-06T15:32:18,govbond_10y,2026-07-31,4.464118,red,data
2026-10-06T15:32:18,real_rate,2026-08-31,1.010000000000001,yellow,data
2026-10-06T15:32:18,credit_ytd,2026-05-31,4.719252597353663,green,data
2026-10-06T15:32:18,credit_yoy,2026-05-31,16.837719328775336,green,data
2026-10-06T15:32:18,credit_construction_ytd,2026-05-31,5.860894457233434,green,data
2026-10-06T15:32:18,m2_ytd,2026-05-31,2.7283275723141154,green,data
2026-10-06T15:32:18,credit_minus_m2,2026-05-31,1.9909250250395472,green,data
2026-10-06T15:32:18,land_use_revenue,2024-12-31,217245.0,insufficient,data
2026-10-06T15:32:18,public_investment,2026-06-30,81430.19253,yellow,data
2026-10-06T15:32:18,public_investment_ytd_yoy,2026-06-30,13.475454350150606,green,data
2026-10-06T15:32:18,fdi_registered_ytd,2026-07-31,21045.97153151,red,data
2026-10-06T15:32:18,fdi_registered_ytd_yoy,2026-07-31,109.72732069382424,yellow,data
2026-10-06T15:32:18,pmi_vn,2026-08-31,53.3,green,data
2026-10-06T15:32:21,fed_upper,2026-10-05,4.0,green_strong,data
2026-10-06T15:32:21,fed_lower,2026-10-05,3.75,green,data
2026-10-06T15:32:21,effr,2026-10-02,3.88,green,data
2026-10-06T15:32:21,ust_2y,2026-10-02,4.83,green,data
2026-10-06T15:32:21,ust_10y,2026-10-02,5.28,red,data
2026-10-06T15:32:21,ust_10y2y,2026-10-05,0.47,yellow,data
2026-10-06T15:32:21,usd_broad,2026-10-02,121.3848,green,data
2026-10-06T15:32:21,dxy,2026-10-06,,green,data
2026-10-06T15:32:21,brent,2026-09-29,113.96,orange,data
2026-10-06T15:32:21,brent_futures,2026-10-06,,yellow,data
2026-10-06T15:32:21,copper,2026-10-05,,red,data
2026-10-06T15:32:21,copper_lme_stock,2026-10-05,,green,data
2026-10-06T15:32:21,copper_comex,2026-10-06,,red,data
2026-10-06T15:32:21,copper_imf,2026-07-31,13542.82086956522,red,data
2026-10-06T15:32:21,hy_spread,2026-10-02,3.1,green_strong,data
2026-10-06T15:32:21,breakeven_10y,2026-10-05,2.36,yellow,data
2026-10-06T15:32:21,vix,2026-10-02,15.31,yellow,data
2026-10-06T15:32:21,us_mortgage_30y,2026-10-01,7.28,yellow,data
2026-10-06T15:32:21,gdp_yoy_published,2026-06-30,8.39,yellow,data
2026-10-06T15:32:21,gdp_yoy,2026-06-30,89.72774377855093,insufficient,data
2026-10-06T15:32:21,gdp_realestate_yoy,2026-06-30,71.97617301993135,insufficient,data
2026-10-06T15:32:21,gdp_construction_yoy,2026-06-30,107.43704178752104,insufficient,data
2026-10-06T15:32:21,export_yoy,2026-07-31,25.590081904262973,yellow,data
2026-10-06T15:32:21,cpi_yoy,2026-08-31,4.89,red,data
2026-10-06T15:32:21,cpi_avg_ytd,2026-07-31,4.393497411553593,yellow,data
2026-10-06T15:32:21,cpi_housing_yoy,2026-08-31,6.6,green,data
2026-10-06T15:32:21,fx_central,2026-08-10,25491.0,yellow,data
2026-10-06T15:32:21,fx_central_ytd,2026-08-10,1.4728713028939966,green,data
2026-10-06T15:32:21,deposit_12m_big4,2026-10-06,5.9,orange,data
2026-10-06T15:32:21,deposit_12m_all,2026-10-06,6.147368421052632,green,data
2026-10-06T15:32:21,interbank_on,2026-07-31,5.72,yellow,data
2026-10-06T15:32:21,refi_rate,2026-08-03,4.5,green,data
2026-10-06T15:32:21,govbond_10y,2026-07-31,4.464118,red,data
2026-10-06T15:32:21,real_rate,2026-08-31,1.010000000000001,yellow,data
2026-10-06T15:32:21,credit_ytd,2026-05-31,4.719252597353663,green,data
2026-10-06T15:32:21,credit_yoy,2026-05-31,16.837719328775336,green,data
2026-10-06T15:32:21,credit_construction_ytd,2026-05-31,5.860894457233434,green,data
2026-10-06T15:32:21,m2_ytd,2026-05-31,2.7283275723141154,green,data
2026-10-06T15:32:21,credit_minus_m2,2026-05-31,1.9909250250395472,green,data
2026-10-06T15:32:21,land_use_revenue,2024-12-31,217245.0,insufficient,data
2026-10-06T15:32:21,public_investment,2026-06-30,81430.19253,yellow,data
2026-10-06T15:32:21,public_investment_ytd_yoy,2026-06-30,13.475454350150606,green,data
2026-10-06T15:32:21,fdi_registered_ytd,2026-07-31,21045.97153151,red,data
2026-10-06T15:32:21,fdi_registered_ytd_yoy,2026-07-31,109.72732069382424,yellow,data
2026-10-06T15:32:21,pmi_vn,2026-08-31,53.3,green,data
2026-10-06T15:32:23,fed_upper,2026-10-05,4.0,green_strong,data
2026-10-06T15:32:23,fed_lower,2026-10-05,3.75,green,data
2026-10-06T15:32:23,effr,2026-10-02,3.88,green,data
2026-10-06T15:32:23,ust_2y,2026-10-02,4.83,green,data
2026-10-06T15:32:23,ust_10y,2026-10-02,5.28,red,data
2026-10-06T15:32:23,ust_10y2y,2026-10-05,0.47,yellow,data
2026-10-06T15:32:23,usd_broad,2026-10-02,121.3848,green,data
2026-10-06T15:32:23,dxy,2026-10-06,,green,data
2026-10-06T15:32:23,brent,2026-09-29,113.96,orange,data
2026-10-06T15:32:23,brent_futures,2026-10-06,,yellow,data
2026-10-06T15:32:23,copper,2026-10-05,,red,data
2026-10-06T15:32:23,copper_lme_stock,2026-10-05,,green,data
2026-10-06T15:32:23,copper_comex,2026-10-06,,red,data
2026-10-06T15:32:23,copper_imf,2026-07-31,13542.82086956522,red,data
2026-10-06T15:32:23,hy_spread,2026-10-02,3.1,green_strong,data
2026-10-06T15:32:23,breakeven_10y,2026-10-05,2.36,yellow,data
2026-10-06T15:32:23,vix,2026-10-02,15.31,yellow,data
2026-10-06T15:32:23,us_mortgage_30y,2026-10-01,7.28,yellow,data
2026-10-06T15:32:23,gdp_yoy_published,2026-06-30,8.39,yellow,data
2026-10-06T15:32:23,gdp_yoy,2026-06-30,89.72774377855093,insufficient,data
2026-10-06T15:32:23,gdp_realestate_yoy,2026-06-30,71.97617301993135,insufficient,data
2026-10-06T15:32:23,gdp_construction_yoy,2026-06-30,107.43704178752104,insufficient,data
2026-10-06T15:32:23,export_yoy,2026-07-31,25.590081904262973,yellow,data
2026-10-06T15:32:23,cpi_yoy,2026-08-31,4.89,red,data
2026-10-06T15:32:23,cpi_avg_ytd,2026-07-31,4.393497411553593,yellow,data
2026-10-06T15:32:23,cpi_housing_yoy,2026-08-31,6.6,green,data
2026-10-06T15:32:23,fx_central,2026-08-10,25491.0,yellow,data
2026-10-06T15:32:23,fx_central_ytd,2026-08-10,1.4728713028939966,green,data
2026-10-06T15:32:23,deposit_12m_big4,2026-10-06,5.9,orange,data
2026-10-06T15:32:23,deposit_12m_all,2026-10-06,6.147368421052632,green,data
2026-10-06T15:32:23,interbank_on,2026-07-31,5.72,yellow,data
2026-10-06T15:32:23,refi_rate,2026-08-03,4.5,green,data
2026-10-06T15:32:23,govbond_10y,2026-07-31,4.464118,red,data
2026-10-06T15:32:23,real_rate,2026-08-31,1.010000000000001,yellow,data
2026-10-06T15:32:23,credit_ytd,2026-05-31,4.719252597353663,green,data
2026-10-06T15:32:23,credit_yoy,2026-05-31,16.837719328775336,green,data
2026-10-06T15:32:23,credit_construction_ytd,2026-05-31,5.860894457233434,green,data
2026-10-06T15:32:23,m2_ytd,2026-05-31,2.7283275723141154,green,data
2026-10-06T15:32:23,credit_minus_m2,2026-05-31,1.9909250250395472,green,data
2026-10-06T15:32:23,land_use_revenue,2024-12-31,217245.0,insufficient,data
2026-10-06T15:32:23,public_investment,2026-06-30,81430.19253,yellow,data
2026-10-06T15:32:23,public_investment_ytd_yoy,2026-06-30,13.475454350150606,green,data
2026-10-06T15:32:23,fdi_registered_ytd,2026-07-31,21045.97153151,red,data
2026-10-06T15:32:23,fdi_registered_ytd_yoy,2026-07-31,109.72732069382424,yellow,data
2026-10-06T15:32:23,pmi_vn,2026-08-31,53.3,green,data
2026-10-06T15:32:26,fed_upper,2026-10-05,4.0,green_strong,data
2026-10-06T15:32:26,fed_lower,2026-10-05,3.75,green,data
2026-10-06T15:32:26,effr,2026-10-02,3.88,green,data
2026-10-06T15:32:26,ust_2y,2026-10-02,4.83,green,data
2026-10-06T15:32:26,ust_10y,2026-10-02,5.28,red,data
2026-10-06T15:32:26,ust_10y2y,2026-10-05,0.47,yellow,data
2026-10-06T15:32:26,usd_broad,2026-10-02,121.3848,green,data
2026-10-06T15:32:26,dxy,2026-10-06,,green,data
2026-10-06T15:32:26,brent,2026-09-29,113.96,orange,data
2026-10-06T15:32:26,brent_futures,2026-10-06,,yellow,data
2026-10-06T15:32:26,copper,2026-10-05,,red,data
2026-10-06T15:32:26,copper_lme_stock,2026-10-05,,green,data
2026-10-06T15:32:26,copper_comex,2026-10-06,,red,data
2026-10-06T15:32:26,copper_imf,2026-07-31,13542.82086956522,red,data
2026-10-06T15:32:26,hy_spread,2026-10-02,3.1,green_strong,data
2026-10-06T15:32:26,breakeven_10y,2026-10-05,2.36,yellow,data
2026-10-06T15:32:26,vix,2026-10-02,15.31,yellow,data
2026-10-06T15:32:26,us_mortgage_30y,2026-10-01,7.28,yellow,data
2026-10-06T15:32:26,gdp_yoy_published,2026-06-30,8.39,yellow,data
2026-10-06T15:32:26,gdp_yoy,2026-06-30,89.72774377855093,insufficient,data
2026-10-06T15:32:26,gdp_realestate_yoy,2026-06-30,71.97617301993135,insufficient,data
2026-10-06T15:32:26,gdp_construction_yoy,2026-06-30,107.43704178752104,insufficient,data
2026-10-06T15:32:26,export_yoy,2026-07-31,25.590081904262973,yellow,data
2026-10-06T15:32:26,cpi_yoy,2026-08-31,4.89,red,data
2026-10-06T15:32:26,cpi_avg_ytd,2026-07-31,4.393497411553593,yellow,data
2026-10-06T15:32:26,cpi_housing_yoy,2026-08-31,6.6,green,data
2026-10-06T15:32:26,fx_central,2026-08-10,25491.0,yellow,data
2026-10-06T15:32:26,fx_central_ytd,2026-08-10,1.4728713028939966,green,data
2026-10-06T15:32:26,deposit_12m_big4,2026-10-06,5.9,orange,data
2026-10-06T15:32:26,deposit_12m_all,2026-10-06,6.147368421052632,green,data
2026-10-06T15:32:26,interbank_on,2026-07-31,5.72,yellow,data
2026-10-06T15:32:26,refi_rate,2026-08-03,4.5,green,data
2026-10-06T15:32:26,govbond_10y,2026-07-31,4.464118,red,data
2026-10-06T15:32:26,real_rate,2026-08-31,1.010000000000001,yellow,data
2026-10-06T15:32:26,credit_ytd,2026-05-31,4.719252597353663,green,data
2026-10-06T15:32:26,credit_yoy,2026-05-31,16.837719328775336,green,data
2026-10-06T15:32:26,credit_construction_ytd,2026-05-31,5.860894457233434,green,data
2026-10-06T15:32:26,m2_ytd,2026-05-31,2.7283275723141154,green,data
2026-10-06T15:32:26,credit_minus_m2,2026-05-31,1.9909250250395472,green,data
2026-10-06T15:32:26,land_use_revenue,2024-12-31,217245.0,insufficient,data
2026-10-06T15:32:26,public_investment,2026-06-30,81430.19253,yellow,data
2026-10-06T15:32:26,public_investment_ytd_yoy,2026-06-30,13.475454350150606,green,data
2026-10-06T15:32:26,fdi_registered_ytd,2026-07-31,21045.97153151,red,data
2026-10-06T15:32:26,fdi_registered_ytd_yoy,2026-07-31,109.72732069382424,yellow,data
2026-10-06T15:32:26,pmi_vn,2026-08-31,53.3,green,data
2026-10-06T15:32:29,fed_upper,2026-10-05,4.0,green_strong,data
2026-10-06T15:32:29,fed_lower,2026-10-05,3.75,green,data
2026-10-06T15:32:29,effr,2026-10-02,3.88,green,data
2026-10-06T15:32:29,ust_2y,2026-10-02,4.83,green,data
2026-10-06T15:32:29,ust_10y,2026-10-02,5.28,red,data
2026-10-06T15:32:29,ust_10y2y,2026-10-05,0.47,yellow,data
2026-10-06T15:32:29,usd_broad,2026-10-02,121.3848,green,data
2026-10-06T15:32:29,dxy,2026-10-06,,green,data
2026-10-06T15:32:29,brent,2026-09-29,113.96,orange,data
2026-10-06T15:32:29,brent_futures,2026-10-06,,yellow,data
2026-10-06T15:32:29,copper,2026-10-05,,red,data
2026-10-06T15:32:29,copper_lme_stock,2026-10-05,,green,data
2026-10-06T15:32:29,copper_comex,2026-10-06,,red,data
2026-10-06T15:32:29,copper_imf,2026-07-31,13542.82086956522,red,data
2026-10-06T15:32:29,hy_spread,2026-10-02,3.1,green_strong,data
2026-10-06T15:32:29,breakeven_10y,2026-10-05,2.36,yellow,data
2026-10-06T15:32:29,vix,2026-10-02,15.31,yellow,data
2026-10-06T15:32:29,us_mortgage_30y,2026-10-01,7.28,yellow,data
2026-10-06T15:32:29,gdp_yoy_published,2026-06-30,8.39,yellow,data
2026-10-06T15:32:29,gdp_yoy,2026-06-30,89.72774377855093,insufficient,data
2026-10-06T15:32:29,gdp_realestate_yoy,2026-06-30,71.97617301993135,insufficient,data
2026-10-06T15:32:29,gdp_construction_yoy,2026-06-30,107.43704178752104,insufficient,data
2026-10-06T15:32:29,export_yoy,2026-07-31,25.590081904262973,yellow,data
2026-10-06T15:32:29,cpi_yoy,2026-08-31,4.89,red,data
2026-10-06T15:32:29,cpi_avg_ytd,2026-07-31,4.393497411553593,yellow,data
2026-10-06T15:32:29,cpi_housing_yoy,2026-08-31,6.6,green,data
2026-10-06T15:32:29,fx_central,2026-08-10,25491.0,yellow,data
2026-10-06T15:32:29,fx_central_ytd,2026-08-10,1.4728713028939966,green,data
2026-10-06T15:32:29,deposit_12m_big4,2026-10-06,5.9,orange,data
2026-10-06T15:32:29,deposit_12m_all,2026-10-06,6.147368421052632,green,data
2026-10-06T15:32:29,interbank_on,2026-07-31,5.72,yellow,data
2026-10-06T15:32:29,refi_rate,2026-08-03,4.5,green,data
2026-10-06T15:32:29,govbond_10y,2026-07-31,4.464118,red,data
2026-10-06T15:32:29,real_rate,2026-08-31,1.010000000000001,yellow,data
2026-10-06T15:32:29,credit_ytd,2026-05-31,4.719252597353663,green,data
2026-10-06T15:32:29,credit_yoy,2026-05-31,16.837719328775336,green,data
2026-10-06T15:32:29,credit_construction_ytd,2026-05-31,5.860894457233434,green,data
2026-10-06T15:32:29,m2_ytd,2026-05-31,2.7283275723141154,green,data
2026-10-06T15:32:29,credit_minus_m2,2026-05-31,1.9909250250395472,green,data
2026-10-06T15:32:29,land_use_revenue,2024-12-31,217245.0,insufficient,data
2026-10-06T15:32:29,public_investment,2026-06-30,81430.19253,yellow,data
2026-10-06T15:32:29,public_investment_ytd_yoy,2026-06-30,13.475454350150606,green,data
2026-10-06T15:32:29,fdi_registered_ytd,2026-07-31,21045.97153151,red,data
2026-10-06T15:32:29,fdi_registered_ytd_yoy,2026-07-31,109.72732069382424,yellow,data
2026-10-06T15:32:29,pmi_vn,2026-08-31,53.3,green,data
2026-10-06T15:32:31,fed_upper,2026-10-05,4.0,green_strong,data
2026-10-06T15:32:31,fed_lower,2026-10-05,3.75,green,data
2026-10-06T15:32:31,effr,2026-10-02,3.88,green,data
2026-10-06T15:32:31,ust_2y,2026-10-02,4.83,green,data
2026-10-06T15:32:31,ust_10y,2026-10-02,5.28,red,data
2026-10-06T15:32:31,ust_10y2y,2026-10-05,0.47,yellow,data
2026-10-06T15:32:31,usd_broad,2026-10-02,121.3848,green,data
2026-10-06T15:32:31,dxy,2026-10-06,,green,data
2026-10-06T15:32:31,brent,2026-09-29,113.96,orange,data
2026-10-06T15:32:31,brent_futures,2026-10-06,,yellow,data
2026-10-06T15:32:31,copper,2026-10-05,,red,data
2026-10-06T15:32:31,copper_lme_stock,2026-10-05,,green,data
2026-10-06T15:32:31,copper_comex,2026-10-06,,red,data
2026-10-06T15:32:31,copper_imf,2026-07-31,13542.82086956522,red,data
2026-10-06T15:32:31,hy_spread,2026-10-02,3.1,green_strong,data
2026-10-06T15:32:31,breakeven_10y,2026-10-05,2.36,yellow,data
2026-10-06T15:32:31,vix,2026-10-02,15.31,yellow,data
2026-10-06T15:32:31,us_mortgage_30y,2026-10-01,7.28,yellow,data
2026-10-06T15:32:31,gdp_yoy_published,2026-06-30,8.39,yellow,data
2026-10-06T15:32:31,gdp_yoy,2026-06-30,89.72774377855093,insufficient,data
2026-10-06T15:32:31,gdp_realestate_yoy,2026-06-30,71.97617301993135,insufficient,data
2026-10-06T15:32:31,gdp_construction_yoy,2026-06-30,107.43704178752104,insufficient,data
2026-10-06T15:32:31,export_yoy,2026-07-31,25.590081904262973,yellow,data
2026-10-06T15:32:31,cpi_yoy,2026-08-31,4.89,red,data
2026-10-06T15:32:31,cpi_avg_ytd,2026-07-31,4.393497411553593,yellow,data
2026-10-06T15:32:31,cpi_housing_yoy,2026-08-31,6.6,green,data
2026-10-06T15:32:31,fx_central,2026-08-10,25491.0,yellow,data
2026-10-06T15:32:31,fx_central_ytd,2026-08-10,1.4728713028939966,green,data
2026-10-06T15:32:31,deposit_12m_big4,2026-10-06,5.9,orange,data
2026-10-06T15:32:31,deposit_12m_all,2026-10-06,6.147368421052632,green,data
2026-10-06T15:32:31,interbank_on,2026-07-31,5.72,yellow,data
2026-10-06T15:32:31,refi_rate,2026-08-03,4.5,green,data
2026-10-06T15:32:31,govbond_10y,2026-07-31,4.464118,red,data
2026-10-06T15:32:31,real_rate,2026-08-31,1.010000000000001,yellow,data
2026-10-06T15:32:31,credit_ytd,2026-05-31,4.719252597353663,green,data
2026-10-06T15:32:31,credit_yoy,2026-05-31,16.837719328775336,green,data
2026-10-06T15:32:31,credit_construction_ytd,2026-05-31,5.860894457233434,green,data
2026-10-06T15:32:31,m2_ytd,2026-05-31,2.7283275723141154,green,data
2026-10-06T15:32:31,credit_minus_m2,2026-05-31,1.9909250250395472,green,data
2026-10-06T15:32:31,land_use_revenue,2024-12-31,217245.0,insufficient,data
2026-10-06T15:32:31,public_investment,2026-06-30,81430.19253,yellow,data
2026-10-06T15:32:31,public_investment_ytd_yoy,2026-06-30,13.475454350150606,green,data
2026-10-06T15:32:31,fdi_registered_ytd,2026-07-31,21045.97153151,red,data
2026-10-06T15:32:31,fdi_registered_ytd_yoy,2026-07-31,109.72732069382424,yellow,data
2026-10-06T15:32:31,pmi_vn,2026-08-31,53.3,green,data
2026-10-06T15:32:34,fed_upper,2026-10-05,4.0,green_strong,data
2026-10-06T15:32:34,fed_lower,2026-10-05,3.75,green,data
2026-10-06T15:32:34,effr,2026-10-02,3.88,green,data
2026-10-06T15:32:34,ust_2y,2026-10-02,4.83,green,data
2026-10-06T15:32:34,ust_10y,2026-10-02,5.28,red,data
2026-10-06T15:32:34,ust_10y2y,2026-10-05,0.47,yellow,data
2026-10-06T15:32:34,usd_broad,2026-10-02,121.3848,green,data
2026-10-06T15:32:34,dxy,2026-10-06,,green,data
2026-10-06T15:32:34,brent,2026-09-29,113.96,orange,data
2026-10-06T15:32:34,brent_futures,2026-10-06,,yellow,data
2026-10-06T15:32:34,copper,2026-10-05,,red,data
2026-10-06T15:32:34,copper_lme_stock,2026-10-05,,green,data
2026-10-06T15:32:34,copper_comex,2026-10-06,,red,data
2026-10-06T15:32:34,copper_imf,2026-07-31,13542.82086956522,red,data
2026-10-06T15:32:34,hy_spread,2026-10-02,3.1,green_strong,data
2026-10-06T15:32:34,breakeven_10y,2026-10-05,2.36,yellow,data
2026-10-06T15:32:34,vix,2026-10-02,15.31,yellow,data
2026-10-06T15:32:34,us_mortgage_30y,2026-10-01,7.28,yellow,data
2026-10-06T15:32:34,gdp_yoy_published,2026-06-30,8.39,yellow,data
2026-10-06T15:32:34,gdp_yoy,2026-06-30,89.72774377855093,insufficient,data
2026-10-06T15:32:34,gdp_realestate_yoy,2026-06-30,71.97617301993135,insufficient,data
2026-10-06T15:32:34,gdp_construction_yoy,2026-06-30,107.43704178752104,insufficient,data
2026-10-06T15:32:34,export_yoy,2026-07-31,25.590081904262973,yellow,data
2026-10-06T15:32:34,cpi_yoy,2026-08-31,4.89,red,data
2026-10-06T15:32:34,cpi_avg_ytd,2026-07-31,4.393497411553593,yellow,data
2026-10-06T15:32:34,cpi_housing_yoy,2026-08-31,6.6,green,data
2026-10-06T15:32:34,fx_central,2026-08-10,25491.0,yellow,data
2026-10-06T15:32:34,fx_central_ytd,2026-08-10,1.4728713028939966,green,data
2026-10-06T15:32:34,deposit_12m_big4,2026-10-06,5.9,orange,data
2026-10-06T15:32:34,deposit_12m_all,2026-10-06,6.147368421052632,green,data
2026-10-06T15:32:34,interbank_on,2026-07-31,5.72,yellow,data
2026-10-06T15:32:34,refi_rate,2026-08-03,4.5,green,data
2026-10-06T15:32:34,govbond_10y,2026-07-31,4.464118,red,data
2026-10-06T15:32:34,real_rate,2026-08-31,1.010000000000001,yellow,data
2026-10-06T15:32:34,credit_ytd,2026-05-31,4.719252597353663,green,data
2026-10-06T15:32:34,credit_yoy,2026-05-31,16.837719328775336,green,data
2026-10-06T15:32:34,credit_construction_ytd,2026-05-31,5.860894457233434,green,data
2026-10-06T15:32:34,m2_ytd,2026-05-31,2.7283275723141154,green,data
2026-10-06T15:32:34,credit_minus_m2,2026-05-31,1.9909250250395472,green,data
2026-10-06T15:32:34,land_use_revenue,2024-12-31,217245.0,insufficient,data
2026-10-06T15:32:34,public_investment,2026-06-30,81430.19253,yellow,data
2026-10-06T15:32:34,public_investment_ytd_yoy,2026-06-30,13.475454350150606,green,data
2026-10-06T15:32:34,fdi_registered_ytd,2026-07-31,21045.97153151,red,data
2026-10-06T15:32:34,fdi_registered_ytd_yoy,2026-07-31,109.72732069382424,yellow,data
2026-10-06T15:32:34,pmi_vn,2026-08-31,53.3,green,data
2026-10-06T15:32:37,fed_upper,2026-10-05,4.0,green_strong,data
2026-10-06T15:32:37,fed_lower,2026-10-05,3.75,green,data
2026-10-06T15:32:37,effr,2026-10-02,3.88,green,data
2026-10-06T15:32:37,ust_2y,2026-10-02,4.83,green,data
2026-10-06T15:32:37,ust_10y,2026-10-02,5.28,red,data
2026-10-06T15:32:37,ust_10y2y,2026-10-05,0.47,yellow,data
2026-10-06T15:32:37,usd_broad,2026-10-02,121.3848,green,data
2026-10-06T15:32:37,dxy,2026-10-06,,green,data
2026-10-06T15:32:37,brent,2026-09-29,113.96,orange,data
2026-10-06T15:32:37,brent_futures,2026-10-06,,yellow,data
2026-10-06T15:32:37,copper,2026-10-05,,red,data
2026-10-06T15:32:37,copper_lme_stock,2026-10-05,,green,data
2026-10-06T15:32:37,copper_comex,2026-10-06,,red,data
2026-10-06T15:32:37,copper_imf,2026-07-31,13542.82086956522,red,data
2026-10-06T15:32:37,hy_spread,2026-10-02,3.1,green_strong,data
2026-10-06T15:32:37,breakeven_10y,2026-10-05,2.36,yellow,data
2026-10-06T15:32:37,vix,2026-10-02,15.31,yellow,data
2026-10-06T15:32:37,us_mortgage_30y,2026-10-01,7.28,yellow,data
2026-10-06T15:32:37,gdp_yoy_published,2026-06-30,8.39,yellow,data
2026-10-06T15:32:37,gdp_yoy,2026-06-30,89.72774377855093,insufficient,data
2026-10-06T15:32:37,gdp_realestate_yoy,2026-06-30,71.97617301993135,insufficient,data
2026-10-06T15:32:37,gdp_construction_yoy,2026-06-30,107.43704178752104,insufficient,data
2026-10-06T15:32:37,export_yoy,2026-07-31,25.590081904262973,yellow,data
2026-10-06T15:32:37,cpi_yoy,2026-08-31,4.89,red,data
2026-10-06T15:32:37,cpi_avg_ytd,2026-07-31,4.393497411553593,yellow,data
2026-10-06T15:32:37,cpi_housing_yoy,2026-08-31,6.6,green,data
2026-10-06T15:32:37,fx_central,2026-08-10,25491.0,yellow,data
2026-10-06T15:32:37,fx_central_ytd,2026-08-10,1.4728713028939966,green,data
2026-10-06T15:32:37,deposit_12m_big4,2026-10-06,5.9,orange,data
2026-10-06T15:32:37,deposit_12m_all,2026-10-06,6.147368421052632,green,data
2026-10-06T15:32:37,interbank_on,2026-07-31,5.72,yellow,data
2026-10-06T15:32:37,refi_rate,2026-08-03,4.5,green,data
2026-10-06T15:32:37,govbond_10y,2026-07-31,4.464118,red,data
2026-10-06T15:32:37,real_rate,2026-08-31,1.010000000000001,yellow,data
2026-10-06T15:32:37,credit_ytd,2026-05-31,4.719252597353663,green,data
2026-10-06T15:32:37,credit_yoy,2026-05-31,16.837719328775336,green,data
2026-10-06T15:32:37,credit_construction_ytd,2026-05-31,5.860894457233434,green,data
2026-10-06T15:32:37,m2_ytd,2026-05-31,2.7283275723141154,green,data
2026-10-06T15:32:37,credit_minus_m2,2026-05-31,1.9909250250395472,green,data
2026-10-06T15:32:37,land_use_revenue,2024-12-31,217245.0,insufficient,data
2026-10-06T15:32:37,public_investment,2026-06-30,81430.19253,yellow,data
2026-10-06T15:32:37,public_investment_ytd_yoy,2026-06-30,13.475454350150606,green,data
2026-10-06T15:32:37,fdi_registered_ytd,2026-07-31,21045.97153151,red,data
2026-10-06T15:32:37,fdi_registered_ytd_yoy,2026-07-31,109.72732069382424,yellow,data
2026-10-06T15:32:37,pmi_vn,2026-08-31,53.3,green,data
2026-10-06T15:32:39,fed_upper,2026-10-05,4.0,green_strong,data
2026-10-06T15:32:39,fed_lower,2026-10-05,3.75,green,data
2026-10-06T15:32:39,effr,2026-10-02,3.88,green,data
2026-10-06T15:32:39,ust_2y,2026-10-02,4.83,green,data
2026-10-06T15:32:39,ust_10y,2026-10-02,5.28,red,data
2026-10-06T15:32:39,ust_10y2y,2026-10-05,0.47,yellow,data
2026-10-06T15:32:39,usd_broad,2026-10-02,121.3848,green,data
2026-10-06T15:32:39,dxy,2026-10-06,,green,data
2026-10-06T15:32:39,brent,2026-09-29,113.96,orange,data
2026-10-06T15:32:39,brent_futures,2026-10-06,,yellow,data
2026-10-06T15:32:39,copper,2026-10-05,,red,data
2026-10-06T15:32:39,copper_lme_stock,2026-10-05,,green,data
2026-10-06T15:32:39,copper_comex,2026-10-06,,red,data
2026-10-06T15:32:39,copper_imf,2026-07-31,13542.82086956522,red,data
2026-10-06T15:32:39,hy_spread,2026-10-02,3.1,green_strong,data
2026-10-06T15:32:39,breakeven_10y,2026-10-05,2.36,yellow,data
2026-10-06T15:32:39,vix,2026-10-02,15.31,yellow,data
2026-10-06T15:32:39,us_mortgage_30y,2026-10-01,7.28,yellow,data
2026-10-06T15:32:39,gdp_yoy_published,2026-06-30,8.39,yellow,data
2026-10-06T15:32:39,gdp_yoy,2026-06-30,89.72774377855093,insufficient,data
2026-10-06T15:32:39,gdp_realestate_yoy,2026-06-30,71.97617301993135,insufficient,data
2026-10-06T15:32:39,gdp_construction_yoy,2026-06-30,107.43704178752104,insufficient,data
2026-10-06T15:32:39,export_yoy,2026-07-31,25.590081904262973,yellow,data
2026-10-06T15:32:39,cpi_yoy,2026-08-31,4.89,red,data
2026-10-06T15:32:39,cpi_avg_ytd,2026-07-31,4.393497411553593,yellow,data
2026-10-06T15:32:39,cpi_housing_yoy,2026-08-31,6.6,green,data
2026-10-06T15:32:39,fx_central,2026-08-10,25491.0,yellow,data
2026-10-06T15:32:39,fx_central_ytd,2026-08-10,1.4728713028939966,green,data
2026-10-06T15:32:39,deposit_12m_big4,2026-10-06,5.9,orange,data
2026-10-06T15:32:39,deposit_12m_all,2026-10-06,6.147368421052632,green,data
2026-10-06T15:32:39,interbank_on,2026-07-31,5.72,yellow,data
2026-10-06T15:32:39,refi_rate,2026-08-03,4.5,green,data
2026-10-06T15:32:39,govbond_10y,2026-07-31,4.464118,red,data
2026-10-06T15:32:39,real_rate,2026-08-31,1.010000000000001,yellow,data
2026-10-06T15:32:39,credit_ytd,2026-05-31,4.719252597353663,green,data
2026-10-06T15:32:39,credit_yoy,2026-05-31,16.837719328775336,green,data
2026-10-06T15:32:39,credit_construction_ytd,2026-05-31,5.860894457233434,green,data
2026-10-06T15:32:39,m2_ytd,2026-05-31,2.7283275723141154,green,data
2026-10-06T15:32:39,credit_minus_m2,2026-05-31,1.9909250250395472,green,data
2026-10-06T15:32:39,land_use_revenue,2024-12-31,217245.0,insufficient,data
2026-10-06T15:32:39,public_investment,2026-06-30,81430.19253,yellow,data
2026-10-06T15:32:39,public_investment_ytd_yoy,2026-06-30,13.475454350150606,green,data
2026-10-06T15:32:39,fdi_registered_ytd,2026-07-31,21045.97153151,red,data
2026-10-06T15:32:39,fdi_registered_ytd_yoy,2026-07-31,109.72732069382424,yellow,data
2026-10-06T15:32:39,pmi_vn,2026-08-31,53.3,green,data
2026-10-06T15:32:39,fed_upper,2026-10-05,4.0,green_strong,data
2026-10-06T15:32:39,fed_lower,2026-10-05,3.75,green,data
2026-10-06T15:32:39,effr,2026-10-02,3.88,green,data
2026-10-06T15:32:39,ust_2y,2026-10-02,4.83,green,data
2026-10-06T15:32:39,ust_10y,2026-10-02,5.28,red,data
2026-10-06T15:32:39,ust_10y2y,2026-10-05,0.47,yellow,data
2026-10-06T15:32:39,usd_broad,2026-10-02,121.3848,green,data
2026-10-06T15:32:39,dxy,2026-10-06,,green,data
2026-10-06T15:32:39,brent,2026-09-29,113.96,orange,data
2026-10-06T15:32:39,brent_futures,2026-10-06,,yellow,data
2026-10-06T15:32:39,copper,2026-10-05,,red,data
2026-10-06T15:32:39,copper_lme_stock,2026-10-05,,green,data
2026-10-06T15:32:39,copper_comex,2026-10-06,,red,data
2026-10-06T15:32:39,copper_imf,2026-07-31,13542.82086956522,red,data
2026-10-06T15:32:39,hy_spread,2026-10-02,3.1,green_strong,data
2026-10-06T15:32:39,breakeven_10y,2026-10-05,2.36,yellow,data
2026-10-06T15:32:39,vix,2026-10-02,15.31,yellow,data
2026-10-06T15:32:39,us_mortgage_30y,2026-10-01,7.28,yellow,data
2026-10-06T15:32:39,gdp_yoy_published,2026-06-30,8.39,yellow,data
2026-10-06T15:32:39,gdp_yoy,2026-06-30,89.72774377855093,insufficient,data
2026-10-06T15:32:39,gdp_realestate_yoy,2026-06-30,71.97617301993135,insufficient,data
2026-10-06T15:32:39,gdp_construction_yoy,2026-06-30,107.43704178752104,insufficient,data
2026-10-06T15:32:39,export_yoy,2026-07-31,25.590081904262973,yellow,data
2026-10-06T15:32:39,cpi_yoy,2026-08-31,4.89,red,data
2026-10-06T15:32:39,cpi_avg_ytd,2026-07-31,4.393497411553593,yellow,data
2026-10-06T15:32:39,cpi_housing_yoy,2026-08-31,6.6,green,data
2026-10-06T15:32:39,fx_central,2026-08-10,25491.0,yellow,data
2026-10-06T15:32:39,fx_central_ytd,2026-08-10,1.4728713028939966,green,data
2026-10-06T15:32:39,deposit_12m_big4,2026-10-06,5.9,orange,data
2026-10-06T15:32:39,deposit_12m_all,2026-10-06,6.147368421052632,green,data
2026-10-06T15:32:39,interbank_on,2026-07-31,5.72,yellow,data
2026-10-06T15:32:39,refi_rate,2026-08-03,4.5,green,data
2026-10-06T15:32:39,govbond_10y,2026-07-31,4.464118,red,data
2026-10-06T15:32:39,real_rate,2026-08-31,1.010000000000001,yellow,data
2026-10-06T15:32:39,credit_ytd,2026-05-31,4.719252597353663,green,data
2026-10-06T15:32:39,credit_yoy,2026-05-31,16.837719328775336,green,data
2026-10-06T15:32:39,credit_construction_ytd,2026-05-31,5.860894457233434,green,data
2026-10-06T15:32:39,m2_ytd,2026-05-31,2.7283275723141154,green,data
2026-10-06T15:32:39,credit_minus_m2,2026-05-31,1.9909250250395472,green,data
2026-10-06T15:32:39,land_use_revenue,2024-12-31,217245.0,insufficient,data
2026-10-06T15:32:39,public_investment,2026-06-30,81430.19253,yellow,data
2026-10-06T15:32:39,public_investment_ytd_yoy,2026-06-30,13.475454350150606,green,data
2026-10-06T15:32:39,fdi_registered_ytd,2026-07-31,21045.97153151,red,data
2026-10-06T15:32:39,fdi_registered_ytd_yoy,2026-07-31,109.72732069382424,yellow,data
2026-10-06T15:32:39,pmi_vn,2026-08-31,53.3,green,data
2026-10-06T15:32:43,fed_upper,2026-10-05,4.0,green_strong,data
2026-10-06T15:32:43,fed_lower,2026-10-05,3.75,green,data
2026-10-06T15:32:43,effr,2026-10-02,3.88,green,data
2026-10-06T15:32:43,ust_2y,2026-10-02,4.83,green,data
2026-10-06T15:32:43,ust_10y,2026-10-02,5.28,red,data
2026-10-06T15:32:43,ust_10y2y,2026-10-05,0.47,yellow,data
2026-10-06T15:32:43,usd_broad,2026-10-02,121.3848,green,data
2026-10-06T15:32:43,dxy,2026-10-06,,green,data
2026-10-06T15:32:43,brent,2026-09-29,113.96,orange,data
2026-10-06T15:32:43,brent_futures,2026-10-06,,yellow,data
2026-10-06T15:32:43,copper,2026-10-05,,red,data
2026-10-06T15:32:43,copper_lme_stock,2026-10-05,,green,data
2026-10-06T15:32:43,copper_comex,2026-10-06,,red,data
2026-10-06T15:32:43,copper_imf,2026-07-31,13542.82086956522,red,data
2026-10-06T15:32:43,hy_spread,2026-10-02,3.1,green_strong,data
2026-10-06T15:32:43,breakeven_10y,2026-10-05,2.36,yellow,data
2026-10-06T15:32:43,vix,2026-10-02,15.31,yellow,data
2026-10-06T15:32:43,us_mortgage_30y,2026-10-01,7.28,yellow,data
2026-10-06T15:32:43,gdp_yoy_published,2026-06-30,8.39,yellow,data
2026-10-06T15:32:43,gdp_yoy,2026-06-30,89.72774377855093,insufficient,data
2026-10-06T15:32:43,gdp_realestate_yoy,2026-06-30,71.97617301993135,insufficient,data
2026-10-06T15:32:43,gdp_construction_yoy,2026-06-30,107.43704178752104,insufficient,data
2026-10-06T15:32:43,export_yoy,2026-07-31,25.590081904262973,yellow,data
2026-10-06T15:32:43,cpi_yoy,2026-08-31,4.89,red,data
2026-10-06T15:32:43,cpi_avg_ytd,2026-07-31,4.393497411553593,yellow,data
2026-10-06T15:32:43,cpi_housing_yoy,2026-08-31,6.6,green,data
2026-10-06T15:32:43,fx_central,2026-08-10,25491.0,yellow,data
2026-10-06T15:32:43,fx_central_ytd,2026-08-10,1.4728713028939966,green,data
2026-10-06T15:32:43,deposit_12m_big4,2026-10-06,5.9,orange,data
2026-10-06T15:32:43,deposit_12m_all,2026-10-06,6.147368421052632,green,data
2026-10-06T15:32:43,interbank_on,2026-07-31,5.72,yellow,data
2026-10-06T15:32:43,refi_rate,2026-08-03,4.5,green,data
2026-10-06T15:32:43,govbond_10y,2026-07-31,4.464118,red,data
2026-10-06T15:32:43,real_rate,2026-08-31,1.010000000000001,yellow,data
2026-10-06T15:32:43,credit_ytd,2026-05-31,4.719252597353663,green,data
2026-10-06T15:32:43,credit_yoy,2026-05-31,16.837719328775336,green,data
2026-10-06T15:32:43,credit_construction_ytd,2026-05-31,5.860894457233434,green,data
2026-10-06T15:32:43,m2_ytd,2026-05-31,2.7283275723141154,green,data
2026-10-06T15:32:43,credit_minus_m2,2026-05-31,1.9909250250395472,green,data
2026-10-06T15:32:43,land_use_revenue,2024-12-31,217245.0,insufficient,data
2026-10-06T15:32:43,public_investment,2026-06-30,81430.19253,yellow,data
2026-10-06T15:32:43,public_investment_ytd_yoy,2026-06-30,13.475454350150606,green,data
2026-10-06T15:32:43,fdi_registered_ytd,2026-07-31,21045.97153151,red,data
2026-10-06T15:32:43,fdi_registered_ytd_yoy,2026-07-31,109.72732069382424,yellow,data
2026-10-06T15:32:43,pmi_vn,2026-08-31,53.3,green,data
2026-10-06T15:32:45,fed_upper,2026-10-05,4.0,green_strong,data
2026-10-06T15:32:45,fed_lower,2026-10-05,3.75,green,data
2026-10-06T15:32:45,effr,2026-10-02,3.88,green,data
2026-10-06T15:32:45,ust_2y,2026-10-02,4.83,green,data
2026-10-06T15:32:45,ust_10y,2026-10-02,5.28,red,data
2026-10-06T15:32:45,ust_10y2y,2026-10-05,0.47,yellow,data
2026-10-06T15:32:45,usd_broad,2026-10-02,121.3848,green,data
2026-10-06T15:32:45,dxy,2026-10-06,,green,data
2026-10-06T15:32:45,brent,2026-09-29,113.96,orange,data
2026-10-06T15:32:45,brent_futures,2026-10-06,,yellow,data
2026-10-06T15:32:45,copper,2026-10-05,,red,data
2026-10-06T15:32:45,copper_lme_stock,2026-10-05,,green,data
2026-10-06T15:32:45,copper_comex,2026-10-06,,red,data
2026-10-06T15:32:45,copper_imf,2026-07-31,13542.82086956522,red,data
2026-10-06T15:32:45,hy_spread,2026-10-02,3.1,green_strong,data
2026-10-06T15:32:45,breakeven_10y,2026-10-05,2.36,yellow,data
2026-10-06T15:32:45,vix,2026-10-02,15.31,yellow,data
2026-10-06T15:32:45,us_mortgage_30y,2026-10-01,7.28,yellow,data
2026-10-06T15:32:45,gdp_yoy_published,2026-06-30,8.39,yellow,data
2026-10-06T15:32:45,gdp_yoy,2026-06-30,89.72774377855093,insufficient,data
2026-10-06T15:32:45,gdp_realestate_yoy,2026-06-30,71.97617301993135,insufficient,data
2026-10-06T15:32:45,gdp_construction_yoy,2026-06-30,107.43704178752104,insufficient,data
2026-10-06T15:32:45,export_yoy,2026-07-31,25.590081904262973,yellow,data
2026-10-06T15:32:45,cpi_yoy,2026-08-31,4.89,red,data
2026-10-06T15:32:45,cpi_avg_ytd,2026-07-31,4.393497411553593,yellow,data
2026-10-06T15:32:45,cpi_housing_yoy,2026-08-31,6.6,green,data
2026-10-06T15:32:45,fx_central,2026-08-10,25491.0,yellow,data
2026-10-06T15:32:45,fx_central_ytd,2026-08-10,1.4728713028939966,green,data
2026-10-06T15:32:45,deposit_12m_big4,2026-10-06,5.9,orange,data
2026-10-06T15:32:45,deposit_12m_all,2026-10-06,6.147368421052632,green,data
2026-10-06T15:32:45,interbank_on,2026-07-31,5.72,yellow,data
2026-10-06T15:32:45,refi_rate,2026-08-03,4.5,green,data
2026-10-06T15:32:45,govbond_10y,2026-07-31,4.464118,red,data
2026-10-06T15:32:45,real_rate,2026-08-31,1.010000000000001,yellow,data
2026-10-06T15:32:45,credit_ytd,2026-05-31,4.719252597353663,green,data
2026-10-06T15:32:45,credit_yoy,2026-05-31,16.837719328775336,green,data
2026-10-06T15:32:45,credit_construction_ytd,2026-05-31,5.860894457233434,green,data
2026-10-06T15:32:45,m2_ytd,2026-05-31,2.7283275723141154,green,data
2026-10-06T15:32:45,credit_minus_m2,2026-05-31,1.9909250250395472,green,data
2026-10-06T15:32:45,land_use_revenue,2024-12-31,217245.0,insufficient,data
2026-10-06T15:32:45,public_investment,2026-06-30,81430.19253,yellow,data
2026-10-06T15:32:45,public_investment_ytd_yoy,2026-06-30,13.475454350150606,green,data
2026-10-06T15:32:45,fdi_registered_ytd,2026-07-31,21045.97153151,red,data
2026-10-06T15:32:45,fdi_registered_ytd_yoy,2026-07-31,109.72732069382424,yellow,data
2026-10-06T15:32:45,pmi_vn,2026-08-31,53.3,green,data
2026-10-06T15:32:47,fed_upper,2026-10-05,4.0,green_strong,data
2026-10-06T15:32:47,fed_lower,2026-10-05,3.75,green,data
2026-10-06T15:32:47,effr,2026-10-02,3.88,green,data
2026-10-06T15:32:47,ust_2y,2026-10-02,4.83,green,data
2026-10-06T15:32:47,ust_10y,2026-10-02,5.28,red,data
2026-10-06T15:32:47,ust_10y2y,2026-10-05,0.47,yellow,data
2026-10-06T15:32:47,usd_broad,2026-10-02,121.3848,green,data
2026-10-06T15:32:47,dxy,2026-10-06,,green,data
2026-10-06T15:32:47,brent,2026-09-29,113.96,orange,data
2026-10-06T15:32:47,brent_futures,2026-10-06,,yellow,data
2026-10-06T15:32:47,copper,2026-10-05,,red,data
2026-10-06T15:32:47,copper_lme_stock,2026-10-05,,green,data
2026-10-06T15:32:47,copper_comex,2026-10-06,,red,data
2026-10-06T15:32:47,copper_imf,2026-07-31,13542.82086956522,red,data
2026-10-06T15:32:47,hy_spread,2026-10-02,3.1,green_strong,data
2026-10-06T15:32:47,breakeven_10y,2026-10-05,2.36,yellow,data
2026-10-06T15:32:47,vix,2026-10-02,15.31,yellow,data
2026-10-06T15:32:47,us_mortgage_30y,2026-10-01,7.28,yellow,data
2026-10-06T15:32:47,gdp_yoy_published,2026-06-30,8.39,yellow,data
2026-10-06T15:32:47,gdp_yoy,2026-06-30,89.72774377855093,insufficient,data
2026-10-06T15:32:47,gdp_realestate_yoy,2026-06-30,71.97617301993135,insufficient,data
2026-10-06T15:32:47,gdp_construction_yoy,2026-06-30,107.43704178752104,insufficient,data
2026-10-06T15:32:47,export_yoy,2026-07-31,25.590081904262973,yellow,data
2026-10-06T15:32:47,cpi_yoy,2026-08-31,4.89,red,data
2026-10-06T15:32:47,cpi_avg_ytd,2026-07-31,4.393497411553593,yellow,data
2026-10-06T15:32:47,cpi_housing_yoy,2026-08-31,6.6,green,data
2026-10-06T15:32:47,fx_central,2026-08-10,25491.0,yellow,data
2026-10-06T15:32:47,fx_central_ytd,2026-08-10,1.4728713028939966,green,data
2026-10-06T15:32:47,deposit_12m_big4,2026-10-06,5.9,orange,data
2026-10-06T15:32:47,deposit_12m_all,2026-10-06,6.147368421052632,green,data
2026-10-06T15:32:47,interbank_on,2026-07-31,5.72,yellow,data
2026-10-06T15:32:47,refi_rate,2026-08-03,4.5,green,data
2026-10-06T15:32:47,govbond_10y,2026-07-31,4.464118,red,data
2026-10-06T15:32:47,real_rate,2026-08-31,1.010000000000001,yellow,data
2026-10-06T15:32:47,credit_ytd,2026-05-31,4.719252597353663,green,data
2026-10-06T15:32:47,credit_yoy,2026-05-31,16.837719328775336,green,data
2026-10-06T15:32:47,credit_construction_ytd,2026-05-31,5.860894457233434,green,data
2026-10-06T15:32:47,m2_ytd,2026-05-31,2.7283275723141154,green,data
2026-10-06T15:32:47,credit_minus_m2,2026-05-31,1.9909250250395472,green,data
2026-10-06T15:32:47,land_use_revenue,2024-12-31,217245.0,insufficient,data
2026-10-06T15:32:47,public_investment,2026-06-30,81430.19253,yellow,data
2026-10-06T15:32:47,public_investment_ytd_yoy,2026-06-30,13.475454350150606,green,data
2026-10-06T15:32:47,fdi_registered_ytd,2026-07-31,21045.97153151,red,data
2026-10-06T15:32:47,fdi_registered_ytd_yoy,2026-07-31,109.72732069382424,yellow,data
2026-10-06T15:32:47,pmi_vn,2026-08-31,53.3,green,data
2026-10-06T15:32:49,fed_upper,2026-10-05,4.0,green_strong,data
2026-10-06T15:32:49,fed_lower,2026-10-05,3.75,green,data
2026-10-06T15:32:49,effr,2026-10-02,3.88,green,data
2026-10-06T15:32:49,ust_2y,2026-10-02,4.83,green,data
2026-10-06T15:32:49,ust_10y,2026-10-02,5.28,red,data
2026-10-06T15:32:49,ust_10y2y,2026-10-05,0.47,yellow,data
2026-10-06T15:32:49,usd_broad,2026-10-02,121.3848,green,data
2026-10-06T15:32:49,dxy,2026-10-06,,green,data
2026-10-06T15:32:49,brent,2026-09-29,113.96,orange,data
2026-10-06T15:32:49,brent_futures,2026-10-06,,yellow,data
2026-10-06T15:32:49,copper,2026-10-05,,red,data
2026-10-06T15:32:49,copper_lme_stock,2026-10-05,,green,data
2026-10-06T15:32:49,copper_comex,2026-10-06,,red,data
2026-10-06T15:32:49,copper_imf,2026-07-31,13542.82086956522,red,data
2026-10-06T15:32:49,hy_spread,2026-10-02,3.1,green_strong,data
2026-10-06T15:32:49,breakeven_10y,2026-10-05,2.36,yellow,data
2026-10-06T15:32:49,vix,2026-10-02,15.31,yellow,data
2026-10-06T15:32:49,us_mortgage_30y,2026-10-01,7.28,yellow,data
2026-10-06T15:32:49,gdp_yoy_published,2026-06-30,8.39,yellow,data
2026-10-06T15:32:49,gdp_yoy,2026-06-30,89.72774377855093,insufficient,data
2026-10-06T15:32:49,gdp_realestate_yoy,2026-06-30,71.97617301993135,insufficient,data
2026-10-06T15:32:49,gdp_construction_yoy,2026-06-30,107.43704178752104,insufficient,data
2026-10-06T15:32:49,export_yoy,2026-07-31,25.590081904262973,yellow,data
2026-10-06T15:32:49,cpi_yoy,2026-08-31,4.89,red,data
2026-10-06T15:32:49,cpi_avg_ytd,2026-07-31,4.393497411553593,yellow,data
2026-10-06T15:32:49,cpi_housing_yoy,2026-08-31,6.6,green,data
2026-10-06T15:32:49,fx_central,2026-08-10,25491.0,yellow,data
2026-10-06T15:32:49,fx_central_ytd,2026-08-10,1.4728713028939966,green,data
2026-10-06T15:32:49,deposit_12m_big4,2026-10-06,5.9,orange,data
2026-10-06T15:32:49,deposit_12m_all,2026-10-06,6.147368421052632,green,data
2026-10-06T15:32:49,interbank_on,2026-07-31,5.72,yellow,data
2026-10-06T15:32:49,refi_rate,2026-08-03,4.5,green,data
2026-10-06T15:32:49,govbond_10y,2026-07-31,4.464118,red,data
2026-10-06T15:32:49,real_rate,2026-08-31,1.010000000000001,yellow,data
2026-10-06T15:32:49,credit_ytd,2026-05-31,4.719252597353663,green,data
2026-10-06T15:32:49,credit_yoy,2026-05-31,16.837719328775336,green,data
2026-10-06T15:32:49,credit_construction_ytd,2026-05-31,5.860894457233434,green,data
2026-10-06T15:32:49,m2_ytd,2026-05-31,2.7283275723141154,green,data
2026-10-06T15:32:49,credit_minus_m2,2026-05-31,1.9909250250395472,green,data
2026-10-06T15:32:49,land_use_revenue,2024-12-31,217245.0,insufficient,data
2026-10-06T15:32:49,public_investment,2026-06-30,81430.19253,yellow,data
2026-10-06T15:32:49,public_investment_ytd_yoy,2026-06-30,13.475454350150606,green,data
2026-10-06T15:32:49,fdi_registered_ytd,2026-07-31,21045.97153151,red,data
2026-10-06T15:32:49,fdi_registered_ytd_yoy,2026-07-31,109.72732069382424,yellow,data
2026-10-06T15:32:49,pmi_vn,2026-08-31,53.3,green,data
2026-10-06T15:32:51,fed_upper,2026-10-05,4.0,green_strong,data
2026-10-06T15:32:51,fed_lower,2026-10-05,3.75,green,data
2026-10-06T15:32:51,effr,2026-10-02,3.88,green,data
2026-10-06T15:32:51,ust_2y,2026-10-02,4.83,green,data
2026-10-06T15:32:51,ust_10y,2026-10-02,5.28,red,data
2026-10-06T15:32:51,ust_10y2y,2026-10-05,0.47,yellow,data
2026-10-06T15:32:51,usd_broad,2026-10-02,121.3848,green,data
2026-10-06T15:32:51,dxy,2026-10-06,,green,data
2026-10-06T15:32:51,brent,2026-09-29,113.96,orange,data
2026-10-06T15:32:51,brent_futures,2026-10-06,,yellow,data
2026-10-06T15:32:51,copper,2026-10-05,,red,data
2026-10-06T15:32:51,copper_lme_stock,2026-10-05,,green,data
2026-10-06T15:32:51,copper_comex,2026-10-06,,red,data
2026-10-06T15:32:51,copper_imf,2026-07-31,13542.82086956522,red,data
2026-10-06T15:32:51,hy_spread,2026-10-02,3.1,green_strong,data
2026-10-06T15:32:51,breakeven_10y,2026-10-05,2.36,yellow,data
2026-10-06T15:32:51,vix,2026-10-02,15.31,yellow,data
2026-10-06T15:32:51,us_mortgage_30y,2026-10-01,7.28,yellow,data
2026-10-06T15:32:51,gdp_yoy_published,2026-06-30,8.39,yellow,data
2026-10-06T15:32:51,gdp_yoy,2026-06-30,89.72774377855093,insufficient,data
2026-10-06T15:32:51,gdp_realestate_yoy,2026-06-30,71.97617301993135,insufficient,data
2026-10-06T15:32:51,gdp_construction_yoy,2026-06-30,107.43704178752104,insufficient,data
2026-10-06T15:32:51,export_yoy,2026-07-31,25.590081904262973,yellow,data
2026-10-06T15:32:51,cpi_yoy,2026-08-31,4.89,red,data
2026-10-06T15:32:51,cpi_avg_ytd,2026-07-31,4.393497411553593,yellow,data
2026-10-06T15:32:51,cpi_housing_yoy,2026-08-31,6.6,green,data
2026-10-06T15:32:51,fx_central,2026-08-10,25491.0,yellow,data
2026-10-06T15:32:51,fx_central_ytd,2026-08-10,1.4728713028939966,green,data
2026-10-06T15:32:51,deposit_12m_big4,2026-10-06,5.9,orange,data
2026-10-06T15:32:51,deposit_12m_all,2026-10-06,6.147368421052632,green,data
2026-10-06T15:32:51,interbank_on,2026-07-31,5.72,yellow,data
2026-10-06T15:32:51,refi_rate,2026-08-03,4.5,green,data
2026-10-06T15:32:51,govbond_10y,2026-07-31,4.464118,red,data
2026-10-06T15:32:51,real_rate,2026-08-31,1.010000000000001,yellow,data
2026-10-06T15:32:51,credit_ytd,2026-05-31,4.719252597353663,green,data
2026-10-06T15:32:51,credit_yoy,2026-05-31,16.837719328775336,green,data
2026-10-06T15:32:51,credit_construction_ytd,2026-05-31,5.860894457233434,green,data
2026-10-06T15:32:51,m2_ytd,2026-05-31,2.7283275723141154,green,data
2026-10-06T15:32:51,credit_minus_m2,2026-05-31,1.9909250250395472,green,data
2026-10-06T15:32:51,land_use_revenue,2024-12-31,217245.0,insufficient,data
2026-10-06T15:32:51,public_investment,2026-06-30,81430.19253,yellow,data
2026-10-06T15:32:51,public_investment_ytd_yoy,2026-06-30,13.475454350150606,green,data
2026-10-06T15:32:51,fdi_registered_ytd,2026-07-31,21045.97153151,red,data
2026-10-06T15:32:51,fdi_registered_ytd_yoy,2026-07-31,109.72732069382424,yellow,data
2026-10-06T15:32:51,pmi_vn,2026-08-31,53.3,green,data
2026-10-06T15:32:51,fed_upper,2026-10-05,4.0,green_strong,data
2026-10-06T15:32:51,fed_lower,2026-10-05,3.75,green,data
2026-10-06T15:32:51,effr,2026-10-02,3.88,green,data
2026-10-06T15:32:51,ust_2y,2026-10-02,4.83,green,data
2026-10-06T15:32:51,ust_10y,2026-10-02,5.28,red,data
2026-10-06T15:32:51,ust_10y2y,2026-10-05,0.47,yellow,data
2026-10-06T15:32:51,usd_broad,2026-10-02,121.3848,green,data
2026-10-06T15:32:51,dxy,2026-10-06,,green,data
2026-10-06T15:32:51,brent,2026-09-29,113.96,orange,data
2026-10-06T15:32:51,brent_futures,2026-10-06,,yellow,data
2026-10-06T15:32:51,copper,2026-10-05,,red,data
2026-10-06T15:32:51,copper_lme_stock,2026-10-05,,green,data
2026-10-06T15:32:51,copper_comex,2026-10-06,,red,data
2026-10-06T15:32:51,copper_imf,2026-07-31,13542.82086956522,red,data
2026-10-06T15:32:51,hy_spread,2026-10-02,3.1,green_strong,data
2026-10-06T15:32:51,breakeven_10y,2026-10-05,2.36,yellow,data
2026-10-06T15:32:51,vix,2026-10-02,15.31,yellow,data
2026-10-06T15:32:51,us_mortgage_30y,2026-10-01,7.28,yellow,data
2026-10-06T15:32:51,gdp_yoy_published,2026-06-30,8.39,yellow,data
2026-10-06T15:32:51,gdp_yoy,2026-06-30,89.72774377855093,insufficient,data
2026-10-06T15:32:51,gdp_realestate_yoy,2026-06-30,71.97617301993135,insufficient,data
2026-10-06T15:32:51,gdp_construction_yoy,2026-06-30,107.43704178752104,insufficient,data
2026-10-06T15:32:51,export_yoy,2026-07-31,25.590081904262973,yellow,data
2026-10-06T15:32:51,cpi_yoy,2026-08-31,4.89,red,data
2026-10-06T15:32:51,cpi_avg_ytd,2026-07-31,4.393497411553593,yellow,data
2026-10-06T15:32:51,cpi_housing_yoy,2026-08-31,6.6,green,data
2026-10-06T15:32:51,fx_central,2026-08-10,25491.0,yellow,data
2026-10-06T15:32:51,fx_central_ytd,2026-08-10,1.4728713028939966,green,data
2026-10-06T15:32:51,deposit_12m_big4,2026-10-06,5.9,orange,data
2026-10-06T15:32:51,deposit_12m_all,2026-10-06,6.147368421052632,green,data
2026-10-06T15:32:51,interbank_on,2026-07-31,5.72,yellow,data
2026-10-06T15:32:51,refi_rate,2026-08-03,4.5,green,data
2026-10-06T15:32:51,govbond_10y,2026-07-31,4.464118,red,data
2026-10-06T15:32:51,real_rate,2026-08-31,1.010000000000001,yellow,data
2026-10-06T15:32:51,credit_ytd,2026-05-31,4.719252597353663,green,data
2026-10-06T15:32:51,credit_yoy,2026-05-31,16.837719328775336,green,data
2026-10-06T15:32:51,credit_construction_ytd,2026-05-31,5.860894457233434,green,data
2026-10-06T15:32:51,m2_ytd,2026-05-31,2.7283275723141154,green,data
2026-10-06T15:32:51,credit_minus_m2,2026-05-31,1.9909250250395472,green,data
2026-10-06T15:32:51,land_use_revenue,2024-12-31,217245.0,insufficient,data
2026-10-06T15:32:51,public_investment,2026-06-30,81430.19253,yellow,data
2026-10-06T15:32:51,public_investment_ytd_yoy,2026-06-30,13.475454350150606,green,data
2026-10-06T15:32:51,fdi_registered_ytd,2026-07-31,21045.97153151,red,data
2026-10-06T15:32:51,fdi_registered_ytd_yoy,2026-07-31,109.72732069382424,yellow,data
2026-10-06T15:32:51,pmi_vn,2026-08-31,53.3,green,data
2026-10-06T15:32:54,fed_upper,2026-10-05,4.0,green_strong,data
2026-10-06T15:32:54,fed_lower,2026-10-05,3.75,green,data
2026-10-06T15:32:54,effr,2026-10-02,3.88,green,data
2026-10-06T15:32:54,ust_2y,2026-10-02,4.83,green,data
2026-10-06T15:32:54,ust_10y,2026-10-02,5.28,red,data
2026-10-06T15:32:54,ust_10y2y,2026-10-05,0.47,yellow,data
2026-10-06T15:32:54,usd_broad,2026-10-02,121.3848,green,data
2026-10-06T15:32:54,dxy,2026-10-06,,green,data
2026-10-06T15:32:54,brent,2026-09-29,113.96,orange,data
2026-10-06T15:32:54,brent_futures,2026-10-06,,yellow,data
2026-10-06T15:32:54,copper,2026-10-05,,red,data
2026-10-06T15:32:54,copper_lme_stock,2026-10-05,,green,data
2026-10-06T15:32:54,copper_comex,2026-10-06,,red,data
2026-10-06T15:32:54,copper_imf,2026-07-31,13542.82086956522,red,data
2026-10-06T15:32:54,hy_spread,2026-10-02,3.1,green_strong,data
2026-10-06T15:32:54,breakeven_10y,2026-10-05,2.36,yellow,data
2026-10-06T15:32:54,vix,2026-10-02,15.31,yellow,data
2026-10-06T15:32:54,us_mortgage_30y,2026-10-01,7.28,yellow,data
2026-10-06T15:32:54,gdp_yoy_published,2026-06-30,8.39,yellow,data
2026-10-06T15:32:54,gdp_yoy,2026-06-30,89.72774377855093,insufficient,data
2026-10-06T15:32:54,gdp_realestate_yoy,2026-06-30,71.97617301993135,insufficient,data
2026-10-06T15:32:54,gdp_construction_yoy,2026-06-30,107.43704178752104,insufficient,data
2026-10-06T15:32:54,export_yoy,2026-07-31,25.590081904262973,yellow,data
2026-10-06T15:32:54,cpi_yoy,2026-08-31,4.89,red,data
2026-10-06T15:32:54,cpi_avg_ytd,2026-07-31,4.393497411553593,yellow,data
2026-10-06T15:32:54,cpi_housing_yoy,2026-08-31,6.6,green,data
2026-10-06T15:32:54,fx_central,2026-08-10,25491.0,yellow,data
2026-10-06T15:32:54,fx_central_ytd,2026-08-10,1.4728713028939966,green,data
2026-10-06T15:32:54,deposit_12m_big4,2026-10-06,5.9,orange,data
2026-10-06T15:32:54,deposit_12m_all,2026-10-06,6.147368421052632,green,data
2026-10-06T15:32:54,interbank_on,2026-07-31,5.72,yellow,data
2026-10-06T15:32:54,refi_rate,2026-08-03,4.5,green,data
2026-10-06T15:32:54,govbond_10y,2026-07-31,4.464118,red,data
2026-10-06T15:32:54,real_rate,2026-08-31,1.010000000000001,yellow,data
2026-10-06T15:32:54,credit_ytd,2026-05-31,4.719252597353663,green,data
2026-10-06T15:32:54,credit_yoy,2026-05-31,16.837719328775336,green,data
2026-10-06T15:32:54,credit_construction_ytd,2026-05-31,5.860894457233434,green,data
2026-10-06T15:32:54,m2_ytd,2026-05-31,2.7283275723141154,green,data
2026-10-06T15:32:54,credit_minus_m2,2026-05-31,1.9909250250395472,green,data
2026-10-06T15:32:54,land_use_revenue,2024-12-31,217245.0,insufficient,data
2026-10-06T15:32:54,public_investment,2026-06-30,81430.19253,yellow,data
2026-10-06T15:32:54,public_investment_ytd_yoy,2026-06-30,13.475454350150606,green,data
2026-10-06T15:32:54,fdi_registered_ytd,2026-07-31,21045.97153151,red,data
2026-10-06T15:32:54,fdi_registered_ytd_yoy,2026-07-31,109.72732069382424,yellow,data
2026-10-06T15:32:54,pmi_vn,2026-08-31,53.3,green,data
2026-10-06T15:32:54,fed_upper,2026-10-05,4.0,green_strong,data
2026-10-06T15:32:54,fed_lower,2026-10-05,3.75,green,data
2026-10-06T15:32:54,effr,2026-10-02,3.88,green,data
2026-10-06T15:32:54,ust_2y,2026-10-02,4.83,green,data
2026-10-06T15:32:54,ust_10y,2026-10-02,5.28,red,data
2026-10-06T15:32:54,ust_10y2y,2026-10-05,0.47,yellow,data
2026-10-06T15:32:54,usd_broad,2026-10-02,121.3848,green,data
2026-10-06T15:32:54,dxy,2026-10-06,,green,data
2026-10-06T15:32:54,brent,2026-09-29,113.96,orange,data
2026-10-06T15:32:54,brent_futures,2026-10-06,,yellow,data
2026-10-06T15:32:54,copper,2026-10-05,,red,data
2026-10-06T15:32:54,copper_lme_stock,2026-10-05,,green,data
2026-10-06T15:32:54,copper_comex,2026-10-06,,red,data
2026-10-06T15:32:54,copper_imf,2026-07-31,13542.82086956522,red,data
2026-10-06T15:32:54,hy_spread,2026-10-02,3.1,green_strong,data
2026-10-06T15:32:54,breakeven_10y,2026-10-05,2.36,yellow,data
2026-10-06T15:32:54,vix,2026-10-02,15.31,yellow,data
2026-10-06T15:32:54,us_mortgage_30y,2026-10-01,7.28,yellow,data
2026-10-06T15:32:54,gdp_yoy_published,2026-06-30,8.39,yellow,data
2026-10-06T15:32:54,gdp_yoy,2026-06-30,89.72774377855093,insufficient,data
2026-10-06T15:32:54,gdp_realestate_yoy,2026-06-30,71.97617301993135,insufficient,data
2026-10-06T15:32:54,gdp_construction_yoy,2026-06-30,107.43704178752104,insufficient,data
2026-10-06T15:32:54,export_yoy,2026-07-31,25.590081904262973,yellow,data
2026-10-06T15:32:54,cpi_yoy,2026-08-31,4.89,red,data
2026-10-06T15:32:54,cpi_avg_ytd,2026-07-31,4.393497411553593,yellow,data
2026-10-06T15:32:54,cpi_housing_yoy,2026-08-31,6.6,green,data
2026-10-06T15:32:54,fx_central,2026-08-10,25491.0,yellow,data
2026-10-06T15:32:54,fx_central_ytd,2026-08-10,1.4728713028939966,green,data
2026-10-06T15:32:54,deposit_12m_big4,2026-10-06,5.9,orange,data
2026-10-06T15:32:54,deposit_12m_all,2026-10-06,6.147368421052632,green,data
2026-10-06T15:32:54,interbank_on,2026-07-31,5.72,yellow,data
2026-10-06T15:32:54,refi_rate,2026-08-03,4.5,green,data
2026-10-06T15:32:54,govbond_10y,2026-07-31,4.464118,red,data
2026-10-06T15:32:54,real_rate,2026-08-31,1.010000000000001,yellow,data
2026-10-06T15:32:54,credit_ytd,2026-05-31,4.719252597353663,green,data
2026-10-06T15:32:54,credit_yoy,2026-05-31,16.837719328775336,green,data
2026-10-06T15:32:54,credit_construction_ytd,2026-05-31,5.860894457233434,green,data
2026-10-06T15:32:54,m2_ytd,2026-05-31,2.7283275723141154,green,data
2026-10-06T15:32:54,credit_minus_m2,2026-05-31,1.9909250250395472,green,data
2026-10-06T15:32:54,land_use_revenue,2024-12-31,217245.0,insufficient,data
2026-10-06T15:32:54,public_investment,2026-06-30,81430.19253,yellow,data
2026-10-06T15:32:54,public_investment_ytd_yoy,2026-06-30,13.475454350150606,green,data
2026-10-06T15:32:54,fdi_registered_ytd,2026-07-31,21045.97153151,red,data
2026-10-06T15:32:54,fdi_registered_ytd_yoy,2026-07-31,109.72732069382424,yellow,data
2026-10-06T15:32:54,pmi_vn,2026-08-31,53.3,green,data
2026-10-06T15:32:57,fed_upper,2026-10-05,4.0,green_strong,data
2026-10-06T15:32:57,fed_lower,2026-10-05,3.75,green,data
2026-10-06T15:32:57,effr,2026-10-02,3.88,green,data
2026-10-06T15:32:57,ust_2y,2026-10-02,4.83,green,data
2026-10-06T15:32:57,ust_10y,2026-10-02,5.28,red,data
2026-10-06T15:32:57,ust_10y2y,2026-10-05,0.47,yellow,data
2026-10-06T15:32:57,usd_broad,2026-10-02,121.3848,green,data
2026-10-06T15:32:57,dxy,2026-10-06,,green,data
2026-10-06T15:32:57,brent,2026-09-29,113.96,orange,data
2026-10-06T15:32:57,brent_futures,2026-10-06,,yellow,data
2026-10-06T15:32:57,copper,2026-10-05,,red,data
2026-10-06T15:32:57,copper_lme_stock,2026-10-05,,green,data
2026-10-06T15:32:57,copper_comex,2026-10-06,,red,data
2026-10-06T15:32:57,copper_imf,2026-07-31,13542.82086956522,red,data
2026-10-06T15:32:57,hy_spread,2026-10-02,3.1,green_strong,data
2026-10-06T15:32:57,breakeven_10y,2026-10-05,2.36,yellow,data
2026-10-06T15:32:57,vix,2026-10-02,15.31,yellow,data
2026-10-06T15:32:57,us_mortgage_30y,2026-10-01,7.28,yellow,data
2026-10-06T15:32:57,gdp_yoy_published,2026-06-30,8.39,yellow,data
2026-10-06T15:32:57,gdp_yoy,2026-06-30,89.72774377855093,insufficient,data
2026-10-06T15:32:57,gdp_realestate_yoy,2026-06-30,71.97617301993135,insufficient,data
2026-10-06T15:32:57,gdp_construction_yoy,2026-06-30,107.43704178752104,insufficient,data
2026-10-06T15:32:57,export_yoy,2026-07-31,25.590081904262973,yellow,data
2026-10-06T15:32:57,cpi_yoy,2026-08-31,4.89,red,data
2026-10-06T15:32:57,cpi_avg_ytd,2026-07-31,4.393497411553593,yellow,data
2026-10-06T15:32:57,cpi_housing_yoy,2026-08-31,6.6,green,data
2026-10-06T15:32:57,fx_central,2026-08-10,25491.0,yellow,data
2026-10-06T15:32:57,fx_central_ytd,2026-08-10,1.4728713028939966,green,data
2026-10-06T15:32:57,deposit_12m_big4,2026-10-06,5.9,orange,data
2026-10-06T15:32:57,deposit_12m_all,2026-10-06,6.147368421052632,green,data
2026-10-06T15:32:57,interbank_on,2026-07-31,5.72,yellow,data
2026-10-06T15:32:57,refi_rate,2026-08-03,4.5,green,data
2026-10-06T15:32:57,govbond_10y,2026-07-31,4.464118,red,data
2026-10-06T15:32:57,real_rate,2026-08-31,1.010000000000001,yellow,data
2026-10-06T15:32:57,credit_ytd,2026-05-31,4.719252597353663,green,data
2026-10-06T15:32:57,credit_yoy,2026-05-31,16.837719328775336,green,data
2026-10-06T15:32:57,credit_construction_ytd,2026-05-31,5.860894457233434,green,data
2026-10-06T15:32:57,m2_ytd,2026-05-31,2.7283275723141154,green,data
2026-10-06T15:32:57,credit_minus_m2,2026-05-31,1.9909250250395472,green,data
2026-10-06T15:32:57,land_use_revenue,2024-12-31,217245.0,insufficient,data
2026-10-06T15:32:57,public_investment,2026-06-30,81430.19253,yellow,data
2026-10-06T15:32:57,public_investment_ytd_yoy,2026-06-30,13.475454350150606,green,data
2026-10-06T15:32:57,fdi_registered_ytd,2026-07-31,21045.97153151,red,data
2026-10-06T15:32:57,fdi_registered_ytd_yoy,2026-07-31,109.72732069382424,yellow,data
2026-10-06T15:32:57,pmi_vn,2026-08-31,53.3,green,data
2026-10-06T15:32:58,fed_upper,2026-10-05,4.0,green_strong,data
2026-10-06T15:32:58,fed_lower,2026-10-05,3.75,green,data
2026-10-06T15:32:58,effr,2026-10-02,3.88,green,data
2026-10-06T15:32:58,ust_2y,2026-10-02,4.83,green,data
2026-10-06T15:32:58,ust_10y,2026-10-02,5.28,red,data
2026-10-06T15:32:58,ust_10y2y,2026-10-05,0.47,yellow,data
2026-10-06T15:32:58,usd_broad,2026-10-02,121.3848,green,data
2026-10-06T15:32:58,dxy,2026-10-06,,green,data
2026-10-06T15:32:58,brent,2026-09-29,113.96,orange,data
2026-10-06T15:32:58,brent_futures,2026-10-06,,yellow,data
2026-10-06T15:32:58,copper,2026-10-05,,red,data
2026-10-06T15:32:58,copper_lme_stock,2026-10-05,,green,data
2026-10-06T15:32:58,copper_comex,2026-10-06,,red,data
2026-10-06T15:32:58,copper_imf,2026-07-31,13542.82086956522,red,data
2026-10-06T15:32:58,hy_spread,2026-10-02,3.1,green_strong,data
2026-10-06T15:32:58,breakeven_10y,2026-10-05,2.36,yellow,data
2026-10-06T15:32:58,vix,2026-10-02,15.31,yellow,data
2026-10-06T15:32:58,us_mortgage_30y,2026-10-01,7.28,yellow,data
2026-10-06T15:32:58,gdp_yoy_published,2026-06-30,8.39,yellow,data
2026-10-06T15:32:58,gdp_yoy,2026-06-30,89.72774377855093,insufficient,data
2026-10-06T15:32:58,gdp_realestate_yoy,2026-06-30,71.97617301993135,insufficient,data
2026-10-06T15:32:58,gdp_construction_yoy,2026-06-30,107.43704178752104,insufficient,data
2026-10-06T15:32:58,export_yoy,2026-07-31,25.590081904262973,yellow,data
2026-10-06T15:32:58,cpi_yoy,2026-08-31,4.89,red,data
2026-10-06T15:32:58,cpi_avg_ytd,2026-07-31,4.393497411553593,yellow,data
2026-10-06T15:32:58,cpi_housing_yoy,2026-08-31,6.6,green,data
2026-10-06T15:32:58,fx_central,2026-08-10,25491.0,yellow,data
2026-10-06T15:32:58,fx_central_ytd,2026-08-10,1.4728713028939966,green,data
2026-10-06T15:32:58,deposit_12m_big4,2026-10-06,5.9,orange,data
2026-10-06T15:32:58,deposit_12m_all,2026-10-06,6.147368421052632,green,data
2026-10-06T15:32:58,interbank_on,2026-07-31,5.72,yellow,data
2026-10-06T15:32:58,refi_rate,2026-08-03,4.5,green,data
2026-10-06T15:32:58,govbond_10y,2026-07-31,4.464118,red,data
2026-10-06T15:32:58,real_rate,2026-08-31,1.010000000000001,yellow,data
2026-10-06T15:32:58,credit_ytd,2026-05-31,4.719252597353663,green,data
2026-10-06T15:32:58,credit_yoy,2026-05-31,16.837719328775336,green,data
2026-10-06T15:32:58,credit_construction_ytd,2026-05-31,5.860894457233434,green,data
2026-10-06T15:32:58,m2_ytd,2026-05-31,2.7283275723141154,green,data
2026-10-06T15:32:58,credit_minus_m2,2026-05-31,1.9909250250395472,green,data
2026-10-06T15:32:58,land_use_revenue,2024-12-31,217245.0,insufficient,data
2026-10-06T15:32:58,public_investment,2026-06-30,81430.19253,yellow,data
2026-10-06T15:32:58,public_investment_ytd_yoy,2026-06-30,13.475454350150606,green,data
2026-10-06T15:32:58,fdi_registered_ytd,2026-07-31,21045.97153151,red,data
2026-10-06T15:32:58,fdi_registered_ytd_yoy,2026-07-31,109.72732069382424,yellow,data
2026-10-06T15:32:58,pmi_vn,2026-08-31,53.3,green,data
2026-10-06T15:33:01,fed_upper,2026-10-05,4.0,green_strong,data
2026-10-06T15:33:01,fed_lower,2026-10-05,3.75,green,data
2026-10-06T15:33:01,effr,2026-10-02,3.88,green,data
2026-10-06T15:33:01,ust_2y,2026-10-02,4.83,green,data
2026-10-06T15:33:01,ust_10y,2026-10-02,5.28,red,data
2026-10-06T15:33:01,ust_10y2y,2026-10-05,0.47,yellow,data
2026-10-06T15:33:01,usd_broad,2026-10-02,121.3848,green,data
2026-10-06T15:33:01,dxy,2026-10-06,,green,data
2026-10-06T15:33:01,brent,2026-09-29,113.96,orange,data
2026-10-06T15:33:01,brent_futures,2026-10-06,,yellow,data
2026-10-06T15:33:01,copper,2026-10-05,,red,data
2026-10-06T15:33:01,copper_lme_stock,2026-10-05,,green,data
2026-10-06T15:33:01,copper_comex,2026-10-06,,red,data
2026-10-06T15:33:01,copper_imf,2026-07-31,13542.82086956522,red,data
2026-10-06T15:33:01,hy_spread,2026-10-02,3.1,green_strong,data
2026-10-06T15:33:01,breakeven_10y,2026-10-05,2.36,yellow,data
2026-10-06T15:33:01,vix,2026-10-02,15.31,yellow,data
2026-10-06T15:33:01,us_mortgage_30y,2026-10-01,7.28,yellow,data
2026-10-06T15:33:01,gdp_yoy_published,2026-06-30,8.39,yellow,data
2026-10-06T15:33:01,gdp_yoy,2026-06-30,89.72774377855093,insufficient,data
2026-10-06T15:33:01,gdp_realestate_yoy,2026-06-30,71.97617301993135,insufficient,data
2026-10-06T15:33:01,gdp_construction_yoy,2026-06-30,107.43704178752104,insufficient,data
2026-10-06T15:33:01,export_yoy,2026-07-31,25.590081904262973,yellow,data
2026-10-06T15:33:01,cpi_yoy,2026-08-31,4.89,red,data
2026-10-06T15:33:01,cpi_avg_ytd,2026-07-31,4.393497411553593,yellow,data
2026-10-06T15:33:01,cpi_housing_yoy,2026-08-31,6.6,green,data
2026-10-06T15:33:01,fx_central,2026-08-10,25491.0,yellow,data
2026-10-06T15:33:01,fx_central_ytd,2026-08-10,1.4728713028939966,green,data
2026-10-06T15:33:01,deposit_12m_big4,2026-10-06,5.9,orange,data
2026-10-06T15:33:01,deposit_12m_all,2026-10-06,6.147368421052632,green,data
2026-10-06T15:33:01,interbank_on,2026-07-31,5.72,yellow,data
2026-10-06T15:33:01,refi_rate,2026-08-03,4.5,green,data
2026-10-06T15:33:01,govbond_10y,2026-07-31,4.464118,red,data
2026-10-06T15:33:01,real_rate,2026-08-31,1.010000000000001,yellow,data
2026-10-06T15:33:01,credit_ytd,2026-05-31,4.719252597353663,green,data
2026-10-06T15:33:01,credit_yoy,2026-05-31,16.837719328775336,green,data
2026-10-06T15:33:01,credit_construction_ytd,2026-05-31,5.860894457233434,green,data
2026-10-06T15:33:01,m2_ytd,2026-05-31,2.7283275723141154,green,data
2026-10-06T15:33:01,credit_minus_m2,2026-05-31,1.9909250250395472,green,data
2026-10-06T15:33:01,land_use_revenue,2024-12-31,217245.0,insufficient,data
2026-10-06T15:33:01,public_investment,2026-06-30,81430.19253,yellow,data
2026-10-06T15:33:01,public_investment_ytd_yoy,2026-06-30,13.475454350150606,green,data
2026-10-06T15:33:01,fdi_registered_ytd,2026-07-31,21045.97153151,red,data
2026-10-06T15:33:01,fdi_registered_ytd_yoy,2026-07-31,109.72732069382424,yellow,data
2026-10-06T15:33:01,pmi_vn,2026-08-31,53.3,green,data
2026-10-06T15:33:04,fed_upper,2026-10-05,4.0,green_strong,data
2026-10-06T15:33:04,fed_lower,2026-10-05,3.75,green,data
2026-10-06T15:33:04,effr,2026-10-02,3.88,green,data
2026-10-06T15:33:04,ust_2y,2026-10-02,4.83,green,data
2026-10-06T15:33:04,ust_10y,2026-10-02,5.28,red,data
2026-10-06T15:33:04,ust_10y2y,2026-10-05,0.47,yellow,data
2026-10-06T15:33:04,usd_broad,2026-10-02,121.3848,green,data
2026-10-06T15:33:04,dxy,2026-10-06,,green,data
2026-10-06T15:33:04,brent,2026-09-29,113.96,orange,data
2026-10-06T15:33:04,brent_futures,2026-10-06,,yellow,data
2026-10-06T15:33:04,copper,2026-10-05,,red,data
2026-10-06T15:33:04,copper_lme_stock,2026-10-05,,green,data
2026-10-06T15:33:04,copper_comex,2026-10-06,,red,data
2026-10-06T15:33:04,copper_imf,2026-07-31,13542.82086956522,red,data
2026-10-06T15:33:04,hy_spread,2026-10-02,3.1,green_strong,data
2026-10-06T15:33:04,breakeven_10y,2026-10-05,2.36,yellow,data
2026-10-06T15:33:04,vix,2026-10-02,15.31,yellow,data
2026-10-06T15:33:04,us_mortgage_30y,2026-10-01,7.28,yellow,data
2026-10-06T15:33:04,gdp_yoy_published,2026-06-30,8.39,yellow,data
2026-10-06T15:33:04,gdp_yoy,2026-06-30,89.72774377855093,insufficient,data
2026-10-06T15:33:04,gdp_realestate_yoy,2026-06-30,71.97617301993135,insufficient,data
2026-10-06T15:33:04,gdp_construction_yoy,2026-06-30,107.43704178752104,insufficient,data
2026-10-06T15:33:04,export_yoy,2026-07-31,25.590081904262973,yellow,data
2026-10-06T15:33:04,cpi_yoy,2026-08-31,4.89,red,data
2026-10-06T15:33:04,cpi_avg_ytd,2026-07-31,4.393497411553593,yellow,data
2026-10-06T15:33:04,cpi_housing_yoy,2026-08-31,6.6,green,data
2026-10-06T15:33:04,fx_central,2026-08-10,25491.0,yellow,data
2026-10-06T15:33:04,fx_central_ytd,2026-08-10,1.4728713028939966,green,data
2026-10-06T15:33:04,deposit_12m_big4,2026-10-06,5.9,orange,data
2026-10-06T15:33:04,deposit_12m_all,2026-10-06,6.147368421052632,green,data
2026-10-06T15:33:04,interbank_on,2026-07-31,5.72,yellow,data
2026-10-06T15:33:04,refi_rate,2026-08-03,4.5,green,data
2026-10-06T15:33:04,govbond_10y,2026-07-31,4.464118,red,data
2026-10-06T15:33:04,real_rate,2026-08-31,1.010000000000001,yellow,data
2026-10-06T15:33:04,credit_ytd,2026-05-31,4.719252597353663,green,data
2026-10-06T15:33:04,credit_yoy,2026-05-31,16.837719328775336,green,data
2026-10-06T15:33:04,credit_construction_ytd,2026-05-31,5.860894457233434,green,data
2026-10-06T15:33:04,m2_ytd,2026-05-31,2.7283275723141154,green,data
2026-10-06T15:33:04,credit_minus_m2,2026-05-31,1.9909250250395472,green,data
2026-10-06T15:33:04,land_use_revenue,2024-12-31,217245.0,insufficient,data
2026-10-06T15:33:04,public_investment,2026-06-30,81430.19253,yellow,data
2026-10-06T15:33:04,public_investment_ytd_yoy,2026-06-30,13.475454350150606,green,data
2026-10-06T15:33:04,fdi_registered_ytd,2026-07-31,21045.97153151,red,data
2026-10-06T15:33:04,fdi_registered_ytd_yoy,2026-07-31,109.72732069382424,yellow,data
2026-10-06T15:33:04,pmi_vn,2026-08-31,53.3,green,data
2026-10-06T15:33:05,fed_upper,2026-10-05,4.0,green_strong,data
2026-10-06T15:33:05,fed_lower,2026-10-05,3.75,green,data
2026-10-06T15:33:05,effr,2026-10-02,3.88,green,data
2026-10-06T15:33:05,ust_2y,2026-10-02,4.83,green,data
2026-10-06T15:33:05,ust_10y,2026-10-02,5.28,red,data
2026-10-06T15:33:05,ust_10y2y,2026-10-05,0.47,yellow,data
2026-10-06T15:33:05,usd_broad,2026-10-02,121.3848,green,data
2026-10-06T15:33:05,dxy,2026-10-06,,green,data
2026-10-06T15:33:05,brent,2026-09-29,113.96,orange,data
2026-10-06T15:33:05,brent_futures,2026-10-06,,yellow,data
2026-10-06T15:33:05,copper,2026-10-05,,red,data
2026-10-06T15:33:05,copper_lme_stock,2026-10-05,,green,data
2026-10-06T15:33:05,copper_comex,2026-10-06,,red,data
2026-10-06T15:33:05,copper_imf,2026-07-31,13542.82086956522,red,data
2026-10-06T15:33:05,hy_spread,2026-10-02,3.1,green_strong,data
2026-10-06T15:33:05,breakeven_10y,2026-10-05,2.36,yellow,data
2026-10-06T15:33:05,vix,2026-10-02,15.31,yellow,data
2026-10-06T15:33:05,us_mortgage_30y,2026-10-01,7.28,yellow,data
2026-10-06T15:33:05,gdp_yoy_published,2026-06-30,8.39,yellow,data
2026-10-06T15:33:05,gdp_yoy,2026-06-30,89.72774377855093,insufficient,data
2026-10-06T15:33:05,gdp_realestate_yoy,2026-06-30,71.97617301993135,insufficient,data
2026-10-06T15:33:05,gdp_construction_yoy,2026-06-30,107.43704178752104,insufficient,data
2026-10-06T15:33:05,export_yoy,2026-07-31,25.590081904262973,yellow,data
2026-10-06T15:33:05,cpi_yoy,2026-08-31,4.89,red,data
2026-10-06T15:33:05,cpi_avg_ytd,2026-07-31,4.393497411553593,yellow,data
2026-10-06T15:33:05,cpi_housing_yoy,2026-08-31,6.6,green,data
2026-10-06T15:33:05,fx_central,2026-08-10,25491.0,yellow,data
2026-10-06T15:33:05,fx_central_ytd,2026-08-10,1.4728713028939966,green,data
2026-10-06T15:33:05,deposit_12m_big4,2026-10-06,5.9,orange,data
2026-10-06T15:33:05,deposit_12m_all,2026-10-06,6.147368421052632,green,data
2026-10-06T15:33:05,interbank_on,2026-07-31,5.72,yellow,data
2026-10-06T15:33:05,refi_rate,2026-08-03,4.5,green,data
2026-10-06T15:33:05,govbond_10y,2026-07-31,4.464118,red,data
2026-10-06T15:33:05,real_rate,2026-08-31,1.010000000000001,yellow,data
2026-10-06T15:33:05,credit_ytd,2026-05-31,4.719252597353663,green,data
2026-10-06T15:33:05,credit_yoy,2026-05-31,16.837719328775336,green,data
2026-10-06T15:33:05,credit_construction_ytd,2026-05-31,5.860894457233434,green,data
2026-10-06T15:33:05,m2_ytd,2026-05-31,2.7283275723141154,green,data
2026-10-06T15:33:05,credit_minus_m2,2026-05-31,1.9909250250395472,green,data
2026-10-06T15:33:05,land_use_revenue,2024-12-31,217245.0,insufficient,data
2026-10-06T15:33:05,public_investment,2026-06-30,81430.19253,yellow,data
2026-10-06T15:33:05,public_investment_ytd_yoy,2026-06-30,13.475454350150606,green,data
2026-10-06T15:33:05,fdi_registered_ytd,2026-07-31,21045.97153151,red,data
2026-10-06T15:33:05,fdi_registered_ytd_yoy,2026-07-31,109.72732069382424,yellow,data
2026-10-06T15:33:05,pmi_vn,2026-08-31,53.3,green,data
2026-10-06T15:33:08,fed_upper,2026-10-05,4.0,green_strong,data
2026-10-06T15:33:08,fed_lower,2026-10-05,3.75,green,data
2026-10-06T15:33:08,effr,2026-10-02,3.88,green,data
2026-10-06T15:33:08,ust_2y,2026-10-02,4.83,green,data
2026-10-06T15:33:08,ust_10y,2026-10-02,5.28,red,data
2026-10-06T15:33:08,ust_10y2y,2026-10-05,0.47,yellow,data
2026-10-06T15:33:08,usd_broad,2026-10-02,121.3848,green,data
2026-10-06T15:33:08,dxy,2026-10-06,,green,data
2026-10-06T15:33:08,brent,2026-09-29,113.96,orange,data
2026-10-06T15:33:08,brent_futures,2026-10-06,,yellow,data
2026-10-06T15:33:08,copper,2026-10-05,,red,data
2026-10-06T15:33:08,copper_lme_stock,2026-10-05,,green,data
2026-10-06T15:33:08,copper_comex,2026-10-06,,red,data
2026-10-06T15:33:08,copper_imf,2026-07-31,13542.82086956522,red,data
2026-10-06T15:33:08,hy_spread,2026-10-02,3.1,green_strong,data
2026-10-06T15:33:08,breakeven_10y,2026-10-05,2.36,yellow,data
2026-10-06T15:33:08,vix,2026-10-02,15.31,yellow,data
2026-10-06T15:33:08,us_mortgage_30y,2026-10-01,7.28,yellow,data
2026-10-06T15:33:08,gdp_yoy_published,2026-06-30,8.39,yellow,data
2026-10-06T15:33:08,gdp_yoy,2026-06-30,89.72774377855093,insufficient,data
2026-10-06T15:33:08,gdp_realestate_yoy,2026-06-30,71.97617301993135,insufficient,data
2026-10-06T15:33:08,gdp_construction_yoy,2026-06-30,107.43704178752104,insufficient,data
2026-10-06T15:33:08,export_yoy,2026-07-31,25.590081904262973,yellow,data
2026-10-06T15:33:08,cpi_yoy,2026-08-31,4.89,red,data
2026-10-06T15:33:08,cpi_avg_ytd,2026-07-31,4.393497411553593,yellow,data
2026-10-06T15:33:08,cpi_housing_yoy,2026-08-31,6.6,green,data
2026-10-06T15:33:08,fx_central,2026-08-10,25491.0,yellow,data
2026-10-06T15:33:08,fx_central_ytd,2026-08-10,1.4728713028939966,green,data
2026-10-06T15:33:08,deposit_12m_big4,2026-10-06,5.9,orange,data
2026-10-06T15:33:08,deposit_12m_all,2026-10-06,6.147368421052632,green,data
2026-10-06T15:33:08,interbank_on,2026-07-31,5.72,yellow,data
2026-10-06T15:33:08,refi_rate,2026-08-03,4.5,green,data
2026-10-06T15:33:08,govbond_10y,2026-07-31,4.464118,red,data
2026-10-06T15:33:08,real_rate,2026-08-31,1.010000000000001,yellow,data
2026-10-06T15:33:08,credit_ytd,2026-05-31,4.719252597353663,green,data
2026-10-06T15:33:08,credit_yoy,2026-05-31,16.837719328775336,green,data
2026-10-06T15:33:08,credit_construction_ytd,2026-05-31,5.860894457233434,green,data
2026-10-06T15:33:08,m2_ytd,2026-05-31,2.7283275723141154,green,data
2026-10-06T15:33:08,credit_minus_m2,2026-05-31,1.9909250250395472,green,data
2026-10-06T15:33:08,land_use_revenue,2024-12-31,217245.0,insufficient,data
2026-10-06T15:33:08,public_investment,2026-06-30,81430.19253,yellow,data
2026-10-06T15:33:08,public_investment_ytd_yoy,2026-06-30,13.475454350150606,green,data
2026-10-06T15:33:08,fdi_registered_ytd,2026-07-31,21045.97153151,red,data
2026-10-06T15:33:08,fdi_registered_ytd_yoy,2026-07-31,109.72732069382424,yellow,data
2026-10-06T15:33:08,pmi_vn,2026-08-31,53.3,green,data
2026-10-06T15:33:09,fed_upper,2026-10-05,4.0,green_strong,data
2026-10-06T15:33:09,fed_lower,2026-10-05,3.75,green,data
2026-10-06T15:33:09,effr,2026-10-02,3.88,green,data
2026-10-06T15:33:09,ust_2y,2026-10-02,4.83,green,data
2026-10-06T15:33:09,ust_10y,2026-10-02,5.28,red,data
2026-10-06T15:33:09,ust_10y2y,2026-10-05,0.47,yellow,data
2026-10-06T15:33:09,usd_broad,2026-10-02,121.3848,green,data
2026-10-06T15:33:09,dxy,2026-10-06,,green,data
2026-10-06T15:33:09,brent,2026-09-29,113.96,orange,data
2026-10-06T15:33:09,brent_futures,2026-10-06,,yellow,data
2026-10-06T15:33:09,copper,2026-10-05,,red,data
2026-10-06T15:33:09,copper_lme_stock,2026-10-05,,green,data
2026-10-06T15:33:09,copper_comex,2026-10-06,,red,data
2026-10-06T15:33:09,copper_imf,2026-07-31,13542.82086956522,red,data
2026-10-06T15:33:09,hy_spread,2026-10-02,3.1,green_strong,data
2026-10-06T15:33:09,breakeven_10y,2026-10-05,2.36,yellow,data
2026-10-06T15:33:09,vix,2026-10-02,15.31,yellow,data
2026-10-06T15:33:09,us_mortgage_30y,2026-10-01,7.28,yellow,data
2026-10-06T15:33:09,gdp_yoy_published,2026-06-30,8.39,yellow,data
2026-10-06T15:33:09,gdp_yoy,2026-06-30,89.72774377855093,insufficient,data
2026-10-06T15:33:09,gdp_realestate_yoy,2026-06-30,71.97617301993135,insufficient,data
2026-10-06T15:33:09,gdp_construction_yoy,2026-06-30,107.43704178752104,insufficient,data
2026-10-06T15:33:09,export_yoy,2026-07-31,25.590081904262973,yellow,data
2026-10-06T15:33:09,cpi_yoy,2026-08-31,4.89,red,data
2026-10-06T15:33:09,cpi_avg_ytd,2026-07-31,4.393497411553593,yellow,data
2026-10-06T15:33:09,cpi_housing_yoy,2026-08-31,6.6,green,data
2026-10-06T15:33:09,fx_central,2026-08-10,25491.0,yellow,data
2026-10-06T15:33:09,fx_central_ytd,2026-08-10,1.4728713028939966,green,data
2026-10-06T15:33:09,deposit_12m_big4,2026-10-06,5.9,orange,data
2026-10-06T15:33:09,deposit_12m_all,2026-10-06,6.147368421052632,green,data
2026-10-06T15:33:09,interbank_on,2026-07-31,5.72,yellow,data
2026-10-06T15:33:09,refi_rate,2026-08-03,4.5,green,data
2026-10-06T15:33:09,govbond_10y,2026-07-31,4.464118,red,data
2026-10-06T15:33:09,real_rate,2026-08-31,1.010000000000001,yellow,data
2026-10-06T15:33:09,credit_ytd,2026-05-31,4.719252597353663,green,data
2026-10-06T15:33:09,credit_yoy,2026-05-31,16.837719328775336,green,data
2026-10-06T15:33:09,credit_construction_ytd,2026-05-31,5.860894457233434,green,data
2026-10-06T15:33:09,m2_ytd,2026-05-31,2.7283275723141154,green,data
2026-10-06T15:33:09,credit_minus_m2,2026-05-31,1.9909250250395472,green,data
2026-10-06T15:33:09,land_use_revenue,2024-12-31,217245.0,insufficient,data
2026-10-06T15:33:09,public_investment,2026-06-30,81430.19253,yellow,data
2026-10-06T15:33:09,public_investment_ytd_yoy,2026-06-30,13.475454350150606,green,data
2026-10-06T15:33:09,fdi_registered_ytd,2026-07-31,21045.97153151,red,data
2026-10-06T15:33:09,fdi_registered_ytd_yoy,2026-07-31,109.72732069382424,yellow,data
2026-10-06T15:33:09,pmi_vn,2026-08-31,53.3,green,data
2026-10-06T15:33:14,fed_upper,2026-10-05,4.0,green_strong,data
2026-10-06T15:33:14,fed_lower,2026-10-05,3.75,green,data
2026-10-06T15:33:14,effr,2026-10-02,3.88,green,data
2026-10-06T15:33:14,ust_2y,2026-10-02,4.83,green,data
2026-10-06T15:33:14,ust_10y,2026-10-02,5.28,red,data
2026-10-06T15:33:14,ust_10y2y,2026-10-05,0.47,yellow,data
2026-10-06T15:33:14,usd_broad,2026-10-02,121.3848,green,data
2026-10-06T15:33:14,dxy,2026-10-06,,green,data
2026-10-06T15:33:14,brent,2026-09-29,113.96,orange,data
2026-10-06T15:33:14,brent_futures,2026-10-06,,yellow,data
2026-10-06T15:33:14,copper,2026-10-05,,red,data
2026-10-06T15:33:14,copper_lme_stock,2026-10-05,,green,data
2026-10-06T15:33:14,copper_comex,2026-10-06,,red,data
2026-10-06T15:33:14,copper_imf,2026-07-31,13542.82086956522,red,data
2026-10-06T15:33:14,hy_spread,2026-10-02,3.1,green_strong,data
2026-10-06T15:33:14,breakeven_10y,2026-10-05,2.36,yellow,data
2026-10-06T15:33:14,vix,2026-10-02,15.31,yellow,data
2026-10-06T15:33:14,us_mortgage_30y,2026-10-01,7.28,yellow,data
2026-10-06T15:33:14,gdp_yoy_published,2026-06-30,8.39,yellow,data
2026-10-06T15:33:14,gdp_yoy,2026-06-30,89.72774377855093,insufficient,data
2026-10-06T15:33:14,gdp_realestate_yoy,2026-06-30,71.97617301993135,insufficient,data
2026-10-06T15:33:14,gdp_construction_yoy,2026-06-30,107.43704178752104,insufficient,data
2026-10-06T15:33:14,export_yoy,2026-07-31,25.590081904262973,yellow,data
2026-10-06T15:33:14,cpi_yoy,2026-08-31,4.89,red,data
2026-10-06T15:33:14,cpi_avg_ytd,2026-07-31,4.393497411553593,yellow,data
2026-10-06T15:33:14,cpi_housing_yoy,2026-08-31,6.6,green,data
2026-10-06T15:33:14,fx_central,2026-08-10,25491.0,yellow,data
2026-10-06T15:33:14,fx_central_ytd,2026-08-10,1.4728713028939966,green,data
2026-10-06T15:33:14,deposit_12m_big4,2026-10-06,5.9,orange,data
2026-10-06T15:33:14,deposit_12m_all,2026-10-06,6.147368421052632,green,data
2026-10-06T15:33:14,interbank_on,2026-07-31,5.72,yellow,data
2026-10-06T15:33:14,refi_rate,2026-08-03,4.5,green,data
2026-10-06T15:33:14,govbond_10y,2026-07-31,4.464118,red,data
2026-10-06T15:33:14,real_rate,2026-08-31,1.010000000000001,yellow,data
2026-10-06T15:33:14,credit_ytd,2026-05-31,4.719252597353663,green,data
2026-10-06T15:33:14,credit_yoy,2026-05-31,16.837719328775336,green,data
2026-10-06T15:33:14,credit_construction_ytd,2026-05-31,5.860894457233434,green,data
2026-10-06T15:33:14,m2_ytd,2026-05-31,2.7283275723141154,green,data
2026-10-06T15:33:14,credit_minus_m2,2026-05-31,1.9909250250395472,green,data
2026-10-06T15:33:14,land_use_revenue,2024-12-31,217245.0,insufficient,data
2026-10-06T15:33:14,public_investment,2026-06-30,81430.19253,yellow,data
2026-10-06T15:33:14,public_investment_ytd_yoy,2026-06-30,13.475454350150606,green,data
2026-10-06T15:33:14,fdi_registered_ytd,2026-07-31,21045.97153151,red,data
2026-10-06T15:33:14,fdi_registered_ytd_yoy,2026-07-31,109.72732069382424,yellow,data
2026-10-06T15:33:14,pmi_vn,2026-08-31,53.3,green,data
2026-10-06T15:33:15,fed_upper,2026-10-05,4.0,green_strong,data
2026-10-06T15:33:15,fed_lower,2026-10-05,3.75,green,data
2026-10-06T15:33:15,effr,2026-10-02,3.88,green,data
2026-10-06T15:33:15,ust_2y,2026-10-02,4.83,green,data
2026-10-06T15:33:15,ust_10y,2026-10-02,5.28,red,data
2026-10-06T15:33:15,ust_10y2y,2026-10-05,0.47,yellow,data
2026-10-06T15:33:15,usd_broad,2026-10-02,121.3848,green,data
2026-10-06T15:33:15,dxy,2026-10-06,,green,data
2026-10-06T15:33:15,brent,2026-09-29,113.96,orange,data
2026-10-06T15:33:15,brent_futures,2026-10-06,,yellow,data
2026-10-06T15:33:15,copper,2026-10-05,,red,data
2026-10-06T15:33:15,copper_lme_stock,2026-10-05,,green,data
2026-10-06T15:33:15,copper_comex,2026-10-06,,red,data
2026-10-06T15:33:15,copper_imf,2026-07-31,13542.82086956522,red,data
2026-10-06T15:33:15,hy_spread,2026-10-02,3.1,green_strong,data
2026-10-06T15:33:15,breakeven_10y,2026-10-05,2.36,yellow,data
2026-10-06T15:33:15,vix,2026-10-02,15.31,yellow,data
2026-10-06T15:33:15,us_mortgage_30y,2026-10-01,7.28,yellow,data
2026-10-06T15:33:15,gdp_yoy_published,2026-06-30,8.39,yellow,data
2026-10-06T15:33:15,gdp_yoy,2026-06-30,89.72774377855093,insufficient,data
2026-10-06T15:33:15,gdp_realestate_yoy,2026-06-30,71.97617301993135,insufficient,data
2026-10-06T15:33:15,gdp_construction_yoy,2026-06-30,107.43704178752104,insufficient,data
2026-10-06T15:33:15,export_yoy,2026-07-31,25.590081904262973,yellow,data
2026-10-06T15:33:15,cpi_yoy,2026-08-31,4.89,red,data
2026-10-06T15:33:15,cpi_avg_ytd,2026-07-31,4.393497411553593,yellow,data
2026-10-06T15:33:15,cpi_housing_yoy,2026-08-31,6.6,green,data
2026-10-06T15:33:15,fx_central,2026-08-10,25491.0,yellow,data
2026-10-06T15:33:15,fx_central_ytd,2026-08-10,1.4728713028939966,green,data
2026-10-06T15:33:15,deposit_12m_big4,2026-10-06,5.9,orange,data
2026-10-06T15:33:15,deposit_12m_all,2026-10-06,6.147368421052632,green,data
2026-10-06T15:33:15,interbank_on,2026-07-31,5.72,yellow,data
2026-10-06T15:33:15,refi_rate,2026-08-03,4.5,green,data
2026-10-06T15:33:15,govbond_10y,2026-07-31,4.464118,red,data
2026-10-06T15:33:15,real_rate,2026-08-31,1.010000000000001,yellow,data
2026-10-06T15:33:15,credit_ytd,2026-05-31,4.719252597353663,green,data
2026-10-06T15:33:15,credit_yoy,2026-05-31,16.837719328775336,green,data
2026-10-06T15:33:15,credit_construction_ytd,2026-05-31,5.860894457233434,green,data
2026-10-06T15:33:15,m2_ytd,2026-05-31,2.7283275723141154,green,data
2026-10-06T15:33:15,credit_minus_m2,2026-05-31,1.9909250250395472,green,data
2026-10-06T15:33:15,land_use_revenue,2024-12-31,217245.0,insufficient,data
2026-10-06T15:33:15,public_investment,2026-06-30,81430.19253,yellow,data
2026-10-06T15:33:15,public_investment_ytd_yoy,2026-06-30,13.475454350150606,green,data
2026-10-06T15:33:15,fdi_registered_ytd,2026-07-31,21045.97153151,red,data
2026-10-06T15:33:15,fdi_registered_ytd_yoy,2026-07-31,109.72732069382424,yellow,data
2026-10-06T15:33:15,pmi_vn,2026-08-31,53.3,green,data
2026-10-06T15:33:21,fed_upper,2026-10-05,4.0,green_strong,data
2026-10-06T15:33:21,fed_lower,2026-10-05,3.75,green,data
2026-10-06T15:33:21,effr,2026-10-02,3.88,green,data
2026-10-06T15:33:21,ust_2y,2026-10-02,4.83,green,data
2026-10-06T15:33:21,ust_10y,2026-10-02,5.28,red,data
2026-10-06T15:33:21,ust_10y2y,2026-10-05,0.47,yellow,data
2026-10-06T15:33:21,usd_broad,2026-10-02,121.3848,green,data
2026-10-06T15:33:21,dxy,2026-10-06,,green,data
2026-10-06T15:33:21,brent,2026-09-29,113.96,orange,data
2026-10-06T15:33:21,brent_futures,2026-10-06,,yellow,data
2026-10-06T15:33:21,copper,2026-10-05,,red,data
2026-10-06T15:33:21,copper_lme_stock,2026-10-05,,green,data
2026-10-06T15:33:21,copper_comex,2026-10-06,,red,data
2026-10-06T15:33:21,copper_imf,2026-07-31,13542.82086956522,red,data
2026-10-06T15:33:21,hy_spread,2026-10-02,3.1,green_strong,data
2026-10-06T15:33:21,breakeven_10y,2026-10-05,2.36,yellow,data
2026-10-06T15:33:21,vix,2026-10-02,15.31,yellow,data
2026-10-06T15:33:21,us_mortgage_30y,2026-10-01,7.28,yellow,data
2026-10-06T15:33:21,gdp_yoy_published,2026-06-30,8.39,yellow,data
2026-10-06T15:33:21,gdp_yoy,2026-06-30,89.72774377855093,insufficient,data
2026-10-06T15:33:21,gdp_realestate_yoy,2026-06-30,71.97617301993135,insufficient,data
2026-10-06T15:33:21,gdp_construction_yoy,2026-06-30,107.43704178752104,insufficient,data
2026-10-06T15:33:21,export_yoy,2026-07-31,25.590081904262973,yellow,data
2026-10-06T15:33:21,cpi_yoy,2026-08-31,4.89,red,data
2026-10-06T15:33:21,cpi_avg_ytd,2026-07-31,4.393497411553593,yellow,data
2026-10-06T15:33:21,cpi_housing_yoy,2026-08-31,6.6,green,data
2026-10-06T15:33:21,fx_central,2026-08-10,25491.0,yellow,data
2026-10-06T15:33:21,fx_central_ytd,2026-08-10,1.4728713028939966,green,data
2026-10-06T15:33:21,deposit_12m_big4,2026-10-06,5.9,orange,data
2026-10-06T15:33:21,deposit_12m_all,2026-10-06,6.147368421052632,green,data
2026-10-06T15:33:21,interbank_on,2026-07-31,5.72,yellow,data
2026-10-06T15:33:21,refi_rate,2026-08-03,4.5,green,data
2026-10-06T15:33:21,govbond_10y,2026-07-31,4.464118,red,data
2026-10-06T15:33:21,real_rate,2026-08-31,1.010000000000001,yellow,data
2026-10-06T15:33:21,credit_ytd,2026-05-31,4.719252597353663,green,data
2026-10-06T15:33:21,credit_yoy,2026-05-31,16.837719328775336,green,data
2026-10-06T15:33:21,credit_construction_ytd,2026-05-31,5.860894457233434,green,data
2026-10-06T15:33:21,m2_ytd,2026-05-31,2.7283275723141154,green,data
2026-10-06T15:33:21,credit_minus_m2,2026-05-31,1.9909250250395472,green,data
2026-10-06T15:33:21,land_use_revenue,2024-12-31,217245.0,insufficient,data
2026-10-06T15:33:21,public_investment,2026-06-30,81430.19253,yellow,data
2026-10-06T15:33:21,public_investment_ytd_yoy,2026-06-30,13.475454350150606,green,data
2026-10-06T15:33:21,fdi_registered_ytd,2026-07-31,21045.97153151,red,data
2026-10-06T15:33:21,fdi_registered_ytd_yoy,2026-07-31,109.72732069382424,yellow,data
2026-10-06T15:33:21,pmi_vn,2026-08-31,53.3,green,data
2026-10-06T15:33:25,fed_upper,2026-10-05,4.0,green_strong,data
2026-10-06T15:33:25,fed_lower,2026-10-05,3.75,green,data
2026-10-06T15:33:25,effr,2026-10-02,3.88,green,data
2026-10-06T15:33:25,ust_2y,2026-10-02,4.83,green,data
2026-10-06T15:33:25,ust_10y,2026-10-02,5.28,red,data
2026-10-06T15:33:25,ust_10y2y,2026-10-05,0.47,yellow,data
2026-10-06T15:33:25,usd_broad,2026-10-02,121.3848,green,data
2026-10-06T15:33:25,dxy,2026-10-06,,green,data
2026-10-06T15:33:25,brent,2026-09-29,113.96,orange,data
2026-10-06T15:33:25,brent_futures,2026-10-06,,yellow,data
2026-10-06T15:33:25,copper,2026-10-05,,red,data
2026-10-06T15:33:25,copper_lme_stock,2026-10-05,,green,data
2026-10-06T15:33:25,copper_comex,2026-10-06,,red,data
2026-10-06T15:33:25,copper_imf,2026-07-31,13542.82086956522,red,data
2026-10-06T15:33:25,hy_spread,2026-10-02,3.1,green_strong,data
2026-10-06T15:33:25,breakeven_10y,2026-10-05,2.36,yellow,data
2026-10-06T15:33:25,vix,2026-10-02,15.31,yellow,data
2026-10-06T15:33:25,us_mortgage_30y,2026-10-01,7.28,yellow,data
2026-10-06T15:33:25,gdp_yoy_published,2026-06-30,8.39,yellow,data
2026-10-06T15:33:25,gdp_yoy,2026-06-30,89.72774377855093,insufficient,data
2026-10-06T15:33:25,gdp_realestate_yoy,2026-06-30,71.97617301993135,insufficient,data
2026-10-06T15:33:25,gdp_construction_yoy,2026-06-30,107.43704178752104,insufficient,data
2026-10-06T15:33:25,export_yoy,2026-07-31,25.590081904262973,yellow,data
2026-10-06T15:33:25,cpi_yoy,2026-08-31,4.89,red,data
2026-10-06T15:33:25,cpi_avg_ytd,2026-07-31,4.393497411553593,yellow,data
2026-10-06T15:33:25,cpi_housing_yoy,2026-08-31,6.6,green,data
2026-10-06T15:33:25,fx_central,2026-08-10,25491.0,yellow,data
2026-10-06T15:33:25,fx_central_ytd,2026-08-10,1.4728713028939966,green,data
2026-10-06T15:33:25,deposit_12m_big4,2026-10-06,5.9,orange,data
2026-10-06T15:33:25,deposit_12m_all,2026-10-06,6.147368421052632,green,data
2026-10-06T15:33:25,interbank_on,2026-07-31,5.72,yellow,data
2026-10-06T15:33:25,refi_rate,2026-08-03,4.5,green,data
2026-10-06T15:33:25,govbond_10y,2026-07-31,4.464118,red,data
2026-10-06T15:33:25,real_rate,2026-08-31,1.010000000000001,yellow,data
2026-10-06T15:33:25,credit_ytd,2026-05-31,4.719252597353663,green,data
2026-10-06T15:33:25,credit_yoy,2026-05-31,16.837719328775336,green,data
2026-10-06T15:33:25,credit_construction_ytd,2026-05-31,5.860894457233434,green,data
2026-10-06T15:33:25,m2_ytd,2026-05-31,2.7283275723141154,green,data
2026-10-06T15:33:25,credit_minus_m2,2026-05-31,1.9909250250395472,green,data
2026-10-06T15:33:25,land_use_revenue,2024-12-31,217245.0,insufficient,data
2026-10-06T15:33:25,public_investment,2026-06-30,81430.19253,yellow,data
2026-10-06T15:33:25,public_investment_ytd_yoy,2026-06-30,13.475454350150606,green,data
2026-10-06T15:33:25,fdi_registered_ytd,2026-07-31,21045.97153151,red,data
2026-10-06T15:33:25,fdi_registered_ytd_yoy,2026-07-31,109.72732069382424,yellow,data
2026-10-06T15:33:25,pmi_vn,2026-08-31,53.3,green,data
2026-10-06T15:33:29,fed_upper,2026-10-05,4.0,green_strong,data
2026-10-06T15:33:29,fed_lower,2026-10-05,3.75,green,data
2026-10-06T15:33:29,effr,2026-10-02,3.88,green,data
2026-10-06T15:33:29,ust_2y,2026-10-02,4.83,green,data
2026-10-06T15:33:29,ust_10y,2026-10-02,5.28,red,data
2026-10-06T15:33:29,ust_10y2y,2026-10-05,0.47,yellow,data
2026-10-06T15:33:29,usd_broad,2026-10-02,121.3848,green,data
2026-10-06T15:33:29,dxy,2026-10-06,,green,data
2026-10-06T15:33:29,brent,2026-09-29,113.96,orange,data
2026-10-06T15:33:29,brent_futures,2026-10-06,,yellow,data
2026-10-06T15:33:29,copper,2026-10-05,,red,data
2026-10-06T15:33:29,copper_lme_stock,2026-10-05,,green,data
2026-10-06T15:33:29,copper_comex,2026-10-06,,red,data
2026-10-06T15:33:29,copper_imf,2026-07-31,13542.82086956522,red,data
2026-10-06T15:33:29,hy_spread,2026-10-02,3.1,green_strong,data
2026-10-06T15:33:29,breakeven_10y,2026-10-05,2.36,yellow,data
2026-10-06T15:33:29,vix,2026-10-02,15.31,yellow,data
2026-10-06T15:33:29,us_mortgage_30y,2026-10-01,7.28,yellow,data
2026-10-06T15:33:29,gdp_yoy_published,2026-06-30,8.39,yellow,data
2026-10-06T15:33:29,gdp_yoy,2026-06-30,89.72774377855093,insufficient,data
2026-10-06T15:33:29,gdp_realestate_yoy,2026-06-30,71.97617301993135,insufficient,data
2026-10-06T15:33:29,gdp_construction_yoy,2026-06-30,107.43704178752104,insufficient,data
2026-10-06T15:33:29,export_yoy,2026-07-31,25.590081904262973,yellow,data
2026-10-06T15:33:29,cpi_yoy,2026-08-31,4.89,red,data
2026-10-06T15:33:29,cpi_avg_ytd,2026-07-31,4.393497411553593,yellow,data
2026-10-06T15:33:29,cpi_housing_yoy,2026-08-31,6.6,green,data
2026-10-06T15:33:29,fx_central,2026-08-10,25491.0,yellow,data
2026-10-06T15:33:29,fx_central_ytd,2026-08-10,1.4728713028939966,green,data
2026-10-06T15:33:29,deposit_12m_big4,2026-10-06,5.9,orange,data
2026-10-06T15:33:29,deposit_12m_all,2026-10-06,6.147368421052632,green,data
2026-10-06T15:33:29,interbank_on,2026-07-31,5.72,yellow,data
2026-10-06T15:33:29,refi_rate,2026-08-03,4.5,green,data
2026-10-06T15:33:29,govbond_10y,2026-07-31,4.464118,red,data
2026-10-06T15:33:29,real_rate,2026-08-31,1.010000000000001,yellow,data
2026-10-06T15:33:29,credit_ytd,2026-05-31,4.719252597353663,green,data
2026-10-06T15:33:29,credit_yoy,2026-05-31,16.837719328775336,green,data
2026-10-06T15:33:29,credit_construction_ytd,2026-05-31,5.860894457233434,green,data
2026-10-06T15:33:29,m2_ytd,2026-05-31,2.7283275723141154,green,data
2026-10-06T15:33:29,credit_minus_m2,2026-05-31,1.9909250250395472,green,data
2026-10-06T15:33:29,land_use_revenue,2024-12-31,217245.0,insufficient,data
2026-10-06T15:33:29,public_investment,2026-06-30,81430.19253,yellow,data
2026-10-06T15:33:29,public_investment_ytd_yoy,2026-06-30,13.475454350150606,green,data
2026-10-06T15:33:29,fdi_registered_ytd,2026-07-31,21045.97153151,red,data
2026-10-06T15:33:29,fdi_registered_ytd_yoy,2026-07-31,109.72732069382424,yellow,data
2026-10-06T15:33:29,pmi_vn,2026-08-31,53.3,green,data
2026-10-06T15:33:33,fed_upper,2026-10-05,4.0,green_strong,data
2026-10-06T15:33:33,fed_lower,2026-10-05,3.75,green,data
2026-10-06T15:33:33,effr,2026-10-02,3.88,green,data
2026-10-06T15:33:33,ust_2y,2026-10-02,4.83,green,data
2026-10-06T15:33:33,ust_10y,2026-10-02,5.28,red,data
2026-10-06T15:33:33,ust_10y2y,2026-10-05,0.47,yellow,data
2026-10-06T15:33:33,usd_broad,2026-10-02,121.3848,green,data
2026-10-06T15:33:33,dxy,2026-10-06,,green,data
2026-10-06T15:33:33,brent,2026-09-29,113.96,orange,data
2026-10-06T15:33:33,brent_futures,2026-10-06,,yellow,data
2026-10-06T15:33:33,copper,2026-10-05,,red,data
2026-10-06T15:33:33,copper_lme_stock,2026-10-05,,green,data
2026-10-06T15:33:33,copper_comex,2026-10-06,,red,data
2026-10-06T15:33:33,copper_imf,2026-07-31,13542.82086956522,red,data
2026-10-06T15:33:33,hy_spread,2026-10-02,3.1,green_strong,data
2026-10-06T15:33:33,breakeven_10y,2026-10-05,2.36,yellow,data
2026-10-06T15:33:33,vix,2026-10-02,15.31,yellow,data
2026-10-06T15:33:33,us_mortgage_30y,2026-10-01,7.28,yellow,data
2026-10-06T15:33:33,gdp_yoy_published,2026-06-30,8.39,yellow,data
2026-10-06T15:33:33,gdp_yoy,2026-06-30,89.72774377855093,insufficient,data
2026-10-06T15:33:33,gdp_realestate_yoy,2026-06-30,71.97617301993135,insufficient,data
2026-10-06T15:33:33,gdp_construction_yoy,2026-06-30,107.43704178752104,insufficient,data
2026-10-06T15:33:33,export_yoy,2026-07-31,25.590081904262973,yellow,data
2026-10-06T15:33:33,cpi_yoy,2026-08-31,4.89,red,data
2026-10-06T15:33:33,cpi_avg_ytd,2026-07-31,4.393497411553593,yellow,data
2026-10-06T15:33:33,cpi_housing_yoy,2026-08-31,6.6,green,data
2026-10-06T15:33:33,fx_central,2026-08-10,25491.0,yellow,data
2026-10-06T15:33:33,fx_central_ytd,2026-08-10,1.4728713028939966,green,data
2026-10-06T15:33:33,deposit_12m_big4,2026-10-06,5.9,orange,data
2026-10-06T15:33:33,deposit_12m_all,2026-10-06,6.147368421052632,green,data
2026-10-06T15:33:33,interbank_on,2026-07-31,5.72,yellow,data
2026-10-06T15:33:33,refi_rate,2026-08-03,4.5,green,data
2026-10-06T15:33:33,govbond_10y,2026-07-31,4.464118,red,data
2026-10-06T15:33:33,real_rate,2026-08-31,1.010000000000001,yellow,data
2026-10-06T15:33:33,credit_ytd,2026-05-31,4.719252597353663,green,data
2026-10-06T15:33:33,credit_yoy,2026-05-31,16.837719328775336,green,data
2026-10-06T15:33:33,credit_construction_ytd,2026-05-31,5.860894457233434,green,data
2026-10-06T15:33:33,m2_ytd,2026-05-31,2.7283275723141154,green,data
2026-10-06T15:33:33,credit_minus_m2,2026-05-31,1.9909250250395472,green,data
2026-10-06T15:33:33,land_use_revenue,2024-12-31,217245.0,insufficient,data
2026-10-06T15:33:33,public_investment,2026-06-30,81430.19253,yellow,data
2026-10-06T15:33:33,public_investment_ytd_yoy,2026-06-30,13.475454350150606,green,data
2026-10-06T15:33:33,fdi_registered_ytd,2026-07-31,21045.97153151,red,data
2026-10-06T15:33:33,fdi_registered_ytd_yoy,2026-07-31,109.72732069382424,yellow,data
2026-10-06T15:33:33,pmi_vn,2026-08-31,53.3,green,data
2026-10-06T15:33:35,fed_upper,2026-10-05,4.0,green_strong,data
2026-10-06T15:33:35,fed_lower,2026-10-05,3.75,green,data
2026-10-06T15:33:35,effr,2026-10-02,3.88,green,data
2026-10-06T15:33:35,ust_2y,2026-10-02,4.83,green,data
2026-10-06T15:33:35,ust_10y,2026-10-02,5.28,red,data
2026-10-06T15:33:35,ust_10y2y,2026-10-05,0.47,yellow,data
2026-10-06T15:33:35,usd_broad,2026-10-02,121.3848,green,data
2026-10-06T15:33:35,dxy,2026-10-06,,green,data
2026-10-06T15:33:35,brent,2026-09-29,113.96,orange,data
2026-10-06T15:33:35,brent_futures,2026-10-06,,yellow,data
2026-10-06T15:33:35,copper,2026-10-05,,red,data
2026-10-06T15:33:35,copper_lme_stock,2026-10-05,,green,data
2026-10-06T15:33:35,copper_comex,2026-10-06,,red,data
2026-10-06T15:33:35,copper_imf,2026-07-31,13542.82086956522,red,data
2026-10-06T15:33:35,hy_spread,2026-10-02,3.1,green_strong,data
2026-10-06T15:33:35,breakeven_10y,2026-10-05,2.36,yellow,data
2026-10-06T15:33:35,vix,2026-10-02,15.31,yellow,data
2026-10-06T15:33:35,us_mortgage_30y,2026-10-01,7.28,yellow,data
2026-10-06T15:33:35,gdp_yoy_published,2026-06-30,8.39,yellow,data
2026-10-06T15:33:35,gdp_yoy,2026-06-30,89.72774377855093,insufficient,data
2026-10-06T15:33:35,gdp_realestate_yoy,2026-06-30,71.97617301993135,insufficient,data
2026-10-06T15:33:35,gdp_construction_yoy,2026-06-30,107.43704178752104,insufficient,data
2026-10-06T15:33:35,export_yoy,2026-07-31,25.590081904262973,yellow,data
2026-10-06T15:33:35,cpi_yoy,2026-08-31,4.89,red,data
2026-10-06T15:33:35,cpi_avg_ytd,2026-07-31,4.393497411553593,yellow,data
2026-10-06T15:33:35,cpi_housing_yoy,2026-08-31,6.6,green,data
2026-10-06T15:33:35,fx_central,2026-08-10,25491.0,yellow,data
2026-10-06T15:33:35,fx_central_ytd,2026-08-10,1.4728713028939966,green,data
2026-10-06T15:33:35,deposit_12m_big4,2026-10-06,5.9,orange,data
2026-10-06T15:33:35,deposit_12m_all,2026-10-06,6.147368421052632,green,data
2026-10-06T15:33:35,interbank_on,2026-07-31,5.72,yellow,data
2026-10-06T15:33:35,refi_rate,2026-08-03,4.5,green,data
2026-10-06T15:33:35,govbond_10y,2026-07-31,4.464118,red,data
2026-10-06T15:33:35,real_rate,2026-08-31,1.010000000000001,yellow,data
2026-10-06T15:33:35,credit_ytd,2026-05-31,4.719252597353663,green,data
2026-10-06T15:33:35,credit_yoy,2026-05-31,16.837719328775336,green,data
2026-10-06T15:33:35,credit_construction_ytd,2026-05-31,5.860894457233434,green,data
2026-10-06T15:33:35,m2_ytd,2026-05-31,2.7283275723141154,green,data
2026-10-06T15:33:35,credit_minus_m2,2026-05-31,1.9909250250395472,green,data
2026-10-06T15:33:35,land_use_revenue,2024-12-31,217245.0,insufficient,data
2026-10-06T15:33:35,public_investment,2026-06-30,81430.19253,yellow,data
2026-10-06T15:33:35,public_investment_ytd_yoy,2026-06-30,13.475454350150606,green,data
2026-10-06T15:33:35,fdi_registered_ytd,2026-07-31,21045.97153151,red,data
2026-10-06T15:33:35,fdi_registered_ytd_yoy,2026-07-31,109.72732069382424,yellow,data
2026-10-06T15:33:35,pmi_vn,2026-08-31,53.3,green,data
2026-10-06T15:33:40,fed_upper,2026-10-05,4.0,green_strong,data
2026-10-06T15:33:40,fed_lower,2026-10-05,3.75,green,data
2026-10-06T15:33:40,effr,2026-10-02,3.88,green,data
2026-10-06T15:33:40,ust_2y,2026-10-02,4.83,green,data
2026-10-06T15:33:40,ust_10y,2026-10-02,5.28,red,data
2026-10-06T15:33:40,ust_10y2y,2026-10-05,0.47,yellow,data
2026-10-06T15:33:40,usd_broad,2026-10-02,121.3848,green,data
2026-10-06T15:33:40,dxy,2026-10-06,,green,data
2026-10-06T15:33:40,brent,2026-09-29,113.96,orange,data
2026-10-06T15:33:40,brent_futures,2026-10-06,,yellow,data
2026-10-06T15:33:40,copper,2026-10-05,,red,data
2026-10-06T15:33:40,copper_lme_stock,2026-10-05,,green,data
2026-10-06T15:33:40,copper_comex,2026-10-06,,red,data
2026-10-06T15:33:40,copper_imf,2026-07-31,13542.82086956522,red,data
2026-10-06T15:33:40,hy_spread,2026-10-02,3.1,green_strong,data
2026-10-06T15:33:40,breakeven_10y,2026-10-05,2.36,yellow,data
2026-10-06T15:33:40,vix,2026-10-02,15.31,yellow,data
2026-10-06T15:33:40,us_mortgage_30y,2026-10-01,7.28,yellow,data
2026-10-06T15:33:40,gdp_yoy_published,2026-06-30,8.39,yellow,data
2026-10-06T15:33:40,gdp_yoy,2026-06-30,89.72774377855093,insufficient,data
2026-10-06T15:33:40,gdp_realestate_yoy,2026-06-30,71.97617301993135,insufficient,data
2026-10-06T15:33:40,gdp_construction_yoy,2026-06-30,107.43704178752104,insufficient,data
2026-10-06T15:33:40,export_yoy,2026-07-31,25.590081904262973,yellow,data
2026-10-06T15:33:40,cpi_yoy,2026-08-31,4.89,red,data
2026-10-06T15:33:40,cpi_avg_ytd,2026-07-31,4.393497411553593,yellow,data
2026-10-06T15:33:40,cpi_housing_yoy,2026-08-31,6.6,green,data
2026-10-06T15:33:40,fx_central,2026-08-10,25491.0,yellow,data
2026-10-06T15:33:40,fx_central_ytd,2026-08-10,1.4728713028939966,green,data
2026-10-06T15:33:40,deposit_12m_big4,2026-10-06,5.9,orange,data
2026-10-06T15:33:40,deposit_12m_all,2026-10-06,6.147368421052632,green,data
2026-10-06T15:33:40,interbank_on,2026-07-31,5.72,yellow,data
2026-10-06T15:33:40,refi_rate,2026-08-03,4.5,green,data
2026-10-06T15:33:40,govbond_10y,2026-07-31,4.464118,red,data
2026-10-06T15:33:40,real_rate,2026-08-31,1.010000000000001,yellow,data
2026-10-06T15:33:40,credit_ytd,2026-05-31,4.719252597353663,green,data
2026-10-06T15:33:40,credit_yoy,2026-05-31,16.837719328775336,green,data
2026-10-06T15:33:40,credit_construction_ytd,2026-05-31,5.860894457233434,green,data
2026-10-06T15:33:40,m2_ytd,2026-05-31,2.7283275723141154,green,data
2026-10-06T15:33:40,credit_minus_m2,2026-05-31,1.9909250250395472,green,data
2026-10-06T15:33:40,land_use_revenue,2024-12-31,217245.0,insufficient,data
2026-10-06T15:33:40,public_investment,2026-06-30,81430.19253,yellow,data
2026-10-06T15:33:40,public_investment_ytd_yoy,2026-06-30,13.475454350150606,green,data
2026-10-06T15:33:40,fdi_registered_ytd,2026-07-31,21045.97153151,red,data
2026-10-06T15:33:40,fdi_registered_ytd_yoy,2026-07-31,109.72732069382424,yellow,data
2026-10-06T15:33:40,pmi_vn,2026-08-31,53.3,green,data
2026-10-06T15:33:40,fed_upper,2026-10-05,4.0,green_strong,data
2026-10-06T15:33:40,fed_lower,2026-10-05,3.75,green,data
2026-10-06T15:33:40,effr,2026-10-02,3.88,green,data
2026-10-06T15:33:40,ust_2y,2026-10-02,4.83,green,data
2026-10-06T15:33:40,ust_10y,2026-10-02,5.28,red,data
2026-10-06T15:33:40,ust_10y2y,2026-10-05,0.47,yellow,data
2026-10-06T15:33:40,usd_broad,2026-10-02,121.3848,green,data
2026-10-06T15:33:40,dxy,2026-10-06,,green,data
2026-10-06T15:33:40,brent,2026-09-29,113.96,orange,data
2026-10-06T15:33:40,brent_futures,2026-10-06,,yellow,data
2026-10-06T15:33:40,copper,2026-10-05,,red,data
2026-10-06T15:33:40,copper_lme_stock,2026-10-05,,green,data
2026-10-06T15:33:40,copper_comex,2026-10-06,,red,data
2026-10-06T15:33:40,copper_imf,2026-07-31,13542.82086956522,red,data
2026-10-06T15:33:40,hy_spread,2026-10-02,3.1,green_strong,data
2026-10-06T15:33:40,breakeven_10y,2026-10-05,2.36,yellow,data
2026-10-06T15:33:40,vix,2026-10-02,15.31,yellow,data
2026-10-06T15:33:40,us_mortgage_30y,2026-10-01,7.28,yellow,data
2026-10-06T15:33:40,gdp_yoy_published,2026-06-30,8.39,yellow,data
2026-10-06T15:33:40,gdp_yoy,2026-06-30,89.72774377855093,insufficient,data
2026-10-06T15:33:40,gdp_realestate_yoy,2026-06-30,71.97617301993135,insufficient,data
2026-10-06T15:33:40,gdp_construction_yoy,2026-06-30,107.43704178752104,insufficient,data
2026-10-06T15:33:40,export_yoy,2026-07-31,25.590081904262973,yellow,data
2026-10-06T15:33:40,cpi_yoy,2026-08-31,4.89,red,data
2026-10-06T15:33:40,cpi_avg_ytd,2026-07-31,4.393497411553593,yellow,data
2026-10-06T15:33:40,cpi_housing_yoy,2026-08-31,6.6,green,data
2026-10-06T15:33:40,fx_central,2026-08-10,25491.0,yellow,data
2026-10-06T15:33:40,fx_central_ytd,2026-08-10,1.4728713028939966,green,data
2026-10-06T15:33:40,deposit_12m_big4,2026-10-06,5.9,orange,data
2026-10-06T15:33:40,deposit_12m_all,2026-10-06,6.147368421052632,green,data
2026-10-06T15:33:40,interbank_on,2026-07-31,5.72,yellow,data
2026-10-06T15:33:40,refi_rate,2026-08-03,4.5,green,data
2026-10-06T15:33:40,govbond_10y,2026-07-31,4.464118,red,data
2026-10-06T15:33:40,real_rate,2026-08-31,1.010000000000001,yellow,data
2026-10-06T15:33:40,credit_ytd,2026-05-31,4.719252597353663,green,data
2026-10-06T15:33:40,credit_yoy,2026-05-31,16.837719328775336,green,data
2026-10-06T15:33:40,credit_construction_ytd,2026-05-31,5.860894457233434,green,data
2026-10-06T15:33:40,m2_ytd,2026-05-31,2.7283275723141154,green,data
2026-10-06T15:33:40,credit_minus_m2,2026-05-31,1.9909250250395472,green,data
2026-10-06T15:33:40,land_use_revenue,2024-12-31,217245.0,insufficient,data
2026-10-06T15:33:40,public_investment,2026-06-30,81430.19253,yellow,data
2026-10-06T15:33:40,public_investment_ytd_yoy,2026-06-30,13.475454350150606,green,data
2026-10-06T15:33:40,fdi_registered_ytd,2026-07-31,21045.97153151,red,data
2026-10-06T15:33:40,fdi_registered_ytd_yoy,2026-07-31,109.72732069382424,yellow,data
2026-10-06T15:33:40,pmi_vn,2026-08-31,53.3,green,data
2026-10-06T15:33:44,fed_upper,2026-10-05,4.0,green_strong,data
2026-10-06T15:33:44,fed_lower,2026-10-05,3.75,green,data
2026-10-06T15:33:44,effr,2026-10-02,3.88,green,data
2026-10-06T15:33:44,ust_2y,2026-10-02,4.83,green,data
2026-10-06T15:33:44,ust_10y,2026-10-02,5.28,red,data
2026-10-06T15:33:44,ust_10y2y,2026-10-05,0.47,yellow,data
2026-10-06T15:33:44,usd_broad,2026-10-02,121.3848,green,data
2026-10-06T15:33:44,dxy,2026-10-06,,green,data
2026-10-06T15:33:44,brent,2026-09-29,113.96,orange,data
2026-10-06T15:33:44,brent_futures,2026-10-06,,yellow,data
2026-10-06T15:33:44,copper,2026-10-05,,red,data
2026-10-06T15:33:44,copper_lme_stock,2026-10-05,,green,data
2026-10-06T15:33:44,copper_comex,2026-10-06,,red,data
2026-10-06T15:33:44,copper_imf,2026-07-31,13542.82086956522,red,data
2026-10-06T15:33:44,hy_spread,2026-10-02,3.1,green_strong,data
2026-10-06T15:33:44,breakeven_10y,2026-10-05,2.36,yellow,data
2026-10-06T15:33:44,vix,2026-10-02,15.31,yellow,data
2026-10-06T15:33:44,us_mortgage_30y,2026-10-01,7.28,yellow,data
2026-10-06T15:33:44,gdp_yoy_published,2026-06-30,8.39,yellow,data
2026-10-06T15:33:44,gdp_yoy,2026-06-30,89.72774377855093,insufficient,data
2026-10-06T15:33:44,gdp_realestate_yoy,2026-06-30,71.97617301993135,insufficient,data
2026-10-06T15:33:44,gdp_construction_yoy,2026-06-30,107.43704178752104,insufficient,data
2026-10-06T15:33:44,export_yoy,2026-07-31,25.590081904262973,yellow,data
2026-10-06T15:33:44,cpi_yoy,2026-08-31,4.89,red,data
2026-10-06T15:33:44,cpi_avg_ytd,2026-07-31,4.393497411553593,yellow,data
2026-10-06T15:33:44,cpi_housing_yoy,2026-08-31,6.6,green,data
2026-10-06T15:33:44,fx_central,2026-08-10,25491.0,yellow,data
2026-10-06T15:33:44,fx_central_ytd,2026-08-10,1.4728713028939966,green,data
2026-10-06T15:33:44,deposit_12m_big4,2026-10-06,5.9,orange,data
2026-10-06T15:33:44,deposit_12m_all,2026-10-06,6.147368421052632,green,data
2026-10-06T15:33:44,interbank_on,2026-07-31,5.72,yellow,data
2026-10-06T15:33:44,refi_rate,2026-08-03,4.5,green,data
2026-10-06T15:33:44,govbond_10y,2026-07-31,4.464118,red,data
2026-10-06T15:33:44,real_rate,2026-08-31,1.010000000000001,yellow,data
2026-10-06T15:33:44,credit_ytd,2026-05-31,4.719252597353663,green,data
2026-10-06T15:33:44,credit_yoy,2026-05-31,16.837719328775336,green,data
2026-10-06T15:33:44,credit_construction_ytd,2026-05-31,5.860894457233434,green,data
2026-10-06T15:33:44,m2_ytd,2026-05-31,2.7283275723141154,green,data
2026-10-06T15:33:44,credit_minus_m2,2026-05-31,1.9909250250395472,green,data
2026-10-06T15:33:44,land_use_revenue,2024-12-31,217245.0,insufficient,data
2026-10-06T15:33:44,public_investment,2026-06-30,81430.19253,yellow,data
2026-10-06T15:33:44,public_investment_ytd_yoy,2026-06-30,13.475454350150606,green,data
2026-10-06T15:33:44,fdi_registered_ytd,2026-07-31,21045.97153151,red,data
2026-10-06T15:33:44,fdi_registered_ytd_yoy,2026-07-31,109.72732069382424,yellow,data
2026-10-06T15:33:44,pmi_vn,2026-08-31,53.3,green,data
2026-10-06T15:33:45,fed_upper,2026-10-05,4.0,green_strong,data
2026-10-06T15:33:45,fed_lower,2026-10-05,3.75,green,data
2026-10-06T15:33:45,effr,2026-10-02,3.88,green,data
2026-10-06T15:33:45,ust_2y,2026-10-02,4.83,green,data
2026-10-06T15:33:45,ust_10y,2026-10-02,5.28,red,data
2026-10-06T15:33:45,ust_10y2y,2026-10-05,0.47,yellow,data
2026-10-06T15:33:45,usd_broad,2026-10-02,121.3848,green,data
2026-10-06T15:33:45,dxy,2026-10-06,,green,data
2026-10-06T15:33:45,brent,2026-09-29,113.96,orange,data
2026-10-06T15:33:45,brent_futures,2026-10-06,,yellow,data
2026-10-06T15:33:45,copper,2026-10-05,,red,data
2026-10-06T15:33:45,copper_lme_stock,2026-10-05,,green,data
2026-10-06T15:33:45,copper_comex,2026-10-06,,red,data
2026-10-06T15:33:45,copper_imf,2026-07-31,13542.82086956522,red,data
2026-10-06T15:33:45,hy_spread,2026-10-02,3.1,green_strong,data
2026-10-06T15:33:45,breakeven_10y,2026-10-05,2.36,yellow,data
2026-10-06T15:33:45,vix,2026-10-02,15.31,yellow,data
2026-10-06T15:33:45,us_mortgage_30y,2026-10-01,7.28,yellow,data
2026-10-06T15:33:45,gdp_yoy_published,2026-06-30,8.39,yellow,data
2026-10-06T15:33:45,gdp_yoy,2026-06-30,89.72774377855093,insufficient,data
2026-10-06T15:33:45,gdp_realestate_yoy,2026-06-30,71.97617301993135,insufficient,data
2026-10-06T15:33:45,gdp_construction_yoy,2026-06-30,107.43704178752104,insufficient,data
2026-10-06T15:33:45,export_yoy,2026-07-31,25.590081904262973,yellow,data
2026-10-06T15:33:45,cpi_yoy,2026-08-31,4.89,red,data
2026-10-06T15:33:45,cpi_avg_ytd,2026-07-31,4.393497411553593,yellow,data
2026-10-06T15:33:45,cpi_housing_yoy,2026-08-31,6.6,green,data
2026-10-06T15:33:45,fx_central,2026-08-10,25491.0,yellow,data
2026-10-06T15:33:45,fx_central_ytd,2026-08-10,1.4728713028939966,green,data
2026-10-06T15:33:45,deposit_12m_big4,2026-10-06,5.9,orange,data
2026-10-06T15:33:45,deposit_12m_all,2026-10-06,6.147368421052632,green,data
2026-10-06T15:33:45,interbank_on,2026-07-31,5.72,yellow,data
2026-10-06T15:33:45,refi_rate,2026-08-03,4.5,green,data
2026-10-06T15:33:45,govbond_10y,2026-07-31,4.464118,red,data
2026-10-06T15:33:45,real_rate,2026-08-31,1.010000000000001,yellow,data
2026-10-06T15:33:45,credit_ytd,2026-05-31,4.719252597353663,green,data
2026-10-06T15:33:45,credit_yoy,2026-05-31,16.837719328775336,green,data
2026-10-06T15:33:45,credit_construction_ytd,2026-05-31,5.860894457233434,green,data
2026-10-06T15:33:45,m2_ytd,2026-05-31,2.7283275723141154,green,data
2026-10-06T15:33:45,credit_minus_m2,2026-05-31,1.9909250250395472,green,data
2026-10-06T15:33:45,land_use_revenue,2024-12-31,217245.0,insufficient,data
2026-10-06T15:33:45,public_investment,2026-06-30,81430.19253,yellow,data
2026-10-06T15:33:45,public_investment_ytd_yoy,2026-06-30,13.475454350150606,green,data
2026-10-06T15:33:45,fdi_registered_ytd,2026-07-31,21045.97153151,red,data
2026-10-06T15:33:45,fdi_registered_ytd_yoy,2026-07-31,109.72732069382424,yellow,data
2026-10-06T15:33:45,pmi_vn,2026-08-31,53.3,green,data
2026-10-06T15:33:48,fed_upper,2026-10-05,4.0,green_strong,data
2026-10-06T15:33:48,fed_lower,2026-10-05,3.75,green,data
2026-10-06T15:33:48,effr,2026-10-02,3.88,green,data
2026-10-06T15:33:48,ust_2y,2026-10-02,4.83,green,data
2026-10-06T15:33:48,ust_10y,2026-10-02,5.28,red,data
2026-10-06T15:33:48,ust_10y2y,2026-10-05,0.47,yellow,data
2026-10-06T15:33:48,usd_broad,2026-10-02,121.3848,green,data
2026-10-06T15:33:48,dxy,2026-10-06,,green,data
2026-10-06T15:33:48,brent,2026-09-29,113.96,orange,data
2026-10-06T15:33:48,brent_futures,2026-10-06,,yellow,data
2026-10-06T15:33:48,copper,2026-10-05,,red,data
2026-10-06T15:33:48,copper_lme_stock,2026-10-05,,green,data
2026-10-06T15:33:48,copper_comex,2026-10-06,,red,data
2026-10-06T15:33:48,copper_imf,2026-07-31,13542.82086956522,red,data
2026-10-06T15:33:48,hy_spread,2026-10-02,3.1,green_strong,data
2026-10-06T15:33:48,breakeven_10y,2026-10-05,2.36,yellow,data
2026-10-06T15:33:48,vix,2026-10-02,15.31,yellow,data
2026-10-06T15:33:48,us_mortgage_30y,2026-10-01,7.28,yellow,data
2026-10-06T15:33:48,gdp_yoy_published,2026-06-30,8.39,yellow,data
2026-10-06T15:33:48,gdp_yoy,2026-06-30,89.72774377855093,insufficient,data
2026-10-06T15:33:48,gdp_realestate_yoy,2026-06-30,71.97617301993135,insufficient,data
2026-10-06T15:33:48,gdp_construction_yoy,2026-06-30,107.43704178752104,insufficient,data
2026-10-06T15:33:48,export_yoy,2026-07-31,25.590081904262973,yellow,data
2026-10-06T15:33:48,cpi_yoy,2026-08-31,4.89,red,data
2026-10-06T15:33:48,cpi_avg_ytd,2026-07-31,4.393497411553593,yellow,data
2026-10-06T15:33:48,cpi_housing_yoy,2026-08-31,6.6,green,data
2026-10-06T15:33:48,fx_central,2026-08-10,25491.0,yellow,data
2026-10-06T15:33:48,fx_central_ytd,2026-08-10,1.4728713028939966,green,data
2026-10-06T15:33:48,deposit_12m_big4,2026-10-06,5.9,orange,data
2026-10-06T15:33:48,deposit_12m_all,2026-10-06,6.147368421052632,green,data
2026-10-06T15:33:48,interbank_on,2026-07-31,5.72,yellow,data
2026-10-06T15:33:48,refi_rate,2026-08-03,4.5,green,data
2026-10-06T15:33:48,govbond_10y,2026-07-31,4.464118,red,data
2026-10-06T15:33:48,real_rate,2026-08-31,1.010000000000001,yellow,data
2026-10-06T15:33:48,credit_ytd,2026-05-31,4.719252597353663,green,data
2026-10-06T15:33:48,credit_yoy,2026-05-31,16.837719328775336,green,data
2026-10-06T15:33:48,credit_construction_ytd,2026-05-31,5.860894457233434,green,data
2026-10-06T15:33:48,m2_ytd,2026-05-31,2.7283275723141154,green,data
2026-10-06T15:33:48,credit_minus_m2,2026-05-31,1.9909250250395472,green,data
2026-10-06T15:33:48,land_use_revenue,2024-12-31,217245.0,insufficient,data
2026-10-06T15:33:48,public_investment,2026-06-30,81430.19253,yellow,data
2026-10-06T15:33:48,public_investment_ytd_yoy,2026-06-30,13.475454350150606,green,data
2026-10-06T15:33:48,fdi_registered_ytd,2026-07-31,21045.97153151,red,data
2026-10-06T15:33:48,fdi_registered_ytd_yoy,2026-07-31,109.72732069382424,yellow,data
2026-10-06T15:33:48,pmi_vn,2026-08-31,53.3,green,data
2026-10-06T15:33:50,fed_upper,2026-10-05,4.0,green_strong,data
2026-10-06T15:33:50,fed_lower,2026-10-05,3.75,green,data
2026-10-06T15:33:50,effr,2026-10-02,3.88,green,data
2026-10-06T15:33:50,ust_2y,2026-10-02,4.83,green,data
2026-10-06T15:33:50,ust_10y,2026-10-02,5.28,red,data
2026-10-06T15:33:50,ust_10y2y,2026-10-05,0.47,yellow,data
2026-10-06T15:33:50,usd_broad,2026-10-02,121.3848,green,data
2026-10-06T15:33:50,dxy,2026-10-06,,green,data
2026-10-06T15:33:50,brent,2026-09-29,113.96,orange,data
2026-10-06T15:33:50,brent_futures,2026-10-06,,yellow,data
2026-10-06T15:33:50,copper,2026-10-05,,red,data
2026-10-06T15:33:50,copper_lme_stock,2026-10-05,,green,data
2026-10-06T15:33:50,copper_comex,2026-10-06,,red,data
2026-10-06T15:33:50,copper_imf,2026-07-31,13542.82086956522,red,data
2026-10-06T15:33:50,hy_spread,2026-10-02,3.1,green_strong,data
2026-10-06T15:33:50,breakeven_10y,2026-10-05,2.36,yellow,data
2026-10-06T15:33:50,vix,2026-10-02,15.31,yellow,data
2026-10-06T15:33:50,us_mortgage_30y,2026-10-01,7.28,yellow,data
2026-10-06T15:33:50,gdp_yoy_published,2026-06-30,8.39,yellow,data
2026-10-06T15:33:50,gdp_yoy,2026-06-30,89.72774377855093,insufficient,data
2026-10-06T15:33:50,gdp_realestate_yoy,2026-06-30,71.97617301993135,insufficient,data
2026-10-06T15:33:50,gdp_construction_yoy,2026-06-30,107.43704178752104,insufficient,data
2026-10-06T15:33:50,export_yoy,2026-07-31,25.590081904262973,yellow,data
2026-10-06T15:33:50,cpi_yoy,2026-08-31,4.89,red,data
2026-10-06T15:33:50,cpi_avg_ytd,2026-07-31,4.393497411553593,yellow,data
2026-10-06T15:33:50,cpi_housing_yoy,2026-08-31,6.6,green,data
2026-10-06T15:33:50,fx_central,2026-08-10,25491.0,yellow,data
2026-10-06T15:33:50,fx_central_ytd,2026-08-10,1.4728713028939966,green,data
2026-10-06T15:33:50,deposit_12m_big4,2026-10-06,5.9,orange,data
2026-10-06T15:33:50,deposit_12m_all,2026-10-06,6.147368421052632,green,data
2026-10-06T15:33:50,interbank_on,2026-07-31,5.72,yellow,data
2026-10-06T15:33:50,refi_rate,2026-08-03,4.5,green,data
2026-10-06T15:33:50,govbond_10y,2026-07-31,4.464118,red,data
2026-10-06T15:33:50,real_rate,2026-08-31,1.010000000000001,yellow,data
2026-10-06T15:33:50,credit_ytd,2026-05-31,4.719252597353663,green,data
2026-10-06T15:33:50,credit_yoy,2026-05-31,16.837719328775336,green,data
2026-10-06T15:33:50,credit_construction_ytd,2026-05-31,5.860894457233434,green,data
2026-10-06T15:33:50,m2_ytd,2026-05-31,2.7283275723141154,green,data
2026-10-06T15:33:50,credit_minus_m2,2026-05-31,1.9909250250395472,green,data
2026-10-06T15:33:50,land_use_revenue,2024-12-31,217245.0,insufficient,data
2026-10-06T15:33:50,public_investment,2026-06-30,81430.19253,yellow,data
2026-10-06T15:33:50,public_investment_ytd_yoy,2026-06-30,13.475454350150606,green,data
2026-10-06T15:33:50,fdi_registered_ytd,2026-07-31,21045.97153151,red,data
2026-10-06T15:33:50,fdi_registered_ytd_yoy,2026-07-31,109.72732069382424,yellow,data
2026-10-06T15:33:50,pmi_vn,2026-08-31,53.3,green,data
2026-10-06T15:33:51,fed_upper,2026-10-05,4.0,green_strong,data
2026-10-06T15:33:51,fed_lower,2026-10-05,3.75,green,data
2026-10-06T15:33:51,effr,2026-10-02,3.88,green,data
2026-10-06T15:33:51,ust_2y,2026-10-02,4.83,green,data
2026-10-06T15:33:51,ust_10y,2026-10-02,5.28,red,data
2026-10-06T15:33:51,ust_10y2y,2026-10-05,0.47,yellow,data
2026-10-06T15:33:51,usd_broad,2026-10-02,121.3848,green,data
2026-10-06T15:33:51,dxy,2026-10-06,,green,data
2026-10-06T15:33:51,brent,2026-09-29,113.96,orange,data
2026-10-06T15:33:51,brent_futures,2026-10-06,,yellow,data
2026-10-06T15:33:51,copper,2026-10-05,,red,data
2026-10-06T15:33:51,copper_lme_stock,2026-10-05,,green,data
2026-10-06T15:33:51,copper_comex,2026-10-06,,red,data
2026-10-06T15:33:51,copper_imf,2026-07-31,13542.82086956522,red,data
2026-10-06T15:33:51,hy_spread,2026-10-02,3.1,green_strong,data
2026-10-06T15:33:51,breakeven_10y,2026-10-05,2.36,yellow,data
2026-10-06T15:33:51,vix,2026-10-02,15.31,yellow,data
2026-10-06T15:33:51,us_mortgage_30y,2026-10-01,7.28,yellow,data
2026-10-06T15:33:51,gdp_yoy_published,2026-06-30,8.39,yellow,data
2026-10-06T15:33:51,gdp_yoy,2026-06-30,89.72774377855093,insufficient,data
2026-10-06T15:33:51,gdp_realestate_yoy,2026-06-30,71.97617301993135,insufficient,data
2026-10-06T15:33:51,gdp_construction_yoy,2026-06-30,107.43704178752104,insufficient,data
2026-10-06T15:33:51,export_yoy,2026-07-31,25.590081904262973,yellow,data
2026-10-06T15:33:51,cpi_yoy,2026-08-31,4.89,red,data
2026-10-06T15:33:51,cpi_avg_ytd,2026-07-31,4.393497411553593,yellow,data
2026-10-06T15:33:51,cpi_housing_yoy,2026-08-31,6.6,green,data
2026-10-06T15:33:51,fx_central,2026-08-10,25491.0,yellow,data
2026-10-06T15:33:51,fx_central_ytd,2026-08-10,1.4728713028939966,green,data
2026-10-06T15:33:51,deposit_12m_big4,2026-10-06,5.9,orange,data
2026-10-06T15:33:51,deposit_12m_all,2026-10-06,6.147368421052632,green,data
2026-10-06T15:33:51,interbank_on,2026-07-31,5.72,yellow,data
2026-10-06T15:33:51,refi_rate,2026-08-03,4.5,green,data
2026-10-06T15:33:51,govbond_10y,2026-07-31,4.464118,red,data
2026-10-06T15:33:51,real_rate,2026-08-31,1.010000000000001,yellow,data
2026-10-06T15:33:51,credit_ytd,2026-05-31,4.719252597353663,green,data
2026-10-06T15:33:51,credit_yoy,2026-05-31,16.837719328775336,green,data
2026-10-06T15:33:51,credit_construction_ytd,2026-05-31,5.860894457233434,green,data
2026-10-06T15:33:51,m2_ytd,2026-05-31,2.7283275723141154,green,data
2026-10-06T15:33:51,credit_minus_m2,2026-05-31,1.9909250250395472,green,data
2026-10-06T15:33:51,land_use_revenue,2024-12-31,217245.0,insufficient,data
2026-10-06T15:33:51,public_investment,2026-06-30,81430.19253,yellow,data
2026-10-06T15:33:51,public_investment_ytd_yoy,2026-06-30,13.475454350150606,green,data
2026-10-06T15:33:51,fdi_registered_ytd,2026-07-31,21045.97153151,red,data
2026-10-06T15:33:51,fdi_registered_ytd_yoy,2026-07-31,109.72732069382424,yellow,data
2026-10-06T15:33:51,pmi_vn,2026-08-31,53.3,green,data
2026-10-06T15:33:53,fed_upper,2026-10-05,4.0,green_strong,data
2026-10-06T15:33:53,fed_lower,2026-10-05,3.75,green,data
2026-10-06T15:33:53,effr,2026-10-02,3.88,green,data
2026-10-06T15:33:53,ust_2y,2026-10-02,4.83,green,data
2026-10-06T15:33:53,ust_10y,2026-10-02,5.28,red,data
2026-10-06T15:33:53,ust_10y2y,2026-10-05,0.47,yellow,data
2026-10-06T15:33:53,usd_broad,2026-10-02,121.3848,green,data
2026-10-06T15:33:53,dxy,2026-10-06,,green,data
2026-10-06T15:33:53,brent,2026-09-29,113.96,orange,data
2026-10-06T15:33:53,brent_futures,2026-10-06,,yellow,data
2026-10-06T15:33:53,copper,2026-10-05,,red,data
2026-10-06T15:33:53,copper_lme_stock,2026-10-05,,green,data
2026-10-06T15:33:53,copper_comex,2026-10-06,,red,data
2026-10-06T15:33:53,copper_imf,2026-07-31,13542.82086956522,red,data
2026-10-06T15:33:53,hy_spread,2026-10-02,3.1,green_strong,data
2026-10-06T15:33:53,breakeven_10y,2026-10-05,2.36,yellow,data
2026-10-06T15:33:53,vix,2026-10-02,15.31,yellow,data
2026-10-06T15:33:53,us_mortgage_30y,2026-10-01,7.28,yellow,data
2026-10-06T15:33:53,gdp_yoy_published,2026-06-30,8.39,yellow,data
2026-10-06T15:33:53,gdp_yoy,2026-06-30,89.72774377855093,insufficient,data
2026-10-06T15:33:53,gdp_realestate_yoy,2026-06-30,71.97617301993135,insufficient,data
2026-10-06T15:33:53,gdp_construction_yoy,2026-06-30,107.43704178752104,insufficient,data
2026-10-06T15:33:53,export_yoy,2026-07-31,25.590081904262973,yellow,data
2026-10-06T15:33:53,cpi_yoy,2026-08-31,4.89,red,data
2026-10-06T15:33:53,cpi_avg_ytd,2026-07-31,4.393497411553593,yellow,data
2026-10-06T15:33:53,cpi_housing_yoy,2026-08-31,6.6,green,data
2026-10-06T15:33:53,fx_central,2026-08-10,25491.0,yellow,data
2026-10-06T15:33:53,fx_central_ytd,2026-08-10,1.4728713028939966,green,data
2026-10-06T15:33:53,deposit_12m_big4,2026-10-06,5.9,orange,data
2026-10-06T15:33:53,deposit_12m_all,2026-10-06,6.147368421052632,green,data
2026-10-06T15:33:53,interbank_on,2026-07-31,5.72,yellow,data
2026-10-06T15:33:53,refi_rate,2026-08-03,4.5,green,data
2026-10-06T15:33:53,govbond_10y,2026-07-31,4.464118,red,data
2026-10-06T15:33:53,real_rate,2026-08-31,1.010000000000001,yellow,data
2026-10-06T15:33:53,credit_ytd,2026-05-31,4.719252597353663,green,data
2026-10-06T15:33:53,credit_yoy,2026-05-31,16.837719328775336,green,data
2026-10-06T15:33:53,credit_construction_ytd,2026-05-31,5.860894457233434,green,data
2026-10-06T15:33:53,m2_ytd,2026-05-31,2.7283275723141154,green,data
2026-10-06T15:33:53,credit_minus_m2,2026-05-31,1.9909250250395472,green,data
2026-10-06T15:33:53,land_use_revenue,2024-12-31,217245.0,insufficient,data
2026-10-06T15:33:53,public_investment,2026-06-30,81430.19253,yellow,data
2026-10-06T15:33:53,public_investment_ytd_yoy,2026-06-30,13.475454350150606,green,data
2026-10-06T15:33:53,fdi_registered_ytd,2026-07-31,21045.97153151,red,data
2026-10-06T15:33:53,fdi_registered_ytd_yoy,2026-07-31,109.72732069382424,yellow,data
2026-10-06T15:33:53,pmi_vn,2026-08-31,53.3,green,data
2026-10-06T15:33:54,fed_upper,2026-10-05,4.0,green_strong,data
2026-10-06T15:33:54,fed_lower,2026-10-05,3.75,green,data
2026-10-06T15:33:54,effr,2026-10-02,3.88,green,data
2026-10-06T15:33:54,ust_2y,2026-10-02,4.83,green,data
2026-10-06T15:33:54,ust_10y,2026-10-02,5.28,red,data
2026-10-06T15:33:54,ust_10y2y,2026-10-05,0.47,yellow,data
2026-10-06T15:33:54,usd_broad,2026-10-02,121.3848,green,data
2026-10-06T15:33:54,dxy,2026-10-06,,green,data
2026-10-06T15:33:54,brent,2026-09-29,113.96,orange,data
2026-10-06T15:33:54,brent_futures,2026-10-06,,yellow,data
2026-10-06T15:33:54,copper,2026-10-05,,red,data
2026-10-06T15:33:54,copper_lme_stock,2026-10-05,,green,data
2026-10-06T15:33:54,copper_comex,2026-10-06,,red,data
2026-10-06T15:33:54,copper_imf,2026-07-31,13542.82086956522,red,data
2026-10-06T15:33:54,hy_spread,2026-10-02,3.1,green_strong,data
2026-10-06T15:33:54,breakeven_10y,2026-10-05,2.36,yellow,data
2026-10-06T15:33:54,vix,2026-10-02,15.31,yellow,data
2026-10-06T15:33:54,us_mortgage_30y,2026-10-01,7.28,yellow,data
2026-10-06T15:33:54,gdp_yoy_published,2026-06-30,8.39,yellow,data
2026-10-06T15:33:54,gdp_yoy,2026-06-30,89.72774377855093,insufficient,data
2026-10-06T15:33:54,gdp_realestate_yoy,2026-06-30,71.97617301993135,insufficient,data
2026-10-06T15:33:54,gdp_construction_yoy,2026-06-30,107.43704178752104,insufficient,data
2026-10-06T15:33:54,export_yoy,2026-07-31,25.590081904262973,yellow,data
2026-10-06T15:33:54,cpi_yoy,2026-08-31,4.89,red,data
2026-10-06T15:33:54,cpi_avg_ytd,2026-07-31,4.393497411553593,yellow,data
2026-10-06T15:33:54,cpi_housing_yoy,2026-08-31,6.6,green,data
2026-10-06T15:33:54,fx_central,2026-08-10,25491.0,yellow,data
2026-10-06T15:33:54,fx_central_ytd,2026-08-10,1.4728713028939966,green,data
2026-10-06T15:33:54,deposit_12m_big4,2026-10-06,5.9,orange,data
2026-10-06T15:33:54,deposit_12m_all,2026-10-06,6.147368421052632,green,data
2026-10-06T15:33:54,interbank_on,2026-07-31,5.72,yellow,data
2026-10-06T15:33:54,refi_rate,2026-08-03,4.5,green,data
2026-10-06T15:33:54,govbond_10y,2026-07-31,4.464118,red,data
2026-10-06T15:33:54,real_rate,2026-08-31,1.010000000000001,yellow,data
2026-10-06T15:33:54,credit_ytd,2026-05-31,4.719252597353663,green,data
2026-10-06T15:33:54,credit_yoy,2026-05-31,16.837719328775336,green,data
2026-10-06T15:33:54,credit_construction_ytd,2026-05-31,5.860894457233434,green,data
2026-10-06T15:33:54,m2_ytd,2026-05-31,2.7283275723141154,green,data
2026-10-06T15:33:54,credit_minus_m2,2026-05-31,1.9909250250395472,green,data
2026-10-06T15:33:54,land_use_revenue,2024-12-31,217245.0,insufficient,data
2026-10-06T15:33:54,public_investment,2026-06-30,81430.19253,yellow,data
2026-10-06T15:33:54,public_investment_ytd_yoy,2026-06-30,13.475454350150606,green,data
2026-10-06T15:33:54,fdi_registered_ytd,2026-07-31,21045.97153151,red,data
2026-10-06T15:33:54,fdi_registered_ytd_yoy,2026-07-31,109.72732069382424,yellow,data
2026-10-06T15:33:54,pmi_vn,2026-08-31,53.3,green,data
2026-10-06T15:33:57,fed_upper,2026-10-05,4.0,green_strong,data
2026-10-06T15:33:57,fed_lower,2026-10-05,3.75,green,data
2026-10-06T15:33:57,effr,2026-10-02,3.88,green,data
2026-10-06T15:33:57,ust_2y,2026-10-02,4.83,green,data
2026-10-06T15:33:57,ust_10y,2026-10-02,5.28,red,data
2026-10-06T15:33:57,ust_10y2y,2026-10-05,0.47,yellow,data
2026-10-06T15:33:57,usd_broad,2026-10-02,121.3848,green,data
2026-10-06T15:33:57,dxy,2026-10-06,,green,data
2026-10-06T15:33:57,brent,2026-09-29,113.96,orange,data
2026-10-06T15:33:57,brent_futures,2026-10-06,,yellow,data
2026-10-06T15:33:57,copper,2026-10-05,,red,data
2026-10-06T15:33:57,copper_lme_stock,2026-10-05,,green,data
2026-10-06T15:33:57,copper_comex,2026-10-06,,red,data
2026-10-06T15:33:57,copper_imf,2026-07-31,13542.82086956522,red,data
2026-10-06T15:33:57,hy_spread,2026-10-02,3.1,green_strong,data
2026-10-06T15:33:57,breakeven_10y,2026-10-05,2.36,yellow,data
2026-10-06T15:33:57,vix,2026-10-02,15.31,yellow,data
2026-10-06T15:33:57,us_mortgage_30y,2026-10-01,7.28,yellow,data
2026-10-06T15:33:57,gdp_yoy_published,2026-06-30,8.39,yellow,data
2026-10-06T15:33:57,gdp_yoy,2026-06-30,89.72774377855093,insufficient,data
2026-10-06T15:33:57,gdp_realestate_yoy,2026-06-30,71.97617301993135,insufficient,data
2026-10-06T15:33:57,gdp_construction_yoy,2026-06-30,107.43704178752104,insufficient,data
2026-10-06T15:33:57,export_yoy,2026-07-31,25.590081904262973,yellow,data
2026-10-06T15:33:57,cpi_yoy,2026-08-31,4.89,red,data
2026-10-06T15:33:57,cpi_avg_ytd,2026-07-31,4.393497411553593,yellow,data
2026-10-06T15:33:57,cpi_housing_yoy,2026-08-31,6.6,green,data
2026-10-06T15:33:57,fx_central,2026-08-10,25491.0,yellow,data
2026-10-06T15:33:57,fx_central_ytd,2026-08-10,1.4728713028939966,green,data
2026-10-06T15:33:57,deposit_12m_big4,2026-10-06,5.9,orange,data
2026-10-06T15:33:57,deposit_12m_all,2026-10-06,6.147368421052632,green,data
2026-10-06T15:33:57,interbank_on,2026-07-31,5.72,yellow,data
2026-10-06T15:33:57,refi_rate,2026-08-03,4.5,green,data
2026-10-06T15:33:57,govbond_10y,2026-07-31,4.464118,red,data
2026-10-06T15:33:57,real_rate,2026-08-31,1.010000000000001,yellow,data
2026-10-06T15:33:57,credit_ytd,2026-05-31,4.719252597353663,green,data
2026-10-06T15:33:57,credit_yoy,2026-05-31,16.837719328775336,green,data
2026-10-06T15:33:57,credit_construction_ytd,2026-05-31,5.860894457233434,green,data
2026-10-06T15:33:57,m2_ytd,2026-05-31,2.7283275723141154,green,data
2026-10-06T15:33:57,credit_minus_m2,2026-05-31,1.9909250250395472,green,data
2026-10-06T15:33:57,land_use_revenue,2024-12-31,217245.0,insufficient,data
2026-10-06T15:33:57,public_investment,2026-06-30,81430.19253,yellow,data
2026-10-06T15:33:57,public_investment_ytd_yoy,2026-06-30,13.475454350150606,green,data
2026-10-06T15:33:57,fdi_registered_ytd,2026-07-31,21045.97153151,red,data
2026-10-06T15:33:57,fdi_registered_ytd_yoy,2026-07-31,109.72732069382424,yellow,data
2026-10-06T15:33:57,pmi_vn,2026-08-31,53.3,green,data
2026-10-06T15:33:57,fed_upper,2026-10-05,4.0,green_strong,data
2026-10-06T15:33:57,fed_lower,2026-10-05,3.75,green,data
2026-10-06T15:33:57,effr,2026-10-02,3.88,green,data
2026-10-06T15:33:57,ust_2y,2026-10-02,4.83,green,data
2026-10-06T15:33:57,ust_10y,2026-10-02,5.28,red,data
2026-10-06T15:33:57,ust_10y2y,2026-10-05,0.47,yellow,data
2026-10-06T15:33:57,usd_broad,2026-10-02,121.3848,green,data
2026-10-06T15:33:57,dxy,2026-10-06,,green,data
2026-10-06T15:33:57,brent,2026-09-29,113.96,orange,data
2026-10-06T15:33:57,brent_futures,2026-10-06,,yellow,data
2026-10-06T15:33:57,copper,2026-10-05,,red,data
2026-10-06T15:33:57,copper_lme_stock,2026-10-05,,green,data
2026-10-06T15:33:57,copper_comex,2026-10-06,,red,data
2026-10-06T15:33:57,copper_imf,2026-07-31,13542.82086956522,red,data
2026-10-06T15:33:57,hy_spread,2026-10-02,3.1,green_strong,data
2026-10-06T15:33:57,breakeven_10y,2026-10-05,2.36,yellow,data
2026-10-06T15:33:57,vix,2026-10-02,15.31,yellow,data
2026-10-06T15:33:57,us_mortgage_30y,2026-10-01,7.28,yellow,data
2026-10-06T15:33:57,gdp_yoy_published,2026-06-30,8.39,yellow,data
2026-10-06T15:33:57,gdp_yoy,2026-06-30,89.72774377855093,insufficient,data
2026-10-06T15:33:57,gdp_realestate_yoy,2026-06-30,71.97617301993135,insufficient,data
2026-10-06T15:33:57,gdp_construction_yoy,2026-06-30,107.43704178752104,insufficient,data
2026-10-06T15:33:57,export_yoy,2026-07-31,25.590081904262973,yellow,data
2026-10-06T15:33:57,cpi_yoy,2026-08-31,4.89,red,data
2026-10-06T15:33:57,cpi_avg_ytd,2026-07-31,4.393497411553593,yellow,data
2026-10-06T15:33:57,cpi_housing_yoy,2026-08-31,6.6,green,data
2026-10-06T15:33:57,fx_central,2026-08-10,25491.0,yellow,data
2026-10-06T15:33:57,fx_central_ytd,2026-08-10,1.4728713028939966,green,data
2026-10-06T15:33:57,deposit_12m_big4,2026-10-06,5.9,orange,data
2026-10-06T15:33:57,deposit_12m_all,2026-10-06,6.147368421052632,green,data
2026-10-06T15:33:57,interbank_on,2026-07-31,5.72,yellow,data
2026-10-06T15:33:57,refi_rate,2026-08-03,4.5,green,data
2026-10-06T15:33:57,govbond_10y,2026-07-31,4.464118,red,data
2026-10-06T15:33:57,real_rate,2026-08-31,1.010000000000001,yellow,data
2026-10-06T15:33:57,credit_ytd,2026-05-31,4.719252597353663,green,data
2026-10-06T15:33:57,credit_yoy,2026-05-31,16.837719328775336,green,data
2026-10-06T15:33:57,credit_construction_ytd,2026-05-31,5.860894457233434,green,data
2026-10-06T15:33:57,m2_ytd,2026-05-31,2.7283275723141154,green,data
2026-10-06T15:33:57,credit_minus_m2,2026-05-31,1.9909250250395472,green,data
2026-10-06T15:33:57,land_use_revenue,2024-12-31,217245.0,insufficient,data
2026-10-06T15:33:57,public_investment,2026-06-30,81430.19253,yellow,data
2026-10-06T15:33:57,public_investment_ytd_yoy,2026-06-30,13.475454350150606,green,data
2026-10-06T15:33:57,fdi_registered_ytd,2026-07-31,21045.97153151,red,data
2026-10-06T15:33:57,fdi_registered_ytd_yoy,2026-07-31,109.72732069382424,yellow,data
2026-10-06T15:33:57,pmi_vn,2026-08-31,53.3,green,data
2026-10-06T15:34:00,fed_upper,2026-10-05,4.0,green_strong,data
2026-10-06T15:34:00,fed_lower,2026-10-05,3.75,green,data
2026-10-06T15:34:00,effr,2026-10-02,3.88,green,data
2026-10-06T15:34:00,ust_2y,2026-10-02,4.83,green,data
2026-10-06T15:34:00,ust_10y,2026-10-02,5.28,red,data
2026-10-06T15:34:00,ust_10y2y,2026-10-05,0.47,yellow,data
2026-10-06T15:34:00,usd_broad,2026-10-02,121.3848,green,data
2026-10-06T15:34:00,dxy,2026-10-06,,green,data
2026-10-06T15:34:00,brent,2026-09-29,113.96,orange,data
2026-10-06T15:34:00,brent_futures,2026-10-06,,yellow,data
2026-10-06T15:34:00,copper,2026-10-05,,red,data
2026-10-06T15:34:00,copper_lme_stock,2026-10-05,,green,data
2026-10-06T15:34:00,copper_comex,2026-10-06,,red,data
2026-10-06T15:34:00,copper_imf,2026-07-31,13542.82086956522,red,data
2026-10-06T15:34:00,hy_spread,2026-10-02,3.1,green_strong,data
2026-10-06T15:34:00,breakeven_10y,2026-10-05,2.36,yellow,data
2026-10-06T15:34:00,vix,2026-10-02,15.31,yellow,data
2026-10-06T15:34:00,us_mortgage_30y,2026-10-01,7.28,yellow,data
2026-10-06T15:34:00,gdp_yoy_published,2026-06-30,8.39,yellow,data
2026-10-06T15:34:00,gdp_yoy,2026-06-30,89.72774377855093,insufficient,data
2026-10-06T15:34:00,gdp_realestate_yoy,2026-06-30,71.97617301993135,insufficient,data
2026-10-06T15:34:00,gdp_construction_yoy,2026-06-30,107.43704178752104,insufficient,data
2026-10-06T15:34:00,export_yoy,2026-07-31,25.590081904262973,yellow,data
2026-10-06T15:34:00,cpi_yoy,2026-08-31,4.89,red,data
2026-10-06T15:34:00,cpi_avg_ytd,2026-07-31,4.393497411553593,yellow,data
2026-10-06T15:34:00,cpi_housing_yoy,2026-08-31,6.6,green,data
2026-10-06T15:34:00,fx_central,2026-08-10,25491.0,yellow,data
2026-10-06T15:34:00,fx_central_ytd,2026-08-10,1.4728713028939966,green,data
2026-10-06T15:34:00,deposit_12m_big4,2026-10-06,5.9,orange,data
2026-10-06T15:34:00,deposit_12m_all,2026-10-06,6.147368421052632,green,data
2026-10-06T15:34:00,interbank_on,2026-07-31,5.72,yellow,data
2026-10-06T15:34:00,refi_rate,2026-08-03,4.5,green,data
2026-10-06T15:34:00,govbond_10y,2026-07-31,4.464118,red,data
2026-10-06T15:34:00,real_rate,2026-08-31,1.010000000000001,yellow,data
2026-10-06T15:34:00,credit_ytd,2026-05-31,4.719252597353663,green,data
2026-10-06T15:34:00,credit_yoy,2026-05-31,16.837719328775336,green,data
2026-10-06T15:34:00,credit_construction_ytd,2026-05-31,5.860894457233434,green,data
2026-10-06T15:34:00,m2_ytd,2026-05-31,2.7283275723141154,green,data
2026-10-06T15:34:00,credit_minus_m2,2026-05-31,1.9909250250395472,green,data
2026-10-06T15:34:00,land_use_revenue,2024-12-31,217245.0,insufficient,data
2026-10-06T15:34:00,public_investment,2026-06-30,81430.19253,yellow,data
2026-10-06T15:34:00,public_investment_ytd_yoy,2026-06-30,13.475454350150606,green,data
2026-10-06T15:34:00,fdi_registered_ytd,2026-07-31,21045.97153151,red,data
2026-10-06T15:34:00,fdi_registered_ytd_yoy,2026-07-31,109.72732069382424,yellow,data
2026-10-06T15:34:00,pmi_vn,2026-08-31,53.3,green,data
2026-10-06T15:34:00,fed_upper,2026-10-05,4.0,green_strong,data
2026-10-06T15:34:00,fed_lower,2026-10-05,3.75,green,data
2026-10-06T15:34:00,effr,2026-10-02,3.88,green,data
2026-10-06T15:34:00,ust_2y,2026-10-02,4.83,green,data
2026-10-06T15:34:00,ust_10y,2026-10-02,5.28,red,data
2026-10-06T15:34:00,ust_10y2y,2026-10-05,0.47,yellow,data
2026-10-06T15:34:00,usd_broad,2026-10-02,121.3848,green,data
2026-10-06T15:34:00,dxy,2026-10-06,,green,data
2026-10-06T15:34:00,brent,2026-09-29,113.96,orange,data
2026-10-06T15:34:00,brent_futures,2026-10-06,,yellow,data
2026-10-06T15:34:00,copper,2026-10-05,,red,data
2026-10-06T15:34:00,copper_lme_stock,2026-10-05,,green,data
2026-10-06T15:34:00,copper_comex,2026-10-06,,red,data
2026-10-06T15:34:00,copper_imf,2026-07-31,13542.82086956522,red,data
2026-10-06T15:34:00,hy_spread,2026-10-02,3.1,green_strong,data
2026-10-06T15:34:00,breakeven_10y,2026-10-05,2.36,yellow,data
2026-10-06T15:34:00,vix,2026-10-02,15.31,yellow,data
2026-10-06T15:34:00,us_mortgage_30y,2026-10-01,7.28,yellow,data
2026-10-06T15:34:00,gdp_yoy_published,2026-06-30,8.39,yellow,data
2026-10-06T15:34:00,gdp_yoy,2026-06-30,89.72774377855093,insufficient,data
2026-10-06T15:34:00,gdp_realestate_yoy,2026-06-30,71.97617301993135,insufficient,data
2026-10-06T15:34:00,gdp_construction_yoy,2026-06-30,107.43704178752104,insufficient,data
2026-10-06T15:34:00,export_yoy,2026-07-31,25.590081904262973,yellow,data
2026-10-06T15:34:00,cpi_yoy,2026-08-31,4.89,red,data
2026-10-06T15:34:00,cpi_avg_ytd,2026-07-31,4.393497411553593,yellow,data
2026-10-06T15:34:00,cpi_housing_yoy,2026-08-31,6.6,green,data
2026-10-06T15:34:00,fx_central,2026-08-10,25491.0,yellow,data
2026-10-06T15:34:00,fx_central_ytd,2026-08-10,1.4728713028939966,green,data
2026-10-06T15:34:00,deposit_12m_big4,2026-10-06,5.9,orange,data
2026-10-06T15:34:00,deposit_12m_all,2026-10-06,6.147368421052632,green,data
2026-10-06T15:34:00,interbank_on,2026-07-31,5.72,yellow,data
2026-10-06T15:34:00,refi_rate,2026-08-03,4.5,green,data
2026-10-06T15:34:00,govbond_10y,2026-07-31,4.464118,red,data
2026-10-06T15:34:00,real_rate,2026-08-31,1.010000000000001,yellow,data
2026-10-06T15:34:00,credit_ytd,2026-05-31,4.719252597353663,green,data
2026-10-06T15:34:00,credit_yoy,2026-05-31,16.837719328775336,green,data
2026-10-06T15:34:00,credit_construction_ytd,2026-05-31,5.860894457233434,green,data
2026-10-06T15:34:00,m2_ytd,2026-05-31,2.7283275723141154,green,data
2026-10-06T15:34:00,credit_minus_m2,2026-05-31,1.9909250250395472,green,data
2026-10-06T15:34:00,land_use_revenue,2024-12-31,217245.0,insufficient,data
2026-10-06T15:34:00,public_investment,2026-06-30,81430.19253,yellow,data
2026-10-06T15:34:00,public_investment_ytd_yoy,2026-06-30,13.475454350150606,green,data
2026-10-06T15:34:00,fdi_registered_ytd,2026-07-31,21045.97153151,red,data
2026-10-06T15:34:00,fdi_registered_ytd_yoy,2026-07-31,109.72732069382424,yellow,data
2026-10-06T15:34:00,pmi_vn,2026-08-31,53.3,green,data
2026-10-06T15:34:02,fed_upper,2026-10-05,4.0,green_strong,data
2026-10-06T15:34:02,fed_lower,2026-10-05,3.75,green,data
2026-10-06T15:34:02,effr,2026-10-02,3.88,green,data
2026-10-06T15:34:02,ust_2y,2026-10-02,4.83,green,data
2026-10-06T15:34:02,ust_10y,2026-10-02,5.28,red,data
2026-10-06T15:34:02,ust_10y2y,2026-10-05,0.47,yellow,data
2026-10-06T15:34:02,usd_broad,2026-10-02,121.3848,green,data
2026-10-06T15:34:02,dxy,2026-10-06,,green,data
2026-10-06T15:34:02,brent,2026-09-29,113.96,orange,data
2026-10-06T15:34:02,brent_futures,2026-10-06,,yellow,data
2026-10-06T15:34:02,copper,2026-10-05,,red,data
2026-10-06T15:34:02,copper_lme_stock,2026-10-05,,green,data
2026-10-06T15:34:02,copper_comex,2026-10-06,,red,data
2026-10-06T15:34:02,copper_imf,2026-07-31,13542.82086956522,red,data
2026-10-06T15:34:02,hy_spread,2026-10-02,3.1,green_strong,data
2026-10-06T15:34:02,breakeven_10y,2026-10-05,2.36,yellow,data
2026-10-06T15:34:02,vix,2026-10-02,15.31,yellow,data
2026-10-06T15:34:02,us_mortgage_30y,2026-10-01,7.28,yellow,data
2026-10-06T15:34:02,gdp_yoy_published,2026-06-30,8.39,yellow,data
2026-10-06T15:34:02,gdp_yoy,2026-06-30,89.72774377855093,insufficient,data
2026-10-06T15:34:02,gdp_realestate_yoy,2026-06-30,71.97617301993135,insufficient,data
2026-10-06T15:34:02,gdp_construction_yoy,2026-06-30,107.43704178752104,insufficient,data
2026-10-06T15:34:02,export_yoy,2026-07-31,25.590081904262973,yellow,data
2026-10-06T15:34:02,cpi_yoy,2026-08-31,4.89,red,data
2026-10-06T15:34:02,cpi_avg_ytd,2026-07-31,4.393497411553593,yellow,data
2026-10-06T15:34:02,cpi_housing_yoy,2026-08-31,6.6,green,data
2026-10-06T15:34:02,fx_central,2026-08-10,25491.0,yellow,data
2026-10-06T15:34:02,fx_central_ytd,2026-08-10,1.4728713028939966,green,data
2026-10-06T15:34:02,deposit_12m_big4,2026-10-06,5.9,orange,data
2026-10-06T15:34:02,deposit_12m_all,2026-10-06,6.147368421052632,green,data
2026-10-06T15:34:02,interbank_on,2026-07-31,5.72,yellow,data
2026-10-06T15:34:02,refi_rate,2026-08-03,4.5,green,data
2026-10-06T15:34:02,govbond_10y,2026-07-31,4.464118,red,data
2026-10-06T15:34:02,real_rate,2026-08-31,1.010000000000001,yellow,data
2026-10-06T15:34:02,credit_ytd,2026-05-31,4.719252597353663,green,data
2026-10-06T15:34:02,credit_yoy,2026-05-31,16.837719328775336,green,data
2026-10-06T15:34:02,credit_construction_ytd,2026-05-31,5.860894457233434,green,data
2026-10-06T15:34:02,m2_ytd,2026-05-31,2.7283275723141154,green,data
2026-10-06T15:34:02,credit_minus_m2,2026-05-31,1.9909250250395472,green,data
2026-10-06T15:34:02,land_use_revenue,2024-12-31,217245.0,insufficient,data
2026-10-06T15:34:02,public_investment,2026-06-30,81430.19253,yellow,data
2026-10-06T15:34:02,public_investment_ytd_yoy,2026-06-30,13.475454350150606,green,data
2026-10-06T15:34:02,fdi_registered_ytd,2026-07-31,21045.97153151,red,data
2026-10-06T15:34:02,fdi_registered_ytd_yoy,2026-07-31,109.72732069382424,yellow,data
2026-10-06T15:34:02,pmi_vn,2026-08-31,53.3,green,data
2026-10-06T15:34:04,fed_upper,2026-10-05,4.0,green_strong,data
2026-10-06T15:34:04,fed_lower,2026-10-05,3.75,green,data
2026-10-06T15:34:04,effr,2026-10-02,3.88,green,data
2026-10-06T15:34:04,ust_2y,2026-10-02,4.83,green,data
2026-10-06T15:34:04,ust_10y,2026-10-02,5.28,red,data
2026-10-06T15:34:04,ust_10y2y,2026-10-05,0.47,yellow,data
2026-10-06T15:34:04,usd_broad,2026-10-02,121.3848,green,data
2026-10-06T15:34:04,dxy,2026-10-06,,green,data
2026-10-06T15:34:04,brent,2026-09-29,113.96,orange,data
2026-10-06T15:34:04,brent_futures,2026-10-06,,yellow,data
2026-10-06T15:34:04,copper,2026-10-05,,red,data
2026-10-06T15:34:04,copper_lme_stock,2026-10-05,,green,data
2026-10-06T15:34:04,copper_comex,2026-10-06,,red,data
2026-10-06T15:34:04,copper_imf,2026-07-31,13542.82086956522,red,data
2026-10-06T15:34:04,hy_spread,2026-10-02,3.1,green_strong,data
2026-10-06T15:34:04,breakeven_10y,2026-10-05,2.36,yellow,data
2026-10-06T15:34:04,vix,2026-10-02,15.31,yellow,data
2026-10-06T15:34:04,us_mortgage_30y,2026-10-01,7.28,yellow,data
2026-10-06T15:34:04,gdp_yoy_published,2026-06-30,8.39,yellow,data
2026-10-06T15:34:04,gdp_yoy,2026-06-30,89.72774377855093,insufficient,data
2026-10-06T15:34:04,gdp_realestate_yoy,2026-06-30,71.97617301993135,insufficient,data
2026-10-06T15:34:04,gdp_construction_yoy,2026-06-30,107.43704178752104,insufficient,data
2026-10-06T15:34:04,export_yoy,2026-07-31,25.590081904262973,yellow,data
2026-10-06T15:34:04,cpi_yoy,2026-08-31,4.89,red,data
2026-10-06T15:34:04,cpi_avg_ytd,2026-07-31,4.393497411553593,yellow,data
2026-10-06T15:34:04,cpi_housing_yoy,2026-08-31,6.6,green,data
2026-10-06T15:34:04,fx_central,2026-08-10,25491.0,yellow,data
2026-10-06T15:34:04,fx_central_ytd,2026-08-10,1.4728713028939966,green,data
2026-10-06T15:34:04,deposit_12m_big4,2026-10-06,5.9,orange,data
2026-10-06T15:34:04,deposit_12m_all,2026-10-06,6.147368421052632,green,data
2026-10-06T15:34:04,interbank_on,2026-07-31,5.72,yellow,data
2026-10-06T15:34:04,refi_rate,2026-08-03,4.5,green,data
2026-10-06T15:34:04,govbond_10y,2026-07-31,4.464118,red,data
2026-10-06T15:34:04,real_rate,2026-08-31,1.010000000000001,yellow,data
2026-10-06T15:34:04,credit_ytd,2026-05-31,4.719252597353663,green,data
2026-10-06T15:34:04,credit_yoy,2026-05-31,16.837719328775336,green,data
2026-10-06T15:34:04,credit_construction_ytd,2026-05-31,5.860894457233434,green,data
2026-10-06T15:34:04,m2_ytd,2026-05-31,2.7283275723141154,green,data
2026-10-06T15:34:04,credit_minus_m2,2026-05-31,1.9909250250395472,green,data
2026-10-06T15:34:04,land_use_revenue,2024-12-31,217245.0,insufficient,data
2026-10-06T15:34:04,public_investment,2026-06-30,81430.19253,yellow,data
2026-10-06T15:34:04,public_investment_ytd_yoy,2026-06-30,13.475454350150606,green,data
2026-10-06T15:34:04,fdi_registered_ytd,2026-07-31,21045.97153151,red,data
2026-10-06T15:34:04,fdi_registered_ytd_yoy,2026-07-31,109.72732069382424,yellow,data
2026-10-06T15:34:04,pmi_vn,2026-08-31,53.3,green,data
2026-10-06T15:34:05,fed_upper,2026-10-05,4.0,green_strong,data
2026-10-06T15:34:05,fed_lower,2026-10-05,3.75,green,data
2026-10-06T15:34:05,effr,2026-10-02,3.88,green,data
2026-10-06T15:34:05,ust_2y,2026-10-02,4.83,green,data
2026-10-06T15:34:05,ust_10y,2026-10-02,5.28,red,data
2026-10-06T15:34:05,ust_10y2y,2026-10-05,0.47,yellow,data
2026-10-06T15:34:05,usd_broad,2026-10-02,121.3848,green,data
2026-10-06T15:34:05,dxy,2026-10-06,,green,data
2026-10-06T15:34:05,brent,2026-09-29,113.96,orange,data
2026-10-06T15:34:05,brent_futures,2026-10-06,,yellow,data
2026-10-06T15:34:05,copper,2026-10-05,,red,data
2026-10-06T15:34:05,copper_lme_stock,2026-10-05,,green,data
2026-10-06T15:34:05,copper_comex,2026-10-06,,red,data
2026-10-06T15:34:05,copper_imf,2026-07-31,13542.82086956522,red,data
2026-10-06T15:34:05,hy_spread,2026-10-02,3.1,green_strong,data
2026-10-06T15:34:05,breakeven_10y,2026-10-05,2.36,yellow,data
2026-10-06T15:34:05,vix,2026-10-02,15.31,yellow,data
2026-10-06T15:34:05,us_mortgage_30y,2026-10-01,7.28,yellow,data
2026-10-06T15:34:05,gdp_yoy_published,2026-06-30,8.39,yellow,data
2026-10-06T15:34:05,gdp_yoy,2026-06-30,89.72774377855093,insufficient,data
2026-10-06T15:34:05,gdp_realestate_yoy,2026-06-30,71.97617301993135,insufficient,data
2026-10-06T15:34:05,gdp_construction_yoy,2026-06-30,107.43704178752104,insufficient,data
2026-10-06T15:34:05,export_yoy,2026-07-31,25.590081904262973,yellow,data
2026-10-06T15:34:05,cpi_yoy,2026-08-31,4.89,red,data
2026-10-06T15:34:05,cpi_avg_ytd,2026-07-31,4.393497411553593,yellow,data
2026-10-06T15:34:05,cpi_housing_yoy,2026-08-31,6.6,green,data
2026-10-06T15:34:05,fx_central,2026-08-10,25491.0,yellow,data
2026-10-06T15:34:05,fx_central_ytd,2026-08-10,1.4728713028939966,green,data
2026-10-06T15:34:05,deposit_12m_big4,2026-10-06,5.9,orange,data
2026-10-06T15:34:05,deposit_12m_all,2026-10-06,6.147368421052632,green,data
2026-10-06T15:34:05,interbank_on,2026-07-31,5.72,yellow,data
2026-10-06T15:34:05,refi_rate,2026-08-03,4.5,green,data
2026-10-06T15:34:05,govbond_10y,2026-07-31,4.464118,red,data
2026-10-06T15:34:05,real_rate,2026-08-31,1.010000000000001,yellow,data
2026-10-06T15:34:05,credit_ytd,2026-05-31,4.719252597353663,green,data
2026-10-06T15:34:05,credit_yoy,2026-05-31,16.837719328775336,green,data
2026-10-06T15:34:05,credit_construction_ytd,2026-05-31,5.860894457233434,green,data
2026-10-06T15:34:05,m2_ytd,2026-05-31,2.7283275723141154,green,data
2026-10-06T15:34:05,credit_minus_m2,2026-05-31,1.9909250250395472,green,data
2026-10-06T15:34:05,land_use_revenue,2024-12-31,217245.0,insufficient,data
2026-10-06T15:34:05,public_investment,2026-06-30,81430.19253,yellow,data
2026-10-06T15:34:05,public_investment_ytd_yoy,2026-06-30,13.475454350150606,green,data
2026-10-06T15:34:05,fdi_registered_ytd,2026-07-31,21045.97153151,red,data
2026-10-06T15:34:05,fdi_registered_ytd_yoy,2026-07-31,109.72732069382424,yellow,data
2026-10-06T15:34:05,pmi_vn,2026-08-31,53.3,green,data
2026-10-06T15:34:07,fed_upper,2026-10-05,4.0,green_strong,data
2026-10-06T15:34:07,fed_lower,2026-10-05,3.75,green,data
2026-10-06T15:34:07,effr,2026-10-02,3.88,green,data
2026-10-06T15:34:07,ust_2y,2026-10-02,4.83,green,data
2026-10-06T15:34:07,ust_10y,2026-10-02,5.28,red,data
2026-10-06T15:34:07,ust_10y2y,2026-10-05,0.47,yellow,data
2026-10-06T15:34:07,usd_broad,2026-10-02,121.3848,green,data
2026-10-06T15:34:07,dxy,2026-10-06,,green,data
2026-10-06T15:34:07,brent,2026-09-29,113.96,orange,data
2026-10-06T15:34:07,brent_futures,2026-10-06,,yellow,data
2026-10-06T15:34:07,copper,2026-10-05,,red,data
2026-10-06T15:34:07,copper_lme_stock,2026-10-05,,green,data
2026-10-06T15:34:07,copper_comex,2026-10-06,,red,data
2026-10-06T15:34:07,copper_imf,2026-07-31,13542.82086956522,red,data
2026-10-06T15:34:07,hy_spread,2026-10-02,3.1,green_strong,data
2026-10-06T15:34:07,breakeven_10y,2026-10-05,2.36,yellow,data
2026-10-06T15:34:07,vix,2026-10-02,15.31,yellow,data
2026-10-06T15:34:07,us_mortgage_30y,2026-10-01,7.28,yellow,data
2026-10-06T15:34:07,gdp_yoy_published,2026-06-30,8.39,yellow,data
2026-10-06T15:34:07,gdp_yoy,2026-06-30,89.72774377855093,insufficient,data
2026-10-06T15:34:07,gdp_realestate_yoy,2026-06-30,71.97617301993135,insufficient,data
2026-10-06T15:34:07,gdp_construction_yoy,2026-06-30,107.43704178752104,insufficient,data
2026-10-06T15:34:07,export_yoy,2026-07-31,25.590081904262973,yellow,data
2026-10-06T15:34:07,cpi_yoy,2026-08-31,4.89,red,data
2026-10-06T15:34:07,cpi_avg_ytd,2026-07-31,4.393497411553593,yellow,data
2026-10-06T15:34:07,cpi_housing_yoy,2026-08-31,6.6,green,data
2026-10-06T15:34:07,fx_central,2026-08-10,25491.0,yellow,data
2026-10-06T15:34:07,fx_central_ytd,2026-08-10,1.4728713028939966,green,data
2026-10-06T15:34:07,deposit_12m_big4,2026-10-06,5.9,orange,data
2026-10-06T15:34:07,deposit_12m_all,2026-10-06,6.147368421052632,green,data
2026-10-06T15:34:07,interbank_on,2026-07-31,5.72,yellow,data
2026-10-06T15:34:07,refi_rate,2026-08-03,4.5,green,data
2026-10-06T15:34:07,govbond_10y,2026-07-31,4.464118,red,data
2026-10-06T15:34:07,real_rate,2026-08-31,1.010000000000001,yellow,data
2026-10-06T15:34:07,credit_ytd,2026-05-31,4.719252597353663,green,data
2026-10-06T15:34:07,credit_yoy,2026-05-31,16.837719328775336,green,data
2026-10-06T15:34:07,credit_construction_ytd,2026-05-31,5.860894457233434,green,data
2026-10-06T15:34:07,m2_ytd,2026-05-31,2.7283275723141154,green,data
2026-10-06T15:34:07,credit_minus_m2,2026-05-31,1.9909250250395472,green,data
2026-10-06T15:34:07,land_use_revenue,2024-12-31,217245.0,insufficient,data
2026-10-06T15:34:07,public_investment,2026-06-30,81430.19253,yellow,data
2026-10-06T15:34:07,public_investment_ytd_yoy,2026-06-30,13.475454350150606,green,data
2026-10-06T15:34:07,fdi_registered_ytd,2026-07-31,21045.97153151,red,data
2026-10-06T15:34:07,fdi_registered_ytd_yoy,2026-07-31,109.72732069382424,yellow,data
2026-10-06T15:34:07,pmi_vn,2026-08-31,53.3,green,data
2026-10-06T15:34:07,fed_upper,2026-10-05,4.0,green_strong,data
2026-10-06T15:34:07,fed_lower,2026-10-05,3.75,green,data
2026-10-06T15:34:07,effr,2026-10-02,3.88,green,data
2026-10-06T15:34:07,ust_2y,2026-10-02,4.83,green,data
2026-10-06T15:34:07,ust_10y,2026-10-02,5.28,red,data
2026-10-06T15:34:07,ust_10y2y,2026-10-05,0.47,yellow,data
2026-10-06T15:34:07,usd_broad,2026-10-02,121.3848,green,data
2026-10-06T15:34:07,dxy,2026-10-06,,green,data
2026-10-06T15:34:07,brent,2026-09-29,113.96,orange,data
2026-10-06T15:34:07,brent_futures,2026-10-06,,yellow,data
2026-10-06T15:34:07,copper,2026-10-05,,red,data
2026-10-06T15:34:07,copper_lme_stock,2026-10-05,,green,data
2026-10-06T15:34:07,copper_comex,2026-10-06,,red,data
2026-10-06T15:34:07,copper_imf,2026-07-31,13542.82086956522,red,data
2026-10-06T15:34:07,hy_spread,2026-10-02,3.1,green_strong,data
2026-10-06T15:34:07,breakeven_10y,2026-10-05,2.36,yellow,data
2026-10-06T15:34:07,vix,2026-10-02,15.31,yellow,data
2026-10-06T15:34:07,us_mortgage_30y,2026-10-01,7.28,yellow,data
2026-10-06T15:34:07,gdp_yoy_published,2026-06-30,8.39,yellow,data
2026-10-06T15:34:07,gdp_yoy,2026-06-30,89.72774377855093,insufficient,data
2026-10-06T15:34:07,gdp_realestate_yoy,2026-06-30,71.97617301993135,insufficient,data
2026-10-06T15:34:07,gdp_construction_yoy,2026-06-30,107.43704178752104,insufficient,data
2026-10-06T15:34:07,export_yoy,2026-07-31,25.590081904262973,yellow,data
2026-10-06T15:34:07,cpi_yoy,2026-08-31,4.89,red,data
2026-10-06T15:34:07,cpi_avg_ytd,2026-07-31,4.393497411553593,yellow,data
2026-10-06T15:34:07,cpi_housing_yoy,2026-08-31,6.6,green,data
2026-10-06T15:34:07,fx_central,2026-08-10,25491.0,yellow,data
2026-10-06T15:34:07,fx_central_ytd,2026-08-10,1.4728713028939966,green,data
2026-10-06T15:34:07,deposit_12m_big4,2026-10-06,5.9,orange,data
2026-10-06T15:34:07,deposit_12m_all,2026-10-06,6.147368421052632,green,data
2026-10-06T15:34:07,interbank_on,2026-07-31,5.72,yellow,data
2026-10-06T15:34:07,refi_rate,2026-08-03,4.5,green,data
2026-10-06T15:34:07,govbond_10y,2026-07-31,4.464118,red,data
2026-10-06T15:34:07,real_rate,2026-08-31,1.010000000000001,yellow,data
2026-10-06T15:34:07,credit_ytd,2026-05-31,4.719252597353663,green,data
2026-10-06T15:34:07,credit_yoy,2026-05-31,16.837719328775336,green,data
2026-10-06T15:34:07,credit_construction_ytd,2026-05-31,5.860894457233434,green,data
2026-10-06T15:34:07,m2_ytd,2026-05-31,2.7283275723141154,green,data
2026-10-06T15:34:07,credit_minus_m2,2026-05-31,1.9909250250395472,green,data
2026-10-06T15:34:07,land_use_revenue,2024-12-31,217245.0,insufficient,data
2026-10-06T15:34:07,public_investment,2026-06-30,81430.19253,yellow,data
2026-10-06T15:34:07,public_investment_ytd_yoy,2026-06-30,13.475454350150606,green,data
2026-10-06T15:34:07,fdi_registered_ytd,2026-07-31,21045.97153151,red,data
2026-10-06T15:34:07,fdi_registered_ytd_yoy,2026-07-31,109.72732069382424,yellow,data
2026-10-06T15:34:07,pmi_vn,2026-08-31,53.3,green,data
2026-10-06T15:34:09,fed_upper,2026-10-05,4.0,green_strong,data
2026-10-06T15:34:09,fed_lower,2026-10-05,3.75,green,data
2026-10-06T15:34:09,effr,2026-10-02,3.88,green,data
2026-10-06T15:34:09,ust_2y,2026-10-02,4.83,green,data
2026-10-06T15:34:09,ust_10y,2026-10-02,5.28,red,data
2026-10-06T15:34:09,ust_10y2y,2026-10-05,0.47,yellow,data
2026-10-06T15:34:09,usd_broad,2026-10-02,121.3848,green,data
2026-10-06T15:34:09,dxy,2026-10-06,,green,data
2026-10-06T15:34:09,brent,2026-09-29,113.96,orange,data
2026-10-06T15:34:09,brent_futures,2026-10-06,,yellow,data
2026-10-06T15:34:09,copper,2026-10-05,,red,data
2026-10-06T15:34:09,copper_lme_stock,2026-10-05,,green,data
2026-10-06T15:34:09,copper_comex,2026-10-06,,red,data
2026-10-06T15:34:09,copper_imf,2026-07-31,13542.82086956522,red,data
2026-10-06T15:34:09,hy_spread,2026-10-02,3.1,green_strong,data
2026-10-06T15:34:09,breakeven_10y,2026-10-05,2.36,yellow,data
2026-10-06T15:34:09,vix,2026-10-02,15.31,yellow,data
2026-10-06T15:34:09,us_mortgage_30y,2026-10-01,7.28,yellow,data
2026-10-06T15:34:09,gdp_yoy_published,2026-06-30,8.39,yellow,data
2026-10-06T15:34:09,gdp_yoy,2026-06-30,89.72774377855093,insufficient,data
2026-10-06T15:34:09,gdp_realestate_yoy,2026-06-30,71.97617301993135,insufficient,data
2026-10-06T15:34:09,gdp_construction_yoy,2026-06-30,107.43704178752104,insufficient,data
2026-10-06T15:34:09,export_yoy,2026-07-31,25.590081904262973,yellow,data
2026-10-06T15:34:09,cpi_yoy,2026-08-31,4.89,red,data
2026-10-06T15:34:09,cpi_avg_ytd,2026-07-31,4.393497411553593,yellow,data
2026-10-06T15:34:09,cpi_housing_yoy,2026-08-31,6.6,green,data
2026-10-06T15:34:09,fx_central,2026-08-10,25491.0,yellow,data
2026-10-06T15:34:09,fx_central_ytd,2026-08-10,1.4728713028939966,green,data
2026-10-06T15:34:09,deposit_12m_big4,2026-10-06,5.9,orange,data
2026-10-06T15:34:09,deposit_12m_all,2026-10-06,6.147368421052632,green,data
2026-10-06T15:34:09,interbank_on,2026-07-31,5.72,yellow,data
2026-10-06T15:34:09,refi_rate,2026-08-03,4.5,green,data
2026-10-06T15:34:09,govbond_10y,2026-07-31,4.464118,red,data
2026-10-06T15:34:09,real_rate,2026-08-31,1.010000000000001,yellow,data
2026-10-06T15:34:09,credit_ytd,2026-05-31,4.719252597353663,green,data
2026-10-06T15:34:09,credit_yoy,2026-05-31,16.837719328775336,green,data
2026-10-06T15:34:09,credit_construction_ytd,2026-05-31,5.860894457233434,green,data
2026-10-06T15:34:09,m2_ytd,2026-05-31,2.7283275723141154,green,data
2026-10-06T15:34:09,credit_minus_m2,2026-05-31,1.9909250250395472,green,data
2026-10-06T15:34:09,land_use_revenue,2024-12-31,217245.0,insufficient,data
2026-10-06T15:34:09,public_investment,2026-06-30,81430.19253,yellow,data
2026-10-06T15:34:09,public_investment_ytd_yoy,2026-06-30,13.475454350150606,green,data
2026-10-06T15:34:09,fdi_registered_ytd,2026-07-31,21045.97153151,red,data
2026-10-06T15:34:09,fdi_registered_ytd_yoy,2026-07-31,109.72732069382424,yellow,data
2026-10-06T15:34:09,pmi_vn,2026-08-31,53.3,green,data
2026-10-06T15:34:10,fed_upper,2026-10-05,4.0,green_strong,data
2026-10-06T15:34:10,fed_lower,2026-10-05,3.75,green,data
2026-10-06T15:34:10,effr,2026-10-02,3.88,green,data
2026-10-06T15:34:10,ust_2y,2026-10-02,4.83,green,data
2026-10-06T15:34:10,ust_10y,2026-10-02,5.28,red,data
2026-10-06T15:34:10,ust_10y2y,2026-10-05,0.47,yellow,data
2026-10-06T15:34:10,usd_broad,2026-10-02,121.3848,green,data
2026-10-06T15:34:10,dxy,2026-10-06,,green,data
2026-10-06T15:34:10,brent,2026-09-29,113.96,orange,data
2026-10-06T15:34:10,brent_futures,2026-10-06,,yellow,data
2026-10-06T15:34:10,copper,2026-10-05,,red,data
2026-10-06T15:34:10,copper_lme_stock,2026-10-05,,green,data
2026-10-06T15:34:10,copper_comex,2026-10-06,,red,data
2026-10-06T15:34:10,copper_imf,2026-07-31,13542.82086956522,red,data
2026-10-06T15:34:10,hy_spread,2026-10-02,3.1,green_strong,data
2026-10-06T15:34:10,breakeven_10y,2026-10-05,2.36,yellow,data
2026-10-06T15:34:10,vix,2026-10-02,15.31,yellow,data
2026-10-06T15:34:10,us_mortgage_30y,2026-10-01,7.28,yellow,data
2026-10-06T15:34:10,gdp_yoy_published,2026-06-30,8.39,yellow,data
2026-10-06T15:34:10,gdp_yoy,2026-06-30,89.72774377855093,insufficient,data
2026-10-06T15:34:10,gdp_realestate_yoy,2026-06-30,71.97617301993135,insufficient,data
2026-10-06T15:34:10,gdp_construction_yoy,2026-06-30,107.43704178752104,insufficient,data
2026-10-06T15:34:10,export_yoy,2026-07-31,25.590081904262973,yellow,data
2026-10-06T15:34:10,cpi_yoy,2026-08-31,4.89,red,data
2026-10-06T15:34:10,cpi_avg_ytd,2026-07-31,4.393497411553593,yellow,data
2026-10-06T15:34:10,cpi_housing_yoy,2026-08-31,6.6,green,data
2026-10-06T15:34:10,fx_central,2026-08-10,25491.0,yellow,data
2026-10-06T15:34:10,fx_central_ytd,2026-08-10,1.4728713028939966,green,data
2026-10-06T15:34:10,deposit_12m_big4,2026-10-06,5.9,orange,data
2026-10-06T15:34:10,deposit_12m_all,2026-10-06,6.147368421052632,green,data
2026-10-06T15:34:10,interbank_on,2026-07-31,5.72,yellow,data
2026-10-06T15:34:10,refi_rate,2026-08-03,4.5,green,data
2026-10-06T15:34:10,govbond_10y,2026-07-31,4.464118,red,data
2026-10-06T15:34:10,real_rate,2026-08-31,1.010000000000001,yellow,data
2026-10-06T15:34:10,credit_ytd,2026-05-31,4.719252597353663,green,data
2026-10-06T15:34:10,credit_yoy,2026-05-31,16.837719328775336,green,data
2026-10-06T15:34:10,credit_construction_ytd,2026-05-31,5.860894457233434,green,data
2026-10-06T15:34:10,m2_ytd,2026-05-31,2.7283275723141154,green,data
2026-10-06T15:34:10,credit_minus_m2,2026-05-31,1.9909250250395472,green,data
2026-10-06T15:34:10,land_use_revenue,2024-12-31,217245.0,insufficient,data
2026-10-06T15:34:10,public_investment,2026-06-30,81430.19253,yellow,data
2026-10-06T15:34:10,public_investment_ytd_yoy,2026-06-30,13.475454350150606,green,data
2026-10-06T15:34:10,fdi_registered_ytd,2026-07-31,21045.97153151,red,data
2026-10-06T15:34:10,fdi_registered_ytd_yoy,2026-07-31,109.72732069382424,yellow,data
2026-10-06T15:34:10,pmi_vn,2026-08-31,53.3,green,data
2026-10-06T15:34:11,fed_upper,2026-10-05,4.0,green_strong,data
2026-10-06T15:34:11,fed_lower,2026-10-05,3.75,green,data
2026-10-06T15:34:11,effr,2026-10-02,3.88,green,data
2026-10-06T15:34:11,ust_2y,2026-10-02,4.83,green,data
2026-10-06T15:34:11,ust_10y,2026-10-02,5.28,red,data
2026-10-06T15:34:11,ust_10y2y,2026-10-05,0.47,yellow,data
2026-10-06T15:34:11,usd_broad,2026-10-02,121.3848,green,data
2026-10-06T15:34:11,dxy,2026-10-06,,green,data
2026-10-06T15:34:11,brent,2026-09-29,113.96,orange,data
2026-10-06T15:34:11,brent_futures,2026-10-06,,yellow,data
2026-10-06T15:34:11,copper,2026-10-05,,red,data
2026-10-06T15:34:11,copper_lme_stock,2026-10-05,,green,data
2026-10-06T15:34:11,copper_comex,2026-10-06,,red,data
2026-10-06T15:34:11,copper_imf,2026-07-31,13542.82086956522,red,data
2026-10-06T15:34:11,hy_spread,2026-10-02,3.1,green_strong,data
2026-10-06T15:34:11,breakeven_10y,2026-10-05,2.36,yellow,data
2026-10-06T15:34:11,vix,2026-10-02,15.31,yellow,data
2026-10-06T15:34:11,us_mortgage_30y,2026-10-01,7.28,yellow,data
2026-10-06T15:34:11,gdp_yoy_published,2026-06-30,8.39,yellow,data
2026-10-06T15:34:11,gdp_yoy,2026-06-30,89.72774377855093,insufficient,data
2026-10-06T15:34:11,gdp_realestate_yoy,2026-06-30,71.97617301993135,insufficient,data
2026-10-06T15:34:11,gdp_construction_yoy,2026-06-30,107.43704178752104,insufficient,data
2026-10-06T15:34:11,export_yoy,2026-07-31,25.590081904262973,yellow,data
2026-10-06T15:34:11,cpi_yoy,2026-08-31,4.89,red,data
2026-10-06T15:34:11,cpi_avg_ytd,2026-07-31,4.393497411553593,yellow,data
2026-10-06T15:34:11,cpi_housing_yoy,2026-08-31,6.6,green,data
2026-10-06T15:34:11,fx_central,2026-08-10,25491.0,yellow,data
2026-10-06T15:34:11,fx_central_ytd,2026-08-10,1.4728713028939966,green,data
2026-10-06T15:34:11,deposit_12m_big4,2026-10-06,5.9,orange,data
2026-10-06T15:34:11,deposit_12m_all,2026-10-06,6.147368421052632,green,data
2026-10-06T15:34:11,interbank_on,2026-07-31,5.72,yellow,data
2026-10-06T15:34:11,refi_rate,2026-08-03,4.5,green,data
2026-10-06T15:34:11,govbond_10y,2026-07-31,4.464118,red,data
2026-10-06T15:34:11,real_rate,2026-08-31,1.010000000000001,yellow,data
2026-10-06T15:34:11,credit_ytd,2026-05-31,4.719252597353663,green,data
2026-10-06T15:34:11,credit_yoy,2026-05-31,16.837719328775336,green,data
2026-10-06T15:34:11,credit_construction_ytd,2026-05-31,5.860894457233434,green,data
2026-10-06T15:34:11,m2_ytd,2026-05-31,2.7283275723141154,green,data
2026-10-06T15:34:11,credit_minus_m2,2026-05-31,1.9909250250395472,green,data
2026-10-06T15:34:11,land_use_revenue,2024-12-31,217245.0,insufficient,data
2026-10-06T15:34:11,public_investment,2026-06-30,81430.19253,yellow,data
2026-10-06T15:34:11,public_investment_ytd_yoy,2026-06-30,13.475454350150606,green,data
2026-10-06T15:34:11,fdi_registered_ytd,2026-07-31,21045.97153151,red,data
2026-10-06T15:34:11,fdi_registered_ytd_yoy,2026-07-31,109.72732069382424,yellow,data
2026-10-06T15:34:11,pmi_vn,2026-08-31,53.3,green,data
2026-10-06T15:34:12,fed_upper,2026-10-05,4.0,green_strong,data
2026-10-06T15:34:12,fed_lower,2026-10-05,3.75,green,data
2026-10-06T15:34:12,effr,2026-10-02,3.88,green,data
2026-10-06T15:34:12,ust_2y,2026-10-02,4.83,green,data
2026-10-06T15:34:12,ust_10y,2026-10-02,5.28,red,data
2026-10-06T15:34:12,ust_10y2y,2026-10-05,0.47,yellow,data
2026-10-06T15:34:12,usd_broad,2026-10-02,121.3848,green,data
2026-10-06T15:34:12,dxy,2026-10-06,,green,data
2026-10-06T15:34:12,brent,2026-09-29,113.96,orange,data
2026-10-06T15:34:12,brent_futures,2026-10-06,,yellow,data
2026-10-06T15:34:12,copper,2026-10-05,,red,data
2026-10-06T15:34:12,copper_lme_stock,2026-10-05,,green,data
2026-10-06T15:34:12,copper_comex,2026-10-06,,red,data
2026-10-06T15:34:12,copper_imf,2026-07-31,13542.82086956522,red,data
2026-10-06T15:34:12,hy_spread,2026-10-02,3.1,green_strong,data
2026-10-06T15:34:12,breakeven_10y,2026-10-05,2.36,yellow,data
2026-10-06T15:34:12,vix,2026-10-02,15.31,yellow,data
2026-10-06T15:34:12,us_mortgage_30y,2026-10-01,7.28,yellow,data
2026-10-06T15:34:12,gdp_yoy_published,2026-06-30,8.39,yellow,data
2026-10-06T15:34:12,gdp_yoy,2026-06-30,89.72774377855093,insufficient,data
2026-10-06T15:34:12,gdp_realestate_yoy,2026-06-30,71.97617301993135,insufficient,data
2026-10-06T15:34:12,gdp_construction_yoy,2026-06-30,107.43704178752104,insufficient,data
2026-10-06T15:34:12,export_yoy,2026-07-31,25.590081904262973,yellow,data
2026-10-06T15:34:12,cpi_yoy,2026-08-31,4.89,red,data
2026-10-06T15:34:12,cpi_avg_ytd,2026-07-31,4.393497411553593,yellow,data
2026-10-06T15:34:12,cpi_housing_yoy,2026-08-31,6.6,green,data
2026-10-06T15:34:18,fed_upper,2026-10-05,4.0,green_strong,data
2026-10-06T15:34:18,fed_lower,2026-10-05,3.75,green,data
2026-10-06T15:34:18,effr,2026-10-02,3.88,green,data
2026-10-06T15:34:18,ust_2y,2026-10-02,4.83,green,data
2026-10-06T15:34:18,ust_10y,2026-10-02,5.28,red,data
2026-10-06T15:34:18,ust_10y2y,2026-10-05,0.47,yellow,data
2026-10-06T15:34:18,usd_broad,2026-10-02,121.3848,green,data
2026-10-06T15:34:18,dxy,2026-10-06,,green,data
2026-10-06T15:34:18,brent,2026-09-29,113.96,orange,data
2026-10-06T15:34:18,brent_futures,2026-10-06,,yellow,data
2026-10-06T15:34:18,copper,2026-10-05,,red,data
2026-10-06T15:34:18,copper_lme_stock,2026-10-05,,green,data
2026-10-06T15:34:18,copper_comex,2026-10-06,,red,data
2026-10-06T15:34:18,copper_imf,2026-07-31,13542.82086956522,red,data
2026-10-06T15:34:18,hy_spread,2026-10-02,3.1,green_strong,data
2026-10-06T15:34:18,breakeven_10y,2026-10-05,2.36,yellow,data
2026-10-06T15:34:18,vix,2026-10-02,15.31,yellow,data
2026-10-06T15:34:18,us_mortgage_30y,2026-10-01,7.28,yellow,data
2026-10-06T15:34:18,gdp_yoy_published,2026-06-30,8.39,yellow,data
2026-10-06T15:34:18,gdp_yoy,2026-06-30,89.72774377855093,insufficient,data
2026-10-06T15:34:18,gdp_realestate_yoy,2026-06-30,71.97617301993135,insufficient,data
2026-10-06T15:34:18,gdp_construction_yoy,2026-06-30,107.43704178752104,insufficient,data
2026-10-06T15:34:18,export_yoy,2026-07-31,25.590081904262973,yellow,data
2026-10-06T15:34:18,cpi_yoy,2026-08-31,4.89,red,data
2026-10-06T15:34:18,cpi_avg_ytd,2026-07-31,4.393497411553593,yellow,data
2026-10-06T15:34:18,cpi_housing_yoy,2026-08-31,6.6,green,data
2026-10-06T15:34:18,fx_central,2026-08-10,25491.0,yellow,data
2026-10-06T15:34:18,fx_central_ytd,2026-08-10,1.4728713028939966,green,data
2026-10-06T15:34:18,deposit_12m_big4,2026-10-06,5.9,orange,data
2026-10-06T15:34:18,deposit_12m_all,2026-10-06,6.147368421052632,green,data
2026-10-06T15:34:18,interbank_on,2026-07-31,5.72,yellow,data
2026-10-06T15:34:18,refi_rate,2026-08-03,4.5,green,data
2026-10-06T15:34:18,govbond_10y,2026-07-31,4.464118,red,data
2026-10-06T15:34:18,real_rate,2026-08-31,1.010000000000001,yellow,data
2026-10-06T15:34:18,credit_ytd,2026-05-31,4.719252597353663,green,data
2026-10-06T15:34:18,credit_yoy,2026-05-31,16.837719328775336,green,data
2026-10-06T15:34:18,credit_construction_ytd,2026-05-31,5.860894457233434,green,data
2026-10-06T15:34:18,m2_ytd,2026-05-31,2.7283275723141154,green,data
2026-10-06T15:34:18,credit_minus_m2,2026-05-31,1.9909250250395472,green,data
2026-10-06T15:34:18,land_use_revenue,2024-12-31,217245.0,insufficient,data
2026-10-06T15:34:18,public_investment,2026-06-30,81430.19253,yellow,data
2026-10-06T15:34:18,public_investment_ytd_yoy,2026-06-30,13.475454350150606,green,data
2026-10-06T15:34:18,fdi_registered_ytd,2026-07-31,21045.97153151,red,data
2026-10-06T15:34:18,fdi_registered_ytd_yoy,2026-07-31,109.72732069382424,yellow,data
2026-10-06T15:34:18,pmi_vn,2026-08-31,53.3,green,data
2026-10-06T15:34:20,fed_upper,2026-10-05,4.0,green_strong,data
2026-10-06T15:34:20,fed_lower,2026-10-05,3.75,green,data
2026-10-06T15:34:20,effr,2026-10-02,3.88,green,data
2026-10-06T15:34:20,ust_2y,2026-10-02,4.83,green,data
2026-10-06T15:34:20,ust_10y,2026-10-02,5.28,red,data
2026-10-06T15:34:20,ust_10y2y,2026-10-05,0.47,yellow,data
2026-10-06T15:34:20,usd_broad,2026-10-02,121.3848,green,data
2026-10-06T15:34:20,dxy,2026-10-06,,green,data
2026-10-06T15:34:20,brent,2026-09-29,113.96,orange,data
2026-10-06T15:34:20,brent_futures,2026-10-06,,yellow,data
2026-10-06T15:34:20,copper,2026-10-05,,red,data
2026-10-06T15:34:20,copper_lme_stock,2026-10-05,,green,data
2026-10-06T15:34:20,copper_comex,2026-10-06,,red,data
2026-10-06T15:34:20,copper_imf,2026-07-31,13542.82086956522,red,data
2026-10-06T15:34:20,hy_spread,2026-10-02,3.1,green_strong,data
2026-10-06T15:34:20,breakeven_10y,2026-10-05,2.36,yellow,data
2026-10-06T15:34:20,vix,2026-10-02,15.31,yellow,data
2026-10-06T15:34:20,us_mortgage_30y,2026-10-01,7.28,yellow,data
2026-10-06T15:34:20,gdp_yoy_published,2026-06-30,8.39,yellow,data
2026-10-06T15:34:20,gdp_yoy,2026-06-30,89.72774377855093,insufficient,data
2026-10-06T15:34:20,gdp_realestate_yoy,2026-06-30,71.97617301993135,insufficient,data
2026-10-06T15:34:20,gdp_construction_yoy,2026-06-30,107.43704178752104,insufficient,data
2026-10-06T15:34:20,export_yoy,2026-07-31,25.590081904262973,yellow,data
2026-10-06T15:34:20,cpi_yoy,2026-08-31,4.89,red,data
2026-10-06T15:34:20,cpi_avg_ytd,2026-07-31,4.393497411553593,yellow,data
2026-10-06T15:34:20,cpi_housing_yoy,2026-08-31,6.6,green,data
2026-10-06T15:34:20,fx_central,2026-08-10,25491.0,yellow,data
2026-10-06T15:34:20,fx_central_ytd,2026-08-10,1.4728713028939966,green,data
2026-10-06T15:34:20,deposit_12m_big4,2026-10-06,5.9,orange,data
2026-10-06T15:34:20,deposit_12m_all,2026-10-06,6.147368421052632,green,data
2026-10-06T15:34:20,interbank_on,2026-07-31,5.72,yellow,data
2026-10-06T15:34:20,refi_rate,2026-08-03,4.5,green,data
2026-10-06T15:34:20,govbond_10y,2026-07-31,4.464118,red,data
2026-10-06T15:34:20,real_rate,2026-08-31,1.010000000000001,yellow,data
2026-10-06T15:34:20,credit_ytd,2026-05-31,4.719252597353663,green,data
2026-10-06T15:34:20,credit_yoy,2026-05-31,16.837719328775336,green,data
2026-10-06T15:34:20,credit_construction_ytd,2026-05-31,5.860894457233434,green,data
2026-10-06T15:34:20,m2_ytd,2026-05-31,2.7283275723141154,green,data
2026-10-06T15:34:20,credit_minus_m2,2026-05-31,1.9909250250395472,green,data
2026-10-06T15:34:20,land_use_revenue,2024-12-31,217245.0,insufficient,data
2026-10-06T15:34:20,public_investment,2026-06-30,81430.19253,yellow,data
2026-10-06T15:34:20,public_investment_ytd_yoy,2026-06-30,13.475454350150606,green,data
2026-10-06T15:34:20,fdi_registered_ytd,2026-07-31,21045.97153151,red,data
2026-10-06T15:34:20,fdi_registered_ytd_yoy,2026-07-31,109.72732069382424,yellow,data
2026-10-06T15:34:20,pmi_vn,2026-08-31,53.3,green,data
2026-10-06T15:34:21,fed_upper,2026-10-05,4.0,green_strong,data
2026-10-06T15:34:21,fed_lower,2026-10-05,3.75,green,data
2026-10-06T15:34:21,effr,2026-10-02,3.88,green,data
2026-10-06T15:34:21,ust_2y,2026-10-02,4.83,green,data
2026-10-06T15:34:21,ust_10y,2026-10-02,5.28,red,data
2026-10-06T15:34:21,ust_10y2y,2026-10-05,0.47,yellow,data
2026-10-06T15:34:21,usd_broad,2026-10-02,121.3848,green,data
2026-10-06T15:34:21,dxy,2026-10-06,,green,data
2026-10-06T15:34:21,brent,2026-09-29,113.96,orange,data
2026-10-06T15:34:21,brent_futures,2026-10-06,,yellow,data
2026-10-06T15:34:21,copper,2026-10-05,,red,data
2026-10-06T15:34:21,copper_lme_stock,2026-10-05,,green,data
2026-10-06T15:34:21,copper_comex,2026-10-06,,red,data
2026-10-06T15:34:21,copper_imf,2026-07-31,13542.82086956522,red,data
2026-10-06T15:34:21,hy_spread,2026-10-02,3.1,green_strong,data
2026-10-06T15:34:21,breakeven_10y,2026-10-05,2.36,yellow,data
2026-10-06T15:34:21,vix,2026-10-02,15.31,yellow,data
2026-10-06T15:34:21,us_mortgage_30y,2026-10-01,7.28,yellow,data
2026-10-06T15:34:21,gdp_yoy_published,2026-06-30,8.39,yellow,data
2026-10-06T15:34:21,gdp_yoy,2026-06-30,89.72774377855093,insufficient,data
2026-10-06T15:34:21,gdp_realestate_yoy,2026-06-30,71.97617301993135,insufficient,data
2026-10-06T15:34:21,gdp_construction_yoy,2026-06-30,107.43704178752104,insufficient,data
2026-10-06T15:34:21,export_yoy,2026-07-31,25.590081904262973,yellow,data
2026-10-06T15:34:21,cpi_yoy,2026-08-31,4.89,red,data
2026-10-06T15:34:21,cpi_avg_ytd,2026-07-31,4.393497411553593,yellow,data
2026-10-06T15:34:21,cpi_housing_yoy,2026-08-31,6.6,green,data
2026-10-06T15:34:21,fx_central,2026-08-10,25491.0,yellow,data
2026-10-06T15:34:21,fx_central_ytd,2026-08-10,1.4728713028939966,green,data
2026-10-06T15:34:21,deposit_12m_big4,2026-10-06,5.9,orange,data
2026-10-06T15:34:21,deposit_12m_all,2026-10-06,6.147368421052632,green,data
2026-10-06T15:34:21,interbank_on,2026-07-31,5.72,yellow,data
2026-10-06T15:34:21,refi_rate,2026-08-03,4.5,green,data
2026-10-06T15:34:21,govbond_10y,2026-07-31,4.464118,red,data
2026-10-06T15:34:21,real_rate,2026-08-31,1.010000000000001,yellow,data
2026-10-06T15:34:21,credit_ytd,2026-05-31,4.719252597353663,green,data
2026-10-06T15:34:21,credit_yoy,2026-05-31,16.837719328775336,green,data
2026-10-06T15:34:21,credit_construction_ytd,2026-05-31,5.860894457233434,green,data
2026-10-06T15:34:21,m2_ytd,2026-05-31,2.7283275723141154,green,data
2026-10-06T15:34:21,credit_minus_m2,2026-05-31,1.9909250250395472,green,data
2026-10-06T15:34:21,land_use_revenue,2024-12-31,217245.0,insufficient,data
2026-10-06T15:34:21,public_investment,2026-06-30,81430.19253,yellow,data
2026-10-06T15:34:21,public_investment_ytd_yoy,2026-06-30,13.475454350150606,green,data
2026-10-06T15:34:21,fdi_registered_ytd,2026-07-31,21045.97153151,red,data
2026-10-06T15:34:21,fdi_registered_ytd_yoy,2026-07-31,109.72732069382424,yellow,data
2026-10-06T15:34:21,pmi_vn,2026-08-31,53.3,green,data
2026-10-06T15:34:22,fed_upper,2026-10-05,4.0,green_strong,data
2026-10-06T15:34:22,fed_lower,2026-10-05,3.75,green,data
2026-10-06T15:34:22,effr,2026-10-02,3.88,green,data
2026-10-06T15:34:22,ust_2y,2026-10-02,4.83,green,data
2026-10-06T15:34:22,ust_10y,2026-10-02,5.28,red,data
2026-10-06T15:34:22,ust_10y2y,2026-10-05,0.47,yellow,data
2026-10-06T15:34:22,usd_broad,2026-10-02,121.3848,green,data
2026-10-06T15:34:22,dxy,2026-10-06,,green,data
2026-10-06T15:34:22,brent,2026-09-29,113.96,orange,data
2026-10-06T15:34:22,brent_futures,2026-10-06,,yellow,data
2026-10-06T15:34:22,copper,2026-10-05,,red,data
2026-10-06T15:34:22,copper_lme_stock,2026-10-05,,green,data
2026-10-06T15:34:22,copper_comex,2026-10-06,,red,data
2026-10-06T15:34:22,copper_imf,2026-07-31,13542.82086956522,red,data
2026-10-06T15:34:22,hy_spread,2026-10-02,3.1,green_strong,data
2026-10-06T15:34:22,breakeven_10y,2026-10-05,2.36,yellow,data
2026-10-06T15:34:22,vix,2026-10-02,15.31,yellow,data
2026-10-06T15:34:22,us_mortgage_30y,2026-10-01,7.28,yellow,data
2026-10-06T15:34:22,gdp_yoy_published,2026-06-30,8.39,yellow,data
2026-10-06T15:34:22,gdp_yoy,2026-06-30,89.72774377855093,insufficient,data
2026-10-06T15:34:22,gdp_realestate_yoy,2026-06-30,71.97617301993135,insufficient,data
2026-10-06T15:34:22,gdp_construction_yoy,2026-06-30,107.43704178752104,insufficient,data
2026-10-06T15:34:22,export_yoy,2026-07-31,25.590081904262973,yellow,data
2026-10-06T15:34:22,cpi_yoy,2026-08-31,4.89,red,data
2026-10-06T15:34:22,cpi_avg_ytd,2026-07-31,4.393497411553593,yellow,data
2026-10-06T15:34:22,cpi_housing_yoy,2026-08-31,6.6,green,data
2026-10-06T15:34:22,fx_central,2026-08-10,25491.0,yellow,data
2026-10-06T15:34:22,fx_central_ytd,2026-08-10,1.4728713028939966,green,data
2026-10-06T15:34:22,deposit_12m_big4,2026-10-06,5.9,orange,data
2026-10-06T15:34:22,deposit_12m_all,2026-10-06,6.147368421052632,green,data
2026-10-06T15:34:22,interbank_on,2026-07-31,5.72,yellow,data
2026-10-06T15:34:22,refi_rate,2026-08-03,4.5,green,data
2026-10-06T15:34:22,govbond_10y,2026-07-31,4.464118,red,data
2026-10-06T15:34:22,real_rate,2026-08-31,1.010000000000001,yellow,data
2026-10-06T15:34:22,credit_ytd,2026-05-31,4.719252597353663,green,data
2026-10-06T15:34:22,credit_yoy,2026-05-31,16.837719328775336,green,data
2026-10-06T15:34:22,credit_construction_ytd,2026-05-31,5.860894457233434,green,data
2026-10-06T15:34:22,m2_ytd,2026-05-31,2.7283275723141154,green,data
2026-10-06T15:34:22,credit_minus_m2,2026-05-31,1.9909250250395472,green,data
2026-10-06T15:34:22,land_use_revenue,2024-12-31,217245.0,insufficient,data
2026-10-06T15:34:22,public_investment,2026-06-30,81430.19253,yellow,data
2026-10-06T15:34:22,public_investment_ytd_yoy,2026-06-30,13.475454350150606,green,data
2026-10-06T15:34:22,fdi_registered_ytd,2026-07-31,21045.97153151,red,data
2026-10-06T15:34:22,fdi_registered_ytd_yoy,2026-07-31,109.72732069382424,yellow,data
2026-10-06T15:34:22,pmi_vn,2026-08-31,53.3,green,data
2026-10-06T15:34:24,fed_upper,2026-10-05,4.0,green_strong,data
2026-10-06T15:34:24,fed_lower,2026-10-05,3.75,green,data
2026-10-06T15:34:24,effr,2026-10-02,3.88,green,data
2026-10-06T15:34:24,ust_2y,2026-10-02,4.83,green,data
2026-10-06T15:34:24,ust_10y,2026-10-02,5.28,red,data
2026-10-06T15:34:24,ust_10y2y,2026-10-05,0.47,yellow,data
2026-10-06T15:34:24,usd_broad,2026-10-02,121.3848,green,data
2026-10-06T15:34:24,dxy,2026-10-06,,green,data
2026-10-06T15:34:24,brent,2026-09-29,113.96,orange,data
2026-10-06T15:34:24,brent_futures,2026-10-06,,yellow,data
2026-10-06T15:34:24,copper,2026-10-05,,red,data
2026-10-06T15:34:24,copper_lme_stock,2026-10-05,,green,data
2026-10-06T15:34:24,copper_comex,2026-10-06,,red,data
2026-10-06T15:34:24,copper_imf,2026-07-31,13542.82086956522,red,data
2026-10-06T15:34:24,hy_spread,2026-10-02,3.1,green_strong,data
2026-10-06T15:34:24,breakeven_10y,2026-10-05,2.36,yellow,data
2026-10-06T15:34:24,vix,2026-10-02,15.31,yellow,data
2026-10-06T15:34:24,us_mortgage_30y,2026-10-01,7.28,yellow,data
2026-10-06T15:34:24,gdp_yoy_published,2026-06-30,8.39,yellow,data
2026-10-06T15:34:24,gdp_yoy,2026-06-30,89.72774377855093,insufficient,data
2026-10-06T15:34:24,gdp_realestate_yoy,2026-06-30,71.97617301993135,insufficient,data
2026-10-06T15:34:24,gdp_construction_yoy,2026-06-30,107.43704178752104,insufficient,data
2026-10-06T15:34:24,export_yoy,2026-07-31,25.590081904262973,yellow,data
2026-10-06T15:34:24,cpi_yoy,2026-08-31,4.89,red,data
2026-10-06T15:34:24,cpi_avg_ytd,2026-07-31,4.393497411553593,yellow,data
2026-10-06T15:34:24,cpi_housing_yoy,2026-08-31,6.6,green,data
2026-10-06T15:34:24,fx_central,2026-08-10,25491.0,yellow,data
2026-10-06T15:34:24,fx_central_ytd,2026-08-10,1.4728713028939966,green,data
2026-10-06T15:34:24,deposit_12m_big4,2026-10-06,5.9,orange,data
2026-10-06T15:34:24,deposit_12m_all,2026-10-06,6.147368421052632,green,data
2026-10-06T15:34:24,interbank_on,2026-07-31,5.72,yellow,data
2026-10-06T15:34:24,refi_rate,2026-08-03,4.5,green,data
2026-10-06T15:34:24,govbond_10y,2026-07-31,4.464118,red,data
2026-10-06T15:34:24,real_rate,2026-08-31,1.010000000000001,yellow,data
2026-10-06T15:34:24,credit_ytd,2026-05-31,4.719252597353663,green,data
2026-10-06T15:34:24,credit_yoy,2026-05-31,16.837719328775336,green,data
2026-10-06T15:34:24,credit_construction_ytd,2026-05-31,5.860894457233434,green,data
2026-10-06T15:34:24,m2_ytd,2026-05-31,2.7283275723141154,green,data
2026-10-06T15:34:24,credit_minus_m2,2026-05-31,1.9909250250395472,green,data
2026-10-06T15:34:24,land_use_revenue,2024-12-31,217245.0,insufficient,data
2026-10-06T15:34:24,public_investment,2026-06-30,81430.19253,yellow,data
2026-10-06T15:34:24,public_investment_ytd_yoy,2026-06-30,13.475454350150606,green,data
2026-10-06T15:34:24,fdi_registered_ytd,2026-07-31,21045.97153151,red,data
2026-10-06T15:34:24,fdi_registered_ytd_yoy,2026-07-31,109.72732069382424,yellow,data
2026-10-06T15:34:24,pmi_vn,2026-08-31,53.3,green,data
2026-10-06T15:34:25,fed_upper,2026-10-05,4.0,green_strong,data
2026-10-06T15:34:25,fed_lower,2026-10-05,3.75,green,data
2026-10-06T15:34:25,effr,2026-10-02,3.88,green,data
2026-10-06T15:34:25,ust_2y,2026-10-02,4.83,green,data
2026-10-06T15:34:25,ust_10y,2026-10-02,5.28,red,data
2026-10-06T15:34:25,ust_10y2y,2026-10-05,0.47,yellow,data
2026-10-06T15:34:25,usd_broad,2026-10-02,121.3848,green,data
2026-10-06T15:34:25,dxy,2026-10-06,,green,data
2026-10-06T15:34:25,brent,2026-09-29,113.96,orange,data
2026-10-06T15:34:25,brent_futures,2026-10-06,,yellow,data
2026-10-06T15:34:25,copper,2026-10-05,,red,data
2026-10-06T15:34:25,copper_lme_stock,2026-10-05,,green,data
2026-10-06T15:34:25,copper_comex,2026-10-06,,red,data
2026-10-06T15:34:25,copper_imf,2026-07-31,13542.82086956522,red,data
2026-10-06T15:34:25,hy_spread,2026-10-02,3.1,green_strong,data
2026-10-06T15:34:25,breakeven_10y,2026-10-05,2.36,yellow,data
2026-10-06T15:34:25,vix,2026-10-02,15.31,yellow,data
2026-10-06T15:34:25,us_mortgage_30y,2026-10-01,7.28,yellow,data
2026-10-06T15:34:25,gdp_yoy_published,2026-06-30,8.39,yellow,data
2026-10-06T15:34:25,gdp_yoy,2026-06-30,89.72774377855093,insufficient,data
2026-10-06T15:34:25,gdp_realestate_yoy,2026-06-30,71.97617301993135,insufficient,data
2026-10-06T15:34:25,gdp_construction_yoy,2026-06-30,107.43704178752104,insufficient,data
2026-10-06T15:34:25,export_yoy,2026-07-31,25.590081904262973,yellow,data
2026-10-06T15:34:25,cpi_yoy,2026-08-31,4.89,red,data
2026-10-06T15:34:25,cpi_avg_ytd,2026-07-31,4.393497411553593,yellow,data
2026-10-06T15:34:25,cpi_housing_yoy,2026-08-31,6.6,green,data
2026-10-06T15:34:25,fx_central,2026-08-10,25491.0,yellow,data
2026-10-06T15:34:25,fx_central_ytd,2026-08-10,1.4728713028939966,green,data
2026-10-06T15:34:25,deposit_12m_big4,2026-10-06,5.9,orange,data
2026-10-06T15:34:25,deposit_12m_all,2026-10-06,6.147368421052632,green,data
2026-10-06T15:34:25,interbank_on,2026-07-31,5.72,yellow,data
2026-10-06T15:34:25,refi_rate,2026-08-03,4.5,green,data
2026-10-06T15:34:25,govbond_10y,2026-07-31,4.464118,red,data
2026-10-06T15:34:25,real_rate,2026-08-31,1.010000000000001,yellow,data
2026-10-06T15:34:25,credit_ytd,2026-05-31,4.719252597353663,green,data
2026-10-06T15:34:25,credit_yoy,2026-05-31,16.837719328775336,green,data
2026-10-06T15:34:25,credit_construction_ytd,2026-05-31,5.860894457233434,green,data
2026-10-06T15:34:25,m2_ytd,2026-05-31,2.7283275723141154,green,data
2026-10-06T15:34:25,credit_minus_m2,2026-05-31,1.9909250250395472,green,data
2026-10-06T15:34:25,land_use_revenue,2024-12-31,217245.0,insufficient,data
2026-10-06T15:34:25,public_investment,2026-06-30,81430.19253,yellow,data
2026-10-06T15:34:25,public_investment_ytd_yoy,2026-06-30,13.475454350150606,green,data
2026-10-06T15:34:25,fdi_registered_ytd,2026-07-31,21045.97153151,red,data
2026-10-06T15:34:25,fdi_registered_ytd_yoy,2026-07-31,109.72732069382424,yellow,data
2026-10-06T15:34:25,pmi_vn,2026-08-31,53.3,green,data
2026-10-06T15:34:27,fed_upper,2026-10-05,4.0,green_strong,data
2026-10-06T15:34:27,fed_lower,2026-10-05,3.75,green,data
2026-10-06T15:34:27,effr,2026-10-02,3.88,green,data
2026-10-06T15:34:27,ust_2y,2026-10-02,4.83,green,data
2026-10-06T15:34:27,ust_10y,2026-10-02,5.28,red,data
2026-10-06T15:34:27,ust_10y2y,2026-10-05,0.47,yellow,data
2026-10-06T15:34:27,usd_broad,2026-10-02,121.3848,green,data
2026-10-06T15:34:27,dxy,2026-10-06,,green,data
2026-10-06T15:34:27,brent,2026-09-29,113.96,orange,data
2026-10-06T15:34:27,brent_futures,2026-10-06,,yellow,data
2026-10-06T15:34:27,copper,2026-10-05,,red,data
2026-10-06T15:34:27,copper_lme_stock,2026-10-05,,green,data
2026-10-06T15:34:27,copper_comex,2026-10-06,,red,data
2026-10-06T15:34:27,copper_imf,2026-07-31,13542.82086956522,red,data
2026-10-06T15:34:27,hy_spread,2026-10-02,3.1,green_strong,data
2026-10-06T15:34:27,breakeven_10y,2026-10-05,2.36,yellow,data
2026-10-06T15:34:27,vix,2026-10-02,15.31,yellow,data
2026-10-06T15:34:27,us_mortgage_30y,2026-10-01,7.28,yellow,data
2026-10-06T15:34:27,gdp_yoy_published,2026-06-30,8.39,yellow,data
2026-10-06T15:34:27,gdp_yoy,2026-06-30,89.72774377855093,insufficient,data
2026-10-06T15:34:27,gdp_realestate_yoy,2026-06-30,71.97617301993135,insufficient,data
2026-10-06T15:34:27,gdp_construction_yoy,2026-06-30,107.43704178752104,insufficient,data
2026-10-06T15:34:27,export_yoy,2026-07-31,25.590081904262973,yellow,data
2026-10-06T15:34:27,cpi_yoy,2026-08-31,4.89,red,data
2026-10-06T15:34:27,cpi_avg_ytd,2026-07-31,4.393497411553593,yellow,data
2026-10-06T15:34:27,cpi_housing_yoy,2026-08-31,6.6,green,data
2026-10-06T15:34:27,fx_central,2026-08-10,25491.0,yellow,data
2026-10-06T15:34:27,fx_central_ytd,2026-08-10,1.4728713028939966,green,data
2026-10-06T15:34:27,deposit_12m_big4,2026-10-06,5.9,orange,data
2026-10-06T15:34:27,deposit_12m_all,2026-10-06,6.147368421052632,green,data
2026-10-06T15:34:27,interbank_on,2026-07-31,5.72,yellow,data
2026-10-06T15:34:27,refi_rate,2026-08-03,4.5,green,data
2026-10-06T15:34:27,govbond_10y,2026-07-31,4.464118,red,data
2026-10-06T15:34:27,real_rate,2026-08-31,1.010000000000001,yellow,data
2026-10-06T15:34:27,credit_ytd,2026-05-31,4.719252597353663,green,data
2026-10-06T15:34:27,credit_yoy,2026-05-31,16.837719328775336,green,data
2026-10-06T15:34:27,credit_construction_ytd,2026-05-31,5.860894457233434,green,data
2026-10-06T15:34:27,m2_ytd,2026-05-31,2.7283275723141154,green,data
2026-10-06T15:34:27,credit_minus_m2,2026-05-31,1.9909250250395472,green,data
2026-10-06T15:34:27,land_use_revenue,2024-12-31,217245.0,insufficient,data
2026-10-06T15:34:27,public_investment,2026-06-30,81430.19253,yellow,data
2026-10-06T15:34:27,public_investment_ytd_yoy,2026-06-30,13.475454350150606,green,data
2026-10-06T15:34:27,fdi_registered_ytd,2026-07-31,21045.97153151,red,data
2026-10-06T15:34:27,fdi_registered_ytd_yoy,2026-07-31,109.72732069382424,yellow,data
2026-10-06T15:34:27,pmi_vn,2026-08-31,53.3,green,data
2026-10-06T15:34:27,fed_upper,2026-10-05,4.0,green_strong,data
2026-10-06T15:34:27,fed_lower,2026-10-05,3.75,green,data
2026-10-06T15:34:27,effr,2026-10-02,3.88,green,data
2026-10-06T15:34:27,ust_2y,2026-10-02,4.83,green,data
2026-10-06T15:34:27,ust_10y,2026-10-02,5.28,red,data
2026-10-06T15:34:27,ust_10y2y,2026-10-05,0.47,yellow,data
2026-10-06T15:34:27,usd_broad,2026-10-02,121.3848,green,data
2026-10-06T15:34:27,dxy,2026-10-06,,green,data
2026-10-06T15:34:27,brent,2026-09-29,113.96,orange,data
2026-10-06T15:34:27,brent_futures,2026-10-06,,yellow,data
2026-10-06T15:34:27,copper,2026-10-05,,red,data
2026-10-06T15:34:27,copper_lme_stock,2026-10-05,,green,data
2026-10-06T15:34:27,copper_comex,2026-10-06,,red,data
2026-10-06T15:34:27,copper_imf,2026-07-31,13542.82086956522,red,data
2026-10-06T15:34:27,hy_spread,2026-10-02,3.1,green_strong,data
2026-10-06T15:34:27,breakeven_10y,2026-10-05,2.36,yellow,data
2026-10-06T15:34:27,vix,2026-10-02,15.31,yellow,data
2026-10-06T15:34:27,us_mortgage_30y,2026-10-01,7.28,yellow,data
2026-10-06T15:34:27,gdp_yoy_published,2026-06-30,8.39,yellow,data
2026-10-06T15:34:27,gdp_yoy,2026-06-30,89.72774377855093,insufficient,data
2026-10-06T15:34:27,gdp_realestate_yoy,2026-06-30,71.97617301993135,insufficient,data
2026-10-06T15:34:27,gdp_construction_yoy,2026-06-30,107.43704178752104,insufficient,data
2026-10-06T15:34:27,export_yoy,2026-07-31,25.590081904262973,yellow,data
2026-10-06T15:34:27,cpi_yoy,2026-08-31,4.89,red,data
2026-10-06T15:34:27,cpi_avg_ytd,2026-07-31,4.393497411553593,yellow,data
2026-10-06T15:34:27,cpi_housing_yoy,2026-08-31,6.6,green,data
2026-10-06T15:34:27,fx_central,2026-08-10,25491.0,yellow,data
2026-10-06T15:34:27,fx_central_ytd,2026-08-10,1.4728713028939966,green,data
2026-10-06T15:34:27,deposit_12m_big4,2026-10-06,5.9,orange,data
2026-10-06T15:34:27,deposit_12m_all,2026-10-06,6.147368421052632,green,data
2026-10-06T15:34:27,interbank_on,2026-07-31,5.72,yellow,data
2026-10-06T15:34:27,refi_rate,2026-08-03,4.5,green,data
2026-10-06T15:34:27,govbond_10y,2026-07-31,4.464118,red,data
2026-10-06T15:34:27,real_rate,2026-08-31,1.010000000000001,yellow,data
2026-10-06T15:34:27,credit_ytd,2026-05-31,4.719252597353663,green,data
2026-10-06T15:34:27,credit_yoy,2026-05-31,16.837719328775336,green,data
2026-10-06T15:34:27,credit_construction_ytd,2026-05-31,5.860894457233434,green,data
2026-10-06T15:34:27,m2_ytd,2026-05-31,2.7283275723141154,green,data
2026-10-06T15:34:27,credit_minus_m2,2026-05-31,1.9909250250395472,green,data
2026-10-06T15:34:27,land_use_revenue,2024-12-31,217245.0,insufficient,data
2026-10-06T15:34:27,public_investment,2026-06-30,81430.19253,yellow,data
2026-10-06T15:34:27,public_investment_ytd_yoy,2026-06-30,13.475454350150606,green,data
2026-10-06T15:34:27,fdi_registered_ytd,2026-07-31,21045.97153151,red,data
2026-10-06T15:34:27,fdi_registered_ytd_yoy,2026-07-31,109.72732069382424,yellow,data
2026-10-06T15:34:27,pmi_vn,2026-08-31,53.3,green,data
2026-10-06T15:34:29,fed_upper,2026-10-05,4.0,green_strong,data
2026-10-06T15:34:29,fed_lower,2026-10-05,3.75,green,data
2026-10-06T15:34:29,effr,2026-10-02,3.88,green,data
2026-10-06T15:34:29,ust_2y,2026-10-02,4.83,green,data
2026-10-06T15:34:29,ust_10y,2026-10-02,5.28,red,data
2026-10-06T15:34:29,ust_10y2y,2026-10-05,0.47,yellow,data
2026-10-06T15:34:29,usd_broad,2026-10-02,121.3848,green,data
2026-10-06T15:34:29,dxy,2026-10-06,,green,data
2026-10-06T15:34:29,brent,2026-09-29,113.96,orange,data
2026-10-06T15:34:29,brent_futures,2026-10-06,,yellow,data
2026-10-06T15:34:29,copper,2026-10-05,,red,data
2026-10-06T15:34:29,copper_lme_stock,2026-10-05,,green,data
2026-10-06T15:34:29,copper_comex,2026-10-06,,red,data
2026-10-06T15:34:29,copper_imf,2026-07-31,13542.82086956522,red,data
2026-10-06T15:34:29,hy_spread,2026-10-02,3.1,green_strong,data
2026-10-06T15:34:29,breakeven_10y,2026-10-05,2.36,yellow,data
2026-10-06T15:34:29,vix,2026-10-02,15.31,yellow,data
2026-10-06T15:34:29,us_mortgage_30y,2026-10-01,7.28,yellow,data
2026-10-06T15:34:29,gdp_yoy_published,2026-06-30,8.39,yellow,data
2026-10-06T15:34:29,gdp_yoy,2026-06-30,89.72774377855093,insufficient,data
2026-10-06T15:34:29,gdp_realestate_yoy,2026-06-30,71.97617301993135,insufficient,data
2026-10-06T15:34:29,gdp_construction_yoy,2026-06-30,107.43704178752104,insufficient,data
2026-10-06T15:34:29,export_yoy,2026-07-31,25.590081904262973,yellow,data
2026-10-06T15:34:29,cpi_yoy,2026-08-31,4.89,red,data
2026-10-06T15:34:29,cpi_avg_ytd,2026-07-31,4.393497411553593,yellow,data
2026-10-06T15:34:29,cpi_housing_yoy,2026-08-31,6.6,green,data
2026-10-06T15:34:29,fx_central,2026-08-10,25491.0,yellow,data
2026-10-06T15:34:29,fx_central_ytd,2026-08-10,1.4728713028939966,green,data
2026-10-06T15:34:29,deposit_12m_big4,2026-10-06,5.9,orange,data
2026-10-06T15:34:29,deposit_12m_all,2026-10-06,6.147368421052632,green,data
2026-10-06T15:34:29,interbank_on,2026-07-31,5.72,yellow,data
2026-10-06T15:34:29,refi_rate,2026-08-03,4.5,green,data
2026-10-06T15:34:29,govbond_10y,2026-07-31,4.464118,red,data
2026-10-06T15:34:29,real_rate,2026-08-31,1.010000000000001,yellow,data
2026-10-06T15:34:29,credit_ytd,2026-05-31,4.719252597353663,green,data
2026-10-06T15:34:29,credit_yoy,2026-05-31,16.837719328775336,green,data
2026-10-06T15:34:29,credit_construction_ytd,2026-05-31,5.860894457233434,green,data
2026-10-06T15:34:29,m2_ytd,2026-05-31,2.7283275723141154,green,data
2026-10-06T15:34:29,credit_minus_m2,2026-05-31,1.9909250250395472,green,data
2026-10-06T15:34:29,land_use_revenue,2024-12-31,217245.0,insufficient,data
2026-10-06T15:34:29,public_investment,2026-06-30,81430.19253,yellow,data
2026-10-06T15:34:29,public_investment_ytd_yoy,2026-06-30,13.475454350150606,green,data
2026-10-06T15:34:29,fdi_registered_ytd,2026-07-31,21045.97153151,red,data
2026-10-06T15:34:29,fdi_registered_ytd_yoy,2026-07-31,109.72732069382424,yellow,data
2026-10-06T15:34:29,pmi_vn,2026-08-31,53.3,green,data
2026-10-06T15:34:30,fed_upper,2026-10-05,4.0,green_strong,data
2026-10-06T15:34:30,fed_lower,2026-10-05,3.75,green,data
2026-10-06T15:34:30,effr,2026-10-02,3.88,green,data
2026-10-06T15:34:30,ust_2y,2026-10-02,4.83,green,data
2026-10-06T15:34:30,ust_10y,2026-10-02,5.28,red,data
2026-10-06T15:34:30,ust_10y2y,2026-10-05,0.47,yellow,data
2026-10-06T15:34:30,usd_broad,2026-10-02,121.3848,green,data
2026-10-06T15:34:30,dxy,2026-10-06,,green,data
2026-10-06T15:34:30,brent,2026-09-29,113.96,orange,data
2026-10-06T15:34:30,brent_futures,2026-10-06,,yellow,data
2026-10-06T15:34:30,copper,2026-10-05,,red,data
2026-10-06T15:34:30,copper_lme_stock,2026-10-05,,green,data
2026-10-06T15:34:30,copper_comex,2026-10-06,,red,data
2026-10-06T15:34:30,copper_imf,2026-07-31,13542.82086956522,red,data
2026-10-06T15:34:30,hy_spread,2026-10-02,3.1,green_strong,data
2026-10-06T15:34:30,breakeven_10y,2026-10-05,2.36,yellow,data
2026-10-06T15:34:30,vix,2026-10-02,15.31,yellow,data
2026-10-06T15:34:30,us_mortgage_30y,2026-10-01,7.28,yellow,data
2026-10-06T15:34:30,gdp_yoy_published,2026-06-30,8.39,yellow,data
2026-10-06T15:34:30,gdp_yoy,2026-06-30,89.72774377855093,insufficient,data
2026-10-06T15:34:30,gdp_realestate_yoy,2026-06-30,71.97617301993135,insufficient,data
2026-10-06T15:34:30,gdp_construction_yoy,2026-06-30,107.43704178752104,insufficient,data
2026-10-06T15:34:30,export_yoy,2026-07-31,25.590081904262973,yellow,data
2026-10-06T15:34:30,cpi_yoy,2026-08-31,4.89,red,data
2026-10-06T15:34:30,cpi_avg_ytd,2026-07-31,4.393497411553593,yellow,data
2026-10-06T15:34:30,cpi_housing_yoy,2026-08-31,6.6,green,data
2026-10-06T15:34:30,fx_central,2026-08-10,25491.0,yellow,data
2026-10-06T15:34:30,fx_central_ytd,2026-08-10,1.4728713028939966,green,data
2026-10-06T15:34:30,deposit_12m_big4,2026-10-06,5.9,orange,data
2026-10-06T15:34:30,deposit_12m_all,2026-10-06,6.147368421052632,green,data
2026-10-06T15:34:30,interbank_on,2026-07-31,5.72,yellow,data
2026-10-06T15:34:30,refi_rate,2026-08-03,4.5,green,data
2026-10-06T15:34:30,govbond_10y,2026-07-31,4.464118,red,data
2026-10-06T15:34:30,real_rate,2026-08-31,1.010000000000001,yellow,data
2026-10-06T15:34:30,credit_ytd,2026-05-31,4.719252597353663,green,data
2026-10-06T15:34:30,credit_yoy,2026-05-31,16.837719328775336,green,data
2026-10-06T15:34:30,credit_construction_ytd,2026-05-31,5.860894457233434,green,data
2026-10-06T15:34:30,m2_ytd,2026-05-31,2.7283275723141154,green,data
2026-10-06T15:34:30,credit_minus_m2,2026-05-31,1.9909250250395472,green,data
2026-10-06T15:34:30,land_use_revenue,2024-12-31,217245.0,insufficient,data
2026-10-06T15:34:30,public_investment,2026-06-30,81430.19253,yellow,data
2026-10-06T15:34:30,public_investment_ytd_yoy,2026-06-30,13.475454350150606,green,data
2026-10-06T15:34:30,fdi_registered_ytd,2026-07-31,21045.97153151,red,data
2026-10-06T15:34:30,fdi_registered_ytd_yoy,2026-07-31,109.72732069382424,yellow,data
2026-10-06T15:34:30,pmi_vn,2026-08-31,53.3,green,data
2026-10-06T15:34:31,fed_upper,2026-10-05,4.0,green_strong,data
2026-10-06T15:34:31,fed_lower,2026-10-05,3.75,green,data
2026-10-06T15:34:31,effr,2026-10-02,3.88,green,data
2026-10-06T15:34:31,ust_2y,2026-10-02,4.83,green,data
2026-10-06T15:34:31,ust_10y,2026-10-02,5.28,red,data
2026-10-06T15:34:31,ust_10y2y,2026-10-05,0.47,yellow,data
2026-10-06T15:34:31,usd_broad,2026-10-02,121.3848,green,data
2026-10-06T15:34:31,dxy,2026-10-06,,green,data
2026-10-06T15:34:31,brent,2026-09-29,113.96,orange,data
2026-10-06T15:34:31,brent_futures,2026-10-06,,yellow,data
2026-10-06T15:34:31,copper,2026-10-05,,red,data
2026-10-06T15:34:31,copper_lme_stock,2026-10-05,,green,data
2026-10-06T15:34:31,copper_comex,2026-10-06,,red,data
2026-10-06T15:34:31,copper_imf,2026-07-31,13542.82086956522,red,data
2026-10-06T15:34:31,hy_spread,2026-10-02,3.1,green_strong,data
2026-10-06T15:34:31,breakeven_10y,2026-10-05,2.36,yellow,data
2026-10-06T15:34:31,vix,2026-10-02,15.31,yellow,data
2026-10-06T15:34:31,us_mortgage_30y,2026-10-01,7.28,yellow,data
2026-10-06T15:34:31,gdp_yoy_published,2026-06-30,8.39,yellow,data
2026-10-06T15:34:31,gdp_yoy,2026-06-30,89.72774377855093,insufficient,data
2026-10-06T15:34:31,gdp_realestate_yoy,2026-06-30,71.97617301993135,insufficient,data
2026-10-06T15:34:31,gdp_construction_yoy,2026-06-30,107.43704178752104,insufficient,data
2026-10-06T15:34:31,export_yoy,2026-07-31,25.590081904262973,yellow,data
2026-10-06T15:34:31,cpi_yoy,2026-08-31,4.89,red,data
2026-10-06T15:34:31,cpi_avg_ytd,2026-07-31,4.393497411553593,yellow,data
2026-10-06T15:34:31,cpi_housing_yoy,2026-08-31,6.6,green,data
2026-10-06T15:34:31,fx_central,2026-08-10,25491.0,yellow,data
2026-10-06T15:34:31,fx_central_ytd,2026-08-10,1.4728713028939966,green,data
2026-10-06T15:34:31,deposit_12m_big4,2026-10-06,5.9,orange,data
2026-10-06T15:34:31,deposit_12m_all,2026-10-06,6.147368421052632,green,data
2026-10-06T15:34:31,interbank_on,2026-07-31,5.72,yellow,data
2026-10-06T15:34:31,refi_rate,2026-08-03,4.5,green,data
2026-10-06T15:34:31,govbond_10y,2026-07-31,4.464118,red,data
2026-10-06T15:34:31,real_rate,2026-08-31,1.010000000000001,yellow,data
2026-10-06T15:34:31,credit_ytd,2026-05-31,4.719252597353663,green,data
2026-10-06T15:34:31,credit_yoy,2026-05-31,16.837719328775336,green,data
2026-10-06T15:34:31,credit_construction_ytd,2026-05-31,5.860894457233434,green,data
2026-10-06T15:34:31,m2_ytd,2026-05-31,2.7283275723141154,green,data
2026-10-06T15:34:31,credit_minus_m2,2026-05-31,1.9909250250395472,green,data
2026-10-06T15:34:31,land_use_revenue,2024-12-31,217245.0,insufficient,data
2026-10-06T15:34:31,public_investment,2026-06-30,81430.19253,yellow,data
2026-10-06T15:34:31,public_investment_ytd_yoy,2026-06-30,13.475454350150606,green,data
2026-10-06T15:34:31,fdi_registered_ytd,2026-07-31,21045.97153151,red,data
2026-10-06T15:34:31,fdi_registered_ytd_yoy,2026-07-31,109.72732069382424,yellow,data
2026-10-06T15:34:31,pmi_vn,2026-08-31,53.3,green,data
2026-10-06T15:34:33,fed_upper,2026-10-05,4.0,green_strong,data
2026-10-06T15:34:33,fed_lower,2026-10-05,3.75,green,data
2026-10-06T15:34:33,effr,2026-10-02,3.88,green,data
2026-10-06T15:34:33,ust_2y,2026-10-02,4.83,green,data
2026-10-06T15:34:33,ust_10y,2026-10-02,5.28,red,data
2026-10-06T15:34:33,ust_10y2y,2026-10-05,0.47,yellow,data
2026-10-06T15:34:33,usd_broad,2026-10-02,121.3848,green,data
2026-10-06T15:34:33,dxy,2026-10-06,,green,data
2026-10-06T15:34:33,brent,2026-09-29,113.96,orange,data
2026-10-06T15:34:33,brent_futures,2026-10-06,,yellow,data
2026-10-06T15:34:33,copper,2026-10-05,,red,data
2026-10-06T15:34:33,copper_lme_stock,2026-10-05,,green,data
2026-10-06T15:34:33,copper_comex,2026-10-06,,red,data
2026-10-06T15:34:33,copper_imf,2026-07-31,13542.82086956522,red,data
2026-10-06T15:34:33,hy_spread,2026-10-02,3.1,green_strong,data
2026-10-06T15:34:33,breakeven_10y,2026-10-05,2.36,yellow,data
2026-10-06T15:34:33,vix,2026-10-02,15.31,yellow,data
2026-10-06T15:34:33,us_mortgage_30y,2026-10-01,7.28,yellow,data
2026-10-06T15:34:33,gdp_yoy_published,2026-06-30,8.39,yellow,data
2026-10-06T15:34:33,gdp_yoy,2026-06-30,89.72774377855093,insufficient,data
2026-10-06T15:34:33,gdp_realestate_yoy,2026-06-30,71.97617301993135,insufficient,data
2026-10-06T15:34:33,gdp_construction_yoy,2026-06-30,107.43704178752104,insufficient,data
2026-10-06T15:34:33,export_yoy,2026-07-31,25.590081904262973,yellow,data
2026-10-06T15:34:33,cpi_yoy,2026-08-31,4.89,red,data
2026-10-06T15:34:33,cpi_avg_ytd,2026-07-31,4.393497411553593,yellow,data
2026-10-06T15:34:33,cpi_housing_yoy,2026-08-31,6.6,green,data
2026-10-06T15:34:33,fx_central,2026-08-10,25491.0,yellow,data
2026-10-06T15:34:33,fx_central_ytd,2026-08-10,1.4728713028939966,green,data
2026-10-06T15:34:33,deposit_12m_big4,2026-10-06,5.9,orange,data
2026-10-06T15:34:33,deposit_12m_all,2026-10-06,6.147368421052632,green,data
2026-10-06T15:34:33,interbank_on,2026-07-31,5.72,yellow,data
2026-10-06T15:34:33,refi_rate,2026-08-03,4.5,green,data
2026-10-06T15:34:33,govbond_10y,2026-07-31,4.464118,red,data
2026-10-06T15:34:33,real_rate,2026-08-31,1.010000000000001,yellow,data
2026-10-06T15:34:33,credit_ytd,2026-05-31,4.719252597353663,green,data
2026-10-06T15:34:33,credit_yoy,2026-05-31,16.837719328775336,green,data
2026-10-06T15:34:33,credit_construction_ytd,2026-05-31,5.860894457233434,green,data
2026-10-06T15:34:33,m2_ytd,2026-05-31,2.7283275723141154,green,data
2026-10-06T15:34:33,credit_minus_m2,2026-05-31,1.9909250250395472,green,data
2026-10-06T15:34:33,land_use_revenue,2024-12-31,217245.0,insufficient,data
2026-10-06T15:34:33,public_investment,2026-06-30,81430.19253,yellow,data
2026-10-06T15:34:33,public_investment_ytd_yoy,2026-06-30,13.475454350150606,green,data
2026-10-06T15:34:33,fdi_registered_ytd,2026-07-31,21045.97153151,red,data
2026-10-06T15:34:33,fdi_registered_ytd_yoy,2026-07-31,109.72732069382424,yellow,data
2026-10-06T15:34:33,pmi_vn,2026-08-31,53.3,green,data
2026-10-06T15:34:34,fed_upper,2026-10-05,4.0,green_strong,data
2026-10-06T15:34:34,fed_lower,2026-10-05,3.75,green,data
2026-10-06T15:34:34,effr,2026-10-02,3.88,green,data
2026-10-06T15:34:34,ust_2y,2026-10-02,4.83,green,data
2026-10-06T15:34:34,ust_10y,2026-10-02,5.28,red,data
2026-10-06T15:34:34,ust_10y2y,2026-10-05,0.47,yellow,data
2026-10-06T15:34:34,usd_broad,2026-10-02,121.3848,green,data
2026-10-06T15:34:34,dxy,2026-10-06,,green,data
2026-10-06T15:34:34,brent,2026-09-29,113.96,orange,data
2026-10-06T15:34:34,brent_futures,2026-10-06,,yellow,data
2026-10-06T15:34:34,copper,2026-10-05,,red,data
2026-10-06T15:34:34,copper_lme_stock,2026-10-05,,green,data
2026-10-06T15:34:34,copper_comex,2026-10-06,,red,data
2026-10-06T15:34:34,copper_imf,2026-07-31,13542.82086956522,red,data
2026-10-06T15:34:34,hy_spread,2026-10-02,3.1,green_strong,data
2026-10-06T15:34:34,breakeven_10y,2026-10-05,2.36,yellow,data
2026-10-06T15:34:34,vix,2026-10-02,15.31,yellow,data
2026-10-06T15:34:34,us_mortgage_30y,2026-10-01,7.28,yellow,data
2026-10-06T15:34:34,gdp_yoy_published,2026-06-30,8.39,yellow,data
2026-10-06T15:34:34,gdp_yoy,2026-06-30,89.72774377855093,insufficient,data
2026-10-06T15:34:34,gdp_realestate_yoy,2026-06-30,71.97617301993135,insufficient,data
2026-10-06T15:34:34,gdp_construction_yoy,2026-06-30,107.43704178752104,insufficient,data
2026-10-06T15:34:34,export_yoy,2026-07-31,25.590081904262973,yellow,data
2026-10-06T15:34:34,cpi_yoy,2026-08-31,4.89,red,data
2026-10-06T15:34:34,cpi_avg_ytd,2026-07-31,4.393497411553593,yellow,data
2026-10-06T15:34:34,cpi_housing_yoy,2026-08-31,6.6,green,data
2026-10-06T15:34:34,fx_central,2026-08-10,25491.0,yellow,data
2026-10-06T15:34:34,fx_central_ytd,2026-08-10,1.4728713028939966,green,data
2026-10-06T15:34:34,deposit_12m_big4,2026-10-06,5.9,orange,data
2026-10-06T15:34:34,deposit_12m_all,2026-10-06,6.147368421052632,green,data
2026-10-06T15:34:34,interbank_on,2026-07-31,5.72,yellow,data
2026-10-06T15:34:34,refi_rate,2026-08-03,4.5,green,data
2026-10-06T15:34:34,govbond_10y,2026-07-31,4.464118,red,data
2026-10-06T15:34:34,real_rate,2026-08-31,1.010000000000001,yellow,data
2026-10-06T15:34:34,credit_ytd,2026-05-31,4.719252597353663,green,data
2026-10-06T15:34:34,credit_yoy,2026-05-31,16.837719328775336,green,data
2026-10-06T15:34:34,credit_construction_ytd,2026-05-31,5.860894457233434,green,data
2026-10-06T15:34:34,m2_ytd,2026-05-31,2.7283275723141154,green,data
2026-10-06T15:34:34,credit_minus_m2,2026-05-31,1.9909250250395472,green,data
2026-10-06T15:34:34,land_use_revenue,2024-12-31,217245.0,insufficient,data
2026-10-06T15:34:34,public_investment,2026-06-30,81430.19253,yellow,data
2026-10-06T15:34:34,public_investment_ytd_yoy,2026-06-30,13.475454350150606,green,data
2026-10-06T15:34:34,fdi_registered_ytd,2026-07-31,21045.97153151,red,data
2026-10-06T15:34:34,fdi_registered_ytd_yoy,2026-07-31,109.72732069382424,yellow,data
2026-10-06T15:34:34,pmi_vn,2026-08-31,53.3,green,data
2026-10-06T15:34:36,fed_upper,2026-10-05,4.0,green_strong,data
2026-10-06T15:34:36,fed_lower,2026-10-05,3.75,green,data
2026-10-06T15:34:36,effr,2026-10-02,3.88,green,data
2026-10-06T15:34:36,ust_2y,2026-10-02,4.83,green,data
2026-10-06T15:34:36,ust_10y,2026-10-02,5.28,red,data
2026-10-06T15:34:36,ust_10y2y,2026-10-05,0.47,yellow,data
2026-10-06T15:34:36,usd_broad,2026-10-02,121.3848,green,data
2026-10-06T15:34:36,dxy,2026-10-06,,green,data
2026-10-06T15:34:36,brent,2026-09-29,113.96,orange,data
2026-10-06T15:34:36,brent_futures,2026-10-06,,yellow,data
2026-10-06T15:34:36,copper,2026-10-05,,red,data
2026-10-06T15:34:36,copper_lme_stock,2026-10-05,,green,data
2026-10-06T15:34:36,copper_comex,2026-10-06,,red,data
2026-10-06T15:34:36,copper_imf,2026-07-31,13542.82086956522,red,data
2026-10-06T15:34:36,hy_spread,2026-10-02,3.1,green_strong,data
2026-10-06T15:34:36,breakeven_10y,2026-10-05,2.36,yellow,data
2026-10-06T15:34:36,vix,2026-10-02,15.31,yellow,data
2026-10-06T15:34:36,us_mortgage_30y,2026-10-01,7.28,yellow,data
2026-10-06T15:34:36,gdp_yoy_published,2026-06-30,8.39,yellow,data
2026-10-06T15:34:36,gdp_yoy,2026-06-30,89.72774377855093,insufficient,data
2026-10-06T15:34:36,gdp_realestate_yoy,2026-06-30,71.97617301993135,insufficient,data
2026-10-06T15:34:36,gdp_construction_yoy,2026-06-30,107.43704178752104,insufficient,data
2026-10-06T15:34:36,export_yoy,2026-07-31,25.590081904262973,yellow,data
2026-10-06T15:34:36,cpi_yoy,2026-08-31,4.89,red,data
2026-10-06T15:34:36,cpi_avg_ytd,2026-07-31,4.393497411553593,yellow,data
2026-10-06T15:34:36,cpi_housing_yoy,2026-08-31,6.6,green,data
2026-10-06T15:34:36,fx_central,2026-08-10,25491.0,yellow,data
2026-10-06T15:34:36,fx_central_ytd,2026-08-10,1.4728713028939966,green,data
2026-10-06T15:34:36,deposit_12m_big4,2026-10-06,5.9,orange,data
2026-10-06T15:34:36,deposit_12m_all,2026-10-06,6.147368421052632,green,data
2026-10-06T15:34:36,interbank_on,2026-07-31,5.72,yellow,data
2026-10-06T15:34:36,refi_rate,2026-08-03,4.5,green,data
2026-10-06T15:34:36,govbond_10y,2026-07-31,4.464118,red,data
2026-10-06T15:34:36,real_rate,2026-08-31,1.010000000000001,yellow,data
2026-10-06T15:34:36,credit_ytd,2026-05-31,4.719252597353663,green,data
2026-10-06T15:34:36,credit_yoy,2026-05-31,16.837719328775336,green,data
2026-10-06T15:34:36,credit_construction_ytd,2026-05-31,5.860894457233434,green,data
2026-10-06T15:34:36,m2_ytd,2026-05-31,2.7283275723141154,green,data
2026-10-06T15:34:36,credit_minus_m2,2026-05-31,1.9909250250395472,green,data
2026-10-06T15:34:36,land_use_revenue,2024-12-31,217245.0,insufficient,data
2026-10-06T15:34:36,public_investment,2026-06-30,81430.19253,yellow,data
2026-10-06T15:34:36,public_investment_ytd_yoy,2026-06-30,13.475454350150606,green,data
2026-10-06T15:34:36,fdi_registered_ytd,2026-07-31,21045.97153151,red,data
2026-10-06T15:34:36,fdi_registered_ytd_yoy,2026-07-31,109.72732069382424,yellow,data
2026-10-06T15:34:36,pmi_vn,2026-08-31,53.3,green,data
2026-10-06T15:34:38,fed_upper,2026-10-05,4.0,green_strong,data
2026-10-06T15:34:38,fed_lower,2026-10-05,3.75,green,data
2026-10-06T15:34:38,effr,2026-10-02,3.88,green,data
2026-10-06T15:34:38,ust_2y,2026-10-02,4.83,green,data
2026-10-06T15:34:38,ust_10y,2026-10-02,5.28,red,data
2026-10-06T15:34:38,ust_10y2y,2026-10-05,0.47,yellow,data
2026-10-06T15:34:38,usd_broad,2026-10-02,121.3848,green,data
2026-10-06T15:34:38,dxy,2026-10-06,,green,data
2026-10-06T15:34:38,brent,2026-09-29,113.96,orange,data
2026-10-06T15:34:38,brent_futures,2026-10-06,,yellow,data
2026-10-06T15:34:38,copper,2026-10-05,,red,data
2026-10-06T15:34:38,copper_lme_stock,2026-10-05,,green,data
2026-10-06T15:34:38,copper_comex,2026-10-06,,red,data
2026-10-06T15:34:38,copper_imf,2026-07-31,13542.82086956522,red,data
2026-10-06T15:34:38,hy_spread,2026-10-02,3.1,green_strong,data
2026-10-06T15:34:38,breakeven_10y,2026-10-05,2.36,yellow,data
2026-10-06T15:34:38,vix,2026-10-02,15.31,yellow,data
2026-10-06T15:34:38,us_mortgage_30y,2026-10-01,7.28,yellow,data
2026-10-06T15:34:38,gdp_yoy_published,2026-06-30,8.39,yellow,data
2026-10-06T15:34:38,gdp_yoy,2026-06-30,89.72774377855093,insufficient,data
2026-10-06T15:34:38,gdp_realestate_yoy,2026-06-30,71.97617301993135,insufficient,data
2026-10-06T15:34:38,gdp_construction_yoy,2026-06-30,107.43704178752104,insufficient,data
2026-10-06T15:34:38,export_yoy,2026-07-31,25.590081904262973,yellow,data
2026-10-06T15:34:38,cpi_yoy,2026-08-31,4.89,red,data
2026-10-06T15:34:38,cpi_avg_ytd,2026-07-31,4.393497411553593,yellow,data
2026-10-06T15:34:38,cpi_housing_yoy,2026-08-31,6.6,green,data
2026-10-06T15:34:38,fx_central,2026-08-10,25491.0,yellow,data
2026-10-06T15:34:38,fx_central_ytd,2026-08-10,1.4728713028939966,green,data
2026-10-06T15:34:38,deposit_12m_big4,2026-10-06,5.9,orange,data
2026-10-06T15:34:38,deposit_12m_all,2026-10-06,6.147368421052632,green,data
2026-10-06T15:34:38,interbank_on,2026-07-31,5.72,yellow,data
2026-10-06T15:34:38,refi_rate,2026-08-03,4.5,green,data
2026-10-06T15:34:38,govbond_10y,2026-07-31,4.464118,red,data
2026-10-06T15:34:38,real_rate,2026-08-31,1.010000000000001,yellow,data
2026-10-06T15:34:38,credit_ytd,2026-05-31,4.719252597353663,green,data
2026-10-06T15:34:38,credit_yoy,2026-05-31,16.837719328775336,green,data
2026-10-06T15:34:38,credit_construction_ytd,2026-05-31,5.860894457233434,green,data
2026-10-06T15:34:38,m2_ytd,2026-05-31,2.7283275723141154,green,data
2026-10-06T15:34:38,credit_minus_m2,2026-05-31,1.9909250250395472,green,data
2026-10-06T15:34:38,land_use_revenue,2024-12-31,217245.0,insufficient,data
2026-10-06T15:34:38,public_investment,2026-06-30,81430.19253,yellow,data
2026-10-06T15:34:38,public_investment_ytd_yoy,2026-06-30,13.475454350150606,green,data
2026-10-06T15:34:38,fdi_registered_ytd,2026-07-31,21045.97153151,red,data
2026-10-06T15:34:38,fdi_registered_ytd_yoy,2026-07-31,109.72732069382424,yellow,data
2026-10-06T15:34:38,pmi_vn,2026-08-31,53.3,green,data
2026-10-06T15:34:40,fed_upper,2026-10-05,4.0,green_strong,data
2026-10-06T15:34:40,fed_lower,2026-10-05,3.75,green,data
2026-10-06T15:34:40,effr,2026-10-02,3.88,green,data
2026-10-06T15:34:40,ust_2y,2026-10-02,4.83,green,data
2026-10-06T15:34:40,ust_10y,2026-10-02,5.28,red,data
2026-10-06T15:34:40,ust_10y2y,2026-10-05,0.47,yellow,data
2026-10-06T15:34:40,usd_broad,2026-10-02,121.3848,green,data
2026-10-06T15:34:40,dxy,2026-10-06,,green,data
2026-10-06T15:34:40,brent,2026-09-29,113.96,orange,data
2026-10-06T15:34:40,brent_futures,2026-10-06,,yellow,data
2026-10-06T15:34:40,copper,2026-10-05,,red,data
2026-10-06T15:34:40,copper_lme_stock,2026-10-05,,green,data
2026-10-06T15:34:40,copper_comex,2026-10-06,,red,data
2026-10-06T15:34:40,copper_imf,2026-07-31,13542.82086956522,red,data
2026-10-06T15:34:40,hy_spread,2026-10-02,3.1,green_strong,data
2026-10-06T15:34:40,breakeven_10y,2026-10-05,2.36,yellow,data
2026-10-06T15:34:40,vix,2026-10-02,15.31,yellow,data
2026-10-06T15:34:40,us_mortgage_30y,2026-10-01,7.28,yellow,data
2026-10-06T15:34:40,gdp_yoy_published,2026-06-30,8.39,yellow,data
2026-10-06T15:34:40,gdp_yoy,2026-06-30,89.72774377855093,insufficient,data
2026-10-06T15:34:40,gdp_realestate_yoy,2026-06-30,71.97617301993135,insufficient,data
2026-10-06T15:34:40,gdp_construction_yoy,2026-06-30,107.43704178752104,insufficient,data
2026-10-06T15:34:40,export_yoy,2026-07-31,25.590081904262973,yellow,data
2026-10-06T15:34:40,cpi_yoy,2026-08-31,4.89,red,data
2026-10-06T15:34:40,cpi_avg_ytd,2026-07-31,4.393497411553593,yellow,data
2026-10-06T15:34:40,cpi_housing_yoy,2026-08-31,6.6,green,data
2026-10-06T15:34:40,fx_central,2026-08-10,25491.0,yellow,data
2026-10-06T15:34:40,fx_central_ytd,2026-08-10,1.4728713028939966,green,data
2026-10-06T15:34:40,deposit_12m_big4,2026-10-06,5.9,orange,data
2026-10-06T15:34:40,deposit_12m_all,2026-10-06,6.147368421052632,green,data
2026-10-06T15:34:40,interbank_on,2026-07-31,5.72,yellow,data
2026-10-06T15:34:40,refi_rate,2026-08-03,4.5,green,data
2026-10-06T15:34:40,govbond_10y,2026-07-31,4.464118,red,data
2026-10-06T15:34:40,real_rate,2026-08-31,1.010000000000001,yellow,data
2026-10-06T15:34:40,credit_ytd,2026-05-31,4.719252597353663,green,data
2026-10-06T15:34:40,credit_yoy,2026-05-31,16.837719328775336,green,data
2026-10-06T15:34:40,credit_construction_ytd,2026-05-31,5.860894457233434,green,data
2026-10-06T15:34:40,m2_ytd,2026-05-31,2.7283275723141154,green,data
2026-10-06T15:34:40,credit_minus_m2,2026-05-31,1.9909250250395472,green,data
2026-10-06T15:34:40,land_use_revenue,2024-12-31,217245.0,insufficient,data
2026-10-06T15:34:40,public_investment,2026-06-30,81430.19253,yellow,data
2026-10-06T15:34:40,public_investment_ytd_yoy,2026-06-30,13.475454350150606,green,data
2026-10-06T15:34:40,fdi_registered_ytd,2026-07-31,21045.97153151,red,data
2026-10-06T15:34:40,fdi_registered_ytd_yoy,2026-07-31,109.72732069382424,yellow,data
2026-10-06T15:34:40,pmi_vn,2026-08-31,53.3,green,data
2026-10-06T15:34:43,fed_upper,2026-10-05,4.0,green_strong,data
2026-10-06T15:34:43,fed_lower,2026-10-05,3.75,green,data
2026-10-06T15:34:43,effr,2026-10-02,3.88,green,data
2026-10-06T15:34:43,ust_2y,2026-10-02,4.83,green,data
2026-10-06T15:34:43,ust_10y,2026-10-02,5.28,red,data
2026-10-06T15:34:43,ust_10y2y,2026-10-05,0.47,yellow,data
2026-10-06T15:34:43,usd_broad,2026-10-02,121.3848,green,data
2026-10-06T15:34:43,dxy,2026-10-06,,green,data
2026-10-06T15:34:43,brent,2026-09-29,113.96,orange,data
2026-10-06T15:34:43,brent_futures,2026-10-06,,yellow,data
2026-10-06T15:34:43,copper,2026-10-05,,red,data
2026-10-06T15:34:43,copper_lme_stock,2026-10-05,,green,data
2026-10-06T15:34:43,copper_comex,2026-10-06,,red,data
2026-10-06T15:34:43,copper_imf,2026-07-31,13542.82086956522,red,data
2026-10-06T15:34:43,hy_spread,2026-10-02,3.1,green_strong,data
2026-10-06T15:34:43,breakeven_10y,2026-10-05,2.36,yellow,data
2026-10-06T15:34:43,vix,2026-10-02,15.31,yellow,data
2026-10-06T15:34:43,us_mortgage_30y,2026-10-01,7.28,yellow,data
2026-10-06T15:34:43,gdp_yoy_published,2026-06-30,8.39,yellow,data
2026-10-06T15:34:43,gdp_yoy,2026-06-30,89.72774377855093,insufficient,data
2026-10-06T15:34:43,gdp_realestate_yoy,2026-06-30,71.97617301993135,insufficient,data
2026-10-06T15:34:43,gdp_construction_yoy,2026-06-30,107.43704178752104,insufficient,data
2026-10-06T15:34:43,export_yoy,2026-07-31,25.590081904262973,yellow,data
2026-10-06T15:34:43,cpi_yoy,2026-08-31,4.89,red,data
2026-10-06T15:34:43,cpi_avg_ytd,2026-07-31,4.393497411553593,yellow,data
2026-10-06T15:34:43,cpi_housing_yoy,2026-08-31,6.6,green,data
2026-10-06T15:34:43,fx_central,2026-08-10,25491.0,yellow,data
2026-10-06T15:34:43,fx_central_ytd,2026-08-10,1.4728713028939966,green,data
2026-10-06T15:34:43,deposit_12m_big4,2026-10-06,5.9,orange,data
2026-10-06T15:34:43,deposit_12m_all,2026-10-06,6.147368421052632,green,data
2026-10-06T15:34:43,interbank_on,2026-07-31,5.72,yellow,data
2026-10-06T15:34:43,refi_rate,2026-08-03,4.5,green,data
2026-10-06T15:34:43,govbond_10y,2026-07-31,4.464118,red,data
2026-10-06T15:34:43,real_rate,2026-08-31,1.010000000000001,yellow,data
2026-10-06T15:34:43,credit_ytd,2026-05-31,4.719252597353663,green,data
2026-10-06T15:34:43,credit_yoy,2026-05-31,16.837719328775336,green,data
2026-10-06T15:34:43,credit_construction_ytd,2026-05-31,5.860894457233434,green,data
2026-10-06T15:34:43,m2_ytd,2026-05-31,2.7283275723141154,green,data
2026-10-06T15:34:43,credit_minus_m2,2026-05-31,1.9909250250395472,green,data
2026-10-06T15:34:43,land_use_revenue,2024-12-31,217245.0,insufficient,data
2026-10-06T15:34:43,public_investment,2026-06-30,81430.19253,yellow,data
2026-10-06T15:34:43,public_investment_ytd_yoy,2026-06-30,13.475454350150606,green,data
2026-10-06T15:34:43,fdi_registered_ytd,2026-07-31,21045.97153151,red,data
2026-10-06T15:34:43,fdi_registered_ytd_yoy,2026-07-31,109.72732069382424,yellow,data
2026-10-06T15:34:43,pmi_vn,2026-08-31,53.3,green,data
2026-10-06T15:34:45,fed_upper,2026-10-05,4.0,green_strong,data
2026-10-06T15:34:45,fed_lower,2026-10-05,3.75,green,data
2026-10-06T15:34:45,effr,2026-10-02,3.88,green,data
2026-10-06T15:34:45,ust_2y,2026-10-02,4.83,green,data
2026-10-06T15:34:45,ust_10y,2026-10-02,5.28,red,data
2026-10-06T15:34:45,ust_10y2y,2026-10-05,0.47,yellow,data
2026-10-06T15:34:45,usd_broad,2026-10-02,121.3848,green,data
2026-10-06T15:34:45,dxy,2026-10-06,,green,data
2026-10-06T15:34:45,brent,2026-09-29,113.96,orange,data
2026-10-06T15:34:45,brent_futures,2026-10-06,,yellow,data
2026-10-06T15:34:45,copper,2026-10-05,,red,data
2026-10-06T15:34:45,copper_lme_stock,2026-10-05,,green,data
2026-10-06T15:34:45,copper_comex,2026-10-06,,red,data
2026-10-06T15:34:45,copper_imf,2026-07-31,13542.82086956522,red,data
2026-10-06T15:34:45,hy_spread,2026-10-02,3.1,green_strong,data
2026-10-06T15:34:45,breakeven_10y,2026-10-05,2.36,yellow,data
2026-10-06T15:34:45,vix,2026-10-02,15.31,yellow,data
2026-10-06T15:34:45,us_mortgage_30y,2026-10-01,7.28,yellow,data
2026-10-06T15:34:45,gdp_yoy_published,2026-06-30,8.39,yellow,data
2026-10-06T15:34:45,gdp_yoy,2026-06-30,89.72774377855093,insufficient,data
2026-10-06T15:34:45,gdp_realestate_yoy,2026-06-30,71.97617301993135,insufficient,data
2026-10-06T15:34:45,gdp_construction_yoy,2026-06-30,107.43704178752104,insufficient,data
2026-10-06T15:34:45,export_yoy,2026-07-31,25.590081904262973,yellow,data
2026-10-06T15:34:45,cpi_yoy,2026-08-31,4.89,red,data
2026-10-06T15:34:45,cpi_avg_ytd,2026-07-31,4.393497411553593,yellow,data
2026-10-06T15:34:45,cpi_housing_yoy,2026-08-31,6.6,green,data
2026-10-06T15:34:45,fx_central,2026-08-10,25491.0,yellow,data
2026-10-06T15:34:45,fx_central_ytd,2026-08-10,1.4728713028939966,green,data
2026-10-06T15:34:45,deposit_12m_big4,2026-10-06,5.9,orange,data
2026-10-06T15:34:45,deposit_12m_all,2026-10-06,6.147368421052632,green,data
2026-10-06T15:34:45,interbank_on,2026-07-31,5.72,yellow,data
2026-10-06T15:34:45,refi_rate,2026-08-03,4.5,green,data
2026-10-06T15:34:45,govbond_10y,2026-07-31,4.464118,red,data
2026-10-06T15:34:45,real_rate,2026-08-31,1.010000000000001,yellow,data
2026-10-06T15:34:45,credit_ytd,2026-05-31,4.719252597353663,green,data
2026-10-06T15:34:45,credit_yoy,2026-05-31,16.837719328775336,green,data
2026-10-06T15:34:45,credit_construction_ytd,2026-05-31,5.860894457233434,green,data
2026-10-06T15:34:45,m2_ytd,2026-05-31,2.7283275723141154,green,data
2026-10-06T15:34:45,credit_minus_m2,2026-05-31,1.9909250250395472,green,data
2026-10-06T15:34:45,land_use_revenue,2024-12-31,217245.0,insufficient,data
2026-10-06T15:34:45,public_investment,2026-06-30,81430.19253,yellow,data
2026-10-06T15:34:45,public_investment_ytd_yoy,2026-06-30,13.475454350150606,green,data
2026-10-06T15:34:45,fdi_registered_ytd,2026-07-31,21045.97153151,red,data
2026-10-06T15:34:45,fdi_registered_ytd_yoy,2026-07-31,109.72732069382424,yellow,data
2026-10-06T15:34:45,pmi_vn,2026-08-31,53.3,green,data
2026-10-06T15:34:47,fed_upper,2026-10-05,4.0,green_strong,data
2026-10-06T15:34:47,fed_lower,2026-10-05,3.75,green,data
2026-10-06T15:34:47,effr,2026-10-02,3.88,green,data
2026-10-06T15:34:47,ust_2y,2026-10-02,4.83,green,data
2026-10-06T15:34:47,ust_10y,2026-10-02,5.28,red,data
2026-10-06T15:34:47,ust_10y2y,2026-10-05,0.47,yellow,data
2026-10-06T15:34:47,usd_broad,2026-10-02,121.3848,green,data
2026-10-06T15:34:47,dxy,2026-10-06,,green,data
2026-10-06T15:34:47,brent,2026-09-29,113.96,orange,data
2026-10-06T15:34:47,brent_futures,2026-10-06,,yellow,data
2026-10-06T15:34:47,copper,2026-10-05,,red,data
2026-10-06T15:34:47,copper_lme_stock,2026-10-05,,green,data
2026-10-06T15:34:47,copper_comex,2026-10-06,,red,data
2026-10-06T15:34:47,copper_imf,2026-07-31,13542.82086956522,red,data
2026-10-06T15:34:47,hy_spread,2026-10-02,3.1,green_strong,data
2026-10-06T15:34:47,breakeven_10y,2026-10-05,2.36,yellow,data
2026-10-06T15:34:47,vix,2026-10-02,15.31,yellow,data
2026-10-06T15:34:47,us_mortgage_30y,2026-10-01,7.28,yellow,data
2026-10-06T15:34:47,gdp_yoy_published,2026-06-30,8.39,yellow,data
2026-10-06T15:34:47,gdp_yoy,2026-06-30,89.72774377855093,insufficient,data
2026-10-06T15:34:47,gdp_realestate_yoy,2026-06-30,71.97617301993135,insufficient,data
2026-10-06T15:34:47,gdp_construction_yoy,2026-06-30,107.43704178752104,insufficient,data
2026-10-06T15:34:47,export_yoy,2026-07-31,25.590081904262973,yellow,data
2026-10-06T15:34:47,cpi_yoy,2026-08-31,4.89,red,data
2026-10-06T15:34:47,cpi_avg_ytd,2026-07-31,4.393497411553593,yellow,data
2026-10-06T15:34:47,cpi_housing_yoy,2026-08-31,6.6,green,data
2026-10-06T15:34:47,fx_central,2026-08-10,25491.0,yellow,data
2026-10-06T15:34:47,fx_central_ytd,2026-08-10,1.4728713028939966,green,data
2026-10-06T15:34:47,deposit_12m_big4,2026-10-06,5.9,orange,data
2026-10-06T15:34:47,deposit_12m_all,2026-10-06,6.147368421052632,green,data
2026-10-06T15:34:47,interbank_on,2026-07-31,5.72,yellow,data
2026-10-06T15:34:47,refi_rate,2026-08-03,4.5,green,data
2026-10-06T15:34:47,govbond_10y,2026-07-31,4.464118,red,data
2026-10-06T15:34:47,real_rate,2026-08-31,1.010000000000001,yellow,data
2026-10-06T15:34:47,credit_ytd,2026-05-31,4.719252597353663,green,data
2026-10-06T15:34:47,credit_yoy,2026-05-31,16.837719328775336,green,data
2026-10-06T15:34:47,credit_construction_ytd,2026-05-31,5.860894457233434,green,data
2026-10-06T15:34:47,m2_ytd,2026-05-31,2.7283275723141154,green,data
2026-10-06T15:34:47,credit_minus_m2,2026-05-31,1.9909250250395472,green,data
2026-10-06T15:34:47,land_use_revenue,2024-12-31,217245.0,insufficient,data
2026-10-06T15:34:47,public_investment,2026-06-30,81430.19253,yellow,data
2026-10-06T15:34:47,public_investment_ytd_yoy,2026-06-30,13.475454350150606,green,data
2026-10-06T15:34:47,fdi_registered_ytd,2026-07-31,21045.97153151,red,data
2026-10-06T15:34:47,fdi_registered_ytd_yoy,2026-07-31,109.72732069382424,yellow,data
2026-10-06T15:34:47,pmi_vn,2026-08-31,53.3,green,data
2026-10-06T15:34:50,fed_upper,2026-10-05,4.0,green_strong,data
2026-10-06T15:34:50,fed_lower,2026-10-05,3.75,green,data
2026-10-06T15:34:50,effr,2026-10-02,3.88,green,data
2026-10-06T15:34:50,ust_2y,2026-10-02,4.83,green,data
2026-10-06T15:34:50,ust_10y,2026-10-02,5.28,red,data
2026-10-06T15:34:50,ust_10y2y,2026-10-05,0.47,yellow,data
2026-10-06T15:34:50,usd_broad,2026-10-02,121.3848,green,data
2026-10-06T15:34:50,dxy,2026-10-06,,green,data
2026-10-06T15:34:50,brent,2026-09-29,113.96,orange,data
2026-10-06T15:34:50,brent_futures,2026-10-06,,yellow,data
2026-10-06T15:34:50,copper,2026-10-05,,red,data
2026-10-06T15:34:50,copper_lme_stock,2026-10-05,,green,data
2026-10-06T15:34:50,copper_comex,2026-10-06,,red,data
2026-10-06T15:34:50,copper_imf,2026-07-31,13542.82086956522,red,data
2026-10-06T15:34:50,hy_spread,2026-10-02,3.1,green_strong,data
2026-10-06T15:34:50,breakeven_10y,2026-10-05,2.36,yellow,data
2026-10-06T15:34:50,vix,2026-10-02,15.31,yellow,data
2026-10-06T15:34:50,us_mortgage_30y,2026-10-01,7.28,yellow,data
2026-10-06T15:34:50,gdp_yoy_published,2026-06-30,8.39,yellow,data
2026-10-06T15:34:50,gdp_yoy,2026-06-30,89.72774377855093,insufficient,data
2026-10-06T15:34:50,gdp_realestate_yoy,2026-06-30,71.97617301993135,insufficient,data
2026-10-06T15:34:50,gdp_construction_yoy,2026-06-30,107.43704178752104,insufficient,data
2026-10-06T15:34:50,export_yoy,2026-07-31,25.590081904262973,yellow,data
2026-10-06T15:34:50,cpi_yoy,2026-08-31,4.89,red,data
2026-10-06T15:34:50,cpi_avg_ytd,2026-07-31,4.393497411553593,yellow,data
2026-10-06T15:34:50,cpi_housing_yoy,2026-08-31,6.6,green,data
2026-10-06T15:34:50,fx_central,2026-08-10,25491.0,yellow,data
2026-10-06T15:34:50,fx_central_ytd,2026-08-10,1.4728713028939966,green,data
2026-10-06T15:34:50,deposit_12m_big4,2026-10-06,5.9,orange,data
2026-10-06T15:34:50,deposit_12m_all,2026-10-06,6.147368421052632,green,data
2026-10-06T15:34:50,interbank_on,2026-07-31,5.72,yellow,data
2026-10-06T15:34:50,refi_rate,2026-08-03,4.5,green,data
2026-10-06T15:34:50,govbond_10y,2026-07-31,4.464118,red,data
2026-10-06T15:34:50,real_rate,2026-08-31,1.010000000000001,yellow,data
2026-10-06T15:34:50,credit_ytd,2026-05-31,4.719252597353663,green,data
2026-10-06T15:34:50,credit_yoy,2026-05-31,16.837719328775336,green,data
2026-10-06T15:34:50,credit_construction_ytd,2026-05-31,5.860894457233434,green,data
2026-10-06T15:34:50,m2_ytd,2026-05-31,2.7283275723141154,green,data
2026-10-06T15:34:50,credit_minus_m2,2026-05-31,1.9909250250395472,green,data
2026-10-06T15:34:50,land_use_revenue,2024-12-31,217245.0,insufficient,data
2026-10-06T15:34:50,public_investment,2026-06-30,81430.19253,yellow,data
2026-10-06T15:34:50,public_investment_ytd_yoy,2026-06-30,13.475454350150606,green,data
2026-10-06T15:34:50,fdi_registered_ytd,2026-07-31,21045.97153151,red,data
2026-10-06T15:34:50,fdi_registered_ytd_yoy,2026-07-31,109.72732069382424,yellow,data
2026-10-06T15:34:50,pmi_vn,2026-08-31,53.3,green,data
2026-10-06T15:34:52,fed_upper,2026-10-05,4.0,green_strong,data
2026-10-06T15:34:52,fed_lower,2026-10-05,3.75,green,data
2026-10-06T15:34:52,effr,2026-10-02,3.88,green,data
2026-10-06T15:34:52,ust_2y,2026-10-02,4.83,green,data
2026-10-06T15:34:52,ust_10y,2026-10-02,5.28,red,data
2026-10-06T15:34:52,ust_10y2y,2026-10-05,0.47,yellow,data
2026-10-06T15:34:52,usd_broad,2026-10-02,121.3848,green,data
2026-10-06T15:34:52,dxy,2026-10-06,,green,data
2026-10-06T15:34:52,brent,2026-09-29,113.96,orange,data
2026-10-06T15:34:52,brent_futures,2026-10-06,,yellow,data
2026-10-06T15:34:52,copper,2026-10-05,,red,data
2026-10-06T15:34:52,copper_lme_stock,2026-10-05,,green,data
2026-10-06T15:34:52,copper_comex,2026-10-06,,red,data
2026-10-06T15:34:52,copper_imf,2026-07-31,13542.82086956522,red,data
2026-10-06T15:34:52,hy_spread,2026-10-02,3.1,green_strong,data
2026-10-06T15:34:52,breakeven_10y,2026-10-05,2.36,yellow,data
2026-10-06T15:34:52,vix,2026-10-02,15.31,yellow,data
2026-10-06T15:34:52,us_mortgage_30y,2026-10-01,7.28,yellow,data
2026-10-06T15:34:52,gdp_yoy_published,2026-06-30,8.39,yellow,data
2026-10-06T15:34:52,gdp_yoy,2026-06-30,89.72774377855093,insufficient,data
2026-10-06T15:34:52,gdp_realestate_yoy,2026-06-30,71.97617301993135,insufficient,data
2026-10-06T15:34:52,gdp_construction_yoy,2026-06-30,107.43704178752104,insufficient,data
2026-10-06T15:34:52,export_yoy,2026-07-31,25.590081904262973,yellow,data
2026-10-06T15:34:52,cpi_yoy,2026-08-31,4.89,red,data
2026-10-06T15:34:52,cpi_avg_ytd,2026-07-31,4.393497411553593,yellow,data
2026-10-06T15:34:52,cpi_housing_yoy,2026-08-31,6.6,green,data
2026-10-06T15:34:52,fx_central,2026-08-10,25491.0,yellow,data
2026-10-06T15:34:52,fx_central_ytd,2026-08-10,1.4728713028939966,green,data
2026-10-06T15:34:52,deposit_12m_big4,2026-10-06,5.9,orange,data
2026-10-06T15:34:52,deposit_12m_all,2026-10-06,6.147368421052632,green,data
2026-10-06T15:34:52,interbank_on,2026-07-31,5.72,yellow,data
2026-10-06T15:34:52,refi_rate,2026-08-03,4.5,green,data
2026-10-06T15:34:52,govbond_10y,2026-07-31,4.464118,red,data
2026-10-06T15:34:52,real_rate,2026-08-31,1.010000000000001,yellow,data
2026-10-06T15:34:52,credit_ytd,2026-05-31,4.719252597353663,green,data
2026-10-06T15:34:52,credit_yoy,2026-05-31,16.837719328775336,green,data
2026-10-06T15:34:52,credit_construction_ytd,2026-05-31,5.860894457233434,green,data
2026-10-06T15:34:52,m2_ytd,2026-05-31,2.7283275723141154,green,data
2026-10-06T15:34:52,credit_minus_m2,2026-05-31,1.9909250250395472,green,data
2026-10-06T15:34:52,land_use_revenue,2024-12-31,217245.0,insufficient,data
2026-10-06T15:34:52,public_investment,2026-06-30,81430.19253,yellow,data
2026-10-06T15:34:52,public_investment_ytd_yoy,2026-06-30,13.475454350150606,green,data
2026-10-06T15:34:52,fdi_registered_ytd,2026-07-31,21045.97153151,red,data
2026-10-06T15:34:52,fdi_registered_ytd_yoy,2026-07-31,109.72732069382424,yellow,data
2026-10-06T15:34:52,pmi_vn,2026-08-31,53.3,green,data
2026-10-06T15:34:54,fed_upper,2026-10-05,4.0,green_strong,data
2026-10-06T15:34:54,fed_lower,2026-10-05,3.75,green,data
2026-10-06T15:34:54,effr,2026-10-02,3.88,green,data
2026-10-06T15:34:54,ust_2y,2026-10-02,4.83,green,data
2026-10-06T15:34:54,ust_10y,2026-10-02,5.28,red,data
2026-10-06T15:34:54,ust_10y2y,2026-10-05,0.47,yellow,data
2026-10-06T15:34:54,usd_broad,2026-10-02,121.3848,green,data
2026-10-06T15:34:54,dxy,2026-10-06,,green,data
2026-10-06T15:34:54,brent,2026-09-29,113.96,orange,data
2026-10-06T15:34:54,brent_futures,2026-10-06,,yellow,data
2026-10-06T15:34:54,copper,2026-10-05,,red,data
2026-10-06T15:34:54,copper_lme_stock,2026-10-05,,green,data
2026-10-06T15:34:54,copper_comex,2026-10-06,,red,data
2026-10-06T15:34:54,copper_imf,2026-07-31,13542.82086956522,red,data
2026-10-06T15:34:54,hy_spread,2026-10-02,3.1,green_strong,data
2026-10-06T15:34:54,breakeven_10y,2026-10-05,2.36,yellow,data
2026-10-06T15:34:54,vix,2026-10-02,15.31,yellow,data
2026-10-06T15:34:54,us_mortgage_30y,2026-10-01,7.28,yellow,data
2026-10-06T15:34:54,gdp_yoy_published,2026-06-30,8.39,yellow,data
2026-10-06T15:34:54,gdp_yoy,2026-06-30,89.72774377855093,insufficient,data
2026-10-06T15:34:54,gdp_realestate_yoy,2026-06-30,71.97617301993135,insufficient,data
2026-10-06T15:34:54,gdp_construction_yoy,2026-06-30,107.43704178752104,insufficient,data
2026-10-06T15:34:54,export_yoy,2026-07-31,25.590081904262973,yellow,data
2026-10-06T15:34:54,cpi_yoy,2026-08-31,4.89,red,data
2026-10-06T15:34:54,cpi_avg_ytd,2026-07-31,4.393497411553593,yellow,data
2026-10-06T15:34:54,cpi_housing_yoy,2026-08-31,6.6,green,data
2026-10-06T15:34:54,fx_central,2026-08-10,25491.0,yellow,data
2026-10-06T15:34:54,fx_central_ytd,2026-08-10,1.4728713028939966,green,data
2026-10-06T15:34:54,deposit_12m_big4,2026-10-06,5.9,orange,data
2026-10-06T15:34:54,deposit_12m_all,2026-10-06,6.147368421052632,green,data
2026-10-06T15:34:54,interbank_on,2026-07-31,5.72,yellow,data
2026-10-06T15:34:54,refi_rate,2026-08-03,4.5,green,data
2026-10-06T15:34:54,govbond_10y,2026-07-31,4.464118,red,data
2026-10-06T15:34:54,real_rate,2026-08-31,1.010000000000001,yellow,data
2026-10-06T15:34:54,credit_ytd,2026-05-31,4.719252597353663,green,data
2026-10-06T15:34:54,credit_yoy,2026-05-31,16.837719328775336,green,data
2026-10-06T15:34:54,credit_construction_ytd,2026-05-31,5.860894457233434,green,data
2026-10-06T15:34:54,m2_ytd,2026-05-31,2.7283275723141154,green,data
2026-10-06T15:34:54,credit_minus_m2,2026-05-31,1.9909250250395472,green,data
2026-10-06T15:34:54,land_use_revenue,2024-12-31,217245.0,insufficient,data
2026-10-06T15:34:54,public_investment,2026-06-30,81430.19253,yellow,data
2026-10-06T15:34:54,public_investment_ytd_yoy,2026-06-30,13.475454350150606,green,data
2026-10-06T15:34:54,fdi_registered_ytd,2026-07-31,21045.97153151,red,data
2026-10-06T15:34:54,fdi_registered_ytd_yoy,2026-07-31,109.72732069382424,yellow,data
2026-10-06T15:34:54,pmi_vn,2026-08-31,53.3,green,data
2026-10-06T15:34:57,fed_upper,2026-10-05,4.0,green_strong,data
2026-10-06T15:34:57,fed_lower,2026-10-05,3.75,green,data
2026-10-06T15:34:57,effr,2026-10-02,3.88,green,data
2026-10-06T15:34:57,ust_2y,2026-10-02,4.83,green,data
2026-10-06T15:34:57,ust_10y,2026-10-02,5.28,red,data
2026-10-06T15:34:57,ust_10y2y,2026-10-05,0.47,yellow,data
2026-10-06T15:34:57,usd_broad,2026-10-02,121.3848,green,data
2026-10-06T15:34:57,dxy,2026-10-06,,green,data
2026-10-06T15:34:57,brent,2026-09-29,113.96,orange,data
2026-10-06T15:34:57,brent_futures,2026-10-06,,yellow,data
2026-10-06T15:34:57,copper,2026-10-05,,red,data
2026-10-06T15:34:57,copper_lme_stock,2026-10-05,,green,data
2026-10-06T15:34:57,copper_comex,2026-10-06,,red,data
2026-10-06T15:34:57,copper_imf,2026-07-31,13542.82086956522,red,data
2026-10-06T15:34:57,hy_spread,2026-10-02,3.1,green_strong,data
2026-10-06T15:34:57,breakeven_10y,2026-10-05,2.36,yellow,data
2026-10-06T15:34:57,vix,2026-10-02,15.31,yellow,data
2026-10-06T15:34:57,us_mortgage_30y,2026-10-01,7.28,yellow,data
2026-10-06T15:34:57,gdp_yoy_published,2026-06-30,8.39,yellow,data
2026-10-06T15:34:57,gdp_yoy,2026-06-30,89.72774377855093,insufficient,data
2026-10-06T15:34:57,gdp_realestate_yoy,2026-06-30,71.97617301993135,insufficient,data
2026-10-06T15:34:57,gdp_construction_yoy,2026-06-30,107.43704178752104,insufficient,data
2026-10-06T15:34:57,export_yoy,2026-07-31,25.590081904262973,yellow,data
2026-10-06T15:34:57,cpi_yoy,2026-08-31,4.89,red,data
2026-10-06T15:34:57,cpi_avg_ytd,2026-07-31,4.393497411553593,yellow,data
2026-10-06T15:34:57,cpi_housing_yoy,2026-08-31,6.6,green,data
2026-10-06T15:34:57,fx_central,2026-08-10,25491.0,yellow,data
2026-10-06T15:34:57,fx_central_ytd,2026-08-10,1.4728713028939966,green,data
2026-10-06T15:34:57,deposit_12m_big4,2026-10-06,5.9,orange,data
2026-10-06T15:34:57,deposit_12m_all,2026-10-06,6.147368421052632,green,data
2026-10-06T15:34:57,interbank_on,2026-07-31,5.72,yellow,data
2026-10-06T15:34:57,refi_rate,2026-08-03,4.5,green,data
2026-10-06T15:34:57,govbond_10y,2026-07-31,4.464118,red,data
2026-10-06T15:34:57,real_rate,2026-08-31,1.010000000000001,yellow,data
2026-10-06T15:34:57,credit_ytd,2026-05-31,4.719252597353663,green,data
2026-10-06T15:34:57,credit_yoy,2026-05-31,16.837719328775336,green,data
2026-10-06T15:34:57,credit_construction_ytd,2026-05-31,5.860894457233434,green,data
2026-10-06T15:34:57,m2_ytd,2026-05-31,2.7283275723141154,green,data
2026-10-06T15:34:57,credit_minus_m2,2026-05-31,1.9909250250395472,green,data
2026-10-06T15:34:57,land_use_revenue,2024-12-31,217245.0,insufficient,data
2026-10-06T15:34:57,public_investment,2026-06-30,81430.19253,yellow,data
2026-10-06T15:34:57,public_investment_ytd_yoy,2026-06-30,13.475454350150606,green,data
2026-10-06T15:34:57,fdi_registered_ytd,2026-07-31,21045.97153151,red,data
2026-10-06T15:34:57,fdi_registered_ytd_yoy,2026-07-31,109.72732069382424,yellow,data
2026-10-06T15:34:57,pmi_vn,2026-08-31,53.3,green,data
2026-10-06T15:35:00,fed_upper,2026-10-05,4.0,green_strong,data
2026-10-06T15:35:00,fed_lower,2026-10-05,3.75,green,data
2026-10-06T15:35:00,effr,2026-10-02,3.88,green,data
2026-10-06T15:35:00,ust_2y,2026-10-02,4.83,green,data
2026-10-06T15:35:00,ust_10y,2026-10-02,5.28,red,data
2026-10-06T15:35:00,ust_10y2y,2026-10-05,0.47,yellow,data
2026-10-06T15:35:00,usd_broad,2026-10-02,121.3848,green,data
2026-10-06T15:35:00,dxy,2026-10-06,,green,data
2026-10-06T15:35:00,brent,2026-09-29,113.96,orange,data
2026-10-06T15:35:00,brent_futures,2026-10-06,,yellow,data
2026-10-06T15:35:00,copper,2026-10-05,,red,data
2026-10-06T15:35:00,copper_lme_stock,2026-10-05,,green,data
2026-10-06T15:35:00,copper_comex,2026-10-06,,red,data
2026-10-06T15:35:00,copper_imf,2026-07-31,13542.82086956522,red,data
2026-10-06T15:35:00,hy_spread,2026-10-02,3.1,green_strong,data
2026-10-06T15:35:00,breakeven_10y,2026-10-05,2.36,yellow,data
2026-10-06T15:35:00,vix,2026-10-02,15.31,yellow,data
2026-10-06T15:35:00,us_mortgage_30y,2026-10-01,7.28,yellow,data
2026-10-06T15:35:00,gdp_yoy_published,2026-06-30,8.39,yellow,data
2026-10-06T15:35:00,gdp_yoy,2026-06-30,89.72774377855093,insufficient,data
2026-10-06T15:35:00,gdp_realestate_yoy,2026-06-30,71.97617301993135,insufficient,data
2026-10-06T15:35:00,gdp_construction_yoy,2026-06-30,107.43704178752104,insufficient,data
2026-10-06T15:35:00,export_yoy,2026-07-31,25.590081904262973,yellow,data
2026-10-06T15:35:00,cpi_yoy,2026-08-31,4.89,red,data
2026-10-06T15:35:00,cpi_avg_ytd,2026-07-31,4.393497411553593,yellow,data
2026-10-06T15:35:00,cpi_housing_yoy,2026-08-31,6.6,green,data
2026-10-06T15:35:00,fx_central,2026-08-10,25491.0,yellow,data
2026-10-06T15:35:00,fx_central_ytd,2026-08-10,1.4728713028939966,green,data
2026-10-06T15:35:00,deposit_12m_big4,2026-10-06,5.9,orange,data
2026-10-06T15:35:00,deposit_12m_all,2026-10-06,6.147368421052632,green,data
2026-10-06T15:35:00,interbank_on,2026-07-31,5.72,yellow,data
2026-10-06T15:35:00,refi_rate,2026-08-03,4.5,green,data
2026-10-06T15:35:00,govbond_10y,2026-07-31,4.464118,red,data
2026-10-06T15:35:00,real_rate,2026-08-31,1.010000000000001,yellow,data
2026-10-06T15:35:00,credit_ytd,2026-05-31,4.719252597353663,green,data
2026-10-06T15:35:00,credit_yoy,2026-05-31,16.837719328775336,green,data
2026-10-06T15:35:00,credit_construction_ytd,2026-05-31,5.860894457233434,green,data
2026-10-06T15:35:00,m2_ytd,2026-05-31,2.7283275723141154,green,data
2026-10-06T15:35:00,credit_minus_m2,2026-05-31,1.9909250250395472,green,data
2026-10-06T15:35:00,land_use_revenue,2024-12-31,217245.0,insufficient,data
2026-10-06T15:35:00,public_investment,2026-06-30,81430.19253,yellow,data
2026-10-06T15:35:00,public_investment_ytd_yoy,2026-06-30,13.475454350150606,green,data
2026-10-06T15:35:00,fdi_registered_ytd,2026-07-31,21045.97153151,red,data
2026-10-06T15:35:00,fdi_registered_ytd_yoy,2026-07-31,109.72732069382424,yellow,data
2026-10-06T15:35:00,pmi_vn,2026-08-31,53.3,green,data
2026-10-06T15:35:03,fed_upper,2026-10-05,4.0,green_strong,data
2026-10-06T15:35:03,fed_lower,2026-10-05,3.75,green,data
2026-10-06T15:35:03,effr,2026-10-02,3.88,green,data
2026-10-06T15:35:03,ust_2y,2026-10-02,4.83,green,data
2026-10-06T15:35:03,ust_10y,2026-10-02,5.28,red,data
2026-10-06T15:35:03,ust_10y2y,2026-10-05,0.47,yellow,data
2026-10-06T15:35:03,usd_broad,2026-10-02,121.3848,green,data
2026-10-06T15:35:03,dxy,2026-10-06,,green,data
2026-10-06T15:35:03,brent,2026-09-29,113.96,orange,data
2026-10-06T15:35:03,brent_futures,2026-10-06,,yellow,data
2026-10-06T15:35:03,copper,2026-10-05,,red,data
2026-10-06T15:35:03,copper_lme_stock,2026-10-05,,green,data
2026-10-06T15:35:03,copper_comex,2026-10-06,,red,data
2026-10-06T15:35:03,copper_imf,2026-07-31,13542.82086956522,red,data
2026-10-06T15:35:03,hy_spread,2026-10-02,3.1,green_strong,data
2026-10-06T15:35:03,breakeven_10y,2026-10-05,2.36,yellow,data
2026-10-06T15:35:03,vix,2026-10-02,15.31,yellow,data
2026-10-06T15:35:03,us_mortgage_30y,2026-10-01,7.28,yellow,data
2026-10-06T15:35:03,gdp_yoy_published,2026-06-30,8.39,yellow,data
2026-10-06T15:35:03,gdp_yoy,2026-06-30,89.72774377855093,insufficient,data
2026-10-06T15:35:03,gdp_realestate_yoy,2026-06-30,71.97617301993135,insufficient,data
2026-10-06T15:35:03,gdp_construction_yoy,2026-06-30,107.43704178752104,insufficient,data
2026-10-06T15:35:03,export_yoy,2026-07-31,25.590081904262973,yellow,data
2026-10-06T15:35:03,cpi_yoy,2026-08-31,4.89,red,data
2026-10-06T15:35:03,cpi_avg_ytd,2026-07-31,4.393497411553593,yellow,data
2026-10-06T15:35:03,cpi_housing_yoy,2026-08-31,6.6,green,data
2026-10-06T15:35:03,fx_central,2026-08-10,25491.0,yellow,data
2026-10-06T15:35:03,fx_central_ytd,2026-08-10,1.4728713028939966,green,data
2026-10-06T15:35:03,deposit_12m_big4,2026-10-06,5.9,orange,data
2026-10-06T15:35:03,deposit_12m_all,2026-10-06,6.147368421052632,green,data
2026-10-06T15:35:03,interbank_on,2026-07-31,5.72,yellow,data
2026-10-06T15:35:03,refi_rate,2026-08-03,4.5,green,data
2026-10-06T15:35:03,govbond_10y,2026-07-31,4.464118,red,data
2026-10-06T15:35:03,real_rate,2026-08-31,1.010000000000001,yellow,data
2026-10-06T15:35:03,credit_ytd,2026-05-31,4.719252597353663,green,data
2026-10-06T15:35:03,credit_yoy,2026-05-31,16.837719328775336,green,data
2026-10-06T15:35:03,credit_construction_ytd,2026-05-31,5.860894457233434,green,data
2026-10-06T15:35:03,m2_ytd,2026-05-31,2.7283275723141154,green,data
2026-10-06T15:35:03,credit_minus_m2,2026-05-31,1.9909250250395472,green,data
2026-10-06T15:35:03,land_use_revenue,2024-12-31,217245.0,insufficient,data
2026-10-06T15:35:03,public_investment,2026-06-30,81430.19253,yellow,data
2026-10-06T15:35:03,public_investment_ytd_yoy,2026-06-30,13.475454350150606,green,data
2026-10-06T15:35:03,fdi_registered_ytd,2026-07-31,21045.97153151,red,data
2026-10-06T15:35:03,fdi_registered_ytd_yoy,2026-07-31,109.72732069382424,yellow,data
2026-10-06T15:35:03,pmi_vn,2026-08-31,53.3,green,data
2026-10-06T15:42:00,fed_upper,2026-10-05,4.0,green_strong,data
2026-10-06T15:42:00,fed_lower,2026-10-05,3.75,green,data
2026-10-06T15:42:00,effr,2026-10-02,3.88,green,data
2026-10-06T15:42:00,ust_2y,2026-10-02,4.83,green,data
2026-10-06T15:42:00,ust_10y,2026-10-02,5.28,red,data
2026-10-06T15:42:00,ust_10y2y,2026-10-05,0.47,yellow,data
2026-10-06T15:42:00,usd_broad,2026-10-02,121.3848,green,data
2026-10-06T15:42:00,dxy,2026-10-06,,green,data
2026-10-06T15:42:00,brent,2026-09-29,113.96,orange,data
2026-10-06T15:42:00,brent_futures,2026-10-06,,yellow,data
2026-10-06T15:42:00,copper,2026-10-05,,red,data
2026-10-06T15:42:00,copper_lme_stock,2026-10-05,,green,data
2026-10-06T15:42:00,copper_comex,2026-10-06,,red,data
2026-10-06T15:42:00,copper_imf,2026-07-31,13542.82086956522,red,data
2026-10-06T15:42:00,hy_spread,2026-10-02,3.1,green_strong,data
2026-10-06T15:42:00,breakeven_10y,2026-10-05,2.36,yellow,data
2026-10-06T15:42:00,vix,2026-10-02,15.31,yellow,data
2026-10-06T15:42:00,us_mortgage_30y,2026-10-01,7.28,yellow,data
2026-10-06T15:42:00,gdp_yoy_published,2026-06-30,8.39,yellow,data
2026-10-06T15:42:00,gdp_yoy,2026-06-30,89.72774377855093,insufficient,data
2026-10-06T15:42:00,gdp_realestate_yoy,2026-06-30,71.97617301993135,insufficient,data
2026-10-06T15:42:00,gdp_construction_yoy,2026-06-30,107.43704178752104,insufficient,data
2026-10-06T15:42:00,export_yoy,2026-07-31,25.590081904262973,yellow,data
2026-10-06T15:42:00,cpi_yoy,2026-08-31,4.89,red,data
2026-10-06T15:42:00,cpi_avg_ytd,2026-07-31,4.393497411553593,yellow,data
2026-10-06T15:42:00,cpi_housing_yoy,2026-08-31,6.6,green,data
2026-10-06T15:42:00,fx_central,2026-08-10,25491.0,yellow,data
2026-10-06T15:42:00,fx_central_ytd,2026-08-10,1.4728713028939966,green,data
2026-10-06T15:42:00,deposit_12m_big4,2026-10-06,5.9,orange,data
2026-10-06T15:42:00,deposit_12m_all,2026-10-06,6.147368421052632,green,data
2026-10-06T15:42:00,interbank_on,2026-07-31,5.72,yellow,data
2026-10-06T15:42:00,refi_rate,2026-08-03,4.5,green,data
2026-10-06T15:42:00,govbond_10y,2026-07-31,4.464118,red,data
2026-10-06T15:42:00,real_rate,2026-08-31,1.010000000000001,yellow,data
2026-10-06T15:42:00,credit_ytd,2026-05-31,4.719252597353663,green,data
2026-10-06T15:42:00,credit_yoy,2026-05-31,16.837719328775336,green,data
2026-10-06T15:42:00,credit_construction_ytd,2026-05-31,5.860894457233434,green,data
2026-10-06T15:42:00,m2_ytd,2026-05-31,2.7283275723141154,green,data
2026-10-06T15:42:00,credit_minus_m2,2026-05-31,1.9909250250395472,green,data
2026-10-06T15:42:00,land_use_revenue,2024-12-31,217245.0,insufficient,data
2026-10-06T15:42:00,public_investment,2026-06-30,81430.19253,yellow,data
2026-10-06T15:42:00,public_investment_ytd_yoy,2026-06-30,13.475454350150606,green,data
2026-10-06T15:42:00,fdi_registered_ytd,2026-07-31,21045.97153151,red,data
2026-10-06T15:42:00,fdi_registered_ytd_yoy,2026-07-31,109.72732069382424,yellow,data
2026-10-06T15:42:00,pmi_vn,2026-08-31,53.3,green,data
2026-10-06T15:43:33,fed_upper,2026-10-05,4.0,green_strong,data
2026-10-06T15:43:33,fed_lower,2026-10-05,3.75,green,data
2026-10-06T15:43:33,effr,2026-10-02,3.88,green,data
2026-10-06T15:43:33,ust_2y,2026-10-02,4.83,green,data
2026-10-06T15:43:33,ust_10y,2026-10-02,5.28,red,data
2026-10-06T15:43:33,ust_10y2y,2026-10-05,0.47,yellow,data
2026-10-06T15:43:33,usd_broad,2026-10-02,121.3848,green,data
2026-10-06T15:43:33,dxy,2026-10-06,,green,data
2026-10-06T15:43:33,brent,2026-09-29,113.96,orange,data
2026-10-06T15:43:33,brent_futures,2026-10-06,,yellow,data
2026-10-06T15:43:33,copper,2026-10-05,,red,data
2026-10-06T15:43:33,copper_lme_stock,2026-10-05,,green,data
2026-10-06T15:43:33,copper_comex,2026-10-06,,red,data
2026-10-06T15:43:33,copper_imf,2026-07-31,13542.82086956522,red,data
2026-10-06T15:43:33,hy_spread,2026-10-02,3.1,green_strong,data
2026-10-06T15:43:33,breakeven_10y,2026-10-05,2.36,yellow,data
2026-10-06T15:43:33,vix,2026-10-02,15.31,yellow,data
2026-10-06T15:43:33,us_mortgage_30y,2026-10-01,7.28,yellow,data
2026-10-06T15:43:33,gdp_yoy_published,2026-06-30,8.39,yellow,data
2026-10-06T15:43:33,gdp_yoy,2026-06-30,89.72774377855093,insufficient,data
2026-10-06T15:43:33,gdp_realestate_yoy,2026-06-30,71.97617301993135,insufficient,data
2026-10-06T15:43:33,gdp_construction_yoy,2026-06-30,107.43704178752104,insufficient,data
2026-10-06T15:43:33,export_yoy,2026-07-31,25.590081904262973,yellow,data
2026-10-06T15:43:33,cpi_yoy,2026-08-31,4.89,red,data
2026-10-06T15:43:33,cpi_avg_ytd,2026-07-31,4.393497411553593,yellow,data
2026-10-06T15:43:33,cpi_housing_yoy,2026-08-31,6.6,green,data
2026-10-06T15:43:33,fx_central,2026-08-10,25491.0,yellow,data
2026-10-06T15:43:33,fx_central_ytd,2026-08-10,1.4728713028939966,green,data
2026-10-06T15:43:33,deposit_12m_big4,2026-10-06,5.9,orange,data
2026-10-06T15:43:33,deposit_12m_all,2026-10-06,6.147368421052632,green,data
2026-10-06T15:43:33,interbank_on,2026-07-31,5.72,yellow,data
2026-10-06T15:43:33,refi_rate,2026-08-03,4.5,green,data
2026-10-06T15:43:33,govbond_10y,2026-07-31,4.464118,red,data
2026-10-06T15:43:33,real_rate,2026-08-31,1.010000000000001,yellow,data
2026-10-06T15:43:33,credit_ytd,2026-05-31,4.719252597353663,green,data
2026-10-06T15:43:33,credit_yoy,2026-05-31,16.837719328775336,green,data
2026-10-06T15:43:33,credit_construction_ytd,2026-05-31,5.860894457233434,green,data
2026-10-06T15:43:33,m2_ytd,2026-05-31,2.7283275723141154,green,data
2026-10-06T15:43:33,credit_minus_m2,2026-05-31,1.9909250250395472,green,data
2026-10-06T15:43:33,land_use_revenue,2024-12-31,217245.0,insufficient,data
2026-10-06T15:43:33,public_investment,2026-06-30,81430.19253,yellow,data
2026-10-06T15:43:33,public_investment_ytd_yoy,2026-06-30,13.475454350150606,green,data
2026-10-06T15:43:33,fdi_registered_ytd,2026-07-31,21045.97153151,red,data
2026-10-06T15:43:33,fdi_registered_ytd_yoy,2026-07-31,109.72732069382424,yellow,data
2026-10-06T15:43:33,pmi_vn,2026-08-31,53.3,green,data
2026-10-06T16:15:15,fed_upper,2026-10-05,4.0,green_strong,data
2026-10-06T16:15:15,fed_lower,2026-10-05,3.75,green,data
2026-10-06T16:15:15,effr,2026-10-02,3.88,green,data
2026-10-06T16:15:15,ust_2y,2026-10-02,4.83,green,data
2026-10-06T16:15:15,ust_10y,2026-10-02,5.28,red,data
2026-10-06T16:15:15,ust_10y2y,2026-10-05,0.47,yellow,data
2026-10-06T16:15:15,usd_broad,2026-10-02,121.3848,green,data
2026-10-06T16:15:15,dxy,2026-10-06,,green,data
2026-10-06T16:15:15,brent,2026-09-29,113.96,orange,data
2026-10-06T16:15:15,brent_futures,2026-10-06,,yellow,data
2026-10-06T16:15:15,copper,2026-10-05,,red,data
2026-10-06T16:15:15,copper_lme_stock,2026-10-05,,green,data
2026-10-06T16:15:15,copper_comex,2026-10-06,,red,data
2026-10-06T16:15:15,copper_imf,2026-07-31,13542.82086956522,red,data
2026-10-06T16:15:15,hy_spread,2026-10-02,3.1,green_strong,data
2026-10-06T16:15:15,breakeven_10y,2026-10-05,2.36,yellow,data
2026-10-06T16:15:15,vix,2026-10-02,15.31,yellow,data
2026-10-06T16:15:15,us_mortgage_30y,2026-10-01,7.28,yellow,data
2026-10-06T16:15:15,gdp_yoy_published,2026-06-30,8.39,yellow,data
2026-10-06T16:15:15,gdp_yoy,2026-06-30,89.72774377855093,insufficient,data
2026-10-06T16:15:15,gdp_realestate_yoy,2026-06-30,71.97617301993135,insufficient,data
2026-10-06T16:15:15,gdp_construction_yoy,2026-06-30,107.43704178752104,insufficient,data
2026-10-06T16:15:15,export_yoy,2026-07-31,25.590081904262973,yellow,data
2026-10-06T16:15:15,cpi_yoy,2026-08-31,4.89,red,data
2026-10-06T16:15:15,cpi_avg_ytd,2026-07-31,4.393497411553593,yellow,data
2026-10-06T16:15:15,cpi_housing_yoy,2026-08-31,6.6,green,data
2026-10-06T16:15:15,fx_central,2026-08-10,25491.0,yellow,data
2026-10-06T16:15:15,fx_central_ytd,2026-08-10,1.4728713028939966,green,data
2026-10-06T16:15:15,deposit_12m_big4,2026-10-06,5.9,orange,data
2026-10-06T16:15:15,deposit_12m_all,2026-10-06,6.147368421052632,green,data
2026-10-06T16:15:15,interbank_on,2026-07-31,5.72,yellow,data
2026-10-06T16:15:15,refi_rate,2026-08-03,4.5,green,data
2026-10-06T16:15:15,govbond_10y,2026-07-31,4.464118,red,data
2026-10-06T16:15:15,real_rate,2026-08-31,1.010000000000001,yellow,data
2026-10-06T16:15:15,credit_ytd,2026-05-31,4.719252597353663,green,data
2026-10-06T16:15:15,credit_yoy,2026-05-31,16.837719328775336,green,data
2026-10-06T16:15:15,credit_construction_ytd,2026-05-31,5.860894457233434,green,data
2026-10-06T16:15:15,m2_ytd,2026-05-31,2.7283275723141154,green,data
2026-10-06T16:15:15,credit_minus_m2,2026-05-31,1.9909250250395472,green,data
2026-10-06T16:15:15,land_use_revenue,2024-12-31,217245.0,insufficient,data
2026-10-06T16:15:15,public_investment,2026-06-30,81430.19253,yellow,data
2026-10-06T16:15:15,public_investment_ytd_yoy,2026-06-30,13.475454350150606,green,data
2026-10-06T16:15:15,fdi_registered_ytd,2026-07-31,21045.97153151,red,data
2026-10-06T16:15:15,fdi_registered_ytd_yoy,2026-07-31,109.72732069382424,yellow,data
2026-10-06T16:15:15,pmi_vn,2026-08-31,53.3,green,data
2026-10-06T16:37:10,fed_upper,2026-10-05,4.0,green_strong,data
2026-10-06T16:37:10,fed_lower,2026-10-05,3.75,green,data
2026-10-06T16:37:10,effr,2026-10-02,3.88,green,data
2026-10-06T16:37:10,ust_2y,2026-10-02,4.83,green,data
2026-10-06T16:37:10,ust_10y,2026-10-02,5.28,red,data
2026-10-06T16:37:10,ust_10y2y,2026-10-05,0.47,yellow,data
2026-10-06T16:37:10,usd_broad,2026-10-02,121.3848,green,data
2026-10-06T16:37:10,dxy,2026-10-06,,green,data
2026-10-06T16:37:10,brent,2026-09-29,113.96,orange,data
2026-10-06T16:37:10,brent_futures,2026-10-06,,yellow,data
2026-10-06T16:37:10,copper,2026-10-05,,red,data
2026-10-06T16:37:10,copper_lme_stock,2026-10-05,,green,data
2026-10-06T16:37:10,copper_comex,2026-10-06,,red,data
2026-10-06T16:37:10,copper_imf,2026-07-31,13542.82086956522,red,data
2026-10-06T16:37:10,hy_spread,2026-10-02,3.1,green_strong,data
2026-10-06T16:37:10,breakeven_10y,2026-10-05,2.36,yellow,data
2026-10-06T16:37:10,vix,2026-10-02,15.31,yellow,data
2026-10-06T16:37:10,us_mortgage_30y,2026-10-01,7.28,yellow,data
2026-10-06T16:37:10,gdp_yoy_published,2026-06-30,8.39,yellow,data
2026-10-06T16:37:10,gdp_yoy,2026-06-30,89.72774377855093,insufficient,data
2026-10-06T16:37:10,gdp_realestate_yoy,2026-06-30,71.97617301993135,insufficient,data
2026-10-06T16:37:10,gdp_construction_yoy,2026-06-30,107.43704178752104,insufficient,data
2026-10-06T16:37:10,export_yoy,2026-07-31,25.590081904262973,yellow,data
2026-10-06T16:37:10,cpi_yoy,2026-08-31,4.89,red,data
2026-10-06T16:37:10,cpi_avg_ytd,2026-07-31,4.393497411553593,yellow,data
2026-10-06T16:37:10,cpi_housing_yoy,2026-08-31,6.6,green,data
2026-10-06T16:37:10,fx_central,2026-08-10,25491.0,yellow,data
2026-10-06T16:37:10,fx_central_ytd,2026-08-10,1.4728713028939966,green,data
2026-10-06T16:37:10,deposit_12m_big4,2026-10-06,5.9,orange,data
2026-10-06T16:37:10,deposit_12m_all,2026-10-06,6.147368421052632,green,data
2026-10-06T16:37:10,interbank_on,2026-07-31,5.72,yellow,data
2026-10-06T16:37:10,refi_rate,2026-08-03,4.5,green,data
2026-10-06T16:37:10,govbond_10y,2026-07-31,4.464118,red,data
2026-10-06T16:37:10,real_rate,2026-08-31,1.010000000000001,yellow,data
2026-10-06T16:37:10,credit_ytd,2026-05-31,4.719252597353663,green,data
2026-10-06T16:37:10,credit_yoy,2026-05-31,16.837719328775336,green,data
2026-10-06T16:37:10,credit_construction_ytd,2026-05-31,5.860894457233434,green,data
2026-10-06T16:37:10,m2_ytd,2026-05-31,2.7283275723141154,green,data
2026-10-06T16:37:10,credit_minus_m2,2026-05-31,1.9909250250395472,green,data
2026-10-06T16:37:10,land_use_revenue,2024-12-31,217245.0,insufficient,data
2026-10-06T16:37:10,public_investment,2026-06-30,81430.19253,yellow,data
2026-10-06T16:37:10,public_investment_ytd_yoy,2026-06-30,13.475454350150606,green,data
2026-10-06T16:37:10,fdi_registered_ytd,2026-07-31,21045.97153151,red,data
2026-10-06T16:37:10,fdi_registered_ytd_yoy,2026-07-31,109.72732069382424,yellow,data
2026-10-06T16:37:10,pmi_vn,2026-08-31,53.3,green,data
2026-10-06T16:37:30,fed_upper,2026-10-05,4.0,green_strong,data
2026-10-06T16:37:30,fed_lower,2026-10-05,3.75,green,data
2026-10-06T16:37:30,effr,2026-10-02,3.88,green,data
2026-10-06T16:37:30,ust_2y,2026-10-02,4.83,green,data
2026-10-06T16:37:30,ust_10y,2026-10-02,5.28,red,data
2026-10-06T16:37:30,ust_10y2y,2026-10-05,0.47,yellow,data
2026-10-06T16:37:30,usd_broad,2026-10-02,121.3848,green,data
2026-10-06T16:37:30,dxy,2026-10-06,,green,data
2026-10-06T16:37:30,brent,2026-09-29,113.96,orange,data
2026-10-06T16:37:30,brent_futures,2026-10-06,,yellow,data
2026-10-06T16:37:30,copper,2026-10-05,,red,data
2026-10-06T16:37:30,copper_lme_stock,2026-10-05,,green,data
2026-10-06T16:37:30,copper_comex,2026-10-06,,red,data
2026-10-06T16:37:30,copper_imf,2026-07-31,13542.82086956522,red,data
2026-10-06T16:37:30,hy_spread,2026-10-02,3.1,green_strong,data
2026-10-06T16:37:30,breakeven_10y,2026-10-05,2.36,yellow,data
2026-10-06T16:37:30,vix,2026-10-02,15.31,yellow,data
2026-10-06T16:37:30,us_mortgage_30y,2026-10-01,7.28,yellow,data
2026-10-06T16:37:30,gdp_yoy_published,2026-06-30,8.39,yellow,data
2026-10-06T16:37:30,gdp_yoy,2026-06-30,89.72774377855093,insufficient,data
2026-10-06T16:37:30,gdp_realestate_yoy,2026-06-30,71.97617301993135,insufficient,data
2026-10-06T16:37:30,gdp_construction_yoy,2026-06-30,107.43704178752104,insufficient,data
2026-10-06T16:37:30,export_yoy,2026-07-31,25.590081904262973,yellow,data
2026-10-06T16:37:30,cpi_yoy,2026-08-31,4.89,red,data
2026-10-06T16:37:30,cpi_avg_ytd,2026-07-31,4.393497411553593,yellow,data
2026-10-06T16:37:30,cpi_housing_yoy,2026-08-31,6.6,green,data
2026-10-06T16:37:30,fx_central,2026-08-10,25491.0,yellow,data
2026-10-06T16:37:30,fx_central_ytd,2026-08-10,1.4728713028939966,green,data
2026-10-06T16:37:30,deposit_12m_big4,2026-10-06,5.9,orange,data
2026-10-06T16:37:30,deposit_12m_all,2026-10-06,6.147368421052632,green,data
2026-10-06T16:37:30,interbank_on,2026-07-31,5.72,yellow,data
2026-10-06T16:37:30,refi_rate,2026-08-03,4.5,green,data
2026-10-06T16:37:30,govbond_10y,2026-07-31,4.464118,red,data
2026-10-06T16:37:30,real_rate,2026-08-31,1.010000000000001,yellow,data
2026-10-06T16:37:30,credit_ytd,2026-05-31,4.719252597353663,green,data
2026-10-06T16:37:30,credit_yoy,2026-05-31,16.837719328775336,green,data
2026-10-06T16:37:30,credit_construction_ytd,2026-05-31,5.860894457233434,green,data
2026-10-06T16:37:30,m2_ytd,2026-05-31,2.7283275723141154,green,data
2026-10-06T16:37:30,credit_minus_m2,2026-05-31,1.9909250250395472,green,data
2026-10-06T16:37:30,land_use_revenue,2024-12-31,217245.0,insufficient,data
2026-10-06T16:37:30,public_investment,2026-06-30,81430.19253,yellow,data
2026-10-06T16:37:30,public_investment_ytd_yoy,2026-06-30,13.475454350150606,green,data
2026-10-06T16:37:30,fdi_registered_ytd,2026-07-31,21045.97153151,red,data
2026-10-06T16:37:30,fdi_registered_ytd_yoy,2026-07-31,109.72732069382424,yellow,data
2026-10-06T16:37:30,pmi_vn,2026-08-31,53.3,green,data
2026-10-06T16:37:47,fed_upper,2026-10-05,4.0,green_strong,data
2026-10-06T16:37:47,fed_lower,2026-10-05,3.75,green,data
2026-10-06T16:37:47,effr,2026-10-02,3.88,green,data
2026-10-06T16:37:47,ust_2y,2026-10-02,4.83,green,data
2026-10-06T16:37:47,ust_10y,2026-10-02,5.28,red,data
2026-10-06T16:37:47,ust_10y2y,2026-10-05,0.47,yellow,data
2026-10-06T16:37:47,usd_broad,2026-10-02,121.3848,green,data
2026-10-06T16:37:47,dxy,2026-10-06,,green,data
2026-10-06T16:37:47,brent,2026-09-29,113.96,orange,data
2026-10-06T16:37:47,brent_futures,2026-10-06,,yellow,data
2026-10-06T16:37:47,copper,2026-10-05,,red,data
2026-10-06T16:37:47,copper_lme_stock,2026-10-05,,green,data
2026-10-06T16:37:47,copper_comex,2026-10-06,,red,data
2026-10-06T16:37:47,copper_imf,2026-07-31,13542.82086956522,red,data
2026-10-06T16:37:47,hy_spread,2026-10-02,3.1,green_strong,data
2026-10-06T16:37:47,breakeven_10y,2026-10-05,2.36,yellow,data
2026-10-06T16:37:47,vix,2026-10-02,15.31,yellow,data
2026-10-06T16:37:47,us_mortgage_30y,2026-10-01,7.28,yellow,data
2026-10-06T16:37:47,gdp_yoy_published,2026-06-30,8.39,yellow,data
2026-10-06T16:37:47,gdp_yoy,2026-06-30,89.72774377855093,insufficient,data
2026-10-06T16:37:47,gdp_realestate_yoy,2026-06-30,71.97617301993135,insufficient,data
2026-10-06T16:37:47,gdp_construction_yoy,2026-06-30,107.43704178752104,insufficient,data
2026-10-06T16:37:47,export_yoy,2026-07-31,25.590081904262973,yellow,data
2026-10-06T16:37:47,cpi_yoy,2026-08-31,4.89,red,data
2026-10-06T16:37:47,cpi_avg_ytd,2026-07-31,4.393497411553593,yellow,data
2026-10-06T16:37:47,cpi_housing_yoy,2026-08-31,6.6,green,data
2026-10-06T16:37:47,fx_central,2026-08-10,25491.0,yellow,data
2026-10-06T16:37:47,fx_central_ytd,2026-08-10,1.4728713028939966,green,data
2026-10-06T16:37:47,deposit_12m_big4,2026-10-06,5.9,orange,data
2026-10-06T16:37:47,deposit_12m_all,2026-10-06,6.147368421052632,green,data
2026-10-06T16:37:47,interbank_on,2026-07-31,5.72,yellow,data
2026-10-06T16:37:47,refi_rate,2026-08-03,4.5,green,data
2026-10-06T16:37:47,govbond_10y,2026-07-31,4.464118,red,data
2026-10-06T16:37:47,real_rate,2026-08-31,1.010000000000001,yellow,data
2026-10-06T16:37:47,credit_ytd,2026-05-31,4.719252597353663,green,data
2026-10-06T16:37:47,credit_yoy,2026-05-31,16.837719328775336,green,data
2026-10-06T16:37:47,credit_construction_ytd,2026-05-31,5.860894457233434,green,data
2026-10-06T16:37:47,m2_ytd,2026-05-31,2.7283275723141154,green,data
2026-10-06T16:37:47,credit_minus_m2,2026-05-31,1.9909250250395472,green,data
2026-10-06T16:37:47,land_use_revenue,2024-12-31,217245.0,insufficient,data
2026-10-06T16:37:47,public_investment,2026-06-30,81430.19253,yellow,data
2026-10-06T16:37:47,public_investment_ytd_yoy,2026-06-30,13.475454350150606,green,data
2026-10-06T16:37:47,fdi_registered_ytd,2026-07-31,21045.97153151,red,data
2026-10-06T16:37:47,fdi_registered_ytd_yoy,2026-07-31,109.72732069382424,yellow,data
2026-10-06T16:37:47,pmi_vn,2026-08-31,53.3,green,data
2026-10-06T17:02:21,fed_upper,2026-10-05,4.0,green_strong,data
2026-10-06T17:02:21,fed_lower,2026-10-05,3.75,green,data
2026-10-06T17:02:21,effr,2026-10-02,3.88,green,data
2026-10-06T17:02:21,ust_2y,2026-10-02,4.83,green,data
2026-10-06T17:02:21,ust_10y,2026-10-02,5.28,red,data
2026-10-06T17:02:21,ust_10y2y,2026-10-05,0.47,yellow,data
2026-10-06T17:02:21,usd_broad,2026-10-02,121.3848,green,data
2026-10-06T17:02:21,dxy,2026-10-06,,green,data
2026-10-06T17:02:21,brent,2026-09-29,113.96,orange,data
2026-10-06T17:02:21,brent_futures,2026-10-06,,yellow,data
2026-10-06T17:02:21,copper,2026-10-05,,red,data
2026-10-06T17:02:21,copper_lme_stock,2026-10-05,,green,data
2026-10-06T17:02:21,copper_comex,2026-10-06,,red,data
2026-10-06T17:02:21,copper_imf,2026-07-31,13542.82086956522,red,data
2026-10-06T17:02:21,hy_spread,2026-10-02,3.1,green_strong,data
2026-10-06T17:02:21,breakeven_10y,2026-10-05,2.36,yellow,data
2026-10-06T17:02:21,vix,2026-10-02,15.31,yellow,data
2026-10-06T17:02:21,us_mortgage_30y,2026-10-01,7.28,yellow,data
2026-10-06T17:02:21,gdp_yoy_published,2026-06-30,8.39,yellow,data
2026-10-06T17:02:21,gdp_yoy,2026-06-30,89.72774377855093,insufficient,data
2026-10-06T17:02:21,gdp_realestate_yoy,2026-06-30,71.97617301993135,insufficient,data
2026-10-06T17:02:21,gdp_construction_yoy,2026-06-30,107.43704178752104,insufficient,data
2026-10-06T17:02:21,export_yoy,2026-07-31,25.590081904262973,yellow,data
2026-10-06T17:02:21,cpi_yoy,2026-08-31,4.89,red,data
2026-10-06T17:02:21,cpi_avg_ytd,2026-07-31,4.393497411553593,yellow,data
2026-10-06T17:02:21,cpi_housing_yoy,2026-08-31,6.6,green,data
2026-10-06T17:02:21,fx_central,2026-08-10,25491.0,yellow,data
2026-10-06T17:02:21,fx_central_ytd,2026-08-10,1.4728713028939966,green,data
2026-10-06T17:02:21,deposit_12m_big4,2026-10-06,5.9,orange,data
2026-10-06T17:02:21,deposit_12m_all,2026-10-06,6.147368421052632,green,data
2026-10-06T17:02:21,interbank_on,2026-07-31,5.72,yellow,data
2026-10-06T17:02:21,refi_rate,2026-08-03,4.5,green,data
2026-10-06T17:02:21,govbond_10y,2026-07-31,4.464118,red,data
2026-10-06T17:02:21,real_rate,2026-08-31,1.010000000000001,yellow,data
2026-10-06T17:02:21,credit_ytd,2026-05-31,4.719252597353663,green,data
2026-10-06T17:02:21,credit_yoy,2026-05-31,16.837719328775336,green,data
2026-10-06T17:02:21,credit_construction_ytd,2026-05-31,5.860894457233434,green,data
2026-10-06T17:02:21,m2_ytd,2026-05-31,2.7283275723141154,green,data
2026-10-06T17:02:21,credit_minus_m2,2026-05-31,1.9909250250395472,green,data
2026-10-06T17:02:21,land_use_revenue,2024-12-31,217245.0,insufficient,data
2026-10-06T17:02:21,public_investment,2026-06-30,81430.19253,yellow,data
2026-10-06T17:02:21,public_investment_ytd_yoy,2026-06-30,13.475454350150606,green,data
2026-10-06T17:02:21,fdi_registered_ytd,2026-07-31,21045.97153151,red,data
2026-10-06T17:02:21,fdi_registered_ytd_yoy,2026-07-31,109.72732069382424,yellow,data
2026-10-06T17:02:21,pmi_vn,2026-08-31,53.3,green,data
2026-10-06T17:02:52,fed_upper,2026-10-05,4.0,green_strong,data
2026-10-06T17:02:52,fed_lower,2026-10-05,3.75,green,data
2026-10-06T17:02:52,effr,2026-10-02,3.88,green,data
2026-10-06T17:02:52,ust_2y,2026-10-02,4.83,green,data
2026-10-06T17:02:52,ust_10y,2026-10-02,5.28,red,data
2026-10-06T17:02:52,ust_10y2y,2026-10-05,0.47,yellow,data
2026-10-06T17:02:52,usd_broad,2026-10-02,121.3848,green,data
2026-10-06T17:02:52,dxy,2026-10-06,,green,data
2026-10-06T17:02:52,brent,2026-09-29,113.96,orange,data
2026-10-06T17:02:52,brent_futures,2026-10-06,,yellow,data
2026-10-06T17:02:52,copper,2026-10-05,,red,data
2026-10-06T17:02:52,copper_lme_stock,2026-10-05,,green,data
2026-10-06T17:02:52,copper_comex,2026-10-06,,red,data
2026-10-06T17:02:52,copper_imf,2026-07-31,13542.82086956522,red,data
2026-10-06T17:02:52,hy_spread,2026-10-02,3.1,green_strong,data
2026-10-06T17:02:52,breakeven_10y,2026-10-05,2.36,yellow,data
2026-10-06T17:02:52,vix,2026-10-02,15.31,yellow,data
2026-10-06T17:02:52,us_mortgage_30y,2026-10-01,7.28,yellow,data
2026-10-06T17:02:52,gdp_yoy_published,2026-06-30,8.39,yellow,data
2026-10-06T17:02:52,gdp_yoy,2026-06-30,89.72774377855093,insufficient,data
2026-10-06T17:02:52,gdp_realestate_yoy,2026-06-30,71.97617301993135,insufficient,data
2026-10-06T17:02:52,gdp_construction_yoy,2026-06-30,107.43704178752104,insufficient,data
2026-10-06T17:02:52,export_yoy,2026-07-31,25.590081904262973,yellow,data
2026-10-06T17:02:52,cpi_yoy,2026-08-31,4.89,red,data
2026-10-06T17:02:52,cpi_avg_ytd,2026-07-31,4.393497411553593,yellow,data
2026-10-06T17:02:52,cpi_housing_yoy,2026-08-31,6.6,green,data
2026-10-06T17:02:52,fx_central,2026-08-10,25491.0,yellow,data
2026-10-06T17:02:52,fx_central_ytd,2026-08-10,1.4728713028939966,green,data
2026-10-06T17:02:52,deposit_12m_big4,2026-10-06,5.9,orange,data
2026-10-06T17:02:52,deposit_12m_all,2026-10-06,6.147368421052632,green,data
2026-10-06T17:02:52,interbank_on,2026-07-31,5.72,yellow,data
2026-10-06T17:02:52,refi_rate,2026-08-03,4.5,green,data
2026-10-06T17:02:52,govbond_10y,2026-07-31,4.464118,red,data
2026-10-06T17:02:52,real_rate,2026-08-31,1.010000000000001,yellow,data
2026-10-06T17:02:52,credit_ytd,2026-05-31,4.719252597353663,green,data
2026-10-06T17:02:52,credit_yoy,2026-05-31,16.837719328775336,green,data
2026-10-06T17:02:52,credit_construction_ytd,2026-05-31,5.860894457233434,green,data
2026-10-06T17:02:52,m2_ytd,2026-05-31,2.7283275723141154,green,data
2026-10-06T17:02:52,credit_minus_m2,2026-05-31,1.9909250250395472,green,data
2026-10-06T17:02:52,land_use_revenue,2024-12-31,217245.0,insufficient,data
2026-10-06T17:02:52,public_investment,2026-06-30,81430.19253,yellow,data
2026-10-06T17:02:52,public_investment_ytd_yoy,2026-06-30,13.475454350150606,green,data
2026-10-06T17:02:52,fdi_registered_ytd,2026-07-31,21045.97153151,red,data
2026-10-06T17:02:52,fdi_registered_ytd_yoy,2026-07-31,109.72732069382424,yellow,data
2026-10-06T17:02:52,pmi_vn,2026-08-31,53.3,green,data
2026-10-06T17:13:28,fed_upper,2026-10-05,4.0,green_strong,data
2026-10-06T17:13:28,fed_lower,2026-10-05,3.75,green,data
2026-10-06T17:13:28,effr,2026-10-02,3.88,green,data
2026-10-06T17:13:28,ust_2y,2026-10-02,4.83,green,data
2026-10-06T17:13:28,ust_10y,2026-10-02,5.28,red,data
2026-10-06T17:13:28,ust_10y2y,2026-10-05,0.47,yellow,data
2026-10-06T17:13:28,usd_broad,2026-10-02,121.3848,green,data
2026-10-06T17:13:28,dxy,2026-10-06,,green,data
2026-10-06T17:13:28,brent,2026-09-29,113.96,orange,data
2026-10-06T17:13:28,brent_futures,2026-10-06,,yellow,data
2026-10-06T17:13:28,copper,2026-10-05,,red,data
2026-10-06T17:13:28,copper_lme_stock,2026-10-05,,green,data
2026-10-06T17:13:28,copper_comex,2026-10-06,,red,data
2026-10-06T17:13:28,copper_imf,2026-07-31,13542.82086956522,red,data
2026-10-06T17:13:28,hy_spread,2026-10-02,3.1,green_strong,data
2026-10-06T17:13:28,breakeven_10y,2026-10-05,2.36,yellow,data
2026-10-06T17:13:28,vix,2026-10-02,15.31,yellow,data
2026-10-06T17:13:28,us_mortgage_30y,2026-10-01,7.28,yellow,data
2026-10-06T17:13:28,gdp_yoy_published,2026-06-30,8.39,yellow,data
2026-10-06T17:13:28,gdp_yoy,2026-06-30,89.72774377855093,insufficient,data
2026-10-06T17:13:28,gdp_realestate_yoy,2026-06-30,71.97617301993135,insufficient,data
2026-10-06T17:13:28,gdp_construction_yoy,2026-06-30,107.43704178752104,insufficient,data
2026-10-06T17:13:28,export_yoy,2026-07-31,25.590081904262973,yellow,data
2026-10-06T17:13:28,cpi_yoy,2026-08-31,4.89,red,data
2026-10-06T17:13:28,cpi_avg_ytd,2026-07-31,4.393497411553593,yellow,data
2026-10-06T17:13:28,cpi_housing_yoy,2026-08-31,6.6,green,data
2026-10-06T17:13:28,fx_central,2026-08-10,25491.0,yellow,data
2026-10-06T17:13:28,fx_central_ytd,2026-08-10,1.4728713028939966,green,data
2026-10-06T17:13:28,deposit_12m_big4,2026-10-06,5.9,orange,data
2026-10-06T17:13:28,deposit_12m_all,2026-10-06,6.147368421052632,green,data
2026-10-06T17:13:28,interbank_on,2026-07-31,5.72,yellow,data
2026-10-06T17:13:28,refi_rate,2026-08-03,4.5,green,data
2026-10-06T17:13:28,govbond_10y,2026-07-31,4.464118,red,data
2026-10-06T17:13:28,real_rate,2026-08-31,1.010000000000001,yellow,data
2026-10-06T17:13:28,credit_ytd,2026-05-31,4.719252597353663,green,data
2026-10-06T17:13:28,credit_yoy,2026-05-31,16.837719328775336,green,data
2026-10-06T17:13:28,credit_construction_ytd,2026-05-31,5.860894457233434,green,data
2026-10-06T17:13:28,m2_ytd,2026-05-31,2.7283275723141154,green,data
2026-10-06T17:13:28,m2_yoy,2026-05-31,5.279351824919987,yellow,data
2026-10-06T17:13:28,credit_minus_m2_yoy,2026-05-31,11.558367503855347,yellow,data
2026-10-06T17:13:28,credit_minus_m2,2026-05-31,1.9909250250395472,green,data
2026-10-06T17:13:28,land_use_revenue,2024-12-31,217245.0,insufficient,data
2026-10-06T17:13:28,public_investment,2026-06-30,81430.19253,yellow,data
2026-10-06T17:13:28,public_investment_ytd_yoy,2026-06-30,13.475454350150606,green,data
2026-10-06T17:13:28,fdi_registered_ytd,2026-07-31,21045.97153151,red,data
2026-10-06T17:13:28,fdi_registered_ytd_yoy,2026-07-31,109.72732069382424,yellow,data
2026-10-06T17:13:28,pmi_vn,2026-08-31,53.3,green,data
2026-10-06T17:14:15,fed_upper,2026-10-05,4.0,green_strong,data
2026-10-06T17:14:15,fed_lower,2026-10-05,3.75,green,data
2026-10-06T17:14:15,effr,2026-10-02,3.88,green,data
2026-10-06T17:14:15,ust_2y,2026-10-02,4.83,green,data
2026-10-06T17:14:15,ust_10y,2026-10-02,5.28,red,data
2026-10-06T17:14:15,ust_10y2y,2026-10-05,0.47,yellow,data
2026-10-06T17:14:15,usd_broad,2026-10-02,121.3848,green,data
2026-10-06T17:14:15,dxy,2026-10-06,,green,data
2026-10-06T17:14:15,brent,2026-09-29,113.96,orange,data
2026-10-06T17:14:15,brent_futures,2026-10-06,,yellow,data
2026-10-06T17:14:15,copper,2026-10-05,,red,data
2026-10-06T17:14:15,copper_lme_stock,2026-10-05,,green,data
2026-10-06T17:14:15,copper_comex,2026-10-06,,red,data
2026-10-06T17:14:15,copper_imf,2026-07-31,13542.82086956522,red,data
2026-10-06T17:14:15,hy_spread,2026-10-02,3.1,green_strong,data
2026-10-06T17:14:15,breakeven_10y,2026-10-05,2.36,yellow,data
2026-10-06T17:14:15,vix,2026-10-02,15.31,yellow,data
2026-10-06T17:14:15,us_mortgage_30y,2026-10-01,7.28,yellow,data
2026-10-06T17:14:15,gdp_yoy_published,2026-06-30,8.39,yellow,data
2026-10-06T17:14:15,gdp_yoy,2026-06-30,89.72774377855093,insufficient,data
2026-10-06T17:14:15,gdp_realestate_yoy,2026-06-30,71.97617301993135,insufficient,data
2026-10-06T17:14:15,gdp_construction_yoy,2026-06-30,107.43704178752104,insufficient,data
2026-10-06T17:14:15,export_yoy,2026-07-31,25.590081904262973,yellow,data
2026-10-06T17:14:15,cpi_yoy,2026-08-31,4.89,red,data
2026-10-06T17:14:15,cpi_avg_ytd,2026-07-31,4.393497411553593,yellow,data
2026-10-06T17:14:15,cpi_housing_yoy,2026-08-31,6.6,green,data
2026-10-06T17:14:15,fx_central,2026-08-10,25491.0,yellow,data
2026-10-06T17:14:15,fx_central_ytd,2026-08-10,1.4728713028939966,green,data
2026-10-06T17:14:15,deposit_12m_big4,2026-10-06,5.9,orange,data
2026-10-06T17:14:15,deposit_12m_all,2026-10-06,6.147368421052632,green,data
2026-10-06T17:14:15,interbank_on,2026-07-31,5.72,yellow,data
2026-10-06T17:14:15,refi_rate,2026-08-03,4.5,green,data
2026-10-06T17:14:15,govbond_10y,2026-07-31,4.464118,red,data
2026-10-06T17:14:15,real_rate,2026-08-31,1.010000000000001,yellow,data
2026-10-06T17:14:15,credit_ytd,2026-05-31,4.719252597353663,green,data
2026-10-06T17:14:15,credit_yoy,2026-05-31,16.837719328775336,green,data
2026-10-06T17:14:15,credit_construction_ytd,2026-05-31,5.860894457233434,green,data
2026-10-06T17:14:15,m2_ytd,2026-05-31,2.7283275723141154,green,data
2026-10-06T17:14:15,credit_minus_m2,2026-05-31,1.9909250250395472,green,data
2026-10-06T17:14:15,land_use_revenue,2024-12-31,217245.0,insufficient,data
2026-10-06T17:14:15,public_investment,2026-06-30,81430.19253,yellow,data
2026-10-06T17:14:15,public_investment_ytd_yoy,2026-06-30,13.475454350150606,green,data
2026-10-06T17:14:15,fdi_registered_ytd,2026-07-31,21045.97153151,red,data
2026-10-06T17:14:15,fdi_registered_ytd_yoy,2026-07-31,109.72732069382424,yellow,data
2026-10-06T17:14:15,pmi_vn,2026-08-31,53.3,green,data
2026-10-06T22:22:30,fed_upper,2026-10-05,4.0,green_strong,data
2026-10-06T22:22:30,fed_lower,2026-10-05,3.75,green,data
2026-10-06T22:22:30,effr,2026-10-02,3.88,green,data
2026-10-06T22:22:30,ust_2y,2026-10-02,4.83,green,data
2026-10-06T22:22:30,ust_10y,2026-10-02,5.28,red,data
2026-10-06T22:22:30,ust_10y2y,2026-10-05,0.47,yellow,data
2026-10-06T22:22:30,usd_broad,2026-10-02,121.3848,green,data
2026-10-06T22:22:30,dxy,2026-10-06,,green,data
2026-10-06T22:22:30,brent,2026-09-29,113.96,orange,data
2026-10-06T22:22:30,brent_futures,2026-10-06,,yellow,data
2026-10-06T22:22:30,copper,2026-10-05,,red,data
2026-10-06T22:22:30,copper_lme_stock,2026-10-05,,green,data
2026-10-06T22:22:30,copper_comex,2026-10-06,,red,data
2026-10-06T22:22:30,copper_imf,2026-07-31,13542.82086956522,red,data
2026-10-06T22:22:30,hy_spread,2026-10-02,3.1,green_strong,data
2026-10-06T22:22:30,breakeven_10y,2026-10-05,2.36,yellow,data
2026-10-06T22:22:30,vix,2026-10-02,15.31,yellow,data
2026-10-06T22:22:30,us_mortgage_30y,2026-10-01,7.28,yellow,data
2026-10-06T22:22:30,gdp_yoy_published,2026-06-30,8.39,yellow,data
2026-10-06T22:22:30,gdp_yoy,2026-06-30,89.72774377855093,insufficient,data
2026-10-06T22:22:30,gdp_realestate_yoy,2026-06-30,71.97617301993135,insufficient,data
2026-10-06T22:22:30,gdp_construction_yoy,2026-06-30,107.43704178752104,insufficient,data
2026-10-06T22:22:30,export_yoy,2026-07-31,25.590081904262973,yellow,data
2026-10-06T22:22:30,cpi_yoy,2026-08-31,4.89,red,data
2026-10-06T22:22:30,cpi_avg_ytd,2026-07-31,4.393497411553593,yellow,data
2026-10-06T22:22:30,cpi_housing_yoy,2026-08-31,6.6,green,data
2026-10-06T22:22:30,fx_central,2026-08-10,25491.0,yellow,data
2026-10-06T22:22:30,fx_central_ytd,2026-08-10,1.4728713028939966,green,data
2026-10-06T22:22:30,deposit_12m_big4,2026-10-06,5.9,orange,data
2026-10-06T22:22:30,deposit_12m_all,2026-10-06,6.147368421052632,green,data
2026-10-06T22:22:30,interbank_on,2026-07-31,5.72,yellow,data
2026-10-06T22:22:30,refi_rate,2026-08-03,4.5,green,data
2026-10-06T22:22:30,govbond_10y,2026-07-31,4.464118,red,data
2026-10-06T22:22:30,real_rate,2026-08-31,1.010000000000001,yellow,data
2026-10-06T22:22:30,credit_ytd,2026-05-31,4.719252597353663,green,data
2026-10-06T22:22:30,credit_yoy,2026-05-31,16.837719328775336,green,data
2026-10-06T22:22:30,credit_construction_ytd,2026-05-31,5.860894457233434,green,data
2026-10-06T22:22:30,m2_ytd,2026-05-31,2.7283275723141154,green,data
2026-10-06T22:22:30,credit_minus_m2,2026-05-31,1.9909250250395472,green,data
2026-10-06T22:22:30,land_use_revenue,2024-12-31,217245.0,insufficient,data
2026-10-06T22:22:30,public_investment,2026-06-30,81430.19253,yellow,data
2026-10-06T22:22:30,public_investment_ytd_yoy,2026-06-30,13.475454350150606,green,data
2026-10-06T22:22:30,fdi_registered_ytd,2026-07-31,21045.97153151,red,data
2026-10-06T22:22:30,fdi_registered_ytd_yoy,2026-07-31,109.72732069382424,yellow,data
2026-10-06T22:22:30,pmi_vn,2026-08-31,53.3,green,data
2026-10-07T08:34:58,fed_upper,2026-10-05,4.0,green_strong,data
2026-10-07T08:34:58,fed_lower,2026-10-05,3.75,green,data
2026-10-07T08:34:58,effr,2026-10-02,3.88,green,data
2026-10-07T08:34:58,ust_2y,2026-10-02,4.83,green,data
2026-10-07T08:34:58,ust_10y,2026-10-02,5.28,red,data
2026-10-07T08:34:58,ust_10y2y,2026-10-05,0.47,yellow,data
2026-10-07T08:34:58,usd_broad,2026-10-02,121.3848,green,data
2026-10-07T08:34:58,dxy,2026-10-06,,green,data
2026-10-07T08:34:58,brent,2026-09-29,113.96,orange,data
2026-10-07T08:34:58,brent_futures,2026-10-06,,yellow,data
2026-10-07T08:34:58,copper,2026-10-05,,red,data
2026-10-07T08:34:58,copper_lme_stock,2026-10-05,,green,data
2026-10-07T08:34:58,copper_comex,2026-10-06,,red,data
2026-10-07T08:34:58,copper_imf,2026-07-31,13542.82086956522,red,data
2026-10-07T08:34:58,hy_spread,2026-10-02,3.1,green_strong,data
2026-10-07T08:34:58,breakeven_10y,2026-10-05,2.36,yellow,data
2026-10-07T08:34:58,vix,2026-10-02,15.31,yellow,data
2026-10-07T08:34:58,us_mortgage_30y,2026-10-01,7.28,yellow,data
2026-10-07T08:34:58,gdp_yoy_published,2026-06-30,8.39,yellow,data
2026-10-07T08:34:58,gdp_yoy,2026-06-30,89.72774377855093,insufficient,data
2026-10-07T08:34:58,gdp_realestate_yoy,2026-06-30,71.97617301993135,insufficient,data
2026-10-07T08:34:58,gdp_construction_yoy,2026-06-30,107.43704178752104,insufficient,data
2026-10-07T08:34:58,export_yoy,2026-07-31,25.590081904262973,yellow,data
2026-10-07T08:34:58,cpi_yoy,2026-08-31,4.89,red,data
2026-10-07T08:34:58,cpi_avg_ytd,2026-07-31,4.393497411553593,yellow,data
2026-10-07T08:34:58,cpi_housing_yoy,2026-08-31,6.6,green,data
2026-10-07T08:34:58,fx_central,2026-08-10,25491.0,yellow,data
2026-10-07T08:34:58,fx_central_ytd,2026-08-10,1.4728713028939966,green,data
2026-10-07T08:34:58,deposit_12m_big4,2026-10-06,5.9,orange,data
2026-10-07T08:34:58,deposit_12m_all,2026-10-06,6.147368421052632,green,data
2026-10-07T08:34:58,interbank_on,2026-07-31,5.72,yellow,data
2026-10-07T08:34:58,refi_rate,2026-08-03,4.5,green,data
2026-10-07T08:34:58,govbond_10y,2026-07-31,4.464118,red,data
2026-10-07T08:34:58,real_rate,2026-08-31,1.010000000000001,yellow,data
2026-10-07T08:34:58,credit_ytd,2026-05-31,4.719252597353663,green,data
2026-10-07T08:34:58,credit_yoy,2026-05-31,16.837719328775336,green,data
2026-10-07T08:34:58,credit_construction_ytd,2026-05-31,5.860894457233434,green,data
2026-10-07T08:34:58,m2_ytd,2026-05-31,2.7283275723141154,green,data
2026-10-07T08:34:58,credit_minus_m2,2026-05-31,1.9909250250395472,green,data
2026-10-07T08:34:58,land_use_revenue,2024-12-31,217245.0,insufficient,data
2026-10-07T08:34:58,public_investment,2026-06-30,81430.19253,yellow,data
2026-10-07T08:34:58,public_investment_ytd_yoy,2026-06-30,13.475454350150606,green,data
2026-10-07T08:34:58,fdi_registered_ytd,2026-07-31,21045.97153151,red,data
2026-10-07T08:34:58,fdi_registered_ytd_yoy,2026-07-31,109.72732069382424,yellow,data
2026-10-07T08:34:58,pmi_vn,2026-08-31,53.3,green,data
2026-10-07T08:54:47,fed_upper,2026-10-05,4.0,green_strong,data
2026-10-07T08:54:47,fed_lower,2026-10-05,3.75,green,data
2026-10-07T08:54:47,effr,2026-10-02,3.88,green,data
2026-10-07T08:54:47,ust_2y,2026-10-02,4.83,green,data
2026-10-07T08:54:47,ust_10y,2026-10-02,5.28,red,data
2026-10-07T08:54:47,ust_10y2y,2026-10-05,0.47,yellow,data
2026-10-07T08:54:47,usd_broad,2026-10-02,121.3848,green,data
2026-10-07T08:54:47,dxy,2026-10-06,,green,data
2026-10-07T08:54:47,brent,2026-09-29,113.96,orange,data
2026-10-07T08:54:47,brent_futures,2026-10-06,,yellow,data
2026-10-07T08:54:47,copper,2026-10-05,,red,data
2026-10-07T08:54:47,copper_lme_stock,2026-10-05,,green,data
2026-10-07T08:54:47,copper_comex,2026-10-06,,red,data
2026-10-07T08:54:47,copper_imf,2026-07-31,13542.82086956522,red,data
2026-10-07T08:54:47,hy_spread,2026-10-02,3.1,green_strong,data
2026-10-07T08:54:47,breakeven_10y,2026-10-05,2.36,yellow,data
2026-10-07T08:54:47,vix,2026-10-02,15.31,yellow,data
2026-10-07T08:54:47,us_mortgage_30y,2026-10-01,7.28,yellow,data
2026-10-07T08:54:47,gdp_yoy_published,2026-06-30,8.39,yellow,data
2026-10-07T08:54:47,gdp_yoy,2026-06-30,89.72774377855093,insufficient,data
2026-10-07T08:54:47,gdp_realestate_yoy,2026-06-30,71.97617301993135,insufficient,data
2026-10-07T08:54:47,gdp_construction_yoy,2026-06-30,107.43704178752104,insufficient,data
2026-10-07T08:54:47,export_yoy,2026-07-31,25.590081904262973,yellow,data
2026-10-07T08:54:47,cpi_yoy,2026-08-31,4.89,red,data
2026-10-07T08:54:47,cpi_avg_ytd,2026-07-31,4.393497411553593,yellow,data
2026-10-07T08:54:47,cpi_housing_yoy,2026-08-31,6.6,green,data
2026-10-07T08:54:47,fx_central,2026-08-10,25491.0,yellow,data
2026-10-07T08:54:47,fx_central_ytd,2026-08-10,1.4728713028939966,green,data
2026-10-07T08:54:47,deposit_12m_big4,2026-10-06,5.9,orange,data
2026-10-07T08:54:47,deposit_12m_all,2026-10-06,6.147368421052632,green,data
2026-10-07T08:54:47,interbank_on,2026-07-31,5.72,yellow,data
2026-10-07T08:54:47,refi_rate,2026-08-03,4.5,green,data
2026-10-07T08:54:47,govbond_10y,2026-07-31,4.464118,red,data
2026-10-07T08:54:47,real_rate,2026-08-31,1.010000000000001,yellow,data
2026-10-07T08:54:47,credit_ytd,2026-05-31,4.719252597353663,green,data
2026-10-07T08:54:47,credit_yoy,2026-05-31,16.837719328775336,green,data
2026-10-07T08:54:47,credit_construction_ytd,2026-05-31,5.860894457233434,green,data
2026-10-07T08:54:47,m2_ytd,2026-05-31,2.7283275723141154,green,data
2026-10-07T08:54:47,credit_minus_m2,2026-05-31,1.9909250250395472,green,data
2026-10-07T08:54:47,land_use_revenue,2024-12-31,217245.0,insufficient,data
2026-10-07T08:54:47,public_investment,2026-06-30,81430.19253,yellow,data
2026-10-07T08:54:47,public_investment_ytd_yoy,2026-06-30,13.475454350150606,green,data
2026-10-07T08:54:47,fdi_registered_ytd,2026-07-31,21045.97153151,red,data
2026-10-07T08:54:47,fdi_registered_ytd_yoy,2026-07-31,109.72732069382424,yellow,data
2026-10-07T08:54:47,pmi_vn,2026-08-31,53.3,green,data
2026-10-07T09:13:39,fed_upper,2026-10-05,4.0,green_strong,data
2026-10-07T09:13:39,fed_lower,2026-10-05,3.75,green,data
2026-10-07T09:13:39,effr,2026-10-02,3.88,green,data
2026-10-07T09:13:39,ust_2y,2026-10-02,4.83,green,data
2026-10-07T09:13:39,ust_10y,2026-10-02,5.28,red,data
2026-10-07T09:13:39,ust_10y2y,2026-10-05,0.47,yellow,data
2026-10-07T09:13:39,usd_broad,2026-10-02,121.3848,green,data
2026-10-07T09:13:39,dxy,2026-10-06,,green,data
2026-10-07T09:13:39,brent,2026-09-29,113.96,orange,data
2026-10-07T09:13:39,brent_futures,2026-10-06,,yellow,data
2026-10-07T09:13:39,copper,2026-10-05,,red,data
2026-10-07T09:13:39,copper_lme_stock,2026-10-05,,green,data
2026-10-07T09:13:39,copper_comex,2026-10-06,,red,data
2026-10-07T09:13:39,copper_imf,2026-07-31,13542.82086956522,red,data
2026-10-07T09:13:39,hy_spread,2026-10-02,3.1,green_strong,data
2026-10-07T09:13:39,breakeven_10y,2026-10-05,2.36,yellow,data
2026-10-07T09:13:39,vix,2026-10-02,15.31,yellow,data
2026-10-07T09:13:39,us_mortgage_30y,2026-10-01,7.28,yellow,data
2026-10-07T09:13:39,gdp_yoy_published,2026-06-30,8.39,yellow,data
2026-10-07T09:13:39,gdp_yoy,2026-06-30,89.72774377855093,insufficient,data
2026-10-07T09:13:39,gdp_realestate_yoy,2026-06-30,71.97617301993135,insufficient,data
2026-10-07T09:13:39,gdp_construction_yoy,2026-06-30,107.43704178752104,insufficient,data
2026-10-07T09:13:39,export_yoy,2026-07-31,25.590081904262973,yellow,data
2026-10-07T09:13:39,cpi_yoy,2026-08-31,4.89,red,data
2026-10-07T09:13:39,cpi_avg_ytd,2026-07-31,4.393497411553593,yellow,data
2026-10-07T09:13:39,cpi_housing_yoy,2026-08-31,6.6,green,data
2026-10-07T09:13:39,fx_central,2026-08-10,25491.0,yellow,data
2026-10-07T09:13:39,fx_central_ytd,2026-08-10,1.4728713028939966,green,data
2026-10-07T09:13:39,deposit_12m_big4,2026-10-06,5.9,orange,data
2026-10-07T09:13:39,deposit_12m_all,2026-10-06,6.147368421052632,green,data
2026-10-07T09:13:39,interbank_on,2026-07-31,5.72,yellow,data
2026-10-07T09:13:39,refi_rate,2026-08-03,4.5,green,data
2026-10-07T09:13:39,govbond_10y,2026-07-31,4.464118,red,data
2026-10-07T09:13:39,real_rate,2026-08-31,1.010000000000001,yellow,data
2026-10-07T09:13:39,credit_ytd,2026-08-31,10.19,green,data
2026-10-07T09:13:39,credit_yoy,2026-08-31,17.37630434782613,green,data
2026-10-07T09:13:39,credit_construction_ytd,2026-08-31,13.95,red,data
2026-10-07T09:13:39,m2_ytd,2026-05-31,2.7283275723141154,green,data
2026-10-07T09:13:39,credit_minus_m2,2026-05-31,3.2316724276858846,green,data
2026-10-07T09:13:39,land_use_revenue,2024-12-31,217245.0,insufficient,data
2026-10-07T09:13:39,public_investment,2026-06-30,81430.19253,yellow,data
2026-10-07T09:13:39,public_investment_ytd_yoy,2026-06-30,13.475454350150606,green,data
2026-10-07T09:13:39,fdi_registered_ytd,2026-07-31,21045.97153151,red,data
2026-10-07T09:13:39,fdi_registered_ytd_yoy,2026-07-31,109.72732069382424,yellow,data
2026-10-07T09:13:39,pmi_vn,2026-08-31,53.3,green,data
2026-10-07T09:24:01,fed_upper,2026-10-05,4.0,green_strong,data
2026-10-07T09:24:01,fed_lower,2026-10-05,3.75,green,data
2026-10-07T09:24:01,effr,2026-10-02,3.88,green,data
2026-10-07T09:24:01,ust_2y,2026-10-02,4.83,green,data
2026-10-07T09:24:01,ust_10y,2026-10-02,5.28,red,data
2026-10-07T09:24:01,ust_10y2y,2026-10-05,0.47,yellow,data
2026-10-07T09:24:01,usd_broad,2026-10-02,121.3848,green,data
2026-10-07T09:24:01,dxy,2026-10-06,,green,data
2026-10-07T09:24:01,brent,2026-09-29,113.96,orange,data
2026-10-07T09:24:01,brent_futures,2026-10-06,,yellow,data
2026-10-07T09:24:01,copper,2026-10-05,,red,data
2026-10-07T09:24:01,copper_lme_stock,2026-10-05,,green,data
2026-10-07T09:24:01,copper_comex,2026-10-06,,red,data
2026-10-07T09:24:01,copper_imf,2026-07-31,13542.82086956522,red,data
2026-10-07T09:24:01,hy_spread,2026-10-02,3.1,green_strong,data
2026-10-07T09:24:01,breakeven_10y,2026-10-05,2.36,yellow,data
2026-10-07T09:24:01,vix,2026-10-02,15.31,yellow,data
2026-10-07T09:24:01,us_mortgage_30y,2026-10-01,7.28,yellow,data
2026-10-07T09:24:01,gdp_yoy_published,2026-06-30,8.39,yellow,data
2026-10-07T09:24:01,gdp_yoy,2026-06-30,89.72774377855093,insufficient,data
2026-10-07T09:24:01,gdp_realestate_yoy,2026-06-30,71.97617301993135,insufficient,data
2026-10-07T09:24:01,gdp_construction_yoy,2026-06-30,107.43704178752104,insufficient,data
2026-10-07T09:24:01,export_yoy,2026-07-31,25.590081904262973,yellow,data
2026-10-07T09:24:01,cpi_yoy,2026-08-31,4.89,red,data
2026-10-07T09:24:01,cpi_avg_ytd,2026-07-31,4.393497411553593,yellow,data
2026-10-07T09:24:01,cpi_housing_yoy,2026-08-31,6.6,green,data
2026-10-07T09:24:01,fx_central,2026-08-10,25491.0,yellow,data
2026-10-07T09:24:01,fx_central_ytd,2026-08-10,1.4728713028939966,green,data
2026-10-07T09:24:01,deposit_12m_big4,2026-10-06,5.9,orange,data
2026-10-07T09:24:01,deposit_12m_all,2026-10-06,6.147368421052632,green,data
2026-10-07T09:24:01,interbank_on,2026-07-31,5.72,yellow,data
2026-10-07T09:24:01,refi_rate,2026-08-03,4.5,green,data
2026-10-07T09:24:01,govbond_10y,2026-07-31,4.464118,red,data
2026-10-07T09:24:01,real_rate,2026-08-31,1.010000000000001,yellow,data
2026-10-07T09:24:01,credit_ytd,2026-08-31,10.19,green,data
2026-10-07T09:24:01,credit_yoy,2026-08-31,17.37630434782613,green,data
2026-10-07T09:24:01,credit_construction_ytd,2026-08-31,13.95,red,data
2026-10-07T09:24:01,m2_ytd,2026-05-31,2.7283275723141154,green,data
2026-10-07T09:24:01,credit_minus_m2,2026-05-31,3.2316724276858846,green,data
2026-10-07T09:24:01,land_use_revenue,2024-12-31,217245.0,insufficient,data
2026-10-07T09:24:01,public_investment,2026-09-30,113636.78685,red,data
2026-10-07T09:24:01,public_investment_ytd_yoy,2026-09-30,20.8696122847218,green,data
2026-10-07T09:24:01,fdi_registered_ytd,2026-07-31,21045.97153151,red,data
2026-10-07T09:24:01,fdi_registered_ytd_yoy,2026-07-31,109.72732069382424,yellow,data
2026-10-07T09:24:01,pmi_vn,2026-08-31,53.3,green,data
2026-10-07T09:28:50,fed_upper,2026-10-05,4.0,green_strong,data
2026-10-07T09:28:50,fed_lower,2026-10-05,3.75,green,data
2026-10-07T09:28:50,effr,2026-10-02,3.88,green,data
2026-10-07T09:28:50,ust_2y,2026-10-02,4.83,green,data
2026-10-07T09:28:50,ust_10y,2026-10-02,5.28,red,data
2026-10-07T09:28:50,ust_10y2y,2026-10-05,0.47,yellow,data
2026-10-07T09:28:50,usd_broad,2026-10-02,121.3848,green,data
2026-10-07T09:28:50,dxy,2026-10-06,,green,data
2026-10-07T09:28:50,brent,2026-09-29,113.96,orange,data
2026-10-07T09:28:50,brent_futures,2026-10-06,,yellow,data
2026-10-07T09:28:50,copper,2026-10-05,,red,data
2026-10-07T09:28:50,copper_lme_stock,2026-10-05,,green,data
2026-10-07T09:28:50,copper_comex,2026-10-06,,red,data
2026-10-07T09:28:50,copper_imf,2026-07-31,13542.82086956522,red,data
2026-10-07T09:28:50,hy_spread,2026-10-02,3.1,green_strong,data
2026-10-07T09:28:50,breakeven_10y,2026-10-05,2.36,yellow,data
2026-10-07T09:28:50,vix,2026-10-02,15.31,yellow,data
2026-10-07T09:28:50,us_mortgage_30y,2026-10-01,7.28,yellow,data
2026-10-07T09:28:50,gdp_yoy_published,2026-06-30,8.39,yellow,data
2026-10-07T09:28:50,gdp_yoy,2026-06-30,89.72774377855093,insufficient,data
2026-10-07T09:28:50,gdp_realestate_yoy,2026-06-30,71.97617301993135,insufficient,data
2026-10-07T09:28:50,gdp_construction_yoy,2026-06-30,107.43704178752104,insufficient,data
2026-10-07T09:28:50,export_yoy,2026-07-31,25.590081904262973,yellow,data
2026-10-07T09:28:50,cpi_yoy,2026-08-31,4.89,red,data
2026-10-07T09:28:50,cpi_avg_ytd,2026-07-31,4.393497411553593,yellow,data
2026-10-07T09:28:50,cpi_housing_yoy,2026-08-31,6.6,green,data
2026-10-07T09:28:50,fx_central,2026-08-10,25491.0,yellow,data
2026-10-07T09:28:50,fx_central_ytd,2026-08-10,1.4728713028939966,green,data
2026-10-07T09:28:50,deposit_12m_big4,2026-10-06,5.9,orange,data
2026-10-07T09:28:50,deposit_12m_all,2026-10-06,6.147368421052632,green,data
2026-10-07T09:28:50,interbank_on,2026-07-31,5.72,yellow,data
2026-10-07T09:28:50,refi_rate,2026-08-03,4.5,green,data
2026-10-07T09:28:50,govbond_10y,2026-07-31,4.464118,red,data
2026-10-07T09:28:50,real_rate,2026-08-31,1.010000000000001,yellow,data
2026-10-07T09:28:50,credit_ytd,2026-08-31,10.19,green,data
2026-10-07T09:28:50,credit_yoy,2026-08-31,17.37630434782613,green,data
2026-10-07T09:28:50,credit_construction_ytd,2026-08-31,13.95,red,data
2026-10-07T09:28:50,m2_ytd,2026-05-31,2.7283275723141154,green,data
2026-10-07T09:28:50,credit_minus_m2,2026-05-31,3.2316724276858846,green,data
2026-10-07T09:28:50,land_use_revenue,2024-12-31,217245.0,insufficient,data
2026-10-07T09:28:50,public_investment,2026-09-30,113636.78685,red,data
2026-10-07T09:28:50,public_investment_ytd_yoy,2026-09-30,20.8696122847218,green,data
2026-10-07T09:28:50,fdi_registered_ytd,2026-07-31,21045.97153151,red,data
2026-10-07T09:28:50,fdi_registered_ytd_yoy,2026-07-31,109.72732069382424,yellow,data
2026-10-07T09:28:50,pmi_vn,2026-08-31,53.3,green,data
2026-10-07T09:31:46,fed_upper,2026-10-05,4.0,green_strong,data
2026-10-07T09:31:46,fed_lower,2026-10-05,3.75,green,data
2026-10-07T09:31:46,effr,2026-10-02,3.88,green,data
2026-10-07T09:31:46,ust_2y,2026-10-02,4.83,green,data
2026-10-07T09:31:46,ust_10y,2026-10-02,5.28,red,data
2026-10-07T09:31:46,ust_10y2y,2026-10-05,0.47,yellow,data
2026-10-07T09:31:46,usd_broad,2026-10-02,121.3848,green,data
2026-10-07T09:31:46,dxy,2026-10-06,,green,data
2026-10-07T09:31:46,brent,2026-09-29,113.96,orange,data
2026-10-07T09:31:46,brent_futures,2026-10-06,,yellow,data
2026-10-07T09:31:46,copper,2026-10-05,,red,data
2026-10-07T09:31:46,copper_lme_stock,2026-10-05,,green,data
2026-10-07T09:31:46,copper_comex,2026-10-06,,red,data
2026-10-07T09:31:46,copper_imf,2026-07-31,13542.82086956522,red,data
2026-10-07T09:31:46,hy_spread,2026-10-02,3.1,green_strong,data
2026-10-07T09:31:46,breakeven_10y,2026-10-05,2.36,yellow,data
2026-10-07T09:31:46,vix,2026-10-02,15.31,yellow,data
2026-10-07T09:31:46,us_mortgage_30y,2026-10-01,7.28,yellow,data
2026-10-07T09:31:46,gdp_yoy_published,2026-06-30,8.39,yellow,data
2026-10-07T09:31:46,gdp_yoy,2026-06-30,89.72774377855093,insufficient,data
2026-10-07T09:31:46,gdp_realestate_yoy,2026-06-30,71.97617301993135,insufficient,data
2026-10-07T09:31:46,gdp_construction_yoy,2026-06-30,107.43704178752104,insufficient,data
2026-10-07T09:31:46,export_yoy,2026-07-31,25.590081904262973,yellow,data
2026-10-07T09:31:46,cpi_yoy,2026-08-31,4.89,red,data
2026-10-07T09:31:46,cpi_avg_ytd,2026-07-31,4.393497411553593,yellow,data
2026-10-07T09:31:46,cpi_housing_yoy,2026-08-31,6.6,green,data
2026-10-07T09:31:46,fx_central,2026-08-10,25491.0,yellow,data
2026-10-07T09:31:46,fx_central_ytd,2026-08-10,1.4728713028939966,green,data
2026-10-07T09:31:46,deposit_12m_big4,2026-10-06,5.9,orange,data
2026-10-07T09:31:46,deposit_12m_all,2026-10-06,6.147368421052632,green,data
2026-10-07T09:31:46,interbank_on,2026-07-31,5.72,yellow,data
2026-10-07T09:31:46,refi_rate,2026-08-03,4.5,green,data
2026-10-07T09:31:46,govbond_10y,2026-07-31,4.464118,red,data
2026-10-07T09:31:46,real_rate,2026-08-31,1.010000000000001,yellow,data
2026-10-07T09:31:46,credit_ytd,2026-08-31,10.19,green,data
2026-10-07T09:31:46,credit_yoy,2026-08-31,17.37630434782613,green,data
2026-10-07T09:31:46,credit_construction_ytd,2026-08-31,13.95,red,data
2026-10-07T09:31:46,m2_ytd,2026-05-31,2.7283275723141154,green,data
2026-10-07T09:31:46,credit_minus_m2,2026-05-31,3.2316724276858846,green,data
2026-10-07T09:31:46,land_use_revenue,2024-12-31,217245.0,insufficient,data
2026-10-07T09:31:46,public_investment,2026-09-30,113636.78685,red,data
2026-10-07T09:31:46,public_investment_ytd_yoy,2026-09-30,20.8696122847218,green,data
2026-10-07T09:31:46,public_investment_ytd,2026-09-30,656789.4958,yellow,data
2026-10-07T09:31:46,public_investment_plan_pace,2026-09-30,-10.773029541162929,insufficient,data
2026-10-07T09:31:46,fdi_registered_ytd,2026-07-31,21045.97153151,red,data
2026-10-07T09:31:46,fdi_registered_ytd_yoy,2026-07-31,109.72732069382424,yellow,data
2026-10-07T09:31:46,pmi_vn,2026-08-31,53.3,green,data
2026-10-07T09:33:31,fed_upper,2026-10-05,4.0,green_strong,data
2026-10-07T09:33:31,fed_lower,2026-10-05,3.75,green,data
2026-10-07T09:33:31,effr,2026-10-02,3.88,green,data
2026-10-07T09:33:31,ust_2y,2026-10-02,4.83,green,data
2026-10-07T09:33:31,ust_10y,2026-10-02,5.28,red,data
2026-10-07T09:33:31,ust_10y2y,2026-10-05,0.47,yellow,data
2026-10-07T09:33:31,usd_broad,2026-10-02,121.3848,green,data
2026-10-07T09:33:31,dxy,2026-10-06,,green,data
2026-10-07T09:33:31,brent,2026-09-29,113.96,orange,data
2026-10-07T09:33:31,brent_futures,2026-10-06,,yellow,data
2026-10-07T09:33:31,copper,2026-10-05,,red,data
2026-10-07T09:33:31,copper_lme_stock,2026-10-05,,green,data
2026-10-07T09:33:31,copper_comex,2026-10-06,,red,data
2026-10-07T09:33:31,copper_imf,2026-07-31,13542.82086956522,red,data
2026-10-07T09:33:31,hy_spread,2026-10-02,3.1,green_strong,data
2026-10-07T09:33:31,breakeven_10y,2026-10-05,2.36,yellow,data
2026-10-07T09:33:31,vix,2026-10-02,15.31,yellow,data
2026-10-07T09:33:31,us_mortgage_30y,2026-10-01,7.28,yellow,data
2026-10-07T09:33:31,gdp_yoy_published,2026-06-30,8.39,yellow,data
2026-10-07T09:33:31,gdp_yoy,2026-06-30,89.72774377855093,insufficient,data
2026-10-07T09:33:31,gdp_realestate_yoy,2026-06-30,71.97617301993135,insufficient,data
2026-10-07T09:33:31,gdp_construction_yoy,2026-06-30,107.43704178752104,insufficient,data
2026-10-07T09:33:31,export_yoy,2026-07-31,25.590081904262973,yellow,data
2026-10-07T09:33:31,cpi_yoy,2026-08-31,4.89,red,data
2026-10-07T09:33:31,cpi_avg_ytd,2026-07-31,4.393497411553593,yellow,data
2026-10-07T09:33:31,cpi_housing_yoy,2026-08-31,6.6,green,data
2026-10-07T09:33:31,fx_central,2026-08-10,25491.0,yellow,data
2026-10-07T09:33:31,fx_central_ytd,2026-08-10,1.4728713028939966,green,data
2026-10-07T09:33:31,deposit_12m_big4,2026-10-06,5.9,orange,data
2026-10-07T09:33:31,deposit_12m_all,2026-10-06,6.147368421052632,green,data
2026-10-07T09:33:31,interbank_on,2026-07-31,5.72,yellow,data
2026-10-07T09:33:31,refi_rate,2026-08-03,4.5,green,data
2026-10-07T09:33:31,govbond_10y,2026-07-31,4.464118,red,data
2026-10-07T09:33:31,real_rate,2026-08-31,1.010000000000001,yellow,data
2026-10-07T09:33:31,credit_ytd,2026-08-31,10.19,green,data
2026-10-07T09:33:31,credit_yoy,2026-08-31,17.37630434782613,green,data
2026-10-07T09:33:31,credit_construction_ytd,2026-08-31,13.95,red,data
2026-10-07T09:33:31,m2_ytd,2026-05-31,2.7283275723141154,green,data
2026-10-07T09:33:31,credit_minus_m2,2026-05-31,3.2316724276858846,green,data
2026-10-07T09:33:31,land_use_revenue,2024-12-31,217245.0,insufficient,data
2026-10-07T09:33:31,public_investment,2026-09-30,113636.78685,red,data
2026-10-07T09:33:31,public_investment_ytd_yoy,2026-09-30,20.8696122847218,green,data
2026-10-07T09:33:31,public_investment_ytd,2026-09-30,656789.4958,yellow,data
2026-10-07T09:33:31,public_investment_plan_pace,2026-09-30,-10.773029541162929,insufficient,data
2026-10-07T09:33:31,fdi_registered_ytd,2026-07-31,21045.97153151,red,data
2026-10-07T09:33:31,fdi_registered_ytd_yoy,2026-07-31,109.72732069382424,yellow,data
2026-10-07T09:33:31,pmi_vn,2026-08-31,53.3,green,data
2026-10-09T22:29:46,fed_upper,2026-10-09,4.0,green_strong,data
2026-10-09T22:29:46,fed_lower,2026-10-09,3.75,green,data
2026-10-09T22:29:46,effr,2026-10-07,3.88,green,data
2026-10-09T22:29:46,ust_2y,2026-10-07,4.77,green,data
2026-10-09T22:29:46,ust_10y,2026-10-07,5.28,red,data
2026-10-09T22:29:46,ust_10y2y,2026-10-08,0.47,yellow,data
2026-10-09T22:29:46,usd_broad,2026-10-02,121.3848,green,data
2026-10-09T22:29:46,dxy,2026-10-09,,green,data
2026-10-09T22:29:46,brent,2026-10-06,125.44,red,data
2026-10-09T22:29:46,brent_futures,2026-10-09,,yellow,data
2026-10-09T22:29:46,wti,2026-10-06,96.24,yellow,data
2026-10-09T22:29:46,gas_henry_hub,2026-10-06,3.03,green,data
2026-10-09T22:29:46,gas_eu,2026-07-31,17.93,green,data
2026-10-09T22:29:46,lng_asia,2026-07-31,19.562,green,data
2026-10-09T22:29:46,copper,2026-10-08,,red,data
2026-10-09T22:29:46,copper_lme_stock,2026-10-08,,green,data
2026-10-09T22:29:46,copper_comex,2026-10-09,,red,data
2026-10-09T22:29:46,copper_imf,2026-07-31,13542.82086956522,red,data
2026-10-09T22:29:46,hy_spread,2026-10-08,3.15,green_strong,data
2026-10-09T22:29:46,breakeven_10y,2026-10-08,2.35,yellow,data
2026-10-09T22:29:46,vix,2026-10-08,15.41,yellow,data
2026-10-09T22:29:46,us_mortgage_30y,2026-10-08,7.4,yellow,data
2026-10-09T22:29:46,gdp_yoy_published,2026-06-30,8.39,yellow,data
2026-10-09T22:29:46,gdp_yoy,2026-06-30,89.72774377855093,insufficient,data
2026-10-09T22:29:46,gdp_realestate_yoy,2026-06-30,71.97617301993135,insufficient,data
2026-10-09T22:29:46,gdp_construction_yoy,2026-06-30,107.43704178752104,insufficient,data
2026-10-09T22:29:46,export_yoy,2026-07-31,25.590081904262973,yellow,data
2026-10-09T22:29:46,cpi_yoy,2026-08-31,4.89,red,data
2026-10-09T22:29:46,cpi_avg_ytd,2026-07-31,4.393497411553593,yellow,data
2026-10-09T22:29:46,cpi_housing_yoy,2026-08-31,6.6,green,data
2026-10-09T22:29:46,fx_central,2026-08-10,25491.0,yellow,data
2026-10-09T22:29:46,fx_central_ytd,2026-08-10,1.4728713028939966,green,data
2026-10-09T22:29:46,deposit_12m_big4,2026-10-09,5.9,orange,data
2026-10-09T22:29:46,deposit_12m_all,2026-10-09,6.147368421052632,green,data
2026-10-09T22:29:46,interbank_on,2026-07-31,5.72,yellow,data
2026-10-09T22:29:46,refi_rate,2026-08-03,4.5,green,data
2026-10-09T22:29:46,govbond_10y,2026-07-31,4.464118,red,data
2026-10-09T22:29:46,real_rate,2026-08-31,1.010000000000001,yellow,data
2026-10-09T22:29:46,credit_ytd,2026-08-31,10.19,green,data
2026-10-09T22:29:46,credit_yoy,2026-08-31,17.37630434782613,green,data
2026-10-09T22:29:46,credit_construction_ytd,2026-08-31,13.95,red,data
2026-10-09T22:29:46,m2_ytd,2026-05-31,2.7283275723141154,green,data
2026-10-09T22:29:46,credit_minus_m2,2026-05-31,3.2316724276858846,green,data
2026-10-09T22:29:46,land_use_revenue,2024-12-31,217245.0,insufficient,data
2026-10-09T22:29:46,public_investment,2026-09-30,113636.78685,red,data
2026-10-09T22:29:46,public_investment_ytd_yoy,2026-09-30,20.8696122847218,green,data
2026-10-09T22:29:46,public_investment_ytd,2026-09-30,656789.4958,yellow,data
2026-10-09T22:29:46,public_investment_plan_pace,2026-09-30,-10.773029541162929,insufficient,data
2026-10-09T22:29:46,fdi_registered_ytd,2026-07-31,21045.97153151,red,data
2026-10-09T22:29:46,fdi_registered_ytd_yoy,2026-07-31,109.72732069382424,yellow,data
2026-10-09T22:29:46,pmi_vn,2026-08-31,53.3,green,data
2026-10-09T22:31:06,fed_upper,2026-10-09,4.0,green_strong,data
2026-10-09T22:31:06,fed_lower,2026-10-09,3.75,green,data
2026-10-09T22:31:06,effr,2026-10-07,3.88,green,data
2026-10-09T22:31:06,ust_2y,2026-10-07,4.77,green,data
2026-10-09T22:31:06,ust_10y,2026-10-07,5.28,red,data
2026-10-09T22:31:06,ust_10y2y,2026-10-08,0.47,yellow,data
2026-10-09T22:31:06,usd_broad,2026-10-02,121.3848,green,data
2026-10-09T22:31:06,dxy,2026-10-09,,green,data
2026-10-09T22:31:06,brent,2026-10-06,125.44,red,data
2026-10-09T22:31:06,brent_futures,2026-10-09,,yellow,data
2026-10-09T22:31:06,wti,2026-10-06,96.24,yellow,data
2026-10-09T22:31:06,gas_henry_hub,2026-10-06,3.03,green,data
2026-10-09T22:31:06,gas_eu,2026-07-31,17.93,green,data
2026-10-09T22:31:06,lng_asia,2026-07-31,19.562,green,data
2026-10-09T22:31:06,copper,2026-10-08,,red,data
2026-10-09T22:31:06,copper_lme_stock,2026-10-08,,green,data
2026-10-09T22:31:06,copper_comex,2026-10-09,,red,data
2026-10-09T22:31:06,copper_imf,2026-07-31,13542.82086956522,red,data
2026-10-09T22:31:06,hy_spread,2026-10-08,3.15,green_strong,data
2026-10-09T22:31:06,breakeven_10y,2026-10-08,2.35,yellow,data
2026-10-09T22:31:06,vix,2026-10-08,15.41,yellow,data
2026-10-09T22:31:06,us_mortgage_30y,2026-10-08,7.4,yellow,data
2026-10-09T22:31:06,gdp_yoy_published,2026-06-30,8.39,yellow,data
2026-10-09T22:31:06,gdp_yoy,2026-06-30,89.72774377855093,insufficient,data
2026-10-09T22:31:06,gdp_realestate_yoy,2026-06-30,71.97617301993135,insufficient,data
2026-10-09T22:31:06,gdp_construction_yoy,2026-06-30,107.43704178752104,insufficient,data
2026-10-09T22:31:06,export_yoy,2026-07-31,25.590081904262973,yellow,data
2026-10-09T22:31:06,cpi_yoy,2026-08-31,4.89,red,data
2026-10-09T22:31:06,cpi_avg_ytd,2026-07-31,4.393497411553593,yellow,data
2026-10-09T22:31:06,cpi_housing_yoy,2026-08-31,6.6,green,data
2026-10-09T22:31:06,fx_central,2026-10-09,25629.0,yellow,data
2026-10-09T22:31:06,fx_central_ytd,2026-10-09,2.022212491540931,yellow,data
2026-10-09T22:31:06,deposit_12m_big4,2026-10-09,5.9,orange,data
2026-10-09T22:31:06,deposit_12m_all,2026-10-09,6.147368421052632,green,data
2026-10-09T22:31:06,interbank_on,2026-10-08,0.99,green,data
2026-10-09T22:31:06,refi_rate,2026-08-03,4.5,green,data
2026-10-09T22:31:06,govbond_10y,2026-10-09,4.506492,red,data
2026-10-09T22:31:06,real_rate,2026-08-31,1.010000000000001,yellow,data
2026-10-09T22:31:06,credit_ytd,2026-08-31,10.19,green,data
2026-10-09T22:31:06,credit_yoy,2026-08-31,17.37630434782613,green,data
2026-10-09T22:31:06,credit_construction_ytd,2026-08-31,13.95,red,data
2026-10-09T22:31:06,m2_ytd,2026-05-31,2.7283275723141154,green,data
2026-10-09T22:31:06,credit_minus_m2,2026-05-31,3.2316724276858846,green,data
2026-10-09T22:31:06,land_use_revenue,2024-12-31,217245.0,insufficient,data
2026-10-09T22:31:06,public_investment,2026-09-30,113636.78685,red,data
2026-10-09T22:31:06,public_investment_ytd_yoy,2026-09-30,20.8696122847218,green,data
2026-10-09T22:31:06,public_investment_ytd,2026-09-30,656789.4958,yellow,data
2026-10-09T22:31:06,public_investment_plan_pace,2026-09-30,-10.773029541162929,insufficient,data
2026-10-09T22:31:06,fdi_registered_ytd,2026-07-31,21045.97153151,red,data
2026-10-09T22:31:06,fdi_registered_ytd_yoy,2026-07-31,109.72732069382424,yellow,data
2026-10-09T22:31:06,pmi_vn,2026-08-31,53.3,green,data
2026-10-09T23:02:52,fed_upper,2026-10-09,4.0,green_strong,data
2026-10-09T23:02:52,fed_lower,2026-10-09,3.75,green,data
2026-10-09T23:02:52,effr,2026-10-07,3.88,green,data
2026-10-09T23:02:52,ust_2y,2026-10-07,4.77,green,data
2026-10-09T23:02:52,ust_10y,2026-10-07,5.28,red,data
2026-10-09T23:02:52,ust_10y2y,2026-10-08,0.47,yellow,data
2026-10-09T23:02:52,usd_broad,2026-10-02,121.3848,green,data
2026-10-09T23:02:52,dxy,2026-10-09,,green,data
2026-10-09T23:02:52,brent,2026-10-06,125.44,red,data
2026-10-09T23:02:52,brent_futures,2026-10-09,,yellow,data
2026-10-09T23:02:52,wti,2026-10-06,96.24,yellow,data
2026-10-09T23:02:52,gas_henry_hub,2026-10-06,3.03,green,data
2026-10-09T23:02:52,gas_eu,2026-07-31,17.93,green,data
2026-10-09T23:02:52,lng_asia,2026-07-31,19.562,green,data
2026-10-09T23:02:52,gpr,2026-09-30,146.2098999023438,green,data
2026-10-09T23:02:52,crude_stocks_us,,,no_data,data
2026-10-09T23:02:52,crude_output_us,,,no_data,data
2026-10-09T23:02:52,gasoline_us,2026-10-05,4.354,yellow,data
2026-10-09T23:02:52,oil_vol,2026-10-08,48.4,green,data
2026-10-09T23:02:52,policy_uncertainty,2026-07-31,241.6904910005747,green,data
2026-10-09T23:02:52,us_gdp_growth,2026-06-30,2.2,green,data
2026-10-09T23:02:52,us_indpro,2026-08-31,103.0682,red,data
2026-10-09T23:02:52,copper,2026-10-08,,red,data
2026-10-09T23:02:52,copper_lme_stock,2026-10-08,,green,data
2026-10-09T23:02:52,copper_comex,2026-10-09,,red,data
2026-10-09T23:02:52,copper_imf,2026-07-31,13542.82086956522,red,data
2026-10-09T23:02:52,hy_spread,2026-10-08,3.15,green_strong,data
2026-10-09T23:02:52,breakeven_10y,2026-10-08,2.35,yellow,data
2026-10-09T23:02:52,vix,2026-10-08,15.41,yellow,data
2026-10-09T23:02:52,us_mortgage_30y,2026-10-08,7.4,yellow,data
2026-10-09T23:02:52,gdp_yoy_published,2026-06-30,8.39,yellow,data
2026-10-09T23:02:52,gdp_yoy,2026-06-30,89.72774377855093,insufficient,data
2026-10-09T23:02:52,gdp_realestate_yoy,2026-06-30,71.97617301993135,insufficient,data
2026-10-09T23:02:52,gdp_construction_yoy,2026-06-30,107.43704178752104,insufficient,data
2026-10-09T23:02:52,export_yoy,2026-07-31,25.590081904262973,yellow,data
2026-10-09T23:02:52,cpi_yoy,2026-08-31,4.89,red,data
2026-10-09T23:02:52,cpi_avg_ytd,2026-07-31,4.393497411553593,yellow,data
2026-10-09T23:02:52,cpi_housing_yoy,2026-08-31,6.6,green,data
2026-10-09T23:02:52,fx_central,2026-10-09,25629.0,yellow,data
2026-10-09T23:02:52,fx_central_ytd,2026-10-09,2.022212491540931,yellow,data
2026-10-09T23:02:52,deposit_12m_big4,2026-10-09,5.9,orange,data
2026-10-09T23:02:52,deposit_12m_all,2026-10-09,6.147368421052632,green,data
2026-10-09T23:02:52,interbank_on,2026-10-08,0.99,green,data
2026-10-09T23:02:52,refi_rate,2026-08-03,4.5,green,data
2026-10-09T23:02:52,govbond_10y,2026-10-09,4.506492,red,data
2026-10-09T23:02:52,real_rate,2026-08-31,1.010000000000001,yellow,data
2026-10-09T23:02:52,credit_ytd,2026-08-31,10.19,green,data
2026-10-09T23:02:52,credit_yoy,2026-08-31,17.37630434782613,green,data
2026-10-09T23:02:52,credit_construction_ytd,2026-08-31,13.95,red,data
2026-10-09T23:02:52,m2_ytd,2026-05-31,2.7283275723141154,green,data
2026-10-09T23:02:52,credit_minus_m2,2026-05-31,3.2316724276858846,green,data
2026-10-09T23:02:52,land_use_revenue,2024-12-31,217245.0,insufficient,data
2026-10-09T23:02:52,public_investment,2026-09-30,113636.78685,red,data
2026-10-09T23:02:52,public_investment_ytd_yoy,2026-09-30,20.8696122847218,green,data
2026-10-09T23:02:52,public_investment_ytd,2026-09-30,656789.4958,yellow,data
2026-10-09T23:02:52,public_investment_plan_pace,2026-09-30,-10.773029541162929,insufficient,data
2026-10-09T23:02:52,fdi_registered_ytd,2026-07-31,21045.97153151,red,data
2026-10-09T23:02:52,fdi_registered_ytd_yoy,2026-07-31,109.72732069382424,yellow,data
2026-10-09T23:02:52,pmi_vn,2026-08-31,53.3,green,data
2026-10-09T23:03:22,fed_upper,2026-10-09,4.0,green_strong,data
2026-10-09T23:03:22,fed_lower,2026-10-09,3.75,green,data
2026-10-09T23:03:22,effr,2026-10-07,3.88,green,data
2026-10-09T23:03:22,ust_2y,2026-10-07,4.77,green,data
2026-10-09T23:03:22,ust_10y,2026-10-07,5.28,red,data
2026-10-09T23:03:22,ust_10y2y,2026-10-08,0.47,yellow,data
2026-10-09T23:03:22,usd_broad,2026-10-02,121.3848,green,data
2026-10-09T23:03:22,dxy,2026-10-09,,green,data
2026-10-09T23:03:22,brent,2026-10-06,125.44,red,data
2026-10-09T23:03:22,brent_futures,2026-10-09,,yellow,data
2026-10-09T23:03:22,wti,2026-10-06,96.24,yellow,data
2026-10-09T23:03:22,gas_henry_hub,2026-10-06,3.03,green,data
2026-10-09T23:03:22,gas_eu,2026-07-31,17.93,green,data
2026-10-09T23:03:22,lng_asia,2026-07-31,19.562,green,data
2026-10-09T23:03:22,gpr,2026-09-30,146.2098999023438,green,data
2026-10-09T23:03:22,gasoline_us,2026-10-05,4.354,yellow,data
2026-10-09T23:03:22,oil_vol,2026-10-08,48.4,green,data
2026-10-09T23:03:22,policy_uncertainty,2026-07-31,241.6904910005747,green,data
2026-10-09T23:03:22,us_gdp_growth,2026-06-30,2.2,green,data
2026-10-09T23:03:22,us_indpro,2026-08-31,103.0682,red,data
2026-10-09T23:03:22,copper,2026-10-08,,red,data
2026-10-09T23:03:22,copper_lme_stock,2026-10-08,,green,data
2026-10-09T23:03:22,copper_comex,2026-10-09,,red,data
2026-10-09T23:03:22,copper_imf,2026-07-31,13542.82086956522,red,data
2026-10-09T23:03:22,hy_spread,2026-10-08,3.15,green_strong,data
2026-10-09T23:03:22,breakeven_10y,2026-10-08,2.35,yellow,data
2026-10-09T23:03:22,vix,2026-10-08,15.41,yellow,data
2026-10-09T23:03:22,us_mortgage_30y,2026-10-08,7.4,yellow,data
2026-10-09T23:03:22,gdp_yoy_published,2026-06-30,8.39,yellow,data
2026-10-09T23:03:22,gdp_yoy,2026-06-30,89.72774377855093,insufficient,data
2026-10-09T23:03:22,gdp_realestate_yoy,2026-06-30,71.97617301993135,insufficient,data
2026-10-09T23:03:22,gdp_construction_yoy,2026-06-30,107.43704178752104,insufficient,data
2026-10-09T23:03:22,export_yoy,2026-07-31,25.590081904262973,yellow,data
2026-10-09T23:03:22,cpi_yoy,2026-08-31,4.89,red,data
2026-10-09T23:03:22,cpi_avg_ytd,2026-07-31,4.393497411553593,yellow,data
2026-10-09T23:03:22,cpi_housing_yoy,2026-08-31,6.6,green,data
2026-10-09T23:03:22,fx_central,2026-10-09,25629.0,yellow,data
2026-10-09T23:03:22,fx_central_ytd,2026-10-09,2.022212491540931,yellow,data
2026-10-09T23:03:22,deposit_12m_big4,2026-10-09,5.9,orange,data
2026-10-09T23:03:22,deposit_12m_all,2026-10-09,6.147368421052632,green,data
2026-10-09T23:03:22,interbank_on,2026-10-08,0.99,green,data
2026-10-09T23:03:22,refi_rate,2026-08-03,4.5,green,data
2026-10-09T23:03:22,govbond_10y,2026-10-09,4.506492,red,data
2026-10-09T23:03:22,real_rate,2026-08-31,1.010000000000001,yellow,data
2026-10-09T23:03:22,credit_ytd,2026-08-31,10.19,green,data
2026-10-09T23:03:22,credit_yoy,2026-08-31,17.37630434782613,green,data
2026-10-09T23:03:22,credit_construction_ytd,2026-08-31,13.95,red,data
2026-10-09T23:03:22,m2_ytd,2026-05-31,2.7283275723141154,green,data
2026-10-09T23:03:22,credit_minus_m2,2026-05-31,3.2316724276858846,green,data
2026-10-09T23:03:22,land_use_revenue,2024-12-31,217245.0,insufficient,data
2026-10-09T23:03:22,public_investment,2026-09-30,113636.78685,red,data
2026-10-09T23:03:22,public_investment_ytd_yoy,2026-09-30,20.8696122847218,green,data
2026-10-09T23:03:22,public_investment_ytd,2026-09-30,656789.4958,yellow,data
2026-10-09T23:03:22,public_investment_plan_pace,2026-09-30,-10.773029541162929,insufficient,data
2026-10-09T23:03:22,fdi_registered_ytd,2026-07-31,21045.97153151,red,data
2026-10-09T23:03:22,fdi_registered_ytd_yoy,2026-07-31,109.72732069382424,yellow,data
2026-10-09T23:03:22,pmi_vn,2026-08-31,53.3,green,data
2026-10-09T23:12:39,fed_upper,2026-10-09,4.0,green_strong,data
2026-10-09T23:12:39,fed_lower,2026-10-09,3.75,green,data
2026-10-09T23:12:39,effr,2026-10-07,3.88,green,data
2026-10-09T23:12:39,ust_2y,2026-10-07,4.77,green,data
2026-10-09T23:12:39,ust_10y,2026-10-07,5.28,red,data
2026-10-09T23:12:39,ust_10y2y,2026-10-08,0.47,yellow,data
2026-10-09T23:12:39,usd_broad,2026-10-02,121.3848,green,data
2026-10-09T23:12:39,dxy,2026-10-09,,green,data
2026-10-09T23:12:39,brent,2026-10-06,125.44,red,data
2026-10-09T23:12:39,brent_futures,2026-10-09,,yellow,data
2026-10-09T23:12:39,wti,2026-10-06,96.24,yellow,data
2026-10-09T23:12:39,gas_henry_hub,2026-10-06,3.03,green,data
2026-10-09T23:12:39,gas_eu,2026-07-31,17.93,green,data
2026-10-09T23:12:39,lng_asia,2026-07-31,19.562,green,data
2026-10-09T23:12:39,gpr,2026-09-30,146.2098999023438,green,data
2026-10-09T23:12:39,gasoline_us,2026-10-05,4.354,yellow,data
2026-10-09T23:12:39,oil_vol,2026-10-08,48.4,green,data
2026-10-09T23:12:39,policy_uncertainty,2026-07-31,241.6904910005747,green,data
2026-10-09T23:12:39,us_gdp_growth,2026-06-30,2.2,green,data
2026-10-09T23:12:39,us_indpro,2026-08-31,103.0682,red,data
2026-10-09T23:12:39,copper,2026-10-08,,red,data
2026-10-09T23:12:39,copper_lme_stock,2026-10-08,,green,data
2026-10-09T23:12:39,copper_comex,2026-10-09,,red,data
2026-10-09T23:12:39,copper_imf,2026-07-31,13542.82086956522,red,data
2026-10-09T23:12:39,hy_spread,2026-10-08,3.15,green_strong,data
2026-10-09T23:12:39,breakeven_10y,2026-10-08,2.35,yellow,data
2026-10-09T23:12:39,vix,2026-10-08,15.41,yellow,data
2026-10-09T23:12:39,us_mortgage_30y,2026-10-08,7.4,yellow,data
2026-10-09T23:12:39,gdp_yoy_published,2026-06-30,8.39,yellow,data
2026-10-09T23:12:39,gdp_yoy,2026-06-30,89.72774377855093,insufficient,data
2026-10-09T23:12:39,gdp_realestate_yoy,2026-06-30,71.97617301993135,insufficient,data
2026-10-09T23:12:39,gdp_construction_yoy,2026-06-30,107.43704178752104,insufficient,data
2026-10-09T23:12:39,export_yoy,2026-07-31,25.590081904262973,yellow,data
2026-10-09T23:12:39,cpi_yoy,2026-08-31,4.89,red,data
2026-10-09T23:12:39,cpi_avg_ytd,2026-07-31,4.393497411553593,yellow,data
2026-10-09T23:12:39,cpi_housing_yoy,2026-08-31,6.6,green,data
2026-10-09T23:12:39,fx_central,2026-10-09,25629.0,yellow,data
2026-10-09T23:12:39,fx_central_ytd,2026-10-09,2.022212491540931,yellow,data
2026-10-09T23:12:39,deposit_12m_big4,2026-10-09,5.9,orange,data
2026-10-09T23:12:39,deposit_12m_all,2026-10-09,6.147368421052632,green,data
2026-10-09T23:12:39,interbank_on,2026-10-08,0.99,green,data
2026-10-09T23:12:39,refi_rate,2026-08-03,4.5,green,data
2026-10-09T23:12:39,govbond_10y,2026-10-09,4.506492,red,data
2026-10-09T23:12:39,real_rate,2026-08-31,1.010000000000001,yellow,data
2026-10-09T23:12:39,credit_ytd,2026-08-31,10.19,green,data
2026-10-09T23:12:39,credit_yoy,2026-08-31,17.37630434782613,green,data
2026-10-09T23:12:39,credit_construction_ytd,2026-08-31,13.95,red,data
2026-10-09T23:12:39,m2_ytd,2026-05-31,2.7283275723141154,green,data
2026-10-09T23:12:39,credit_minus_m2,2026-05-31,3.2316724276858846,green,data
2026-10-09T23:12:39,land_use_revenue,2024-12-31,217245.0,insufficient,data
2026-10-09T23:12:39,public_investment,2026-09-30,113636.78685,red,data
2026-10-09T23:12:39,public_investment_ytd_yoy,2026-09-30,20.8696122847218,green,data
2026-10-09T23:12:39,public_investment_ytd,2026-09-30,656789.4958,yellow,data
2026-10-09T23:12:39,public_investment_plan_pace,2026-09-30,-10.773029541162929,insufficient,data
2026-10-09T23:12:39,fdi_registered_ytd,2026-07-31,21045.97153151,red,data
2026-10-09T23:12:39,fdi_registered_ytd_yoy,2026-07-31,109.72732069382424,yellow,data
2026-10-09T23:12:39,pmi_vn,2026-08-31,53.3,green,data
2026-10-09T23:34:19,fed_upper,2026-10-09,4.0,green_strong,data
2026-10-09T23:34:19,fed_lower,2026-10-09,3.75,green,data
2026-10-09T23:34:19,effr,2026-10-07,3.88,green,data
2026-10-09T23:34:19,ust_2y,2026-10-07,4.77,green,data
2026-10-09T23:34:19,ust_10y,2026-10-07,5.28,red,data
2026-10-09T23:34:19,ust_10y2y,2026-10-08,0.47,yellow,data
2026-10-09T23:34:19,usd_broad,2026-10-02,121.3848,green,data
2026-10-09T23:34:19,dxy,2026-10-09,,green,data
2026-10-09T23:34:19,brent,2026-10-06,125.44,red,data
2026-10-09T23:34:19,brent_futures,2026-10-09,,yellow,data
2026-10-09T23:34:19,wti,2026-10-06,96.24,yellow,data
2026-10-09T23:34:19,gas_henry_hub,2026-10-06,3.03,green,data
2026-10-09T23:34:19,gas_eu,2026-07-31,17.93,green,data
2026-10-09T23:34:19,lng_asia,2026-07-31,19.562,green,data
2026-10-09T23:34:19,gpr,2026-09-30,146.2098999023438,green,data
2026-10-09T23:34:19,gasoline_us,2026-10-05,4.354,yellow,data
2026-10-09T23:34:19,oil_vol,2026-10-08,48.4,green,data
2026-10-09T23:34:19,policy_uncertainty,2026-07-31,241.6904910005747,green,data
2026-10-09T23:34:19,us_gdp_growth,2026-06-30,2.2,green,data
2026-10-09T23:34:19,us_indpro,2026-08-31,103.0682,red,data
2026-10-09T23:34:19,copper,2026-10-08,,red,data
2026-10-09T23:34:19,copper_lme_stock,2026-10-08,,green,data
2026-10-09T23:34:19,copper_comex,2026-10-09,,red,data
2026-10-09T23:34:19,copper_imf,2026-07-31,13542.82086956522,red,data
2026-10-09T23:34:19,hy_spread,2026-10-08,3.15,green_strong,data
2026-10-09T23:34:19,breakeven_10y,2026-10-08,2.35,yellow,data
2026-10-09T23:34:19,vix,2026-10-08,15.41,yellow,data
2026-10-09T23:34:19,us_mortgage_30y,2026-10-08,7.4,yellow,data
2026-10-09T23:34:19,gdp_yoy_published,2026-06-30,8.39,yellow,data
2026-10-09T23:34:19,gdp_yoy,2026-06-30,89.72774377855093,insufficient,data
2026-10-09T23:34:19,gdp_realestate_yoy,2026-06-30,71.97617301993135,insufficient,data
2026-10-09T23:34:19,gdp_construction_yoy,2026-06-30,107.43704178752104,insufficient,data
2026-10-09T23:34:19,export_yoy,2026-07-31,25.590081904262973,yellow,data
2026-10-09T23:34:19,cpi_yoy,2026-08-31,4.89,red,data
2026-10-09T23:34:19,cpi_avg_ytd,2026-07-31,4.393497411553593,yellow,data
2026-10-09T23:34:19,cpi_housing_yoy,2026-08-31,6.6,green,data
2026-10-09T23:34:19,fx_central,2026-10-09,25629.0,yellow,data
2026-10-09T23:34:19,fx_central_ytd,2026-10-09,2.022212491540931,yellow,data
2026-10-09T23:34:19,deposit_12m_big4,2026-10-09,5.9,orange,data
2026-10-09T23:34:19,deposit_12m_all,2026-10-09,6.147368421052632,green,data
2026-10-09T23:34:19,interbank_on,2026-10-08,0.99,green,data
2026-10-09T23:34:19,refi_rate,2026-08-03,4.5,green,data
2026-10-09T23:34:19,govbond_10y,2026-10-09,4.506492,red,data
2026-10-09T23:34:19,real_rate,2026-08-31,1.010000000000001,yellow,data
2026-10-09T23:34:19,credit_ytd,2026-08-31,10.19,green,data
2026-10-09T23:34:19,credit_yoy,2026-08-31,17.37630434782613,green,data
2026-10-09T23:34:19,credit_construction_ytd,2026-08-31,13.95,red,data
2026-10-09T23:34:19,m2_ytd,2026-05-31,2.7283275723141154,green,data
2026-10-09T23:34:19,credit_minus_m2,2026-05-31,3.2316724276858846,green,data
2026-10-09T23:34:19,land_use_revenue,2024-12-31,217245.0,insufficient,data
2026-10-09T23:34:19,public_investment,2026-09-30,113636.78685,red,data
2026-10-09T23:34:19,public_investment_ytd_yoy,2026-09-30,20.8696122847218,green,data
2026-10-09T23:34:19,public_investment_ytd,2026-09-30,656789.4958,yellow,data
2026-10-09T23:34:19,public_investment_plan_pace,2026-09-30,-10.773029541162929,insufficient,data
2026-10-09T23:34:19,fdi_registered_ytd,2026-07-31,21045.97153151,red,data
2026-10-09T23:34:19,fdi_registered_ytd_yoy,2026-07-31,109.72732069382424,yellow,data
2026-10-09T23:34:19,pmi_vn,2026-08-31,53.3,green,data
2026-10-10T00:04:24,fed_upper,2026-10-09,4.0,green_strong,data
2026-10-10T00:04:24,fed_lower,2026-10-09,3.75,green,data
2026-10-10T00:04:24,effr,2026-10-07,3.88,green,data
2026-10-10T00:04:24,ust_2y,2026-10-07,4.77,green,data
2026-10-10T00:04:24,ust_10y,2026-10-07,5.28,red,data
2026-10-10T00:04:24,ust_10y2y,2026-10-08,0.47,yellow,data
2026-10-10T00:04:24,usd_broad,2026-10-02,121.3848,green,data
2026-10-10T00:04:24,dxy,2026-10-09,,green,data
2026-10-10T00:04:24,brent,2026-10-06,125.44,red,data
2026-10-10T00:04:24,brent_futures,2026-10-09,,yellow,data
2026-10-10T00:04:24,wti,2026-10-06,96.24,yellow,data
2026-10-10T00:04:24,gas_henry_hub,2026-10-06,3.03,green,data
2026-10-10T00:04:24,gas_eu,2026-07-31,17.93,green,data
2026-10-10T00:04:24,lng_asia,2026-07-31,19.562,green,data
2026-10-10T00:04:24,gpr,2026-09-30,146.2098999023438,green,data
2026-10-10T00:04:24,gasoline_us,2026-10-05,4.354,yellow,data
2026-10-10T00:04:24,oil_vol,2026-10-08,48.4,green,data
2026-10-10T00:04:24,policy_uncertainty,2026-07-31,241.6904910005747,green,data
2026-10-10T00:04:24,us_gdp_growth,2026-06-30,2.2,green,data
2026-10-10T00:04:24,us_indpro,2026-08-31,103.0682,red,data
2026-10-10T00:04:24,copper,2026-10-08,,red,data
2026-10-10T00:04:24,copper_lme_stock,2026-10-08,,green,data
2026-10-10T00:04:24,copper_comex,2026-10-09,,red,data
2026-10-10T00:04:24,copper_imf,2026-07-31,13542.82086956522,red,data
2026-10-10T00:04:24,hy_spread,2026-10-08,3.15,green_strong,data
2026-10-10T00:04:24,breakeven_10y,2026-10-08,2.35,yellow,data
2026-10-10T00:04:24,vix,2026-10-08,15.41,yellow,data
2026-10-10T00:04:24,us_mortgage_30y,2026-10-08,7.4,yellow,data
2026-10-10T00:04:24,gdp_yoy_published,2026-06-30,8.39,yellow,data
2026-10-10T00:04:24,gdp_yoy,2026-06-30,89.72774377855093,insufficient,data
2026-10-10T00:04:24,gdp_realestate_yoy,2026-06-30,71.97617301993135,insufficient,data
2026-10-10T00:04:24,gdp_construction_yoy,2026-06-30,107.43704178752104,insufficient,data
2026-10-10T00:04:24,export_yoy,2026-07-31,25.590081904262973,yellow,data
2026-10-10T00:04:24,cpi_yoy,2026-08-31,4.89,red,data
2026-10-10T00:04:24,cpi_avg_ytd,2026-07-31,4.393497411553593,yellow,data
2026-10-10T00:04:24,cpi_housing_yoy,2026-08-31,6.6,green,data
2026-10-10T00:04:24,fx_central,2026-10-09,25629.0,yellow,data
2026-10-10T00:04:24,fx_central_ytd,2026-10-09,2.022212491540931,yellow,data
2026-10-10T00:04:24,deposit_12m_big4,2026-10-09,5.9,orange,data
2026-10-10T00:04:24,deposit_12m_all,2026-10-09,6.147368421052632,green,data
2026-10-10T00:04:24,interbank_on,2026-10-08,0.99,green,data
2026-10-10T00:04:24,refi_rate,2026-08-03,4.5,green,data
2026-10-10T00:04:24,govbond_10y,2026-10-09,4.506492,red,data
2026-10-10T00:04:24,real_rate,2026-08-31,1.010000000000001,yellow,data
2026-10-10T00:04:24,credit_ytd,2026-08-31,10.19,green,data
2026-10-10T00:04:24,credit_yoy,2026-08-31,17.37630434782613,green,data
2026-10-10T00:04:24,credit_construction_ytd,2026-08-31,13.95,red,data
2026-10-10T00:04:24,m2_ytd,2026-05-31,2.7283275723141154,green,data
2026-10-10T00:04:24,credit_minus_m2,2026-05-31,3.2316724276858846,green,data
2026-10-10T00:04:24,land_use_revenue,2024-12-31,217245.0,insufficient,data
2026-10-10T00:04:24,public_investment,2026-09-30,113636.78685,red,data
2026-10-10T00:04:24,public_investment_ytd_yoy,2026-09-30,20.8696122847218,green,data
2026-10-10T00:04:24,public_investment_ytd,2026-09-30,656789.4958,yellow,data
2026-10-10T00:04:24,public_investment_plan_pace,2026-09-30,-10.773029541162929,insufficient,data
2026-10-10T00:04:24,fdi_registered_ytd,2026-07-31,21045.97153151,red,data
2026-10-10T00:04:24,fdi_registered_ytd_yoy,2026-07-31,109.72732069382424,yellow,data
2026-10-10T00:04:24,pmi_vn,2026-08-31,53.3,green,data
2026-10-10T00:24:41,fed_upper,2026-10-09,4.0,green_strong,data
2026-10-10T00:24:41,fed_lower,2026-10-09,3.75,green,data
2026-10-10T00:24:41,effr,2026-10-07,3.88,green,data
2026-10-10T00:24:41,ust_2y,2026-10-07,4.77,green,data
2026-10-10T00:24:41,ust_10y,2026-10-07,5.28,red,data
2026-10-10T00:24:41,ust_10y2y,2026-10-08,0.47,yellow,data
2026-10-10T00:24:41,usd_broad,2026-10-02,121.3848,green,data
2026-10-10T00:24:41,dxy,2026-10-09,,green,data
2026-10-10T00:24:41,brent,2026-10-06,125.44,red,data
2026-10-10T00:24:41,brent_vnd,2026-10-06,3.2169088,red,data
2026-10-10T00:24:41,brent_futures,2026-10-09,,yellow,data
2026-10-10T00:24:41,wti,2026-10-06,96.24,yellow,data
2026-10-10T00:24:41,gas_henry_hub,2026-10-06,3.03,green,data
2026-10-10T00:24:41,gas_eu,2026-07-31,17.93,green,data
2026-10-10T00:24:41,lng_asia,2026-07-31,19.562,green,data
2026-10-10T00:24:41,gpr,2026-09-30,146.2098999023438,green,data
2026-10-10T00:24:41,gasoline_us,2026-10-05,4.354,yellow,data
2026-10-10T00:24:41,oil_vol,2026-10-08,48.4,green,data
2026-10-10T00:24:41,policy_uncertainty,2026-07-31,241.6904910005747,green,data
2026-10-10T00:24:41,us_gdp_growth,2026-06-30,2.2,green,data
2026-10-10T00:24:41,us_indpro,2026-08-31,103.0682,red,data
2026-10-10T00:24:41,copper,2026-10-08,,red,data
2026-10-10T00:24:41,copper_lme_stock,2026-10-08,,green,data
2026-10-10T00:24:41,copper_comex,2026-10-09,,red,data
2026-10-10T00:24:41,copper_imf,2026-07-31,13542.82086956522,red,data
2026-10-10T00:24:41,hy_spread,2026-10-08,3.15,green_strong,data
2026-10-10T00:24:41,breakeven_10y,2026-10-08,2.35,yellow,data
2026-10-10T00:24:41,vix,2026-10-08,15.41,yellow,data
2026-10-10T00:24:41,us_mortgage_30y,2026-10-08,7.4,yellow,data
2026-10-10T00:24:41,gdp_yoy_published,2026-06-30,8.39,yellow,data
2026-10-10T00:24:41,gdp_yoy,2026-06-30,89.72774377855093,insufficient,data
2026-10-10T00:24:41,gdp_realestate_yoy,2026-06-30,71.97617301993135,insufficient,data
2026-10-10T00:24:41,gdp_construction_yoy,2026-06-30,107.43704178752104,insufficient,data
2026-10-10T00:24:41,export_yoy,2026-07-31,25.590081904262973,yellow,data
2026-10-10T00:24:41,cpi_yoy,2026-08-31,4.89,red,data
2026-10-10T00:24:41,cpi_avg_ytd,2026-07-31,4.393497411553593,yellow,data
2026-10-10T00:24:41,cpi_housing_yoy,2026-08-31,6.6,green,data
2026-10-10T00:24:41,fx_central,2026-10-09,25629.0,yellow,data
2026-10-10T00:24:41,fx_central_ytd,2026-10-09,2.022212491540931,yellow,data
2026-10-10T00:24:41,deposit_12m_big4,2026-10-09,5.9,orange,data
2026-10-10T00:24:41,deposit_12m_all,2026-10-09,6.147368421052632,green,data
2026-10-10T00:24:41,interbank_on,2026-10-08,0.99,green,data
2026-10-10T00:24:41,refi_rate,2026-08-03,4.5,green,data
2026-10-10T00:24:41,govbond_10y,2026-10-09,4.506492,red,data
2026-10-10T00:24:41,rate_diff_vnd_usd,2026-10-07,-3.16,yellow,data
2026-10-10T00:24:41,real_rate,2026-08-31,1.010000000000001,yellow,data
2026-10-10T00:24:41,credit_ytd,2026-08-31,10.19,green,data
2026-10-10T00:24:41,credit_yoy,2026-08-31,17.37630434782613,green,data
2026-10-10T00:24:41,credit_construction_ytd,2026-08-31,13.95,red,data
2026-10-10T00:24:41,m2_ytd,2026-05-31,2.7283275723141154,green,data
2026-10-10T00:24:41,credit_minus_m2,2026-05-31,3.2316724276858846,green,data
2026-10-10T00:24:41,land_use_revenue,2024-12-31,217245.0,insufficient,data
2026-10-10T00:24:41,public_investment,2026-09-30,113636.78685,red,data
2026-10-10T00:24:41,public_investment_ytd_yoy,2026-09-30,20.8696122847218,green,data
2026-10-10T00:24:41,public_investment_ytd,2026-09-30,656789.4958,yellow,data
2026-10-10T00:24:41,public_investment_plan_pace,2026-09-30,-10.773029541162929,insufficient,data
2026-10-10T00:24:41,fdi_registered_ytd,2026-07-31,21045.97153151,red,data
2026-10-10T00:24:41,fdi_registered_ytd_yoy,2026-07-31,109.72732069382424,yellow,data
2026-10-10T00:24:41,pmi_vn,2026-08-31,53.3,green,data
2026-10-10T00:28:11,fed_upper,2026-10-09,4.0,green_strong,data
2026-10-10T00:28:11,fed_lower,2026-10-09,3.75,green,data
2026-10-10T00:28:11,effr,2026-10-07,3.88,green,data
2026-10-10T00:28:11,ust_2y,2026-10-07,4.77,green,data
2026-10-10T00:28:11,ust_10y,2026-10-07,5.28,red,data
2026-10-10T00:28:11,ust_10y2y,2026-10-08,0.47,yellow,data
2026-10-10T00:28:11,usd_broad,2026-10-02,121.3848,green,data
2026-10-10T00:28:11,dxy,2026-10-09,,green,data
2026-10-10T00:28:11,brent,2026-10-06,125.44,red,data
2026-10-10T00:28:11,brent_vnd,2026-10-06,3.2169087999999997,red,data
2026-10-10T00:28:11,brent_futures,2026-10-09,,yellow,data
2026-10-10T00:28:11,wti,2026-10-06,96.24,yellow,data
2026-10-10T00:28:11,gas_henry_hub,2026-10-06,3.03,green,data
2026-10-10T00:28:11,gas_eu,2026-07-31,17.93,green,data
2026-10-10T00:28:11,lng_asia,2026-07-31,19.562,green,data
2026-10-10T00:28:11,gpr,2026-09-30,146.2098999023438,green,data
2026-10-10T00:28:11,gasoline_us,2026-10-05,4.354,yellow,data
2026-10-10T00:28:11,oil_vol,2026-10-08,48.4,green,data
2026-10-10T00:28:11,policy_uncertainty,2026-07-31,241.6904910005747,green,data
2026-10-10T00:28:11,us_gdp_growth,2026-06-30,2.2,green,data
2026-10-10T00:28:11,us_indpro,2026-08-31,103.0682,red,data
2026-10-10T00:28:11,copper,2026-10-08,,red,data
2026-10-10T00:28:11,copper_lme_stock,2026-10-08,,green,data
2026-10-10T00:28:11,copper_comex,2026-10-09,,red,data
2026-10-10T00:28:11,copper_imf,2026-07-31,13542.82086956522,red,data
2026-10-10T00:28:11,hy_spread,2026-10-08,3.15,green_strong,data
2026-10-10T00:28:11,breakeven_10y,2026-10-08,2.35,yellow,data
2026-10-10T00:28:11,vix,2026-10-08,15.41,yellow,data
2026-10-10T00:28:11,us_mortgage_30y,2026-10-08,7.4,yellow,data
2026-10-10T00:28:11,gdp_yoy_published,2026-06-30,8.39,yellow,data
2026-10-10T00:28:11,gdp_yoy,2026-06-30,89.72774377855093,insufficient,data
2026-10-10T00:28:11,gdp_realestate_yoy,2026-06-30,71.97617301993135,insufficient,data
2026-10-10T00:28:11,gdp_construction_yoy,2026-06-30,107.43704178752105,insufficient,data
2026-10-10T00:28:11,export_yoy,2026-07-31,25.590081904262973,yellow,data
2026-10-10T00:28:11,cpi_yoy,2026-08-31,4.89,red,data
2026-10-10T00:28:11,cpi_avg_ytd,2026-07-31,4.393497411553593,yellow,data
2026-10-10T00:28:11,cpi_housing_yoy,2026-08-31,6.6,green,data
2026-10-10T00:28:11,fx_central,2026-10-09,25629.0,yellow,data
2026-10-10T00:28:11,fx_central_ytd,2026-10-09,2.022212491540931,yellow,data
2026-10-10T00:28:11,deposit_12m_big4,2026-10-09,5.9,orange,data
2026-10-10T00:28:11,deposit_12m_all,2026-10-09,6.147368421052632,green,data
2026-10-10T00:28:11,interbank_on,2026-10-08,0.99,green,data
2026-10-10T00:28:11,refi_rate,2026-08-03,4.5,green,data
2026-10-10T00:28:11,govbond_10y,2026-10-09,4.506492,red,data
2026-10-10T00:28:11,rate_diff_vnd_usd,2026-10-07,-3.16,yellow,data
2026-10-10T00:28:11,real_rate,2026-08-31,1.0100000000000007,yellow,data
2026-10-10T00:28:11,credit_ytd,2026-08-31,10.19,green,data
2026-10-10T00:28:11,credit_yoy,2026-08-31,17.37630434782613,green,data
2026-10-10T00:28:11,credit_construction_ytd,2026-08-31,13.95,red,data
2026-10-10T00:28:11,m2_ytd,2026-05-31,2.7283275723141154,green,data
2026-10-10T00:28:11,credit_minus_m2,2026-05-31,3.2316724276858846,green,data
2026-10-10T00:28:11,land_use_revenue,2024-12-31,217245.0,insufficient,data
2026-10-10T00:28:11,public_investment,2026-09-30,113636.78685,red,data
2026-10-10T00:28:11,public_investment_ytd_yoy,2026-09-30,20.869612284721796,green,data
2026-10-10T00:28:11,public_investment_ytd,2026-09-30,656789.4958,yellow,data
2026-10-10T00:28:11,public_investment_plan_pace,2026-09-30,-10.773029541162927,insufficient,data
2026-10-10T00:28:11,fdi_registered_ytd,2026-07-31,21045.97153151,red,data
2026-10-10T00:28:11,fdi_registered_ytd_yoy,2026-07-31,109.72732069382425,yellow,data
2026-10-10T00:28:11,pmi_vn,2026-08-31,53.3,green,data
